asignacion_id,calendario_sk,equipo_sk,personal_sk,rol_desempenado,horas_laboradas,id_clave_unica
1,20260826,6,213,PERFORISTA,12.0,20260826-ANDAYCHAGUA-XRD80USS-010-A
2,20260826,6,337,AYUDANTE 1,12.0,20260826-ANDAYCHAGUA-XRD80USS-010-A
3,20260826,6,79,AYUDANTE 2,12.0,20260826-ANDAYCHAGUA-XRD80USS-010-A
4,20260826,6,42,PERFORISTA,12.0,20260826-ANDAYCHAGUA-XRD80USS-010-B
5,20260826,6,20,AYUDANTE 1,12.0,20260826-ANDAYCHAGUA-XRD80USS-010-B
6,20260826,6,378,AYUDANTE 2,12.0,20260826-ANDAYCHAGUA-XRD80USS-010-B
7,20260827,6,213,PERFORISTA,12.0,20260827-ANDAYCHAGUA-XRD80USS-010-A
8,20260827,6,337,AYUDANTE 1,12.0,20260827-ANDAYCHAGUA-XRD80USS-010-A
9,20260827,6,79,AYUDANTE 2,12.0,20260827-ANDAYCHAGUA-XRD80USS-010-A
10,20260827,6,42,PERFORISTA,12.0,20260827-ANDAYCHAGUA-XRD80USS-010-B
11,20260827,6,20,AYUDANTE 1,12.0,20260827-ANDAYCHAGUA-XRD80USS-010-B
12,20260827,6,378,AYUDANTE 2,12.0,20260827-ANDAYCHAGUA-XRD80USS-010-B
13,20260828,6,141,PERFORISTA,12.0,20260828-ANDAYCHAGUA-XRD80USS-010-A
14,20260828,6,50,AYUDANTE 1,12.0,20260828-ANDAYCHAGUA-XRD80USS-010-A
15,20260828,6,335,AYUDANTE 2,12.0,20260828-ANDAYCHAGUA-XRD80USS-010-A
16,20260828,6,213,PERFORISTA,12.0,20260828-ANDAYCHAGUA-XRD80USS-010-B
17,20260828,6,337,AYUDANTE 1,12.0,20260828-ANDAYCHAGUA-XRD80USS-010-B
18,20260828,6,79,AYUDANTE 2,12.0,20260828-ANDAYCHAGUA-XRD80USS-010-B
19,20260829,6,141,PERFORISTA,12.0,20260829-ANDAYCHAGUA-XRD80USS-010-A
20,20260829,6,50,AYUDANTE 1,12.0,20260829-ANDAYCHAGUA-XRD80USS-010-A
21,20260829,6,335,AYUDANTE 2,12.0,20260829-ANDAYCHAGUA-XRD80USS-010-A
22,20260829,6,213,PERFORISTA,12.0,20260829-ANDAYCHAGUA-XRD80USS-010-B
23,20260829,6,337,AYUDANTE 1,12.0,20260829-ANDAYCHAGUA-XRD80USS-010-B
24,20260829,6,79,AYUDANTE 2,12.0,20260829-ANDAYCHAGUA-XRD80USS-010-B
25,20260830,6,141,PERFORISTA,12.0,20260830-ANDAYCHAGUA-XRD80USS-010-A
26,20260830,6,50,AYUDANTE 1,12.0,20260830-ANDAYCHAGUA-XRD80USS-010-A
27,20260830,6,335,AYUDANTE 2,12.0,20260830-ANDAYCHAGUA-XRD80USS-010-A
28,20260830,6,213,PERFORISTA,12.0,20260830-ANDAYCHAGUA-XRD80USS-010-B
29,20260830,6,337,AYUDANTE 1,12.0,20260830-ANDAYCHAGUA-XRD80USS-010-B
30,20260830,6,79,AYUDANTE 2,12.0,20260830-ANDAYCHAGUA-XRD80USS-010-B
31,20260826,5,61,PERFORISTA,12.0,20260826-ANDAYCHAGUA-XRD150U-001-A
32,20260826,5,178,AYUDANTE 1,12.0,20260826-ANDAYCHAGUA-XRD150U-001-A
33,20260826,5,312,AYUDANTE 2,12.0,20260826-ANDAYCHAGUA-XRD150U-001-A
34,20260826,5,80,PERFORISTA,12.0,20260826-ANDAYCHAGUA-XRD150U-001-B
35,20260826,5,212,AYUDANTE 1,12.0,20260826-ANDAYCHAGUA-XRD150U-001-B
36,20260826,5,32,AYUDANTE 2,12.0,20260826-ANDAYCHAGUA-XRD150U-001-B
37,20260827,5,61,PERFORISTA,12.0,20260827-ANDAYCHAGUA-XRD150U-001-A
38,20260827,5,178,AYUDANTE 1,12.0,20260827-ANDAYCHAGUA-XRD150U-001-A
39,20260827,5,312,AYUDANTE 2,12.0,20260827-ANDAYCHAGUA-XRD150U-001-A
40,20260827,5,80,PERFORISTA,12.0,20260827-ANDAYCHAGUA-XRD150U-001-B
41,20260827,5,212,AYUDANTE 1,12.0,20260827-ANDAYCHAGUA-XRD150U-001-B
42,20260827,5,32,AYUDANTE 2,12.0,20260827-ANDAYCHAGUA-XRD150U-001-B
43,20260828,5,12,PERFORISTA,12.0,20260828-ANDAYCHAGUA-XRD150U-001-A
44,20260828,5,349,AYUDANTE 1,12.0,20260828-ANDAYCHAGUA-XRD150U-001-A
45,20260828,5,414,AYUDANTE 2,12.0,20260828-ANDAYCHAGUA-XRD150U-001-A
46,20260828,5,61,PERFORISTA,12.0,20260828-ANDAYCHAGUA-XRD150U-001-B
47,20260828,5,178,AYUDANTE 1,12.0,20260828-ANDAYCHAGUA-XRD150U-001-B
48,20260828,5,312,AYUDANTE 2,12.0,20260828-ANDAYCHAGUA-XRD150U-001-B
49,20260829,5,12,PERFORISTA,12.0,20260829-ANDAYCHAGUA-XRD150U-001-A
50,20260829,5,349,AYUDANTE 1,12.0,20260829-ANDAYCHAGUA-XRD150U-001-A
51,20260829,5,414,AYUDANTE 2,12.0,20260829-ANDAYCHAGUA-XRD150U-001-A
52,20260829,5,61,PERFORISTA,12.0,20260829-ANDAYCHAGUA-XRD150U-001-B
53,20260829,5,178,AYUDANTE 1,12.0,20260829-ANDAYCHAGUA-XRD150U-001-B
54,20260829,5,312,AYUDANTE 2,12.0,20260829-ANDAYCHAGUA-XRD150U-001-B
55,20260830,5,12,PERFORISTA,12.0,20260830-ANDAYCHAGUA-XRD150U-001-A
56,20260830,5,349,AYUDANTE 1,12.0,20260830-ANDAYCHAGUA-XRD150U-001-A
57,20260830,5,414,AYUDANTE 2,12.0,20260830-ANDAYCHAGUA-XRD150U-001-A
58,20260830,5,61,PERFORISTA,12.0,20260830-ANDAYCHAGUA-XRD150U-001-B
59,20260830,5,178,AYUDANTE 1,12.0,20260830-ANDAYCHAGUA-XRD150U-001-B
60,20260830,5,312,AYUDANTE 2,12.0,20260830-ANDAYCHAGUA-XRD150U-001-B
61,20260826,4,165,PERFORISTA,12.0,20260826-ANDAYCHAGUA-LF90D ST-002-A
62,20260826,4,133,AYUDANTE 1,12.0,20260826-ANDAYCHAGUA-LF90D ST-002-A
63,20260826,4,231,AYUDANTE 2,12.0,20260826-ANDAYCHAGUA-LF90D ST-002-A
64,20260826,4,341,PERFORISTA,12.0,20260826-ANDAYCHAGUA-LF90D ST-002-B
65,20260826,4,45,AYUDANTE 1,12.0,20260826-ANDAYCHAGUA-LF90D ST-002-B
66,20260826,4,318,AYUDANTE 2,12.0,20260826-ANDAYCHAGUA-LF90D ST-002-B
67,20260827,4,165,PERFORISTA,12.0,20260827-ANDAYCHAGUA-LF90D ST-002-A
68,20260827,4,133,AYUDANTE 1,12.0,20260827-ANDAYCHAGUA-LF90D ST-002-A
69,20260827,4,231,AYUDANTE 2,12.0,20260827-ANDAYCHAGUA-LF90D ST-002-A
70,20260827,4,341,PERFORISTA,12.0,20260827-ANDAYCHAGUA-LF90D ST-002-B
71,20260827,4,45,AYUDANTE 1,12.0,20260827-ANDAYCHAGUA-LF90D ST-002-B
72,20260827,4,318,AYUDANTE 2,12.0,20260827-ANDAYCHAGUA-LF90D ST-002-B
73,20260828,4,39,PERFORISTA,12.0,20260828-ANDAYCHAGUA-LF90D ST-002-A
74,20260828,4,27,AYUDANTE 1,12.0,20260828-ANDAYCHAGUA-LF90D ST-002-A
75,20260828,4,3,AYUDANTE 2,12.0,20260828-ANDAYCHAGUA-LF90D ST-002-A
76,20260828,4,165,PERFORISTA,12.0,20260828-ANDAYCHAGUA-LF90D ST-002-B
77,20260828,4,133,AYUDANTE 1,12.0,20260828-ANDAYCHAGUA-LF90D ST-002-B
78,20260828,4,231,AYUDANTE 2,12.0,20260828-ANDAYCHAGUA-LF90D ST-002-B
79,20260829,4,39,PERFORISTA,12.0,20260829-ANDAYCHAGUA-LF90D ST-002-A
80,20260829,4,27,AYUDANTE 1,12.0,20260829-ANDAYCHAGUA-LF90D ST-002-A
81,20260829,4,70,AYUDANTE 2,12.0,20260829-ANDAYCHAGUA-LF90D ST-002-A
82,20260829,4,165,PERFORISTA,12.0,20260829-ANDAYCHAGUA-LF90D ST-002-B
83,20260829,4,133,AYUDANTE 1,12.0,20260829-ANDAYCHAGUA-LF90D ST-002-B
84,20260829,4,231,AYUDANTE 2,12.0,20260829-ANDAYCHAGUA-LF90D ST-002-B
85,20260830,4,39,PERFORISTA,12.0,20260830-ANDAYCHAGUA-LF90D ST-002-A
86,20260830,4,27,AYUDANTE 1,12.0,20260830-ANDAYCHAGUA-LF90D ST-002-A
87,20260830,4,3,AYUDANTE 2,12.0,20260830-ANDAYCHAGUA-LF90D ST-002-A
88,20260830,4,165,PERFORISTA,12.0,20260830-ANDAYCHAGUA-LF90D ST-002-B
89,20260830,4,133,AYUDANTE 1,12.0,20260830-ANDAYCHAGUA-LF90D ST-002-B
90,20260830,4,231,AYUDANTE 2,12.0,20260830-ANDAYCHAGUA-LF90D ST-002-B
91,20260826,2,152,PERFORISTA,12.0,20260826-AMERICANA-XRD50U-002-A
92,20260826,2,35,AYUDANTE 1,12.0,20260826-AMERICANA-XRD50U-002-A
93,20260826,2,3,AYUDANTE 2,12.0,20260826-AMERICANA-XRD50U-002-A
94,20260826,2,139,PERFORISTA,12.0,20260826-AMERICANA-XRD50U-002-B
95,20260826,2,291,AYUDANTE 1,12.0,20260826-AMERICANA-XRD50U-002-B
96,20260826,2,3,AYUDANTE 2,12.0,20260826-AMERICANA-XRD50U-002-B
97,20260827,2,339,PERFORISTA,12.0,20260827-AMERICANA-XRD50U-002-A
98,20260827,2,388,AYUDANTE 1,12.0,20260827-AMERICANA-XRD50U-002-A
99,20260827,2,3,AYUDANTE 2,12.0,20260827-AMERICANA-XRD50U-002-A
100,20260827,2,152,PERFORISTA,12.0,20260827-AMERICANA-XRD50U-002-B
101,20260827,2,35,AYUDANTE 1,12.0,20260827-AMERICANA-XRD50U-002-B
102,20260827,2,3,AYUDANTE 2,12.0,20260827-AMERICANA-XRD50U-002-B
103,20260828,2,339,PERFORISTA,12.0,20260828-AMERICANA-XRD50U-002-A
104,20260828,2,388,AYUDANTE 1,12.0,20260828-AMERICANA-XRD50U-002-A
105,20260828,2,3,AYUDANTE 2,12.0,20260828-AMERICANA-XRD50U-002-A
106,20260828,2,152,PERFORISTA,12.0,20260828-AMERICANA-XRD50U-002-B
107,20260828,2,35,AYUDANTE 1,12.0,20260828-AMERICANA-XRD50U-002-B
108,20260828,2,3,AYUDANTE 2,12.0,20260828-AMERICANA-XRD50U-002-B
109,20260829,2,339,PERFORISTA,12.0,20260829-AMERICANA-XRD50U-002-A
110,20260829,2,388,AYUDANTE 1,12.0,20260829-AMERICANA-XRD50U-002-A
111,20260829,2,3,AYUDANTE 2,12.0,20260829-AMERICANA-XRD50U-002-A
112,20260829,2,152,PERFORISTA,12.0,20260829-AMERICANA-XRD50U-002-B
113,20260829,2,35,AYUDANTE 1,12.0,20260829-AMERICANA-XRD50U-002-B
114,20260829,2,3,AYUDANTE 2,12.0,20260829-AMERICANA-XRD50U-002-B
115,20260830,2,339,PERFORISTA,12.0,20260830-AMERICANA-XRD50U-002-A
116,20260830,2,388,AYUDANTE 1,12.0,20260830-AMERICANA-XRD50U-002-A
117,20260830,2,3,AYUDANTE 2,12.0,20260830-AMERICANA-XRD50U-002-A
118,20260830,2,152,PERFORISTA,12.0,20260830-AMERICANA-XRD50U-002-B
119,20260830,2,35,AYUDANTE 1,12.0,20260830-AMERICANA-XRD50U-002-B
120,20260830,2,3,AYUDANTE 2,12.0,20260830-AMERICANA-XRD50U-002-B
121,20260826,3,265,PERFORISTA,12.0,20260826-AMERICANA-XRD50USS-001-A
122,20260826,3,113,AYUDANTE 1,12.0,20260826-AMERICANA-XRD50USS-001-A
123,20260826,3,3,AYUDANTE 2,12.0,20260826-AMERICANA-XRD50USS-001-A
124,20260826,3,218,PERFORISTA,12.0,20260826-AMERICANA-XRD50USS-001-B
125,20260826,3,60,AYUDANTE 1,12.0,20260826-AMERICANA-XRD50USS-001-B
126,20260826,3,3,AYUDANTE 2,12.0,20260826-AMERICANA-XRD50USS-001-B
127,20260827,3,350,PERFORISTA,12.0,20260827-AMERICANA-XRD50USS-001-A
128,20260827,3,271,AYUDANTE 1,12.0,20260827-AMERICANA-XRD50USS-001-A
129,20260827,3,3,AYUDANTE 2,12.0,20260827-AMERICANA-XRD50USS-001-A
130,20260827,3,265,PERFORISTA,12.0,20260827-AMERICANA-XRD50USS-001-B
131,20260827,3,113,AYUDANTE 1,12.0,20260827-AMERICANA-XRD50USS-001-B
132,20260827,3,3,AYUDANTE 2,12.0,20260827-AMERICANA-XRD50USS-001-B
133,20260828,3,350,PERFORISTA,12.0,20260828-AMERICANA-XRD50USS-001-A
134,20260828,3,271,AYUDANTE 1,12.0,20260828-AMERICANA-XRD50USS-001-A
135,20260828,3,3,AYUDANTE 2,12.0,20260828-AMERICANA-XRD50USS-001-A
136,20260828,3,265,PERFORISTA,12.0,20260828-AMERICANA-XRD50USS-001-B
137,20260828,3,113,AYUDANTE 1,12.0,20260828-AMERICANA-XRD50USS-001-B
138,20260828,3,3,AYUDANTE 2,12.0,20260828-AMERICANA-XRD50USS-001-B
139,20260829,3,366,PERFORISTA,12.0,20260829-AMERICANA-XRD50USS-001-A
140,20260829,3,271,AYUDANTE 1,12.0,20260829-AMERICANA-XRD50USS-001-A
141,20260829,3,3,AYUDANTE 2,12.0,20260829-AMERICANA-XRD50USS-001-A
142,20260829,3,265,PERFORISTA,12.0,20260829-AMERICANA-XRD50USS-001-B
143,20260829,3,113,AYUDANTE 1,12.0,20260829-AMERICANA-XRD50USS-001-B
144,20260829,3,3,AYUDANTE 2,12.0,20260829-AMERICANA-XRD50USS-001-B
145,20260830,3,366,PERFORISTA,12.0,20260830-AMERICANA-XRD50USS-001-A
146,20260830,3,271,AYUDANTE 1,12.0,20260830-AMERICANA-XRD50USS-001-A
147,20260830,3,3,AYUDANTE 2,12.0,20260830-AMERICANA-XRD50USS-001-A
148,20260830,3,265,PERFORISTA,12.0,20260830-AMERICANA-XRD50USS-001-B
149,20260830,3,113,AYUDANTE 1,12.0,20260830-AMERICANA-XRD50USS-001-B
150,20260830,3,3,AYUDANTE 2,12.0,20260830-AMERICANA-XRD50USS-001-B
151,20260826,12,207,PERFORISTA,12.0,20260826-CERRO-XRD150U-002-A
152,20260826,12,8,AYUDANTE 1,12.0,20260826-CERRO-XRD150U-002-A
153,20260826,12,314,AYUDANTE 2,12.0,20260826-CERRO-XRD150U-002-A
154,20260826,12,66,PERFORISTA,12.0,20260826-CERRO-XRD150U-002-B
155,20260826,12,379,AYUDANTE 1,12.0,20260826-CERRO-XRD150U-002-B
156,20260826,12,6,AYUDANTE 2,12.0,20260826-CERRO-XRD150U-002-B
157,20260827,12,207,PERFORISTA,12.0,20260827-CERRO-XRD150U-002-A
158,20260827,12,8,AYUDANTE 1,12.0,20260827-CERRO-XRD150U-002-A
159,20260827,12,314,AYUDANTE 2,12.0,20260827-CERRO-XRD150U-002-A
160,20260827,12,66,PERFORISTA,12.0,20260827-CERRO-XRD150U-002-B
161,20260827,12,6,AYUDANTE 1,12.0,20260827-CERRO-XRD150U-002-B
162,20260827,12,7,AYUDANTE 2,12.0,20260827-CERRO-XRD150U-002-B
163,20260828,12,66,PERFORISTA,12.0,20260828-CERRO-XRD150U-002-A
164,20260828,12,379,AYUDANTE 1,12.0,20260828-CERRO-XRD150U-002-A
165,20260828,12,313,AYUDANTE 2,12.0,20260828-CERRO-XRD150U-002-A
166,20260828,12,6,PERFORISTA,12.0,20260828-CERRO-XRD150U-002-B
167,20260828,12,406,AYUDANTE 1,12.0,20260828-CERRO-XRD150U-002-B
168,20260828,12,163,AYUDANTE 2,12.0,20260828-CERRO-XRD150U-002-B
169,20260829,12,66,PERFORISTA,12.0,20260829-CERRO-XRD150U-002-A
170,20260829,12,379,AYUDANTE 1,12.0,20260829-CERRO-XRD150U-002-A
171,20260829,12,313,AYUDANTE 2,12.0,20260829-CERRO-XRD150U-002-A
172,20260829,12,6,PERFORISTA,12.0,20260829-CERRO-XRD150U-002-B
173,20260829,12,406,AYUDANTE 1,12.0,20260829-CERRO-XRD150U-002-B
174,20260829,12,163,AYUDANTE 2,12.0,20260829-CERRO-XRD150U-002-B
175,20260830,12,66,PERFORISTA,12.0,20260830-CERRO-XRD150U-002-A
176,20260830,12,379,AYUDANTE 1,12.0,20260830-CERRO-XRD150U-002-A
177,20260830,12,313,AYUDANTE 2,12.0,20260830-CERRO-XRD150U-002-A
178,20260830,12,6,PERFORISTA,12.0,20260830-CERRO-XRD150U-002-B
179,20260830,12,406,AYUDANTE 1,12.0,20260830-CERRO-XRD150U-002-B
180,20260830,12,163,AYUDANTE 2,12.0,20260830-CERRO-XRD150U-002-B
181,20260826,9,115,PERFORISTA,12.0,20260826-CATALINA HUANCA-XRD50U-003-A
182,20260826,9,243,AYUDANTE 1,12.0,20260826-CATALINA HUANCA-XRD50U-003-A
183,20260826,9,3,AYUDANTE 2,12.0,20260826-CATALINA HUANCA-XRD50U-003-A
184,20260826,9,82,PERFORISTA,12.0,20260826-CATALINA HUANCA-XRD50U-003-B
185,20260826,9,18,AYUDANTE 1,12.0,20260826-CATALINA HUANCA-XRD50U-003-B
186,20260826,9,3,AYUDANTE 2,12.0,20260826-CATALINA HUANCA-XRD50U-003-B
187,20260827,9,389,PERFORISTA,12.0,20260827-CATALINA HUANCA-XRD50U-003-A
188,20260827,9,142,AYUDANTE 1,12.0,20260827-CATALINA HUANCA-XRD50U-003-A
189,20260827,9,3,AYUDANTE 2,12.0,20260827-CATALINA HUANCA-XRD50U-003-A
190,20260827,9,82,PERFORISTA,12.0,20260827-CATALINA HUANCA-XRD50U-003-B
191,20260827,9,18,AYUDANTE 1,12.0,20260827-CATALINA HUANCA-XRD50U-003-B
192,20260827,9,3,AYUDANTE 2,12.0,20260827-CATALINA HUANCA-XRD50U-003-B
193,20260828,9,389,PERFORISTA,12.0,20260828-CATALINA HUANCA-XRD50U-003-A
194,20260828,9,142,AYUDANTE 1,12.0,20260828-CATALINA HUANCA-XRD50U-003-A
195,20260828,9,3,AYUDANTE 2,12.0,20260828-CATALINA HUANCA-XRD50U-003-A
196,20260828,9,82,PERFORISTA,12.0,20260828-CATALINA HUANCA-XRD50U-003-B
197,20260828,9,18,AYUDANTE 1,12.0,20260828-CATALINA HUANCA-XRD50U-003-B
198,20260828,9,3,AYUDANTE 2,12.0,20260828-CATALINA HUANCA-XRD50U-003-B
199,20260828,9,82,PERFORISTA,12.0,20260828-CATALINA HUANCA-XRD50U-003-B
200,20260828,9,18,AYUDANTE 1,12.0,20260828-CATALINA HUANCA-XRD50U-003-B
201,20260828,9,3,AYUDANTE 2,12.0,20260828-CATALINA HUANCA-XRD50U-003-B
202,20260829,9,389,PERFORISTA,12.0,20260829-CATALINA HUANCA-XRD50U-003-A
203,20260829,9,142,AYUDANTE 1,12.0,20260829-CATALINA HUANCA-XRD50U-003-A
204,20260829,9,3,AYUDANTE 2,12.0,20260829-CATALINA HUANCA-XRD50U-003-A
205,20260829,9,82,PERFORISTA,12.0,20260829-CATALINA HUANCA-XRD50U-003-B
206,20260829,9,18,AYUDANTE 1,12.0,20260829-CATALINA HUANCA-XRD50U-003-B
207,20260829,9,3,AYUDANTE 2,12.0,20260829-CATALINA HUANCA-XRD50U-003-B
208,20260830,9,389,PERFORISTA,12.0,20260830-CATALINA HUANCA-XRD50U-003-A
209,20260830,9,142,AYUDANTE 1,12.0,20260830-CATALINA HUANCA-XRD50U-003-A
210,20260830,9,3,AYUDANTE 2,12.0,20260830-CATALINA HUANCA-XRD50U-003-A
211,20260830,9,82,PERFORISTA,12.0,20260830-CATALINA HUANCA-XRD50U-003-B
212,20260830,9,18,AYUDANTE 1,12.0,20260830-CATALINA HUANCA-XRD50U-003-B
213,20260830,9,3,AYUDANTE 2,12.0,20260830-CATALINA HUANCA-XRD50U-003-B
214,20260826,10,323,PERFORISTA,12.0,20260826-CATALINA HUANCA-XRD50USS-004-A
215,20260826,10,220,AYUDANTE 1,12.0,20260826-CATALINA HUANCA-XRD50USS-004-A
216,20260826,10,3,AYUDANTE 2,12.0,20260826-CATALINA HUANCA-XRD50USS-004-A
217,20260826,10,96,PERFORISTA,12.0,20260826-CATALINA HUANCA-XRD50USS-004-B
218,20260826,10,352,AYUDANTE 1,12.0,20260826-CATALINA HUANCA-XRD50USS-004-B
219,20260826,10,3,AYUDANTE 2,12.0,20260826-CATALINA HUANCA-XRD50USS-004-B
220,20260827,10,29,PERFORISTA,12.0,20260827-CATALINA HUANCA-XRD50USS-004-A
221,20260827,10,307,AYUDANTE 1,12.0,20260827-CATALINA HUANCA-XRD50USS-004-A
222,20260827,10,3,AYUDANTE 2,12.0,20260827-CATALINA HUANCA-XRD50USS-004-A
223,20260827,10,96,PERFORISTA,12.0,20260827-CATALINA HUANCA-XRD50USS-004-B
224,20260827,10,283,AYUDANTE 1,12.0,20260827-CATALINA HUANCA-XRD50USS-004-B
225,20260827,10,3,AYUDANTE 2,12.0,20260827-CATALINA HUANCA-XRD50USS-004-B
226,20260828,10,29,PERFORISTA,12.0,20260828-CATALINA HUANCA-XRD50USS-004-A
227,20260828,10,307,AYUDANTE 1,12.0,20260828-CATALINA HUANCA-XRD50USS-004-A
228,20260828,10,3,AYUDANTE 2,12.0,20260828-CATALINA HUANCA-XRD50USS-004-A
229,20260828,10,96,PERFORISTA,12.0,20260828-CATALINA HUANCA-XRD50USS-004-B
230,20260828,10,3,AYUDANTE 1,12.0,20260828-CATALINA HUANCA-XRD50USS-004-B
231,20260828,10,3,AYUDANTE 2,12.0,20260828-CATALINA HUANCA-XRD50USS-004-B
232,20260829,10,29,PERFORISTA,12.0,20260829-CATALINA HUANCA-XRD50USS-004-A
233,20260829,10,307,AYUDANTE 1,12.0,20260829-CATALINA HUANCA-XRD50USS-004-A
234,20260829,10,3,AYUDANTE 2,12.0,20260829-CATALINA HUANCA-XRD50USS-004-A
235,20260829,10,96,PERFORISTA,12.0,20260829-CATALINA HUANCA-XRD50USS-004-B
236,20260829,10,3,AYUDANTE 1,12.0,20260829-CATALINA HUANCA-XRD50USS-004-B
237,20260829,10,3,AYUDANTE 2,12.0,20260829-CATALINA HUANCA-XRD50USS-004-B
238,20260830,10,29,PERFORISTA,12.0,20260830-CATALINA HUANCA-XRD50USS-004-A
239,20260830,10,307,AYUDANTE 1,12.0,20260830-CATALINA HUANCA-XRD50USS-004-A
240,20260830,10,3,AYUDANTE 2,12.0,20260830-CATALINA HUANCA-XRD50USS-004-A
241,20260830,10,96,PERFORISTA,12.0,20260830-CATALINA HUANCA-XRD50USS-004-B
242,20260830,10,3,AYUDANTE 1,12.0,20260830-CATALINA HUANCA-XRD50USS-004-B
243,20260830,10,3,AYUDANTE 2,12.0,20260830-CATALINA HUANCA-XRD50USS-004-B
244,20260826,7,334,PERFORISTA,12.0,20260826-CATALINA HUANCA-XRD100U-001-A
245,20260826,7,181,AYUDANTE 1,12.0,20260826-CATALINA HUANCA-XRD100U-001-A
246,20260826,7,3,AYUDANTE 2,12.0,20260826-CATALINA HUANCA-XRD100U-001-A
247,20260826,7,347,PERFORISTA,12.0,20260826-CATALINA HUANCA-XRD100U-001-B
248,20260826,7,365,AYUDANTE 1,12.0,20260826-CATALINA HUANCA-XRD100U-001-B
249,20260826,7,3,AYUDANTE 2,12.0,20260826-CATALINA HUANCA-XRD100U-001-B
250,20260827,7,402,PERFORISTA,12.0,20260827-CATALINA HUANCA-XRD100U-001-A
251,20260827,7,299,AYUDANTE 1,12.0,20260827-CATALINA HUANCA-XRD100U-001-A
252,20260827,7,3,AYUDANTE 2,12.0,20260827-CATALINA HUANCA-XRD100U-001-A
253,20260827,7,347,PERFORISTA,12.0,20260827-CATALINA HUANCA-XRD100U-001-B
254,20260827,7,365,AYUDANTE 1,12.0,20260827-CATALINA HUANCA-XRD100U-001-B
255,20260827,7,3,AYUDANTE 2,12.0,20260827-CATALINA HUANCA-XRD100U-001-B
256,20260828,7,402,PERFORISTA,12.0,20260828-CATALINA HUANCA-XRD100U-001-A
257,20260828,7,299,AYUDANTE 1,12.0,20260828-CATALINA HUANCA-XRD100U-001-A
258,20260828,7,3,AYUDANTE 2,12.0,20260828-CATALINA HUANCA-XRD100U-001-A
259,20260828,7,347,PERFORISTA,12.0,20260828-CATALINA HUANCA-XRD100U-001-B
260,20260828,7,365,AYUDANTE 1,12.0,20260828-CATALINA HUANCA-XRD100U-001-B
261,20260828,7,96,AYUDANTE 2,12.0,20260828-CATALINA HUANCA-XRD100U-001-B
262,20260829,7,402,PERFORISTA,12.0,20260829-CATALINA HUANCA-XRD100U-001-A
263,20260829,7,299,AYUDANTE 1,12.0,20260829-CATALINA HUANCA-XRD100U-001-A
264,20260829,7,3,AYUDANTE 2,12.0,20260829-CATALINA HUANCA-XRD100U-001-A
265,20260829,7,347,PERFORISTA,12.0,20260829-CATALINA HUANCA-XRD100U-001-B
266,20260829,7,365,AYUDANTE 1,12.0,20260829-CATALINA HUANCA-XRD100U-001-B
267,20260829,7,3,AYUDANTE 2,12.0,20260829-CATALINA HUANCA-XRD100U-001-B
268,20260830,7,402,PERFORISTA,12.0,20260830-CATALINA HUANCA-XRD100U-001-A
269,20260830,7,299,AYUDANTE 1,12.0,20260830-CATALINA HUANCA-XRD100U-001-A
270,20260830,7,3,AYUDANTE 2,12.0,20260830-CATALINA HUANCA-XRD100U-001-A
271,20260830,7,347,PERFORISTA,12.0,20260830-CATALINA HUANCA-XRD100U-001-B
272,20260830,7,365,AYUDANTE 1,12.0,20260830-CATALINA HUANCA-XRD100U-001-B
273,20260830,7,3,AYUDANTE 2,12.0,20260830-CATALINA HUANCA-XRD100U-001-B
274,20260826,11,410,PERFORISTA,12.0,20260826-CATALINA HUANCA-XRD90U-005-A
275,20260826,11,281,AYUDANTE 1,12.0,20260826-CATALINA HUANCA-XRD90U-005-A
276,20260826,11,150,AYUDANTE 2,12.0,20260826-CATALINA HUANCA-XRD90U-005-A
277,20260826,11,395,PERFORISTA,12.0,20260826-CATALINA HUANCA-XRD90U-005-B
278,20260826,11,108,AYUDANTE 1,12.0,20260826-CATALINA HUANCA-XRD90U-005-B
279,20260826,11,282,AYUDANTE 2,12.0,20260826-CATALINA HUANCA-XRD90U-005-B
280,20260827,11,78,PERFORISTA,12.0,20260827-CATALINA HUANCA-XRD90U-005-A
281,20260827,11,316,AYUDANTE 1,12.0,20260827-CATALINA HUANCA-XRD90U-005-A
282,20260827,11,251,AYUDANTE 2,12.0,20260827-CATALINA HUANCA-XRD90U-005-A
283,20260827,11,395,PERFORISTA,12.0,20260827-CATALINA HUANCA-XRD90U-005-B
284,20260827,11,108,AYUDANTE 1,12.0,20260827-CATALINA HUANCA-XRD90U-005-B
285,20260827,11,282,AYUDANTE 2,12.0,20260827-CATALINA HUANCA-XRD90U-005-B
286,20260828,11,78,PERFORISTA,12.0,20260828-CATALINA HUANCA-XRD90U-005-A
287,20260828,11,316,AYUDANTE 1,12.0,20260828-CATALINA HUANCA-XRD90U-005-A
288,20260828,11,251,AYUDANTE 2,12.0,20260828-CATALINA HUANCA-XRD90U-005-A
289,20260828,11,395,PERFORISTA,12.0,20260828-CATALINA HUANCA-XRD90U-005-B
290,20260828,11,108,AYUDANTE 1,12.0,20260828-CATALINA HUANCA-XRD90U-005-B
291,20260828,11,282,AYUDANTE 2,12.0,20260828-CATALINA HUANCA-XRD90U-005-B
292,20260829,11,78,PERFORISTA,12.0,20260829-CATALINA HUANCA-XRD90U-005-A
293,20260829,11,316,AYUDANTE 1,12.0,20260829-CATALINA HUANCA-XRD90U-005-A
294,20260829,11,251,AYUDANTE 2,12.0,20260829-CATALINA HUANCA-XRD90U-005-A
295,20260829,11,395,PERFORISTA,12.0,20260829-CATALINA HUANCA-XRD90U-005-B
296,20260829,11,108,AYUDANTE 1,12.0,20260829-CATALINA HUANCA-XRD90U-005-B
297,20260829,11,282,AYUDANTE 2,12.0,20260829-CATALINA HUANCA-XRD90U-005-B
298,20260830,11,78,PERFORISTA,12.0,20260830-CATALINA HUANCA-XRD90U-005-A
299,20260830,11,316,AYUDANTE 1,12.0,20260830-CATALINA HUANCA-XRD90U-005-A
300,20260830,11,251,AYUDANTE 2,12.0,20260830-CATALINA HUANCA-XRD90U-005-A
301,20260830,11,395,PERFORISTA,12.0,20260830-CATALINA HUANCA-XRD90U-005-B
302,20260830,11,108,AYUDANTE 1,12.0,20260830-CATALINA HUANCA-XRD90U-005-B
303,20260830,11,282,AYUDANTE 2,12.0,20260830-CATALINA HUANCA-XRD90U-005-B
304,20260826,8,249,PERFORISTA,12.0,20260826-CATALINA HUANCA-XRD125UFDR-001-A
305,20260826,8,264,AYUDANTE 1,12.0,20260826-CATALINA HUANCA-XRD125UFDR-001-A
306,20260826,8,75,AYUDANTE 2,12.0,20260826-CATALINA HUANCA-XRD125UFDR-001-A
307,20260826,8,177,PERFORISTA,12.0,20260826-CATALINA HUANCA-XRD125UFDR-001-B
308,20260826,8,3,AYUDANTE 1,12.0,20260826-CATALINA HUANCA-XRD125UFDR-001-B
309,20260826,8,353,AYUDANTE 2,12.0,20260826-CATALINA HUANCA-XRD125UFDR-001-B
310,20260827,8,250,PERFORISTA,12.0,20260827-CATALINA HUANCA-XRD125UFDR-001-A
311,20260827,8,232,AYUDANTE 1,12.0,20260827-CATALINA HUANCA-XRD125UFDR-001-A
312,20260827,8,109,AYUDANTE 2,12.0,20260827-CATALINA HUANCA-XRD125UFDR-001-A
313,20260827,8,177,PERFORISTA,12.0,20260827-CATALINA HUANCA-XRD125UFDR-001-B
314,20260827,8,108,AYUDANTE 1,12.0,20260827-CATALINA HUANCA-XRD125UFDR-001-B
315,20260827,8,353,AYUDANTE 2,12.0,20260827-CATALINA HUANCA-XRD125UFDR-001-B
316,20260828,8,250,PERFORISTA,12.0,20260828-CATALINA HUANCA-XRD125UFDR-001-A
317,20260828,8,232,AYUDANTE 1,12.0,20260828-CATALINA HUANCA-XRD125UFDR-001-A
318,20260828,8,109,AYUDANTE 2,12.0,20260828-CATALINA HUANCA-XRD125UFDR-001-A
319,20260828,8,177,PERFORISTA,12.0,20260828-CATALINA HUANCA-XRD125UFDR-001-B
320,20260828,8,3,AYUDANTE 1,12.0,20260828-CATALINA HUANCA-XRD125UFDR-001-B
321,20260828,8,353,AYUDANTE 2,12.0,20260828-CATALINA HUANCA-XRD125UFDR-001-B
322,20260829,8,250,PERFORISTA,12.0,20260829-CATALINA HUANCA-XRD125UFDR-001-A
323,20260829,8,232,AYUDANTE 1,12.0,20260829-CATALINA HUANCA-XRD125UFDR-001-A
324,20260829,8,109,AYUDANTE 2,12.0,20260829-CATALINA HUANCA-XRD125UFDR-001-A
325,20260829,8,177,PERFORISTA,12.0,20260829-CATALINA HUANCA-XRD125UFDR-001-B
326,20260829,8,3,AYUDANTE 1,12.0,20260829-CATALINA HUANCA-XRD125UFDR-001-B
327,20260829,8,353,AYUDANTE 2,12.0,20260829-CATALINA HUANCA-XRD125UFDR-001-B
328,20260830,8,250,PERFORISTA,12.0,20260830-CATALINA HUANCA-XRD125UFDR-001-A
329,20260830,8,232,AYUDANTE 1,12.0,20260830-CATALINA HUANCA-XRD125UFDR-001-A
330,20260830,8,109,AYUDANTE 2,12.0,20260830-CATALINA HUANCA-XRD125UFDR-001-A
331,20260830,8,177,PERFORISTA,12.0,20260830-CATALINA HUANCA-XRD125UFDR-001-B
332,20260830,8,3,AYUDANTE 1,12.0,20260830-CATALINA HUANCA-XRD125UFDR-001-B
333,20260830,8,353,AYUDANTE 2,12.0,20260830-CATALINA HUANCA-XRD125UFDR-001-B
334,20260826,18,172,PERFORISTA,12.0,20260826-CHUNGAR-XRD90U-021-A
335,20260826,18,13,AYUDANTE 1,12.0,20260826-CHUNGAR-XRD90U-021-A
336,20260826,18,145,AYUDANTE 2,12.0,20260826-CHUNGAR-XRD90U-021-A
337,20260826,18,202,PERFORISTA,12.0,20260826-CHUNGAR-XRD90U-021-B
338,20260826,18,274,AYUDANTE 1,12.0,20260826-CHUNGAR-XRD90U-021-B
339,20260826,18,192,AYUDANTE 2,12.0,20260826-CHUNGAR-XRD90U-021-B
340,20260827,18,237,PERFORISTA,12.0,20260827-CHUNGAR-XRD90U-021-A
341,20260827,18,415,AYUDANTE 1,12.0,20260827-CHUNGAR-XRD90U-021-A
342,20260827,18,99,AYUDANTE 2,12.0,20260827-CHUNGAR-XRD90U-021-A
343,20260827,18,172,PERFORISTA,12.0,20260827-CHUNGAR-XRD90U-021-B
344,20260827,18,13,AYUDANTE 1,12.0,20260827-CHUNGAR-XRD90U-021-B
345,20260827,18,145,AYUDANTE 2,12.0,20260827-CHUNGAR-XRD90U-021-B
346,20260828,18,237,PERFORISTA,12.0,20260828-CHUNGAR-XRD90U-021-A
347,20260828,18,415,AYUDANTE 1,12.0,20260828-CHUNGAR-XRD90U-021-A
348,20260828,18,99,AYUDANTE 2,12.0,20260828-CHUNGAR-XRD90U-021-A
349,20260828,18,172,PERFORISTA,12.0,20260828-CHUNGAR-XRD90U-021-B
350,20260828,18,13,AYUDANTE 1,12.0,20260828-CHUNGAR-XRD90U-021-B
351,20260828,18,145,AYUDANTE 2,12.0,20260828-CHUNGAR-XRD90U-021-B
352,20260829,18,237,PERFORISTA,12.0,20260829-CHUNGAR-XRD90U-021-A
353,20260829,18,415,AYUDANTE 1,12.0,20260829-CHUNGAR-XRD90U-021-A
354,20260829,18,99,AYUDANTE 2,12.0,20260829-CHUNGAR-XRD90U-021-A
355,20260829,18,172,PERFORISTA,12.0,20260829-CHUNGAR-XRD90U-021-B
356,20260829,18,13,AYUDANTE 1,12.0,20260829-CHUNGAR-XRD90U-021-B
357,20260829,18,145,AYUDANTE 2,12.0,20260829-CHUNGAR-XRD90U-021-B
358,20260830,18,237,PERFORISTA,12.0,20260830-CHUNGAR-XRD90U-021-A
359,20260830,18,415,AYUDANTE 1,12.0,20260830-CHUNGAR-XRD90U-021-A
360,20260830,18,99,AYUDANTE 2,12.0,20260830-CHUNGAR-XRD90U-021-A
361,20260826,14,64,PERFORISTA,12.0,20260826-CHUNGAR-LM90U-001-A
362,20260826,14,386,AYUDANTE 1,12.0,20260826-CHUNGAR-LM90U-001-A
363,20260826,14,19,AYUDANTE 2,12.0,20260826-CHUNGAR-LM90U-001-A
364,20260826,14,345,PERFORISTA,12.0,20260826-CHUNGAR-LM90U-001-A
365,20260826,14,144,AYUDANTE 1,12.0,20260826-CHUNGAR-LM90U-001-A
366,20260826,14,407,AYUDANTE 2,12.0,20260826-CHUNGAR-LM90U-001-A
367,20260827,14,195,PERFORISTA,12.0,20260827-CHUNGAR-LM90U-001-A
368,20260827,14,416,AYUDANTE 1,12.0,20260827-CHUNGAR-LM90U-001-A
369,20260827,14,56,AYUDANTE 2,12.0,20260827-CHUNGAR-LM90U-001-A
370,20260827,14,64,PERFORISTA,12.0,20260827-CHUNGAR-LM90U-001-B
371,20260827,14,386,AYUDANTE 1,12.0,20260827-CHUNGAR-LM90U-001-B
372,20260827,14,19,AYUDANTE 2,12.0,20260827-CHUNGAR-LM90U-001-B
373,20260828,14,195,PERFORISTA,12.0,20260828-CHUNGAR-LM90U-001-A
374,20260828,14,416,AYUDANTE 1,12.0,20260828-CHUNGAR-LM90U-001-A
375,20260828,14,56,AYUDANTE 2,12.0,20260828-CHUNGAR-LM90U-001-A
376,20260828,14,64,PERFORISTA,12.0,20260828-CHUNGAR-LM90U-001-B
377,20260828,14,386,AYUDANTE 1,12.0,20260828-CHUNGAR-LM90U-001-B
378,20260828,14,19,AYUDANTE 2,12.0,20260828-CHUNGAR-LM90U-001-B
379,20260829,14,195,PERFORISTA,12.0,20260829-CHUNGAR-LM90U-001-A
380,20260829,14,416,AYUDANTE 1,12.0,20260829-CHUNGAR-LM90U-001-A
381,20260829,14,56,AYUDANTE 2,12.0,20260829-CHUNGAR-LM90U-001-A
382,20260829,14,64,PERFORISTA,12.0,20260829-CHUNGAR-LM90U-001-B
383,20260829,14,386,AYUDANTE 1,12.0,20260829-CHUNGAR-LM90U-001-B
384,20260829,14,19,AYUDANTE 2,12.0,20260829-CHUNGAR-LM90U-001-B
385,20260830,14,195,PERFORISTA,12.0,20260830-CHUNGAR-LM90U-001-A
386,20260830,14,416,AYUDANTE 1,12.0,20260830-CHUNGAR-LM90U-001-A
387,20260830,14,56,AYUDANTE 2,12.0,20260830-CHUNGAR-LM90U-001-A
388,20260830,14,64,PERFORISTA,12.0,20260830-CHUNGAR-LM90U-001-B
389,20260830,14,386,AYUDANTE 1,12.0,20260830-CHUNGAR-LM90U-001-B
390,20260830,14,19,AYUDANTE 2,12.0,20260830-CHUNGAR-LM90U-001-B
391,20260826,19,397,PERFORISTA,12.0,20260826-CHUNGAR-XRD90USS-003-A
392,20260826,19,262,AYUDANTE 1,12.0,20260826-CHUNGAR-XRD90USS-003-A
393,20260826,19,158,AYUDANTE 2,12.0,20260826-CHUNGAR-XRD90USS-003-A
394,20260826,19,193,PERFORISTA,12.0,20260826-CHUNGAR-XRD90USS-003-B
395,20260826,19,114,AYUDANTE 1,12.0,20260826-CHUNGAR-XRD90USS-003-B
396,20260826,19,230,AYUDANTE 2,12.0,20260826-CHUNGAR-XRD90USS-003-B
397,20260827,19,57,PERFORISTA,12.0,20260827-CHUNGAR-XRD90USS-003-A
398,20260827,19,320,AYUDANTE 1,12.0,20260827-CHUNGAR-XRD90USS-003-A
399,20260827,19,236,AYUDANTE 2,12.0,20260827-CHUNGAR-XRD90USS-003-A
400,20260827,19,397,PERFORISTA,12.0,20260827-CHUNGAR-XRD90USS-003-B
401,20260827,19,262,AYUDANTE 1,12.0,20260827-CHUNGAR-XRD90USS-003-B
402,20260827,19,158,AYUDANTE 2,12.0,20260827-CHUNGAR-XRD90USS-003-B
403,20260828,19,57,PERFORISTA,12.0,20260828-CHUNGAR-XRD90USS-003-A
404,20260828,19,320,AYUDANTE 1,12.0,20260828-CHUNGAR-XRD90USS-003-A
405,20260828,19,236,AYUDANTE 2,12.0,20260828-CHUNGAR-XRD90USS-003-A
406,20260828,19,397,PERFORISTA,12.0,20260828-CHUNGAR-XRD90USS-003-B
407,20260828,19,262,AYUDANTE 1,12.0,20260828-CHUNGAR-XRD90USS-003-B
408,20260828,19,158,AYUDANTE 2,12.0,20260828-CHUNGAR-XRD90USS-003-B
409,20260829,19,57,PERFORISTA,12.0,20260829-CHUNGAR-XRD90USS-003-A
410,20260829,19,320,AYUDANTE 1,12.0,20260829-CHUNGAR-XRD90USS-003-A
411,20260829,19,236,AYUDANTE 2,12.0,20260829-CHUNGAR-XRD90USS-003-A
412,20260829,19,397,PERFORISTA,12.0,20260829-CHUNGAR-XRD90USS-003-B
413,20260829,19,262,AYUDANTE 1,12.0,20260829-CHUNGAR-XRD90USS-003-B
414,20260829,19,158,AYUDANTE 2,12.0,20260829-CHUNGAR-XRD90USS-003-B
415,20260830,19,57,PERFORISTA,12.0,20260830-CHUNGAR-XRD90USS-003-A
416,20260830,19,320,AYUDANTE 1,12.0,20260830-CHUNGAR-XRD90USS-003-A
417,20260830,19,236,AYUDANTE 2,12.0,20260830-CHUNGAR-XRD90USS-003-A
418,20260830,19,397,PERFORISTA,12.0,20260830-CHUNGAR-XRD90USS-003-B
419,20260830,19,262,AYUDANTE 1,12.0,20260830-CHUNGAR-XRD90USS-003-B
420,20260830,19,158,AYUDANTE 2,12.0,20260830-CHUNGAR-XRD90USS-003-B
421,20260826,16,245,PERFORISTA,12.0,20260826-CHUNGAR-XRD150USS-005-A
422,20260826,16,170,PERFORISTA,12.0,20260826-CHUNGAR-XRD150USS-005-B
423,20260826,16,149,AYUDANTE 1,12.0,20260826-CHUNGAR-XRD150USS-005-B
424,20260827,16,399,PERFORISTA,12.0,20260827-CHUNGAR-XRD150USS-005-A
425,20260827,16,211,AYUDANTE 1,12.0,20260827-CHUNGAR-XRD150USS-005-A
426,20260827,16,375,AYUDANTE 2,12.0,20260827-CHUNGAR-XRD150USS-005-A
427,20260827,16,3,PERFORISTA,12.0,20260827-CHUNGAR-XRD150USS-005-B
428,20260827,16,3,AYUDANTE 1,12.0,20260827-CHUNGAR-XRD150USS-005-B
429,20260827,16,3,AYUDANTE 2,12.0,20260827-CHUNGAR-XRD150USS-005-B
430,20260828,16,3,PERFORISTA,12.0,20260828-CHUNGAR-XRD150USS-005-A
431,20260828,16,3,AYUDANTE 1,12.0,20260828-CHUNGAR-XRD150USS-005-A
432,20260828,16,3,AYUDANTE 2,12.0,20260828-CHUNGAR-XRD150USS-005-A
433,20260828,16,399,PERFORISTA,12.0,20260828-CHUNGAR-XRD150USS-005-B
434,20260828,16,211,AYUDANTE 1,12.0,20260828-CHUNGAR-XRD150USS-005-B
435,20260828,16,375,AYUDANTE 2,12.0,20260828-CHUNGAR-XRD150USS-005-B
436,20260829,16,399,PERFORISTA,12.0,20260829-CHUNGAR-XRD150USS-005-A
437,20260829,16,211,AYUDANTE 1,12.0,20260829-CHUNGAR-XRD150USS-005-A
438,20260829,16,375,AYUDANTE 2,12.0,20260829-CHUNGAR-XRD150USS-005-A
439,20260829,16,3,PERFORISTA,12.0,20260829-CHUNGAR-XRD150USS-005-B
440,20260829,16,3,AYUDANTE 1,12.0,20260829-CHUNGAR-XRD150USS-005-B
441,20260829,16,3,AYUDANTE 2,12.0,20260829-CHUNGAR-XRD150USS-005-B
442,20260830,16,399,PERFORISTA,12.0,20260830-CHUNGAR-XRD150USS-005-A
443,20260830,16,211,AYUDANTE 1,12.0,20260830-CHUNGAR-XRD150USS-005-A
444,20260830,16,375,AYUDANTE 2,12.0,20260830-CHUNGAR-XRD150USS-005-A
445,20260830,16,172,PERFORISTA,12.0,20260830-CHUNGAR-XRD150USS-005-B
446,20260830,16,13,AYUDANTE 1,12.0,20260830-CHUNGAR-XRD150USS-005-B
447,20260830,16,145,AYUDANTE 2,12.0,20260830-CHUNGAR-XRD150USS-005-B
448,20260826,15,69,PERFORISTA,12.0,20260826-CHUNGAR-XRD120U-001-A
449,20260826,15,254,AYUDANTE 1,12.0,20260826-CHUNGAR-XRD120U-001-A
450,20260826,15,211,AYUDANTE 2,12.0,20260826-CHUNGAR-XRD120U-001-A
451,20260826,15,169,PERFORISTA,12.0,20260826-CHUNGAR-XRD120U-001-B
452,20260826,15,267,AYUDANTE 1,12.0,20260826-CHUNGAR-XRD120U-001-B
453,20260826,15,226,AYUDANTE 2,12.0,20260826-CHUNGAR-XRD120U-001-B
454,20260827,15,59,PERFORISTA,12.0,20260827-CHUNGAR-XRD120U-001-A
455,20260827,15,319,AYUDANTE 1,12.0,20260827-CHUNGAR-XRD120U-001-A
456,20260827,15,208,AYUDANTE 2,12.0,20260827-CHUNGAR-XRD120U-001-A
457,20260827,15,69,PERFORISTA,12.0,20260827-CHUNGAR-XRD120U-001-B
458,20260827,15,254,AYUDANTE 1,12.0,20260827-CHUNGAR-XRD120U-001-B
459,20260827,15,148,AYUDANTE 2,12.0,20260827-CHUNGAR-XRD120U-001-B
460,20260828,15,59,PERFORISTA,12.0,20260828-CHUNGAR-XRD120U-001-A
461,20260828,15,319,AYUDANTE 1,12.0,20260828-CHUNGAR-XRD120U-001-A
462,20260828,15,208,AYUDANTE 2,12.0,20260828-CHUNGAR-XRD120U-001-A
463,20260828,15,69,PERFORISTA,12.0,20260828-CHUNGAR-XRD120U-001-B
464,20260828,15,254,AYUDANTE 1,12.0,20260828-CHUNGAR-XRD120U-001-B
465,20260828,15,148,AYUDANTE 2,12.0,20260828-CHUNGAR-XRD120U-001-B
466,20260829,15,59,PERFORISTA,12.0,20260829-CHUNGAR-XRD120U-001-A
467,20260829,15,319,AYUDANTE 1,12.0,20260829-CHUNGAR-XRD120U-001-A
468,20260829,15,208,AYUDANTE 2,12.0,20260829-CHUNGAR-XRD120U-001-A
469,20260829,15,69,PERFORISTA,12.0,20260829-CHUNGAR-XRD120U-001-B
470,20260829,15,254,AYUDANTE 1,12.0,20260829-CHUNGAR-XRD120U-001-B
471,20260829,15,148,AYUDANTE 2,12.0,20260829-CHUNGAR-XRD120U-001-B
472,20260830,15,59,PERFORISTA,12.0,20260830-CHUNGAR-XRD120U-001-A
473,20260830,15,319,AYUDANTE 1,12.0,20260830-CHUNGAR-XRD120U-001-A
474,20260830,15,208,AYUDANTE 2,12.0,20260830-CHUNGAR-XRD120U-001-A
475,20260830,15,69,PERFORISTA,12.0,20260830-CHUNGAR-XRD120U-001-B
476,20260830,15,254,AYUDANTE 1,12.0,20260830-CHUNGAR-XRD120U-001-B
477,20260830,15,211,AYUDANTE 2,12.0,20260830-CHUNGAR-XRD120U-001-B
478,20260826,13,321,PERFORISTA,12.0,20260826-CHUNGAR-LM110U-001-A
479,20260826,13,238,AYUDANTE 1,12.0,20260826-CHUNGAR-LM110U-001-A
480,20260826,13,168,AYUDANTE 2,12.0,20260826-CHUNGAR-LM110U-001-A
481,20260826,13,417,PERFORISTA,12.0,20260826-CHUNGAR-LM110U-001-B
482,20260826,13,363,AYUDANTE 1,12.0,20260826-CHUNGAR-LM110U-001-B
483,20260826,13,104,AYUDANTE 2,12.0,20260826-CHUNGAR-LM110U-001-B
484,20260827,13,275,PERFORISTA,12.0,20260827-CHUNGAR-LM110U-001-A
485,20260827,13,227,AYUDANTE 1,12.0,20260827-CHUNGAR-LM110U-001-A
486,20260827,13,10,AYUDANTE 2,12.0,20260827-CHUNGAR-LM110U-001-A
487,20260827,13,321,PERFORISTA,12.0,20260827-CHUNGAR-LM110U-001-B
488,20260827,13,238,AYUDANTE 1,12.0,20260827-CHUNGAR-LM110U-001-B
489,20260827,13,168,AYUDANTE 2,12.0,20260827-CHUNGAR-LM110U-001-B
490,20260828,13,275,PERFORISTA,12.0,20260828-CHUNGAR-LM110U-001-A
491,20260828,13,227,AYUDANTE 1,12.0,20260828-CHUNGAR-LM110U-001-A
492,20260828,13,10,AYUDANTE 2,12.0,20260828-CHUNGAR-LM110U-001-A
493,20260828,13,321,PERFORISTA,12.0,20260828-CHUNGAR-LM110U-001-B
494,20260828,13,238,AYUDANTE 1,12.0,20260828-CHUNGAR-LM110U-001-B
495,20260828,13,168,AYUDANTE 2,12.0,20260828-CHUNGAR-LM110U-001-B
496,20260829,13,275,PERFORISTA,12.0,20260829-CHUNGAR-LM110U-001-A
497,20260829,13,227,AYUDANTE 1,12.0,20260829-CHUNGAR-LM110U-001-A
498,20260829,13,10,AYUDANTE 2,12.0,20260829-CHUNGAR-LM110U-001-A
499,20260829,13,321,PERFORISTA,12.0,20260829-CHUNGAR-LM110U-001-B
500,20260829,13,238,AYUDANTE 1,12.0,20260829-CHUNGAR-LM110U-001-B
501,20260829,13,168,AYUDANTE 2,12.0,20260829-CHUNGAR-LM110U-001-B
502,20260830,13,275,PERFORISTA,12.0,20260830-CHUNGAR-LM110U-001-A
503,20260830,13,227,AYUDANTE 1,12.0,20260830-CHUNGAR-LM110U-001-A
504,20260830,13,10,AYUDANTE 2,12.0,20260830-CHUNGAR-LM110U-001-A
505,20260830,13,321,PERFORISTA,12.0,20260830-CHUNGAR-LM110U-001-B
506,20260830,13,238,AYUDANTE 1,12.0,20260830-CHUNGAR-LM110U-001-B
507,20260830,13,168,AYUDANTE 2,12.0,20260830-CHUNGAR-LM110U-001-B
508,20260826,23,175,PERFORISTA,12.0,20260826-COBRIZA-XRD50UFDR-001-A
509,20260826,23,90,AYUDANTE 1,12.0,20260826-COBRIZA-XRD50UFDR-001-A
510,20260826,23,3,AYUDANTE 2,12.0,20260826-COBRIZA-XRD50UFDR-001-A
511,20260826,23,263,PERFORISTA,12.0,20260826-COBRIZA-XRD50UFDR-001-B
512,20260826,23,376,AYUDANTE 1,12.0,20260826-COBRIZA-XRD50UFDR-001-B
513,20260826,23,3,AYUDANTE 2,12.0,20260826-COBRIZA-XRD50UFDR-001-B
514,20260827,23,175,PERFORISTA,12.0,20260827-COBRIZA-XRD50UFDR-001-A
515,20260827,23,90,AYUDANTE 1,12.0,20260827-COBRIZA-XRD50UFDR-001-A
516,20260827,23,3,AYUDANTE 2,12.0,20260827-COBRIZA-XRD50UFDR-001-A
517,20260827,23,263,PERFORISTA,12.0,20260827-COBRIZA-XRD50UFDR-001-B
518,20260827,23,376,AYUDANTE 1,12.0,20260827-COBRIZA-XRD50UFDR-001-B
519,20260827,23,3,AYUDANTE 2,12.0,20260827-COBRIZA-XRD50UFDR-001-B
520,20260828,23,175,PERFORISTA,12.0,20260828-COBRIZA-XRD50UFDR-001-A
521,20260828,23,90,AYUDANTE 1,12.0,20260828-COBRIZA-XRD50UFDR-001-A
522,20260828,23,3,AYUDANTE 2,12.0,20260828-COBRIZA-XRD50UFDR-001-A
523,20260828,23,263,PERFORISTA,12.0,20260828-COBRIZA-XRD50UFDR-001-B
524,20260828,23,376,AYUDANTE 1,12.0,20260828-COBRIZA-XRD50UFDR-001-B
525,20260828,23,3,AYUDANTE 2,12.0,20260828-COBRIZA-XRD50UFDR-001-B
526,20260829,23,175,PERFORISTA,12.0,20260829-COBRIZA-XRD50UFDR-001-A
527,20260829,23,235,AYUDANTE 1,12.0,20260829-COBRIZA-XRD50UFDR-001-A
528,20260829,23,3,AYUDANTE 2,12.0,20260829-COBRIZA-XRD50UFDR-001-A
529,20260829,23,263,PERFORISTA,12.0,20260829-COBRIZA-XRD50UFDR-001-B
530,20260829,23,376,AYUDANTE 1,12.0,20260829-COBRIZA-XRD50UFDR-001-B
531,20260829,23,3,AYUDANTE 2,12.0,20260829-COBRIZA-XRD50UFDR-001-B
532,20260830,23,175,PERFORISTA,12.0,20260830-COBRIZA-XRD50UFDR-001-A
533,20260830,23,235,AYUDANTE 1,12.0,20260830-COBRIZA-XRD50UFDR-001-A
534,20260830,23,3,AYUDANTE 2,12.0,20260830-COBRIZA-XRD50UFDR-001-A
535,20260830,23,263,PERFORISTA,12.0,20260830-COBRIZA-XRD50UFDR-001-B
536,20260830,23,376,AYUDANTE 1,12.0,20260830-COBRIZA-XRD50UFDR-001-B
537,20260830,23,3,AYUDANTE 2,12.0,20260830-COBRIZA-XRD50UFDR-001-B
538,20260826,20,72,PERFORISTA,12.0,20260826-COBRIZA-XLM75UFDR-003-A
539,20260826,20,327,AYUDANTE 1,12.0,20260826-COBRIZA-XLM75UFDR-003-A
540,20260826,20,3,AYUDANTE 2,12.0,20260826-COBRIZA-XLM75UFDR-003-A
541,20260826,20,37,PERFORISTA,12.0,20260826-COBRIZA-XLM75UFDR-003-B
542,20260826,20,367,AYUDANTE 1,12.0,20260826-COBRIZA-XLM75UFDR-003-B
543,20260826,20,3,AYUDANTE 2,12.0,20260826-COBRIZA-XLM75UFDR-003-B
544,20260827,20,72,PERFORISTA,12.0,20260827-COBRIZA-XLM75UFDR-003-A
545,20260827,20,76,AYUDANTE 1,12.0,20260827-COBRIZA-XLM75UFDR-003-A
546,20260827,20,3,AYUDANTE 2,12.0,20260827-COBRIZA-XLM75UFDR-003-A
547,20260827,20,37,PERFORISTA,12.0,20260827-COBRIZA-XLM75UFDR-003-B
548,20260827,20,367,AYUDANTE 1,12.0,20260827-COBRIZA-XLM75UFDR-003-B
549,20260827,20,3,AYUDANTE 2,12.0,20260827-COBRIZA-XLM75UFDR-003-B
550,20260828,20,72,PERFORISTA,12.0,20260828-COBRIZA-XLM75UFDR-003-A
551,20260828,20,76,AYUDANTE 1,12.0,20260828-COBRIZA-XLM75UFDR-003-A
552,20260828,20,3,AYUDANTE 2,12.0,20260828-COBRIZA-XLM75UFDR-003-A
553,20260828,20,37,PERFORISTA,12.0,20260828-COBRIZA-XLM75UFDR-003-B
554,20260828,20,367,AYUDANTE 1,12.0,20260828-COBRIZA-XLM75UFDR-003-B
555,20260828,20,3,AYUDANTE 2,12.0,20260828-COBRIZA-XLM75UFDR-003-B
556,20260829,20,72,PERFORISTA,12.0,20260829-COBRIZA-XLM75UFDR-003-A
557,20260829,20,76,AYUDANTE 1,12.0,20260829-COBRIZA-XLM75UFDR-003-A
558,20260829,20,3,AYUDANTE 2,12.0,20260829-COBRIZA-XLM75UFDR-003-A
559,20260829,20,37,PERFORISTA,12.0,20260829-COBRIZA-XLM75UFDR-003-B
560,20260829,20,367,AYUDANTE 1,12.0,20260829-COBRIZA-XLM75UFDR-003-B
561,20260829,20,3,AYUDANTE 2,12.0,20260829-COBRIZA-XLM75UFDR-003-B
562,20260830,20,72,PERFORISTA,12.0,20260830-COBRIZA-XLM75UFDR-003-A
563,20260830,20,76,AYUDANTE 1,12.0,20260830-COBRIZA-XLM75UFDR-003-A
564,20260830,20,3,AYUDANTE 2,12.0,20260830-COBRIZA-XLM75UFDR-003-A
565,20260830,20,37,PERFORISTA,12.0,20260830-COBRIZA-XLM75UFDR-003-B
566,20260830,20,367,AYUDANTE 1,12.0,20260830-COBRIZA-XLM75UFDR-003-B
567,20260830,20,3,AYUDANTE 2,12.0,20260830-COBRIZA-XLM75UFDR-003-B
568,20260826,24,71,PERFORISTA,12.0,20260826-COBRIZA-XRD80USS-006-A
569,20260826,24,235,AYUDANTE 1,12.0,20260826-COBRIZA-XRD80USS-006-A
570,20260826,24,3,AYUDANTE 2,12.0,20260826-COBRIZA-XRD80USS-006-A
571,20260826,24,364,PERFORISTA,12.0,20260826-COBRIZA-XRD80USS-006-B
572,20260826,24,51,AYUDANTE 1,12.0,20260826-COBRIZA-XRD80USS-006-B
573,20260826,24,187,AYUDANTE 2,12.0,20260826-COBRIZA-XRD80USS-006-B
574,20260827,24,71,PERFORISTA,12.0,20260827-COBRIZA-XRD80USS-006-A
575,20260827,24,235,AYUDANTE 1,12.0,20260827-COBRIZA-XRD80USS-006-A
576,20260827,24,328,AYUDANTE 2,12.0,20260827-COBRIZA-XRD80USS-006-A
577,20260827,24,364,PERFORISTA,12.0,20260827-COBRIZA-XRD80USS-006-B
578,20260827,24,51,AYUDANTE 1,12.0,20260827-COBRIZA-XRD80USS-006-B
579,20260827,24,187,AYUDANTE 2,12.0,20260827-COBRIZA-XRD80USS-006-B
580,20260828,24,71,PERFORISTA,12.0,20260828-COBRIZA-XRD80USS-006-A
581,20260828,24,235,AYUDANTE 1,12.0,20260828-COBRIZA-XRD80USS-006-A
582,20260828,24,328,AYUDANTE 2,12.0,20260828-COBRIZA-XRD80USS-006-A
583,20260828,24,364,PERFORISTA,12.0,20260828-COBRIZA-XRD80USS-006-B
584,20260828,24,51,AYUDANTE 1,12.0,20260828-COBRIZA-XRD80USS-006-B
585,20260828,24,187,AYUDANTE 2,12.0,20260828-COBRIZA-XRD80USS-006-B
586,20260829,24,71,PERFORISTA,12.0,20260829-COBRIZA-XRD80USS-006-A
587,20260829,24,235,AYUDANTE 1,12.0,20260829-COBRIZA-XRD80USS-006-A
588,20260829,24,328,AYUDANTE 2,12.0,20260829-COBRIZA-XRD80USS-006-A
589,20260829,24,71,PERFORISTA,12.0,20260829-COBRIZA-XRD80USS-006-A
590,20260829,24,90,AYUDANTE 1,12.0,20260829-COBRIZA-XRD80USS-006-A
591,20260829,24,328,AYUDANTE 2,12.0,20260829-COBRIZA-XRD80USS-006-A
592,20260829,24,364,PERFORISTA,12.0,20260829-COBRIZA-XRD80USS-006-B
593,20260829,24,51,AYUDANTE 1,12.0,20260829-COBRIZA-XRD80USS-006-B
594,20260829,24,187,AYUDANTE 2,12.0,20260829-COBRIZA-XRD80USS-006-B
595,20260830,24,71,PERFORISTA,12.0,20260830-COBRIZA-XRD80USS-006-A
596,20260830,24,90,AYUDANTE 1,12.0,20260830-COBRIZA-XRD80USS-006-A
597,20260830,24,328,AYUDANTE 2,12.0,20260830-COBRIZA-XRD80USS-006-A
598,20260830,24,364,PERFORISTA,12.0,20260830-COBRIZA-XRD80USS-006-B
599,20260830,24,51,AYUDANTE 1,12.0,20260830-COBRIZA-XRD80USS-006-B
600,20260830,24,187,AYUDANTE 2,12.0,20260830-COBRIZA-XRD80USS-006-B
601,20260826,21,306,PERFORISTA,12.0,20260826-COBRIZA-XRD125UFDR-002-A
602,20260826,21,382,AYUDANTE 1,12.0,20260826-COBRIZA-XRD125UFDR-002-A
603,20260826,21,25,AYUDANTE 2,12.0,20260826-COBRIZA-XRD125UFDR-002-A
604,20260826,21,253,PERFORISTA,12.0,20260826-COBRIZA-XRD125UFDR-002-B
605,20260826,21,258,AYUDANTE 1,12.0,20260826-COBRIZA-XRD125UFDR-002-B
606,20260826,21,92,AYUDANTE 2,12.0,20260826-COBRIZA-XRD125UFDR-002-B
607,20260827,21,306,PERFORISTA,12.0,20260827-COBRIZA-XRD125UFDR-002-A
608,20260827,21,382,AYUDANTE 1,12.0,20260827-COBRIZA-XRD125UFDR-002-A
609,20260827,21,25,AYUDANTE 2,12.0,20260827-COBRIZA-XRD125UFDR-002-A
610,20260827,21,253,PERFORISTA,12.0,20260827-COBRIZA-XRD125UFDR-002-B
611,20260827,21,258,AYUDANTE 1,12.0,20260827-COBRIZA-XRD125UFDR-002-B
612,20260827,21,92,AYUDANTE 2,12.0,20260827-COBRIZA-XRD125UFDR-002-B
613,20260828,21,306,PERFORISTA,12.0,20260828-COBRIZA-XRD125UFDR-002-A
614,20260828,21,382,AYUDANTE 1,12.0,20260828-COBRIZA-XRD125UFDR-002-A
615,20260828,21,25,AYUDANTE 2,12.0,20260828-COBRIZA-XRD125UFDR-002-A
616,20260828,21,253,PERFORISTA,12.0,20260828-COBRIZA-XRD125UFDR-002-B
617,20260828,21,258,AYUDANTE 1,12.0,20260828-COBRIZA-XRD125UFDR-002-B
618,20260828,21,92,AYUDANTE 2,12.0,20260828-COBRIZA-XRD125UFDR-002-B
619,20260829,21,306,PERFORISTA,12.0,20260829-COBRIZA-XRD125UFDR-002-A
620,20260829,21,382,AYUDANTE 1,12.0,20260829-COBRIZA-XRD125UFDR-002-A
621,20260829,21,25,AYUDANTE 2,12.0,20260829-COBRIZA-XRD125UFDR-002-A
622,20260829,21,253,PERFORISTA,12.0,20260829-COBRIZA-XRD125UFDR-002-B
623,20260829,21,258,AYUDANTE 1,12.0,20260829-COBRIZA-XRD125UFDR-002-B
624,20260829,21,92,AYUDANTE 2,12.0,20260829-COBRIZA-XRD125UFDR-002-B
625,20260830,21,306,PERFORISTA,12.0,20260830-COBRIZA-XRD125UFDR-002-A
626,20260830,21,382,AYUDANTE 1,12.0,20260830-COBRIZA-XRD125UFDR-002-A
627,20260830,21,25,AYUDANTE 2,12.0,20260830-COBRIZA-XRD125UFDR-002-A
628,20260830,21,253,PERFORISTA,12.0,20260830-COBRIZA-XRD125UFDR-002-B
629,20260830,21,258,AYUDANTE 1,12.0,20260830-COBRIZA-XRD125UFDR-002-B
630,20260830,21,92,AYUDANTE 2,12.0,20260830-COBRIZA-XRD125UFDR-002-B
631,20260826,22,214,PERFORISTA,12.0,20260826-COBRIZA-XRD150U-008-A
632,20260826,22,91,AYUDANTE 1,12.0,20260826-COBRIZA-XRD150U-008-A
633,20260826,22,153,AYUDANTE 2,12.0,20260826-COBRIZA-XRD150U-008-A
634,20260826,22,325,PERFORISTA,12.0,20260826-COBRIZA-XRD150U-008-B
635,20260826,22,53,AYUDANTE 1,12.0,20260826-COBRIZA-XRD150U-008-B
636,20260826,22,196,AYUDANTE 2,12.0,20260826-COBRIZA-XRD150U-008-B
637,20260827,22,214,PERFORISTA,12.0,20260827-COBRIZA-XRD150U-008-A
638,20260827,22,91,AYUDANTE 1,12.0,20260827-COBRIZA-XRD150U-008-A
639,20260827,22,153,AYUDANTE 2,12.0,20260827-COBRIZA-XRD150U-008-A
640,20260827,22,325,PERFORISTA,12.0,20260827-COBRIZA-XRD150U-008-B
641,20260827,22,53,AYUDANTE 1,12.0,20260827-COBRIZA-XRD150U-008-B
642,20260827,22,196,AYUDANTE 2,12.0,20260827-COBRIZA-XRD150U-008-B
643,20260828,22,214,PERFORISTA,12.0,20260828-COBRIZA-XRD150U-008-A
644,20260828,22,91,AYUDANTE 1,12.0,20260828-COBRIZA-XRD150U-008-A
645,20260828,22,153,AYUDANTE 2,12.0,20260828-COBRIZA-XRD150U-008-A
646,20260828,22,325,PERFORISTA,12.0,20260828-COBRIZA-XRD150U-008-B
647,20260828,22,53,AYUDANTE 1,12.0,20260828-COBRIZA-XRD150U-008-B
648,20260828,22,196,AYUDANTE 2,12.0,20260828-COBRIZA-XRD150U-008-B
649,20260829,22,214,PERFORISTA,12.0,20260829-COBRIZA-XRD150U-008-A
650,20260829,22,91,AYUDANTE 1,12.0,20260829-COBRIZA-XRD150U-008-A
651,20260829,22,153,AYUDANTE 2,12.0,20260829-COBRIZA-XRD150U-008-A
652,20260829,22,325,PERFORISTA,12.0,20260829-COBRIZA-XRD150U-008-B
653,20260829,22,53,AYUDANTE 1,12.0,20260829-COBRIZA-XRD150U-008-B
654,20260829,22,196,AYUDANTE 2,12.0,20260829-COBRIZA-XRD150U-008-B
655,20260830,22,214,PERFORISTA,12.0,20260830-COBRIZA-XRD150U-008-A
656,20260830,22,91,AYUDANTE 1,12.0,20260830-COBRIZA-XRD150U-008-A
657,20260830,22,153,AYUDANTE 2,12.0,20260830-COBRIZA-XRD150U-008-A
658,20260830,22,325,PERFORISTA,12.0,20260830-COBRIZA-XRD150U-008-B
659,20260830,22,53,AYUDANTE 1,12.0,20260830-COBRIZA-XRD150U-008-B
660,20260830,22,196,AYUDANTE 2,12.0,20260830-COBRIZA-XRD150U-008-B
661,20260826,25,284,PERFORISTA,12.0,20260826-COLQUISIRI-XRD80USS-012-A
662,20260826,25,209,AYUDANTE 1,12.0,20260826-COLQUISIRI-XRD80USS-012-A
663,20260826,25,3,AYUDANTE 2,12.0,20260826-COLQUISIRI-XRD80USS-012-A
664,20260826,25,405,PERFORISTA,12.0,20260826-COLQUISIRI-XRD80USS-012-B
665,20260826,25,111,AYUDANTE 1,12.0,20260826-COLQUISIRI-XRD80USS-012-B
666,20260826,25,194,AYUDANTE 2,12.0,20260826-COLQUISIRI-XRD80USS-012-B
667,20260827,25,123,PERFORISTA,12.0,20260827-COLQUISIRI-XRD80USS-012-A
668,20260827,25,86,AYUDANTE 1,12.0,20260827-COLQUISIRI-XRD80USS-012-A
669,20260827,25,194,AYUDANTE 2,12.0,20260827-COLQUISIRI-XRD80USS-012-A
670,20260827,25,284,PERFORISTA,12.0,20260827-COLQUISIRI-XRD80USS-012-B
671,20260827,25,209,AYUDANTE 1,12.0,20260827-COLQUISIRI-XRD80USS-012-B
672,20260827,25,3,AYUDANTE 2,12.0,20260827-COLQUISIRI-XRD80USS-012-B
673,20260828,25,123,PERFORISTA,12.0,20260828-COLQUISIRI-XRD80USS-012-A
674,20260828,25,86,AYUDANTE 1,12.0,20260828-COLQUISIRI-XRD80USS-012-A
675,20260828,25,194,AYUDANTE 2,12.0,20260828-COLQUISIRI-XRD80USS-012-A
676,20260828,25,284,PERFORISTA,12.0,20260828-COLQUISIRI-XRD80USS-012-B
677,20260828,25,209,AYUDANTE 1,12.0,20260828-COLQUISIRI-XRD80USS-012-B
678,20260828,25,3,AYUDANTE 2,12.0,20260828-COLQUISIRI-XRD80USS-012-B
679,20260829,25,123,PERFORISTA,12.0,20260829-COLQUISIRI-XRD80USS-012-A
680,20260829,25,86,AYUDANTE 1,12.0,20260829-COLQUISIRI-XRD80USS-012-A
681,20260829,25,194,AYUDANTE 2,12.0,20260829-COLQUISIRI-XRD80USS-012-A
682,20260829,25,284,PERFORISTA,12.0,20260829-COLQUISIRI-XRD80USS-012-B
683,20260829,25,209,AYUDANTE 1,12.0,20260829-COLQUISIRI-XRD80USS-012-B
684,20260829,25,3,AYUDANTE 2,12.0,20260829-COLQUISIRI-XRD80USS-012-B
685,20260830,25,123,PERFORISTA,12.0,20260830-COLQUISIRI-XRD80USS-012-A
686,20260830,25,86,AYUDANTE 1,12.0,20260830-COLQUISIRI-XRD80USS-012-A
687,20260830,25,194,AYUDANTE 2,12.0,20260830-COLQUISIRI-XRD80USS-012-A
688,20260830,25,284,PERFORISTA,12.0,20260830-COLQUISIRI-XRD80USS-012-B
689,20260830,25,209,AYUDANTE 1,12.0,20260830-COLQUISIRI-XRD80USS-012-B
690,20260830,25,3,AYUDANTE 2,12.0,20260830-COLQUISIRI-XRD80USS-012-B
691,20260826,29,344,PERFORISTA,12.0,20260826-CONDESTABLE-XRD80ITH-001-A
692,20260826,29,84,AYUDANTE 1,12.0,20260826-CONDESTABLE-XRD80ITH-001-A
693,20260826,29,329,AYUDANTE 2,12.0,20260826-CONDESTABLE-XRD80ITH-001-A
694,20260826,29,3,PERFORISTA,12.0,20260826-CONDESTABLE-XRD80ITH-001-B
695,20260826,29,3,AYUDANTE 1,12.0,20260826-CONDESTABLE-XRD80ITH-001-B
696,20260826,29,3,AYUDANTE 2,12.0,20260826-CONDESTABLE-XRD80ITH-001-B
697,20260827,29,3,PERFORISTA,12.0,20260827-CONDESTABLE-XRD80ITH-001-A
698,20260827,29,3,AYUDANTE 1,12.0,20260827-CONDESTABLE-XRD80ITH-001-A
699,20260827,29,3,AYUDANTE 2,12.0,20260827-CONDESTABLE-XRD80ITH-001-A
700,20260827,29,3,PERFORISTA,12.0,20260827-CONDESTABLE-XRD80ITH-001-B
701,20260827,29,3,AYUDANTE 1,12.0,20260827-CONDESTABLE-XRD80ITH-001-B
702,20260827,29,3,AYUDANTE 2,12.0,20260827-CONDESTABLE-XRD80ITH-001-B
703,20260828,29,344,PERFORISTA,12.0,20260828-CONDESTABLE-XRD80ITH-001-A
704,20260828,29,84,AYUDANTE 1,12.0,20260828-CONDESTABLE-XRD80ITH-001-A
705,20260828,29,329,AYUDANTE 2,12.0,20260828-CONDESTABLE-XRD80ITH-001-A
706,20260828,29,117,PERFORISTA,12.0,20260828-CONDESTABLE-XRD80ITH-001-B
707,20260828,29,286,AYUDANTE 1,12.0,20260828-CONDESTABLE-XRD80ITH-001-B
708,20260828,29,280,AYUDANTE 2,12.0,20260828-CONDESTABLE-XRD80ITH-001-B
709,20260826,26,272,PERFORISTA,12.0,20260826-CONDESTABLE-XLM75UFDR-002-A
710,20260826,26,273,AYUDANTE 1,12.0,20260826-CONDESTABLE-XLM75UFDR-002-A
711,20260826,26,22,AYUDANTE 2,12.0,20260826-CONDESTABLE-XLM75UFDR-002-A
712,20260826,26,332,PERFORISTA,12.0,20260826-CONDESTABLE-XLM75UFDR-002-B
713,20260826,26,412,AYUDANTE 1,12.0,20260826-CONDESTABLE-XLM75UFDR-002-B
714,20260826,26,89,AYUDANTE 2,12.0,20260826-CONDESTABLE-XLM75UFDR-002-B
715,20260827,26,62,PERFORISTA,12.0,20260827-CONDESTABLE-XLM75UFDR-002-A
716,20260827,26,3,AYUDANTE 1,12.0,20260827-CONDESTABLE-XLM75UFDR-002-A
717,20260827,26,88,AYUDANTE 2,12.0,20260827-CONDESTABLE-XLM75UFDR-002-A
718,20260827,26,272,PERFORISTA,12.0,20260827-CONDESTABLE-XLM75UFDR-002-B
719,20260827,26,273,AYUDANTE 1,12.0,20260827-CONDESTABLE-XLM75UFDR-002-B
720,20260827,26,22,AYUDANTE 2,12.0,20260827-CONDESTABLE-XLM75UFDR-002-B
721,20260828,26,62,PERFORISTA,12.0,20260828-CONDESTABLE-XLM75UFDR-002-A
722,20260828,26,3,AYUDANTE 1,12.0,20260828-CONDESTABLE-XLM75UFDR-002-A
723,20260828,26,88,AYUDANTE 2,12.0,20260828-CONDESTABLE-XLM75UFDR-002-A
724,20260828,26,272,PERFORISTA,12.0,20260828-CONDESTABLE-XLM75UFDR-002-B
725,20260828,26,273,AYUDANTE 1,12.0,20260828-CONDESTABLE-XLM75UFDR-002-B
726,20260828,26,22,AYUDANTE 2,12.0,20260828-CONDESTABLE-XLM75UFDR-002-B
727,20260829,26,62,PERFORISTA,12.0,20260829-CONDESTABLE-XLM75UFDR-002-A
728,20260829,26,203,AYUDANTE 1,12.0,20260829-CONDESTABLE-XLM75UFDR-002-A
729,20260829,26,88,AYUDANTE 2,12.0,20260829-CONDESTABLE-XLM75UFDR-002-A
730,20260829,26,272,PERFORISTA,12.0,20260829-CONDESTABLE-XLM75UFDR-002-B
731,20260829,26,273,AYUDANTE 1,12.0,20260829-CONDESTABLE-XLM75UFDR-002-B
732,20260829,26,22,AYUDANTE 2,12.0,20260829-CONDESTABLE-XLM75UFDR-002-B
733,20260830,26,62,PERFORISTA,12.0,20260830-CONDESTABLE-XLM75UFDR-002-A
734,20260830,26,206,AYUDANTE 1,12.0,20260830-CONDESTABLE-XLM75UFDR-002-A
735,20260830,26,88,AYUDANTE 2,12.0,20260830-CONDESTABLE-XLM75UFDR-002-A
736,20260830,26,272,PERFORISTA,12.0,20260830-CONDESTABLE-XLM75UFDR-002-B
737,20260830,26,273,AYUDANTE 1,12.0,20260830-CONDESTABLE-XLM75UFDR-002-B
738,20260830,26,22,AYUDANTE 2,12.0,20260830-CONDESTABLE-XLM75UFDR-002-B
739,20260826,27,122,PERFORISTA,12.0,20260826-CONDESTABLE-XLM75UFDR-004-A
740,20260826,27,346,AYUDANTE 1,12.0,20260826-CONDESTABLE-XLM75UFDR-004-A
741,20260826,27,387,AYUDANTE 2,12.0,20260826-CONDESTABLE-XLM75UFDR-004-A
742,20260826,27,369,PERFORISTA,12.0,20260826-CONDESTABLE-XLM75UFDR-004-B
743,20260826,27,287,AYUDANTE 1,12.0,20260826-CONDESTABLE-XLM75UFDR-004-B
744,20260826,27,322,AYUDANTE 2,12.0,20260826-CONDESTABLE-XLM75UFDR-004-B
745,20260827,27,189,PERFORISTA,12.0,20260827-CONDESTABLE-XLM75UFDR-004-A
746,20260827,27,201,AYUDANTE 1,12.0,20260827-CONDESTABLE-XLM75UFDR-004-A
747,20260827,27,55,AYUDANTE 2,12.0,20260827-CONDESTABLE-XLM75UFDR-004-A
748,20260827,27,122,PERFORISTA,12.0,20260827-CONDESTABLE-XLM75UFDR-004-B
749,20260827,27,346,AYUDANTE 1,12.0,20260827-CONDESTABLE-XLM75UFDR-004-B
750,20260827,27,387,AYUDANTE 2,12.0,20260827-CONDESTABLE-XLM75UFDR-004-B
751,20260828,27,189,PERFORISTA,12.0,20260828-CONDESTABLE-XLM75UFDR-004-A
752,20260828,27,374,AYUDANTE 1,12.0,20260828-CONDESTABLE-XLM75UFDR-004-A
753,20260828,27,317,AYUDANTE 2,12.0,20260828-CONDESTABLE-XLM75UFDR-004-A
754,20260828,27,122,PERFORISTA,12.0,20260828-CONDESTABLE-XLM75UFDR-004-B
755,20260828,27,346,AYUDANTE 1,12.0,20260828-CONDESTABLE-XLM75UFDR-004-B
756,20260828,27,387,AYUDANTE 2,12.0,20260828-CONDESTABLE-XLM75UFDR-004-B
757,20260829,27,189,PERFORISTA,12.0,20260829-CONDESTABLE-XLM75UFDR-004-A
758,20260829,27,241,AYUDANTE 1,12.0,20260829-CONDESTABLE-XLM75UFDR-004-A
759,20260829,27,374,AYUDANTE 2,12.0,20260829-CONDESTABLE-XLM75UFDR-004-A
760,20260829,27,122,PERFORISTA,12.0,20260829-CONDESTABLE-XLM75UFDR-004-B
761,20260829,27,346,AYUDANTE 1,12.0,20260829-CONDESTABLE-XLM75UFDR-004-B
762,20260829,27,387,AYUDANTE 2,12.0,20260829-CONDESTABLE-XLM75UFDR-004-B
763,20260830,27,189,PERFORISTA,12.0,20260830-CONDESTABLE-XLM75UFDR-004-A
764,20260830,27,241,AYUDANTE 1,12.0,20260830-CONDESTABLE-XLM75UFDR-004-A
765,20260830,27,58,AYUDANTE 2,12.0,20260830-CONDESTABLE-XLM75UFDR-004-A
766,20260830,27,122,PERFORISTA,12.0,20260830-CONDESTABLE-XLM75UFDR-004-B
767,20260830,27,346,AYUDANTE 1,12.0,20260830-CONDESTABLE-XLM75UFDR-004-B
768,20260830,27,387,AYUDANTE 2,12.0,20260830-CONDESTABLE-XLM75UFDR-004-B
769,20260826,28,292,PERFORISTA,12.0,20260826-CONDESTABLE-XRD150USS-003-A
770,20260826,28,49,AYUDANTE 1,12.0,20260826-CONDESTABLE-XRD150USS-003-A
771,20260826,28,293,AYUDANTE 2,12.0,20260826-CONDESTABLE-XRD150USS-003-A
772,20260826,28,143,PERFORISTA,12.0,20260826-CONDESTABLE-XRD150USS-003-B
773,20260826,28,65,AYUDANTE 1,12.0,20260826-CONDESTABLE-XRD150USS-003-B
774,20260826,28,205,AYUDANTE 2,12.0,20260826-CONDESTABLE-XRD150USS-003-B
775,20260827,28,315,PERFORISTA,12.0,20260827-CONDESTABLE-XRD150USS-003-A
776,20260827,28,374,AYUDANTE 1,12.0,20260827-CONDESTABLE-XRD150USS-003-A
777,20260827,28,234,AYUDANTE 2,12.0,20260827-CONDESTABLE-XRD150USS-003-A
778,20260827,28,292,PERFORISTA,12.0,20260827-CONDESTABLE-XRD150USS-003-B
779,20260827,28,49,AYUDANTE 1,12.0,20260827-CONDESTABLE-XRD150USS-003-B
780,20260827,28,293,AYUDANTE 2,12.0,20260827-CONDESTABLE-XRD150USS-003-B
781,20260828,28,315,PERFORISTA,12.0,20260828-CONDESTABLE-XRD150USS-003-A
782,20260828,28,55,AYUDANTE 1,12.0,20260828-CONDESTABLE-XRD150USS-003-A
783,20260828,28,201,AYUDANTE 2,12.0,20260828-CONDESTABLE-XRD150USS-003-A
784,20260828,28,292,PERFORISTA,12.0,20260828-CONDESTABLE-XRD150USS-003-B
785,20260828,28,49,AYUDANTE 1,12.0,20260828-CONDESTABLE-XRD150USS-003-B
786,20260828,28,293,AYUDANTE 2,12.0,20260828-CONDESTABLE-XRD150USS-003-B
787,20260829,28,315,PERFORISTA,12.0,20260829-CONDESTABLE-XRD150USS-003-A
788,20260829,28,55,AYUDANTE 1,12.0,20260829-CONDESTABLE-XRD150USS-003-A
789,20260829,28,205,AYUDANTE 2,12.0,20260829-CONDESTABLE-XRD150USS-003-A
790,20260829,28,292,PERFORISTA,12.0,20260829-CONDESTABLE-XRD150USS-003-B
791,20260829,28,49,AYUDANTE 1,12.0,20260829-CONDESTABLE-XRD150USS-003-B
792,20260829,28,293,AYUDANTE 2,12.0,20260829-CONDESTABLE-XRD150USS-003-B
793,20260830,28,315,PERFORISTA,12.0,20260830-CONDESTABLE-XRD150USS-003-A
794,20260830,28,55,AYUDANTE 1,12.0,20260830-CONDESTABLE-XRD150USS-003-A
795,20260830,28,201,AYUDANTE 2,12.0,20260830-CONDESTABLE-XRD150USS-003-A
796,20260830,28,292,PERFORISTA,12.0,20260830-CONDESTABLE-XRD150USS-003-B
797,20260830,28,49,AYUDANTE 1,12.0,20260830-CONDESTABLE-XRD150USS-003-B
798,20260830,28,293,AYUDANTE 2,12.0,20260830-CONDESTABLE-XRD150USS-003-B
799,20260826,30,255,PERFORISTA,12.0,20260826-CUCULI-XRD100ST-001-A
800,20260826,30,155,AYUDANTE 1,12.0,20260826-CUCULI-XRD100ST-001-A
801,20260826,30,333,AYUDANTE 2,12.0,20260826-CUCULI-XRD100ST-001-A
802,20260826,30,221,PERFORISTA,12.0,20260826-CUCULI-XRD100ST-001-B
803,20260826,30,326,AYUDANTE 1,12.0,20260826-CUCULI-XRD100ST-001-B
804,20260826,30,67,AYUDANTE 2,12.0,20260826-CUCULI-XRD100ST-001-B
805,20260827,30,221,PERFORISTA,12.0,20260827-CUCULI-XRD100ST-001-A
806,20260827,30,326,AYUDANTE 1,12.0,20260827-CUCULI-XRD100ST-001-A
807,20260827,30,67,AYUDANTE 2,12.0,20260827-CUCULI-XRD100ST-001-A
808,20260827,30,277,PERFORISTA,12.0,20260827-CUCULI-XRD100ST-001-B
809,20260827,30,224,AYUDANTE 1,12.0,20260827-CUCULI-XRD100ST-001-B
810,20260827,30,242,AYUDANTE 2,12.0,20260827-CUCULI-XRD100ST-001-B
811,20260828,30,221,PERFORISTA,12.0,20260828-CUCULI-XRD100ST-001-A
812,20260828,30,326,AYUDANTE 1,12.0,20260828-CUCULI-XRD100ST-001-A
813,20260828,30,67,AYUDANTE 2,12.0,20260828-CUCULI-XRD100ST-001-A
814,20260828,30,277,PERFORISTA,12.0,20260828-CUCULI-XRD100ST-001-B
815,20260828,30,224,AYUDANTE 1,12.0,20260828-CUCULI-XRD100ST-001-B
816,20260828,30,242,AYUDANTE 2,12.0,20260828-CUCULI-XRD100ST-001-B
817,20260829,30,221,PERFORISTA,12.0,20260829-CUCULI-XRD100ST-001-A
818,20260829,30,326,AYUDANTE 1,12.0,20260829-CUCULI-XRD100ST-001-A
819,20260829,30,67,AYUDANTE 2,12.0,20260829-CUCULI-XRD100ST-001-A
820,20260829,30,277,PERFORISTA,12.0,20260829-CUCULI-XRD100ST-001-B
821,20260829,30,224,AYUDANTE 1,12.0,20260829-CUCULI-XRD100ST-001-B
822,20260829,30,242,AYUDANTE 2,12.0,20260829-CUCULI-XRD100ST-001-B
823,20260830,30,221,PERFORISTA,12.0,20260830-CUCULI-XRD100ST-001-A
824,20260830,30,326,AYUDANTE 1,12.0,20260830-CUCULI-XRD100ST-001-A
825,20260830,30,67,AYUDANTE 2,12.0,20260830-CUCULI-XRD100ST-001-A
826,20260830,30,277,PERFORISTA,12.0,20260830-CUCULI-XRD100ST-001-B
827,20260830,30,224,AYUDANTE 1,12.0,20260830-CUCULI-XRD100ST-001-B
828,20260830,30,242,AYUDANTE 2,12.0,20260830-CUCULI-XRD100ST-001-B
829,20260826,35,23,PERFORISTA,12.0,20260826-INMACULADA-XRD80USS-008-A
830,20260826,35,356,AYUDANTE 1,12.0,20260826-INMACULADA-XRD80USS-008-A
831,20260826,35,81,AYUDANTE 2,12.0,20260826-INMACULADA-XRD80USS-008-A
832,20260826,35,3,PERFORISTA,12.0,20260826-INMACULADA-XRD80USS-008-B
833,20260826,35,3,AYUDANTE 1,12.0,20260826-INMACULADA-XRD80USS-008-B
834,20260826,35,3,AYUDANTE 2,12.0,20260826-INMACULADA-XRD80USS-008-B
835,20260827,35,23,PERFORISTA,12.0,20260827-INMACULADA-XRD80USS-008-A
836,20260827,35,356,AYUDANTE 1,12.0,20260827-INMACULADA-XRD80USS-008-A
837,20260827,35,81,AYUDANTE 2,12.0,20260827-INMACULADA-XRD80USS-008-A
838,20260827,35,3,PERFORISTA,12.0,20260827-INMACULADA-XRD80USS-008-B
839,20260827,35,3,AYUDANTE 1,12.0,20260827-INMACULADA-XRD80USS-008-B
840,20260827,35,3,AYUDANTE 2,12.0,20260827-INMACULADA-XRD80USS-008-B
841,20260828,35,381,PERFORISTA,12.0,20260828-INMACULADA-XRD80USS-008-A
842,20260828,35,246,AYUDANTE 1,12.0,20260828-INMACULADA-XRD80USS-008-A
843,20260828,35,300,AYUDANTE 2,12.0,20260828-INMACULADA-XRD80USS-008-A
844,20260828,35,74,PERFORISTA,12.0,20260828-INMACULADA-XRD80USS-008-B
845,20260828,35,296,AYUDANTE 1,12.0,20260828-INMACULADA-XRD80USS-008-B
846,20260828,35,298,AYUDANTE 2,12.0,20260828-INMACULADA-XRD80USS-008-B
847,20260829,35,381,PERFORISTA,12.0,20260829-INMACULADA-XRD80USS-008-A
848,20260829,35,246,AYUDANTE 1,12.0,20260829-INMACULADA-XRD80USS-008-A
849,20260829,35,300,AYUDANTE 2,12.0,20260829-INMACULADA-XRD80USS-008-A
850,20260829,35,74,PERFORISTA,12.0,20260829-INMACULADA-XRD80USS-008-B
851,20260829,35,296,AYUDANTE 1,12.0,20260829-INMACULADA-XRD80USS-008-B
852,20260829,35,298,AYUDANTE 2,12.0,20260829-INMACULADA-XRD80USS-008-B
853,20260830,35,398,PERFORISTA,12.0,20260830-INMACULADA-XRD80USS-008-A
854,20260830,35,46,AYUDANTE 1,12.0,20260830-INMACULADA-XRD80USS-008-A
855,20260830,35,185,AYUDANTE 2,12.0,20260830-INMACULADA-XRD80USS-008-A
856,20260830,35,74,PERFORISTA,12.0,20260830-INMACULADA-XRD80USS-008-B
857,20260830,35,296,AYUDANTE 1,12.0,20260830-INMACULADA-XRD80USS-008-B
858,20260830,35,298,AYUDANTE 2,12.0,20260830-INMACULADA-XRD80USS-008-B
859,20260826,37,336,PERFORISTA,12.0,20260826-INMACULADA-XRD90U-016-A
860,20260826,37,391,AYUDANTE 1,12.0,20260826-INMACULADA-XRD90U-016-A
861,20260826,37,182,AYUDANTE 2,12.0,20260826-INMACULADA-XRD90U-016-A
862,20260826,37,409,PERFORISTA,12.0,20260826-INMACULADA-XRD90U-016-B
863,20260826,37,270,AYUDANTE 1,12.0,20260826-INMACULADA-XRD90U-016-B
864,20260826,37,403,AYUDANTE 2,12.0,20260826-INMACULADA-XRD90U-016-B
865,20260827,37,336,PERFORISTA,12.0,20260827-INMACULADA-XRD90U-016-A
866,20260827,37,391,AYUDANTE 1,12.0,20260827-INMACULADA-XRD90U-016-A
867,20260827,37,182,AYUDANTE 2,12.0,20260827-INMACULADA-XRD90U-016-A
868,20260827,37,409,PERFORISTA,12.0,20260827-INMACULADA-XRD90U-016-B
869,20260827,37,270,AYUDANTE 1,12.0,20260827-INMACULADA-XRD90U-016-B
870,20260827,37,403,AYUDANTE 2,12.0,20260827-INMACULADA-XRD90U-016-B
871,20260828,37,409,PERFORISTA,12.0,20260828-INMACULADA-XRD90U-016-A
872,20260828,37,270,AYUDANTE 1,12.0,20260828-INMACULADA-XRD90U-016-A
873,20260828,37,403,AYUDANTE 2,12.0,20260828-INMACULADA-XRD90U-016-A
874,20260828,37,354,PERFORISTA,12.0,20260828-INMACULADA-XRD90U-016-B
875,20260828,37,370,AYUDANTE 1,12.0,20260828-INMACULADA-XRD90U-016-B
876,20260828,37,121,AYUDANTE 2,12.0,20260828-INMACULADA-XRD90U-016-B
877,20260829,37,409,PERFORISTA,12.0,20260829-INMACULADA-XRD90U-016-A
878,20260829,37,270,AYUDANTE 1,12.0,20260829-INMACULADA-XRD90U-016-A
879,20260829,37,403,AYUDANTE 2,12.0,20260829-INMACULADA-XRD90U-016-A
880,20260829,37,354,PERFORISTA,12.0,20260829-INMACULADA-XRD90U-016-B
881,20260829,37,370,AYUDANTE 1,12.0,20260829-INMACULADA-XRD90U-016-B
882,20260829,37,121,AYUDANTE 2,12.0,20260829-INMACULADA-XRD90U-016-B
883,20260830,37,409,PERFORISTA,12.0,20260830-INMACULADA-XRD90U-016-A
884,20260830,37,270,AYUDANTE 1,12.0,20260830-INMACULADA-XRD90U-016-A
885,20260830,37,403,AYUDANTE 2,12.0,20260830-INMACULADA-XRD90U-016-A
886,20260830,37,354,PERFORISTA,12.0,20260830-INMACULADA-XRD90U-016-B
887,20260830,37,370,AYUDANTE 1,12.0,20260830-INMACULADA-XRD90U-016-B
888,20260830,37,121,AYUDANTE 2,12.0,20260830-INMACULADA-XRD90U-016-B
889,20260826,32,310,PERFORISTA,12.0,20260826-INMACULADA-XRD150U-003-A
890,20260826,32,219,AYUDANTE 1,12.0,20260826-INMACULADA-XRD150U-003-A
891,20260826,32,94,AYUDANTE 2,12.0,20260826-INMACULADA-XRD150U-003-A
892,20260826,32,380,PERFORISTA,12.0,20260826-INMACULADA-XRD150U-003-B
893,20260826,32,43,AYUDANTE 1,12.0,20260826-INMACULADA-XRD150U-003-B
894,20260826,32,311,AYUDANTE 2,12.0,20260826-INMACULADA-XRD150U-003-B
895,20260827,32,310,PERFORISTA,12.0,20260827-INMACULADA-XRD150U-003-A
896,20260827,32,219,AYUDANTE 1,12.0,20260827-INMACULADA-XRD150U-003-A
897,20260827,32,94,AYUDANTE 2,12.0,20260827-INMACULADA-XRD150U-003-A
898,20260827,32,380,PERFORISTA,12.0,20260827-INMACULADA-XRD150U-003-B
899,20260827,32,43,AYUDANTE 1,12.0,20260827-INMACULADA-XRD150U-003-B
900,20260827,32,311,AYUDANTE 2,12.0,20260827-INMACULADA-XRD150U-003-B
901,20260828,32,380,PERFORISTA,12.0,20260828-INMACULADA-XRD150U-003-A
902,20260828,32,43,AYUDANTE 1,12.0,20260828-INMACULADA-XRD150U-003-A
903,20260828,32,311,AYUDANTE 2,12.0,20260828-INMACULADA-XRD150U-003-A
904,20260828,32,157,PERFORISTA,12.0,20260828-INMACULADA-XRD150U-003-B
905,20260828,32,154,AYUDANTE 1,12.0,20260828-INMACULADA-XRD150U-003-B
906,20260828,32,184,AYUDANTE 2,12.0,20260828-INMACULADA-XRD150U-003-B
907,20260829,32,380,PERFORISTA,12.0,20260829-INMACULADA-XRD150U-003-A
908,20260829,32,43,AYUDANTE 1,12.0,20260829-INMACULADA-XRD150U-003-A
909,20260829,32,311,AYUDANTE 2,12.0,20260829-INMACULADA-XRD150U-003-A
910,20260829,32,157,PERFORISTA,12.0,20260829-INMACULADA-XRD150U-003-B
911,20260829,32,154,AYUDANTE 1,12.0,20260829-INMACULADA-XRD150U-003-B
912,20260829,32,184,AYUDANTE 2,12.0,20260829-INMACULADA-XRD150U-003-B
913,20260830,32,380,PERFORISTA,12.0,20260830-INMACULADA-XRD150U-003-A
914,20260830,32,43,AYUDANTE 1,12.0,20260830-INMACULADA-XRD150U-003-A
915,20260830,32,311,AYUDANTE 2,12.0,20260830-INMACULADA-XRD150U-003-A
916,20260830,32,157,PERFORISTA,12.0,20260830-INMACULADA-XRD150U-003-B
917,20260830,32,154,AYUDANTE 1,12.0,20260830-INMACULADA-XRD150U-003-B
918,20260830,32,184,AYUDANTE 2,12.0,20260830-INMACULADA-XRD150U-003-B
919,20260826,31,239,PERFORISTA,12.0,20260826-INMACULADA-XLM75UFDR-001-A
920,20260826,31,396,AYUDANTE 1,12.0,20260826-INMACULADA-XLM75UFDR-001-A
921,20260826,31,377,AYUDANTE 2,12.0,20260826-INMACULADA-XLM75UFDR-001-A
922,20260826,31,3,PERFORISTA,12.0,20260826-INMACULADA-XLM75UFDR-001-B
923,20260826,31,3,AYUDANTE 1,12.0,20260826-INMACULADA-XLM75UFDR-001-B
924,20260826,31,3,AYUDANTE 2,12.0,20260826-INMACULADA-XLM75UFDR-001-B
925,20260827,31,239,PERFORISTA,12.0,20260827-INMACULADA-XLM75UFDR-001-A
926,20260827,31,396,AYUDANTE 1,12.0,20260827-INMACULADA-XLM75UFDR-001-A
927,20260827,31,377,AYUDANTE 2,12.0,20260827-INMACULADA-XLM75UFDR-001-A
928,20260827,31,129,PERFORISTA,12.0,20260827-INMACULADA-XLM75UFDR-001-B
929,20260827,31,338,AYUDANTE 1,12.0,20260827-INMACULADA-XLM75UFDR-001-B
930,20260827,31,21,AYUDANTE 2,12.0,20260827-INMACULADA-XLM75UFDR-001-B
931,20260828,31,129,PERFORISTA,12.0,20260828-INMACULADA-XLM75UFDR-001-A
932,20260828,31,338,AYUDANTE 1,12.0,20260828-INMACULADA-XLM75UFDR-001-A
933,20260828,31,21,AYUDANTE 2,12.0,20260828-INMACULADA-XLM75UFDR-001-A
934,20260828,31,138,PERFORISTA,12.0,20260828-INMACULADA-XLM75UFDR-001-B
935,20260828,31,355,AYUDANTE 1,12.0,20260828-INMACULADA-XLM75UFDR-001-B
936,20260828,31,256,AYUDANTE 2,12.0,20260828-INMACULADA-XLM75UFDR-001-B
937,20260829,31,129,PERFORISTA,12.0,20260829-INMACULADA-XLM75UFDR-001-A
938,20260829,31,338,AYUDANTE 1,12.0,20260829-INMACULADA-XLM75UFDR-001-A
939,20260829,31,21,AYUDANTE 2,12.0,20260829-INMACULADA-XLM75UFDR-001-A
940,20260829,31,138,PERFORISTA,12.0,20260829-INMACULADA-XLM75UFDR-001-B
941,20260829,31,355,AYUDANTE 1,12.0,20260829-INMACULADA-XLM75UFDR-001-B
942,20260829,31,256,AYUDANTE 2,12.0,20260829-INMACULADA-XLM75UFDR-001-B
943,20260830,31,129,PERFORISTA,12.0,20260830-INMACULADA-XLM75UFDR-001-A
944,20260830,31,338,AYUDANTE 1,12.0,20260830-INMACULADA-XLM75UFDR-001-A
945,20260830,31,21,AYUDANTE 2,12.0,20260830-INMACULADA-XLM75UFDR-001-A
946,20260830,31,138,PERFORISTA,12.0,20260830-INMACULADA-XLM75UFDR-001-B
947,20260830,31,355,AYUDANTE 1,12.0,20260830-INMACULADA-XLM75UFDR-001-B
948,20260830,31,256,AYUDANTE 2,12.0,20260830-INMACULADA-XLM75UFDR-001-B
949,20260826,34,3,PERFORISTA,12.0,20260826-INMACULADA-XRD250U-001-A
950,20260826,34,3,AYUDANTE 1,12.0,20260826-INMACULADA-XRD250U-001-A
951,20260826,34,3,AYUDANTE 2,12.0,20260826-INMACULADA-XRD250U-001-A
952,20260826,34,3,PERFORISTA,12.0,20260826-INMACULADA-XRD250U-001-B
953,20260826,34,3,AYUDANTE 1,12.0,20260826-INMACULADA-XRD250U-001-B
954,20260826,34,3,AYUDANTE 2,12.0,20260826-INMACULADA-XRD250U-001-B
955,20260827,34,3,PERFORISTA,12.0,20260827-INMACULADA-XRD250U-001-A
956,20260827,34,3,AYUDANTE 1,12.0,20260827-INMACULADA-XRD250U-001-A
957,20260827,34,3,AYUDANTE 2,12.0,20260827-INMACULADA-XRD250U-001-A
958,20260827,34,3,PERFORISTA,12.0,20260827-INMACULADA-XRD250U-001-B
959,20260827,34,3,AYUDANTE 1,12.0,20260827-INMACULADA-XRD250U-001-B
960,20260827,34,3,AYUDANTE 2,12.0,20260827-INMACULADA-XRD250U-001-B
961,20260828,34,3,PERFORISTA,12.0,20260828-INMACULADA-XRD250U-001-A
962,20260828,34,3,AYUDANTE 1,12.0,20260828-INMACULADA-XRD250U-001-A
963,20260828,34,3,AYUDANTE 2,12.0,20260828-INMACULADA-XRD250U-001-A
964,20260828,34,3,PERFORISTA,12.0,20260828-INMACULADA-XRD250U-001-B
965,20260828,34,3,AYUDANTE 1,12.0,20260828-INMACULADA-XRD250U-001-B
966,20260828,34,3,AYUDANTE 2,12.0,20260828-INMACULADA-XRD250U-001-B
967,20260829,34,3,PERFORISTA,12.0,20260829-INMACULADA-XRD250U-001-A
968,20260829,34,3,AYUDANTE 1,12.0,20260829-INMACULADA-XRD250U-001-A
969,20260829,34,3,AYUDANTE 2,12.0,20260829-INMACULADA-XRD250U-001-A
970,20260829,34,3,PERFORISTA,12.0,20260829-INMACULADA-XRD250U-001-B
971,20260829,34,3,AYUDANTE 1,12.0,20260829-INMACULADA-XRD250U-001-B
972,20260829,34,3,AYUDANTE 2,12.0,20260829-INMACULADA-XRD250U-001-B
973,20260830,34,3,PERFORISTA,12.0,20260830-INMACULADA-XRD250U-001-A
974,20260830,34,3,AYUDANTE 1,12.0,20260830-INMACULADA-XRD250U-001-A
975,20260830,34,3,AYUDANTE 2,12.0,20260830-INMACULADA-XRD250U-001-A
976,20260830,34,3,PERFORISTA,12.0,20260830-INMACULADA-XRD250U-001-B
977,20260830,34,3,AYUDANTE 1,12.0,20260830-INMACULADA-XRD250U-001-B
978,20260830,34,3,AYUDANTE 2,12.0,20260830-INMACULADA-XRD250U-001-B
979,20260826,36,190,PERFORISTA,12.0,20260826-INMACULADA-XRD90U-012-A
980,20260826,36,87,AYUDANTE 1,12.0,20260826-INMACULADA-XRD90U-012-A
981,20260826,36,186,AYUDANTE 2,12.0,20260826-INMACULADA-XRD90U-012-A
982,20260826,36,129,PERFORISTA,12.0,20260826-INMACULADA-XRD90U-012-B
983,20260826,36,338,AYUDANTE 1,12.0,20260826-INMACULADA-XRD90U-012-B
984,20260826,36,21,AYUDANTE 2,12.0,20260826-INMACULADA-XRD90U-012-B
985,20260827,36,190,PERFORISTA,12.0,20260827-INMACULADA-XRD90U-012-A
986,20260827,36,87,AYUDANTE 1,12.0,20260827-INMACULADA-XRD90U-012-A
987,20260827,36,186,AYUDANTE 2,12.0,20260827-INMACULADA-XRD90U-012-A
988,20260827,36,3,PERFORISTA,12.0,20260827-INMACULADA-XRD90U-012-B
989,20260827,36,3,AYUDANTE 1,12.0,20260827-INMACULADA-XRD90U-012-B
990,20260827,36,3,AYUDANTE 2,12.0,20260827-INMACULADA-XRD90U-012-B
991,20260828,36,3,PERFORISTA,12.0,20260828-INMACULADA-XRD90U-012-A
992,20260828,36,3,AYUDANTE 1,12.0,20260828-INMACULADA-XRD90U-012-A
993,20260828,36,3,AYUDANTE 2,12.0,20260828-INMACULADA-XRD90U-012-A
994,20260828,36,3,PERFORISTA,12.0,20260828-INMACULADA-XRD90U-012-B
995,20260828,36,3,AYUDANTE 1,12.0,20260828-INMACULADA-XRD90U-012-B
996,20260828,36,3,AYUDANTE 2,12.0,20260828-INMACULADA-XRD90U-012-B
997,20260829,36,3,PERFORISTA,12.0,20260829-INMACULADA-XRD90U-012-A
998,20260829,36,3,AYUDANTE 1,12.0,20260829-INMACULADA-XRD90U-012-A
999,20260829,36,3,AYUDANTE 2,12.0,20260829-INMACULADA-XRD90U-012-A
1000,20260829,36,3,PERFORISTA,12.0,20260829-INMACULADA-XRD90U-012-B
1001,20260829,36,3,AYUDANTE 1,12.0,20260829-INMACULADA-XRD90U-012-B
1002,20260829,36,3,AYUDANTE 2,12.0,20260829-INMACULADA-XRD90U-012-B
1003,20260830,36,3,PERFORISTA,12.0,20260830-INMACULADA-XRD90U-012-A
1004,20260830,36,3,AYUDANTE 1,12.0,20260830-INMACULADA-XRD90U-012-A
1005,20260830,36,3,AYUDANTE 2,12.0,20260830-INMACULADA-XRD90U-012-A
1006,20260830,36,3,PERFORISTA,12.0,20260830-INMACULADA-XRD90U-012-B
1007,20260830,36,3,AYUDANTE 1,12.0,20260830-INMACULADA-XRD90U-012-B
1008,20260830,36,3,AYUDANTE 2,12.0,20260830-INMACULADA-XRD90U-012-B
1009,20260826,33,411,PERFORISTA,12.0,20260826-INMACULADA-XRD150USS-004-A
1010,20260826,33,93,AYUDANTE 1,12.0,20260826-INMACULADA-XRD150USS-004-A
1011,20260826,33,188,AYUDANTE 2,12.0,20260826-INMACULADA-XRD150USS-004-A
1012,20260826,33,398,PERFORISTA,12.0,20260826-INMACULADA-XRD150USS-004-B
1013,20260826,33,46,AYUDANTE 1,12.0,20260826-INMACULADA-XRD150USS-004-B
1014,20260826,33,185,AYUDANTE 2,12.0,20260826-INMACULADA-XRD150USS-004-B
1015,20260826,33,398,PERFORISTA,12.0,20260826-INMACULADA-XRD150USS-004-B
1016,20260826,33,46,AYUDANTE 1,12.0,20260826-INMACULADA-XRD150USS-004-B
1017,20260826,33,185,AYUDANTE 2,12.0,20260826-INMACULADA-XRD150USS-004-B
1018,20260827,33,411,PERFORISTA,12.0,20260827-INMACULADA-XRD150USS-004-A
1019,20260827,33,93,AYUDANTE 1,12.0,20260827-INMACULADA-XRD150USS-004-A
1020,20260827,33,188,AYUDANTE 2,12.0,20260827-INMACULADA-XRD150USS-004-A
1021,20260827,33,398,PERFORISTA,12.0,20260827-INMACULADA-XRD150USS-004-B
1022,20260827,33,46,AYUDANTE 1,12.0,20260827-INMACULADA-XRD150USS-004-B
1023,20260827,33,185,AYUDANTE 2,12.0,20260827-INMACULADA-XRD150USS-004-B
1024,20260827,33,398,PERFORISTA,12.0,20260827-INMACULADA-XRD150USS-004-B
1025,20260827,33,46,AYUDANTE 1,12.0,20260827-INMACULADA-XRD150USS-004-B
1026,20260827,33,185,AYUDANTE 2,12.0,20260827-INMACULADA-XRD150USS-004-B
1027,20260828,33,398,PERFORISTA,12.0,20260828-INMACULADA-XRD150USS-004-A
1028,20260828,33,46,AYUDANTE 1,12.0,20260828-INMACULADA-XRD150USS-004-A
1029,20260828,33,185,AYUDANTE 2,12.0,20260828-INMACULADA-XRD150USS-004-A
1030,20260828,33,279,PERFORISTA,12.0,20260828-INMACULADA-XRD150USS-004-B
1031,20260828,33,180,AYUDANTE 1,12.0,20260828-INMACULADA-XRD150USS-004-B
1032,20260828,33,127,AYUDANTE 2,12.0,20260828-INMACULADA-XRD150USS-004-B
1033,20260828,33,279,PERFORISTA,12.0,20260828-INMACULADA-XRD150USS-004-B
1034,20260828,33,180,AYUDANTE 1,12.0,20260828-INMACULADA-XRD150USS-004-B
1035,20260828,33,127,AYUDANTE 2,12.0,20260828-INMACULADA-XRD150USS-004-B
1036,20260829,33,398,PERFORISTA,12.0,20260829-INMACULADA-XRD150USS-004-A
1037,20260829,33,46,AYUDANTE 1,12.0,20260829-INMACULADA-XRD150USS-004-A
1038,20260829,33,185,AYUDANTE 2,12.0,20260829-INMACULADA-XRD150USS-004-A
1039,20260829,33,279,PERFORISTA,12.0,20260829-INMACULADA-XRD150USS-004-B
1040,20260829,33,180,AYUDANTE 1,12.0,20260829-INMACULADA-XRD150USS-004-B
1041,20260829,33,127,AYUDANTE 2,12.0,20260829-INMACULADA-XRD150USS-004-B
1042,20260830,33,381,PERFORISTA,12.0,20260830-INMACULADA-XRD150USS-004-A
1043,20260830,33,246,AYUDANTE 1,12.0,20260830-INMACULADA-XRD150USS-004-A
1044,20260830,33,300,AYUDANTE 2,12.0,20260830-INMACULADA-XRD150USS-004-A
1045,20260830,33,279,PERFORISTA,12.0,20260830-INMACULADA-XRD150USS-004-B
1046,20260830,33,180,AYUDANTE 1,12.0,20260830-INMACULADA-XRD150USS-004-B
1047,20260830,33,127,AYUDANTE 2,12.0,20260830-INMACULADA-XRD150USS-004-B
1048,20260826,38,197,PERFORISTA,12.0,20260826-LA ESTRELLA-XRD150U-004-A
1049,20260826,38,36,AYUDANTE 1,12.0,20260826-LA ESTRELLA-XRD150U-004-A
1050,20260826,38,228,AYUDANTE 2,12.0,20260826-LA ESTRELLA-XRD150U-004-A
1051,20260826,38,31,PERFORISTA,12.0,20260826-LA ESTRELLA-XRD150U-004-B
1052,20260826,38,118,AYUDANTE 1,12.0,20260826-LA ESTRELLA-XRD150U-004-B
1053,20260826,38,11,AYUDANTE 2,12.0,20260826-LA ESTRELLA-XRD150U-004-B
1054,20260827,38,197,PERFORISTA,12.0,20260827-LA ESTRELLA-XRD150U-004-A
1055,20260827,38,36,AYUDANTE 1,12.0,20260827-LA ESTRELLA-XRD150U-004-A
1056,20260827,38,228,AYUDANTE 2,12.0,20260827-LA ESTRELLA-XRD150U-004-A
1057,20260827,38,31,PERFORISTA,12.0,20260827-LA ESTRELLA-XRD150U-004-B
1058,20260827,38,118,AYUDANTE 1,12.0,20260827-LA ESTRELLA-XRD150U-004-B
1059,20260827,38,11,AYUDANTE 2,12.0,20260827-LA ESTRELLA-XRD150U-004-B
1060,20260828,38,197,PERFORISTA,12.0,20260828-LA ESTRELLA-XRD150U-004-A
1061,20260828,38,36,AYUDANTE 1,12.0,20260828-LA ESTRELLA-XRD150U-004-A
1062,20260828,38,228,AYUDANTE 2,12.0,20260828-LA ESTRELLA-XRD150U-004-A
1063,20260828,38,31,PERFORISTA,12.0,20260828-LA ESTRELLA-XRD150U-004-B
1064,20260828,38,118,AYUDANTE 1,12.0,20260828-LA ESTRELLA-XRD150U-004-B
1065,20260828,38,11,AYUDANTE 2,12.0,20260828-LA ESTRELLA-XRD150U-004-B
1066,20260829,38,197,PERFORISTA,12.0,20260829-LA ESTRELLA-XRD150U-004-A
1067,20260829,38,36,AYUDANTE 1,12.0,20260829-LA ESTRELLA-XRD150U-004-A
1068,20260829,38,228,AYUDANTE 2,12.0,20260829-LA ESTRELLA-XRD150U-004-A
1069,20260829,38,31,PERFORISTA,12.0,20260829-LA ESTRELLA-XRD150U-004-B
1070,20260829,38,118,AYUDANTE 1,12.0,20260829-LA ESTRELLA-XRD150U-004-B
1071,20260829,38,11,AYUDANTE 2,12.0,20260829-LA ESTRELLA-XRD150U-004-B
1072,20260830,38,197,PERFORISTA,12.0,20260830-LA ESTRELLA-XRD150U-004-A
1073,20260830,38,36,AYUDANTE 1,12.0,20260830-LA ESTRELLA-XRD150U-004-A
1074,20260830,38,228,AYUDANTE 2,12.0,20260830-LA ESTRELLA-XRD150U-004-A
1075,20260830,38,31,PERFORISTA,12.0,20260830-LA ESTRELLA-XRD150U-004-B
1076,20260830,38,118,AYUDANTE 1,12.0,20260830-LA ESTRELLA-XRD150U-004-B
1077,20260830,38,11,AYUDANTE 2,12.0,20260830-LA ESTRELLA-XRD150U-004-B
1078,20260826,39,257,PERFORISTA,12.0,20260826-LA ESTRELLA-XRD150U-006-A
1079,20260826,39,159,AYUDANTE 1,12.0,20260826-LA ESTRELLA-XRD150U-006-A
1080,20260826,39,173,AYUDANTE 2,12.0,20260826-LA ESTRELLA-XRD150U-006-A
1081,20260826,39,385,PERFORISTA,12.0,20260826-LA ESTRELLA-XRD150U-006-B
1082,20260826,39,343,AYUDANTE 1,12.0,20260826-LA ESTRELLA-XRD150U-006-B
1083,20260826,39,136,AYUDANTE 2,12.0,20260826-LA ESTRELLA-XRD150U-006-B
1084,20260827,39,257,PERFORISTA,12.0,20260827-LA ESTRELLA-XRD150U-006-A
1085,20260827,39,159,AYUDANTE 1,12.0,20260827-LA ESTRELLA-XRD150U-006-A
1086,20260827,39,173,AYUDANTE 2,12.0,20260827-LA ESTRELLA-XRD150U-006-A
1087,20260827,39,385,PERFORISTA,12.0,20260827-LA ESTRELLA-XRD150U-006-B
1088,20260827,39,343,AYUDANTE 1,12.0,20260827-LA ESTRELLA-XRD150U-006-B
1089,20260827,39,136,AYUDANTE 2,12.0,20260827-LA ESTRELLA-XRD150U-006-B
1090,20260828,39,257,PERFORISTA,12.0,20260828-LA ESTRELLA-XRD150U-006-A
1091,20260828,39,159,AYUDANTE 1,12.0,20260828-LA ESTRELLA-XRD150U-006-A
1092,20260828,39,342,AYUDANTE 2,12.0,20260828-LA ESTRELLA-XRD150U-006-A
1093,20260828,39,385,PERFORISTA,12.0,20260828-LA ESTRELLA-XRD150U-006-B
1094,20260828,39,3,AYUDANTE 1,12.0,20260828-LA ESTRELLA-XRD150U-006-B
1095,20260828,39,174,AYUDANTE 2,12.0,20260828-LA ESTRELLA-XRD150U-006-B
1096,20260829,39,257,PERFORISTA,12.0,20260829-LA ESTRELLA-XRD150U-006-A
1097,20260829,39,159,AYUDANTE 1,12.0,20260829-LA ESTRELLA-XRD150U-006-A
1098,20260829,39,342,AYUDANTE 2,12.0,20260829-LA ESTRELLA-XRD150U-006-A
1099,20260829,39,385,PERFORISTA,12.0,20260829-LA ESTRELLA-XRD150U-006-B
1100,20260829,39,3,AYUDANTE 1,12.0,20260829-LA ESTRELLA-XRD150U-006-B
1101,20260829,39,174,AYUDANTE 2,12.0,20260829-LA ESTRELLA-XRD150U-006-B
1102,20260830,39,257,PERFORISTA,12.0,20260830-LA ESTRELLA-XRD150U-006-A
1103,20260830,39,159,AYUDANTE 1,12.0,20260830-LA ESTRELLA-XRD150U-006-A
1104,20260830,39,342,AYUDANTE 2,12.0,20260830-LA ESTRELLA-XRD150U-006-A
1105,20260830,39,385,PERFORISTA,12.0,20260830-LA ESTRELLA-XRD150U-006-B
1106,20260830,39,3,AYUDANTE 1,12.0,20260830-LA ESTRELLA-XRD150U-006-B
1107,20260830,39,174,AYUDANTE 2,12.0,20260830-LA ESTRELLA-XRD150U-006-B
1108,20260826,42,294,PERFORISTA,12.0,20260826-MOROCOCHA-XRD90USS-005-A
1109,20260826,42,302,AYUDANTE 1,12.0,20260826-MOROCOCHA-XRD90USS-005-A
1110,20260826,42,392,AYUDANTE 2,12.0,20260826-MOROCOCHA-XRD90USS-005-A
1111,20260826,42,167,PERFORISTA,12.0,20260826-MOROCOCHA-XRD90USS-005-B
1112,20260826,42,156,AYUDANTE 1,12.0,20260826-MOROCOCHA-XRD90USS-005-B
1113,20260826,42,225,AYUDANTE 2,12.0,20260826-MOROCOCHA-XRD90USS-005-B
1114,20260827,42,294,PERFORISTA,12.0,20260827-MOROCOCHA-XRD90USS-005-A
1115,20260827,42,302,AYUDANTE 1,12.0,20260827-MOROCOCHA-XRD90USS-005-A
1116,20260827,42,392,AYUDANTE 2,12.0,20260827-MOROCOCHA-XRD90USS-005-A
1117,20260827,42,136,PERFORISTA,12.0,20260827-MOROCOCHA-XRD90USS-005-B
1118,20260827,42,136,AYUDANTE 1,12.0,20260827-MOROCOCHA-XRD90USS-005-B
1119,20260827,42,136,AYUDANTE 2,12.0,20260827-MOROCOCHA-XRD90USS-005-B
1120,20260828,42,120,PERFORISTA,12.0,20260828-MOROCOCHA-XRD90USS-005-B
1121,20260828,42,309,AYUDANTE 1,12.0,20260828-MOROCOCHA-XRD90USS-005-B
1122,20260828,42,83,AYUDANTE 2,12.0,20260828-MOROCOCHA-XRD90USS-005-B
1123,20260828,42,136,PERFORISTA,12.0,20260828-MOROCOCHA-XRD90USS-005-B
1124,20260828,42,136,AYUDANTE 1,12.0,20260828-MOROCOCHA-XRD90USS-005-B
1125,20260828,42,136,AYUDANTE 2,12.0,20260828-MOROCOCHA-XRD90USS-005-B
1126,20260829,42,161,PERFORISTA,12.0,20260829-MOROCOCHA-XRD90USS-005-A
1127,20260829,42,309,AYUDANTE 1,12.0,20260829-MOROCOCHA-XRD90USS-005-A
1128,20260829,42,83,AYUDANTE 2,12.0,20260829-MOROCOCHA-XRD90USS-005-A
1129,20260830,42,161,PERFORISTA,12.0,20260830-MOROCOCHA-XRD90USS-005-A
1130,20260830,42,309,AYUDANTE 1,12.0,20260830-MOROCOCHA-XRD90USS-005-A
1131,20260830,42,83,AYUDANTE 2,12.0,20260830-MOROCOCHA-XRD90USS-005-A
1132,20260826,40,136,PERFORISTA,12.0,20260826-MOROCOCHA-XRD150USS-002-A
1133,20260826,40,136,AYUDANTE 1,12.0,20260826-MOROCOCHA-XRD150USS-002-A
1134,20260826,40,136,AYUDANTE 2,12.0,20260826-MOROCOCHA-XRD150USS-002-A
1135,20260826,40,52,PERFORISTA,12.0,20260826-MOROCOCHA-XRD150USS-002-B
1136,20260826,40,216,AYUDANTE 1,12.0,20260826-MOROCOCHA-XRD150USS-002-B
1137,20260826,40,199,AYUDANTE 2,12.0,20260826-MOROCOCHA-XRD150USS-002-B
1138,20260827,40,136,PERFORISTA,12.0,20260827-MOROCOCHA-XRD150USS-002-A
1139,20260827,40,136,AYUDANTE 1,12.0,20260827-MOROCOCHA-XRD150USS-002-A
1140,20260827,40,136,AYUDANTE 2,12.0,20260827-MOROCOCHA-XRD150USS-002-A
1141,20260827,40,52,PERFORISTA,12.0,20260827-MOROCOCHA-XRD150USS-002-B
1142,20260827,40,216,AYUDANTE 1,12.0,20260827-MOROCOCHA-XRD150USS-002-B
1143,20260827,40,199,AYUDANTE 2,12.0,20260827-MOROCOCHA-XRD150USS-002-B
1144,20260828,40,136,PERFORISTA,12.0,20260828-MOROCOCHA-XRD150USS-002-A
1145,20260828,40,136,AYUDANTE 1,12.0,20260828-MOROCOCHA-XRD150USS-002-A
1146,20260828,40,136,AYUDANTE 2,12.0,20260828-MOROCOCHA-XRD150USS-002-A
1147,20260828,40,295,PERFORISTA,12.0,20260828-MOROCOCHA-XRD150USS-002-B
1148,20260828,40,303,AYUDANTE 1,12.0,20260828-MOROCOCHA-XRD150USS-002-B
1149,20260828,40,393,AYUDANTE 2,12.0,20260828-MOROCOCHA-XRD150USS-002-B
1150,20260829,40,136,PERFORISTA,12.0,20260829-MOROCOCHA-XRD150USS-002-A
1151,20260829,40,136,AYUDANTE 1,12.0,20260829-MOROCOCHA-XRD150USS-002-A
1152,20260829,40,136,AYUDANTE 2,12.0,20260829-MOROCOCHA-XRD150USS-002-A
1153,20260829,40,295,PERFORISTA,12.0,20260829-MOROCOCHA-XRD150USS-002-B
1154,20260829,40,303,AYUDANTE 1,12.0,20260829-MOROCOCHA-XRD150USS-002-B
1155,20260829,40,393,AYUDANTE 2,12.0,20260829-MOROCOCHA-XRD150USS-002-B
1156,20260830,40,295,PERFORISTA,12.0,20260830-MOROCOCHA-XRD150USS-002-B
1157,20260830,40,303,AYUDANTE 1,12.0,20260830-MOROCOCHA-XRD150USS-002-B
1158,20260830,40,393,AYUDANTE 2,12.0,20260830-MOROCOCHA-XRD150USS-002-B
1159,20260827,41,166,PERFORISTA,12.0,20260827-MOROCOCHA-XRD80USS-011-B
1160,20260827,41,156,AYUDANTE 1,12.0,20260827-MOROCOCHA-XRD80USS-011-B
1161,20260827,41,225,AYUDANTE 2,12.0,20260827-MOROCOCHA-XRD80USS-011-B
1162,20260828,41,161,PERFORISTA,12.0,20260828-MOROCOCHA-XRD80USS-011-A
1163,20260828,41,278,AYUDANTE 1,12.0,20260828-MOROCOCHA-XRD80USS-011-A
1164,20260828,41,390,AYUDANTE 2,12.0,20260828-MOROCOCHA-XRD80USS-011-A
1165,20260829,41,120,PERFORISTA,12.0,20260829-MOROCOCHA-XRD80USS-011-B
1166,20260829,41,105,AYUDANTE 1,12.0,20260829-MOROCOCHA-XRD80USS-011-B
1167,20260829,41,136,AYUDANTE 2,12.0,20260829-MOROCOCHA-XRD80USS-011-B
1168,20260830,41,120,PERFORISTA,12.0,20260830-MOROCOCHA-XRD80USS-011-B
1169,20260830,41,105,AYUDANTE 1,12.0,20260830-MOROCOCHA-XRD80USS-011-B
1170,20260830,41,136,AYUDANTE 2,12.0,20260830-MOROCOCHA-XRD80USS-011-B
1171,20260826,46,85,PERFORISTA,12.0,20260826-RAURA-XRD90USS-004-A
1172,20260826,46,101,AYUDANTE 1,12.0,20260826-RAURA-XRD90USS-004-A
1173,20260826,46,119,AYUDANTE 2,12.0,20260826-RAURA-XRD90USS-004-A
1174,20260826,46,215,PERFORISTA,12.0,20260826-RAURA-XRD90USS-004-B
1175,20260826,46,107,AYUDANTE 1,12.0,20260826-RAURA-XRD90USS-004-B
1176,20260826,46,30,AYUDANTE 2,12.0,20260826-RAURA-XRD90USS-004-B
1177,20260827,46,85,PERFORISTA,12.0,20260827-RAURA-XRD90USS-004-A
1178,20260827,46,101,AYUDANTE 1,12.0,20260827-RAURA-XRD90USS-004-A
1179,20260827,46,119,AYUDANTE 2,12.0,20260827-RAURA-XRD90USS-004-A
1180,20260827,46,215,PERFORISTA,12.0,20260827-RAURA-XRD90USS-004-B
1181,20260827,46,107,AYUDANTE 1,12.0,20260827-RAURA-XRD90USS-004-B
1182,20260827,46,30,AYUDANTE 2,12.0,20260827-RAURA-XRD90USS-004-B
1183,20260828,46,85,PERFORISTA,12.0,20260828-RAURA-XRD90USS-004-A
1184,20260828,46,101,AYUDANTE 1,12.0,20260828-RAURA-XRD90USS-004-A
1185,20260828,46,119,AYUDANTE 2,12.0,20260828-RAURA-XRD90USS-004-A
1186,20260828,46,215,PERFORISTA,12.0,20260828-RAURA-XRD90USS-004-B
1187,20260828,46,107,AYUDANTE 1,12.0,20260828-RAURA-XRD90USS-004-B
1188,20260828,46,30,AYUDANTE 2,12.0,20260828-RAURA-XRD90USS-004-B
1189,20260829,46,85,PERFORISTA,12.0,20260829-RAURA-XRD90USS-004-A
1190,20260829,46,101,AYUDANTE 1,12.0,20260829-RAURA-XRD90USS-004-A
1191,20260829,46,119,AYUDANTE 2,12.0,20260829-RAURA-XRD90USS-004-A
1192,20260829,46,215,PERFORISTA,12.0,20260829-RAURA-XRD90USS-004-B
1193,20260829,46,107,AYUDANTE 1,12.0,20260829-RAURA-XRD90USS-004-B
1194,20260829,46,30,AYUDANTE 2,12.0,20260829-RAURA-XRD90USS-004-B
1195,20260830,46,85,PERFORISTA,12.0,20260830-RAURA-XRD90USS-004-A
1196,20260830,46,101,AYUDANTE 1,12.0,20260830-RAURA-XRD90USS-004-A
1197,20260830,46,119,AYUDANTE 2,12.0,20260830-RAURA-XRD90USS-004-A
1198,20260830,46,215,PERFORISTA,12.0,20260830-RAURA-XRD90USS-004-B
1199,20260830,46,107,AYUDANTE 1,12.0,20260830-RAURA-XRD90USS-004-B
1200,20260830,46,30,AYUDANTE 2,12.0,20260830-RAURA-XRD90USS-004-B
1201,20260826,45,401,PERFORISTA,12.0,20260826-RAURA-XRD90USS-001-A
1202,20260826,45,331,AYUDANTE 1,12.0,20260826-RAURA-XRD90USS-001-A
1203,20260826,45,371,AYUDANTE 2,12.0,20260826-RAURA-XRD90USS-001-A
1204,20260826,45,308,PERFORISTA,12.0,20260826-RAURA-XRD90USS-001-B
1205,20260826,45,252,AYUDANTE 1,12.0,20260826-RAURA-XRD90USS-001-B
1206,20260826,45,348,AYUDANTE 2,12.0,20260826-RAURA-XRD90USS-001-B
1207,20260827,45,401,PERFORISTA,12.0,20260827-RAURA-XRD90USS-001-A
1208,20260827,45,331,AYUDANTE 1,12.0,20260827-RAURA-XRD90USS-001-A
1209,20260827,45,371,AYUDANTE 2,12.0,20260827-RAURA-XRD90USS-001-A
1210,20260827,45,308,PERFORISTA,12.0,20260827-RAURA-XRD90USS-001-B
1211,20260827,45,252,AYUDANTE 1,12.0,20260827-RAURA-XRD90USS-001-B
1212,20260827,45,348,AYUDANTE 2,12.0,20260827-RAURA-XRD90USS-001-B
1213,20260827,45,308,PERFORISTA,12.0,20260827-RAURA-XRD90USS-001-B
1214,20260827,45,252,AYUDANTE 1,12.0,20260827-RAURA-XRD90USS-001-B
1215,20260827,45,348,AYUDANTE 2,12.0,20260827-RAURA-XRD90USS-001-B
1216,20260828,45,401,PERFORISTA,12.0,20260828-RAURA-XRD90USS-001-A
1217,20260828,45,331,AYUDANTE 1,12.0,20260828-RAURA-XRD90USS-001-A
1218,20260828,45,371,AYUDANTE 2,12.0,20260828-RAURA-XRD90USS-001-A
1219,20260828,45,308,PERFORISTA,12.0,20260828-RAURA-XRD90USS-001-B
1220,20260828,45,252,AYUDANTE 1,12.0,20260828-RAURA-XRD90USS-001-B
1221,20260828,45,348,AYUDANTE 2,12.0,20260828-RAURA-XRD90USS-001-B
1222,20260829,45,401,PERFORISTA,12.0,20260829-RAURA-XRD90USS-001-A
1223,20260829,45,331,AYUDANTE 1,12.0,20260829-RAURA-XRD90USS-001-A
1224,20260829,45,371,AYUDANTE 2,12.0,20260829-RAURA-XRD90USS-001-A
1225,20260829,45,308,PERFORISTA,12.0,20260829-RAURA-XRD90USS-001-B
1226,20260829,45,252,AYUDANTE 1,12.0,20260829-RAURA-XRD90USS-001-B
1227,20260829,45,348,AYUDANTE 2,12.0,20260829-RAURA-XRD90USS-001-B
1228,20260830,45,401,PERFORISTA,12.0,20260830-RAURA-XRD90USS-001-A
1229,20260830,45,331,AYUDANTE 1,12.0,20260830-RAURA-XRD90USS-001-A
1230,20260830,45,371,AYUDANTE 2,12.0,20260830-RAURA-XRD90USS-001-A
1231,20260830,45,308,PERFORISTA,12.0,20260830-RAURA-XRD90USS-001-B
1232,20260830,45,252,AYUDANTE 1,12.0,20260830-RAURA-XRD90USS-001-B
1233,20260830,45,348,AYUDANTE 2,12.0,20260830-RAURA-XRD90USS-001-B
1234,20260826,44,394,PERFORISTA,12.0,20260826-RAURA-XRD150UBT-001-A
1235,20260826,44,146,AYUDANTE 1,12.0,20260826-RAURA-XRD150UBT-001-A
1236,20260826,44,128,AYUDANTE 2,12.0,20260826-RAURA-XRD150UBT-001-A
1237,20260826,44,233,PERFORISTA,12.0,20260826-RAURA-XRD150UBT-001-B
1238,20260826,44,100,AYUDANTE 1,12.0,20260826-RAURA-XRD150UBT-001-B
1239,20260826,44,41,AYUDANTE 2,12.0,20260826-RAURA-XRD150UBT-001-B
1240,20260827,44,394,PERFORISTA,12.0,20260827-RAURA-XRD150UBT-001-A
1241,20260827,44,146,AYUDANTE 1,12.0,20260827-RAURA-XRD150UBT-001-A
1242,20260827,44,128,AYUDANTE 2,12.0,20260827-RAURA-XRD150UBT-001-A
1243,20260827,44,233,PERFORISTA,12.0,20260827-RAURA-XRD150UBT-001-B
1244,20260827,44,100,AYUDANTE 1,12.0,20260827-RAURA-XRD150UBT-001-B
1245,20260827,44,41,AYUDANTE 2,12.0,20260827-RAURA-XRD150UBT-001-B
1246,20260828,44,394,PERFORISTA,12.0,20260828-RAURA-XRD150UBT-001-A
1247,20260828,44,146,AYUDANTE 1,12.0,20260828-RAURA-XRD150UBT-001-A
1248,20260828,44,128,AYUDANTE 2,12.0,20260828-RAURA-XRD150UBT-001-A
1249,20260828,44,233,PERFORISTA,12.0,20260828-RAURA-XRD150UBT-001-B
1250,20260828,44,100,AYUDANTE 1,12.0,20260828-RAURA-XRD150UBT-001-B
1251,20260828,44,41,AYUDANTE 2,12.0,20260828-RAURA-XRD150UBT-001-B
1252,20260829,44,394,PERFORISTA,12.0,20260829-RAURA-XRD150UBT-001-A
1253,20260829,44,146,AYUDANTE 1,12.0,20260829-RAURA-XRD150UBT-001-A
1254,20260829,44,128,AYUDANTE 2,12.0,20260829-RAURA-XRD150UBT-001-A
1255,20260829,44,233,PERFORISTA,12.0,20260829-RAURA-XRD150UBT-001-B
1256,20260829,44,100,AYUDANTE 1,12.0,20260829-RAURA-XRD150UBT-001-B
1257,20260829,44,41,AYUDANTE 2,12.0,20260829-RAURA-XRD150UBT-001-B
1258,20260830,44,394,PERFORISTA,12.0,20260830-RAURA-XRD150UBT-001-A
1259,20260830,44,146,AYUDANTE 1,12.0,20260830-RAURA-XRD150UBT-001-A
1260,20260830,44,128,AYUDANTE 2,12.0,20260830-RAURA-XRD150UBT-001-A
1261,20260830,44,233,PERFORISTA,12.0,20260830-RAURA-XRD150UBT-001-B
1262,20260830,44,100,AYUDANTE 1,12.0,20260830-RAURA-XRD150UBT-001-B
1263,20260830,44,41,AYUDANTE 2,12.0,20260830-RAURA-XRD150UBT-001-B
1264,20260826,43,351,PERFORISTA,12.0,20260826-RAURA-XRD150U-005-A
1265,20260826,43,324,AYUDANTE 1,12.0,20260826-RAURA-XRD150U-005-A
1266,20260826,43,372,AYUDANTE 2,12.0,20260826-RAURA-XRD150U-005-A
1267,20260826,43,229,PERFORISTA,12.0,20260826-RAURA-XRD150U-005-B
1268,20260826,43,102,AYUDANTE 1,12.0,20260826-RAURA-XRD150U-005-B
1269,20260826,43,244,AYUDANTE 2,12.0,20260826-RAURA-XRD150U-005-B
1270,20260827,43,351,PERFORISTA,12.0,20260827-RAURA-XRD150U-005-A
1271,20260827,43,324,AYUDANTE 1,12.0,20260827-RAURA-XRD150U-005-A
1272,20260827,43,372,AYUDANTE 2,12.0,20260827-RAURA-XRD150U-005-A
1273,20260827,43,229,PERFORISTA,12.0,20260827-RAURA-XRD150U-005-B
1274,20260827,43,102,AYUDANTE 1,12.0,20260827-RAURA-XRD150U-005-B
1275,20260827,43,244,AYUDANTE 2,12.0,20260827-RAURA-XRD150U-005-B
1276,20260828,43,351,PERFORISTA,12.0,20260828-RAURA-XRD150U-005-A
1277,20260828,43,324,AYUDANTE 1,12.0,20260828-RAURA-XRD150U-005-A
1278,20260828,43,372,AYUDANTE 2,12.0,20260828-RAURA-XRD150U-005-A
1279,20260828,43,229,PERFORISTA,12.0,20260828-RAURA-XRD150U-005-B
1280,20260828,43,102,AYUDANTE 1,12.0,20260828-RAURA-XRD150U-005-B
1281,20260828,43,244,AYUDANTE 2,12.0,20260828-RAURA-XRD150U-005-B
1282,20260829,43,351,PERFORISTA,12.0,20260829-RAURA-XRD150U-005-A
1283,20260829,43,324,AYUDANTE 1,12.0,20260829-RAURA-XRD150U-005-A
1284,20260829,43,372,AYUDANTE 2,12.0,20260829-RAURA-XRD150U-005-A
1285,20260829,43,229,PERFORISTA,12.0,20260829-RAURA-XRD150U-005-B
1286,20260829,43,102,AYUDANTE 1,12.0,20260829-RAURA-XRD150U-005-B
1287,20260829,43,244,AYUDANTE 2,12.0,20260829-RAURA-XRD150U-005-B
1288,20260830,43,351,PERFORISTA,12.0,20260830-RAURA-XRD150U-005-A
1289,20260830,43,324,AYUDANTE 1,12.0,20260830-RAURA-XRD150U-005-A
1290,20260830,43,372,AYUDANTE 2,12.0,20260830-RAURA-XRD150U-005-A
1291,20260830,43,229,PERFORISTA,12.0,20260830-RAURA-XRD150U-005-B
1292,20260830,43,102,AYUDANTE 1,12.0,20260830-RAURA-XRD150U-005-B
1293,20260830,43,244,AYUDANTE 2,12.0,20260830-RAURA-XRD150U-005-B
1294,20260826,50,191,PERFORISTA,12.0,20260826-SAN CRISTOBAL-XRD90U-023-A
1295,20260826,50,137,AYUDANTE 1,12.0,20260826-SAN CRISTOBAL-XRD90U-023-A
1296,20260826,50,400,AYUDANTE 2,12.0,20260826-SAN CRISTOBAL-XRD90U-023-A
1297,20260826,50,140,PERFORISTA,12.0,20260826-SAN CRISTOBAL-XRD90U-023-B
1298,20260826,50,217,AYUDANTE 1,12.0,20260826-SAN CRISTOBAL-XRD90U-023-B
1299,20260826,50,260,AYUDANTE 2,12.0,20260826-SAN CRISTOBAL-XRD90U-023-B
1300,20260827,50,191,PERFORISTA,12.0,20260827-SAN CRISTOBAL-XRD90U-023-A
1301,20260827,50,137,AYUDANTE 1,12.0,20260827-SAN CRISTOBAL-XRD90U-023-A
1302,20260827,50,400,AYUDANTE 2,12.0,20260827-SAN CRISTOBAL-XRD90U-023-A
1303,20260827,50,140,PERFORISTA,12.0,20260827-SAN CRISTOBAL-XRD90U-023-B
1304,20260827,50,217,AYUDANTE 1,12.0,20260827-SAN CRISTOBAL-XRD90U-023-B
1305,20260827,50,260,AYUDANTE 2,12.0,20260827-SAN CRISTOBAL-XRD90U-023-B
1306,20260828,50,191,PERFORISTA,12.0,20260828-SAN CRISTOBAL-XRD90U-023-A
1307,20260828,50,137,AYUDANTE 1,12.0,20260828-SAN CRISTOBAL-XRD90U-023-A
1308,20260828,50,400,AYUDANTE 2,12.0,20260828-SAN CRISTOBAL-XRD90U-023-A
1309,20260828,50,140,PERFORISTA,12.0,20260828-SAN CRISTOBAL-XRD90U-023-B
1310,20260828,50,217,AYUDANTE 1,12.0,20260828-SAN CRISTOBAL-XRD90U-023-B
1311,20260828,50,260,AYUDANTE 2,12.0,20260828-SAN CRISTOBAL-XRD90U-023-B
1312,20260829,50,191,PERFORISTA,12.0,20260829-SAN CRISTOBAL-XRD90U-023-A
1313,20260829,50,137,AYUDANTE 1,12.0,20260829-SAN CRISTOBAL-XRD90U-023-A
1314,20260829,50,400,AYUDANTE 2,12.0,20260829-SAN CRISTOBAL-XRD90U-023-A
1315,20260829,50,140,PERFORISTA,12.0,20260829-SAN CRISTOBAL-XRD90U-023-B
1316,20260829,50,217,AYUDANTE 1,12.0,20260829-SAN CRISTOBAL-XRD90U-023-B
1317,20260829,50,260,AYUDANTE 2,12.0,20260829-SAN CRISTOBAL-XRD90U-023-B
1318,20260830,50,191,PERFORISTA,12.0,20260830-SAN CRISTOBAL-XRD90U-023-A
1319,20260830,50,137,AYUDANTE 1,12.0,20260830-SAN CRISTOBAL-XRD90U-023-A
1320,20260830,50,266,AYUDANTE 2,12.0,20260830-SAN CRISTOBAL-XRD90U-023-A
1321,20260830,50,140,PERFORISTA,12.0,20260830-SAN CRISTOBAL-XRD90U-023-B
1322,20260830,50,217,AYUDANTE 1,12.0,20260830-SAN CRISTOBAL-XRD90U-023-B
1323,20260830,50,260,AYUDANTE 2,12.0,20260830-SAN CRISTOBAL-XRD90U-023-B
1324,20260826,49,40,PERFORISTA,12.0,20260826-SAN CRISTOBAL-XRD90U-004-A
1325,20260826,49,26,AYUDANTE 1,12.0,20260826-SAN CRISTOBAL-XRD90U-004-A
1326,20260826,49,290,AYUDANTE 2,12.0,20260826-SAN CRISTOBAL-XRD90U-004-A
1327,20260826,49,116,PERFORISTA,12.0,20260826-SAN CRISTOBAL-XRD90U-004-B
1328,20260826,49,361,AYUDANTE 1,12.0,20260826-SAN CRISTOBAL-XRD90U-004-B
1329,20260826,49,126,AYUDANTE 2,12.0,20260826-SAN CRISTOBAL-XRD90U-004-B
1330,20260827,49,40,PERFORISTA,12.0,20260827-SAN CRISTOBAL-XRD90U-004-A
1331,20260827,49,26,AYUDANTE 1,12.0,20260827-SAN CRISTOBAL-XRD90U-004-A
1332,20260827,49,290,AYUDANTE 2,12.0,20260827-SAN CRISTOBAL-XRD90U-004-A
1333,20260827,49,116,PERFORISTA,12.0,20260827-SAN CRISTOBAL-XRD90U-004-B
1334,20260827,49,361,AYUDANTE 1,12.0,20260827-SAN CRISTOBAL-XRD90U-004-B
1335,20260827,49,126,AYUDANTE 2,12.0,20260827-SAN CRISTOBAL-XRD90U-004-B
1336,20260828,49,40,PERFORISTA,12.0,20260828-SAN CRISTOBAL-XRD90U-004-A
1337,20260828,49,26,AYUDANTE 1,12.0,20260828-SAN CRISTOBAL-XRD90U-004-A
1338,20260828,49,290,AYUDANTE 2,12.0,20260828-SAN CRISTOBAL-XRD90U-004-A
1339,20260828,49,116,PERFORISTA,12.0,20260828-SAN CRISTOBAL-XRD90U-004-B
1340,20260828,49,361,AYUDANTE 1,12.0,20260828-SAN CRISTOBAL-XRD90U-004-B
1341,20260828,49,126,AYUDANTE 2,12.0,20260828-SAN CRISTOBAL-XRD90U-004-B
1342,20260829,49,40,PERFORISTA,12.0,20260829-SAN CRISTOBAL-XRD90U-004-A
1343,20260829,49,26,AYUDANTE 1,12.0,20260829-SAN CRISTOBAL-XRD90U-004-A
1344,20260829,49,290,AYUDANTE 2,12.0,20260829-SAN CRISTOBAL-XRD90U-004-A
1345,20260829,49,116,PERFORISTA,12.0,20260829-SAN CRISTOBAL-XRD90U-004-B
1346,20260829,49,361,AYUDANTE 1,12.0,20260829-SAN CRISTOBAL-XRD90U-004-B
1347,20260829,49,126,AYUDANTE 2,12.0,20260829-SAN CRISTOBAL-XRD90U-004-B
1348,20260830,49,40,PERFORISTA,12.0,20260830-SAN CRISTOBAL-XRD90U-004-A
1349,20260830,49,3,AYUDANTE 1,12.0,20260830-SAN CRISTOBAL-XRD90U-004-A
1350,20260830,49,3,AYUDANTE 2,12.0,20260830-SAN CRISTOBAL-XRD90U-004-A
1351,20260830,49,116,PERFORISTA,12.0,20260830-SAN CRISTOBAL-XRD90U-004-B
1352,20260830,49,361,AYUDANTE 1,12.0,20260830-SAN CRISTOBAL-XRD90U-004-B
1353,20260830,49,126,AYUDANTE 2,12.0,20260830-SAN CRISTOBAL-XRD90U-004-B
1354,20260826,48,47,PERFORISTA,12.0,20260826-SAN CRISTOBAL-XRD150U-012-A
1355,20260826,48,164,AYUDANTE 1,12.0,20260826-SAN CRISTOBAL-XRD150U-012-A
1356,20260826,48,285,AYUDANTE 2,12.0,20260826-SAN CRISTOBAL-XRD150U-012-A
1357,20260826,48,408,PERFORISTA,12.0,20260826-SAN CRISTOBAL-XRD150U-012-B
1358,20260826,48,362,AYUDANTE 1,12.0,20260826-SAN CRISTOBAL-XRD150U-012-B
1359,20260826,48,288,AYUDANTE 2,12.0,20260826-SAN CRISTOBAL-XRD150U-012-B
1360,20260827,48,47,PERFORISTA,12.0,20260827-SAN CRISTOBAL-XRD150U-012-A
1361,20260827,48,164,AYUDANTE 1,12.0,20260827-SAN CRISTOBAL-XRD150U-012-A
1362,20260827,48,285,AYUDANTE 2,12.0,20260827-SAN CRISTOBAL-XRD150U-012-A
1363,20260827,48,408,PERFORISTA,12.0,20260827-SAN CRISTOBAL-XRD150U-012-B
1364,20260827,48,362,AYUDANTE 1,12.0,20260827-SAN CRISTOBAL-XRD150U-012-B
1365,20260827,48,288,AYUDANTE 2,12.0,20260827-SAN CRISTOBAL-XRD150U-012-B
1366,20260828,48,47,PERFORISTA,12.0,20260828-SAN CRISTOBAL-XRD150U-012-A
1367,20260828,48,164,AYUDANTE 1,12.0,20260828-SAN CRISTOBAL-XRD150U-012-A
1368,20260828,48,285,AYUDANTE 2,12.0,20260828-SAN CRISTOBAL-XRD150U-012-A
1369,20260828,48,408,PERFORISTA,12.0,20260828-SAN CRISTOBAL-XRD150U-012-B
1370,20260828,48,362,AYUDANTE 1,12.0,20260828-SAN CRISTOBAL-XRD150U-012-B
1371,20260828,48,288,AYUDANTE 2,12.0,20260828-SAN CRISTOBAL-XRD150U-012-B
1372,20260829,48,47,PERFORISTA,12.0,20260829-SAN CRISTOBAL-XRD150U-012-A
1373,20260829,48,164,AYUDANTE 1,12.0,20260829-SAN CRISTOBAL-XRD150U-012-A
1374,20260829,48,285,AYUDANTE 2,12.0,20260829-SAN CRISTOBAL-XRD150U-012-A
1375,20260829,48,408,PERFORISTA,12.0,20260829-SAN CRISTOBAL-XRD150U-012-B
1376,20260829,48,362,AYUDANTE 1,12.0,20260829-SAN CRISTOBAL-XRD150U-012-B
1377,20260829,48,288,AYUDANTE 2,12.0,20260829-SAN CRISTOBAL-XRD150U-012-B
1378,20260830,48,47,PERFORISTA,12.0,20260830-SAN CRISTOBAL-XRD150U-012-A
1379,20260830,48,3,AYUDANTE 1,12.0,20260830-SAN CRISTOBAL-XRD150U-012-A
1380,20260830,48,3,AYUDANTE 2,12.0,20260830-SAN CRISTOBAL-XRD150U-012-A
1381,20260826,47,15,PERFORISTA,12.0,20260826-SAN CRISTOBAL-DE710ST-001-A
1382,20260826,47,38,AYUDANTE 1,12.0,20260826-SAN CRISTOBAL-DE710ST-001-A
1383,20260826,47,171,AYUDANTE 2,12.0,20260826-SAN CRISTOBAL-DE710ST-001-A
1384,20260826,47,73,PERFORISTA,12.0,20260826-SAN CRISTOBAL-DE710ST-001-B
1385,20260826,47,97,AYUDANTE 1,12.0,20260826-SAN CRISTOBAL-DE710ST-001-B
1386,20260826,47,276,AYUDANTE 2,12.0,20260826-SAN CRISTOBAL-DE710ST-001-B
1387,20260827,47,15,PERFORISTA,12.0,20260827-SAN CRISTOBAL-DE710ST-001-A
1388,20260827,47,38,AYUDANTE 1,12.0,20260827-SAN CRISTOBAL-DE710ST-001-A
1389,20260827,47,171,AYUDANTE 2,12.0,20260827-SAN CRISTOBAL-DE710ST-001-A
1390,20260827,47,73,PERFORISTA,12.0,20260827-SAN CRISTOBAL-DE710ST-001-B
1391,20260827,47,97,AYUDANTE 1,12.0,20260827-SAN CRISTOBAL-DE710ST-001-B
1392,20260827,47,361,AYUDANTE 2,12.0,20260827-SAN CRISTOBAL-DE710ST-001-B
1393,20260828,47,15,PERFORISTA,12.0,20260828-SAN CRISTOBAL-DE710ST-001-A
1394,20260828,47,38,AYUDANTE 1,12.0,20260828-SAN CRISTOBAL-DE710ST-001-A
1395,20260828,47,171,AYUDANTE 2,12.0,20260828-SAN CRISTOBAL-DE710ST-001-A
1396,20260828,47,73,PERFORISTA,12.0,20260828-SAN CRISTOBAL-DE710ST-001-B
1397,20260828,47,97,AYUDANTE 1,12.0,20260828-SAN CRISTOBAL-DE710ST-001-B
1398,20260828,47,361,AYUDANTE 2,12.0,20260828-SAN CRISTOBAL-DE710ST-001-B
1399,20260829,47,15,PERFORISTA,12.0,20260829-SAN CRISTOBAL-DE710ST-001-A
1400,20260829,47,38,AYUDANTE 1,12.0,20260829-SAN CRISTOBAL-DE710ST-001-A
1401,20260829,47,171,AYUDANTE 2,12.0,20260829-SAN CRISTOBAL-DE710ST-001-A
1402,20260829,47,73,PERFORISTA,12.0,20260829-SAN CRISTOBAL-DE710ST-001-B
1403,20260829,47,97,AYUDANTE 1,12.0,20260829-SAN CRISTOBAL-DE710ST-001-B
1404,20260829,47,276,AYUDANTE 2,12.0,20260829-SAN CRISTOBAL-DE710ST-001-B
1405,20260830,47,15,PERFORISTA,12.0,20260830-SAN CRISTOBAL-DE710ST-001-A
1406,20260830,47,38,AYUDANTE 1,12.0,20260830-SAN CRISTOBAL-DE710ST-001-A
1407,20260830,47,171,AYUDANTE 2,12.0,20260830-SAN CRISTOBAL-DE710ST-001-A
1408,20260830,47,73,PERFORISTA,12.0,20260830-SAN CRISTOBAL-DE710ST-001-B
1409,20260830,47,97,AYUDANTE 1,12.0,20260830-SAN CRISTOBAL-DE710ST-001-B
1410,20260830,47,276,AYUDANTE 2,12.0,20260830-SAN CRISTOBAL-DE710ST-001-B
1411,20260826,51,112,PERFORISTA,12.0,20260826-TAMBOJASA-DE710T-002-A
1412,20260826,51,103,AYUDANTE 1,12.0,20260826-TAMBOJASA-DE710T-002-A
1413,20260826,51,124,AYUDANTE 2,12.0,20260826-TAMBOJASA-DE710T-002-A
1414,20260826,51,151,PERFORISTA,12.0,20260826-TAMBOJASA-DE710T-002-B
1415,20260826,51,289,AYUDANTE 1,12.0,20260826-TAMBOJASA-DE710T-002-B
1416,20260826,51,358,AYUDANTE 2,12.0,20260826-TAMBOJASA-DE710T-002-B
1417,20260827,51,112,PERFORISTA,12.0,20260827-TAMBOJASA-DE710T-002-A
1418,20260827,51,103,AYUDANTE 1,12.0,20260827-TAMBOJASA-DE710T-002-A
1419,20260827,51,124,AYUDANTE 2,12.0,20260827-TAMBOJASA-DE710T-002-A
1420,20260827,51,151,PERFORISTA,12.0,20260827-TAMBOJASA-DE710T-002-B
1421,20260827,51,289,AYUDANTE 1,12.0,20260827-TAMBOJASA-DE710T-002-B
1422,20260827,51,358,AYUDANTE 2,12.0,20260827-TAMBOJASA-DE710T-002-B
1423,20260828,51,112,PERFORISTA,12.0,20260828-TAMBOJASA-DE710T-002-A
1424,20260828,51,103,AYUDANTE 1,12.0,20260828-TAMBOJASA-DE710T-002-A
1425,20260828,51,124,AYUDANTE 2,12.0,20260828-TAMBOJASA-DE710T-002-A
1426,20260828,51,151,PERFORISTA,12.0,20260828-TAMBOJASA-DE710T-002-B
1427,20260828,51,289,AYUDANTE 1,12.0,20260828-TAMBOJASA-DE710T-002-B
1428,20260828,51,358,AYUDANTE 2,12.0,20260828-TAMBOJASA-DE710T-002-B
1429,20260829,51,112,PERFORISTA,12.0,20260829-TAMBOJASA-DE710T-002-A
1430,20260829,51,103,AYUDANTE 1,12.0,20260829-TAMBOJASA-DE710T-002-A
1431,20260829,51,124,AYUDANTE 2,12.0,20260829-TAMBOJASA-DE710T-002-A
1432,20260829,51,151,PERFORISTA,12.0,20260829-TAMBOJASA-DE710T-002-B
1433,20260829,51,289,AYUDANTE 1,12.0,20260829-TAMBOJASA-DE710T-002-B
1434,20260829,51,358,AYUDANTE 2,12.0,20260829-TAMBOJASA-DE710T-002-B
1435,20260830,51,112,PERFORISTA,12.0,20260830-TAMBOJASA-DE710T-002-A
1436,20260830,51,103,AYUDANTE 1,12.0,20260830-TAMBOJASA-DE710T-002-A
1437,20260830,51,124,AYUDANTE 2,12.0,20260830-TAMBOJASA-DE710T-002-A
1438,20260830,51,151,PERFORISTA,12.0,20260830-TAMBOJASA-DE710T-002-B
1439,20260830,51,289,AYUDANTE 1,12.0,20260830-TAMBOJASA-DE710T-002-B
1440,20260830,51,358,AYUDANTE 2,12.0,20260830-TAMBOJASA-DE710T-002-B
1441,20260826,52,77,PERFORISTA,12.0,20260826-TAMBOJASA-XRD150U-009-A
1442,20260826,52,259,AYUDANTE 1,12.0,20260826-TAMBOJASA-XRD150U-009-A
1443,20260826,52,261,AYUDANTE 2,12.0,20260826-TAMBOJASA-XRD150U-009-A
1444,20260826,52,183,PERFORISTA,12.0,20260826-TAMBOJASA-XRD150U-009-B
1445,20260826,52,358,AYUDANTE 1,12.0,20260826-TAMBOJASA-XRD150U-009-B
1446,20260826,52,28,AYUDANTE 2,12.0,20260826-TAMBOJASA-XRD150U-009-B
1447,20260827,52,77,PERFORISTA,12.0,20260827-TAMBOJASA-XRD150U-009-A
1448,20260827,52,259,AYUDANTE 1,12.0,20260827-TAMBOJASA-XRD150U-009-A
1449,20260827,52,261,AYUDANTE 2,12.0,20260827-TAMBOJASA-XRD150U-009-A
1450,20260827,52,183,PERFORISTA,12.0,20260827-TAMBOJASA-XRD150U-009-B
1451,20260827,52,358,AYUDANTE 1,12.0,20260827-TAMBOJASA-XRD150U-009-B
1452,20260827,52,28,AYUDANTE 2,12.0,20260827-TAMBOJASA-XRD150U-009-B
1453,20260828,52,77,PERFORISTA,12.0,20260828-TAMBOJASA-XRD150U-009-A
1454,20260828,52,259,AYUDANTE 1,12.0,20260828-TAMBOJASA-XRD150U-009-A
1455,20260828,52,261,AYUDANTE 2,12.0,20260828-TAMBOJASA-XRD150U-009-A
1456,20260828,52,183,PERFORISTA,12.0,20260828-TAMBOJASA-XRD150U-009-B
1457,20260828,52,358,AYUDANTE 1,12.0,20260828-TAMBOJASA-XRD150U-009-B
1458,20260828,52,28,AYUDANTE 2,12.0,20260828-TAMBOJASA-XRD150U-009-B
1459,20260829,52,77,PERFORISTA,12.0,20260829-TAMBOJASA-XRD150U-009-A
1460,20260829,52,259,AYUDANTE 1,12.0,20260829-TAMBOJASA-XRD150U-009-A
1461,20260829,52,261,AYUDANTE 2,12.0,20260829-TAMBOJASA-XRD150U-009-A
1462,20260829,52,183,PERFORISTA,12.0,20260829-TAMBOJASA-XRD150U-009-B
1463,20260829,52,358,AYUDANTE 1,12.0,20260829-TAMBOJASA-XRD150U-009-B
1464,20260829,52,28,AYUDANTE 2,12.0,20260829-TAMBOJASA-XRD150U-009-B
1465,20260830,52,77,PERFORISTA,12.0,20260830-TAMBOJASA-XRD150U-009-A
1466,20260830,52,259,AYUDANTE 1,12.0,20260830-TAMBOJASA-XRD150U-009-A
1467,20260830,52,261,AYUDANTE 2,12.0,20260830-TAMBOJASA-XRD150U-009-A
1468,20260830,52,183,PERFORISTA,12.0,20260830-TAMBOJASA-XRD150U-009-B
1469,20260830,52,358,AYUDANTE 1,12.0,20260830-TAMBOJASA-XRD150U-009-B
1470,20260830,52,28,AYUDANTE 2,12.0,20260830-TAMBOJASA-XRD150U-009-B
1471,20260826,53,34,PERFORISTA,12.0,20260826-TICLIO-XRD150U-007-A
1472,20260826,53,68,AYUDANTE 1,12.0,20260826-TICLIO-XRD150U-007-A
1473,20260826,53,384,AYUDANTE 2,12.0,20260826-TICLIO-XRD150U-007-A
1474,20260826,53,383,PERFORISTA,12.0,20260826-TICLIO-XRD150U-007-B
1475,20260826,53,240,AYUDANTE 1,12.0,20260826-TICLIO-XRD150U-007-B
1476,20260826,53,98,AYUDANTE 2,12.0,20260826-TICLIO-XRD150U-007-B
1477,20260827,53,110,PERFORISTA,12.0,20260827-TICLIO-XRD150U-007-A
1478,20260827,53,68,AYUDANTE 1,12.0,20260827-TICLIO-XRD150U-007-A
1479,20260827,53,384,AYUDANTE 2,12.0,20260827-TICLIO-XRD150U-007-A
1480,20260827,53,383,PERFORISTA,12.0,20260827-TICLIO-XRD150U-007-B
1481,20260827,53,240,AYUDANTE 1,12.0,20260827-TICLIO-XRD150U-007-B
1482,20260827,53,98,AYUDANTE 2,12.0,20260827-TICLIO-XRD150U-007-B
1483,20260828,53,222,PERFORISTA,12.0,20260828-TICLIO-XRD150U-007-A
1484,20260828,53,330,AYUDANTE 1,12.0,20260828-TICLIO-XRD150U-007-A
1485,20260828,53,404,AYUDANTE 2,12.0,20260828-TICLIO-XRD150U-007-A
1486,20260828,53,110,PERFORISTA,12.0,20260828-TICLIO-XRD150U-007-B
1487,20260828,53,68,AYUDANTE 1,12.0,20260828-TICLIO-XRD150U-007-B
1488,20260828,53,384,AYUDANTE 2,12.0,20260828-TICLIO-XRD150U-007-B
1489,20260829,53,222,PERFORISTA,12.0,20260829-TICLIO-XRD150U-007-A
1490,20260829,53,330,AYUDANTE 1,12.0,20260829-TICLIO-XRD150U-007-A
1491,20260829,53,404,AYUDANTE 2,12.0,20260829-TICLIO-XRD150U-007-A
1492,20260829,53,110,PERFORISTA,12.0,20260829-TICLIO-XRD150U-007-B
1493,20260829,53,68,AYUDANTE 1,12.0,20260829-TICLIO-XRD150U-007-B
1494,20260829,53,384,AYUDANTE 2,12.0,20260829-TICLIO-XRD150U-007-B
1495,20260830,53,222,PERFORISTA,12.0,20260830-TICLIO-XRD150U-007-A
1496,20260830,53,330,AYUDANTE 1,12.0,20260830-TICLIO-XRD150U-007-A
1497,20260830,53,404,AYUDANTE 2,12.0,20260830-TICLIO-XRD150U-007-A
1498,20260830,53,110,PERFORISTA,12.0,20260830-TICLIO-XRD150U-007-B
1499,20260830,53,68,AYUDANTE 1,12.0,20260830-TICLIO-XRD150U-007-B
1500,20260830,53,384,AYUDANTE 2,12.0,20260830-TICLIO-XRD150U-007-B
1501,20260826,56,125,PERFORISTA,12.0,20260826-YAULIYACU-XRD50USS-003-A
1502,20260826,56,63,AYUDANTE 1,12.0,20260826-YAULIYACU-XRD50USS-003-A
1503,20260826,56,3,AYUDANTE 2,12.0,20260826-YAULIYACU-XRD50USS-003-A
1504,20260826,56,301,PERFORISTA,12.0,20260826-YAULIYACU-XRD50USS-003-B
1505,20260826,56,162,AYUDANTE 1,12.0,20260826-YAULIYACU-XRD50USS-003-B
1506,20260826,56,3,AYUDANTE 2,12.0,20260826-YAULIYACU-XRD50USS-003-B
1507,20260827,56,125,PERFORISTA,12.0,20260827-YAULIYACU-XRD50USS-003-A
1508,20260827,56,63,AYUDANTE 1,12.0,20260827-YAULIYACU-XRD50USS-003-A
1509,20260827,56,3,AYUDANTE 2,12.0,20260827-YAULIYACU-XRD50USS-003-A
1510,20260827,56,301,PERFORISTA,12.0,20260827-YAULIYACU-XRD50USS-003-B
1511,20260827,56,162,AYUDANTE 1,12.0,20260827-YAULIYACU-XRD50USS-003-B
1512,20260827,56,3,AYUDANTE 2,12.0,20260827-YAULIYACU-XRD50USS-003-B
1513,20260828,56,125,PERFORISTA,12.0,20260828-YAULIYACU-XRD50USS-003-A
1514,20260828,56,63,AYUDANTE 1,12.0,20260828-YAULIYACU-XRD50USS-003-A
1515,20260828,56,3,AYUDANTE 2,12.0,20260828-YAULIYACU-XRD50USS-003-A
1516,20260828,56,301,PERFORISTA,12.0,20260828-YAULIYACU-XRD50USS-003-B
1517,20260828,56,162,AYUDANTE 1,12.0,20260828-YAULIYACU-XRD50USS-003-B
1518,20260828,56,3,AYUDANTE 2,12.0,20260828-YAULIYACU-XRD50USS-003-B
1519,20260829,56,125,PERFORISTA,12.0,20260829-YAULIYACU-XRD50USS-003-A
1520,20260829,56,63,AYUDANTE 1,12.0,20260829-YAULIYACU-XRD50USS-003-A
1521,20260829,56,3,AYUDANTE 2,12.0,20260829-YAULIYACU-XRD50USS-003-A
1522,20260829,56,301,PERFORISTA,12.0,20260829-YAULIYACU-XRD50USS-003-B
1523,20260829,56,162,AYUDANTE 1,12.0,20260829-YAULIYACU-XRD50USS-003-B
1524,20260829,56,3,AYUDANTE 2,12.0,20260829-YAULIYACU-XRD50USS-003-B
1525,20260830,56,125,PERFORISTA,12.0,20260830-YAULIYACU-XRD50USS-003-A
1526,20260830,56,63,AYUDANTE 1,12.0,20260830-YAULIYACU-XRD50USS-003-A
1527,20260830,56,3,AYUDANTE 2,12.0,20260830-YAULIYACU-XRD50USS-003-A
1528,20260830,56,301,PERFORISTA,12.0,20260830-YAULIYACU-XRD50USS-003-B
1529,20260830,56,162,AYUDANTE 1,12.0,20260830-YAULIYACU-XRD50USS-003-B
1530,20260830,56,3,AYUDANTE 2,12.0,20260830-YAULIYACU-XRD50USS-003-B
1531,20260826,54,359,PERFORISTA,12.0,20260826-YAULIYACU-XDR50USS-00T-A
1532,20260826,54,368,AYUDANTE 1,12.0,20260826-YAULIYACU-XDR50USS-00T-A
1533,20260826,54,3,AYUDANTE 2,12.0,20260826-YAULIYACU-XDR50USS-00T-A
1534,20260826,54,33,PERFORISTA,12.0,20260826-YAULIYACU-XDR50USS-00T-B
1535,20260826,54,3,AYUDANTE 1,12.0,20260826-YAULIYACU-XDR50USS-00T-B
1536,20260826,54,3,AYUDANTE 2,12.0,20260826-YAULIYACU-XDR50USS-00T-B
1537,20260827,54,359,PERFORISTA,12.0,20260827-YAULIYACU-XDR50USS-00T-A
1538,20260827,54,368,AYUDANTE 1,12.0,20260827-YAULIYACU-XDR50USS-00T-A
1539,20260827,54,3,AYUDANTE 2,12.0,20260827-YAULIYACU-XDR50USS-00T-A
1540,20260827,54,33,PERFORISTA,12.0,20260827-YAULIYACU-XDR50USS-00T-B
1541,20260827,54,3,AYUDANTE 1,12.0,20260827-YAULIYACU-XDR50USS-00T-B
1542,20260827,54,3,AYUDANTE 2,12.0,20260827-YAULIYACU-XDR50USS-00T-B
1543,20260828,54,359,PERFORISTA,12.0,20260828-YAULIYACU-XDR50USS-00T-A
1544,20260828,54,368,AYUDANTE 1,12.0,20260828-YAULIYACU-XDR50USS-00T-A
1545,20260828,54,3,AYUDANTE 2,12.0,20260828-YAULIYACU-XDR50USS-00T-A
1546,20260828,54,33,PERFORISTA,12.0,20260828-YAULIYACU-XDR50USS-00T-B
1547,20260828,54,3,AYUDANTE 1,12.0,20260828-YAULIYACU-XDR50USS-00T-B
1548,20260828,54,3,AYUDANTE 2,12.0,20260828-YAULIYACU-XDR50USS-00T-B
1549,20260829,54,359,PERFORISTA,12.0,20260829-YAULIYACU-XDR50USS-00T-A
1550,20260829,54,368,AYUDANTE 1,12.0,20260829-YAULIYACU-XDR50USS-00T-A
1551,20260829,54,3,AYUDANTE 2,12.0,20260829-YAULIYACU-XDR50USS-00T-A
1552,20260829,54,33,PERFORISTA,12.0,20260829-YAULIYACU-XDR50USS-00T-B
1553,20260829,54,3,AYUDANTE 1,12.0,20260829-YAULIYACU-XDR50USS-00T-B
1554,20260829,54,3,AYUDANTE 2,12.0,20260829-YAULIYACU-XDR50USS-00T-B
1555,20260830,54,359,PERFORISTA,12.0,20260830-YAULIYACU-XDR50USS-00T-A
1556,20260830,54,368,AYUDANTE 1,12.0,20260830-YAULIYACU-XDR50USS-00T-A
1557,20260830,54,3,AYUDANTE 2,12.0,20260830-YAULIYACU-XDR50USS-00T-A
1558,20260830,54,33,PERFORISTA,12.0,20260830-YAULIYACU-XDR50USS-00T-B
1559,20260830,54,3,AYUDANTE 1,12.0,20260830-YAULIYACU-XDR50USS-00T-B
1560,20260830,54,3,AYUDANTE 2,12.0,20260830-YAULIYACU-XDR50USS-00T-B
1561,20260826,55,297,PERFORISTA,12.0,20260826-YAULIYACU-XRD125USS-001-A
1562,20260826,55,247,AYUDANTE 1,12.0,20260826-YAULIYACU-XRD125USS-001-A
1563,20260826,55,223,AYUDANTE 2,12.0,20260826-YAULIYACU-XRD125USS-001-A
1564,20260826,55,269,PERFORISTA,12.0,20260826-YAULIYACU-XRD125USS-001-B
1565,20260826,55,268,AYUDANTE 1,12.0,20260826-YAULIYACU-XRD125USS-001-B
1566,20260826,55,413,AYUDANTE 2,12.0,20260826-YAULIYACU-XRD125USS-001-B
1567,20260827,55,297,PERFORISTA,12.0,20260827-YAULIYACU-XRD125USS-001-A
1568,20260827,55,247,AYUDANTE 1,12.0,20260827-YAULIYACU-XRD125USS-001-A
1569,20260827,55,223,AYUDANTE 2,12.0,20260827-YAULIYACU-XRD125USS-001-A
1570,20260827,55,269,PERFORISTA,12.0,20260827-YAULIYACU-XRD125USS-001-B
1571,20260827,55,268,AYUDANTE 1,12.0,20260827-YAULIYACU-XRD125USS-001-B
1572,20260827,55,413,AYUDANTE 2,12.0,20260827-YAULIYACU-XRD125USS-001-B
1573,20260828,55,297,PERFORISTA,12.0,20260828-YAULIYACU-XRD125USS-001-A
1574,20260828,55,247,AYUDANTE 1,12.0,20260828-YAULIYACU-XRD125USS-001-A
1575,20260828,55,223,AYUDANTE 2,12.0,20260828-YAULIYACU-XRD125USS-001-A
1576,20260828,55,269,PERFORISTA,12.0,20260828-YAULIYACU-XRD125USS-001-B
1577,20260828,55,268,AYUDANTE 1,12.0,20260828-YAULIYACU-XRD125USS-001-B
1578,20260828,55,413,AYUDANTE 2,12.0,20260828-YAULIYACU-XRD125USS-001-B
1579,20260829,55,297,PERFORISTA,12.0,20260829-YAULIYACU-XRD125USS-001-A
1580,20260829,55,247,AYUDANTE 1,12.0,20260829-YAULIYACU-XRD125USS-001-A
1581,20260829,55,223,AYUDANTE 2,12.0,20260829-YAULIYACU-XRD125USS-001-A
1582,20260829,55,269,PERFORISTA,12.0,20260829-YAULIYACU-XRD125USS-001-B
1583,20260829,55,268,AYUDANTE 1,12.0,20260829-YAULIYACU-XRD125USS-001-B
1584,20260829,55,413,AYUDANTE 2,12.0,20260829-YAULIYACU-XRD125USS-001-B
1585,20260830,55,297,PERFORISTA,12.0,20260830-YAULIYACU-XRD125USS-001-A
1586,20260830,55,247,AYUDANTE 1,12.0,20260830-YAULIYACU-XRD125USS-001-A
1587,20260830,55,223,AYUDANTE 2,12.0,20260830-YAULIYACU-XRD125USS-001-A
1588,20260830,55,269,PERFORISTA,12.0,20260830-YAULIYACU-XRD125USS-001-B
1589,20260830,55,268,AYUDANTE 1,12.0,20260830-YAULIYACU-XRD125USS-001-B
1590,20260830,55,413,AYUDANTE 2,12.0,20260830-YAULIYACU-XRD125USS-001-B
1591,20260826,58,160,PERFORISTA,12.0,20260826-YAURICOCHA-XRD150USS-001-A
1592,20260826,58,24,AYUDANTE 1,12.0,20260826-YAURICOCHA-XRD150USS-001-A
1593,20260826,58,106,AYUDANTE 2,12.0,20260826-YAURICOCHA-XRD150USS-001-A
1594,20260826,58,305,PERFORISTA,12.0,20260826-YAURICOCHA-XRD150USS-001-B
1595,20260826,58,132,AYUDANTE 1,12.0,20260826-YAURICOCHA-XRD150USS-001-B
1596,20260826,58,340,AYUDANTE 2,12.0,20260826-YAURICOCHA-XRD150USS-001-B
1597,20260827,58,160,PERFORISTA,12.0,20260827-YAURICOCHA-XRD150USS-001-A
1598,20260827,58,24,AYUDANTE 1,12.0,20260827-YAURICOCHA-XRD150USS-001-A
1599,20260827,58,106,AYUDANTE 2,12.0,20260827-YAURICOCHA-XRD150USS-001-A
1600,20260827,58,132,PERFORISTA,12.0,20260827-YAURICOCHA-XRD150USS-001-B
1601,20260827,58,305,AYUDANTE 1,12.0,20260827-YAURICOCHA-XRD150USS-001-B
1602,20260827,58,340,AYUDANTE 2,12.0,20260827-YAURICOCHA-XRD150USS-001-B
1603,20260828,58,160,PERFORISTA,12.0,20260828-YAURICOCHA-XRD150USS-001-A
1604,20260828,58,198,AYUDANTE 1,12.0,20260828-YAURICOCHA-XRD150USS-001-A
1605,20260828,58,106,AYUDANTE 2,12.0,20260828-YAURICOCHA-XRD150USS-001-A
1606,20260828,58,132,PERFORISTA,12.0,20260828-YAURICOCHA-XRD150USS-001-B
1607,20260828,58,305,AYUDANTE 1,12.0,20260828-YAURICOCHA-XRD150USS-001-B
1608,20260828,58,340,AYUDANTE 2,12.0,20260828-YAURICOCHA-XRD150USS-001-B
1609,20260829,58,160,PERFORISTA,12.0,20260829-YAURICOCHA-XRD150USS-001-A
1610,20260829,58,16,AYUDANTE 1,12.0,20260829-YAURICOCHA-XRD150USS-001-A
1611,20260829,58,106,AYUDANTE 2,12.0,20260829-YAURICOCHA-XRD150USS-001-A
1612,20260829,58,132,PERFORISTA,12.0,20260829-YAURICOCHA-XRD150USS-001-B
1613,20260829,58,305,AYUDANTE 1,12.0,20260829-YAURICOCHA-XRD150USS-001-B
1614,20260829,58,340,AYUDANTE 2,12.0,20260829-YAURICOCHA-XRD150USS-001-B
1615,20260830,58,160,PERFORISTA,12.0,20260830-YAURICOCHA-XRD150USS-001-A
1616,20260830,58,24,AYUDANTE 1,12.0,20260830-YAURICOCHA-XRD150USS-001-A
1617,20260830,58,106,AYUDANTE 2,12.0,20260830-YAURICOCHA-XRD150USS-001-A
1618,20260830,58,132,PERFORISTA,12.0,20260830-YAURICOCHA-XRD150USS-001-B
1619,20260830,58,305,AYUDANTE 1,12.0,20260830-YAURICOCHA-XRD150USS-001-B
1620,20260830,58,340,AYUDANTE 2,12.0,20260830-YAURICOCHA-XRD150USS-001-B
1621,20260826,57,179,PERFORISTA,12.0,20260826-YAURICOCHA-XRD150U-011-A
1622,20260826,57,130,AYUDANTE 1,12.0,20260826-YAURICOCHA-XRD150U-011-A
1623,20260826,57,17,AYUDANTE 2,12.0,20260826-YAURICOCHA-XRD150U-011-A
1624,20260826,57,176,PERFORISTA,12.0,20260826-YAURICOCHA-XRD150U-011-B
1625,20260826,57,9,AYUDANTE 1,12.0,20260826-YAURICOCHA-XRD150U-011-B
1626,20260826,57,44,AYUDANTE 2,12.0,20260826-YAURICOCHA-XRD150U-011-B
1627,20260827,57,248,PERFORISTA,12.0,20260827-YAURICOCHA-XRD150U-011-A
1628,20260827,57,48,AYUDANTE 1,12.0,20260827-YAURICOCHA-XRD150U-011-A
1629,20260827,57,14,AYUDANTE 2,12.0,20260827-YAURICOCHA-XRD150U-011-A
1630,20260827,57,176,PERFORISTA,12.0,20260827-YAURICOCHA-XRD150U-011-B
1631,20260827,57,9,AYUDANTE 1,12.0,20260827-YAURICOCHA-XRD150U-011-B
1632,20260827,57,44,AYUDANTE 2,12.0,20260827-YAURICOCHA-XRD150U-011-B
1633,20260828,57,204,PERFORISTA,12.0,20260828-YAURICOCHA-XRD150U-011-A
1634,20260828,57,48,AYUDANTE 1,12.0,20260828-YAURICOCHA-XRD150U-011-A
1635,20260828,57,147,AYUDANTE 2,12.0,20260828-YAURICOCHA-XRD150U-011-A
1636,20260828,57,176,PERFORISTA,12.0,20260828-YAURICOCHA-XRD150U-011-B
1637,20260828,57,9,AYUDANTE 1,12.0,20260828-YAURICOCHA-XRD150U-011-B
1638,20260828,57,44,AYUDANTE 2,12.0,20260828-YAURICOCHA-XRD150U-011-B
1639,20260829,57,204,PERFORISTA,12.0,20260829-YAURICOCHA-XRD150U-011-A
1640,20260829,57,176,PERFORISTA,12.0,20260829-YAURICOCHA-XRD150U-011-B
1641,20260829,57,9,AYUDANTE 1,12.0,20260829-YAURICOCHA-XRD150U-011-B
1642,20260829,57,44,AYUDANTE 2,12.0,20260829-YAURICOCHA-XRD150U-011-B
1643,20260830,57,204,PERFORISTA,12.0,20260830-YAURICOCHA-XRD150U-011-A
1644,20260830,57,176,PERFORISTA,12.0,20260830-YAURICOCHA-XRD150U-011-B
1645,20260830,57,9,AYUDANTE 1,12.0,20260830-YAURICOCHA-XRD150U-011-B
1646,20260830,57,44,AYUDANTE 2,12.0,20260830-YAURICOCHA-XRD150U-011-B
