avance_id,calendario_sk,contrato_sk,equipo_sk,sondaje_sk,perforista_sk,linea_sk,turno_guardia,desde_m,hasta_m,metraje_guardia_m,es_reperforacion,id_clave_unica
1,20260826,2,6,8,213,2,A,30.5,30.5,0.0,False,20260826-ANDAYCHAGUA-XRD80USS-010-A
2,20260826,2,6,8,42,2,B,30.5,58.8,28.3,False,20260826-ANDAYCHAGUA-XRD80USS-010-B
3,20260827,2,6,8,213,2,A,58.8,58.8,0.0,False,20260827-ANDAYCHAGUA-XRD80USS-010-A
4,20260827,2,6,8,42,2,B,58.8,79.2,20.4,False,20260827-ANDAYCHAGUA-XRD80USS-010-B
5,20260828,2,6,8,141,2,A,79.2,99.4,20.2,False,20260828-ANDAYCHAGUA-XRD80USS-010-A
6,20260828,2,6,8,213,2,B,99.4,119.5,20.1,False,20260828-ANDAYCHAGUA-XRD80USS-010-B
7,20260829,2,6,8,141,2,A,119.5,139.55,20.05,False,20260829-ANDAYCHAGUA-XRD80USS-010-A
8,20260829,2,6,8,213,2,B,139.55,152.55,13.0,False,20260829-ANDAYCHAGUA-XRD80USS-010-B
9,20260830,2,6,8,141,2,A,152.55,152.55,0.0,False,20260830-ANDAYCHAGUA-XRD80USS-010-A
10,20260830,2,6,8,213,2,B,152.55,172.85,20.3,False,20260830-ANDAYCHAGUA-XRD80USS-010-B
11,20260831,2,6,8,-1,3,A,0.0,0.0,0.0,False,20260831-ANDAYCHAGUA-XRD80USS-010-A
12,20260831,2,6,9,-1,3,B,0.0,0.0,0.0,False,20260831-ANDAYCHAGUA-XRD80USS-010-B
13,20260901,2,6,9,-1,3,A,0.0,0.0,0.0,False,20260901-ANDAYCHAGUA-XRD80USS-010-A
14,20260901,2,6,9,-1,3,B,0.0,0.0,0.0,False,20260901-ANDAYCHAGUA-XRD80USS-010-B
15,20260902,2,6,9,-1,3,A,0.0,0.0,0.0,False,20260902-ANDAYCHAGUA-XRD80USS-010-A
16,20260902,2,6,9,-1,3,B,0.0,0.0,0.0,False,20260902-ANDAYCHAGUA-XRD80USS-010-B
17,20260903,2,6,9,-1,3,A,0.0,0.0,0.0,False,20260903-ANDAYCHAGUA-XRD80USS-010-A
18,20260903,2,6,9,-1,3,B,0.0,0.0,0.0,False,20260903-ANDAYCHAGUA-XRD80USS-010-B
19,20260904,2,6,9,-1,3,A,0.0,0.0,0.0,False,20260904-ANDAYCHAGUA-XRD80USS-010-A
20,20260904,2,6,9,-1,3,B,0.0,0.0,0.0,False,20260904-ANDAYCHAGUA-XRD80USS-010-B
21,20260905,2,6,9,-1,3,A,0.0,0.0,0.0,False,20260905-ANDAYCHAGUA-XRD80USS-010-A
22,20260905,2,6,9,-1,3,B,0.0,0.0,0.0,False,20260905-ANDAYCHAGUA-XRD80USS-010-B
23,20260906,2,6,9,-1,3,A,0.0,0.0,0.0,False,20260906-ANDAYCHAGUA-XRD80USS-010-A
24,20260906,2,6,9,-1,3,B,0.0,0.0,0.0,False,20260906-ANDAYCHAGUA-XRD80USS-010-B
25,20260907,2,6,9,-1,3,A,0.0,0.0,0.0,False,20260907-ANDAYCHAGUA-XRD80USS-010-A
26,20260907,2,6,9,-1,3,B,0.0,0.0,0.0,False,20260907-ANDAYCHAGUA-XRD80USS-010-B
27,20260908,2,6,9,-1,3,A,0.0,0.0,0.0,False,20260908-ANDAYCHAGUA-XRD80USS-010-A
28,20260908,2,6,9,-1,3,B,0.0,0.0,0.0,False,20260908-ANDAYCHAGUA-XRD80USS-010-B
29,20260909,2,6,9,-1,3,A,0.0,0.0,0.0,False,20260909-ANDAYCHAGUA-XRD80USS-010-A
30,20260909,2,6,9,-1,3,B,0.0,0.0,0.0,False,20260909-ANDAYCHAGUA-XRD80USS-010-B
31,20260910,2,6,9,-1,3,A,0.0,0.0,0.0,False,20260910-ANDAYCHAGUA-XRD80USS-010-A
32,20260910,2,6,9,-1,3,B,0.0,0.0,0.0,False,20260910-ANDAYCHAGUA-XRD80USS-010-B
33,20260911,2,6,9,-1,3,A,0.0,0.0,0.0,False,20260911-ANDAYCHAGUA-XRD80USS-010-A
34,20260911,2,6,9,-1,3,B,0.0,0.0,0.0,False,20260911-ANDAYCHAGUA-XRD80USS-010-B
35,20260912,2,6,9,-1,3,A,0.0,0.0,0.0,False,20260912-ANDAYCHAGUA-XRD80USS-010-A
36,20260912,2,6,9,-1,3,B,0.0,0.0,0.0,False,20260912-ANDAYCHAGUA-XRD80USS-010-B
37,20260913,2,6,9,-1,3,A,0.0,0.0,0.0,False,20260913-ANDAYCHAGUA-XRD80USS-010-A
38,20260913,2,6,9,-1,3,B,0.0,0.0,0.0,False,20260913-ANDAYCHAGUA-XRD80USS-010-B
39,20260914,2,6,9,-1,3,A,0.0,0.0,0.0,False,20260914-ANDAYCHAGUA-XRD80USS-010-A
40,20260914,2,6,9,-1,3,B,0.0,0.0,0.0,False,20260914-ANDAYCHAGUA-XRD80USS-010-B
41,20260915,2,6,9,-1,3,A,0.0,0.0,0.0,False,20260915-ANDAYCHAGUA-XRD80USS-010-A
42,20260915,2,6,9,-1,3,B,0.0,0.0,0.0,False,20260915-ANDAYCHAGUA-XRD80USS-010-B
43,20260916,2,6,9,-1,3,A,0.0,0.0,0.0,False,20260916-ANDAYCHAGUA-XRD80USS-010-A
44,20260916,2,6,9,-1,3,B,0.0,0.0,0.0,False,20260916-ANDAYCHAGUA-XRD80USS-010-B
45,20260917,2,6,9,-1,3,A,0.0,0.0,0.0,False,20260917-ANDAYCHAGUA-XRD80USS-010-A
46,20260917,2,6,9,-1,3,B,0.0,0.0,0.0,False,20260917-ANDAYCHAGUA-XRD80USS-010-B
47,20260918,2,6,9,-1,3,A,0.0,0.0,0.0,False,20260918-ANDAYCHAGUA-XRD80USS-010-A
48,20260918,2,6,9,-1,3,B,0.0,0.0,0.0,False,20260918-ANDAYCHAGUA-XRD80USS-010-B
49,20260919,2,6,9,-1,3,A,0.0,0.0,0.0,False,20260919-ANDAYCHAGUA-XRD80USS-010-A
50,20260919,2,6,9,-1,3,B,0.0,0.0,0.0,False,20260919-ANDAYCHAGUA-XRD80USS-010-B
51,20260920,2,6,9,-1,3,A,0.0,0.0,0.0,False,20260920-ANDAYCHAGUA-XRD80USS-010-A
52,20260920,2,6,9,-1,3,B,0.0,0.0,0.0,False,20260920-ANDAYCHAGUA-XRD80USS-010-B
53,20260921,2,6,9,-1,3,A,0.0,0.0,0.0,False,20260921-ANDAYCHAGUA-XRD80USS-010-A
54,20260921,2,6,9,-1,3,B,0.0,0.0,0.0,False,20260921-ANDAYCHAGUA-XRD80USS-010-B
55,20260922,2,6,9,-1,3,A,0.0,0.0,0.0,False,20260922-ANDAYCHAGUA-XRD80USS-010-A
56,20260922,2,6,9,-1,3,B,0.0,0.0,0.0,False,20260922-ANDAYCHAGUA-XRD80USS-010-B
57,20260923,2,6,9,-1,3,A,0.0,0.0,0.0,False,20260923-ANDAYCHAGUA-XRD80USS-010-A
58,20260923,2,6,9,-1,3,B,0.0,0.0,0.0,False,20260923-ANDAYCHAGUA-XRD80USS-010-B
59,20260924,2,6,9,-1,3,A,0.0,0.0,0.0,False,20260924-ANDAYCHAGUA-XRD80USS-010-A
60,20260924,2,6,9,-1,3,B,0.0,0.0,0.0,False,20260924-ANDAYCHAGUA-XRD80USS-010-B
61,20260925,2,6,9,-1,3,A,0.0,0.0,0.0,False,20260925-ANDAYCHAGUA-XRD80USS-010-A
62,20260925,2,6,9,-1,3,B,0.0,0.0,0.0,False,20260925-ANDAYCHAGUA-XRD80USS-010-B
63,20260826,2,5,6,61,2,A,51.1,71.1,20.0,False,20260826-ANDAYCHAGUA-XRD150U-001-A
64,20260826,2,5,6,80,2,B,71.1,79.8,8.7,False,20260826-ANDAYCHAGUA-XRD150U-001-B
65,20260827,2,5,6,61,2,A,79.8,90.65,10.85,False,20260827-ANDAYCHAGUA-XRD150U-001-A
66,20260827,2,5,7,80,2,B,0.0,9.15,9.15,False,20260827-ANDAYCHAGUA-XRD150U-001-B
67,20260828,2,5,7,12,2,A,9.15,29.75,20.6,False,20260828-ANDAYCHAGUA-XRD150U-001-A
68,20260828,2,5,7,61,2,B,29.75,50.05,20.3,False,20260828-ANDAYCHAGUA-XRD150U-001-B
69,20260829,2,5,7,12,2,A,50.05,68.25,18.2,False,20260829-ANDAYCHAGUA-XRD150U-001-A
70,20260829,2,5,7,61,2,B,68.25,84.05,15.8,False,20260829-ANDAYCHAGUA-XRD150U-001-B
71,20260830,2,5,7,12,2,A,84.05,84.05,0.0,False,20260830-ANDAYCHAGUA-XRD150U-001-A
72,20260830,2,5,7,61,2,B,84.05,84.05,0.0,False,20260830-ANDAYCHAGUA-XRD150U-001-B
73,20260831,2,5,7,-1,3,A,0.0,0.0,0.0,False,20260831-ANDAYCHAGUA-XRD150U-001-A
74,20260831,2,5,9,-1,3,B,0.0,0.0,0.0,False,20260831-ANDAYCHAGUA-XRD150U-001-B
75,20260901,2,5,9,-1,3,A,0.0,0.0,0.0,False,20260901-ANDAYCHAGUA-XRD150U-001-A
76,20260901,2,5,9,-1,3,B,0.0,0.0,0.0,False,20260901-ANDAYCHAGUA-XRD150U-001-B
77,20260902,2,5,9,-1,3,A,0.0,0.0,0.0,False,20260902-ANDAYCHAGUA-XRD150U-001-A
78,20260902,2,5,9,-1,3,B,0.0,0.0,0.0,False,20260902-ANDAYCHAGUA-XRD150U-001-B
79,20260903,2,5,9,-1,3,A,0.0,0.0,0.0,False,20260903-ANDAYCHAGUA-XRD150U-001-A
80,20260903,2,5,9,-1,3,B,0.0,0.0,0.0,False,20260903-ANDAYCHAGUA-XRD150U-001-B
81,20260904,2,5,9,-1,3,A,0.0,0.0,0.0,False,20260904-ANDAYCHAGUA-XRD150U-001-A
82,20260904,2,5,9,-1,3,B,0.0,0.0,0.0,False,20260904-ANDAYCHAGUA-XRD150U-001-B
83,20260905,2,5,9,-1,3,A,0.0,0.0,0.0,False,20260905-ANDAYCHAGUA-XRD150U-001-A
84,20260905,2,5,9,-1,3,B,0.0,0.0,0.0,False,20260905-ANDAYCHAGUA-XRD150U-001-B
85,20260906,2,5,9,-1,3,A,0.0,0.0,0.0,False,20260906-ANDAYCHAGUA-XRD150U-001-A
86,20260906,2,5,9,-1,3,B,0.0,0.0,0.0,False,20260906-ANDAYCHAGUA-XRD150U-001-B
87,20260907,2,5,9,-1,3,A,0.0,0.0,0.0,False,20260907-ANDAYCHAGUA-XRD150U-001-A
88,20260907,2,5,9,-1,3,B,0.0,0.0,0.0,False,20260907-ANDAYCHAGUA-XRD150U-001-B
89,20260908,2,5,9,-1,3,A,0.0,0.0,0.0,False,20260908-ANDAYCHAGUA-XRD150U-001-A
90,20260908,2,5,9,-1,3,B,0.0,0.0,0.0,False,20260908-ANDAYCHAGUA-XRD150U-001-B
91,20260909,2,5,9,-1,3,A,0.0,0.0,0.0,False,20260909-ANDAYCHAGUA-XRD150U-001-A
92,20260909,2,5,9,-1,3,B,0.0,0.0,0.0,False,20260909-ANDAYCHAGUA-XRD150U-001-B
93,20260910,2,5,9,-1,3,A,0.0,0.0,0.0,False,20260910-ANDAYCHAGUA-XRD150U-001-A
94,20260910,2,5,9,-1,3,B,0.0,0.0,0.0,False,20260910-ANDAYCHAGUA-XRD150U-001-B
95,20260911,2,5,9,-1,3,A,0.0,0.0,0.0,False,20260911-ANDAYCHAGUA-XRD150U-001-A
96,20260911,2,5,9,-1,3,B,0.0,0.0,0.0,False,20260911-ANDAYCHAGUA-XRD150U-001-B
97,20260912,2,5,9,-1,3,A,0.0,0.0,0.0,False,20260912-ANDAYCHAGUA-XRD150U-001-A
98,20260912,2,5,9,-1,3,B,0.0,0.0,0.0,False,20260912-ANDAYCHAGUA-XRD150U-001-B
99,20260913,2,5,9,-1,3,A,0.0,0.0,0.0,False,20260913-ANDAYCHAGUA-XRD150U-001-A
100,20260913,2,5,9,-1,3,B,0.0,0.0,0.0,False,20260913-ANDAYCHAGUA-XRD150U-001-B
101,20260914,2,5,9,-1,3,A,0.0,0.0,0.0,False,20260914-ANDAYCHAGUA-XRD150U-001-A
102,20260914,2,5,9,-1,3,B,0.0,0.0,0.0,False,20260914-ANDAYCHAGUA-XRD150U-001-B
103,20260915,2,5,9,-1,3,A,0.0,0.0,0.0,False,20260915-ANDAYCHAGUA-XRD150U-001-A
104,20260915,2,5,9,-1,3,B,0.0,0.0,0.0,False,20260915-ANDAYCHAGUA-XRD150U-001-B
105,20260916,2,5,9,-1,3,A,0.0,0.0,0.0,False,20260916-ANDAYCHAGUA-XRD150U-001-A
106,20260916,2,5,9,-1,3,B,0.0,0.0,0.0,False,20260916-ANDAYCHAGUA-XRD150U-001-B
107,20260917,2,5,9,-1,3,A,0.0,0.0,0.0,False,20260917-ANDAYCHAGUA-XRD150U-001-A
108,20260917,2,5,9,-1,3,B,0.0,0.0,0.0,False,20260917-ANDAYCHAGUA-XRD150U-001-B
109,20260918,2,5,9,-1,3,A,0.0,0.0,0.0,False,20260918-ANDAYCHAGUA-XRD150U-001-A
110,20260918,2,5,9,-1,3,B,0.0,0.0,0.0,False,20260918-ANDAYCHAGUA-XRD150U-001-B
111,20260919,2,5,9,-1,3,A,0.0,0.0,0.0,False,20260919-ANDAYCHAGUA-XRD150U-001-A
112,20260919,2,5,9,-1,3,B,0.0,0.0,0.0,False,20260919-ANDAYCHAGUA-XRD150U-001-B
113,20260920,2,5,9,-1,3,A,0.0,0.0,0.0,False,20260920-ANDAYCHAGUA-XRD150U-001-A
114,20260920,2,5,9,-1,3,B,0.0,0.0,0.0,False,20260920-ANDAYCHAGUA-XRD150U-001-B
115,20260921,2,5,9,-1,3,A,0.0,0.0,0.0,False,20260921-ANDAYCHAGUA-XRD150U-001-A
116,20260921,2,5,9,-1,3,B,0.0,0.0,0.0,False,20260921-ANDAYCHAGUA-XRD150U-001-B
117,20260922,2,5,9,-1,3,A,0.0,0.0,0.0,False,20260922-ANDAYCHAGUA-XRD150U-001-A
118,20260922,2,5,9,-1,3,B,0.0,0.0,0.0,False,20260922-ANDAYCHAGUA-XRD150U-001-B
119,20260923,2,5,9,-1,3,A,0.0,0.0,0.0,False,20260923-ANDAYCHAGUA-XRD150U-001-A
120,20260923,2,5,9,-1,3,B,0.0,0.0,0.0,False,20260923-ANDAYCHAGUA-XRD150U-001-B
121,20260924,2,5,9,-1,3,A,0.0,0.0,0.0,False,20260924-ANDAYCHAGUA-XRD150U-001-A
122,20260924,2,5,9,-1,3,B,0.0,0.0,0.0,False,20260924-ANDAYCHAGUA-XRD150U-001-B
123,20260925,2,5,9,-1,3,A,0.0,0.0,0.0,False,20260925-ANDAYCHAGUA-XRD150U-001-A
124,20260925,2,5,9,-1,3,B,0.0,0.0,0.0,False,20260925-ANDAYCHAGUA-XRD150U-001-B
125,20260826,2,4,5,165,2,A,161.2,188.15,26.95,False,20260826-ANDAYCHAGUA-LF90D ST-002-A
126,20260826,2,4,5,341,2,B,188.15,215.2,27.05,False,20260826-ANDAYCHAGUA-LF90D ST-002-B
127,20260827,2,4,5,165,2,A,215.2,229.4,14.2,False,20260827-ANDAYCHAGUA-LF90D ST-002-A
128,20260827,2,4,5,341,2,B,229.4,242.3,12.9,False,20260827-ANDAYCHAGUA-LF90D ST-002-B
129,20260828,2,4,5,39,2,A,242.3,242.3,0.0,False,20260828-ANDAYCHAGUA-LF90D ST-002-A
130,20260828,2,4,5,165,2,B,242.3,271.1,28.8,False,20260828-ANDAYCHAGUA-LF90D ST-002-B
131,20260829,2,4,5,39,2,A,271.1,283.4,12.3,False,20260829-ANDAYCHAGUA-LF90D ST-002-A
132,20260829,2,4,5,165,2,B,283.4,286.85,3.45,False,20260829-ANDAYCHAGUA-LF90D ST-002-B
133,20260830,2,4,5,39,2,A,286.85,286.85,0.0,False,20260830-ANDAYCHAGUA-LF90D ST-002-A
134,20260830,2,4,5,165,2,B,286.85,290.8,3.95,False,20260830-ANDAYCHAGUA-LF90D ST-002-B
135,20260831,2,4,5,-1,3,A,0.0,0.0,0.0,False,20260831-ANDAYCHAGUA-LF90D ST-002-A
136,20260831,2,4,9,-1,3,B,0.0,0.0,0.0,False,20260831-ANDAYCHAGUA-LF90D ST-002-B
137,20260901,2,4,9,-1,3,A,0.0,0.0,0.0,False,20260901-ANDAYCHAGUA-LF90D ST-002-A
138,20260901,2,4,9,-1,3,B,0.0,0.0,0.0,False,20260901-ANDAYCHAGUA-LF90D ST-002-B
139,20260902,2,4,9,-1,3,A,0.0,0.0,0.0,False,20260902-ANDAYCHAGUA-LF90D ST-002-A
140,20260902,2,4,9,-1,3,B,0.0,0.0,0.0,False,20260902-ANDAYCHAGUA-LF90D ST-002-B
141,20260903,2,4,9,-1,3,A,0.0,0.0,0.0,False,20260903-ANDAYCHAGUA-LF90D ST-002-A
142,20260903,2,4,9,-1,3,B,0.0,0.0,0.0,False,20260903-ANDAYCHAGUA-LF90D ST-002-B
143,20260904,2,4,9,-1,3,A,0.0,0.0,0.0,False,20260904-ANDAYCHAGUA-LF90D ST-002-A
144,20260904,2,4,9,-1,3,B,0.0,0.0,0.0,False,20260904-ANDAYCHAGUA-LF90D ST-002-B
145,20260905,2,4,9,-1,3,A,0.0,0.0,0.0,False,20260905-ANDAYCHAGUA-LF90D ST-002-A
146,20260905,2,4,9,-1,3,B,0.0,0.0,0.0,False,20260905-ANDAYCHAGUA-LF90D ST-002-B
147,20260906,2,4,9,-1,3,A,0.0,0.0,0.0,False,20260906-ANDAYCHAGUA-LF90D ST-002-A
148,20260906,2,4,9,-1,3,B,0.0,0.0,0.0,False,20260906-ANDAYCHAGUA-LF90D ST-002-B
149,20260907,2,4,9,-1,3,A,0.0,0.0,0.0,False,20260907-ANDAYCHAGUA-LF90D ST-002-A
150,20260907,2,4,9,-1,3,B,0.0,0.0,0.0,False,20260907-ANDAYCHAGUA-LF90D ST-002-B
151,20260908,2,4,9,-1,3,A,0.0,0.0,0.0,False,20260908-ANDAYCHAGUA-LF90D ST-002-A
152,20260908,2,4,9,-1,3,B,0.0,0.0,0.0,False,20260908-ANDAYCHAGUA-LF90D ST-002-B
153,20260909,2,4,9,-1,3,A,0.0,0.0,0.0,False,20260909-ANDAYCHAGUA-LF90D ST-002-A
154,20260909,2,4,9,-1,3,B,0.0,0.0,0.0,False,20260909-ANDAYCHAGUA-LF90D ST-002-B
155,20260910,2,4,9,-1,3,A,0.0,0.0,0.0,False,20260910-ANDAYCHAGUA-LF90D ST-002-A
156,20260910,2,4,9,-1,3,B,0.0,0.0,0.0,False,20260910-ANDAYCHAGUA-LF90D ST-002-B
157,20260911,2,4,9,-1,3,A,0.0,0.0,0.0,False,20260911-ANDAYCHAGUA-LF90D ST-002-A
158,20260911,2,4,9,-1,3,B,0.0,0.0,0.0,False,20260911-ANDAYCHAGUA-LF90D ST-002-B
159,20260912,2,4,9,-1,3,A,0.0,0.0,0.0,False,20260912-ANDAYCHAGUA-LF90D ST-002-A
160,20260912,2,4,9,-1,3,B,0.0,0.0,0.0,False,20260912-ANDAYCHAGUA-LF90D ST-002-B
161,20260913,2,4,9,-1,3,A,0.0,0.0,0.0,False,20260913-ANDAYCHAGUA-LF90D ST-002-A
162,20260913,2,4,9,-1,3,B,0.0,0.0,0.0,False,20260913-ANDAYCHAGUA-LF90D ST-002-B
163,20260914,2,4,9,-1,3,A,0.0,0.0,0.0,False,20260914-ANDAYCHAGUA-LF90D ST-002-A
164,20260914,2,4,9,-1,3,B,0.0,0.0,0.0,False,20260914-ANDAYCHAGUA-LF90D ST-002-B
165,20260915,2,4,9,-1,3,A,0.0,0.0,0.0,False,20260915-ANDAYCHAGUA-LF90D ST-002-A
166,20260915,2,4,9,-1,3,B,0.0,0.0,0.0,False,20260915-ANDAYCHAGUA-LF90D ST-002-B
167,20260916,2,4,9,-1,3,A,0.0,0.0,0.0,False,20260916-ANDAYCHAGUA-LF90D ST-002-A
168,20260916,2,4,9,-1,3,B,0.0,0.0,0.0,False,20260916-ANDAYCHAGUA-LF90D ST-002-B
169,20260917,2,4,9,-1,3,A,0.0,0.0,0.0,False,20260917-ANDAYCHAGUA-LF90D ST-002-A
170,20260917,2,4,9,-1,3,B,0.0,0.0,0.0,False,20260917-ANDAYCHAGUA-LF90D ST-002-B
171,20260918,2,4,9,-1,3,A,0.0,0.0,0.0,False,20260918-ANDAYCHAGUA-LF90D ST-002-A
172,20260918,2,4,9,-1,3,B,0.0,0.0,0.0,False,20260918-ANDAYCHAGUA-LF90D ST-002-B
173,20260919,2,4,9,-1,3,A,0.0,0.0,0.0,False,20260919-ANDAYCHAGUA-LF90D ST-002-A
174,20260919,2,4,9,-1,3,B,0.0,0.0,0.0,False,20260919-ANDAYCHAGUA-LF90D ST-002-B
175,20260920,2,4,9,-1,3,A,0.0,0.0,0.0,False,20260920-ANDAYCHAGUA-LF90D ST-002-A
176,20260920,2,4,9,-1,3,B,0.0,0.0,0.0,False,20260920-ANDAYCHAGUA-LF90D ST-002-B
177,20260921,2,4,9,-1,3,A,0.0,0.0,0.0,False,20260921-ANDAYCHAGUA-LF90D ST-002-A
178,20260921,2,4,9,-1,3,B,0.0,0.0,0.0,False,20260921-ANDAYCHAGUA-LF90D ST-002-B
179,20260922,2,4,9,-1,3,A,0.0,0.0,0.0,False,20260922-ANDAYCHAGUA-LF90D ST-002-A
180,20260922,2,4,9,-1,3,B,0.0,0.0,0.0,False,20260922-ANDAYCHAGUA-LF90D ST-002-B
181,20260923,2,4,9,-1,3,A,0.0,0.0,0.0,False,20260923-ANDAYCHAGUA-LF90D ST-002-A
182,20260923,2,4,9,-1,3,B,0.0,0.0,0.0,False,20260923-ANDAYCHAGUA-LF90D ST-002-B
183,20260924,2,4,9,-1,3,A,0.0,0.0,0.0,False,20260924-ANDAYCHAGUA-LF90D ST-002-A
184,20260924,2,4,9,-1,3,B,0.0,0.0,0.0,False,20260924-ANDAYCHAGUA-LF90D ST-002-B
185,20260925,2,4,9,-1,3,A,0.0,0.0,0.0,False,20260925-ANDAYCHAGUA-LF90D ST-002-A
186,20260925,2,4,9,-1,3,B,0.0,0.0,0.0,False,20260925-ANDAYCHAGUA-LF90D ST-002-B
187,20260826,1,2,1,152,1,A,57.1,92.1,35.0,False,20260826-AMERICANA-XRD50U-002-A
188,20260826,1,2,1,139,1,B,92.1,107.6,15.5,False,20260826-AMERICANA-XRD50U-002-B
189,20260827,1,2,1,339,1,A,107.6,138.0,30.4,False,20260827-AMERICANA-XRD50U-002-A
190,20260827,1,2,1,152,1,B,138.0,150.0,12.0,False,20260827-AMERICANA-XRD50U-002-B
191,20260828,1,2,1,339,1,A,150.0,155.0,5.0,False,20260828-AMERICANA-XRD50U-002-A
192,20260828,1,2,1,152,1,B,0.0,15.3,15.3,False,20260828-AMERICANA-XRD50U-002-B
193,20260829,1,2,1,339,1,A,15.3,40.0,24.7,False,20260829-AMERICANA-XRD50U-002-A
194,20260829,1,2,1,152,1,B,40.0,40.0,0.0,False,20260829-AMERICANA-XRD50U-002-B
195,20260830,1,2,3,339,1,A,0.0,0.0,0.0,False,20260830-AMERICANA-XRD50U-002-A
196,20260830,1,2,3,152,1,B,0.0,0.0,0.0,False,20260830-AMERICANA-XRD50U-002-B
197,20260826,1,3,2,265,1,A,0.0,0.0,0.0,False,20260826-AMERICANA-XRD50USS-001-A
198,20260826,1,3,2,218,1,B,0.0,0.0,0.0,False,20260826-AMERICANA-XRD50USS-001-B
199,20260827,1,3,2,350,1,A,0.0,0.0,0.0,False,20260827-AMERICANA-XRD50USS-001-A
200,20260827,1,3,2,265,1,B,0.0,35.0,35.0,False,20260827-AMERICANA-XRD50USS-001-B
201,20260828,1,3,2,350,1,A,35.0,70.0,35.0,False,20260828-AMERICANA-XRD50USS-001-A
202,20260828,1,3,2,265,1,B,70.0,105.0,35.0,False,20260828-AMERICANA-XRD50USS-001-B
203,20260829,1,3,2,366,1,A,105.0,131.4,26.4,False,20260829-AMERICANA-XRD50USS-001-A
204,20260829,1,3,2,265,1,B,131.4,166.4,35.0,False,20260829-AMERICANA-XRD50USS-001-B
205,20260830,1,3,2,366,1,A,166.4,185.1,18.7,False,20260830-AMERICANA-XRD50USS-001-A
206,20260830,1,3,2,265,1,B,185.1,220.4,35.3,False,20260830-AMERICANA-XRD50USS-001-B
207,20260826,1,1,4,-1,3,A,0.0,0.0,0.0,False,20260826-AMERICANA-XRD125USS-001-A
208,20260826,1,1,4,-1,3,B,0.0,0.0,0.0,False,20260826-AMERICANA-XRD125USS-001-B
209,20260827,1,1,4,-1,3,A,0.0,0.0,0.0,False,20260827-AMERICANA-XRD125USS-001-A
210,20260827,1,1,4,-1,3,B,0.0,0.0,0.0,False,20260827-AMERICANA-XRD125USS-001-B
211,20260828,1,1,4,-1,3,A,0.0,0.0,0.0,False,20260828-AMERICANA-XRD125USS-001-A
212,20260828,1,1,4,-1,3,B,0.0,0.0,0.0,False,20260828-AMERICANA-XRD125USS-001-B
213,20260829,1,1,4,-1,3,A,0.0,0.0,0.0,False,20260829-AMERICANA-XRD125USS-001-A
214,20260829,1,1,4,-1,3,B,0.0,0.0,0.0,False,20260829-AMERICANA-XRD125USS-001-B
215,20260830,1,1,4,-1,3,A,0.0,0.0,0.0,False,20260830-AMERICANA-XRD125USS-001-A
216,20260830,1,1,4,-1,3,B,0.0,0.0,0.0,False,20260830-AMERICANA-XRD125USS-001-B
217,20260831,1,1,4,-1,3,A,0.0,0.0,0.0,False,20260831-AMERICANA-XRD125USS-001-A
218,20260831,1,1,4,-1,3,B,0.0,0.0,0.0,False,20260831-AMERICANA-XRD125USS-001-B
219,20260801,1,1,4,-1,3,A,0.0,0.0,0.0,False,20260801-AMERICANA-XRD125USS-001-A
220,20260801,1,1,4,-1,3,B,0.0,0.0,0.0,False,20260801-AMERICANA-XRD125USS-001-B
221,20260802,1,1,4,-1,3,A,0.0,0.0,0.0,False,20260802-AMERICANA-XRD125USS-001-A
222,20260802,1,1,4,-1,3,B,0.0,0.0,0.0,False,20260802-AMERICANA-XRD125USS-001-B
223,20260803,1,1,4,-1,3,A,0.0,0.0,0.0,False,20260803-AMERICANA-XRD125USS-001-A
224,20260803,1,1,4,-1,3,B,0.0,0.0,0.0,False,20260803-AMERICANA-XRD125USS-001-B
225,20260804,1,1,4,-1,3,A,0.0,0.0,0.0,False,20260804-AMERICANA-XRD125USS-001-A
226,20260804,1,1,4,-1,3,B,0.0,0.0,0.0,False,20260804-AMERICANA-XRD125USS-001-B
227,20260805,1,1,4,-1,3,A,0.0,0.0,0.0,False,20260805-AMERICANA-XRD125USS-001-A
228,20260805,1,1,4,-1,3,B,0.0,0.0,0.0,False,20260805-AMERICANA-XRD125USS-001-B
229,20260806,1,1,4,-1,3,A,0.0,0.0,0.0,False,20260806-AMERICANA-XRD125USS-001-A
230,20260806,1,1,4,-1,3,B,0.0,0.0,0.0,False,20260806-AMERICANA-XRD125USS-001-B
231,20260807,1,1,4,-1,3,A,0.0,0.0,0.0,False,20260807-AMERICANA-XRD125USS-001-A
232,20260807,1,1,4,-1,3,B,0.0,0.0,0.0,False,20260807-AMERICANA-XRD125USS-001-B
233,20260808,1,1,4,-1,3,A,0.0,0.0,0.0,False,20260808-AMERICANA-XRD125USS-001-A
234,20260808,1,1,4,-1,3,B,0.0,0.0,0.0,False,20260808-AMERICANA-XRD125USS-001-B
235,20260809,1,1,4,-1,3,A,0.0,0.0,0.0,False,20260809-AMERICANA-XRD125USS-001-A
236,20260809,1,1,4,-1,3,B,0.0,0.0,0.0,False,20260809-AMERICANA-XRD125USS-001-B
237,20260810,1,1,4,-1,3,A,0.0,0.0,0.0,False,20260810-AMERICANA-XRD125USS-001-A
238,20260810,1,1,4,-1,3,B,0.0,0.0,0.0,False,20260810-AMERICANA-XRD125USS-001-B
239,20260811,1,1,4,-1,3,A,0.0,0.0,0.0,False,20260811-AMERICANA-XRD125USS-001-A
240,20260811,1,1,4,-1,3,B,0.0,0.0,0.0,False,20260811-AMERICANA-XRD125USS-001-B
241,20260812,1,1,4,-1,3,A,0.0,0.0,0.0,False,20260812-AMERICANA-XRD125USS-001-A
242,20260812,1,1,4,-1,3,B,0.0,0.0,0.0,False,20260812-AMERICANA-XRD125USS-001-B
243,20260813,1,1,4,-1,3,A,0.0,0.0,0.0,False,20260813-AMERICANA-XRD125USS-001-A
244,20260813,1,1,4,-1,3,B,0.0,0.0,0.0,False,20260813-AMERICANA-XRD125USS-001-B
245,20260814,1,1,4,-1,3,A,0.0,0.0,0.0,False,20260814-AMERICANA-XRD125USS-001-A
246,20260814,1,1,4,-1,3,B,0.0,0.0,0.0,False,20260814-AMERICANA-XRD125USS-001-B
247,20260815,1,1,4,-1,3,A,0.0,0.0,0.0,False,20260815-AMERICANA-XRD125USS-001-A
248,20260815,1,1,4,-1,3,B,0.0,0.0,0.0,False,20260815-AMERICANA-XRD125USS-001-B
249,20260816,1,1,4,-1,3,A,0.0,0.0,0.0,False,20260816-AMERICANA-XRD125USS-001-A
250,20260816,1,1,4,-1,3,B,0.0,0.0,0.0,False,20260816-AMERICANA-XRD125USS-001-B
251,20260817,1,1,4,-1,3,A,0.0,0.0,0.0,False,20260817-AMERICANA-XRD125USS-001-A
252,20260817,1,1,4,-1,3,B,0.0,0.0,0.0,False,20260817-AMERICANA-XRD125USS-001-B
253,20260818,1,1,4,-1,3,A,0.0,0.0,0.0,False,20260818-AMERICANA-XRD125USS-001-A
254,20260818,1,1,4,-1,3,B,0.0,0.0,0.0,False,20260818-AMERICANA-XRD125USS-001-B
255,20260819,1,1,4,-1,3,A,0.0,0.0,0.0,False,20260819-AMERICANA-XRD125USS-001-A
256,20260819,1,1,4,-1,3,B,0.0,0.0,0.0,False,20260819-AMERICANA-XRD125USS-001-B
257,20260820,1,1,4,-1,3,A,0.0,0.0,0.0,False,20260820-AMERICANA-XRD125USS-001-A
258,20260820,1,1,4,-1,3,B,0.0,0.0,0.0,False,20260820-AMERICANA-XRD125USS-001-B
259,20260821,1,1,4,-1,3,A,0.0,0.0,0.0,False,20260821-AMERICANA-XRD125USS-001-A
260,20260821,1,1,4,-1,3,B,0.0,0.0,0.0,False,20260821-AMERICANA-XRD125USS-001-B
261,20260822,1,1,4,-1,3,A,0.0,0.0,0.0,False,20260822-AMERICANA-XRD125USS-001-A
262,20260822,1,1,4,-1,3,B,0.0,0.0,0.0,False,20260822-AMERICANA-XRD125USS-001-B
263,20260823,1,1,4,-1,3,A,0.0,0.0,0.0,False,20260823-AMERICANA-XRD125USS-001-A
264,20260823,1,1,4,-1,3,B,0.0,0.0,0.0,False,20260823-AMERICANA-XRD125USS-001-B
265,20260824,1,1,4,-1,3,A,0.0,0.0,0.0,False,20260824-AMERICANA-XRD125USS-001-A
266,20260824,1,1,4,-1,3,B,0.0,0.0,0.0,False,20260824-AMERICANA-XRD125USS-001-B
267,20260825,1,1,4,-1,3,A,0.0,0.0,0.0,False,20260825-AMERICANA-XRD125USS-001-A
268,20260825,1,1,4,-1,3,B,0.0,0.0,0.0,False,20260825-AMERICANA-XRD125USS-001-B
269,20260826,4,12,19,207,2,A,0.0,0.0,0.0,False,20260826-CERRO-XRD150U-002-A
270,20260826,4,12,19,66,2,B,0.0,7.95,7.95,False,20260826-CERRO-XRD150U-002-B
271,20260827,4,12,19,207,2,A,7.95,28.8,20.85,False,20260827-CERRO-XRD150U-002-A
272,20260827,4,12,19,66,2,B,28.8,44.9,16.1,False,20260827-CERRO-XRD150U-002-B
273,20260828,4,12,19,66,2,A,44.9,60.35,15.45,False,20260828-CERRO-XRD150U-002-A
274,20260828,4,12,19,6,2,B,60.35,60.35,0.0,False,20260828-CERRO-XRD150U-002-B
275,20260829,4,12,19,66,2,A,60.35,71.8,11.45,False,20260829-CERRO-XRD150U-002-A
276,20260829,4,12,20,6,2,B,0.0,0.0,0.0,False,20260829-CERRO-XRD150U-002-B
277,20260830,4,12,20,66,2,A,0.0,0.0,0.0,False,20260830-CERRO-XRD150U-002-A
278,20260830,4,12,20,6,2,B,71.8,82.5,10.7,False,20260830-CERRO-XRD150U-002-B
279,20260831,4,12,20,-1,3,A,0.0,0.0,0.0,False,20260831-CERRO-XRD150U-002-A
280,20260831,4,12,21,-1,3,B,0.0,0.0,0.0,False,20260831-CERRO-XRD150U-002-B
281,20260801,4,12,21,-1,3,A,0.0,0.0,0.0,False,20260801-CERRO-XRD150U-002-A
282,20260801,4,12,21,-1,3,B,0.0,0.0,0.0,False,20260801-CERRO-XRD150U-002-B
283,20260802,4,12,21,-1,3,A,0.0,0.0,0.0,False,20260802-CERRO-XRD150U-002-A
284,20260802,4,12,21,-1,3,B,0.0,0.0,0.0,False,20260802-CERRO-XRD150U-002-B
285,20260803,4,12,21,-1,3,A,0.0,0.0,0.0,False,20260803-CERRO-XRD150U-002-A
286,20260803,4,12,21,-1,3,B,0.0,0.0,0.0,False,20260803-CERRO-XRD150U-002-B
287,20260804,4,12,21,-1,3,A,0.0,0.0,0.0,False,20260804-CERRO-XRD150U-002-A
288,20260804,4,12,21,-1,3,B,0.0,0.0,0.0,False,20260804-CERRO-XRD150U-002-B
289,20260805,4,12,21,-1,3,A,0.0,0.0,0.0,False,20260805-CERRO-XRD150U-002-A
290,20260805,4,12,21,-1,3,B,0.0,0.0,0.0,False,20260805-CERRO-XRD150U-002-B
291,20260806,4,12,21,-1,3,A,0.0,0.0,0.0,False,20260806-CERRO-XRD150U-002-A
292,20260806,4,12,21,-1,3,B,0.0,0.0,0.0,False,20260806-CERRO-XRD150U-002-B
293,20260807,4,12,21,-1,3,A,0.0,0.0,0.0,False,20260807-CERRO-XRD150U-002-A
294,20260807,4,12,21,-1,3,B,0.0,0.0,0.0,False,20260807-CERRO-XRD150U-002-B
295,20260808,4,12,21,-1,3,A,0.0,0.0,0.0,False,20260808-CERRO-XRD150U-002-A
296,20260808,4,12,21,-1,3,B,0.0,0.0,0.0,False,20260808-CERRO-XRD150U-002-B
297,20260809,4,12,21,-1,3,A,0.0,0.0,0.0,False,20260809-CERRO-XRD150U-002-A
298,20260809,4,12,21,-1,3,B,0.0,0.0,0.0,False,20260809-CERRO-XRD150U-002-B
299,20260810,4,12,21,-1,3,A,0.0,0.0,0.0,False,20260810-CERRO-XRD150U-002-A
300,20260810,4,12,21,-1,3,B,0.0,0.0,0.0,False,20260810-CERRO-XRD150U-002-B
301,20260811,4,12,21,-1,3,A,0.0,0.0,0.0,False,20260811-CERRO-XRD150U-002-A
302,20260811,4,12,21,-1,3,B,0.0,0.0,0.0,False,20260811-CERRO-XRD150U-002-B
303,20260812,4,12,21,-1,3,A,0.0,0.0,0.0,False,20260812-CERRO-XRD150U-002-A
304,20260812,4,12,21,-1,3,B,0.0,0.0,0.0,False,20260812-CERRO-XRD150U-002-B
305,20260813,4,12,21,-1,3,A,0.0,0.0,0.0,False,20260813-CERRO-XRD150U-002-A
306,20260813,4,12,21,-1,3,B,0.0,0.0,0.0,False,20260813-CERRO-XRD150U-002-B
307,20260814,4,12,21,-1,3,A,0.0,0.0,0.0,False,20260814-CERRO-XRD150U-002-A
308,20260814,4,12,21,-1,3,B,0.0,0.0,0.0,False,20260814-CERRO-XRD150U-002-B
309,20260815,4,12,21,-1,3,A,0.0,0.0,0.0,False,20260815-CERRO-XRD150U-002-A
310,20260815,4,12,21,-1,3,B,0.0,0.0,0.0,False,20260815-CERRO-XRD150U-002-B
311,20260816,4,12,21,-1,3,A,0.0,0.0,0.0,False,20260816-CERRO-XRD150U-002-A
312,20260816,4,12,21,-1,3,B,0.0,0.0,0.0,False,20260816-CERRO-XRD150U-002-B
313,20260817,4,12,21,-1,3,A,0.0,0.0,0.0,False,20260817-CERRO-XRD150U-002-A
314,20260817,4,12,21,-1,3,B,0.0,0.0,0.0,False,20260817-CERRO-XRD150U-002-B
315,20260818,4,12,21,-1,3,A,0.0,0.0,0.0,False,20260818-CERRO-XRD150U-002-A
316,20260818,4,12,21,-1,3,B,0.0,0.0,0.0,False,20260818-CERRO-XRD150U-002-B
317,20260819,4,12,21,-1,3,A,0.0,0.0,0.0,False,20260819-CERRO-XRD150U-002-A
318,20260819,4,12,21,-1,3,B,0.0,0.0,0.0,False,20260819-CERRO-XRD150U-002-B
319,20260820,4,12,21,-1,3,A,0.0,0.0,0.0,False,20260820-CERRO-XRD150U-002-A
320,20260820,4,12,21,-1,3,B,0.0,0.0,0.0,False,20260820-CERRO-XRD150U-002-B
321,20260821,4,12,21,-1,3,A,0.0,0.0,0.0,False,20260821-CERRO-XRD150U-002-A
322,20260821,4,12,21,-1,3,B,0.0,0.0,0.0,False,20260821-CERRO-XRD150U-002-B
323,20260822,4,12,21,-1,3,A,0.0,0.0,0.0,False,20260822-CERRO-XRD150U-002-A
324,20260822,4,12,21,-1,3,B,0.0,0.0,0.0,False,20260822-CERRO-XRD150U-002-B
325,20260823,4,12,21,-1,3,A,0.0,0.0,0.0,False,20260823-CERRO-XRD150U-002-A
326,20260823,4,12,21,-1,3,B,0.0,0.0,0.0,False,20260823-CERRO-XRD150U-002-B
327,20260824,4,12,21,-1,3,A,0.0,0.0,0.0,False,20260824-CERRO-XRD150U-002-A
328,20260824,4,12,21,-1,3,B,0.0,0.0,0.0,False,20260824-CERRO-XRD150U-002-B
329,20260825,4,12,21,-1,3,A,0.0,0.0,0.0,False,20260825-CERRO-XRD150U-002-A
330,20260825,4,12,21,-1,3,B,0.0,0.0,0.0,False,20260825-CERRO-XRD150U-002-B
331,20260826,3,9,15,115,3,A,0.0,0.0,0.0,False,20260826-CATALINA HUANCA-XRD50U-003-A
332,20260826,3,9,15,82,1,B,0.0,3.2,3.2,False,20260826-CATALINA HUANCA-XRD50U-003-B
333,20260827,3,9,15,389,1,A,3.2,25.2,22.0,False,20260827-CATALINA HUANCA-XRD50U-003-A
334,20260827,3,9,15,82,1,B,25.2,53.2,28.0,False,20260827-CATALINA HUANCA-XRD50U-003-B
335,20260828,3,9,15,389,1,A,53.2,76.0,22.8,False,20260828-CATALINA HUANCA-XRD50U-003-A
336,20260828,3,9,15,82,1,B,76.0,86.1,10.1,False,20260828-CATALINA HUANCA-XRD50U-003-B
337,20260828,3,9,15,82,1,B,86.1,93.2,7.1,False,20260828-CATALINA HUANCA-XRD50U-003-B
338,20260829,3,9,15,389,1,A,93.2,105.2,12.0,False,20260829-CATALINA HUANCA-XRD50U-003-A
339,20260829,3,9,15,82,3,B,0.0,0.0,0.0,False,20260829-CATALINA HUANCA-XRD50U-003-B
340,20260830,3,9,17,389,1,A,0.0,3.1,3.1,False,20260830-CATALINA HUANCA-XRD50U-003-A
341,20260830,3,9,17,82,1,B,3.1,22.0,18.9,False,20260830-CATALINA HUANCA-XRD50U-003-B
342,20260831,3,9,17,-1,3,A,22.0,0.0,0.0,False,20260831-CATALINA HUANCA-XRD50U-003-A
343,20260831,3,9,10,-1,3,B,0.0,0.0,0.0,False,20260831-CATALINA HUANCA-XRD50U-003-B
344,20260901,3,9,10,-1,3,A,0.0,0.0,0.0,False,20260901-CATALINA HUANCA-XRD50U-003-A
345,20260901,3,9,10,-1,3,B,0.0,0.0,0.0,False,20260901-CATALINA HUANCA-XRD50U-003-B
346,20260902,3,9,10,-1,3,A,0.0,0.0,0.0,False,20260902-CATALINA HUANCA-XRD50U-003-A
347,20260902,3,9,10,-1,3,B,0.0,0.0,0.0,False,20260902-CATALINA HUANCA-XRD50U-003-B
348,20260903,3,9,10,-1,3,A,0.0,0.0,0.0,False,20260903-CATALINA HUANCA-XRD50U-003-A
349,20260903,3,9,10,-1,3,B,0.0,0.0,0.0,False,20260903-CATALINA HUANCA-XRD50U-003-B
350,20260904,3,9,10,-1,3,A,0.0,0.0,0.0,False,20260904-CATALINA HUANCA-XRD50U-003-A
351,20260904,3,9,10,-1,3,B,0.0,0.0,0.0,False,20260904-CATALINA HUANCA-XRD50U-003-B
352,20260905,3,9,10,-1,3,A,0.0,0.0,0.0,False,20260905-CATALINA HUANCA-XRD50U-003-A
353,20260905,3,9,10,-1,3,B,0.0,0.0,0.0,False,20260905-CATALINA HUANCA-XRD50U-003-B
354,20260906,3,9,10,-1,3,A,0.0,0.0,0.0,False,20260906-CATALINA HUANCA-XRD50U-003-A
355,20260906,3,9,10,-1,3,B,0.0,0.0,0.0,False,20260906-CATALINA HUANCA-XRD50U-003-B
356,20260907,3,9,10,-1,3,A,0.0,0.0,0.0,False,20260907-CATALINA HUANCA-XRD50U-003-A
357,20260907,3,9,10,-1,3,B,0.0,0.0,0.0,False,20260907-CATALINA HUANCA-XRD50U-003-B
358,20260908,3,9,10,-1,3,A,0.0,0.0,0.0,False,20260908-CATALINA HUANCA-XRD50U-003-A
359,20260908,3,9,10,-1,3,B,0.0,0.0,0.0,False,20260908-CATALINA HUANCA-XRD50U-003-B
360,20260909,3,9,10,-1,3,A,0.0,0.0,0.0,False,20260909-CATALINA HUANCA-XRD50U-003-A
361,20260909,3,9,10,-1,3,B,0.0,0.0,0.0,False,20260909-CATALINA HUANCA-XRD50U-003-B
362,20260910,3,9,10,-1,3,A,0.0,0.0,0.0,False,20260910-CATALINA HUANCA-XRD50U-003-A
363,20260910,3,9,10,-1,3,B,0.0,0.0,0.0,False,20260910-CATALINA HUANCA-XRD50U-003-B
364,20260911,3,9,10,-1,3,A,0.0,0.0,0.0,False,20260911-CATALINA HUANCA-XRD50U-003-A
365,20260911,3,9,10,-1,3,B,0.0,0.0,0.0,False,20260911-CATALINA HUANCA-XRD50U-003-B
366,20260912,3,9,10,-1,3,A,0.0,0.0,0.0,False,20260912-CATALINA HUANCA-XRD50U-003-A
367,20260912,3,9,10,-1,3,B,0.0,0.0,0.0,False,20260912-CATALINA HUANCA-XRD50U-003-B
368,20260913,3,9,10,-1,3,A,0.0,0.0,0.0,False,20260913-CATALINA HUANCA-XRD50U-003-A
369,20260913,3,9,10,-1,3,B,0.0,0.0,0.0,False,20260913-CATALINA HUANCA-XRD50U-003-B
370,20260914,3,9,10,-1,3,A,0.0,0.0,0.0,False,20260914-CATALINA HUANCA-XRD50U-003-A
371,20260914,3,9,10,-1,3,B,0.0,0.0,0.0,False,20260914-CATALINA HUANCA-XRD50U-003-B
372,20260915,3,9,10,-1,3,A,0.0,0.0,0.0,False,20260915-CATALINA HUANCA-XRD50U-003-A
373,20260915,3,9,10,-1,3,B,0.0,0.0,0.0,False,20260915-CATALINA HUANCA-XRD50U-003-B
374,20260916,3,9,10,-1,3,A,0.0,0.0,0.0,False,20260916-CATALINA HUANCA-XRD50U-003-A
375,20260916,3,9,10,-1,3,B,0.0,0.0,0.0,False,20260916-CATALINA HUANCA-XRD50U-003-B
376,20260917,3,9,10,-1,3,A,0.0,0.0,0.0,False,20260917-CATALINA HUANCA-XRD50U-003-A
377,20260917,3,9,10,-1,3,B,0.0,0.0,0.0,False,20260917-CATALINA HUANCA-XRD50U-003-B
378,20260918,3,9,10,-1,3,A,0.0,0.0,0.0,False,20260918-CATALINA HUANCA-XRD50U-003-A
379,20260918,3,9,10,-1,3,B,0.0,0.0,0.0,False,20260918-CATALINA HUANCA-XRD50U-003-B
380,20260919,3,9,10,-1,3,A,0.0,0.0,0.0,False,20260919-CATALINA HUANCA-XRD50U-003-A
381,20260919,3,9,10,-1,3,B,0.0,0.0,0.0,False,20260919-CATALINA HUANCA-XRD50U-003-B
382,20260920,3,9,10,-1,3,A,0.0,0.0,0.0,False,20260920-CATALINA HUANCA-XRD50U-003-A
383,20260920,3,9,10,-1,3,B,0.0,0.0,0.0,False,20260920-CATALINA HUANCA-XRD50U-003-B
384,20260921,3,9,10,-1,3,A,0.0,0.0,0.0,False,20260921-CATALINA HUANCA-XRD50U-003-A
385,20260921,3,9,10,-1,3,B,0.0,0.0,0.0,False,20260921-CATALINA HUANCA-XRD50U-003-B
386,20260922,3,9,10,-1,3,A,0.0,0.0,0.0,False,20260922-CATALINA HUANCA-XRD50U-003-A
387,20260922,3,9,10,-1,3,B,0.0,0.0,0.0,False,20260922-CATALINA HUANCA-XRD50U-003-B
388,20260923,3,9,10,-1,3,A,0.0,0.0,0.0,False,20260923-CATALINA HUANCA-XRD50U-003-A
389,20260923,3,9,10,-1,3,B,0.0,0.0,0.0,False,20260923-CATALINA HUANCA-XRD50U-003-B
390,20260924,3,9,10,-1,3,A,0.0,0.0,0.0,False,20260924-CATALINA HUANCA-XRD50U-003-A
391,20260924,3,9,10,-1,3,B,0.0,0.0,0.0,False,20260924-CATALINA HUANCA-XRD50U-003-B
392,20260925,3,9,10,-1,3,A,0.0,0.0,0.0,False,20260925-CATALINA HUANCA-XRD50U-003-A
393,20260826,3,10,12,323,1,A,89.1,102.4,13.3,False,20260826-CATALINA HUANCA-XRD50USS-004-A
394,20260826,3,10,12,96,1,B,102.4,118.1,15.7,False,20260826-CATALINA HUANCA-XRD50USS-004-B
395,20260827,3,10,12,29,1,A,118.1,132.0,13.9,False,20260827-CATALINA HUANCA-XRD50USS-004-A
396,20260827,3,10,12,96,1,B,132.0,145.4,13.4,False,20260827-CATALINA HUANCA-XRD50USS-004-B
397,20260828,3,10,12,29,1,A,145.4,164.2,18.8,False,20260828-CATALINA HUANCA-XRD50USS-004-A
398,20260828,3,10,12,96,1,B,164.2,164.2,0.0,False,20260828-CATALINA HUANCA-XRD50USS-004-B
399,20260829,3,10,12,29,1,A,164.2,180.0,15.8,False,20260829-CATALINA HUANCA-XRD50USS-004-A
400,20260829,3,10,12,96,1,B,180.0,182.6,2.6,False,20260829-CATALINA HUANCA-XRD50USS-004-B
401,20260830,3,10,12,29,1,A,182.6,185.3,2.7,False,20260830-CATALINA HUANCA-XRD50USS-004-A
402,20260830,3,10,12,96,1,B,185.3,185.3,0.0,False,20260830-CATALINA HUANCA-XRD50USS-004-B
403,20260831,3,10,12,-1,3,A,185.3,0.0,0.0,False,20260831-CATALINA HUANCA-XRD50USS-004-A
404,20260831,3,10,10,-1,3,B,0.0,0.0,0.0,False,20260831-CATALINA HUANCA-XRD50USS-004-B
405,20260901,3,10,10,-1,3,A,0.0,0.0,0.0,False,20260901-CATALINA HUANCA-XRD50USS-004-A
406,20260901,3,10,10,-1,3,B,0.0,0.0,0.0,False,20260901-CATALINA HUANCA-XRD50USS-004-B
407,20260902,3,10,10,-1,3,A,0.0,0.0,0.0,False,20260902-CATALINA HUANCA-XRD50USS-004-A
408,20260902,3,10,10,-1,3,B,0.0,0.0,0.0,False,20260902-CATALINA HUANCA-XRD50USS-004-B
409,20260903,3,10,10,-1,3,A,0.0,0.0,0.0,False,20260903-CATALINA HUANCA-XRD50USS-004-A
410,20260903,3,10,10,-1,3,B,0.0,0.0,0.0,False,20260903-CATALINA HUANCA-XRD50USS-004-B
411,20260904,3,10,10,-1,3,A,0.0,0.0,0.0,False,20260904-CATALINA HUANCA-XRD50USS-004-A
412,20260904,3,10,10,-1,3,B,0.0,0.0,0.0,False,20260904-CATALINA HUANCA-XRD50USS-004-B
413,20260905,3,10,10,-1,3,A,0.0,0.0,0.0,False,20260905-CATALINA HUANCA-XRD50USS-004-A
414,20260905,3,10,10,-1,3,B,0.0,0.0,0.0,False,20260905-CATALINA HUANCA-XRD50USS-004-B
415,20260906,3,10,10,-1,3,A,0.0,0.0,0.0,False,20260906-CATALINA HUANCA-XRD50USS-004-A
416,20260906,3,10,10,-1,3,B,0.0,0.0,0.0,False,20260906-CATALINA HUANCA-XRD50USS-004-B
417,20260907,3,10,10,-1,3,A,0.0,0.0,0.0,False,20260907-CATALINA HUANCA-XRD50USS-004-A
418,20260907,3,10,10,-1,3,B,0.0,0.0,0.0,False,20260907-CATALINA HUANCA-XRD50USS-004-B
419,20260908,3,10,10,-1,3,A,0.0,0.0,0.0,False,20260908-CATALINA HUANCA-XRD50USS-004-A
420,20260908,3,10,10,-1,3,B,0.0,0.0,0.0,False,20260908-CATALINA HUANCA-XRD50USS-004-B
421,20260909,3,10,10,-1,3,A,0.0,0.0,0.0,False,20260909-CATALINA HUANCA-XRD50USS-004-A
422,20260909,3,10,10,-1,3,B,0.0,0.0,0.0,False,20260909-CATALINA HUANCA-XRD50USS-004-B
423,20260910,3,10,10,-1,3,A,0.0,0.0,0.0,False,20260910-CATALINA HUANCA-XRD50USS-004-A
424,20260910,3,10,10,-1,3,B,0.0,0.0,0.0,False,20260910-CATALINA HUANCA-XRD50USS-004-B
425,20260911,3,10,10,-1,3,A,0.0,0.0,0.0,False,20260911-CATALINA HUANCA-XRD50USS-004-A
426,20260911,3,10,10,-1,3,B,0.0,0.0,0.0,False,20260911-CATALINA HUANCA-XRD50USS-004-B
427,20260912,3,10,10,-1,3,A,0.0,0.0,0.0,False,20260912-CATALINA HUANCA-XRD50USS-004-A
428,20260912,3,10,10,-1,3,B,0.0,0.0,0.0,False,20260912-CATALINA HUANCA-XRD50USS-004-B
429,20260913,3,10,10,-1,3,A,0.0,0.0,0.0,False,20260913-CATALINA HUANCA-XRD50USS-004-A
430,20260913,3,10,10,-1,3,B,0.0,0.0,0.0,False,20260913-CATALINA HUANCA-XRD50USS-004-B
431,20260914,3,10,10,-1,3,A,0.0,0.0,0.0,False,20260914-CATALINA HUANCA-XRD50USS-004-A
432,20260914,3,10,10,-1,3,B,0.0,0.0,0.0,False,20260914-CATALINA HUANCA-XRD50USS-004-B
433,20260915,3,10,10,-1,3,A,0.0,0.0,0.0,False,20260915-CATALINA HUANCA-XRD50USS-004-A
434,20260915,3,10,10,-1,3,B,0.0,0.0,0.0,False,20260915-CATALINA HUANCA-XRD50USS-004-B
435,20260916,3,10,10,-1,3,A,0.0,0.0,0.0,False,20260916-CATALINA HUANCA-XRD50USS-004-A
436,20260916,3,10,10,-1,3,B,0.0,0.0,0.0,False,20260916-CATALINA HUANCA-XRD50USS-004-B
437,20260917,3,10,10,-1,3,A,0.0,0.0,0.0,False,20260917-CATALINA HUANCA-XRD50USS-004-A
438,20260917,3,10,10,-1,3,B,0.0,0.0,0.0,False,20260917-CATALINA HUANCA-XRD50USS-004-B
439,20260918,3,10,10,-1,3,A,0.0,0.0,0.0,False,20260918-CATALINA HUANCA-XRD50USS-004-A
440,20260918,3,10,10,-1,3,B,0.0,0.0,0.0,False,20260918-CATALINA HUANCA-XRD50USS-004-B
441,20260919,3,10,10,-1,3,A,0.0,0.0,0.0,False,20260919-CATALINA HUANCA-XRD50USS-004-A
442,20260919,3,10,10,-1,3,B,0.0,0.0,0.0,False,20260919-CATALINA HUANCA-XRD50USS-004-B
443,20260920,3,10,10,-1,3,A,0.0,0.0,0.0,False,20260920-CATALINA HUANCA-XRD50USS-004-A
444,20260920,3,10,10,-1,3,B,0.0,0.0,0.0,False,20260920-CATALINA HUANCA-XRD50USS-004-B
445,20260921,3,10,10,-1,3,A,0.0,0.0,0.0,False,20260921-CATALINA HUANCA-XRD50USS-004-A
446,20260921,3,10,10,-1,3,B,0.0,0.0,0.0,False,20260921-CATALINA HUANCA-XRD50USS-004-B
447,20260922,3,10,10,-1,3,A,0.0,0.0,0.0,False,20260922-CATALINA HUANCA-XRD50USS-004-A
448,20260922,3,10,10,-1,3,B,0.0,0.0,0.0,False,20260922-CATALINA HUANCA-XRD50USS-004-B
449,20260923,3,10,10,-1,3,A,0.0,0.0,0.0,False,20260923-CATALINA HUANCA-XRD50USS-004-A
450,20260923,3,10,10,-1,3,B,0.0,0.0,0.0,False,20260923-CATALINA HUANCA-XRD50USS-004-B
451,20260924,3,10,10,-1,3,A,0.0,0.0,0.0,False,20260924-CATALINA HUANCA-XRD50USS-004-A
452,20260924,3,10,10,-1,3,B,0.0,0.0,0.0,False,20260924-CATALINA HUANCA-XRD50USS-004-B
453,20260925,3,10,10,-1,3,A,0.0,0.0,0.0,False,20260925-CATALINA HUANCA-XRD50USS-004-A
454,20260925,3,10,10,-1,3,B,0.0,0.0,0.0,False,20260925-CATALINA HUANCA-XRD50USS-004-B
455,20260826,3,7,11,334,1,A,159.6,168.1,8.5,False,20260826-CATALINA HUANCA-XRD100U-001-A
456,20260826,3,7,11,347,1,B,168.1,189.1,21.0,False,20260826-CATALINA HUANCA-XRD100U-001-B
457,20260827,3,7,11,402,1,A,189.1,200.0,10.9,False,20260827-CATALINA HUANCA-XRD100U-001-A
458,20260827,3,7,11,347,3,B,0.0,0.0,0.0,False,20260827-CATALINA HUANCA-XRD100U-001-B
459,20260828,3,7,11,402,3,A,0.0,0.0,0.0,False,20260828-CATALINA HUANCA-XRD100U-001-A
460,20260828,3,7,10,347,3,B,0.0,0.0,0.0,False,20260828-CATALINA HUANCA-XRD100U-001-B
461,20260829,3,7,10,402,3,A,0.0,0.0,0.0,False,20260829-CATALINA HUANCA-XRD100U-001-A
462,20260829,3,7,16,347,1,B,0.0,25.2,25.2,False,20260829-CATALINA HUANCA-XRD100U-001-B
463,20260830,3,7,16,402,1,A,25.2,44.8,19.6,False,20260830-CATALINA HUANCA-XRD100U-001-A
464,20260830,3,7,16,347,1,B,44.8,66.9,22.1,False,20260830-CATALINA HUANCA-XRD100U-001-B
465,20260831,3,7,16,-1,3,A,66.9,0.0,0.0,False,20260831-CATALINA HUANCA-XRD100U-001-A
466,20260831,3,7,10,-1,3,B,0.0,0.0,0.0,False,20260831-CATALINA HUANCA-XRD100U-001-B
467,20260901,3,7,10,-1,3,A,0.0,0.0,0.0,False,20260901-CATALINA HUANCA-XRD100U-001-A
468,20260901,3,7,10,-1,3,B,0.0,0.0,0.0,False,20260901-CATALINA HUANCA-XRD100U-001-B
469,20260902,3,7,10,-1,3,A,0.0,0.0,0.0,False,20260902-CATALINA HUANCA-XRD100U-001-A
470,20260902,3,7,10,-1,3,B,0.0,0.0,0.0,False,20260902-CATALINA HUANCA-XRD100U-001-B
471,20260903,3,7,10,-1,3,A,0.0,0.0,0.0,False,20260903-CATALINA HUANCA-XRD100U-001-A
472,20260903,3,7,10,-1,3,B,0.0,0.0,0.0,False,20260903-CATALINA HUANCA-XRD100U-001-B
473,20260904,3,7,10,-1,3,A,0.0,0.0,0.0,False,20260904-CATALINA HUANCA-XRD100U-001-A
474,20260904,3,7,10,-1,3,B,0.0,0.0,0.0,False,20260904-CATALINA HUANCA-XRD100U-001-B
475,20260905,3,7,10,-1,3,A,0.0,0.0,0.0,False,20260905-CATALINA HUANCA-XRD100U-001-A
476,20260905,3,7,10,-1,3,B,0.0,0.0,0.0,False,20260905-CATALINA HUANCA-XRD100U-001-B
477,20260906,3,7,10,-1,3,A,0.0,0.0,0.0,False,20260906-CATALINA HUANCA-XRD100U-001-A
478,20260906,3,7,10,-1,3,B,0.0,0.0,0.0,False,20260906-CATALINA HUANCA-XRD100U-001-B
479,20260907,3,7,10,-1,3,A,0.0,0.0,0.0,False,20260907-CATALINA HUANCA-XRD100U-001-A
480,20260907,3,7,10,-1,3,B,0.0,0.0,0.0,False,20260907-CATALINA HUANCA-XRD100U-001-B
481,20260908,3,7,10,-1,3,A,0.0,0.0,0.0,False,20260908-CATALINA HUANCA-XRD100U-001-A
482,20260908,3,7,10,-1,3,B,0.0,0.0,0.0,False,20260908-CATALINA HUANCA-XRD100U-001-B
483,20260909,3,7,10,-1,3,A,0.0,0.0,0.0,False,20260909-CATALINA HUANCA-XRD100U-001-A
484,20260909,3,7,10,-1,3,B,0.0,0.0,0.0,False,20260909-CATALINA HUANCA-XRD100U-001-B
485,20260910,3,7,10,-1,3,A,0.0,0.0,0.0,False,20260910-CATALINA HUANCA-XRD100U-001-A
486,20260910,3,7,10,-1,3,B,0.0,0.0,0.0,False,20260910-CATALINA HUANCA-XRD100U-001-B
487,20260911,3,7,10,-1,3,A,0.0,0.0,0.0,False,20260911-CATALINA HUANCA-XRD100U-001-A
488,20260911,3,7,10,-1,3,B,0.0,0.0,0.0,False,20260911-CATALINA HUANCA-XRD100U-001-B
489,20260912,3,7,10,-1,3,A,0.0,0.0,0.0,False,20260912-CATALINA HUANCA-XRD100U-001-A
490,20260912,3,7,10,-1,3,B,0.0,0.0,0.0,False,20260912-CATALINA HUANCA-XRD100U-001-B
491,20260913,3,7,10,-1,3,A,0.0,0.0,0.0,False,20260913-CATALINA HUANCA-XRD100U-001-A
492,20260913,3,7,10,-1,3,B,0.0,0.0,0.0,False,20260913-CATALINA HUANCA-XRD100U-001-B
493,20260914,3,7,10,-1,3,A,0.0,0.0,0.0,False,20260914-CATALINA HUANCA-XRD100U-001-A
494,20260914,3,7,10,-1,3,B,0.0,0.0,0.0,False,20260914-CATALINA HUANCA-XRD100U-001-B
495,20260915,3,7,10,-1,3,A,0.0,0.0,0.0,False,20260915-CATALINA HUANCA-XRD100U-001-A
496,20260915,3,7,10,-1,3,B,0.0,0.0,0.0,False,20260915-CATALINA HUANCA-XRD100U-001-B
497,20260916,3,7,10,-1,3,A,0.0,0.0,0.0,False,20260916-CATALINA HUANCA-XRD100U-001-A
498,20260916,3,7,10,-1,3,B,0.0,0.0,0.0,False,20260916-CATALINA HUANCA-XRD100U-001-B
499,20260917,3,7,10,-1,3,A,0.0,0.0,0.0,False,20260917-CATALINA HUANCA-XRD100U-001-A
500,20260917,3,7,10,-1,3,B,0.0,0.0,0.0,False,20260917-CATALINA HUANCA-XRD100U-001-B
501,20260918,3,7,10,-1,3,A,0.0,0.0,0.0,False,20260918-CATALINA HUANCA-XRD100U-001-A
502,20260918,3,7,10,-1,3,B,0.0,0.0,0.0,False,20260918-CATALINA HUANCA-XRD100U-001-B
503,20260919,3,7,10,-1,3,A,0.0,0.0,0.0,False,20260919-CATALINA HUANCA-XRD100U-001-A
504,20260919,3,7,10,-1,3,B,0.0,0.0,0.0,False,20260919-CATALINA HUANCA-XRD100U-001-B
505,20260920,3,7,10,-1,3,A,0.0,0.0,0.0,False,20260920-CATALINA HUANCA-XRD100U-001-A
506,20260920,3,7,10,-1,3,B,0.0,0.0,0.0,False,20260920-CATALINA HUANCA-XRD100U-001-B
507,20260921,3,7,10,-1,3,A,0.0,0.0,0.0,False,20260921-CATALINA HUANCA-XRD100U-001-A
508,20260921,3,7,10,-1,3,B,0.0,0.0,0.0,False,20260921-CATALINA HUANCA-XRD100U-001-B
509,20260922,3,7,10,-1,3,A,0.0,0.0,0.0,False,20260922-CATALINA HUANCA-XRD100U-001-A
510,20260922,3,7,10,-1,3,B,0.0,0.0,0.0,False,20260922-CATALINA HUANCA-XRD100U-001-B
511,20260923,3,7,10,-1,3,A,0.0,0.0,0.0,False,20260923-CATALINA HUANCA-XRD100U-001-A
512,20260923,3,7,10,-1,3,B,0.0,0.0,0.0,False,20260923-CATALINA HUANCA-XRD100U-001-B
513,20260924,3,7,10,-1,3,A,0.0,0.0,0.0,False,20260924-CATALINA HUANCA-XRD100U-001-A
514,20260924,3,7,10,-1,3,B,0.0,0.0,0.0,False,20260924-CATALINA HUANCA-XRD100U-001-B
515,20260925,3,7,10,-1,3,A,0.0,0.0,0.0,False,20260925-CATALINA HUANCA-XRD100U-001-A
516,20260925,3,7,10,-1,3,B,0.0,0.0,0.0,False,20260925-CATALINA HUANCA-XRD100U-001-B
517,20260826,3,11,13,410,4,A,71.8,87.8,16.0,False,20260826-CATALINA HUANCA-XRD90U-005-A
518,20260826,3,11,13,395,4,B,87.8,106.3,18.5,False,20260826-CATALINA HUANCA-XRD90U-005-B
519,20260827,3,11,13,78,4,A,106.3,116.3,10.0,False,20260827-CATALINA HUANCA-XRD90U-005-A
520,20260827,3,11,13,395,3,B,0.0,0.0,0.0,False,20260827-CATALINA HUANCA-XRD90U-005-B
521,20260828,3,11,13,78,3,A,0.0,0.0,0.0,False,20260828-CATALINA HUANCA-XRD90U-005-A
522,20260828,3,11,10,395,3,B,0.0,0.0,0.0,False,20260828-CATALINA HUANCA-XRD90U-005-B
523,20260829,3,11,10,78,3,A,0.0,0.0,0.0,False,20260829-CATALINA HUANCA-XRD90U-005-A
524,20260829,3,11,10,395,3,B,0.0,0.0,0.0,False,20260829-CATALINA HUANCA-XRD90U-005-B
525,20260830,3,11,10,78,3,A,0.0,0.0,0.0,False,20260830-CATALINA HUANCA-XRD90U-005-A
526,20260830,3,11,18,395,2,B,0.0,10.0,10.0,False,20260830-CATALINA HUANCA-XRD90U-005-B
527,20260831,3,11,18,-1,3,A,10.0,0.0,0.0,False,20260831-CATALINA HUANCA-XRD90U-005-A
528,20260831,3,11,10,-1,3,B,0.0,0.0,0.0,False,20260831-CATALINA HUANCA-XRD90U-005-B
529,20260901,3,11,10,-1,3,A,0.0,0.0,0.0,False,20260901-CATALINA HUANCA-XRD90U-005-A
530,20260901,3,11,10,-1,3,B,0.0,0.0,0.0,False,20260901-CATALINA HUANCA-XRD90U-005-B
531,20260902,3,11,10,-1,3,A,0.0,0.0,0.0,False,20260902-CATALINA HUANCA-XRD90U-005-A
532,20260902,3,11,10,-1,3,B,0.0,0.0,0.0,False,20260902-CATALINA HUANCA-XRD90U-005-B
533,20260903,3,11,10,-1,3,A,0.0,0.0,0.0,False,20260903-CATALINA HUANCA-XRD90U-005-A
534,20260903,3,11,10,-1,3,B,0.0,0.0,0.0,False,20260903-CATALINA HUANCA-XRD90U-005-B
535,20260904,3,11,10,-1,3,A,0.0,0.0,0.0,False,20260904-CATALINA HUANCA-XRD90U-005-A
536,20260904,3,11,10,-1,3,B,0.0,0.0,0.0,False,20260904-CATALINA HUANCA-XRD90U-005-B
537,20260905,3,11,10,-1,3,A,0.0,0.0,0.0,False,20260905-CATALINA HUANCA-XRD90U-005-A
538,20260905,3,11,10,-1,3,B,0.0,0.0,0.0,False,20260905-CATALINA HUANCA-XRD90U-005-B
539,20260906,3,11,10,-1,3,A,0.0,0.0,0.0,False,20260906-CATALINA HUANCA-XRD90U-005-A
540,20260906,3,11,10,-1,3,B,0.0,0.0,0.0,False,20260906-CATALINA HUANCA-XRD90U-005-B
541,20260907,3,11,10,-1,3,A,0.0,0.0,0.0,False,20260907-CATALINA HUANCA-XRD90U-005-A
542,20260907,3,11,10,-1,3,B,0.0,0.0,0.0,False,20260907-CATALINA HUANCA-XRD90U-005-B
543,20260908,3,11,10,-1,3,A,0.0,0.0,0.0,False,20260908-CATALINA HUANCA-XRD90U-005-A
544,20260908,3,11,10,-1,3,B,0.0,0.0,0.0,False,20260908-CATALINA HUANCA-XRD90U-005-B
545,20260909,3,11,10,-1,3,A,0.0,0.0,0.0,False,20260909-CATALINA HUANCA-XRD90U-005-A
546,20260909,3,11,10,-1,3,B,0.0,0.0,0.0,False,20260909-CATALINA HUANCA-XRD90U-005-B
547,20260910,3,11,10,-1,3,A,0.0,0.0,0.0,False,20260910-CATALINA HUANCA-XRD90U-005-A
548,20260910,3,11,10,-1,3,B,0.0,0.0,0.0,False,20260910-CATALINA HUANCA-XRD90U-005-B
549,20260911,3,11,10,-1,3,A,0.0,0.0,0.0,False,20260911-CATALINA HUANCA-XRD90U-005-A
550,20260911,3,11,10,-1,3,B,0.0,0.0,0.0,False,20260911-CATALINA HUANCA-XRD90U-005-B
551,20260912,3,11,10,-1,3,A,0.0,0.0,0.0,False,20260912-CATALINA HUANCA-XRD90U-005-A
552,20260912,3,11,10,-1,3,B,0.0,0.0,0.0,False,20260912-CATALINA HUANCA-XRD90U-005-B
553,20260913,3,11,10,-1,3,A,0.0,0.0,0.0,False,20260913-CATALINA HUANCA-XRD90U-005-A
554,20260913,3,11,10,-1,3,B,0.0,0.0,0.0,False,20260913-CATALINA HUANCA-XRD90U-005-B
555,20260914,3,11,10,-1,3,A,0.0,0.0,0.0,False,20260914-CATALINA HUANCA-XRD90U-005-A
556,20260914,3,11,10,-1,3,B,0.0,0.0,0.0,False,20260914-CATALINA HUANCA-XRD90U-005-B
557,20260915,3,11,10,-1,3,A,0.0,0.0,0.0,False,20260915-CATALINA HUANCA-XRD90U-005-A
558,20260915,3,11,10,-1,3,B,0.0,0.0,0.0,False,20260915-CATALINA HUANCA-XRD90U-005-B
559,20260916,3,11,10,-1,3,A,0.0,0.0,0.0,False,20260916-CATALINA HUANCA-XRD90U-005-A
560,20260916,3,11,10,-1,3,B,0.0,0.0,0.0,False,20260916-CATALINA HUANCA-XRD90U-005-B
561,20260917,3,11,10,-1,3,A,0.0,0.0,0.0,False,20260917-CATALINA HUANCA-XRD90U-005-A
562,20260917,3,11,10,-1,3,B,0.0,0.0,0.0,False,20260917-CATALINA HUANCA-XRD90U-005-B
563,20260918,3,11,10,-1,3,A,0.0,0.0,0.0,False,20260918-CATALINA HUANCA-XRD90U-005-A
564,20260918,3,11,10,-1,3,B,0.0,0.0,0.0,False,20260918-CATALINA HUANCA-XRD90U-005-B
565,20260919,3,11,10,-1,3,A,0.0,0.0,0.0,False,20260919-CATALINA HUANCA-XRD90U-005-A
566,20260919,3,11,10,-1,3,B,0.0,0.0,0.0,False,20260919-CATALINA HUANCA-XRD90U-005-B
567,20260920,3,11,10,-1,3,A,0.0,0.0,0.0,False,20260920-CATALINA HUANCA-XRD90U-005-A
568,20260920,3,11,10,-1,3,B,0.0,0.0,0.0,False,20260920-CATALINA HUANCA-XRD90U-005-B
569,20260921,3,11,10,-1,3,A,0.0,0.0,0.0,False,20260921-CATALINA HUANCA-XRD90U-005-A
570,20260921,3,11,10,-1,3,B,0.0,0.0,0.0,False,20260921-CATALINA HUANCA-XRD90U-005-B
571,20260922,3,11,10,-1,3,A,0.0,0.0,0.0,False,20260922-CATALINA HUANCA-XRD90U-005-A
572,20260922,3,11,10,-1,3,B,0.0,0.0,0.0,False,20260922-CATALINA HUANCA-XRD90U-005-B
573,20260923,3,11,10,-1,3,A,0.0,0.0,0.0,False,20260923-CATALINA HUANCA-XRD90U-005-A
574,20260923,3,11,10,-1,3,B,0.0,0.0,0.0,False,20260923-CATALINA HUANCA-XRD90U-005-B
575,20260924,3,11,10,-1,3,A,0.0,0.0,0.0,False,20260924-CATALINA HUANCA-XRD90U-005-A
576,20260924,3,11,10,-1,3,B,0.0,0.0,0.0,False,20260924-CATALINA HUANCA-XRD90U-005-B
577,20260925,3,11,10,-1,3,A,0.0,0.0,0.0,False,20260925-CATALINA HUANCA-XRD90U-005-A
578,20260925,3,11,10,-1,3,B,0.0,0.0,0.0,False,20260925-CATALINA HUANCA-XRD90U-005-B
579,20260826,3,8,14,249,4,A,58.1,58.1,0.0,False,20260826-CATALINA HUANCA-XRD125UFDR-001-A
580,20260826,3,8,14,177,4,B,58.1,70.2,12.1,False,20260826-CATALINA HUANCA-XRD125UFDR-001-B
581,20260827,3,8,14,250,4,A,70.2,77.6,7.4,False,20260827-CATALINA HUANCA-XRD125UFDR-001-A
582,20260827,3,8,14,177,4,B,77.6,97.5,19.9,False,20260827-CATALINA HUANCA-XRD125UFDR-001-B
583,20260828,3,8,14,250,4,A,97.5,115.7,18.2,False,20260828-CATALINA HUANCA-XRD125UFDR-001-A
584,20260828,3,8,14,177,4,B,115.7,129.9,14.2,False,20260828-CATALINA HUANCA-XRD125UFDR-001-B
585,20260829,3,8,14,250,4,A,129.9,143.6,13.7,False,20260829-CATALINA HUANCA-XRD125UFDR-001-A
586,20260829,3,8,14,177,4,B,143.6,161.8,18.2,False,20260829-CATALINA HUANCA-XRD125UFDR-001-B
587,20260830,3,8,14,250,4,A,161.8,171.1,9.3,False,20260830-CATALINA HUANCA-XRD125UFDR-001-A
588,20260830,3,8,14,177,3,B,0.0,0.0,0.0,False,20260830-CATALINA HUANCA-XRD125UFDR-001-B
589,20260831,3,8,14,-1,3,A,0.0,0.0,0.0,False,20260831-CATALINA HUANCA-XRD125UFDR-001-A
590,20260831,3,8,10,-1,3,B,0.0,0.0,0.0,False,20260831-CATALINA HUANCA-XRD125UFDR-001-B
591,20260901,3,8,10,-1,3,A,0.0,0.0,0.0,False,20260901-CATALINA HUANCA-XRD125UFDR-001-A
592,20260901,3,8,10,-1,3,B,0.0,0.0,0.0,False,20260901-CATALINA HUANCA-XRD125UFDR-001-B
593,20260902,3,8,10,-1,3,A,0.0,0.0,0.0,False,20260902-CATALINA HUANCA-XRD125UFDR-001-A
594,20260902,3,8,10,-1,3,B,0.0,0.0,0.0,False,20260902-CATALINA HUANCA-XRD125UFDR-001-B
595,20260903,3,8,10,-1,3,A,0.0,0.0,0.0,False,20260903-CATALINA HUANCA-XRD125UFDR-001-A
596,20260903,3,8,10,-1,3,B,0.0,0.0,0.0,False,20260903-CATALINA HUANCA-XRD125UFDR-001-B
597,20260904,3,8,10,-1,3,A,0.0,0.0,0.0,False,20260904-CATALINA HUANCA-XRD125UFDR-001-A
598,20260904,3,8,10,-1,3,B,0.0,0.0,0.0,False,20260904-CATALINA HUANCA-XRD125UFDR-001-B
599,20260905,3,8,10,-1,3,A,0.0,0.0,0.0,False,20260905-CATALINA HUANCA-XRD125UFDR-001-A
600,20260905,3,8,10,-1,3,B,0.0,0.0,0.0,False,20260905-CATALINA HUANCA-XRD125UFDR-001-B
601,20260906,3,8,10,-1,3,A,0.0,0.0,0.0,False,20260906-CATALINA HUANCA-XRD125UFDR-001-A
602,20260906,3,8,10,-1,3,B,0.0,0.0,0.0,False,20260906-CATALINA HUANCA-XRD125UFDR-001-B
603,20260907,3,8,10,-1,3,A,0.0,0.0,0.0,False,20260907-CATALINA HUANCA-XRD125UFDR-001-A
604,20260907,3,8,10,-1,3,B,0.0,0.0,0.0,False,20260907-CATALINA HUANCA-XRD125UFDR-001-B
605,20260908,3,8,10,-1,3,A,0.0,0.0,0.0,False,20260908-CATALINA HUANCA-XRD125UFDR-001-A
606,20260908,3,8,10,-1,3,B,0.0,0.0,0.0,False,20260908-CATALINA HUANCA-XRD125UFDR-001-B
607,20260909,3,8,10,-1,3,A,0.0,0.0,0.0,False,20260909-CATALINA HUANCA-XRD125UFDR-001-A
608,20260909,3,8,10,-1,3,B,0.0,0.0,0.0,False,20260909-CATALINA HUANCA-XRD125UFDR-001-B
609,20260910,3,8,10,-1,3,A,0.0,0.0,0.0,False,20260910-CATALINA HUANCA-XRD125UFDR-001-A
610,20260910,3,8,10,-1,3,B,0.0,0.0,0.0,False,20260910-CATALINA HUANCA-XRD125UFDR-001-B
611,20260911,3,8,10,-1,3,A,0.0,0.0,0.0,False,20260911-CATALINA HUANCA-XRD125UFDR-001-A
612,20260911,3,8,10,-1,3,B,0.0,0.0,0.0,False,20260911-CATALINA HUANCA-XRD125UFDR-001-B
613,20260912,3,8,10,-1,3,A,0.0,0.0,0.0,False,20260912-CATALINA HUANCA-XRD125UFDR-001-A
614,20260912,3,8,10,-1,3,B,0.0,0.0,0.0,False,20260912-CATALINA HUANCA-XRD125UFDR-001-B
615,20260913,3,8,10,-1,3,A,0.0,0.0,0.0,False,20260913-CATALINA HUANCA-XRD125UFDR-001-A
616,20260913,3,8,10,-1,3,B,0.0,0.0,0.0,False,20260913-CATALINA HUANCA-XRD125UFDR-001-B
617,20260914,3,8,10,-1,3,A,0.0,0.0,0.0,False,20260914-CATALINA HUANCA-XRD125UFDR-001-A
618,20260914,3,8,10,-1,3,B,0.0,0.0,0.0,False,20260914-CATALINA HUANCA-XRD125UFDR-001-B
619,20260915,3,8,10,-1,3,A,0.0,0.0,0.0,False,20260915-CATALINA HUANCA-XRD125UFDR-001-A
620,20260915,3,8,10,-1,3,B,0.0,0.0,0.0,False,20260915-CATALINA HUANCA-XRD125UFDR-001-B
621,20260916,3,8,10,-1,3,A,0.0,0.0,0.0,False,20260916-CATALINA HUANCA-XRD125UFDR-001-A
622,20260916,3,8,10,-1,3,B,0.0,0.0,0.0,False,20260916-CATALINA HUANCA-XRD125UFDR-001-B
623,20260917,3,8,10,-1,3,A,0.0,0.0,0.0,False,20260917-CATALINA HUANCA-XRD125UFDR-001-A
624,20260917,3,8,10,-1,3,B,0.0,0.0,0.0,False,20260917-CATALINA HUANCA-XRD125UFDR-001-B
625,20260918,3,8,10,-1,3,A,0.0,0.0,0.0,False,20260918-CATALINA HUANCA-XRD125UFDR-001-A
626,20260918,3,8,10,-1,3,B,0.0,0.0,0.0,False,20260918-CATALINA HUANCA-XRD125UFDR-001-B
627,20260919,3,8,10,-1,3,A,0.0,0.0,0.0,False,20260919-CATALINA HUANCA-XRD125UFDR-001-A
628,20260919,3,8,10,-1,3,B,0.0,0.0,0.0,False,20260919-CATALINA HUANCA-XRD125UFDR-001-B
629,20260920,3,8,10,-1,3,A,0.0,0.0,0.0,False,20260920-CATALINA HUANCA-XRD125UFDR-001-A
630,20260920,3,8,10,-1,3,B,0.0,0.0,0.0,False,20260920-CATALINA HUANCA-XRD125UFDR-001-B
631,20260921,3,8,10,-1,3,A,0.0,0.0,0.0,False,20260921-CATALINA HUANCA-XRD125UFDR-001-A
632,20260921,3,8,10,-1,3,B,0.0,0.0,0.0,False,20260921-CATALINA HUANCA-XRD125UFDR-001-B
633,20260922,3,8,10,-1,3,A,0.0,0.0,0.0,False,20260922-CATALINA HUANCA-XRD125UFDR-001-A
634,20260922,3,8,10,-1,3,B,0.0,0.0,0.0,False,20260922-CATALINA HUANCA-XRD125UFDR-001-B
635,20260923,3,8,10,-1,3,A,0.0,0.0,0.0,False,20260923-CATALINA HUANCA-XRD125UFDR-001-A
636,20260923,3,8,10,-1,3,B,0.0,0.0,0.0,False,20260923-CATALINA HUANCA-XRD125UFDR-001-B
637,20260924,3,8,10,-1,3,A,0.0,0.0,0.0,False,20260924-CATALINA HUANCA-XRD125UFDR-001-A
638,20260924,3,8,10,-1,3,B,0.0,0.0,0.0,False,20260924-CATALINA HUANCA-XRD125UFDR-001-B
639,20260925,3,8,10,-1,3,A,0.0,0.0,0.0,False,20260925-CATALINA HUANCA-XRD125UFDR-001-A
640,20260925,3,8,10,-1,3,B,0.0,0.0,0.0,False,20260925-CATALINA HUANCA-XRD125UFDR-001-B
641,20260826,5,18,28,172,2,A,80.7,95.7,15.0,False,20260826-CHUNGAR-XRD90U-021-A
642,20260826,5,18,28,202,2,B,95.7,116.7,21.0,False,20260826-CHUNGAR-XRD90U-021-B
643,20260827,5,18,28,237,2,A,116.7,123.2,6.5,False,20260827-CHUNGAR-XRD90U-021-A
644,20260827,5,18,28,172,2,B,123.2,130.2,7.0,False,20260827-CHUNGAR-XRD90U-021-B
645,20260828,5,18,28,237,2,A,130.2,149.6,19.4,False,20260828-CHUNGAR-XRD90U-021-A
646,20260828,5,18,28,172,2,B,149.6,161.5,11.9,False,20260828-CHUNGAR-XRD90U-021-B
647,20260829,5,18,28,237,2,A,161.5,170.7,9.2,False,20260829-CHUNGAR-XRD90U-021-A
648,20260829,5,18,28,172,2,B,170.7,170.7,0.0,False,20260829-CHUNGAR-XRD90U-021-B
649,20260830,5,18,28,237,2,A,170.7,170.7,0.0,False,20260830-CHUNGAR-XRD90U-021-A
650,20260830,5,18,28,-1,2,B,170.7,170.7,0.0,False,20260830-CHUNGAR-XRD90U-021-B
651,20260831,5,18,28,-1,3,A,0.0,0.0,0.0,False,20260831-CHUNGAR-XRD90U-021-A
652,20260831,5,18,30,-1,3,B,0.0,0.0,0.0,False,20260831-CHUNGAR-XRD90U-021-B
653,20260801,5,18,30,-1,3,A,0.0,0.0,0.0,False,20260801-CHUNGAR-XRD90U-021-A
654,20260801,5,18,30,-1,3,B,0.0,0.0,0.0,False,20260801-CHUNGAR-XRD90U-021-B
655,20260802,5,18,30,-1,3,A,0.0,0.0,0.0,False,20260802-CHUNGAR-XRD90U-021-A
656,20260802,5,18,30,-1,3,B,0.0,0.0,0.0,False,20260802-CHUNGAR-XRD90U-021-B
657,20260803,5,18,30,-1,3,A,0.0,0.0,0.0,False,20260803-CHUNGAR-XRD90U-021-A
658,20260803,5,18,30,-1,3,B,0.0,0.0,0.0,False,20260803-CHUNGAR-XRD90U-021-B
659,20260804,5,18,30,-1,3,A,0.0,0.0,0.0,False,20260804-CHUNGAR-XRD90U-021-A
660,20260804,5,18,30,-1,3,B,0.0,0.0,0.0,False,20260804-CHUNGAR-XRD90U-021-B
661,20260805,5,18,30,-1,3,A,0.0,0.0,0.0,False,20260805-CHUNGAR-XRD90U-021-A
662,20260805,5,18,30,-1,3,B,0.0,0.0,0.0,False,20260805-CHUNGAR-XRD90U-021-B
663,20260806,5,18,30,-1,3,A,0.0,0.0,0.0,False,20260806-CHUNGAR-XRD90U-021-A
664,20260806,5,18,30,-1,3,B,0.0,0.0,0.0,False,20260806-CHUNGAR-XRD90U-021-B
665,20260807,5,18,30,-1,3,A,0.0,0.0,0.0,False,20260807-CHUNGAR-XRD90U-021-A
666,20260807,5,18,30,-1,3,B,0.0,0.0,0.0,False,20260807-CHUNGAR-XRD90U-021-B
667,20260808,5,18,30,-1,3,A,0.0,0.0,0.0,False,20260808-CHUNGAR-XRD90U-021-A
668,20260808,5,18,30,-1,3,B,0.0,0.0,0.0,False,20260808-CHUNGAR-XRD90U-021-B
669,20260809,5,18,30,-1,3,A,0.0,0.0,0.0,False,20260809-CHUNGAR-XRD90U-021-A
670,20260809,5,18,30,-1,3,B,0.0,0.0,0.0,False,20260809-CHUNGAR-XRD90U-021-B
671,20260810,5,18,30,-1,3,A,0.0,0.0,0.0,False,20260810-CHUNGAR-XRD90U-021-A
672,20260810,5,18,30,-1,3,B,0.0,0.0,0.0,False,20260810-CHUNGAR-XRD90U-021-B
673,20260811,5,18,30,-1,3,A,0.0,0.0,0.0,False,20260811-CHUNGAR-XRD90U-021-A
674,20260811,5,18,30,-1,3,B,0.0,0.0,0.0,False,20260811-CHUNGAR-XRD90U-021-B
675,20260812,5,18,30,-1,3,A,0.0,0.0,0.0,False,20260812-CHUNGAR-XRD90U-021-A
676,20260812,5,18,30,-1,3,B,0.0,0.0,0.0,False,20260812-CHUNGAR-XRD90U-021-B
677,20260813,5,18,30,-1,3,A,0.0,0.0,0.0,False,20260813-CHUNGAR-XRD90U-021-A
678,20260813,5,18,30,-1,3,B,0.0,0.0,0.0,False,20260813-CHUNGAR-XRD90U-021-B
679,20260814,5,18,30,-1,3,A,0.0,0.0,0.0,False,20260814-CHUNGAR-XRD90U-021-A
680,20260814,5,18,30,-1,3,B,0.0,0.0,0.0,False,20260814-CHUNGAR-XRD90U-021-B
681,20260815,5,18,30,-1,3,A,0.0,0.0,0.0,False,20260815-CHUNGAR-XRD90U-021-A
682,20260815,5,18,30,-1,3,B,0.0,0.0,0.0,False,20260815-CHUNGAR-XRD90U-021-B
683,20260816,5,18,30,-1,3,A,0.0,0.0,0.0,False,20260816-CHUNGAR-XRD90U-021-A
684,20260816,5,18,30,-1,3,B,0.0,0.0,0.0,False,20260816-CHUNGAR-XRD90U-021-B
685,20260817,5,18,30,-1,3,A,0.0,0.0,0.0,False,20260817-CHUNGAR-XRD90U-021-A
686,20260817,5,18,30,-1,3,B,0.0,0.0,0.0,False,20260817-CHUNGAR-XRD90U-021-B
687,20260818,5,18,30,-1,3,A,0.0,0.0,0.0,False,20260818-CHUNGAR-XRD90U-021-A
688,20260818,5,18,30,-1,3,B,0.0,0.0,0.0,False,20260818-CHUNGAR-XRD90U-021-B
689,20260819,5,18,30,-1,3,A,0.0,0.0,0.0,False,20260819-CHUNGAR-XRD90U-021-A
690,20260819,5,18,30,-1,3,B,0.0,0.0,0.0,False,20260819-CHUNGAR-XRD90U-021-B
691,20260820,5,18,30,-1,3,A,0.0,0.0,0.0,False,20260820-CHUNGAR-XRD90U-021-A
692,20260820,5,18,30,-1,3,B,0.0,0.0,0.0,False,20260820-CHUNGAR-XRD90U-021-B
693,20260821,5,18,30,-1,3,A,0.0,0.0,0.0,False,20260821-CHUNGAR-XRD90U-021-A
694,20260821,5,18,30,-1,3,B,0.0,0.0,0.0,False,20260821-CHUNGAR-XRD90U-021-B
695,20260822,5,18,30,-1,3,A,0.0,0.0,0.0,False,20260822-CHUNGAR-XRD90U-021-A
696,20260822,5,18,30,-1,3,B,0.0,0.0,0.0,False,20260822-CHUNGAR-XRD90U-021-B
697,20260823,5,18,30,-1,3,A,0.0,0.0,0.0,False,20260823-CHUNGAR-XRD90U-021-A
698,20260823,5,18,30,-1,3,B,0.0,0.0,0.0,False,20260823-CHUNGAR-XRD90U-021-B
699,20260824,5,18,30,-1,3,A,0.0,0.0,0.0,False,20260824-CHUNGAR-XRD90U-021-A
700,20260824,5,18,30,-1,3,B,0.0,0.0,0.0,False,20260824-CHUNGAR-XRD90U-021-B
701,20260825,5,18,30,-1,3,A,0.0,0.0,0.0,False,20260825-CHUNGAR-XRD90U-021-A
702,20260825,5,18,30,-1,3,B,0.0,0.0,0.0,False,20260825-CHUNGAR-XRD90U-021-B
703,20260826,5,14,22,64,2,A,27.1,57.1,30.0,False,20260826-CHUNGAR-LM90U-001-A
704,20260826,5,14,22,345,2,A,57.1,63.1,6.0,False,20260826-CHUNGAR-LM90U-001-A
705,20260827,5,14,22,195,2,A,63.1,90.1,27.0,False,20260827-CHUNGAR-LM90U-001-A
706,20260827,5,14,22,64,2,B,90.1,123.1,33.0,False,20260827-CHUNGAR-LM90U-001-B
707,20260828,5,14,22,195,2,A,123.1,152.1,29.0,False,20260828-CHUNGAR-LM90U-001-A
708,20260828,5,14,22,64,2,B,152.1,179.8,27.7,False,20260828-CHUNGAR-LM90U-001-B
709,20260829,5,14,22,195,2,A,179.8,200.7,20.9,False,20260829-CHUNGAR-LM90U-001-A
710,20260829,5,14,22,64,2,B,200.7,215.85,15.15,False,20260829-CHUNGAR-LM90U-001-B
711,20260830,5,14,22,195,2,A,215.85,215.85,0.0,False,20260830-CHUNGAR-LM90U-001-A
712,20260830,5,14,22,64,2,B,215.85,215.85,0.0,False,20260830-CHUNGAR-LM90U-001-B
713,20260831,5,14,22,-1,3,A,0.0,0.0,0.0,False,20260831-CHUNGAR-LM90U-001-A
714,20260831,5,14,30,-1,3,B,0.0,0.0,0.0,False,20260831-CHUNGAR-LM90U-001-B
715,20260801,5,14,30,-1,3,A,0.0,0.0,0.0,False,20260801-CHUNGAR-LM90U-001-A
716,20260801,5,14,30,-1,3,B,0.0,0.0,0.0,False,20260801-CHUNGAR-LM90U-001-B
717,20260802,5,14,30,-1,3,A,0.0,0.0,0.0,False,20260802-CHUNGAR-LM90U-001-A
718,20260802,5,14,30,-1,3,B,0.0,0.0,0.0,False,20260802-CHUNGAR-LM90U-001-B
719,20260803,5,14,30,-1,3,A,0.0,0.0,0.0,False,20260803-CHUNGAR-LM90U-001-A
720,20260803,5,14,30,-1,3,B,0.0,0.0,0.0,False,20260803-CHUNGAR-LM90U-001-B
721,20260804,5,14,30,-1,3,A,0.0,0.0,0.0,False,20260804-CHUNGAR-LM90U-001-A
722,20260804,5,14,30,-1,3,B,0.0,0.0,0.0,False,20260804-CHUNGAR-LM90U-001-B
723,20260805,5,14,30,-1,3,A,0.0,0.0,0.0,False,20260805-CHUNGAR-LM90U-001-A
724,20260805,5,14,30,-1,3,B,0.0,0.0,0.0,False,20260805-CHUNGAR-LM90U-001-B
725,20260806,5,14,30,-1,3,A,0.0,0.0,0.0,False,20260806-CHUNGAR-LM90U-001-A
726,20260806,5,14,30,-1,3,B,0.0,0.0,0.0,False,20260806-CHUNGAR-LM90U-001-B
727,20260807,5,14,30,-1,3,A,0.0,0.0,0.0,False,20260807-CHUNGAR-LM90U-001-A
728,20260807,5,14,30,-1,3,B,0.0,0.0,0.0,False,20260807-CHUNGAR-LM90U-001-B
729,20260808,5,14,30,-1,3,A,0.0,0.0,0.0,False,20260808-CHUNGAR-LM90U-001-A
730,20260808,5,14,30,-1,3,B,0.0,0.0,0.0,False,20260808-CHUNGAR-LM90U-001-B
731,20260809,5,14,30,-1,3,A,0.0,0.0,0.0,False,20260809-CHUNGAR-LM90U-001-A
732,20260809,5,14,30,-1,3,B,0.0,0.0,0.0,False,20260809-CHUNGAR-LM90U-001-B
733,20260810,5,14,30,-1,3,A,0.0,0.0,0.0,False,20260810-CHUNGAR-LM90U-001-A
734,20260810,5,14,30,-1,3,B,0.0,0.0,0.0,False,20260810-CHUNGAR-LM90U-001-B
735,20260811,5,14,30,-1,3,A,0.0,0.0,0.0,False,20260811-CHUNGAR-LM90U-001-A
736,20260811,5,14,30,-1,3,B,0.0,0.0,0.0,False,20260811-CHUNGAR-LM90U-001-B
737,20260812,5,14,30,-1,3,A,0.0,0.0,0.0,False,20260812-CHUNGAR-LM90U-001-A
738,20260812,5,14,30,-1,3,B,0.0,0.0,0.0,False,20260812-CHUNGAR-LM90U-001-B
739,20260813,5,14,30,-1,3,A,0.0,0.0,0.0,False,20260813-CHUNGAR-LM90U-001-A
740,20260813,5,14,30,-1,3,B,0.0,0.0,0.0,False,20260813-CHUNGAR-LM90U-001-B
741,20260814,5,14,30,-1,3,A,0.0,0.0,0.0,False,20260814-CHUNGAR-LM90U-001-A
742,20260814,5,14,30,-1,3,B,0.0,0.0,0.0,False,20260814-CHUNGAR-LM90U-001-B
743,20260815,5,14,30,-1,3,A,0.0,0.0,0.0,False,20260815-CHUNGAR-LM90U-001-A
744,20260815,5,14,30,-1,3,B,0.0,0.0,0.0,False,20260815-CHUNGAR-LM90U-001-B
745,20260816,5,14,30,-1,3,A,0.0,0.0,0.0,False,20260816-CHUNGAR-LM90U-001-A
746,20260816,5,14,30,-1,3,B,0.0,0.0,0.0,False,20260816-CHUNGAR-LM90U-001-B
747,20260817,5,14,30,-1,3,A,0.0,0.0,0.0,False,20260817-CHUNGAR-LM90U-001-A
748,20260817,5,14,30,-1,3,B,0.0,0.0,0.0,False,20260817-CHUNGAR-LM90U-001-B
749,20260818,5,14,30,-1,3,A,0.0,0.0,0.0,False,20260818-CHUNGAR-LM90U-001-A
750,20260818,5,14,30,-1,3,B,0.0,0.0,0.0,False,20260818-CHUNGAR-LM90U-001-B
751,20260819,5,14,30,-1,3,A,0.0,0.0,0.0,False,20260819-CHUNGAR-LM90U-001-A
752,20260819,5,14,30,-1,3,B,0.0,0.0,0.0,False,20260819-CHUNGAR-LM90U-001-B
753,20260820,5,14,30,-1,3,A,0.0,0.0,0.0,False,20260820-CHUNGAR-LM90U-001-A
754,20260820,5,14,30,-1,3,B,0.0,0.0,0.0,False,20260820-CHUNGAR-LM90U-001-B
755,20260821,5,14,30,-1,3,A,0.0,0.0,0.0,False,20260821-CHUNGAR-LM90U-001-A
756,20260821,5,14,30,-1,3,B,0.0,0.0,0.0,False,20260821-CHUNGAR-LM90U-001-B
757,20260822,5,14,30,-1,3,A,0.0,0.0,0.0,False,20260822-CHUNGAR-LM90U-001-A
758,20260822,5,14,30,-1,3,B,0.0,0.0,0.0,False,20260822-CHUNGAR-LM90U-001-B
759,20260823,5,14,30,-1,3,A,0.0,0.0,0.0,False,20260823-CHUNGAR-LM90U-001-A
760,20260823,5,14,30,-1,3,B,0.0,0.0,0.0,False,20260823-CHUNGAR-LM90U-001-B
761,20260824,5,14,30,-1,3,A,0.0,0.0,0.0,False,20260824-CHUNGAR-LM90U-001-A
762,20260824,5,14,30,-1,3,B,0.0,0.0,0.0,False,20260824-CHUNGAR-LM90U-001-B
763,20260825,5,14,30,-1,3,A,0.0,0.0,0.0,False,20260825-CHUNGAR-LM90U-001-A
764,20260825,5,14,30,-1,3,B,0.0,0.0,0.0,False,20260825-CHUNGAR-LM90U-001-B
765,20260826,5,19,24,397,2,A,103.6,118.65,15.05,False,20260826-CHUNGAR-XRD90USS-003-A
766,20260826,5,19,24,193,2,B,118.65,133.5,14.85,False,20260826-CHUNGAR-XRD90USS-003-B
767,20260827,5,19,24,57,2,A,133.5,142.05,8.55,False,20260827-CHUNGAR-XRD90USS-003-A
768,20260827,5,19,24,397,2,B,142.05,156.0,13.95,False,20260827-CHUNGAR-XRD90USS-003-B
769,20260828,5,19,24,57,2,A,156.0,156.0,0.0,False,20260828-CHUNGAR-XRD90USS-003-A
770,20260828,5,19,27,397,2,B,0.0,3.1,3.1,False,20260828-CHUNGAR-XRD90USS-003-B
771,20260829,5,19,27,57,2,A,3.1,22.25,19.15,False,20260829-CHUNGAR-XRD90USS-003-A
772,20260829,5,19,27,397,2,B,22.25,48.0,25.75,False,20260829-CHUNGAR-XRD90USS-003-B
773,20260830,5,19,27,57,2,A,48.0,61.5,13.5,False,20260830-CHUNGAR-XRD90USS-003-A
774,20260830,5,19,27,397,2,B,61.5,78.5,17.0,False,20260830-CHUNGAR-XRD90USS-003-B
775,20260831,5,19,27,-1,3,A,0.0,0.0,0.0,False,20260831-CHUNGAR-XRD90USS-003-A
776,20260831,5,19,30,-1,3,B,0.0,0.0,0.0,False,20260831-CHUNGAR-XRD90USS-003-B
777,20260801,5,19,30,-1,3,A,0.0,0.0,0.0,False,20260801-CHUNGAR-XRD90USS-003-A
778,20260801,5,19,30,-1,3,B,0.0,0.0,0.0,False,20260801-CHUNGAR-XRD90USS-003-B
779,20260802,5,19,30,-1,3,A,0.0,0.0,0.0,False,20260802-CHUNGAR-XRD90USS-003-A
780,20260802,5,19,30,-1,3,B,0.0,0.0,0.0,False,20260802-CHUNGAR-XRD90USS-003-B
781,20260803,5,19,30,-1,3,A,0.0,0.0,0.0,False,20260803-CHUNGAR-XRD90USS-003-A
782,20260803,5,19,30,-1,3,B,0.0,0.0,0.0,False,20260803-CHUNGAR-XRD90USS-003-B
783,20260804,5,19,30,-1,3,A,0.0,0.0,0.0,False,20260804-CHUNGAR-XRD90USS-003-A
784,20260804,5,19,30,-1,3,B,0.0,0.0,0.0,False,20260804-CHUNGAR-XRD90USS-003-B
785,20260805,5,19,30,-1,3,A,0.0,0.0,0.0,False,20260805-CHUNGAR-XRD90USS-003-A
786,20260805,5,19,30,-1,3,B,0.0,0.0,0.0,False,20260805-CHUNGAR-XRD90USS-003-B
787,20260806,5,19,30,-1,3,A,0.0,0.0,0.0,False,20260806-CHUNGAR-XRD90USS-003-A
788,20260806,5,19,30,-1,3,B,0.0,0.0,0.0,False,20260806-CHUNGAR-XRD90USS-003-B
789,20260807,5,19,30,-1,3,A,0.0,0.0,0.0,False,20260807-CHUNGAR-XRD90USS-003-A
790,20260807,5,19,30,-1,3,B,0.0,0.0,0.0,False,20260807-CHUNGAR-XRD90USS-003-B
791,20260808,5,19,30,-1,3,A,0.0,0.0,0.0,False,20260808-CHUNGAR-XRD90USS-003-A
792,20260808,5,19,30,-1,3,B,0.0,0.0,0.0,False,20260808-CHUNGAR-XRD90USS-003-B
793,20260809,5,19,30,-1,3,A,0.0,0.0,0.0,False,20260809-CHUNGAR-XRD90USS-003-A
794,20260809,5,19,30,-1,3,B,0.0,0.0,0.0,False,20260809-CHUNGAR-XRD90USS-003-B
795,20260810,5,19,30,-1,3,A,0.0,0.0,0.0,False,20260810-CHUNGAR-XRD90USS-003-A
796,20260810,5,19,30,-1,3,B,0.0,0.0,0.0,False,20260810-CHUNGAR-XRD90USS-003-B
797,20260811,5,19,30,-1,3,A,0.0,0.0,0.0,False,20260811-CHUNGAR-XRD90USS-003-A
798,20260811,5,19,30,-1,3,B,0.0,0.0,0.0,False,20260811-CHUNGAR-XRD90USS-003-B
799,20260812,5,19,30,-1,3,A,0.0,0.0,0.0,False,20260812-CHUNGAR-XRD90USS-003-A
800,20260812,5,19,30,-1,3,B,0.0,0.0,0.0,False,20260812-CHUNGAR-XRD90USS-003-B
801,20260813,5,19,30,-1,3,A,0.0,0.0,0.0,False,20260813-CHUNGAR-XRD90USS-003-A
802,20260813,5,19,30,-1,3,B,0.0,0.0,0.0,False,20260813-CHUNGAR-XRD90USS-003-B
803,20260814,5,19,30,-1,3,A,0.0,0.0,0.0,False,20260814-CHUNGAR-XRD90USS-003-A
804,20260814,5,19,30,-1,3,B,0.0,0.0,0.0,False,20260814-CHUNGAR-XRD90USS-003-B
805,20260815,5,19,30,-1,3,A,0.0,0.0,0.0,False,20260815-CHUNGAR-XRD90USS-003-A
806,20260815,5,19,30,-1,3,B,0.0,0.0,0.0,False,20260815-CHUNGAR-XRD90USS-003-B
807,20260816,5,19,30,-1,3,A,0.0,0.0,0.0,False,20260816-CHUNGAR-XRD90USS-003-A
808,20260816,5,19,30,-1,3,B,0.0,0.0,0.0,False,20260816-CHUNGAR-XRD90USS-003-B
809,20260817,5,19,30,-1,3,A,0.0,0.0,0.0,False,20260817-CHUNGAR-XRD90USS-003-A
810,20260817,5,19,30,-1,3,B,0.0,0.0,0.0,False,20260817-CHUNGAR-XRD90USS-003-B
811,20260818,5,19,30,-1,3,A,0.0,0.0,0.0,False,20260818-CHUNGAR-XRD90USS-003-A
812,20260818,5,19,30,-1,3,B,0.0,0.0,0.0,False,20260818-CHUNGAR-XRD90USS-003-B
813,20260819,5,19,30,-1,3,A,0.0,0.0,0.0,False,20260819-CHUNGAR-XRD90USS-003-A
814,20260819,5,19,30,-1,3,B,0.0,0.0,0.0,False,20260819-CHUNGAR-XRD90USS-003-B
815,20260820,5,19,30,-1,3,A,0.0,0.0,0.0,False,20260820-CHUNGAR-XRD90USS-003-A
816,20260820,5,19,30,-1,3,B,0.0,0.0,0.0,False,20260820-CHUNGAR-XRD90USS-003-B
817,20260821,5,19,30,-1,3,A,0.0,0.0,0.0,False,20260821-CHUNGAR-XRD90USS-003-A
818,20260821,5,19,30,-1,3,B,0.0,0.0,0.0,False,20260821-CHUNGAR-XRD90USS-003-B
819,20260822,5,19,30,-1,3,A,0.0,0.0,0.0,False,20260822-CHUNGAR-XRD90USS-003-A
820,20260822,5,19,30,-1,3,B,0.0,0.0,0.0,False,20260822-CHUNGAR-XRD90USS-003-B
821,20260823,5,19,30,-1,3,A,0.0,0.0,0.0,False,20260823-CHUNGAR-XRD90USS-003-A
822,20260823,5,19,30,-1,3,B,0.0,0.0,0.0,False,20260823-CHUNGAR-XRD90USS-003-B
823,20260824,5,19,30,-1,3,A,0.0,0.0,0.0,False,20260824-CHUNGAR-XRD90USS-003-A
824,20260824,5,19,30,-1,3,B,0.0,0.0,0.0,False,20260824-CHUNGAR-XRD90USS-003-B
825,20260825,5,19,30,-1,3,A,0.0,0.0,0.0,False,20260825-CHUNGAR-XRD90USS-003-A
826,20260825,5,19,30,-1,3,B,0.0,0.0,0.0,False,20260825-CHUNGAR-XRD90USS-003-B
827,20260826,5,16,30,245,3,A,0.0,0.0,0.0,False,20260826-CHUNGAR-XRD150USS-005-A
828,20260826,5,16,30,170,3,B,0.0,0.0,0.0,False,20260826-CHUNGAR-XRD150USS-005-B
829,20260827,5,16,30,399,3,A,0.0,0.0,0.0,False,20260827-CHUNGAR-XRD150USS-005-A
830,20260827,5,16,30,3,3,B,0.0,0.0,0.0,False,20260827-CHUNGAR-XRD150USS-005-B
831,20260828,5,16,30,3,3,A,0.0,0.0,0.0,False,20260828-CHUNGAR-XRD150USS-005-A
832,20260828,5,16,30,399,3,B,0.0,0.0,0.0,False,20260828-CHUNGAR-XRD150USS-005-B
833,20260829,5,16,30,399,3,A,0.0,0.0,0.0,False,20260829-CHUNGAR-XRD150USS-005-A
834,20260829,5,16,30,3,3,B,0.0,0.0,0.0,False,20260829-CHUNGAR-XRD150USS-005-B
835,20260830,5,16,30,399,3,A,0.0,0.0,0.0,False,20260830-CHUNGAR-XRD150USS-005-A
836,20260830,5,16,30,172,3,B,0.0,0.0,0.0,False,20260830-CHUNGAR-XRD150USS-005-B
837,20260831,5,16,30,-1,3,A,0.0,0.0,0.0,False,20260831-CHUNGAR-XRD150USS-005-A
838,20260831,5,16,30,-1,3,B,0.0,0.0,0.0,False,20260831-CHUNGAR-XRD150USS-005-B
839,20260801,5,16,30,-1,3,A,0.0,0.0,0.0,False,20260801-CHUNGAR-XRD150USS-005-A
840,20260801,5,16,30,-1,3,B,0.0,0.0,0.0,False,20260801-CHUNGAR-XRD150USS-005-B
841,20260802,5,16,30,-1,3,A,0.0,0.0,0.0,False,20260802-CHUNGAR-XRD150USS-005-A
842,20260802,5,16,30,-1,3,B,0.0,0.0,0.0,False,20260802-CHUNGAR-XRD150USS-005-B
843,20260803,5,16,30,-1,3,A,0.0,0.0,0.0,False,20260803-CHUNGAR-XRD150USS-005-A
844,20260803,5,16,30,-1,3,B,0.0,0.0,0.0,False,20260803-CHUNGAR-XRD150USS-005-B
845,20260804,5,16,30,-1,3,A,0.0,0.0,0.0,False,20260804-CHUNGAR-XRD150USS-005-A
846,20260804,5,16,30,-1,3,B,0.0,0.0,0.0,False,20260804-CHUNGAR-XRD150USS-005-B
847,20260805,5,16,30,-1,3,A,0.0,0.0,0.0,False,20260805-CHUNGAR-XRD150USS-005-A
848,20260805,5,16,30,-1,3,B,0.0,0.0,0.0,False,20260805-CHUNGAR-XRD150USS-005-B
849,20260806,5,16,30,-1,3,A,0.0,0.0,0.0,False,20260806-CHUNGAR-XRD150USS-005-A
850,20260806,5,16,30,-1,3,B,0.0,0.0,0.0,False,20260806-CHUNGAR-XRD150USS-005-B
851,20260807,5,16,30,-1,3,A,0.0,0.0,0.0,False,20260807-CHUNGAR-XRD150USS-005-A
852,20260807,5,16,30,-1,3,B,0.0,0.0,0.0,False,20260807-CHUNGAR-XRD150USS-005-B
853,20260808,5,16,30,-1,3,A,0.0,0.0,0.0,False,20260808-CHUNGAR-XRD150USS-005-A
854,20260808,5,16,30,-1,3,B,0.0,0.0,0.0,False,20260808-CHUNGAR-XRD150USS-005-B
855,20260809,5,16,30,-1,3,A,0.0,0.0,0.0,False,20260809-CHUNGAR-XRD150USS-005-A
856,20260809,5,16,30,-1,3,B,0.0,0.0,0.0,False,20260809-CHUNGAR-XRD150USS-005-B
857,20260810,5,16,30,-1,3,A,0.0,0.0,0.0,False,20260810-CHUNGAR-XRD150USS-005-A
858,20260810,5,16,30,-1,3,B,0.0,0.0,0.0,False,20260810-CHUNGAR-XRD150USS-005-B
859,20260811,5,16,30,-1,3,A,0.0,0.0,0.0,False,20260811-CHUNGAR-XRD150USS-005-A
860,20260811,5,16,30,-1,3,B,0.0,0.0,0.0,False,20260811-CHUNGAR-XRD150USS-005-B
861,20260812,5,16,30,-1,3,A,0.0,0.0,0.0,False,20260812-CHUNGAR-XRD150USS-005-A
862,20260812,5,16,30,-1,3,B,0.0,0.0,0.0,False,20260812-CHUNGAR-XRD150USS-005-B
863,20260813,5,16,30,-1,3,A,0.0,0.0,0.0,False,20260813-CHUNGAR-XRD150USS-005-A
864,20260813,5,16,30,-1,3,B,0.0,0.0,0.0,False,20260813-CHUNGAR-XRD150USS-005-B
865,20260814,5,16,30,-1,3,A,0.0,0.0,0.0,False,20260814-CHUNGAR-XRD150USS-005-A
866,20260814,5,16,30,-1,3,B,0.0,0.0,0.0,False,20260814-CHUNGAR-XRD150USS-005-B
867,20260815,5,16,30,-1,3,A,0.0,0.0,0.0,False,20260815-CHUNGAR-XRD150USS-005-A
868,20260815,5,16,30,-1,3,B,0.0,0.0,0.0,False,20260815-CHUNGAR-XRD150USS-005-B
869,20260816,5,16,30,-1,3,A,0.0,0.0,0.0,False,20260816-CHUNGAR-XRD150USS-005-A
870,20260816,5,16,30,-1,3,B,0.0,0.0,0.0,False,20260816-CHUNGAR-XRD150USS-005-B
871,20260817,5,16,30,-1,3,A,0.0,0.0,0.0,False,20260817-CHUNGAR-XRD150USS-005-A
872,20260817,5,16,30,-1,3,B,0.0,0.0,0.0,False,20260817-CHUNGAR-XRD150USS-005-B
873,20260818,5,16,30,-1,3,A,0.0,0.0,0.0,False,20260818-CHUNGAR-XRD150USS-005-A
874,20260818,5,16,30,-1,3,B,0.0,0.0,0.0,False,20260818-CHUNGAR-XRD150USS-005-B
875,20260819,5,16,30,-1,3,A,0.0,0.0,0.0,False,20260819-CHUNGAR-XRD150USS-005-A
876,20260819,5,16,30,-1,3,B,0.0,0.0,0.0,False,20260819-CHUNGAR-XRD150USS-005-B
877,20260820,5,16,30,-1,3,A,0.0,0.0,0.0,False,20260820-CHUNGAR-XRD150USS-005-A
878,20260820,5,16,30,-1,3,B,0.0,0.0,0.0,False,20260820-CHUNGAR-XRD150USS-005-B
879,20260821,5,16,30,-1,3,A,0.0,0.0,0.0,False,20260821-CHUNGAR-XRD150USS-005-A
880,20260821,5,16,30,-1,3,B,0.0,0.0,0.0,False,20260821-CHUNGAR-XRD150USS-005-B
881,20260822,5,16,30,-1,3,A,0.0,0.0,0.0,False,20260822-CHUNGAR-XRD150USS-005-A
882,20260822,5,16,30,-1,3,B,0.0,0.0,0.0,False,20260822-CHUNGAR-XRD150USS-005-B
883,20260823,5,16,30,-1,3,A,0.0,0.0,0.0,False,20260823-CHUNGAR-XRD150USS-005-A
884,20260823,5,16,30,-1,3,B,0.0,0.0,0.0,False,20260823-CHUNGAR-XRD150USS-005-B
885,20260824,5,16,30,-1,3,A,0.0,0.0,0.0,False,20260824-CHUNGAR-XRD150USS-005-A
886,20260824,5,16,30,-1,3,B,0.0,0.0,0.0,False,20260824-CHUNGAR-XRD150USS-005-B
887,20260825,5,16,30,-1,3,A,0.0,0.0,0.0,False,20260825-CHUNGAR-XRD150USS-005-A
888,20260825,5,16,30,-1,3,B,0.0,0.0,0.0,False,20260825-CHUNGAR-XRD150USS-005-B
889,20260826,5,15,29,69,2,A,683.5,684.2,0.7,False,20260826-CHUNGAR-XRD120U-001-A
890,20260826,5,15,23,169,2,B,684.2,684.2,0.0,False,20260826-CHUNGAR-XRD120U-001-B
891,20260827,5,15,29,59,2,A,684.2,684.2,0.0,False,20260827-CHUNGAR-XRD120U-001-A
892,20260827,5,15,23,69,2,B,684.2,684.2,0.0,False,20260827-CHUNGAR-XRD120U-001-B
893,20260828,5,15,29,59,2,A,684.2,697.6,13.4,False,20260828-CHUNGAR-XRD120U-001-A
894,20260828,5,15,23,69,2,B,697.6,714.25,16.65,False,20260828-CHUNGAR-XRD120U-001-B
895,20260829,5,15,29,59,2,A,714.25,726.35,12.1,False,20260829-CHUNGAR-XRD120U-001-A
896,20260829,5,15,23,69,2,B,726.35,742.3,15.95,False,20260829-CHUNGAR-XRD120U-001-B
897,20260830,5,15,29,59,2,A,742.3,742.3,0.0,False,20260830-CHUNGAR-XRD120U-001-A
898,20260830,5,15,23,69,2,B,742.3,757.85,15.55,False,20260830-CHUNGAR-XRD120U-001-B
899,20260831,5,15,23,-1,3,A,757.85,0.0,0.0,False,20260831-CHUNGAR-XRD120U-001-A
900,20260831,5,15,30,-1,3,B,0.0,0.0,0.0,False,20260831-CHUNGAR-XRD120U-001-B
901,20260801,5,15,30,-1,3,A,0.0,0.0,0.0,False,20260801-CHUNGAR-XRD120U-001-A
902,20260801,5,15,30,-1,3,B,0.0,0.0,0.0,False,20260801-CHUNGAR-XRD120U-001-B
903,20260802,5,15,30,-1,3,A,0.0,0.0,0.0,False,20260802-CHUNGAR-XRD120U-001-A
904,20260802,5,15,30,-1,3,B,0.0,0.0,0.0,False,20260802-CHUNGAR-XRD120U-001-B
905,20260803,5,15,30,-1,3,A,0.0,0.0,0.0,False,20260803-CHUNGAR-XRD120U-001-A
906,20260803,5,15,30,-1,3,B,0.0,0.0,0.0,False,20260803-CHUNGAR-XRD120U-001-B
907,20260804,5,15,30,-1,3,A,0.0,0.0,0.0,False,20260804-CHUNGAR-XRD120U-001-A
908,20260804,5,15,30,-1,3,B,0.0,0.0,0.0,False,20260804-CHUNGAR-XRD120U-001-B
909,20260805,5,15,30,-1,3,A,0.0,0.0,0.0,False,20260805-CHUNGAR-XRD120U-001-A
910,20260805,5,15,30,-1,3,B,0.0,0.0,0.0,False,20260805-CHUNGAR-XRD120U-001-B
911,20260806,5,15,30,-1,3,A,0.0,0.0,0.0,False,20260806-CHUNGAR-XRD120U-001-A
912,20260806,5,15,30,-1,3,B,0.0,0.0,0.0,False,20260806-CHUNGAR-XRD120U-001-B
913,20260807,5,15,30,-1,3,A,0.0,0.0,0.0,False,20260807-CHUNGAR-XRD120U-001-A
914,20260807,5,15,30,-1,3,B,0.0,0.0,0.0,False,20260807-CHUNGAR-XRD120U-001-B
915,20260808,5,15,30,-1,3,A,0.0,0.0,0.0,False,20260808-CHUNGAR-XRD120U-001-A
916,20260808,5,15,30,-1,3,B,0.0,0.0,0.0,False,20260808-CHUNGAR-XRD120U-001-B
917,20260809,5,15,30,-1,3,A,0.0,0.0,0.0,False,20260809-CHUNGAR-XRD120U-001-A
918,20260809,5,15,30,-1,3,B,0.0,0.0,0.0,False,20260809-CHUNGAR-XRD120U-001-B
919,20260810,5,15,30,-1,3,A,0.0,0.0,0.0,False,20260810-CHUNGAR-XRD120U-001-A
920,20260810,5,15,30,-1,3,B,0.0,0.0,0.0,False,20260810-CHUNGAR-XRD120U-001-B
921,20260811,5,15,30,-1,3,A,0.0,0.0,0.0,False,20260811-CHUNGAR-XRD120U-001-A
922,20260811,5,15,30,-1,3,B,0.0,0.0,0.0,False,20260811-CHUNGAR-XRD120U-001-B
923,20260812,5,15,30,-1,3,A,0.0,0.0,0.0,False,20260812-CHUNGAR-XRD120U-001-A
924,20260812,5,15,30,-1,3,B,0.0,0.0,0.0,False,20260812-CHUNGAR-XRD120U-001-B
925,20260813,5,15,30,-1,3,A,0.0,0.0,0.0,False,20260813-CHUNGAR-XRD120U-001-A
926,20260813,5,15,30,-1,3,B,0.0,0.0,0.0,False,20260813-CHUNGAR-XRD120U-001-B
927,20260814,5,15,30,-1,3,A,0.0,0.0,0.0,False,20260814-CHUNGAR-XRD120U-001-A
928,20260814,5,15,30,-1,3,B,0.0,0.0,0.0,False,20260814-CHUNGAR-XRD120U-001-B
929,20260815,5,15,30,-1,3,A,0.0,0.0,0.0,False,20260815-CHUNGAR-XRD120U-001-A
930,20260815,5,15,30,-1,3,B,0.0,0.0,0.0,False,20260815-CHUNGAR-XRD120U-001-B
931,20260816,5,15,30,-1,3,A,0.0,0.0,0.0,False,20260816-CHUNGAR-XRD120U-001-A
932,20260816,5,15,30,-1,3,B,0.0,0.0,0.0,False,20260816-CHUNGAR-XRD120U-001-B
933,20260817,5,15,30,-1,3,A,0.0,0.0,0.0,False,20260817-CHUNGAR-XRD120U-001-A
934,20260817,5,15,30,-1,3,B,0.0,0.0,0.0,False,20260817-CHUNGAR-XRD120U-001-B
935,20260818,5,15,30,-1,3,A,0.0,0.0,0.0,False,20260818-CHUNGAR-XRD120U-001-A
936,20260818,5,15,30,-1,3,B,0.0,0.0,0.0,False,20260818-CHUNGAR-XRD120U-001-B
937,20260819,5,15,30,-1,3,A,0.0,0.0,0.0,False,20260819-CHUNGAR-XRD120U-001-A
938,20260819,5,15,30,-1,3,B,0.0,0.0,0.0,False,20260819-CHUNGAR-XRD120U-001-B
939,20260820,5,15,30,-1,3,A,0.0,0.0,0.0,False,20260820-CHUNGAR-XRD120U-001-A
940,20260820,5,15,30,-1,3,B,0.0,0.0,0.0,False,20260820-CHUNGAR-XRD120U-001-B
941,20260821,5,15,30,-1,3,A,0.0,0.0,0.0,False,20260821-CHUNGAR-XRD120U-001-A
942,20260821,5,15,30,-1,3,B,0.0,0.0,0.0,False,20260821-CHUNGAR-XRD120U-001-B
943,20260822,5,15,30,-1,3,A,0.0,0.0,0.0,False,20260822-CHUNGAR-XRD120U-001-A
944,20260822,5,15,30,-1,3,B,0.0,0.0,0.0,False,20260822-CHUNGAR-XRD120U-001-B
945,20260823,5,15,30,-1,3,A,0.0,0.0,0.0,False,20260823-CHUNGAR-XRD120U-001-A
946,20260823,5,15,30,-1,3,B,0.0,0.0,0.0,False,20260823-CHUNGAR-XRD120U-001-B
947,20260824,5,15,30,-1,3,A,0.0,0.0,0.0,False,20260824-CHUNGAR-XRD120U-001-A
948,20260824,5,15,30,-1,3,B,0.0,0.0,0.0,False,20260824-CHUNGAR-XRD120U-001-B
949,20260825,5,15,30,-1,3,A,0.0,0.0,0.0,False,20260825-CHUNGAR-XRD120U-001-A
950,20260825,5,15,30,-1,3,B,0.0,0.0,0.0,False,20260825-CHUNGAR-XRD120U-001-B
951,20260826,5,13,25,321,2,A,60.5,74.6,14.1,False,20260826-CHUNGAR-LM110U-001-A
952,20260826,5,13,25,417,2,B,74.6,79.5,4.9,False,20260826-CHUNGAR-LM110U-001-B
953,20260827,5,13,25,275,2,A,79.5,90.1,10.6,False,20260827-CHUNGAR-LM110U-001-A
954,20260827,5,13,25,321,2,B,90.1,106.7,16.6,False,20260827-CHUNGAR-LM110U-001-B
955,20260828,5,13,25,275,2,A,106.7,106.7,0.0,False,20260828-CHUNGAR-LM110U-001-A
956,20260828,5,13,26,321,2,B,0.0,11.1,11.1,False,20260828-CHUNGAR-LM110U-001-B
957,20260829,5,13,26,275,2,A,11.1,35.45,24.35,False,20260829-CHUNGAR-LM110U-001-A
958,20260829,5,13,26,321,2,B,35.45,61.4,25.95,False,20260829-CHUNGAR-LM110U-001-B
959,20260830,5,13,26,275,2,A,61.4,81.1,19.7,False,20260830-CHUNGAR-LM110U-001-A
960,20260830,5,13,26,321,2,B,81.1,101.4,20.3,False,20260830-CHUNGAR-LM110U-001-B
961,20260831,5,13,26,-1,3,A,0.0,0.0,0.0,False,20260831-CHUNGAR-LM110U-001-A
962,20260831,5,13,30,-1,3,B,0.0,0.0,0.0,False,20260831-CHUNGAR-LM110U-001-B
963,20260801,5,13,30,-1,3,A,0.0,0.0,0.0,False,20260801-CHUNGAR-LM110U-001-A
964,20260801,5,13,30,-1,3,B,0.0,0.0,0.0,False,20260801-CHUNGAR-LM110U-001-B
965,20260802,5,13,30,-1,3,A,0.0,0.0,0.0,False,20260802-CHUNGAR-LM110U-001-A
966,20260802,5,13,30,-1,3,B,0.0,0.0,0.0,False,20260802-CHUNGAR-LM110U-001-B
967,20260803,5,13,30,-1,3,A,0.0,0.0,0.0,False,20260803-CHUNGAR-LM110U-001-A
968,20260803,5,13,30,-1,3,B,0.0,0.0,0.0,False,20260803-CHUNGAR-LM110U-001-B
969,20260804,5,13,30,-1,3,A,0.0,0.0,0.0,False,20260804-CHUNGAR-LM110U-001-A
970,20260804,5,13,30,-1,3,B,0.0,0.0,0.0,False,20260804-CHUNGAR-LM110U-001-B
971,20260805,5,13,30,-1,3,A,0.0,0.0,0.0,False,20260805-CHUNGAR-LM110U-001-A
972,20260805,5,13,30,-1,3,B,0.0,0.0,0.0,False,20260805-CHUNGAR-LM110U-001-B
973,20260806,5,13,30,-1,3,A,0.0,0.0,0.0,False,20260806-CHUNGAR-LM110U-001-A
974,20260806,5,13,30,-1,3,B,0.0,0.0,0.0,False,20260806-CHUNGAR-LM110U-001-B
975,20260807,5,13,30,-1,3,A,0.0,0.0,0.0,False,20260807-CHUNGAR-LM110U-001-A
976,20260807,5,13,30,-1,3,B,0.0,0.0,0.0,False,20260807-CHUNGAR-LM110U-001-B
977,20260808,5,13,30,-1,3,A,0.0,0.0,0.0,False,20260808-CHUNGAR-LM110U-001-A
978,20260808,5,13,30,-1,3,B,0.0,0.0,0.0,False,20260808-CHUNGAR-LM110U-001-B
979,20260809,5,13,30,-1,3,A,0.0,0.0,0.0,False,20260809-CHUNGAR-LM110U-001-A
980,20260809,5,13,30,-1,3,B,0.0,0.0,0.0,False,20260809-CHUNGAR-LM110U-001-B
981,20260810,5,13,30,-1,3,A,0.0,0.0,0.0,False,20260810-CHUNGAR-LM110U-001-A
982,20260810,5,13,30,-1,3,B,0.0,0.0,0.0,False,20260810-CHUNGAR-LM110U-001-B
983,20260811,5,13,30,-1,3,A,0.0,0.0,0.0,False,20260811-CHUNGAR-LM110U-001-A
984,20260811,5,13,30,-1,3,B,0.0,0.0,0.0,False,20260811-CHUNGAR-LM110U-001-B
985,20260812,5,13,30,-1,3,A,0.0,0.0,0.0,False,20260812-CHUNGAR-LM110U-001-A
986,20260812,5,13,30,-1,3,B,0.0,0.0,0.0,False,20260812-CHUNGAR-LM110U-001-B
987,20260813,5,13,30,-1,3,A,0.0,0.0,0.0,False,20260813-CHUNGAR-LM110U-001-A
988,20260813,5,13,30,-1,3,B,0.0,0.0,0.0,False,20260813-CHUNGAR-LM110U-001-B
989,20260814,5,13,30,-1,3,A,0.0,0.0,0.0,False,20260814-CHUNGAR-LM110U-001-A
990,20260814,5,13,30,-1,3,B,0.0,0.0,0.0,False,20260814-CHUNGAR-LM110U-001-B
991,20260815,5,13,30,-1,3,A,0.0,0.0,0.0,False,20260815-CHUNGAR-LM110U-001-A
992,20260815,5,13,30,-1,3,B,0.0,0.0,0.0,False,20260815-CHUNGAR-LM110U-001-B
993,20260816,5,13,30,-1,3,A,0.0,0.0,0.0,False,20260816-CHUNGAR-LM110U-001-A
994,20260816,5,13,30,-1,3,B,0.0,0.0,0.0,False,20260816-CHUNGAR-LM110U-001-B
995,20260817,5,13,30,-1,3,A,0.0,0.0,0.0,False,20260817-CHUNGAR-LM110U-001-A
996,20260817,5,13,30,-1,3,B,0.0,0.0,0.0,False,20260817-CHUNGAR-LM110U-001-B
997,20260818,5,13,30,-1,3,A,0.0,0.0,0.0,False,20260818-CHUNGAR-LM110U-001-A
998,20260818,5,13,30,-1,3,B,0.0,0.0,0.0,False,20260818-CHUNGAR-LM110U-001-B
999,20260819,5,13,30,-1,3,A,0.0,0.0,0.0,False,20260819-CHUNGAR-LM110U-001-A
1000,20260819,5,13,30,-1,3,B,0.0,0.0,0.0,False,20260819-CHUNGAR-LM110U-001-B
1001,20260820,5,13,30,-1,3,A,0.0,0.0,0.0,False,20260820-CHUNGAR-LM110U-001-A
1002,20260820,5,13,30,-1,3,B,0.0,0.0,0.0,False,20260820-CHUNGAR-LM110U-001-B
1003,20260821,5,13,30,-1,3,A,0.0,0.0,0.0,False,20260821-CHUNGAR-LM110U-001-A
1004,20260821,5,13,30,-1,3,B,0.0,0.0,0.0,False,20260821-CHUNGAR-LM110U-001-B
1005,20260822,5,13,30,-1,3,A,0.0,0.0,0.0,False,20260822-CHUNGAR-LM110U-001-A
1006,20260822,5,13,30,-1,3,B,0.0,0.0,0.0,False,20260822-CHUNGAR-LM110U-001-B
1007,20260823,5,13,30,-1,3,A,0.0,0.0,0.0,False,20260823-CHUNGAR-LM110U-001-A
1008,20260823,5,13,30,-1,3,B,0.0,0.0,0.0,False,20260823-CHUNGAR-LM110U-001-B
1009,20260824,5,13,30,-1,3,A,0.0,0.0,0.0,False,20260824-CHUNGAR-LM110U-001-A
1010,20260824,5,13,30,-1,3,B,0.0,0.0,0.0,False,20260824-CHUNGAR-LM110U-001-B
1011,20260825,5,13,30,-1,3,A,0.0,0.0,0.0,False,20260825-CHUNGAR-LM110U-001-A
1012,20260825,5,13,30,-1,3,B,0.0,0.0,0.0,False,20260825-CHUNGAR-LM110U-001-B
1013,20260826,5,17,30,-1,3,A,0.0,0.0,0.0,False,20260826-CHUNGAR-XRD250U-A
1014,20260826,5,17,30,-1,3,B,0.0,0.0,0.0,False,20260826-CHUNGAR-XRD250U-B
1015,20260827,5,17,30,-1,3,A,0.0,0.0,0.0,False,20260827-CHUNGAR-XRD250U-A
1016,20260827,5,17,30,-1,3,B,0.0,0.0,0.0,False,20260827-CHUNGAR-XRD250U-B
1017,20260828,5,17,30,-1,3,A,0.0,0.0,0.0,False,20260828-CHUNGAR-XRD250U-A
1018,20260828,5,17,30,-1,3,B,0.0,0.0,0.0,False,20260828-CHUNGAR-XRD250U-B
1019,20260829,5,17,30,-1,3,A,0.0,0.0,0.0,False,20260829-CHUNGAR-XRD250U-A
1020,20260829,5,17,30,-1,3,B,0.0,0.0,0.0,False,20260829-CHUNGAR-XRD250U-B
1021,20260830,5,17,30,-1,3,A,0.0,0.0,0.0,False,20260830-CHUNGAR-XRD250U-A
1022,20260830,5,17,30,-1,3,B,0.0,0.0,0.0,False,20260830-CHUNGAR-XRD250U-B
1023,20260831,5,17,30,-1,3,A,0.0,0.0,0.0,False,20260831-CHUNGAR-XRD250U-A
1024,20260831,5,17,30,-1,3,B,0.0,0.0,0.0,False,20260831-CHUNGAR-XRD250U-B
1025,20260801,5,17,30,-1,3,A,0.0,0.0,0.0,False,20260801-CHUNGAR-XRD250U-A
1026,20260801,5,17,30,-1,3,B,0.0,0.0,0.0,False,20260801-CHUNGAR-XRD250U-B
1027,20260802,5,17,30,-1,3,A,0.0,0.0,0.0,False,20260802-CHUNGAR-XRD250U-A
1028,20260802,5,17,30,-1,3,B,0.0,0.0,0.0,False,20260802-CHUNGAR-XRD250U-B
1029,20260803,5,17,30,-1,3,A,0.0,0.0,0.0,False,20260803-CHUNGAR-XRD250U-A
1030,20260803,5,17,30,-1,3,B,0.0,0.0,0.0,False,20260803-CHUNGAR-XRD250U-B
1031,20260804,5,17,30,-1,3,A,0.0,0.0,0.0,False,20260804-CHUNGAR-XRD250U-A
1032,20260804,5,17,30,-1,3,B,0.0,0.0,0.0,False,20260804-CHUNGAR-XRD250U-B
1033,20260805,5,17,30,-1,3,A,0.0,0.0,0.0,False,20260805-CHUNGAR-XRD250U-A
1034,20260805,5,17,30,-1,3,B,0.0,0.0,0.0,False,20260805-CHUNGAR-XRD250U-B
1035,20260806,5,17,30,-1,3,A,0.0,0.0,0.0,False,20260806-CHUNGAR-XRD250U-A
1036,20260806,5,17,30,-1,3,B,0.0,0.0,0.0,False,20260806-CHUNGAR-XRD250U-B
1037,20260807,5,17,30,-1,3,A,0.0,0.0,0.0,False,20260807-CHUNGAR-XRD250U-A
1038,20260807,5,17,30,-1,3,B,0.0,0.0,0.0,False,20260807-CHUNGAR-XRD250U-B
1039,20260808,5,17,30,-1,3,A,0.0,0.0,0.0,False,20260808-CHUNGAR-XRD250U-A
1040,20260808,5,17,30,-1,3,B,0.0,0.0,0.0,False,20260808-CHUNGAR-XRD250U-B
1041,20260809,5,17,30,-1,3,A,0.0,0.0,0.0,False,20260809-CHUNGAR-XRD250U-A
1042,20260809,5,17,30,-1,3,B,0.0,0.0,0.0,False,20260809-CHUNGAR-XRD250U-B
1043,20260810,5,17,30,-1,3,A,0.0,0.0,0.0,False,20260810-CHUNGAR-XRD250U-A
1044,20260810,5,17,30,-1,3,B,0.0,0.0,0.0,False,20260810-CHUNGAR-XRD250U-B
1045,20260811,5,17,30,-1,3,A,0.0,0.0,0.0,False,20260811-CHUNGAR-XRD250U-A
1046,20260811,5,17,30,-1,3,B,0.0,0.0,0.0,False,20260811-CHUNGAR-XRD250U-B
1047,20260812,5,17,30,-1,3,A,0.0,0.0,0.0,False,20260812-CHUNGAR-XRD250U-A
1048,20260812,5,17,30,-1,3,B,0.0,0.0,0.0,False,20260812-CHUNGAR-XRD250U-B
1049,20260813,5,17,30,-1,3,A,0.0,0.0,0.0,False,20260813-CHUNGAR-XRD250U-A
1050,20260813,5,17,30,-1,3,B,0.0,0.0,0.0,False,20260813-CHUNGAR-XRD250U-B
1051,20260814,5,17,30,-1,3,A,0.0,0.0,0.0,False,20260814-CHUNGAR-XRD250U-A
1052,20260814,5,17,30,-1,3,B,0.0,0.0,0.0,False,20260814-CHUNGAR-XRD250U-B
1053,20260815,5,17,30,-1,3,A,0.0,0.0,0.0,False,20260815-CHUNGAR-XRD250U-A
1054,20260815,5,17,30,-1,3,B,0.0,0.0,0.0,False,20260815-CHUNGAR-XRD250U-B
1055,20260816,5,17,30,-1,3,A,0.0,0.0,0.0,False,20260816-CHUNGAR-XRD250U-A
1056,20260816,5,17,30,-1,3,B,0.0,0.0,0.0,False,20260816-CHUNGAR-XRD250U-B
1057,20260817,5,17,30,-1,3,A,0.0,0.0,0.0,False,20260817-CHUNGAR-XRD250U-A
1058,20260817,5,17,30,-1,3,B,0.0,0.0,0.0,False,20260817-CHUNGAR-XRD250U-B
1059,20260818,5,17,30,-1,3,A,0.0,0.0,0.0,False,20260818-CHUNGAR-XRD250U-A
1060,20260818,5,17,30,-1,3,B,0.0,0.0,0.0,False,20260818-CHUNGAR-XRD250U-B
1061,20260819,5,17,30,-1,3,A,0.0,0.0,0.0,False,20260819-CHUNGAR-XRD250U-A
1062,20260819,5,17,30,-1,3,B,0.0,0.0,0.0,False,20260819-CHUNGAR-XRD250U-B
1063,20260820,5,17,30,-1,3,A,0.0,0.0,0.0,False,20260820-CHUNGAR-XRD250U-A
1064,20260820,5,17,30,-1,3,B,0.0,0.0,0.0,False,20260820-CHUNGAR-XRD250U-B
1065,20260821,5,17,30,-1,3,A,0.0,0.0,0.0,False,20260821-CHUNGAR-XRD250U-A
1066,20260821,5,17,30,-1,3,B,0.0,0.0,0.0,False,20260821-CHUNGAR-XRD250U-B
1067,20260822,5,17,30,-1,3,A,0.0,0.0,0.0,False,20260822-CHUNGAR-XRD250U-A
1068,20260822,5,17,30,-1,3,B,0.0,0.0,0.0,False,20260822-CHUNGAR-XRD250U-B
1069,20260823,5,17,30,-1,3,A,0.0,0.0,0.0,False,20260823-CHUNGAR-XRD250U-A
1070,20260823,5,17,30,-1,3,B,0.0,0.0,0.0,False,20260823-CHUNGAR-XRD250U-B
1071,20260824,5,17,30,-1,3,A,0.0,0.0,0.0,False,20260824-CHUNGAR-XRD250U-A
1072,20260824,5,17,30,-1,3,B,0.0,0.0,0.0,False,20260824-CHUNGAR-XRD250U-B
1073,20260825,5,17,30,-1,3,A,0.0,0.0,0.0,False,20260825-CHUNGAR-XRD250U-A
1074,20260825,5,17,30,-1,3,B,0.0,0.0,0.0,False,20260825-CHUNGAR-XRD250U-B
1075,20260826,6,23,31,175,4,A,142.3,149.5,7.2,False,20260826-COBRIZA-XRD50UFDR-001-A
1076,20260826,6,23,31,263,4,B,149.5,161.3,11.8,False,20260826-COBRIZA-XRD50UFDR-001-B
1077,20260827,6,23,36,175,1,A,0.0,0.0,0.0,False,20260827-COBRIZA-XRD50UFDR-001-A
1078,20260827,6,23,36,263,1,B,0.0,10.2,10.2,False,20260827-COBRIZA-XRD50UFDR-001-B
1079,20260828,6,23,36,175,1,A,10.2,39.4,29.2,False,20260828-COBRIZA-XRD50UFDR-001-A
1080,20260828,6,23,36,263,1,B,39.4,74.6,35.2,False,20260828-COBRIZA-XRD50UFDR-001-B
1081,20260829,6,23,36,175,1,A,74.6,85.0,10.4,False,20260829-COBRIZA-XRD50UFDR-001-A
1082,20260829,6,23,37,263,1,B,0.0,16.4,16.4,False,20260829-COBRIZA-XRD50UFDR-001-B
1083,20260830,6,23,37,175,1,A,16.4,51.4,35.0,False,20260830-COBRIZA-XRD50UFDR-001-A
1084,20260830,6,23,37,263,1,B,51.4,83.0,31.6,False,20260830-COBRIZA-XRD50UFDR-001-B
1085,20260831,6,23,37,-1,3,A,0.0,0.0,0.0,False,20260831-COBRIZA-XRD50UFDR-001-A
1086,20260831,6,23,41,-1,3,B,0.0,0.0,0.0,False,20260831-COBRIZA-XRD50UFDR-001-B
1087,20260901,6,23,41,-1,3,A,0.0,0.0,0.0,False,20260901-COBRIZA-XRD50UFDR-001-A
1088,20260901,6,23,41,-1,3,B,0.0,0.0,0.0,False,20260901-COBRIZA-XRD50UFDR-001-B
1089,20260902,6,23,41,-1,3,A,0.0,0.0,0.0,False,20260902-COBRIZA-XRD50UFDR-001-A
1090,20260902,6,23,41,-1,3,B,0.0,0.0,0.0,False,20260902-COBRIZA-XRD50UFDR-001-B
1091,20260903,6,23,41,-1,3,A,0.0,0.0,0.0,False,20260903-COBRIZA-XRD50UFDR-001-A
1092,20260903,6,23,41,-1,3,B,0.0,0.0,0.0,False,20260903-COBRIZA-XRD50UFDR-001-B
1093,20260904,6,23,41,-1,3,A,0.0,0.0,0.0,False,20260904-COBRIZA-XRD50UFDR-001-A
1094,20260904,6,23,41,-1,3,B,0.0,0.0,0.0,False,20260904-COBRIZA-XRD50UFDR-001-B
1095,20260905,6,23,41,-1,3,A,0.0,0.0,0.0,False,20260905-COBRIZA-XRD50UFDR-001-A
1096,20260905,6,23,41,-1,3,B,0.0,0.0,0.0,False,20260905-COBRIZA-XRD50UFDR-001-B
1097,20260906,6,23,41,-1,3,A,0.0,0.0,0.0,False,20260906-COBRIZA-XRD50UFDR-001-A
1098,20260906,6,23,41,-1,3,B,0.0,0.0,0.0,False,20260906-COBRIZA-XRD50UFDR-001-B
1099,20260907,6,23,41,-1,3,A,0.0,0.0,0.0,False,20260907-COBRIZA-XRD50UFDR-001-A
1100,20260907,6,23,41,-1,3,B,0.0,0.0,0.0,False,20260907-COBRIZA-XRD50UFDR-001-B
1101,20260908,6,23,41,-1,3,A,0.0,0.0,0.0,False,20260908-COBRIZA-XRD50UFDR-001-A
1102,20260908,6,23,41,-1,3,B,0.0,0.0,0.0,False,20260908-COBRIZA-XRD50UFDR-001-B
1103,20260909,6,23,41,-1,3,A,0.0,0.0,0.0,False,20260909-COBRIZA-XRD50UFDR-001-A
1104,20260909,6,23,41,-1,3,B,0.0,0.0,0.0,False,20260909-COBRIZA-XRD50UFDR-001-B
1105,20260910,6,23,41,-1,3,A,0.0,0.0,0.0,False,20260910-COBRIZA-XRD50UFDR-001-A
1106,20260910,6,23,41,-1,3,B,0.0,0.0,0.0,False,20260910-COBRIZA-XRD50UFDR-001-B
1107,20260911,6,23,41,-1,3,A,0.0,0.0,0.0,False,20260911-COBRIZA-XRD50UFDR-001-A
1108,20260911,6,23,41,-1,3,B,0.0,0.0,0.0,False,20260911-COBRIZA-XRD50UFDR-001-B
1109,20260912,6,23,41,-1,3,A,0.0,0.0,0.0,False,20260912-COBRIZA-XRD50UFDR-001-A
1110,20260912,6,23,41,-1,3,B,0.0,0.0,0.0,False,20260912-COBRIZA-XRD50UFDR-001-B
1111,20260913,6,23,41,-1,3,A,0.0,0.0,0.0,False,20260913-COBRIZA-XRD50UFDR-001-A
1112,20260913,6,23,41,-1,3,B,0.0,0.0,0.0,False,20260913-COBRIZA-XRD50UFDR-001-B
1113,20260914,6,23,41,-1,3,A,0.0,0.0,0.0,False,20260914-COBRIZA-XRD50UFDR-001-A
1114,20260914,6,23,41,-1,3,B,0.0,0.0,0.0,False,20260914-COBRIZA-XRD50UFDR-001-B
1115,20260915,6,23,41,-1,3,A,0.0,0.0,0.0,False,20260915-COBRIZA-XRD50UFDR-001-A
1116,20260915,6,23,41,-1,3,B,0.0,0.0,0.0,False,20260915-COBRIZA-XRD50UFDR-001-B
1117,20260916,6,23,41,-1,3,A,0.0,0.0,0.0,False,20260916-COBRIZA-XRD50UFDR-001-A
1118,20260916,6,23,41,-1,3,B,0.0,0.0,0.0,False,20260916-COBRIZA-XRD50UFDR-001-B
1119,20260917,6,23,41,-1,3,A,0.0,0.0,0.0,False,20260917-COBRIZA-XRD50UFDR-001-A
1120,20260917,6,23,41,-1,3,B,0.0,0.0,0.0,False,20260917-COBRIZA-XRD50UFDR-001-B
1121,20260918,6,23,41,-1,3,A,0.0,0.0,0.0,False,20260918-COBRIZA-XRD50UFDR-001-A
1122,20260918,6,23,41,-1,3,B,0.0,0.0,0.0,False,20260918-COBRIZA-XRD50UFDR-001-B
1123,20260919,6,23,41,-1,3,A,0.0,0.0,0.0,False,20260919-COBRIZA-XRD50UFDR-001-A
1124,20260919,6,23,41,-1,3,B,0.0,0.0,0.0,False,20260919-COBRIZA-XRD50UFDR-001-B
1125,20260920,6,23,41,-1,3,A,0.0,0.0,0.0,False,20260920-COBRIZA-XRD50UFDR-001-A
1126,20260920,6,23,41,-1,3,B,0.0,0.0,0.0,False,20260920-COBRIZA-XRD50UFDR-001-B
1127,20260921,6,23,41,-1,3,A,0.0,0.0,0.0,False,20260921-COBRIZA-XRD50UFDR-001-A
1128,20260921,6,23,41,-1,3,B,0.0,0.0,0.0,False,20260921-COBRIZA-XRD50UFDR-001-B
1129,20260922,6,23,41,-1,3,A,0.0,0.0,0.0,False,20260922-COBRIZA-XRD50UFDR-001-A
1130,20260922,6,23,41,-1,3,B,0.0,0.0,0.0,False,20260922-COBRIZA-XRD50UFDR-001-B
1131,20260923,6,23,41,-1,3,A,0.0,0.0,0.0,False,20260923-COBRIZA-XRD50UFDR-001-A
1132,20260923,6,23,41,-1,3,B,0.0,0.0,0.0,False,20260923-COBRIZA-XRD50UFDR-001-B
1133,20260924,6,23,41,-1,3,A,0.0,0.0,0.0,False,20260924-COBRIZA-XRD50UFDR-001-A
1134,20260924,6,23,41,-1,3,B,0.0,0.0,0.0,False,20260924-COBRIZA-XRD50UFDR-001-B
1135,20260925,6,23,41,-1,3,A,0.0,0.0,0.0,False,20260925-COBRIZA-XRD50UFDR-001-A
1136,20260925,6,23,41,-1,3,B,0.0,0.0,0.0,False,20260925-COBRIZA-XRD50UFDR-001-B
1137,20260826,6,20,34,72,1,A,0.0,7.9,7.9,False,20260826-COBRIZA-XLM75UFDR-003-A
1138,20260826,6,20,34,37,1,B,7.9,22.5,14.6,False,20260826-COBRIZA-XLM75UFDR-003-B
1139,20260827,6,20,34,72,1,A,22.5,42.1,19.6,False,20260827-COBRIZA-XLM75UFDR-003-A
1140,20260827,6,20,34,37,1,B,42.1,54.6,12.5,False,20260827-COBRIZA-XLM75UFDR-003-B
1141,20260828,6,20,34,72,1,A,54.6,70.0,15.4,False,20260828-COBRIZA-XLM75UFDR-003-A
1142,20260828,6,20,34,37,1,B,70.0,100.5,30.5,False,20260828-COBRIZA-XLM75UFDR-003-B
1143,20260829,6,20,34,72,1,A,100.5,129.0,28.5,False,20260829-COBRIZA-XLM75UFDR-003-A
1144,20260829,6,20,34,37,1,B,129.0,154.5,25.5,False,20260829-COBRIZA-XLM75UFDR-003-B
1145,20260830,6,20,38,72,1,A,0.0,15.5,15.5,False,20260830-COBRIZA-XLM75UFDR-003-A
1146,20260830,6,20,38,37,1,B,15.5,36.5,21.0,False,20260830-COBRIZA-XLM75UFDR-003-B
1147,20260831,6,20,38,-1,3,A,0.0,0.0,0.0,False,20260831-COBRIZA-XLM75UFDR-003-A
1148,20260831,6,20,41,-1,3,B,0.0,0.0,0.0,False,20260831-COBRIZA-XLM75UFDR-003-B
1149,20260901,6,20,41,-1,3,A,0.0,0.0,0.0,False,20260901-COBRIZA-XLM75UFDR-003-A
1150,20260901,6,20,41,-1,3,B,0.0,0.0,0.0,False,20260901-COBRIZA-XLM75UFDR-003-B
1151,20260902,6,20,41,-1,3,A,0.0,0.0,0.0,False,20260902-COBRIZA-XLM75UFDR-003-A
1152,20260902,6,20,41,-1,3,B,0.0,0.0,0.0,False,20260902-COBRIZA-XLM75UFDR-003-B
1153,20260903,6,20,41,-1,3,A,0.0,0.0,0.0,False,20260903-COBRIZA-XLM75UFDR-003-A
1154,20260903,6,20,41,-1,3,B,0.0,0.0,0.0,False,20260903-COBRIZA-XLM75UFDR-003-B
1155,20260904,6,20,41,-1,3,A,0.0,0.0,0.0,False,20260904-COBRIZA-XLM75UFDR-003-A
1156,20260904,6,20,41,-1,3,B,0.0,0.0,0.0,False,20260904-COBRIZA-XLM75UFDR-003-B
1157,20260905,6,20,41,-1,3,A,0.0,0.0,0.0,False,20260905-COBRIZA-XLM75UFDR-003-A
1158,20260905,6,20,41,-1,3,B,0.0,0.0,0.0,False,20260905-COBRIZA-XLM75UFDR-003-B
1159,20260906,6,20,41,-1,3,A,0.0,0.0,0.0,False,20260906-COBRIZA-XLM75UFDR-003-A
1160,20260906,6,20,41,-1,3,B,0.0,0.0,0.0,False,20260906-COBRIZA-XLM75UFDR-003-B
1161,20260907,6,20,41,-1,3,A,0.0,0.0,0.0,False,20260907-COBRIZA-XLM75UFDR-003-A
1162,20260907,6,20,41,-1,3,B,0.0,0.0,0.0,False,20260907-COBRIZA-XLM75UFDR-003-B
1163,20260908,6,20,41,-1,3,A,0.0,0.0,0.0,False,20260908-COBRIZA-XLM75UFDR-003-A
1164,20260908,6,20,41,-1,3,B,0.0,0.0,0.0,False,20260908-COBRIZA-XLM75UFDR-003-B
1165,20260909,6,20,41,-1,3,A,0.0,0.0,0.0,False,20260909-COBRIZA-XLM75UFDR-003-A
1166,20260909,6,20,41,-1,3,B,0.0,0.0,0.0,False,20260909-COBRIZA-XLM75UFDR-003-B
1167,20260910,6,20,41,-1,3,A,0.0,0.0,0.0,False,20260910-COBRIZA-XLM75UFDR-003-A
1168,20260910,6,20,41,-1,3,B,0.0,0.0,0.0,False,20260910-COBRIZA-XLM75UFDR-003-B
1169,20260911,6,20,41,-1,3,A,0.0,0.0,0.0,False,20260911-COBRIZA-XLM75UFDR-003-A
1170,20260911,6,20,41,-1,3,B,0.0,0.0,0.0,False,20260911-COBRIZA-XLM75UFDR-003-B
1171,20260912,6,20,41,-1,3,A,0.0,0.0,0.0,False,20260912-COBRIZA-XLM75UFDR-003-A
1172,20260912,6,20,41,-1,3,B,0.0,0.0,0.0,False,20260912-COBRIZA-XLM75UFDR-003-B
1173,20260913,6,20,41,-1,3,A,0.0,0.0,0.0,False,20260913-COBRIZA-XLM75UFDR-003-A
1174,20260913,6,20,41,-1,3,B,0.0,0.0,0.0,False,20260913-COBRIZA-XLM75UFDR-003-B
1175,20260914,6,20,41,-1,3,A,0.0,0.0,0.0,False,20260914-COBRIZA-XLM75UFDR-003-A
1176,20260914,6,20,41,-1,3,B,0.0,0.0,0.0,False,20260914-COBRIZA-XLM75UFDR-003-B
1177,20260915,6,20,41,-1,3,A,0.0,0.0,0.0,False,20260915-COBRIZA-XLM75UFDR-003-A
1178,20260915,6,20,41,-1,3,B,0.0,0.0,0.0,False,20260915-COBRIZA-XLM75UFDR-003-B
1179,20260916,6,20,41,-1,3,A,0.0,0.0,0.0,False,20260916-COBRIZA-XLM75UFDR-003-A
1180,20260916,6,20,41,-1,3,B,0.0,0.0,0.0,False,20260916-COBRIZA-XLM75UFDR-003-B
1181,20260917,6,20,41,-1,3,A,0.0,0.0,0.0,False,20260917-COBRIZA-XLM75UFDR-003-A
1182,20260917,6,20,41,-1,3,B,0.0,0.0,0.0,False,20260917-COBRIZA-XLM75UFDR-003-B
1183,20260918,6,20,41,-1,3,A,0.0,0.0,0.0,False,20260918-COBRIZA-XLM75UFDR-003-A
1184,20260918,6,20,41,-1,3,B,0.0,0.0,0.0,False,20260918-COBRIZA-XLM75UFDR-003-B
1185,20260919,6,20,41,-1,3,A,0.0,0.0,0.0,False,20260919-COBRIZA-XLM75UFDR-003-A
1186,20260919,6,20,41,-1,3,B,0.0,0.0,0.0,False,20260919-COBRIZA-XLM75UFDR-003-B
1187,20260920,6,20,41,-1,3,A,0.0,0.0,0.0,False,20260920-COBRIZA-XLM75UFDR-003-A
1188,20260920,6,20,41,-1,3,B,0.0,0.0,0.0,False,20260920-COBRIZA-XLM75UFDR-003-B
1189,20260921,6,20,41,-1,3,A,0.0,0.0,0.0,False,20260921-COBRIZA-XLM75UFDR-003-A
1190,20260921,6,20,41,-1,3,B,0.0,0.0,0.0,False,20260921-COBRIZA-XLM75UFDR-003-B
1191,20260922,6,20,41,-1,3,A,0.0,0.0,0.0,False,20260922-COBRIZA-XLM75UFDR-003-A
1192,20260922,6,20,41,-1,3,B,0.0,0.0,0.0,False,20260922-COBRIZA-XLM75UFDR-003-B
1193,20260923,6,20,41,-1,3,A,0.0,0.0,0.0,False,20260923-COBRIZA-XLM75UFDR-003-A
1194,20260923,6,20,41,-1,3,B,0.0,0.0,0.0,False,20260923-COBRIZA-XLM75UFDR-003-B
1195,20260924,6,20,41,-1,3,A,0.0,0.0,0.0,False,20260924-COBRIZA-XLM75UFDR-003-A
1196,20260924,6,20,41,-1,3,B,0.0,0.0,0.0,False,20260924-COBRIZA-XLM75UFDR-003-B
1197,20260925,6,20,41,-1,3,A,0.0,0.0,0.0,False,20260925-COBRIZA-XLM75UFDR-003-A
1198,20260925,6,20,41,-1,3,B,0.0,0.0,0.0,False,20260925-COBRIZA-XLM75UFDR-003-B
1199,20260826,6,24,35,71,2,A,0.0,0.0,0.0,False,20260826-COBRIZA-XRD80USS-006-A
1200,20260826,6,24,35,364,2,B,0.0,0.0,0.0,False,20260826-COBRIZA-XRD80USS-006-B
1201,20260827,6,24,35,71,2,A,0.0,21.0,21.0,False,20260827-COBRIZA-XRD80USS-006-A
1202,20260827,6,24,35,364,2,B,21.0,27.0,6.0,False,20260827-COBRIZA-XRD80USS-006-B
1203,20260828,6,24,35,71,4,A,27.0,48.0,21.0,False,20260828-COBRIZA-XRD80USS-006-A
1204,20260828,6,24,35,364,4,B,48.0,60.0,12.0,False,20260828-COBRIZA-XRD80USS-006-B
1205,20260829,6,24,35,71,2,A,60.0,61.3,1.3,False,20260829-COBRIZA-XRD80USS-006-A
1206,20260829,6,24,35,71,4,A,61.3,73.1,11.8,False,20260829-COBRIZA-XRD80USS-006-A
1207,20260829,6,24,35,364,4,B,73.1,84.7,11.6,False,20260829-COBRIZA-XRD80USS-006-B
1208,20260830,6,24,35,71,4,A,84.7,101.0,16.3,False,20260830-COBRIZA-XRD80USS-006-A
1209,20260830,6,24,35,364,4,B,101.0,135.1,34.1,False,20260830-COBRIZA-XRD80USS-006-B
1210,20260831,6,24,35,-1,3,A,0.0,0.0,0.0,False,20260831-COBRIZA-XRD80USS-006-A
1211,20260831,6,24,41,-1,3,B,0.0,0.0,0.0,False,20260831-COBRIZA-XRD80USS-006-B
1212,20260901,6,24,41,-1,3,A,0.0,0.0,0.0,False,20260901-COBRIZA-XRD80USS-006-A
1213,20260901,6,24,41,-1,3,B,0.0,0.0,0.0,False,20260901-COBRIZA-XRD80USS-006-B
1214,20260902,6,24,41,-1,3,A,0.0,0.0,0.0,False,20260902-COBRIZA-XRD80USS-006-A
1215,20260902,6,24,41,-1,3,B,0.0,0.0,0.0,False,20260902-COBRIZA-XRD80USS-006-B
1216,20260903,6,24,41,-1,3,A,0.0,0.0,0.0,False,20260903-COBRIZA-XRD80USS-006-A
1217,20260903,6,24,41,-1,3,B,0.0,0.0,0.0,False,20260903-COBRIZA-XRD80USS-006-B
1218,20260904,6,24,41,-1,3,A,0.0,0.0,0.0,False,20260904-COBRIZA-XRD80USS-006-A
1219,20260904,6,24,41,-1,3,B,0.0,0.0,0.0,False,20260904-COBRIZA-XRD80USS-006-B
1220,20260905,6,24,41,-1,3,A,0.0,0.0,0.0,False,20260905-COBRIZA-XRD80USS-006-A
1221,20260905,6,24,41,-1,3,B,0.0,0.0,0.0,False,20260905-COBRIZA-XRD80USS-006-B
1222,20260906,6,24,41,-1,3,A,0.0,0.0,0.0,False,20260906-COBRIZA-XRD80USS-006-A
1223,20260906,6,24,41,-1,3,B,0.0,0.0,0.0,False,20260906-COBRIZA-XRD80USS-006-B
1224,20260907,6,24,41,-1,3,A,0.0,0.0,0.0,False,20260907-COBRIZA-XRD80USS-006-A
1225,20260907,6,24,41,-1,3,B,0.0,0.0,0.0,False,20260907-COBRIZA-XRD80USS-006-B
1226,20260908,6,24,41,-1,3,A,0.0,0.0,0.0,False,20260908-COBRIZA-XRD80USS-006-A
1227,20260908,6,24,41,-1,3,B,0.0,0.0,0.0,False,20260908-COBRIZA-XRD80USS-006-B
1228,20260909,6,24,41,-1,3,A,0.0,0.0,0.0,False,20260909-COBRIZA-XRD80USS-006-A
1229,20260909,6,24,41,-1,3,B,0.0,0.0,0.0,False,20260909-COBRIZA-XRD80USS-006-B
1230,20260910,6,24,41,-1,3,A,0.0,0.0,0.0,False,20260910-COBRIZA-XRD80USS-006-A
1231,20260910,6,24,41,-1,3,B,0.0,0.0,0.0,False,20260910-COBRIZA-XRD80USS-006-B
1232,20260911,6,24,41,-1,3,A,0.0,0.0,0.0,False,20260911-COBRIZA-XRD80USS-006-A
1233,20260911,6,24,41,-1,3,B,0.0,0.0,0.0,False,20260911-COBRIZA-XRD80USS-006-B
1234,20260912,6,24,41,-1,3,A,0.0,0.0,0.0,False,20260912-COBRIZA-XRD80USS-006-A
1235,20260912,6,24,41,-1,3,B,0.0,0.0,0.0,False,20260912-COBRIZA-XRD80USS-006-B
1236,20260913,6,24,41,-1,3,A,0.0,0.0,0.0,False,20260913-COBRIZA-XRD80USS-006-A
1237,20260913,6,24,41,-1,3,B,0.0,0.0,0.0,False,20260913-COBRIZA-XRD80USS-006-B
1238,20260914,6,24,41,-1,3,A,0.0,0.0,0.0,False,20260914-COBRIZA-XRD80USS-006-A
1239,20260914,6,24,41,-1,3,B,0.0,0.0,0.0,False,20260914-COBRIZA-XRD80USS-006-B
1240,20260915,6,24,41,-1,3,A,0.0,0.0,0.0,False,20260915-COBRIZA-XRD80USS-006-A
1241,20260915,6,24,41,-1,3,B,0.0,0.0,0.0,False,20260915-COBRIZA-XRD80USS-006-B
1242,20260916,6,24,41,-1,3,A,0.0,0.0,0.0,False,20260916-COBRIZA-XRD80USS-006-A
1243,20260916,6,24,41,-1,3,B,0.0,0.0,0.0,False,20260916-COBRIZA-XRD80USS-006-B
1244,20260917,6,24,41,-1,3,A,0.0,0.0,0.0,False,20260917-COBRIZA-XRD80USS-006-A
1245,20260917,6,24,41,-1,3,B,0.0,0.0,0.0,False,20260917-COBRIZA-XRD80USS-006-B
1246,20260918,6,24,41,-1,3,A,0.0,0.0,0.0,False,20260918-COBRIZA-XRD80USS-006-A
1247,20260918,6,24,41,-1,3,B,0.0,0.0,0.0,False,20260918-COBRIZA-XRD80USS-006-B
1248,20260919,6,24,41,-1,3,A,0.0,0.0,0.0,False,20260919-COBRIZA-XRD80USS-006-A
1249,20260919,6,24,41,-1,3,B,0.0,0.0,0.0,False,20260919-COBRIZA-XRD80USS-006-B
1250,20260920,6,24,41,-1,3,A,0.0,0.0,0.0,False,20260920-COBRIZA-XRD80USS-006-A
1251,20260920,6,24,41,-1,3,B,0.0,0.0,0.0,False,20260920-COBRIZA-XRD80USS-006-B
1252,20260921,6,24,41,-1,3,A,0.0,0.0,0.0,False,20260921-COBRIZA-XRD80USS-006-A
1253,20260921,6,24,41,-1,3,B,0.0,0.0,0.0,False,20260921-COBRIZA-XRD80USS-006-B
1254,20260922,6,24,41,-1,3,A,0.0,0.0,0.0,False,20260922-COBRIZA-XRD80USS-006-A
1255,20260922,6,24,41,-1,3,B,0.0,0.0,0.0,False,20260922-COBRIZA-XRD80USS-006-B
1256,20260923,6,24,41,-1,3,A,0.0,0.0,0.0,False,20260923-COBRIZA-XRD80USS-006-A
1257,20260923,6,24,41,-1,3,B,0.0,0.0,0.0,False,20260923-COBRIZA-XRD80USS-006-B
1258,20260924,6,24,41,-1,3,A,0.0,0.0,0.0,False,20260924-COBRIZA-XRD80USS-006-A
1259,20260924,6,24,41,-1,3,B,0.0,0.0,0.0,False,20260924-COBRIZA-XRD80USS-006-B
1260,20260925,6,24,41,-1,3,A,0.0,0.0,0.0,False,20260925-COBRIZA-XRD80USS-006-A
1261,20260826,6,21,33,306,4,A,39.0,49.3,10.3,False,20260826-COBRIZA-XRD125UFDR-002-A
1262,20260826,6,21,33,253,4,B,49.3,61.2,11.9,False,20260826-COBRIZA-XRD125UFDR-002-B
1263,20260827,6,21,33,306,4,A,61.2,82.5,21.3,False,20260827-COBRIZA-XRD125UFDR-002-A
1264,20260827,6,21,33,253,4,B,82.5,104.3,21.8,False,20260827-COBRIZA-XRD125UFDR-002-B
1265,20260828,6,21,33,306,4,A,104.3,113.8,9.5,False,20260828-COBRIZA-XRD125UFDR-002-A
1266,20260828,6,21,33,253,4,B,113.8,127.1,13.3,False,20260828-COBRIZA-XRD125UFDR-002-B
1267,20260829,6,21,33,306,4,A,127.1,141.7,14.6,False,20260829-COBRIZA-XRD125UFDR-002-A
1268,20260829,6,21,33,253,4,B,141.7,168.0,26.3,False,20260829-COBRIZA-XRD125UFDR-002-B
1269,20260830,6,21,33,306,4,A,168.0,196.4,28.4,False,20260830-COBRIZA-XRD125UFDR-002-A
1270,20260830,6,21,39,253,4,B,0.0,0.0,0.0,False,20260830-COBRIZA-XRD125UFDR-002-B
1271,20260831,6,21,39,-1,3,A,0.0,0.0,0.0,False,20260831-COBRIZA-XRD125UFDR-002-A
1272,20260831,6,21,41,-1,3,B,0.0,0.0,0.0,False,20260831-COBRIZA-XRD125UFDR-002-B
1273,20260901,6,21,41,-1,3,A,0.0,0.0,0.0,False,20260901-COBRIZA-XRD125UFDR-002-A
1274,20260901,6,21,41,-1,3,B,0.0,0.0,0.0,False,20260901-COBRIZA-XRD125UFDR-002-B
1275,20260902,6,21,41,-1,3,A,0.0,0.0,0.0,False,20260902-COBRIZA-XRD125UFDR-002-A
1276,20260902,6,21,41,-1,3,B,0.0,0.0,0.0,False,20260902-COBRIZA-XRD125UFDR-002-B
1277,20260903,6,21,41,-1,3,A,0.0,0.0,0.0,False,20260903-COBRIZA-XRD125UFDR-002-A
1278,20260903,6,21,41,-1,3,B,0.0,0.0,0.0,False,20260903-COBRIZA-XRD125UFDR-002-B
1279,20260904,6,21,41,-1,3,A,0.0,0.0,0.0,False,20260904-COBRIZA-XRD125UFDR-002-A
1280,20260904,6,21,41,-1,3,B,0.0,0.0,0.0,False,20260904-COBRIZA-XRD125UFDR-002-B
1281,20260905,6,21,41,-1,3,A,0.0,0.0,0.0,False,20260905-COBRIZA-XRD125UFDR-002-A
1282,20260905,6,21,41,-1,3,B,0.0,0.0,0.0,False,20260905-COBRIZA-XRD125UFDR-002-B
1283,20260906,6,21,41,-1,3,A,0.0,0.0,0.0,False,20260906-COBRIZA-XRD125UFDR-002-A
1284,20260906,6,21,41,-1,3,B,0.0,0.0,0.0,False,20260906-COBRIZA-XRD125UFDR-002-B
1285,20260907,6,21,41,-1,3,A,0.0,0.0,0.0,False,20260907-COBRIZA-XRD125UFDR-002-A
1286,20260907,6,21,41,-1,3,B,0.0,0.0,0.0,False,20260907-COBRIZA-XRD125UFDR-002-B
1287,20260908,6,21,41,-1,3,A,0.0,0.0,0.0,False,20260908-COBRIZA-XRD125UFDR-002-A
1288,20260908,6,21,41,-1,3,B,0.0,0.0,0.0,False,20260908-COBRIZA-XRD125UFDR-002-B
1289,20260909,6,21,41,-1,3,A,0.0,0.0,0.0,False,20260909-COBRIZA-XRD125UFDR-002-A
1290,20260909,6,21,41,-1,3,B,0.0,0.0,0.0,False,20260909-COBRIZA-XRD125UFDR-002-B
1291,20260910,6,21,41,-1,3,A,0.0,0.0,0.0,False,20260910-COBRIZA-XRD125UFDR-002-A
1292,20260910,6,21,41,-1,3,B,0.0,0.0,0.0,False,20260910-COBRIZA-XRD125UFDR-002-B
1293,20260911,6,21,41,-1,3,A,0.0,0.0,0.0,False,20260911-COBRIZA-XRD125UFDR-002-A
1294,20260911,6,21,41,-1,3,B,0.0,0.0,0.0,False,20260911-COBRIZA-XRD125UFDR-002-B
1295,20260912,6,21,41,-1,3,A,0.0,0.0,0.0,False,20260912-COBRIZA-XRD125UFDR-002-A
1296,20260912,6,21,41,-1,3,B,0.0,0.0,0.0,False,20260912-COBRIZA-XRD125UFDR-002-B
1297,20260913,6,21,41,-1,3,A,0.0,0.0,0.0,False,20260913-COBRIZA-XRD125UFDR-002-A
1298,20260913,6,21,41,-1,3,B,0.0,0.0,0.0,False,20260913-COBRIZA-XRD125UFDR-002-B
1299,20260914,6,21,41,-1,3,A,0.0,0.0,0.0,False,20260914-COBRIZA-XRD125UFDR-002-A
1300,20260914,6,21,41,-1,3,B,0.0,0.0,0.0,False,20260914-COBRIZA-XRD125UFDR-002-B
1301,20260915,6,21,41,-1,3,A,0.0,0.0,0.0,False,20260915-COBRIZA-XRD125UFDR-002-A
1302,20260915,6,21,41,-1,3,B,0.0,0.0,0.0,False,20260915-COBRIZA-XRD125UFDR-002-B
1303,20260916,6,21,41,-1,3,A,0.0,0.0,0.0,False,20260916-COBRIZA-XRD125UFDR-002-A
1304,20260916,6,21,41,-1,3,B,0.0,0.0,0.0,False,20260916-COBRIZA-XRD125UFDR-002-B
1305,20260917,6,21,41,-1,3,A,0.0,0.0,0.0,False,20260917-COBRIZA-XRD125UFDR-002-A
1306,20260917,6,21,41,-1,3,B,0.0,0.0,0.0,False,20260917-COBRIZA-XRD125UFDR-002-B
1307,20260918,6,21,41,-1,3,A,0.0,0.0,0.0,False,20260918-COBRIZA-XRD125UFDR-002-A
1308,20260918,6,21,41,-1,3,B,0.0,0.0,0.0,False,20260918-COBRIZA-XRD125UFDR-002-B
1309,20260919,6,21,41,-1,3,A,0.0,0.0,0.0,False,20260919-COBRIZA-XRD125UFDR-002-A
1310,20260919,6,21,41,-1,3,B,0.0,0.0,0.0,False,20260919-COBRIZA-XRD125UFDR-002-B
1311,20260920,6,21,41,-1,3,A,0.0,0.0,0.0,False,20260920-COBRIZA-XRD125UFDR-002-A
1312,20260920,6,21,41,-1,3,B,0.0,0.0,0.0,False,20260920-COBRIZA-XRD125UFDR-002-B
1313,20260921,6,21,41,-1,3,A,0.0,0.0,0.0,False,20260921-COBRIZA-XRD125UFDR-002-A
1314,20260921,6,21,41,-1,3,B,0.0,0.0,0.0,False,20260921-COBRIZA-XRD125UFDR-002-B
1315,20260922,6,21,41,-1,3,A,0.0,0.0,0.0,False,20260922-COBRIZA-XRD125UFDR-002-A
1316,20260922,6,21,41,-1,3,B,0.0,0.0,0.0,False,20260922-COBRIZA-XRD125UFDR-002-B
1317,20260923,6,21,41,-1,3,A,0.0,0.0,0.0,False,20260923-COBRIZA-XRD125UFDR-002-A
1318,20260923,6,21,41,-1,3,B,0.0,0.0,0.0,False,20260923-COBRIZA-XRD125UFDR-002-B
1319,20260924,6,21,41,-1,3,A,0.0,0.0,0.0,False,20260924-COBRIZA-XRD125UFDR-002-A
1320,20260924,6,21,41,-1,3,B,0.0,0.0,0.0,False,20260924-COBRIZA-XRD125UFDR-002-B
1321,20260925,6,21,41,-1,3,A,0.0,0.0,0.0,False,20260925-COBRIZA-XRD125UFDR-002-A
1322,20260925,6,21,41,-1,3,B,0.0,0.0,0.0,False,20260925-COBRIZA-XRD125UFDR-002-B
1323,20260826,6,22,32,214,2,A,93.9,124.6,30.7,False,20260826-COBRIZA-XRD150U-008-A
1324,20260826,6,22,32,325,2,B,124.6,136.0,11.4,False,20260826-COBRIZA-XRD150U-008-B
1325,20260827,6,22,32,214,2,A,136.0,143.7,7.7,False,20260827-COBRIZA-XRD150U-008-A
1326,20260827,6,22,32,325,2,B,143.7,150.3,6.6,False,20260827-COBRIZA-XRD150U-008-B
1327,20260828,6,22,32,214,2,A,150.3,153.9,3.6,False,20260828-COBRIZA-XRD150U-008-A
1328,20260828,6,22,32,325,2,B,153.9,168.1,14.2,False,20260828-COBRIZA-XRD150U-008-B
1329,20260829,6,22,32,214,2,A,168.1,198.2,30.1,False,20260829-COBRIZA-XRD150U-008-A
1330,20260829,6,22,32,325,2,B,198.2,223.5,25.3,False,20260829-COBRIZA-XRD150U-008-B
1331,20260830,6,22,32,214,2,A,223.5,233.9,10.4,False,20260830-COBRIZA-XRD150U-008-A
1332,20260830,6,22,40,325,2,B,0.0,0.0,0.0,False,20260830-COBRIZA-XRD150U-008-B
1333,20260831,6,22,40,-1,3,A,0.0,0.0,0.0,False,20260831-COBRIZA-XRD150U-008-A
1334,20260831,6,22,41,-1,3,B,0.0,0.0,0.0,False,20260831-COBRIZA-XRD150U-008-B
1335,20260901,6,22,41,-1,3,A,0.0,0.0,0.0,False,20260901-COBRIZA-XRD150U-008-A
1336,20260901,6,22,41,-1,3,B,0.0,0.0,0.0,False,20260901-COBRIZA-XRD150U-008-B
1337,20260902,6,22,41,-1,3,A,0.0,0.0,0.0,False,20260902-COBRIZA-XRD150U-008-A
1338,20260902,6,22,41,-1,3,B,0.0,0.0,0.0,False,20260902-COBRIZA-XRD150U-008-B
1339,20260903,6,22,41,-1,3,A,0.0,0.0,0.0,False,20260903-COBRIZA-XRD150U-008-A
1340,20260903,6,22,41,-1,3,B,0.0,0.0,0.0,False,20260903-COBRIZA-XRD150U-008-B
1341,20260904,6,22,41,-1,3,A,0.0,0.0,0.0,False,20260904-COBRIZA-XRD150U-008-A
1342,20260904,6,22,41,-1,3,B,0.0,0.0,0.0,False,20260904-COBRIZA-XRD150U-008-B
1343,20260905,6,22,41,-1,3,A,0.0,0.0,0.0,False,20260905-COBRIZA-XRD150U-008-A
1344,20260905,6,22,41,-1,3,B,0.0,0.0,0.0,False,20260905-COBRIZA-XRD150U-008-B
1345,20260906,6,22,41,-1,3,A,0.0,0.0,0.0,False,20260906-COBRIZA-XRD150U-008-A
1346,20260906,6,22,41,-1,3,B,0.0,0.0,0.0,False,20260906-COBRIZA-XRD150U-008-B
1347,20260907,6,22,41,-1,3,A,0.0,0.0,0.0,False,20260907-COBRIZA-XRD150U-008-A
1348,20260907,6,22,41,-1,3,B,0.0,0.0,0.0,False,20260907-COBRIZA-XRD150U-008-B
1349,20260908,6,22,41,-1,3,A,0.0,0.0,0.0,False,20260908-COBRIZA-XRD150U-008-A
1350,20260908,6,22,41,-1,3,B,0.0,0.0,0.0,False,20260908-COBRIZA-XRD150U-008-B
1351,20260909,6,22,41,-1,3,A,0.0,0.0,0.0,False,20260909-COBRIZA-XRD150U-008-A
1352,20260909,6,22,41,-1,3,B,0.0,0.0,0.0,False,20260909-COBRIZA-XRD150U-008-B
1353,20260910,6,22,41,-1,3,A,0.0,0.0,0.0,False,20260910-COBRIZA-XRD150U-008-A
1354,20260910,6,22,41,-1,3,B,0.0,0.0,0.0,False,20260910-COBRIZA-XRD150U-008-B
1355,20260911,6,22,41,-1,3,A,0.0,0.0,0.0,False,20260911-COBRIZA-XRD150U-008-A
1356,20260911,6,22,41,-1,3,B,0.0,0.0,0.0,False,20260911-COBRIZA-XRD150U-008-B
1357,20260912,6,22,41,-1,3,A,0.0,0.0,0.0,False,20260912-COBRIZA-XRD150U-008-A
1358,20260912,6,22,41,-1,3,B,0.0,0.0,0.0,False,20260912-COBRIZA-XRD150U-008-B
1359,20260913,6,22,41,-1,3,A,0.0,0.0,0.0,False,20260913-COBRIZA-XRD150U-008-A
1360,20260913,6,22,41,-1,3,B,0.0,0.0,0.0,False,20260913-COBRIZA-XRD150U-008-B
1361,20260914,6,22,41,-1,3,A,0.0,0.0,0.0,False,20260914-COBRIZA-XRD150U-008-A
1362,20260914,6,22,41,-1,3,B,0.0,0.0,0.0,False,20260914-COBRIZA-XRD150U-008-B
1363,20260915,6,22,41,-1,3,A,0.0,0.0,0.0,False,20260915-COBRIZA-XRD150U-008-A
1364,20260915,6,22,41,-1,3,B,0.0,0.0,0.0,False,20260915-COBRIZA-XRD150U-008-B
1365,20260916,6,22,41,-1,3,A,0.0,0.0,0.0,False,20260916-COBRIZA-XRD150U-008-A
1366,20260916,6,22,41,-1,3,B,0.0,0.0,0.0,False,20260916-COBRIZA-XRD150U-008-B
1367,20260917,6,22,41,-1,3,A,0.0,0.0,0.0,False,20260917-COBRIZA-XRD150U-008-A
1368,20260917,6,22,41,-1,3,B,0.0,0.0,0.0,False,20260917-COBRIZA-XRD150U-008-B
1369,20260918,6,22,41,-1,3,A,0.0,0.0,0.0,False,20260918-COBRIZA-XRD150U-008-A
1370,20260918,6,22,41,-1,3,B,0.0,0.0,0.0,False,20260918-COBRIZA-XRD150U-008-B
1371,20260919,6,22,41,-1,3,A,0.0,0.0,0.0,False,20260919-COBRIZA-XRD150U-008-A
1372,20260919,6,22,41,-1,3,B,0.0,0.0,0.0,False,20260919-COBRIZA-XRD150U-008-B
1373,20260920,6,22,41,-1,3,A,0.0,0.0,0.0,False,20260920-COBRIZA-XRD150U-008-A
1374,20260920,6,22,41,-1,3,B,0.0,0.0,0.0,False,20260920-COBRIZA-XRD150U-008-B
1375,20260921,6,22,41,-1,3,A,0.0,0.0,0.0,False,20260921-COBRIZA-XRD150U-008-A
1376,20260921,6,22,41,-1,3,B,0.0,0.0,0.0,False,20260921-COBRIZA-XRD150U-008-B
1377,20260922,6,22,41,-1,3,A,0.0,0.0,0.0,False,20260922-COBRIZA-XRD150U-008-A
1378,20260922,6,22,41,-1,3,B,0.0,0.0,0.0,False,20260922-COBRIZA-XRD150U-008-B
1379,20260923,6,22,41,-1,3,A,0.0,0.0,0.0,False,20260923-COBRIZA-XRD150U-008-A
1380,20260923,6,22,41,-1,3,B,0.0,0.0,0.0,False,20260923-COBRIZA-XRD150U-008-B
1381,20260924,6,22,41,-1,3,A,0.0,0.0,0.0,False,20260924-COBRIZA-XRD150U-008-A
1382,20260924,6,22,41,-1,3,B,0.0,0.0,0.0,False,20260924-COBRIZA-XRD150U-008-B
1383,20260925,6,22,41,-1,3,A,0.0,0.0,0.0,False,20260925-COBRIZA-XRD150U-008-A
1384,20260925,6,22,41,-1,3,B,0.0,0.0,0.0,False,20260925-COBRIZA-XRD150U-008-B
1385,20260826,7,25,42,284,1,A,345.5,352.8,7.3,False,20260826-COLQUISIRI-XRD80USS-012-A
1386,20260826,7,25,42,405,1,B,352.8,369.0,16.2,False,20260826-COLQUISIRI-XRD80USS-012-B
1387,20260827,7,25,42,123,1,A,369.0,378.6,9.6,False,20260827-COLQUISIRI-XRD80USS-012-A
1388,20260827,7,25,42,284,1,B,378.6,390.0,11.4,False,20260827-COLQUISIRI-XRD80USS-012-B
1389,20260828,7,25,42,123,1,A,390.0,390.0,0.0,False,20260828-COLQUISIRI-XRD80USS-012-A
1390,20260828,7,25,42,284,1,B,390.0,402.5,12.5,False,20260828-COLQUISIRI-XRD80USS-012-B
1391,20260829,7,25,42,123,1,A,402.5,419.4,16.9,False,20260829-COLQUISIRI-XRD80USS-012-A
1392,20260829,7,25,42,284,1,B,419.4,428.2,8.8,False,20260829-COLQUISIRI-XRD80USS-012-B
1393,20260830,7,25,42,123,1,A,428.2,444.9,16.7,False,20260830-COLQUISIRI-XRD80USS-012-A
1394,20260830,7,25,42,284,1,B,0.0,0.0,0.0,False,20260830-COLQUISIRI-XRD80USS-012-B
1395,20260831,7,25,42,-1,3,A,0.0,0.0,0.0,False,20260831-COLQUISIRI-XRD80USS-012-A
1396,20260831,7,25,43,-1,3,B,0.0,0.0,0.0,False,20260831-COLQUISIRI-XRD80USS-012-B
1397,20260901,7,25,43,-1,3,A,0.0,0.0,0.0,False,20260901-COLQUISIRI-XRD80USS-012-A
1398,20260901,7,25,43,-1,3,B,0.0,0.0,0.0,False,20260901-COLQUISIRI-XRD80USS-012-B
1399,20260902,7,25,43,-1,3,A,0.0,0.0,0.0,False,20260902-COLQUISIRI-XRD80USS-012-A
1400,20260902,7,25,43,-1,3,B,0.0,0.0,0.0,False,20260902-COLQUISIRI-XRD80USS-012-B
1401,20260903,7,25,43,-1,3,A,0.0,0.0,0.0,False,20260903-COLQUISIRI-XRD80USS-012-A
1402,20260903,7,25,43,-1,3,B,0.0,0.0,0.0,False,20260903-COLQUISIRI-XRD80USS-012-B
1403,20260904,7,25,43,-1,3,A,0.0,0.0,0.0,False,20260904-COLQUISIRI-XRD80USS-012-A
1404,20260904,7,25,43,-1,3,B,0.0,0.0,0.0,False,20260904-COLQUISIRI-XRD80USS-012-B
1405,20260905,7,25,43,-1,3,A,0.0,0.0,0.0,False,20260905-COLQUISIRI-XRD80USS-012-A
1406,20260905,7,25,43,-1,3,B,0.0,0.0,0.0,False,20260905-COLQUISIRI-XRD80USS-012-B
1407,20260906,7,25,43,-1,3,A,0.0,0.0,0.0,False,20260906-COLQUISIRI-XRD80USS-012-A
1408,20260906,7,25,43,-1,3,B,0.0,0.0,0.0,False,20260906-COLQUISIRI-XRD80USS-012-B
1409,20260907,7,25,43,-1,3,A,0.0,0.0,0.0,False,20260907-COLQUISIRI-XRD80USS-012-A
1410,20260907,7,25,43,-1,3,B,0.0,0.0,0.0,False,20260907-COLQUISIRI-XRD80USS-012-B
1411,20260908,7,25,43,-1,3,A,0.0,0.0,0.0,False,20260908-COLQUISIRI-XRD80USS-012-A
1412,20260908,7,25,43,-1,3,B,0.0,0.0,0.0,False,20260908-COLQUISIRI-XRD80USS-012-B
1413,20260909,7,25,43,-1,3,A,0.0,0.0,0.0,False,20260909-COLQUISIRI-XRD80USS-012-A
1414,20260909,7,25,43,-1,3,B,0.0,0.0,0.0,False,20260909-COLQUISIRI-XRD80USS-012-B
1415,20260910,7,25,43,-1,3,A,0.0,0.0,0.0,False,20260910-COLQUISIRI-XRD80USS-012-A
1416,20260910,7,25,43,-1,3,B,0.0,0.0,0.0,False,20260910-COLQUISIRI-XRD80USS-012-B
1417,20260911,7,25,43,-1,3,A,0.0,0.0,0.0,False,20260911-COLQUISIRI-XRD80USS-012-A
1418,20260911,7,25,43,-1,3,B,0.0,0.0,0.0,False,20260911-COLQUISIRI-XRD80USS-012-B
1419,20260912,7,25,43,-1,3,A,0.0,0.0,0.0,False,20260912-COLQUISIRI-XRD80USS-012-A
1420,20260912,7,25,43,-1,3,B,0.0,0.0,0.0,False,20260912-COLQUISIRI-XRD80USS-012-B
1421,20260913,7,25,43,-1,3,A,0.0,0.0,0.0,False,20260913-COLQUISIRI-XRD80USS-012-A
1422,20260913,7,25,43,-1,3,B,0.0,0.0,0.0,False,20260913-COLQUISIRI-XRD80USS-012-B
1423,20260914,7,25,43,-1,3,A,0.0,0.0,0.0,False,20260914-COLQUISIRI-XRD80USS-012-A
1424,20260914,7,25,43,-1,3,B,0.0,0.0,0.0,False,20260914-COLQUISIRI-XRD80USS-012-B
1425,20260915,7,25,43,-1,3,A,0.0,0.0,0.0,False,20260915-COLQUISIRI-XRD80USS-012-A
1426,20260915,7,25,43,-1,3,B,0.0,0.0,0.0,False,20260915-COLQUISIRI-XRD80USS-012-B
1427,20260916,7,25,43,-1,3,A,0.0,0.0,0.0,False,20260916-COLQUISIRI-XRD80USS-012-A
1428,20260916,7,25,43,-1,3,B,0.0,0.0,0.0,False,20260916-COLQUISIRI-XRD80USS-012-B
1429,20260917,7,25,43,-1,3,A,0.0,0.0,0.0,False,20260917-COLQUISIRI-XRD80USS-012-A
1430,20260917,7,25,43,-1,3,B,0.0,0.0,0.0,False,20260917-COLQUISIRI-XRD80USS-012-B
1431,20260918,7,25,43,-1,3,A,0.0,0.0,0.0,False,20260918-COLQUISIRI-XRD80USS-012-A
1432,20260918,7,25,43,-1,3,B,0.0,0.0,0.0,False,20260918-COLQUISIRI-XRD80USS-012-B
1433,20260919,7,25,43,-1,3,A,0.0,0.0,0.0,False,20260919-COLQUISIRI-XRD80USS-012-A
1434,20260919,7,25,43,-1,3,B,0.0,0.0,0.0,False,20260919-COLQUISIRI-XRD80USS-012-B
1435,20260920,7,25,43,-1,3,A,0.0,0.0,0.0,False,20260920-COLQUISIRI-XRD80USS-012-A
1436,20260920,7,25,43,-1,3,B,0.0,0.0,0.0,False,20260920-COLQUISIRI-XRD80USS-012-B
1437,20260921,7,25,43,-1,3,A,0.0,0.0,0.0,False,20260921-COLQUISIRI-XRD80USS-012-A
1438,20260921,7,25,43,-1,3,B,0.0,0.0,0.0,False,20260921-COLQUISIRI-XRD80USS-012-B
1439,20260922,7,25,43,-1,3,A,0.0,0.0,0.0,False,20260922-COLQUISIRI-XRD80USS-012-A
1440,20260922,7,25,43,-1,3,B,0.0,0.0,0.0,False,20260922-COLQUISIRI-XRD80USS-012-B
1441,20260923,7,25,43,-1,3,A,0.0,0.0,0.0,False,20260923-COLQUISIRI-XRD80USS-012-A
1442,20260923,7,25,43,-1,3,B,0.0,0.0,0.0,False,20260923-COLQUISIRI-XRD80USS-012-B
1443,20260924,7,25,43,-1,3,A,0.0,0.0,0.0,False,20260924-COLQUISIRI-XRD80USS-012-A
1444,20260924,7,25,43,-1,3,B,0.0,0.0,0.0,False,20260924-COLQUISIRI-XRD80USS-012-B
1445,20260925,7,25,43,-1,3,A,0.0,0.0,0.0,False,20260925-COLQUISIRI-XRD80USS-012-A
1446,20260925,7,25,43,-1,3,B,0.0,0.0,0.0,False,20260925-COLQUISIRI-XRD80USS-012-B
1447,20260826,8,29,45,344,2,A,36.0,38.2,2.2,False,20260826-CONDESTABLE-XRD80ITH-001-A
1448,20260826,8,29,45,3,2,B,38.2,38.2,0.0,False,20260826-CONDESTABLE-XRD80ITH-001-B
1449,20260827,8,29,45,3,2,A,38.2,38.2,0.0,False,20260827-CONDESTABLE-XRD80ITH-001-A
1450,20260827,8,29,45,3,2,B,38.2,38.2,0.0,False,20260827-CONDESTABLE-XRD80ITH-001-B
1451,20260828,8,29,45,344,2,A,38.2,38.2,0.0,False,20260828-CONDESTABLE-XRD80ITH-001-A
1452,20260828,8,29,46,117,2,B,0.0,31.5,31.5,False,20260828-CONDESTABLE-XRD80ITH-001-B
1453,20260829,8,29,46,-1,2,A,31.5,31.5,0.0,False,20260829-CONDESTABLE-XRD80ITH-001-A
1454,20260829,8,29,46,-1,2,B,31.5,31.5,0.0,False,20260829-CONDESTABLE-XRD80ITH-001-B
1455,20260830,8,29,46,-1,2,A,31.5,31.5,0.0,False,20260830-CONDESTABLE-XRD80ITH-001-A
1456,20260830,8,29,46,-1,2,B,31.5,31.5,0.0,False,20260830-CONDESTABLE-XRD80ITH-001-B
1457,20260831,8,29,46,-1,3,A,0.0,0.0,0.0,False,20260831-CONDESTABLE-XRD80ITH-001-A
1458,20260831,8,29,44,-1,3,B,0.0,0.0,0.0,False,20260831-CONDESTABLE-XRD80ITH-001-B
1459,20260801,8,29,44,-1,3,A,0.0,0.0,0.0,False,20260801-CONDESTABLE-XRD80ITH-001-A
1460,20260801,8,29,44,-1,3,B,0.0,0.0,0.0,False,20260801-CONDESTABLE-XRD80ITH-001-B
1461,20260802,8,29,44,-1,3,A,0.0,0.0,0.0,False,20260802-CONDESTABLE-XRD80ITH-001-A
1462,20260802,8,29,44,-1,3,B,0.0,0.0,0.0,False,20260802-CONDESTABLE-XRD80ITH-001-B
1463,20260803,8,29,44,-1,3,A,0.0,0.0,0.0,False,20260803-CONDESTABLE-XRD80ITH-001-A
1464,20260803,8,29,44,-1,3,B,0.0,0.0,0.0,False,20260803-CONDESTABLE-XRD80ITH-001-B
1465,20260804,8,29,44,-1,3,A,0.0,0.0,0.0,False,20260804-CONDESTABLE-XRD80ITH-001-A
1466,20260804,8,29,44,-1,3,B,0.0,0.0,0.0,False,20260804-CONDESTABLE-XRD80ITH-001-B
1467,20260805,8,29,44,-1,3,A,0.0,0.0,0.0,False,20260805-CONDESTABLE-XRD80ITH-001-A
1468,20260805,8,29,44,-1,3,B,0.0,0.0,0.0,False,20260805-CONDESTABLE-XRD80ITH-001-B
1469,20260806,8,29,44,-1,3,A,0.0,0.0,0.0,False,20260806-CONDESTABLE-XRD80ITH-001-A
1470,20260806,8,29,44,-1,3,B,0.0,0.0,0.0,False,20260806-CONDESTABLE-XRD80ITH-001-B
1471,20260807,8,29,44,-1,3,A,0.0,0.0,0.0,False,20260807-CONDESTABLE-XRD80ITH-001-A
1472,20260807,8,29,44,-1,3,B,0.0,0.0,0.0,False,20260807-CONDESTABLE-XRD80ITH-001-B
1473,20260808,8,29,44,-1,3,A,0.0,0.0,0.0,False,20260808-CONDESTABLE-XRD80ITH-001-A
1474,20260808,8,29,44,-1,3,B,0.0,0.0,0.0,False,20260808-CONDESTABLE-XRD80ITH-001-B
1475,20260809,8,29,44,-1,3,A,0.0,0.0,0.0,False,20260809-CONDESTABLE-XRD80ITH-001-A
1476,20260809,8,29,44,-1,3,B,0.0,0.0,0.0,False,20260809-CONDESTABLE-XRD80ITH-001-B
1477,20260810,8,29,44,-1,3,A,0.0,0.0,0.0,False,20260810-CONDESTABLE-XRD80ITH-001-A
1478,20260810,8,29,44,-1,3,B,0.0,0.0,0.0,False,20260810-CONDESTABLE-XRD80ITH-001-B
1479,20260811,8,29,44,-1,3,A,0.0,0.0,0.0,False,20260811-CONDESTABLE-XRD80ITH-001-A
1480,20260811,8,29,44,-1,3,B,0.0,0.0,0.0,False,20260811-CONDESTABLE-XRD80ITH-001-B
1481,20260812,8,29,44,-1,3,A,0.0,0.0,0.0,False,20260812-CONDESTABLE-XRD80ITH-001-A
1482,20260812,8,29,44,-1,3,B,0.0,0.0,0.0,False,20260812-CONDESTABLE-XRD80ITH-001-B
1483,20260813,8,29,44,-1,3,A,0.0,0.0,0.0,False,20260813-CONDESTABLE-XRD80ITH-001-A
1484,20260813,8,29,44,-1,3,B,0.0,0.0,0.0,False,20260813-CONDESTABLE-XRD80ITH-001-B
1485,20260814,8,29,44,-1,3,A,0.0,0.0,0.0,False,20260814-CONDESTABLE-XRD80ITH-001-A
1486,20260814,8,29,44,-1,3,B,0.0,0.0,0.0,False,20260814-CONDESTABLE-XRD80ITH-001-B
1487,20260815,8,29,44,-1,3,A,0.0,0.0,0.0,False,20260815-CONDESTABLE-XRD80ITH-001-A
1488,20260815,8,29,44,-1,3,B,0.0,0.0,0.0,False,20260815-CONDESTABLE-XRD80ITH-001-B
1489,20260816,8,29,44,-1,3,A,0.0,0.0,0.0,False,20260816-CONDESTABLE-XRD80ITH-001-A
1490,20260816,8,29,44,-1,3,B,0.0,0.0,0.0,False,20260816-CONDESTABLE-XRD80ITH-001-B
1491,20260817,8,29,44,-1,3,A,0.0,0.0,0.0,False,20260817-CONDESTABLE-XRD80ITH-001-A
1492,20260817,8,29,44,-1,3,B,0.0,0.0,0.0,False,20260817-CONDESTABLE-XRD80ITH-001-B
1493,20260818,8,29,44,-1,3,A,0.0,0.0,0.0,False,20260818-CONDESTABLE-XRD80ITH-001-A
1494,20260818,8,29,44,-1,3,B,0.0,0.0,0.0,False,20260818-CONDESTABLE-XRD80ITH-001-B
1495,20260819,8,29,44,-1,3,A,0.0,0.0,0.0,False,20260819-CONDESTABLE-XRD80ITH-001-A
1496,20260819,8,29,44,-1,3,B,0.0,0.0,0.0,False,20260819-CONDESTABLE-XRD80ITH-001-B
1497,20260820,8,29,44,-1,3,A,0.0,0.0,0.0,False,20260820-CONDESTABLE-XRD80ITH-001-A
1498,20260820,8,29,44,-1,3,B,0.0,0.0,0.0,False,20260820-CONDESTABLE-XRD80ITH-001-B
1499,20260821,8,29,44,-1,3,A,0.0,0.0,0.0,False,20260821-CONDESTABLE-XRD80ITH-001-A
1500,20260821,8,29,44,-1,3,B,0.0,0.0,0.0,False,20260821-CONDESTABLE-XRD80ITH-001-B
1501,20260822,8,29,44,-1,3,A,0.0,0.0,0.0,False,20260822-CONDESTABLE-XRD80ITH-001-A
1502,20260822,8,29,44,-1,3,B,0.0,0.0,0.0,False,20260822-CONDESTABLE-XRD80ITH-001-B
1503,20260823,8,29,44,-1,3,A,0.0,0.0,0.0,False,20260823-CONDESTABLE-XRD80ITH-001-A
1504,20260823,8,29,44,-1,3,B,0.0,0.0,0.0,False,20260823-CONDESTABLE-XRD80ITH-001-B
1505,20260824,8,29,44,-1,3,A,0.0,0.0,0.0,False,20260824-CONDESTABLE-XRD80ITH-001-A
1506,20260824,8,29,44,-1,3,B,0.0,0.0,0.0,False,20260824-CONDESTABLE-XRD80ITH-001-B
1507,20260825,8,29,44,-1,3,A,0.0,0.0,0.0,False,20260825-CONDESTABLE-XRD80ITH-001-A
1508,20260825,8,29,44,-1,3,B,0.0,0.0,0.0,False,20260825-CONDESTABLE-XRD80ITH-001-B
1509,20260826,8,26,50,272,1,A,91.7,103.7,12.0,False,20260826-CONDESTABLE-XLM75UFDR-002-A
1510,20260826,8,26,50,332,1,B,103.7,122.8,19.1,False,20260826-CONDESTABLE-XLM75UFDR-002-B
1511,20260827,8,26,50,62,1,A,122.8,140.6,17.8,False,20260827-CONDESTABLE-XLM75UFDR-002-A
1512,20260827,8,26,50,272,1,B,140.6,159.6,19.0,False,20260827-CONDESTABLE-XLM75UFDR-002-B
1513,20260828,8,26,50,62,1,A,159.6,171.4,11.8,False,20260828-CONDESTABLE-XLM75UFDR-002-A
1514,20260828,8,26,50,272,1,B,171.4,171.4,0.0,False,20260828-CONDESTABLE-XLM75UFDR-002-B
1515,20260829,8,26,52,62,1,A,0.0,39.1,39.1,False,20260829-CONDESTABLE-XLM75UFDR-002-A
1516,20260829,8,26,52,272,1,B,39.1,82.6,43.5,False,20260829-CONDESTABLE-XLM75UFDR-002-B
1517,20260830,8,26,52,62,1,A,82.6,109.5,26.9,False,20260830-CONDESTABLE-XLM75UFDR-002-A
1518,20260830,8,26,52,272,1,B,109.5,136.8,27.3,False,20260830-CONDESTABLE-XLM75UFDR-002-B
1519,20260831,8,26,52,-1,3,A,0.0,0.0,0.0,False,20260831-CONDESTABLE-XLM75UFDR-002-A
1520,20260831,8,26,44,-1,3,B,0.0,0.0,0.0,False,20260831-CONDESTABLE-XLM75UFDR-002-B
1521,20260801,8,26,44,-1,3,A,0.0,0.0,0.0,False,20260801-CONDESTABLE-XLM75UFDR-002-A
1522,20260801,8,26,44,-1,3,B,0.0,0.0,0.0,False,20260801-CONDESTABLE-XLM75UFDR-002-B
1523,20260802,8,26,44,-1,3,A,0.0,0.0,0.0,False,20260802-CONDESTABLE-XLM75UFDR-002-A
1524,20260802,8,26,44,-1,3,B,0.0,0.0,0.0,False,20260802-CONDESTABLE-XLM75UFDR-002-B
1525,20260803,8,26,44,-1,3,A,0.0,0.0,0.0,False,20260803-CONDESTABLE-XLM75UFDR-002-A
1526,20260803,8,26,44,-1,3,B,0.0,0.0,0.0,False,20260803-CONDESTABLE-XLM75UFDR-002-B
1527,20260804,8,26,44,-1,3,A,0.0,0.0,0.0,False,20260804-CONDESTABLE-XLM75UFDR-002-A
1528,20260804,8,26,44,-1,3,B,0.0,0.0,0.0,False,20260804-CONDESTABLE-XLM75UFDR-002-B
1529,20260805,8,26,44,-1,3,A,0.0,0.0,0.0,False,20260805-CONDESTABLE-XLM75UFDR-002-A
1530,20260805,8,26,44,-1,3,B,0.0,0.0,0.0,False,20260805-CONDESTABLE-XLM75UFDR-002-B
1531,20260806,8,26,44,-1,3,A,0.0,0.0,0.0,False,20260806-CONDESTABLE-XLM75UFDR-002-A
1532,20260806,8,26,44,-1,3,B,0.0,0.0,0.0,False,20260806-CONDESTABLE-XLM75UFDR-002-B
1533,20260807,8,26,44,-1,3,A,0.0,0.0,0.0,False,20260807-CONDESTABLE-XLM75UFDR-002-A
1534,20260807,8,26,44,-1,3,B,0.0,0.0,0.0,False,20260807-CONDESTABLE-XLM75UFDR-002-B
1535,20260808,8,26,44,-1,3,A,0.0,0.0,0.0,False,20260808-CONDESTABLE-XLM75UFDR-002-A
1536,20260808,8,26,44,-1,3,B,0.0,0.0,0.0,False,20260808-CONDESTABLE-XLM75UFDR-002-B
1537,20260809,8,26,44,-1,3,A,0.0,0.0,0.0,False,20260809-CONDESTABLE-XLM75UFDR-002-A
1538,20260809,8,26,44,-1,3,B,0.0,0.0,0.0,False,20260809-CONDESTABLE-XLM75UFDR-002-B
1539,20260810,8,26,44,-1,3,A,0.0,0.0,0.0,False,20260810-CONDESTABLE-XLM75UFDR-002-A
1540,20260810,8,26,44,-1,3,B,0.0,0.0,0.0,False,20260810-CONDESTABLE-XLM75UFDR-002-B
1541,20260811,8,26,44,-1,3,A,0.0,0.0,0.0,False,20260811-CONDESTABLE-XLM75UFDR-002-A
1542,20260811,8,26,44,-1,3,B,0.0,0.0,0.0,False,20260811-CONDESTABLE-XLM75UFDR-002-B
1543,20260812,8,26,44,-1,3,A,0.0,0.0,0.0,False,20260812-CONDESTABLE-XLM75UFDR-002-A
1544,20260812,8,26,44,-1,3,B,0.0,0.0,0.0,False,20260812-CONDESTABLE-XLM75UFDR-002-B
1545,20260813,8,26,44,-1,3,A,0.0,0.0,0.0,False,20260813-CONDESTABLE-XLM75UFDR-002-A
1546,20260813,8,26,44,-1,3,B,0.0,0.0,0.0,False,20260813-CONDESTABLE-XLM75UFDR-002-B
1547,20260814,8,26,44,-1,3,A,0.0,0.0,0.0,False,20260814-CONDESTABLE-XLM75UFDR-002-A
1548,20260814,8,26,44,-1,3,B,0.0,0.0,0.0,False,20260814-CONDESTABLE-XLM75UFDR-002-B
1549,20260815,8,26,44,-1,3,A,0.0,0.0,0.0,False,20260815-CONDESTABLE-XLM75UFDR-002-A
1550,20260815,8,26,44,-1,3,B,0.0,0.0,0.0,False,20260815-CONDESTABLE-XLM75UFDR-002-B
1551,20260816,8,26,44,-1,3,A,0.0,0.0,0.0,False,20260816-CONDESTABLE-XLM75UFDR-002-A
1552,20260816,8,26,44,-1,3,B,0.0,0.0,0.0,False,20260816-CONDESTABLE-XLM75UFDR-002-B
1553,20260817,8,26,44,-1,3,A,0.0,0.0,0.0,False,20260817-CONDESTABLE-XLM75UFDR-002-A
1554,20260817,8,26,44,-1,3,B,0.0,0.0,0.0,False,20260817-CONDESTABLE-XLM75UFDR-002-B
1555,20260818,8,26,44,-1,3,A,0.0,0.0,0.0,False,20260818-CONDESTABLE-XLM75UFDR-002-A
1556,20260818,8,26,44,-1,3,B,0.0,0.0,0.0,False,20260818-CONDESTABLE-XLM75UFDR-002-B
1557,20260819,8,26,44,-1,3,A,0.0,0.0,0.0,False,20260819-CONDESTABLE-XLM75UFDR-002-A
1558,20260819,8,26,44,-1,3,B,0.0,0.0,0.0,False,20260819-CONDESTABLE-XLM75UFDR-002-B
1559,20260820,8,26,44,-1,3,A,0.0,0.0,0.0,False,20260820-CONDESTABLE-XLM75UFDR-002-A
1560,20260820,8,26,44,-1,3,B,0.0,0.0,0.0,False,20260820-CONDESTABLE-XLM75UFDR-002-B
1561,20260821,8,26,44,-1,3,A,0.0,0.0,0.0,False,20260821-CONDESTABLE-XLM75UFDR-002-A
1562,20260821,8,26,44,-1,3,B,0.0,0.0,0.0,False,20260821-CONDESTABLE-XLM75UFDR-002-B
1563,20260822,8,26,44,-1,3,A,0.0,0.0,0.0,False,20260822-CONDESTABLE-XLM75UFDR-002-A
1564,20260822,8,26,44,-1,3,B,0.0,0.0,0.0,False,20260822-CONDESTABLE-XLM75UFDR-002-B
1565,20260823,8,26,44,-1,3,A,0.0,0.0,0.0,False,20260823-CONDESTABLE-XLM75UFDR-002-A
1566,20260823,8,26,44,-1,3,B,0.0,0.0,0.0,False,20260823-CONDESTABLE-XLM75UFDR-002-B
1567,20260824,8,26,44,-1,3,A,0.0,0.0,0.0,False,20260824-CONDESTABLE-XLM75UFDR-002-A
1568,20260824,8,26,44,-1,3,B,0.0,0.0,0.0,False,20260824-CONDESTABLE-XLM75UFDR-002-B
1569,20260825,8,26,44,-1,3,A,0.0,0.0,0.0,False,20260825-CONDESTABLE-XLM75UFDR-002-A
1570,20260825,8,26,44,-1,3,B,0.0,0.0,0.0,False,20260825-CONDESTABLE-XLM75UFDR-002-B
1571,20260826,8,27,47,122,4,A,127.2,135.9,8.7,False,20260826-CONDESTABLE-XLM75UFDR-004-A
1572,20260826,8,27,47,369,4,B,135.9,150.0,14.1,False,20260826-CONDESTABLE-XLM75UFDR-004-B
1573,20260827,8,27,47,189,4,A,150.0,150.0,0.0,False,20260827-CONDESTABLE-XLM75UFDR-004-A
1574,20260827,8,27,48,122,4,B,0.0,25.5,25.5,False,20260827-CONDESTABLE-XLM75UFDR-004-B
1575,20260828,8,27,48,189,4,A,25.5,53.8,28.3,False,20260828-CONDESTABLE-XLM75UFDR-004-A
1576,20260828,8,27,48,122,4,B,53.8,82.5,28.7,False,20260828-CONDESTABLE-XLM75UFDR-004-B
1577,20260829,8,27,48,189,4,A,82.5,90.9,8.4,False,20260829-CONDESTABLE-XLM75UFDR-004-A
1578,20260829,8,27,48,122,4,B,90.9,101.7,10.8,False,20260829-CONDESTABLE-XLM75UFDR-004-B
1579,20260830,8,27,48,189,4,A,101.7,114.9,13.2,False,20260830-CONDESTABLE-XLM75UFDR-004-A
1580,20260830,8,27,48,122,4,B,114.9,122.0,7.1,False,20260830-CONDESTABLE-XLM75UFDR-004-B
1581,20260831,8,27,48,-1,3,A,0.0,0.0,0.0,False,20260831-CONDESTABLE-XLM75UFDR-004-A
1582,20260831,8,27,44,-1,3,B,0.0,0.0,0.0,False,20260831-CONDESTABLE-XLM75UFDR-004-B
1583,20260801,8,27,44,-1,3,A,0.0,0.0,0.0,False,20260801-CONDESTABLE-XLM75UFDR-004-A
1584,20260801,8,27,44,-1,3,B,0.0,0.0,0.0,False,20260801-CONDESTABLE-XLM75UFDR-004-B
1585,20260802,8,27,44,-1,3,A,0.0,0.0,0.0,False,20260802-CONDESTABLE-XLM75UFDR-004-A
1586,20260802,8,27,44,-1,3,B,0.0,0.0,0.0,False,20260802-CONDESTABLE-XLM75UFDR-004-B
1587,20260803,8,27,44,-1,3,A,0.0,0.0,0.0,False,20260803-CONDESTABLE-XLM75UFDR-004-A
1588,20260803,8,27,44,-1,3,B,0.0,0.0,0.0,False,20260803-CONDESTABLE-XLM75UFDR-004-B
1589,20260804,8,27,44,-1,3,A,0.0,0.0,0.0,False,20260804-CONDESTABLE-XLM75UFDR-004-A
1590,20260804,8,27,44,-1,3,B,0.0,0.0,0.0,False,20260804-CONDESTABLE-XLM75UFDR-004-B
1591,20260805,8,27,44,-1,3,A,0.0,0.0,0.0,False,20260805-CONDESTABLE-XLM75UFDR-004-A
1592,20260805,8,27,44,-1,3,B,0.0,0.0,0.0,False,20260805-CONDESTABLE-XLM75UFDR-004-B
1593,20260806,8,27,44,-1,3,A,0.0,0.0,0.0,False,20260806-CONDESTABLE-XLM75UFDR-004-A
1594,20260806,8,27,44,-1,3,B,0.0,0.0,0.0,False,20260806-CONDESTABLE-XLM75UFDR-004-B
1595,20260807,8,27,44,-1,3,A,0.0,0.0,0.0,False,20260807-CONDESTABLE-XLM75UFDR-004-A
1596,20260807,8,27,44,-1,3,B,0.0,0.0,0.0,False,20260807-CONDESTABLE-XLM75UFDR-004-B
1597,20260808,8,27,44,-1,3,A,0.0,0.0,0.0,False,20260808-CONDESTABLE-XLM75UFDR-004-A
1598,20260808,8,27,44,-1,3,B,0.0,0.0,0.0,False,20260808-CONDESTABLE-XLM75UFDR-004-B
1599,20260809,8,27,44,-1,3,A,0.0,0.0,0.0,False,20260809-CONDESTABLE-XLM75UFDR-004-A
1600,20260809,8,27,44,-1,3,B,0.0,0.0,0.0,False,20260809-CONDESTABLE-XLM75UFDR-004-B
1601,20260810,8,27,44,-1,3,A,0.0,0.0,0.0,False,20260810-CONDESTABLE-XLM75UFDR-004-A
1602,20260810,8,27,44,-1,3,B,0.0,0.0,0.0,False,20260810-CONDESTABLE-XLM75UFDR-004-B
1603,20260811,8,27,44,-1,3,A,0.0,0.0,0.0,False,20260811-CONDESTABLE-XLM75UFDR-004-A
1604,20260811,8,27,44,-1,3,B,0.0,0.0,0.0,False,20260811-CONDESTABLE-XLM75UFDR-004-B
1605,20260812,8,27,44,-1,3,A,0.0,0.0,0.0,False,20260812-CONDESTABLE-XLM75UFDR-004-A
1606,20260812,8,27,44,-1,3,B,0.0,0.0,0.0,False,20260812-CONDESTABLE-XLM75UFDR-004-B
1607,20260813,8,27,44,-1,3,A,0.0,0.0,0.0,False,20260813-CONDESTABLE-XLM75UFDR-004-A
1608,20260813,8,27,44,-1,3,B,0.0,0.0,0.0,False,20260813-CONDESTABLE-XLM75UFDR-004-B
1609,20260814,8,27,44,-1,3,A,0.0,0.0,0.0,False,20260814-CONDESTABLE-XLM75UFDR-004-A
1610,20260814,8,27,44,-1,3,B,0.0,0.0,0.0,False,20260814-CONDESTABLE-XLM75UFDR-004-B
1611,20260815,8,27,44,-1,3,A,0.0,0.0,0.0,False,20260815-CONDESTABLE-XLM75UFDR-004-A
1612,20260815,8,27,44,-1,3,B,0.0,0.0,0.0,False,20260815-CONDESTABLE-XLM75UFDR-004-B
1613,20260816,8,27,44,-1,3,A,0.0,0.0,0.0,False,20260816-CONDESTABLE-XLM75UFDR-004-A
1614,20260816,8,27,44,-1,3,B,0.0,0.0,0.0,False,20260816-CONDESTABLE-XLM75UFDR-004-B
1615,20260817,8,27,44,-1,3,A,0.0,0.0,0.0,False,20260817-CONDESTABLE-XLM75UFDR-004-A
1616,20260817,8,27,44,-1,3,B,0.0,0.0,0.0,False,20260817-CONDESTABLE-XLM75UFDR-004-B
1617,20260818,8,27,44,-1,3,A,0.0,0.0,0.0,False,20260818-CONDESTABLE-XLM75UFDR-004-A
1618,20260818,8,27,44,-1,3,B,0.0,0.0,0.0,False,20260818-CONDESTABLE-XLM75UFDR-004-B
1619,20260819,8,27,44,-1,3,A,0.0,0.0,0.0,False,20260819-CONDESTABLE-XLM75UFDR-004-A
1620,20260819,8,27,44,-1,3,B,0.0,0.0,0.0,False,20260819-CONDESTABLE-XLM75UFDR-004-B
1621,20260820,8,27,44,-1,3,A,0.0,0.0,0.0,False,20260820-CONDESTABLE-XLM75UFDR-004-A
1622,20260820,8,27,44,-1,3,B,0.0,0.0,0.0,False,20260820-CONDESTABLE-XLM75UFDR-004-B
1623,20260821,8,27,44,-1,3,A,0.0,0.0,0.0,False,20260821-CONDESTABLE-XLM75UFDR-004-A
1624,20260821,8,27,44,-1,3,B,0.0,0.0,0.0,False,20260821-CONDESTABLE-XLM75UFDR-004-B
1625,20260822,8,27,44,-1,3,A,0.0,0.0,0.0,False,20260822-CONDESTABLE-XLM75UFDR-004-A
1626,20260822,8,27,44,-1,3,B,0.0,0.0,0.0,False,20260822-CONDESTABLE-XLM75UFDR-004-B
1627,20260823,8,27,44,-1,3,A,0.0,0.0,0.0,False,20260823-CONDESTABLE-XLM75UFDR-004-A
1628,20260823,8,27,44,-1,3,B,0.0,0.0,0.0,False,20260823-CONDESTABLE-XLM75UFDR-004-B
1629,20260824,8,27,44,-1,3,A,0.0,0.0,0.0,False,20260824-CONDESTABLE-XLM75UFDR-004-A
1630,20260824,8,27,44,-1,3,B,0.0,0.0,0.0,False,20260824-CONDESTABLE-XLM75UFDR-004-B
1631,20260825,8,27,44,-1,3,A,0.0,0.0,0.0,False,20260825-CONDESTABLE-XLM75UFDR-004-A
1632,20260825,8,27,44,-1,3,B,0.0,0.0,0.0,False,20260825-CONDESTABLE-XLM75UFDR-004-B
1633,20260826,8,28,49,292,2,A,321.0,321.0,0.0,False,20260826-CONDESTABLE-XRD150USS-003-A
1634,20260826,8,28,49,143,2,B,321.0,321.0,0.0,False,20260826-CONDESTABLE-XRD150USS-003-B
1635,20260827,8,28,51,315,2,A,0.0,0.7,0.7,False,20260827-CONDESTABLE-XRD150USS-003-A
1636,20260827,8,28,51,292,2,B,0.7,23.1,22.4,False,20260827-CONDESTABLE-XRD150USS-003-B
1637,20260828,8,28,51,315,2,A,23.1,36.0,12.9,False,20260828-CONDESTABLE-XRD150USS-003-A
1638,20260828,8,28,51,292,2,B,36.0,56.3,20.3,False,20260828-CONDESTABLE-XRD150USS-003-B
1639,20260829,8,28,51,315,2,A,56.3,65.0,8.7,False,20260829-CONDESTABLE-XRD150USS-003-A
1640,20260829,8,28,51,292,2,B,65.0,74.4,9.4,False,20260829-CONDESTABLE-XRD150USS-003-B
1641,20260830,8,28,51,315,2,A,74.4,83.4,9.0,False,20260830-CONDESTABLE-XRD150USS-003-A
1642,20260830,8,28,51,292,2,B,83.4,84.0,0.6,False,20260830-CONDESTABLE-XRD150USS-003-B
1643,20260831,8,28,51,-1,3,A,0.0,0.0,0.0,False,20260831-CONDESTABLE-XRD150USS-003-A
1644,20260831,8,28,44,-1,3,B,0.0,0.0,0.0,False,20260831-CONDESTABLE-XRD150USS-003-B
1645,20260801,8,28,44,-1,3,A,0.0,0.0,0.0,False,20260801-CONDESTABLE-XRD150USS-003-A
1646,20260801,8,28,44,-1,3,B,0.0,0.0,0.0,False,20260801-CONDESTABLE-XRD150USS-003-B
1647,20260802,8,28,44,-1,3,A,0.0,0.0,0.0,False,20260802-CONDESTABLE-XRD150USS-003-A
1648,20260802,8,28,44,-1,3,B,0.0,0.0,0.0,False,20260802-CONDESTABLE-XRD150USS-003-B
1649,20260803,8,28,44,-1,3,A,0.0,0.0,0.0,False,20260803-CONDESTABLE-XRD150USS-003-A
1650,20260803,8,28,44,-1,3,B,0.0,0.0,0.0,False,20260803-CONDESTABLE-XRD150USS-003-B
1651,20260804,8,28,44,-1,3,A,0.0,0.0,0.0,False,20260804-CONDESTABLE-XRD150USS-003-A
1652,20260804,8,28,44,-1,3,B,0.0,0.0,0.0,False,20260804-CONDESTABLE-XRD150USS-003-B
1653,20260805,8,28,44,-1,3,A,0.0,0.0,0.0,False,20260805-CONDESTABLE-XRD150USS-003-A
1654,20260805,8,28,44,-1,3,B,0.0,0.0,0.0,False,20260805-CONDESTABLE-XRD150USS-003-B
1655,20260806,8,28,44,-1,3,A,0.0,0.0,0.0,False,20260806-CONDESTABLE-XRD150USS-003-A
1656,20260806,8,28,44,-1,3,B,0.0,0.0,0.0,False,20260806-CONDESTABLE-XRD150USS-003-B
1657,20260807,8,28,44,-1,3,A,0.0,0.0,0.0,False,20260807-CONDESTABLE-XRD150USS-003-A
1658,20260807,8,28,44,-1,3,B,0.0,0.0,0.0,False,20260807-CONDESTABLE-XRD150USS-003-B
1659,20260808,8,28,44,-1,3,A,0.0,0.0,0.0,False,20260808-CONDESTABLE-XRD150USS-003-A
1660,20260808,8,28,44,-1,3,B,0.0,0.0,0.0,False,20260808-CONDESTABLE-XRD150USS-003-B
1661,20260809,8,28,44,-1,3,A,0.0,0.0,0.0,False,20260809-CONDESTABLE-XRD150USS-003-A
1662,20260809,8,28,44,-1,3,B,0.0,0.0,0.0,False,20260809-CONDESTABLE-XRD150USS-003-B
1663,20260810,8,28,44,-1,3,A,0.0,0.0,0.0,False,20260810-CONDESTABLE-XRD150USS-003-A
1664,20260810,8,28,44,-1,3,B,0.0,0.0,0.0,False,20260810-CONDESTABLE-XRD150USS-003-B
1665,20260811,8,28,44,-1,3,A,0.0,0.0,0.0,False,20260811-CONDESTABLE-XRD150USS-003-A
1666,20260811,8,28,44,-1,3,B,0.0,0.0,0.0,False,20260811-CONDESTABLE-XRD150USS-003-B
1667,20260812,8,28,44,-1,3,A,0.0,0.0,0.0,False,20260812-CONDESTABLE-XRD150USS-003-A
1668,20260812,8,28,44,-1,3,B,0.0,0.0,0.0,False,20260812-CONDESTABLE-XRD150USS-003-B
1669,20260813,8,28,44,-1,3,A,0.0,0.0,0.0,False,20260813-CONDESTABLE-XRD150USS-003-A
1670,20260813,8,28,44,-1,3,B,0.0,0.0,0.0,False,20260813-CONDESTABLE-XRD150USS-003-B
1671,20260814,8,28,44,-1,3,A,0.0,0.0,0.0,False,20260814-CONDESTABLE-XRD150USS-003-A
1672,20260814,8,28,44,-1,3,B,0.0,0.0,0.0,False,20260814-CONDESTABLE-XRD150USS-003-B
1673,20260815,8,28,44,-1,3,A,0.0,0.0,0.0,False,20260815-CONDESTABLE-XRD150USS-003-A
1674,20260815,8,28,44,-1,3,B,0.0,0.0,0.0,False,20260815-CONDESTABLE-XRD150USS-003-B
1675,20260816,8,28,44,-1,3,A,0.0,0.0,0.0,False,20260816-CONDESTABLE-XRD150USS-003-A
1676,20260816,8,28,44,-1,3,B,0.0,0.0,0.0,False,20260816-CONDESTABLE-XRD150USS-003-B
1677,20260817,8,28,44,-1,3,A,0.0,0.0,0.0,False,20260817-CONDESTABLE-XRD150USS-003-A
1678,20260817,8,28,44,-1,3,B,0.0,0.0,0.0,False,20260817-CONDESTABLE-XRD150USS-003-B
1679,20260818,8,28,44,-1,3,A,0.0,0.0,0.0,False,20260818-CONDESTABLE-XRD150USS-003-A
1680,20260818,8,28,44,-1,3,B,0.0,0.0,0.0,False,20260818-CONDESTABLE-XRD150USS-003-B
1681,20260819,8,28,44,-1,3,A,0.0,0.0,0.0,False,20260819-CONDESTABLE-XRD150USS-003-A
1682,20260819,8,28,44,-1,3,B,0.0,0.0,0.0,False,20260819-CONDESTABLE-XRD150USS-003-B
1683,20260820,8,28,44,-1,3,A,0.0,0.0,0.0,False,20260820-CONDESTABLE-XRD150USS-003-A
1684,20260820,8,28,44,-1,3,B,0.0,0.0,0.0,False,20260820-CONDESTABLE-XRD150USS-003-B
1685,20260821,8,28,44,-1,3,A,0.0,0.0,0.0,False,20260821-CONDESTABLE-XRD150USS-003-A
1686,20260821,8,28,44,-1,3,B,0.0,0.0,0.0,False,20260821-CONDESTABLE-XRD150USS-003-B
1687,20260822,8,28,44,-1,3,A,0.0,0.0,0.0,False,20260822-CONDESTABLE-XRD150USS-003-A
1688,20260822,8,28,44,-1,3,B,0.0,0.0,0.0,False,20260822-CONDESTABLE-XRD150USS-003-B
1689,20260823,8,28,44,-1,3,A,0.0,0.0,0.0,False,20260823-CONDESTABLE-XRD150USS-003-A
1690,20260823,8,28,44,-1,3,B,0.0,0.0,0.0,False,20260823-CONDESTABLE-XRD150USS-003-B
1691,20260824,8,28,44,-1,3,A,0.0,0.0,0.0,False,20260824-CONDESTABLE-XRD150USS-003-A
1692,20260824,8,28,44,-1,3,B,0.0,0.0,0.0,False,20260824-CONDESTABLE-XRD150USS-003-B
1693,20260825,8,28,44,-1,3,A,0.0,0.0,0.0,False,20260825-CONDESTABLE-XRD150USS-003-A
1694,20260825,8,28,44,-1,3,B,0.0,0.0,0.0,False,20260825-CONDESTABLE-XRD150USS-003-B
1695,20260826,9,30,53,255,2,A,0.0,0.0,0.0,False,20260826-CUCULI-XRD100ST-001-A
1696,20260826,9,30,53,221,2,B,0.0,0.0,0.0,False,20260826-CUCULI-XRD100ST-001-B
1697,20260827,9,30,53,221,2,A,0.0,0.0,0.0,False,20260827-CUCULI-XRD100ST-001-A
1698,20260827,9,30,53,277,2,B,0.0,0.0,0.0,False,20260827-CUCULI-XRD100ST-001-B
1699,20260828,9,30,54,221,2,A,0.0,0.0,0.0,False,20260828-CUCULI-XRD100ST-001-A
1700,20260828,9,30,54,277,2,B,0.0,8.1,8.1,False,20260828-CUCULI-XRD100ST-001-B
1701,20260829,9,30,54,221,2,A,8.1,17.1,9.0,False,20260829-CUCULI-XRD100ST-001-A
1702,20260829,9,30,54,277,2,B,17.1,41.1,24.0,False,20260829-CUCULI-XRD100ST-001-B
1703,20260830,9,30,54,221,2,A,41.1,68.1,27.0,False,20260830-CUCULI-XRD100ST-001-A
1704,20260830,9,30,54,277,2,B,68.1,95.1,27.0,False,20260830-CUCULI-XRD100ST-001-B
1705,20260831,9,30,54,-1,3,A,0.0,0.0,0.0,False,20260831-CUCULI-XRD100ST-001-A
1706,20260831,9,30,55,-1,3,B,0.0,0.0,0.0,False,20260831-CUCULI-XRD100ST-001-B
1707,20260801,9,30,55,-1,3,A,0.0,0.0,0.0,False,20260801-CUCULI-XRD100ST-001-A
1708,20260801,9,30,55,-1,3,B,0.0,0.0,0.0,False,20260801-CUCULI-XRD100ST-001-B
1709,20260802,9,30,55,-1,3,A,0.0,0.0,0.0,False,20260802-CUCULI-XRD100ST-001-A
1710,20260802,9,30,55,-1,3,B,0.0,0.0,0.0,False,20260802-CUCULI-XRD100ST-001-B
1711,20260803,9,30,55,-1,3,A,0.0,0.0,0.0,False,20260803-CUCULI-XRD100ST-001-A
1712,20260803,9,30,55,-1,3,B,0.0,0.0,0.0,False,20260803-CUCULI-XRD100ST-001-B
1713,20260804,9,30,55,-1,3,A,0.0,0.0,0.0,False,20260804-CUCULI-XRD100ST-001-A
1714,20260804,9,30,55,-1,3,B,0.0,0.0,0.0,False,20260804-CUCULI-XRD100ST-001-B
1715,20260805,9,30,55,-1,3,A,0.0,0.0,0.0,False,20260805-CUCULI-XRD100ST-001-A
1716,20260805,9,30,55,-1,3,B,0.0,0.0,0.0,False,20260805-CUCULI-XRD100ST-001-B
1717,20260806,9,30,55,-1,3,A,0.0,0.0,0.0,False,20260806-CUCULI-XRD100ST-001-A
1718,20260806,9,30,55,-1,3,B,0.0,0.0,0.0,False,20260806-CUCULI-XRD100ST-001-B
1719,20260807,9,30,55,-1,3,A,0.0,0.0,0.0,False,20260807-CUCULI-XRD100ST-001-A
1720,20260807,9,30,55,-1,3,B,0.0,0.0,0.0,False,20260807-CUCULI-XRD100ST-001-B
1721,20260808,9,30,55,-1,3,A,0.0,0.0,0.0,False,20260808-CUCULI-XRD100ST-001-A
1722,20260808,9,30,55,-1,3,B,0.0,0.0,0.0,False,20260808-CUCULI-XRD100ST-001-B
1723,20260809,9,30,55,-1,3,A,0.0,0.0,0.0,False,20260809-CUCULI-XRD100ST-001-A
1724,20260809,9,30,55,-1,3,B,0.0,0.0,0.0,False,20260809-CUCULI-XRD100ST-001-B
1725,20260810,9,30,55,-1,3,A,0.0,0.0,0.0,False,20260810-CUCULI-XRD100ST-001-A
1726,20260810,9,30,55,-1,3,B,0.0,0.0,0.0,False,20260810-CUCULI-XRD100ST-001-B
1727,20260811,9,30,55,-1,3,A,0.0,0.0,0.0,False,20260811-CUCULI-XRD100ST-001-A
1728,20260811,9,30,55,-1,3,B,0.0,0.0,0.0,False,20260811-CUCULI-XRD100ST-001-B
1729,20260812,9,30,55,-1,3,A,0.0,0.0,0.0,False,20260812-CUCULI-XRD100ST-001-A
1730,20260812,9,30,55,-1,3,B,0.0,0.0,0.0,False,20260812-CUCULI-XRD100ST-001-B
1731,20260813,9,30,55,-1,3,A,0.0,0.0,0.0,False,20260813-CUCULI-XRD100ST-001-A
1732,20260813,9,30,55,-1,3,B,0.0,0.0,0.0,False,20260813-CUCULI-XRD100ST-001-B
1733,20260814,9,30,55,-1,3,A,0.0,0.0,0.0,False,20260814-CUCULI-XRD100ST-001-A
1734,20260814,9,30,55,-1,3,B,0.0,0.0,0.0,False,20260814-CUCULI-XRD100ST-001-B
1735,20260815,9,30,55,-1,3,A,0.0,0.0,0.0,False,20260815-CUCULI-XRD100ST-001-A
1736,20260815,9,30,55,-1,3,B,0.0,0.0,0.0,False,20260815-CUCULI-XRD100ST-001-B
1737,20260816,9,30,55,-1,3,A,0.0,0.0,0.0,False,20260816-CUCULI-XRD100ST-001-A
1738,20260816,9,30,55,-1,3,B,0.0,0.0,0.0,False,20260816-CUCULI-XRD100ST-001-B
1739,20260817,9,30,55,-1,3,A,0.0,0.0,0.0,False,20260817-CUCULI-XRD100ST-001-A
1740,20260817,9,30,55,-1,3,B,0.0,0.0,0.0,False,20260817-CUCULI-XRD100ST-001-B
1741,20260818,9,30,55,-1,3,A,0.0,0.0,0.0,False,20260818-CUCULI-XRD100ST-001-A
1742,20260818,9,30,55,-1,3,B,0.0,0.0,0.0,False,20260818-CUCULI-XRD100ST-001-B
1743,20260819,9,30,55,-1,3,A,0.0,0.0,0.0,False,20260819-CUCULI-XRD100ST-001-A
1744,20260819,9,30,55,-1,3,B,0.0,0.0,0.0,False,20260819-CUCULI-XRD100ST-001-B
1745,20260820,9,30,55,-1,3,A,0.0,0.0,0.0,False,20260820-CUCULI-XRD100ST-001-A
1746,20260820,9,30,55,-1,3,B,0.0,0.0,0.0,False,20260820-CUCULI-XRD100ST-001-B
1747,20260821,9,30,55,-1,3,A,0.0,0.0,0.0,False,20260821-CUCULI-XRD100ST-001-A
1748,20260821,9,30,55,-1,3,B,0.0,0.0,0.0,False,20260821-CUCULI-XRD100ST-001-B
1749,20260822,9,30,55,-1,3,A,0.0,0.0,0.0,False,20260822-CUCULI-XRD100ST-001-A
1750,20260822,9,30,55,-1,3,B,0.0,0.0,0.0,False,20260822-CUCULI-XRD100ST-001-B
1751,20260823,9,30,55,-1,3,A,0.0,0.0,0.0,False,20260823-CUCULI-XRD100ST-001-A
1752,20260823,9,30,55,-1,3,B,0.0,0.0,0.0,False,20260823-CUCULI-XRD100ST-001-B
1753,20260824,9,30,55,-1,3,A,0.0,0.0,0.0,False,20260824-CUCULI-XRD100ST-001-A
1754,20260824,9,30,55,-1,3,B,0.0,0.0,0.0,False,20260824-CUCULI-XRD100ST-001-B
1755,20260825,9,30,55,-1,3,A,0.0,0.0,0.0,False,20260825-CUCULI-XRD100ST-001-A
1756,20260825,9,30,55,-1,3,B,0.0,0.0,0.0,False,20260825-CUCULI-XRD100ST-001-B
1757,20260826,10,35,62,23,4,A,0.0,0.0,0.0,False,20260826-INMACULADA-XRD80USS-008-A
1758,20260826,10,35,62,3,4,B,0.0,0.0,0.0,False,20260826-INMACULADA-XRD80USS-008-B
1759,20260827,10,35,62,23,4,A,0.0,0.0,0.0,False,20260827-INMACULADA-XRD80USS-008-A
1760,20260827,10,35,62,3,4,B,0.0,0.0,0.0,False,20260827-INMACULADA-XRD80USS-008-B
1761,20260828,10,35,74,381,4,A,0.0,0.0,0.0,False,20260828-INMACULADA-XRD80USS-008-A
1762,20260828,10,35,74,74,4,B,0.0,0.0,0.0,False,20260828-INMACULADA-XRD80USS-008-B
1763,20260829,10,35,74,381,4,A,0.0,2.0,2.0,False,20260829-INMACULADA-XRD80USS-008-A
1764,20260829,10,35,74,74,4,B,2.0,6.0,4.0,False,20260829-INMACULADA-XRD80USS-008-B
1765,20260830,10,35,75,398,4,A,0.0,6.0,6.0,False,20260830-INMACULADA-XRD80USS-008-A
1766,20260830,10,35,73,74,4,B,0.0,6.0,6.0,False,20260830-INMACULADA-XRD80USS-008-B
1767,20260831,10,35,73,-1,3,A,0.0,0.0,0.0,False,20260831-INMACULADA-XRD80USS-008-A
1768,20260831,10,35,61,-1,3,B,0.0,0.0,0.0,False,20260831-INMACULADA-XRD80USS-008-B
1769,20260901,10,35,61,-1,3,A,0.0,0.0,0.0,False,20260901-INMACULADA-XRD80USS-008-A
1770,20260901,10,35,61,-1,3,B,0.0,0.0,0.0,False,20260901-INMACULADA-XRD80USS-008-B
1771,20260902,10,35,61,-1,3,A,0.0,0.0,0.0,False,20260902-INMACULADA-XRD80USS-008-A
1772,20260902,10,35,61,-1,3,B,0.0,0.0,0.0,False,20260902-INMACULADA-XRD80USS-008-B
1773,20260903,10,35,61,-1,3,A,0.0,0.0,0.0,False,20260903-INMACULADA-XRD80USS-008-A
1774,20260903,10,35,61,-1,3,B,0.0,0.0,0.0,False,20260903-INMACULADA-XRD80USS-008-B
1775,20260904,10,35,61,-1,3,A,0.0,0.0,0.0,False,20260904-INMACULADA-XRD80USS-008-A
1776,20260904,10,35,61,-1,3,B,0.0,0.0,0.0,False,20260904-INMACULADA-XRD80USS-008-B
1777,20260905,10,35,61,-1,3,A,0.0,0.0,0.0,False,20260905-INMACULADA-XRD80USS-008-A
1778,20260905,10,35,61,-1,3,B,0.0,0.0,0.0,False,20260905-INMACULADA-XRD80USS-008-B
1779,20260906,10,35,61,-1,3,A,0.0,0.0,0.0,False,20260906-INMACULADA-XRD80USS-008-A
1780,20260906,10,35,61,-1,3,B,0.0,0.0,0.0,False,20260906-INMACULADA-XRD80USS-008-B
1781,20260907,10,35,61,-1,3,A,0.0,0.0,0.0,False,20260907-INMACULADA-XRD80USS-008-A
1782,20260907,10,35,61,-1,3,B,0.0,0.0,0.0,False,20260907-INMACULADA-XRD80USS-008-B
1783,20260908,10,35,61,-1,3,A,0.0,0.0,0.0,False,20260908-INMACULADA-XRD80USS-008-A
1784,20260908,10,35,61,-1,3,B,0.0,0.0,0.0,False,20260908-INMACULADA-XRD80USS-008-B
1785,20260909,10,35,61,-1,3,A,0.0,0.0,0.0,False,20260909-INMACULADA-XRD80USS-008-A
1786,20260909,10,35,61,-1,3,B,0.0,0.0,0.0,False,20260909-INMACULADA-XRD80USS-008-B
1787,20260910,10,35,61,-1,3,A,0.0,0.0,0.0,False,20260910-INMACULADA-XRD80USS-008-A
1788,20260910,10,35,61,-1,3,B,0.0,0.0,0.0,False,20260910-INMACULADA-XRD80USS-008-B
1789,20260911,10,35,61,-1,3,A,0.0,0.0,0.0,False,20260911-INMACULADA-XRD80USS-008-A
1790,20260911,10,35,61,-1,3,B,0.0,0.0,0.0,False,20260911-INMACULADA-XRD80USS-008-B
1791,20260912,10,35,61,-1,3,A,0.0,0.0,0.0,False,20260912-INMACULADA-XRD80USS-008-A
1792,20260912,10,35,61,-1,3,B,0.0,0.0,0.0,False,20260912-INMACULADA-XRD80USS-008-B
1793,20260913,10,35,61,-1,3,A,0.0,0.0,0.0,False,20260913-INMACULADA-XRD80USS-008-A
1794,20260913,10,35,61,-1,3,B,0.0,0.0,0.0,False,20260913-INMACULADA-XRD80USS-008-B
1795,20260914,10,35,61,-1,3,A,0.0,0.0,0.0,False,20260914-INMACULADA-XRD80USS-008-A
1796,20260914,10,35,61,-1,3,B,0.0,0.0,0.0,False,20260914-INMACULADA-XRD80USS-008-B
1797,20260915,10,35,61,-1,3,A,0.0,0.0,0.0,False,20260915-INMACULADA-XRD80USS-008-A
1798,20260915,10,35,61,-1,3,B,0.0,0.0,0.0,False,20260915-INMACULADA-XRD80USS-008-B
1799,20260916,10,35,61,-1,3,A,0.0,0.0,0.0,False,20260916-INMACULADA-XRD80USS-008-A
1800,20260916,10,35,61,-1,3,B,0.0,0.0,0.0,False,20260916-INMACULADA-XRD80USS-008-B
1801,20260917,10,35,61,-1,3,A,0.0,0.0,0.0,False,20260917-INMACULADA-XRD80USS-008-A
1802,20260917,10,35,61,-1,3,B,0.0,0.0,0.0,False,20260917-INMACULADA-XRD80USS-008-B
1803,20260918,10,35,61,-1,3,A,0.0,0.0,0.0,False,20260918-INMACULADA-XRD80USS-008-A
1804,20260918,10,35,61,-1,3,B,0.0,0.0,0.0,False,20260918-INMACULADA-XRD80USS-008-B
1805,20260919,10,35,61,-1,3,A,0.0,0.0,0.0,False,20260919-INMACULADA-XRD80USS-008-A
1806,20260919,10,35,61,-1,3,B,0.0,0.0,0.0,False,20260919-INMACULADA-XRD80USS-008-B
1807,20260920,10,35,61,-1,3,A,0.0,0.0,0.0,False,20260920-INMACULADA-XRD80USS-008-A
1808,20260920,10,35,61,-1,3,B,0.0,0.0,0.0,False,20260920-INMACULADA-XRD80USS-008-B
1809,20260921,10,35,61,-1,3,A,0.0,0.0,0.0,False,20260921-INMACULADA-XRD80USS-008-A
1810,20260921,10,35,61,-1,3,B,0.0,0.0,0.0,False,20260921-INMACULADA-XRD80USS-008-B
1811,20260922,10,35,61,-1,3,A,0.0,0.0,0.0,False,20260922-INMACULADA-XRD80USS-008-A
1812,20260922,10,35,61,-1,3,B,0.0,0.0,0.0,False,20260922-INMACULADA-XRD80USS-008-B
1813,20260923,10,35,61,-1,3,A,0.0,0.0,0.0,False,20260923-INMACULADA-XRD80USS-008-A
1814,20260923,10,35,61,-1,3,B,0.0,0.0,0.0,False,20260923-INMACULADA-XRD80USS-008-B
1815,20260924,10,35,61,-1,3,A,0.0,0.0,0.0,False,20260924-INMACULADA-XRD80USS-008-A
1816,20260924,10,35,61,-1,3,B,0.0,0.0,0.0,False,20260924-INMACULADA-XRD80USS-008-B
1817,20260925,10,35,61,-1,3,A,0.0,0.0,0.0,False,20260925-INMACULADA-XRD80USS-008-A
1818,20260925,10,35,61,-1,3,B,0.0,0.0,0.0,False,20260925-INMACULADA-XRD80USS-008-B
1819,20260826,10,37,58,336,2,A,327.3,341.3,14.0,False,20260826-INMACULADA-XRD90U-016-A
1820,20260826,10,37,58,409,2,B,341.3,358.5,17.2,False,20260826-INMACULADA-XRD90U-016-B
1821,20260827,10,37,58,336,2,A,358.5,370.6,12.1,False,20260827-INMACULADA-XRD90U-016-A
1822,20260827,10,37,58,409,2,B,370.6,370.6,0.0,False,20260827-INMACULADA-XRD90U-016-B
1823,20260828,10,37,58,409,2,A,370.6,370.6,0.0,False,20260828-INMACULADA-XRD90U-016-A
1824,20260828,10,37,60,354,2,B,0.0,12.0,12.0,False,20260828-INMACULADA-XRD90U-016-B
1825,20260829,10,37,60,409,2,A,12.0,41.9,29.9,False,20260829-INMACULADA-XRD90U-016-A
1826,20260829,10,37,60,354,2,B,41.9,67.6,25.7,False,20260829-INMACULADA-XRD90U-016-B
1827,20260830,10,37,60,409,2,A,67.6,71.8,4.2,False,20260830-INMACULADA-XRD90U-016-A
1828,20260830,10,37,60,354,2,B,71.8,85.7,13.9,False,20260830-INMACULADA-XRD90U-016-B
1829,20260831,10,37,60,-1,3,A,0.0,0.0,0.0,False,20260831-INMACULADA-XRD90U-016-A
1830,20260831,10,37,61,-1,3,B,0.0,0.0,0.0,False,20260831-INMACULADA-XRD90U-016-B
1831,20260901,10,37,61,-1,3,A,0.0,0.0,0.0,False,20260901-INMACULADA-XRD90U-016-A
1832,20260901,10,37,61,-1,3,B,0.0,0.0,0.0,False,20260901-INMACULADA-XRD90U-016-B
1833,20260902,10,37,61,-1,3,A,0.0,0.0,0.0,False,20260902-INMACULADA-XRD90U-016-A
1834,20260902,10,37,61,-1,3,B,0.0,0.0,0.0,False,20260902-INMACULADA-XRD90U-016-B
1835,20260903,10,37,61,-1,3,A,0.0,0.0,0.0,False,20260903-INMACULADA-XRD90U-016-A
1836,20260903,10,37,61,-1,3,B,0.0,0.0,0.0,False,20260903-INMACULADA-XRD90U-016-B
1837,20260904,10,37,61,-1,3,A,0.0,0.0,0.0,False,20260904-INMACULADA-XRD90U-016-A
1838,20260904,10,37,61,-1,3,B,0.0,0.0,0.0,False,20260904-INMACULADA-XRD90U-016-B
1839,20260905,10,37,61,-1,3,A,0.0,0.0,0.0,False,20260905-INMACULADA-XRD90U-016-A
1840,20260905,10,37,61,-1,3,B,0.0,0.0,0.0,False,20260905-INMACULADA-XRD90U-016-B
1841,20260906,10,37,61,-1,3,A,0.0,0.0,0.0,False,20260906-INMACULADA-XRD90U-016-A
1842,20260906,10,37,61,-1,3,B,0.0,0.0,0.0,False,20260906-INMACULADA-XRD90U-016-B
1843,20260907,10,37,61,-1,3,A,0.0,0.0,0.0,False,20260907-INMACULADA-XRD90U-016-A
1844,20260907,10,37,61,-1,3,B,0.0,0.0,0.0,False,20260907-INMACULADA-XRD90U-016-B
1845,20260908,10,37,61,-1,3,A,0.0,0.0,0.0,False,20260908-INMACULADA-XRD90U-016-A
1846,20260908,10,37,61,-1,3,B,0.0,0.0,0.0,False,20260908-INMACULADA-XRD90U-016-B
1847,20260909,10,37,61,-1,3,A,0.0,0.0,0.0,False,20260909-INMACULADA-XRD90U-016-A
1848,20260909,10,37,61,-1,3,B,0.0,0.0,0.0,False,20260909-INMACULADA-XRD90U-016-B
1849,20260910,10,37,61,-1,3,A,0.0,0.0,0.0,False,20260910-INMACULADA-XRD90U-016-A
1850,20260910,10,37,61,-1,3,B,0.0,0.0,0.0,False,20260910-INMACULADA-XRD90U-016-B
1851,20260911,10,37,61,-1,3,A,0.0,0.0,0.0,False,20260911-INMACULADA-XRD90U-016-A
1852,20260911,10,37,61,-1,3,B,0.0,0.0,0.0,False,20260911-INMACULADA-XRD90U-016-B
1853,20260912,10,37,61,-1,3,A,0.0,0.0,0.0,False,20260912-INMACULADA-XRD90U-016-A
1854,20260912,10,37,61,-1,3,B,0.0,0.0,0.0,False,20260912-INMACULADA-XRD90U-016-B
1855,20260913,10,37,61,-1,3,A,0.0,0.0,0.0,False,20260913-INMACULADA-XRD90U-016-A
1856,20260913,10,37,61,-1,3,B,0.0,0.0,0.0,False,20260913-INMACULADA-XRD90U-016-B
1857,20260914,10,37,61,-1,3,A,0.0,0.0,0.0,False,20260914-INMACULADA-XRD90U-016-A
1858,20260914,10,37,61,-1,3,B,0.0,0.0,0.0,False,20260914-INMACULADA-XRD90U-016-B
1859,20260915,10,37,61,-1,3,A,0.0,0.0,0.0,False,20260915-INMACULADA-XRD90U-016-A
1860,20260915,10,37,61,-1,3,B,0.0,0.0,0.0,False,20260915-INMACULADA-XRD90U-016-B
1861,20260916,10,37,61,-1,3,A,0.0,0.0,0.0,False,20260916-INMACULADA-XRD90U-016-A
1862,20260916,10,37,61,-1,3,B,0.0,0.0,0.0,False,20260916-INMACULADA-XRD90U-016-B
1863,20260917,10,37,61,-1,3,A,0.0,0.0,0.0,False,20260917-INMACULADA-XRD90U-016-A
1864,20260917,10,37,61,-1,3,B,0.0,0.0,0.0,False,20260917-INMACULADA-XRD90U-016-B
1865,20260918,10,37,61,-1,3,A,0.0,0.0,0.0,False,20260918-INMACULADA-XRD90U-016-A
1866,20260918,10,37,61,-1,3,B,0.0,0.0,0.0,False,20260918-INMACULADA-XRD90U-016-B
1867,20260919,10,37,61,-1,3,A,0.0,0.0,0.0,False,20260919-INMACULADA-XRD90U-016-A
1868,20260919,10,37,61,-1,3,B,0.0,0.0,0.0,False,20260919-INMACULADA-XRD90U-016-B
1869,20260920,10,37,61,-1,3,A,0.0,0.0,0.0,False,20260920-INMACULADA-XRD90U-016-A
1870,20260920,10,37,61,-1,3,B,0.0,0.0,0.0,False,20260920-INMACULADA-XRD90U-016-B
1871,20260921,10,37,61,-1,3,A,0.0,0.0,0.0,False,20260921-INMACULADA-XRD90U-016-A
1872,20260921,10,37,61,-1,3,B,0.0,0.0,0.0,False,20260921-INMACULADA-XRD90U-016-B
1873,20260922,10,37,61,-1,3,A,0.0,0.0,0.0,False,20260922-INMACULADA-XRD90U-016-A
1874,20260922,10,37,61,-1,3,B,0.0,0.0,0.0,False,20260922-INMACULADA-XRD90U-016-B
1875,20260923,10,37,61,-1,3,A,0.0,0.0,0.0,False,20260923-INMACULADA-XRD90U-016-A
1876,20260923,10,37,61,-1,3,B,0.0,0.0,0.0,False,20260923-INMACULADA-XRD90U-016-B
1877,20260924,10,37,61,-1,3,A,0.0,0.0,0.0,False,20260924-INMACULADA-XRD90U-016-A
1878,20260924,10,37,61,-1,3,B,0.0,0.0,0.0,False,20260924-INMACULADA-XRD90U-016-B
1879,20260925,10,37,61,-1,3,A,0.0,0.0,0.0,False,20260925-INMACULADA-XRD90U-016-A
1880,20260925,10,37,61,-1,3,B,0.0,0.0,0.0,False,20260925-INMACULADA-XRD90U-016-B
1881,20260826,10,32,59,310,2,A,235.5,249.3,13.8,False,20260826-INMACULADA-XRD150U-003-A
1882,20260826,10,32,59,380,2,B,249.3,255.3,6.0,False,20260826-INMACULADA-XRD150U-003-B
1883,20260827,10,32,59,310,2,A,255.3,265.7,10.4,False,20260827-INMACULADA-XRD150U-003-A
1884,20260827,10,32,59,380,2,B,265.7,280.4,14.7,False,20260827-INMACULADA-XRD150U-003-B
1885,20260828,10,32,59,380,2,A,280.4,286.5,6.1,False,20260828-INMACULADA-XRD150U-003-A
1886,20260828,10,32,59,157,2,B,286.5,300.0,13.5,False,20260828-INMACULADA-XRD150U-003-B
1887,20260829,10,32,59,380,2,A,300.0,316.5,16.5,False,20260829-INMACULADA-XRD150U-003-A
1888,20260829,10,32,59,157,2,B,316.5,331.5,15.0,False,20260829-INMACULADA-XRD150U-003-B
1889,20260830,10,32,59,380,2,A,331.5,343.5,12.0,False,20260830-INMACULADA-XRD150U-003-A
1890,20260830,10,32,59,157,2,B,343.5,357.0,13.5,False,20260830-INMACULADA-XRD150U-003-B
1891,20260831,10,32,59,-1,3,A,0.0,0.0,0.0,False,20260831-INMACULADA-XRD150U-003-A
1892,20260831,10,32,61,-1,3,B,0.0,0.0,0.0,False,20260831-INMACULADA-XRD150U-003-B
1893,20260901,10,32,61,-1,3,A,0.0,0.0,0.0,False,20260901-INMACULADA-XRD150U-003-A
1894,20260901,10,32,61,-1,3,B,0.0,0.0,0.0,False,20260901-INMACULADA-XRD150U-003-B
1895,20260902,10,32,61,-1,3,A,0.0,0.0,0.0,False,20260902-INMACULADA-XRD150U-003-A
1896,20260902,10,32,61,-1,3,B,0.0,0.0,0.0,False,20260902-INMACULADA-XRD150U-003-B
1897,20260903,10,32,61,-1,3,A,0.0,0.0,0.0,False,20260903-INMACULADA-XRD150U-003-A
1898,20260903,10,32,61,-1,3,B,0.0,0.0,0.0,False,20260903-INMACULADA-XRD150U-003-B
1899,20260904,10,32,61,-1,3,A,0.0,0.0,0.0,False,20260904-INMACULADA-XRD150U-003-A
1900,20260904,10,32,61,-1,3,B,0.0,0.0,0.0,False,20260904-INMACULADA-XRD150U-003-B
1901,20260905,10,32,61,-1,3,A,0.0,0.0,0.0,False,20260905-INMACULADA-XRD150U-003-A
1902,20260905,10,32,61,-1,3,B,0.0,0.0,0.0,False,20260905-INMACULADA-XRD150U-003-B
1903,20260906,10,32,61,-1,3,A,0.0,0.0,0.0,False,20260906-INMACULADA-XRD150U-003-A
1904,20260906,10,32,61,-1,3,B,0.0,0.0,0.0,False,20260906-INMACULADA-XRD150U-003-B
1905,20260907,10,32,61,-1,3,A,0.0,0.0,0.0,False,20260907-INMACULADA-XRD150U-003-A
1906,20260907,10,32,61,-1,3,B,0.0,0.0,0.0,False,20260907-INMACULADA-XRD150U-003-B
1907,20260908,10,32,61,-1,3,A,0.0,0.0,0.0,False,20260908-INMACULADA-XRD150U-003-A
1908,20260908,10,32,61,-1,3,B,0.0,0.0,0.0,False,20260908-INMACULADA-XRD150U-003-B
1909,20260909,10,32,61,-1,3,A,0.0,0.0,0.0,False,20260909-INMACULADA-XRD150U-003-A
1910,20260909,10,32,61,-1,3,B,0.0,0.0,0.0,False,20260909-INMACULADA-XRD150U-003-B
1911,20260910,10,32,61,-1,3,A,0.0,0.0,0.0,False,20260910-INMACULADA-XRD150U-003-A
1912,20260910,10,32,61,-1,3,B,0.0,0.0,0.0,False,20260910-INMACULADA-XRD150U-003-B
1913,20260911,10,32,61,-1,3,A,0.0,0.0,0.0,False,20260911-INMACULADA-XRD150U-003-A
1914,20260911,10,32,61,-1,3,B,0.0,0.0,0.0,False,20260911-INMACULADA-XRD150U-003-B
1915,20260912,10,32,61,-1,3,A,0.0,0.0,0.0,False,20260912-INMACULADA-XRD150U-003-A
1916,20260912,10,32,61,-1,3,B,0.0,0.0,0.0,False,20260912-INMACULADA-XRD150U-003-B
1917,20260913,10,32,61,-1,3,A,0.0,0.0,0.0,False,20260913-INMACULADA-XRD150U-003-A
1918,20260913,10,32,61,-1,3,B,0.0,0.0,0.0,False,20260913-INMACULADA-XRD150U-003-B
1919,20260914,10,32,61,-1,3,A,0.0,0.0,0.0,False,20260914-INMACULADA-XRD150U-003-A
1920,20260914,10,32,61,-1,3,B,0.0,0.0,0.0,False,20260914-INMACULADA-XRD150U-003-B
1921,20260915,10,32,61,-1,3,A,0.0,0.0,0.0,False,20260915-INMACULADA-XRD150U-003-A
1922,20260915,10,32,61,-1,3,B,0.0,0.0,0.0,False,20260915-INMACULADA-XRD150U-003-B
1923,20260916,10,32,61,-1,3,A,0.0,0.0,0.0,False,20260916-INMACULADA-XRD150U-003-A
1924,20260916,10,32,61,-1,3,B,0.0,0.0,0.0,False,20260916-INMACULADA-XRD150U-003-B
1925,20260917,10,32,61,-1,3,A,0.0,0.0,0.0,False,20260917-INMACULADA-XRD150U-003-A
1926,20260917,10,32,61,-1,3,B,0.0,0.0,0.0,False,20260917-INMACULADA-XRD150U-003-B
1927,20260918,10,32,61,-1,3,A,0.0,0.0,0.0,False,20260918-INMACULADA-XRD150U-003-A
1928,20260918,10,32,61,-1,3,B,0.0,0.0,0.0,False,20260918-INMACULADA-XRD150U-003-B
1929,20260919,10,32,61,-1,3,A,0.0,0.0,0.0,False,20260919-INMACULADA-XRD150U-003-A
1930,20260919,10,32,61,-1,3,B,0.0,0.0,0.0,False,20260919-INMACULADA-XRD150U-003-B
1931,20260920,10,32,61,-1,3,A,0.0,0.0,0.0,False,20260920-INMACULADA-XRD150U-003-A
1932,20260920,10,32,61,-1,3,B,0.0,0.0,0.0,False,20260920-INMACULADA-XRD150U-003-B
1933,20260921,10,32,61,-1,3,A,0.0,0.0,0.0,False,20260921-INMACULADA-XRD150U-003-A
1934,20260921,10,32,61,-1,3,B,0.0,0.0,0.0,False,20260921-INMACULADA-XRD150U-003-B
1935,20260922,10,32,61,-1,3,A,0.0,0.0,0.0,False,20260922-INMACULADA-XRD150U-003-A
1936,20260922,10,32,61,-1,3,B,0.0,0.0,0.0,False,20260922-INMACULADA-XRD150U-003-B
1937,20260923,10,32,61,-1,3,A,0.0,0.0,0.0,False,20260923-INMACULADA-XRD150U-003-A
1938,20260923,10,32,61,-1,3,B,0.0,0.0,0.0,False,20260923-INMACULADA-XRD150U-003-B
1939,20260924,10,32,61,-1,3,A,0.0,0.0,0.0,False,20260924-INMACULADA-XRD150U-003-A
1940,20260924,10,32,61,-1,3,B,0.0,0.0,0.0,False,20260924-INMACULADA-XRD150U-003-B
1941,20260925,10,32,61,-1,3,A,0.0,0.0,0.0,False,20260925-INMACULADA-XRD150U-003-A
1942,20260925,10,32,61,-1,3,B,0.0,0.0,0.0,False,20260925-INMACULADA-XRD150U-003-B
1943,20260826,10,31,63,239,4,A,0.0,0.0,0.0,False,20260826-INMACULADA-XLM75UFDR-001-A
1944,20260826,10,31,63,3,4,B,0.0,0.0,0.0,False,20260826-INMACULADA-XLM75UFDR-001-B
1945,20260827,10,31,63,239,4,A,0.0,0.0,0.0,False,20260827-INMACULADA-XLM75UFDR-001-A
1946,20260827,10,31,64,129,4,B,0.0,15.9,15.9,False,20260827-INMACULADA-XLM75UFDR-001-B
1947,20260828,10,31,64,129,4,A,15.9,20.7,4.8,False,20260828-INMACULADA-XLM75UFDR-001-A
1948,20260828,10,31,64,138,4,B,20.7,39.6,18.9,False,20260828-INMACULADA-XLM75UFDR-001-B
1949,20260829,10,31,64,129,4,A,39.6,39.6,0.0,False,20260829-INMACULADA-XLM75UFDR-001-A
1950,20260829,10,31,64,138,4,B,39.6,39.6,0.0,False,20260829-INMACULADA-XLM75UFDR-001-B
1951,20260830,10,31,64,129,4,A,39.6,41.4,1.8,False,20260830-INMACULADA-XLM75UFDR-001-A
1952,20260830,10,31,64,138,4,B,41.4,42.0,0.6,False,20260830-INMACULADA-XLM75UFDR-001-B
1953,20260831,10,31,64,-1,3,A,0.0,0.0,0.0,False,20260831-INMACULADA-XLM75UFDR-001-A
1954,20260831,10,31,61,-1,3,B,0.0,0.0,0.0,False,20260831-INMACULADA-XLM75UFDR-001-B
1955,20260901,10,31,61,-1,3,A,0.0,0.0,0.0,False,20260901-INMACULADA-XLM75UFDR-001-A
1956,20260901,10,31,61,-1,3,B,0.0,0.0,0.0,False,20260901-INMACULADA-XLM75UFDR-001-B
1957,20260902,10,31,61,-1,3,A,0.0,0.0,0.0,False,20260902-INMACULADA-XLM75UFDR-001-A
1958,20260902,10,31,61,-1,3,B,0.0,0.0,0.0,False,20260902-INMACULADA-XLM75UFDR-001-B
1959,20260903,10,31,61,-1,3,A,0.0,0.0,0.0,False,20260903-INMACULADA-XLM75UFDR-001-A
1960,20260903,10,31,61,-1,3,B,0.0,0.0,0.0,False,20260903-INMACULADA-XLM75UFDR-001-B
1961,20260904,10,31,61,-1,3,A,0.0,0.0,0.0,False,20260904-INMACULADA-XLM75UFDR-001-A
1962,20260904,10,31,61,-1,3,B,0.0,0.0,0.0,False,20260904-INMACULADA-XLM75UFDR-001-B
1963,20260905,10,31,61,-1,3,A,0.0,0.0,0.0,False,20260905-INMACULADA-XLM75UFDR-001-A
1964,20260905,10,31,61,-1,3,B,0.0,0.0,0.0,False,20260905-INMACULADA-XLM75UFDR-001-B
1965,20260906,10,31,61,-1,3,A,0.0,0.0,0.0,False,20260906-INMACULADA-XLM75UFDR-001-A
1966,20260906,10,31,61,-1,3,B,0.0,0.0,0.0,False,20260906-INMACULADA-XLM75UFDR-001-B
1967,20260907,10,31,61,-1,3,A,0.0,0.0,0.0,False,20260907-INMACULADA-XLM75UFDR-001-A
1968,20260907,10,31,61,-1,3,B,0.0,0.0,0.0,False,20260907-INMACULADA-XLM75UFDR-001-B
1969,20260908,10,31,61,-1,3,A,0.0,0.0,0.0,False,20260908-INMACULADA-XLM75UFDR-001-A
1970,20260908,10,31,61,-1,3,B,0.0,0.0,0.0,False,20260908-INMACULADA-XLM75UFDR-001-B
1971,20260909,10,31,61,-1,3,A,0.0,0.0,0.0,False,20260909-INMACULADA-XLM75UFDR-001-A
1972,20260909,10,31,61,-1,3,B,0.0,0.0,0.0,False,20260909-INMACULADA-XLM75UFDR-001-B
1973,20260910,10,31,61,-1,3,A,0.0,0.0,0.0,False,20260910-INMACULADA-XLM75UFDR-001-A
1974,20260910,10,31,61,-1,3,B,0.0,0.0,0.0,False,20260910-INMACULADA-XLM75UFDR-001-B
1975,20260911,10,31,61,-1,3,A,0.0,0.0,0.0,False,20260911-INMACULADA-XLM75UFDR-001-A
1976,20260911,10,31,61,-1,3,B,0.0,0.0,0.0,False,20260911-INMACULADA-XLM75UFDR-001-B
1977,20260912,10,31,61,-1,3,A,0.0,0.0,0.0,False,20260912-INMACULADA-XLM75UFDR-001-A
1978,20260912,10,31,61,-1,3,B,0.0,0.0,0.0,False,20260912-INMACULADA-XLM75UFDR-001-B
1979,20260913,10,31,61,-1,3,A,0.0,0.0,0.0,False,20260913-INMACULADA-XLM75UFDR-001-A
1980,20260913,10,31,61,-1,3,B,0.0,0.0,0.0,False,20260913-INMACULADA-XLM75UFDR-001-B
1981,20260914,10,31,61,-1,3,A,0.0,0.0,0.0,False,20260914-INMACULADA-XLM75UFDR-001-A
1982,20260914,10,31,61,-1,3,B,0.0,0.0,0.0,False,20260914-INMACULADA-XLM75UFDR-001-B
1983,20260915,10,31,61,-1,3,A,0.0,0.0,0.0,False,20260915-INMACULADA-XLM75UFDR-001-A
1984,20260915,10,31,61,-1,3,B,0.0,0.0,0.0,False,20260915-INMACULADA-XLM75UFDR-001-B
1985,20260916,10,31,61,-1,3,A,0.0,0.0,0.0,False,20260916-INMACULADA-XLM75UFDR-001-A
1986,20260916,10,31,61,-1,3,B,0.0,0.0,0.0,False,20260916-INMACULADA-XLM75UFDR-001-B
1987,20260917,10,31,61,-1,3,A,0.0,0.0,0.0,False,20260917-INMACULADA-XLM75UFDR-001-A
1988,20260917,10,31,61,-1,3,B,0.0,0.0,0.0,False,20260917-INMACULADA-XLM75UFDR-001-B
1989,20260918,10,31,61,-1,3,A,0.0,0.0,0.0,False,20260918-INMACULADA-XLM75UFDR-001-A
1990,20260918,10,31,61,-1,3,B,0.0,0.0,0.0,False,20260918-INMACULADA-XLM75UFDR-001-B
1991,20260919,10,31,61,-1,3,A,0.0,0.0,0.0,False,20260919-INMACULADA-XLM75UFDR-001-A
1992,20260919,10,31,61,-1,3,B,0.0,0.0,0.0,False,20260919-INMACULADA-XLM75UFDR-001-B
1993,20260920,10,31,61,-1,3,A,0.0,0.0,0.0,False,20260920-INMACULADA-XLM75UFDR-001-A
1994,20260920,10,31,61,-1,3,B,0.0,0.0,0.0,False,20260920-INMACULADA-XLM75UFDR-001-B
1995,20260921,10,31,61,-1,3,A,0.0,0.0,0.0,False,20260921-INMACULADA-XLM75UFDR-001-A
1996,20260921,10,31,61,-1,3,B,0.0,0.0,0.0,False,20260921-INMACULADA-XLM75UFDR-001-B
1997,20260922,10,31,61,-1,3,A,0.0,0.0,0.0,False,20260922-INMACULADA-XLM75UFDR-001-A
1998,20260922,10,31,61,-1,3,B,0.0,0.0,0.0,False,20260922-INMACULADA-XLM75UFDR-001-B
1999,20260923,10,31,61,-1,3,A,0.0,0.0,0.0,False,20260923-INMACULADA-XLM75UFDR-001-A
2000,20260923,10,31,61,-1,3,B,0.0,0.0,0.0,False,20260923-INMACULADA-XLM75UFDR-001-B
2001,20260924,10,31,61,-1,3,A,0.0,0.0,0.0,False,20260924-INMACULADA-XLM75UFDR-001-A
2002,20260924,10,31,61,-1,3,B,0.0,0.0,0.0,False,20260924-INMACULADA-XLM75UFDR-001-B
2003,20260925,10,31,61,-1,3,A,0.0,0.0,0.0,False,20260925-INMACULADA-XLM75UFDR-001-A
2004,20260925,10,31,61,-1,3,B,0.0,0.0,0.0,False,20260925-INMACULADA-XLM75UFDR-001-B
2005,20260826,10,34,56,3,2,A,0.0,0.0,0.0,False,20260826-INMACULADA-XRD250U-001-A
2006,20260826,10,34,56,3,2,B,0.0,0.0,0.0,False,20260826-INMACULADA-XRD250U-001-B
2007,20260827,10,34,56,3,2,A,0.0,0.0,0.0,False,20260827-INMACULADA-XRD250U-001-A
2008,20260827,10,34,56,3,2,B,0.0,0.0,0.0,False,20260827-INMACULADA-XRD250U-001-B
2009,20260828,10,34,56,3,2,A,0.0,0.0,0.0,False,20260828-INMACULADA-XRD250U-001-A
2010,20260828,10,34,56,3,2,B,0.0,0.0,0.0,False,20260828-INMACULADA-XRD250U-001-B
2011,20260829,10,34,56,3,2,A,0.0,0.0,0.0,False,20260829-INMACULADA-XRD250U-001-A
2012,20260829,10,34,56,3,2,B,0.0,0.0,0.0,False,20260829-INMACULADA-XRD250U-001-B
2013,20260830,10,34,56,3,2,A,0.0,0.0,0.0,False,20260830-INMACULADA-XRD250U-001-A
2014,20260830,10,34,56,3,2,B,0.0,0.0,0.0,False,20260830-INMACULADA-XRD250U-001-B
2015,20260831,10,34,56,-1,3,A,0.0,0.0,0.0,False,20260831-INMACULADA-XRD250U-001-A
2016,20260831,10,34,61,-1,3,B,0.0,0.0,0.0,False,20260831-INMACULADA-XRD250U-001-B
2017,20260901,10,34,61,-1,3,A,0.0,0.0,0.0,False,20260901-INMACULADA-XRD250U-001-A
2018,20260901,10,34,61,-1,3,B,0.0,0.0,0.0,False,20260901-INMACULADA-XRD250U-001-B
2019,20260902,10,34,61,-1,3,A,0.0,0.0,0.0,False,20260902-INMACULADA-XRD250U-001-A
2020,20260902,10,34,61,-1,3,B,0.0,0.0,0.0,False,20260902-INMACULADA-XRD250U-001-B
2021,20260903,10,34,61,-1,3,A,0.0,0.0,0.0,False,20260903-INMACULADA-XRD250U-001-A
2022,20260903,10,34,61,-1,3,B,0.0,0.0,0.0,False,20260903-INMACULADA-XRD250U-001-B
2023,20260904,10,34,61,-1,3,A,0.0,0.0,0.0,False,20260904-INMACULADA-XRD250U-001-A
2024,20260904,10,34,61,-1,3,B,0.0,0.0,0.0,False,20260904-INMACULADA-XRD250U-001-B
2025,20260905,10,34,61,-1,3,A,0.0,0.0,0.0,False,20260905-INMACULADA-XRD250U-001-A
2026,20260905,10,34,61,-1,3,B,0.0,0.0,0.0,False,20260905-INMACULADA-XRD250U-001-B
2027,20260906,10,34,61,-1,3,A,0.0,0.0,0.0,False,20260906-INMACULADA-XRD250U-001-A
2028,20260906,10,34,61,-1,3,B,0.0,0.0,0.0,False,20260906-INMACULADA-XRD250U-001-B
2029,20260907,10,34,61,-1,3,A,0.0,0.0,0.0,False,20260907-INMACULADA-XRD250U-001-A
2030,20260907,10,34,61,-1,3,B,0.0,0.0,0.0,False,20260907-INMACULADA-XRD250U-001-B
2031,20260908,10,34,61,-1,3,A,0.0,0.0,0.0,False,20260908-INMACULADA-XRD250U-001-A
2032,20260908,10,34,61,-1,3,B,0.0,0.0,0.0,False,20260908-INMACULADA-XRD250U-001-B
2033,20260909,10,34,61,-1,3,A,0.0,0.0,0.0,False,20260909-INMACULADA-XRD250U-001-A
2034,20260909,10,34,61,-1,3,B,0.0,0.0,0.0,False,20260909-INMACULADA-XRD250U-001-B
2035,20260910,10,34,61,-1,3,A,0.0,0.0,0.0,False,20260910-INMACULADA-XRD250U-001-A
2036,20260910,10,34,61,-1,3,B,0.0,0.0,0.0,False,20260910-INMACULADA-XRD250U-001-B
2037,20260911,10,34,61,-1,3,A,0.0,0.0,0.0,False,20260911-INMACULADA-XRD250U-001-A
2038,20260911,10,34,61,-1,3,B,0.0,0.0,0.0,False,20260911-INMACULADA-XRD250U-001-B
2039,20260912,10,34,61,-1,3,A,0.0,0.0,0.0,False,20260912-INMACULADA-XRD250U-001-A
2040,20260912,10,34,61,-1,3,B,0.0,0.0,0.0,False,20260912-INMACULADA-XRD250U-001-B
2041,20260913,10,34,61,-1,3,A,0.0,0.0,0.0,False,20260913-INMACULADA-XRD250U-001-A
2042,20260913,10,34,61,-1,3,B,0.0,0.0,0.0,False,20260913-INMACULADA-XRD250U-001-B
2043,20260914,10,34,61,-1,3,A,0.0,0.0,0.0,False,20260914-INMACULADA-XRD250U-001-A
2044,20260914,10,34,61,-1,3,B,0.0,0.0,0.0,False,20260914-INMACULADA-XRD250U-001-B
2045,20260915,10,34,61,-1,3,A,0.0,0.0,0.0,False,20260915-INMACULADA-XRD250U-001-A
2046,20260915,10,34,61,-1,3,B,0.0,0.0,0.0,False,20260915-INMACULADA-XRD250U-001-B
2047,20260916,10,34,61,-1,3,A,0.0,0.0,0.0,False,20260916-INMACULADA-XRD250U-001-A
2048,20260916,10,34,61,-1,3,B,0.0,0.0,0.0,False,20260916-INMACULADA-XRD250U-001-B
2049,20260917,10,34,61,-1,3,A,0.0,0.0,0.0,False,20260917-INMACULADA-XRD250U-001-A
2050,20260917,10,34,61,-1,3,B,0.0,0.0,0.0,False,20260917-INMACULADA-XRD250U-001-B
2051,20260918,10,34,61,-1,3,A,0.0,0.0,0.0,False,20260918-INMACULADA-XRD250U-001-A
2052,20260918,10,34,61,-1,3,B,0.0,0.0,0.0,False,20260918-INMACULADA-XRD250U-001-B
2053,20260919,10,34,61,-1,3,A,0.0,0.0,0.0,False,20260919-INMACULADA-XRD250U-001-A
2054,20260919,10,34,61,-1,3,B,0.0,0.0,0.0,False,20260919-INMACULADA-XRD250U-001-B
2055,20260920,10,34,61,-1,3,A,0.0,0.0,0.0,False,20260920-INMACULADA-XRD250U-001-A
2056,20260920,10,34,61,-1,3,B,0.0,0.0,0.0,False,20260920-INMACULADA-XRD250U-001-B
2057,20260921,10,34,61,-1,3,A,0.0,0.0,0.0,False,20260921-INMACULADA-XRD250U-001-A
2058,20260921,10,34,61,-1,3,B,0.0,0.0,0.0,False,20260921-INMACULADA-XRD250U-001-B
2059,20260922,10,34,61,-1,3,A,0.0,0.0,0.0,False,20260922-INMACULADA-XRD250U-001-A
2060,20260922,10,34,61,-1,3,B,0.0,0.0,0.0,False,20260922-INMACULADA-XRD250U-001-B
2061,20260923,10,34,61,-1,3,A,0.0,0.0,0.0,False,20260923-INMACULADA-XRD250U-001-A
2062,20260923,10,34,61,-1,3,B,0.0,0.0,0.0,False,20260923-INMACULADA-XRD250U-001-B
2063,20260924,10,34,61,-1,3,A,0.0,0.0,0.0,False,20260924-INMACULADA-XRD250U-001-A
2064,20260924,10,34,61,-1,3,B,0.0,0.0,0.0,False,20260924-INMACULADA-XRD250U-001-B
2065,20260925,10,34,61,-1,3,A,0.0,0.0,0.0,False,20260925-INMACULADA-XRD250U-001-A
2066,20260925,10,34,61,-1,3,B,0.0,0.0,0.0,False,20260925-INMACULADA-XRD250U-001-B
2067,20260826,10,36,57,190,4,A,159.9,169.5,9.6,False,20260826-INMACULADA-XRD90U-012-A
2068,20260826,10,36,57,129,4,B,169.5,176.0,6.5,False,20260826-INMACULADA-XRD90U-012-B
2069,20260827,10,36,57,190,4,A,176.0,176.0,0.0,False,20260827-INMACULADA-XRD90U-012-A
2070,20260827,10,36,57,3,4,B,176.0,176.0,0.0,False,20260827-INMACULADA-XRD90U-012-B
2071,20260828,10,36,57,3,4,A,176.0,176.0,0.0,False,20260828-INMACULADA-XRD90U-012-A
2072,20260828,10,36,57,3,4,B,176.0,176.0,0.0,False,20260828-INMACULADA-XRD90U-012-B
2073,20260829,10,36,57,3,4,A,176.0,176.0,0.0,False,20260829-INMACULADA-XRD90U-012-A
2074,20260829,10,36,57,3,4,B,176.0,176.0,0.0,False,20260829-INMACULADA-XRD90U-012-B
2075,20260830,10,36,57,3,4,A,176.0,176.0,0.0,False,20260830-INMACULADA-XRD90U-012-A
2076,20260830,10,36,57,3,4,B,176.0,176.0,0.0,False,20260830-INMACULADA-XRD90U-012-B
2077,20260831,10,36,57,-1,3,A,0.0,0.0,0.0,False,20260831-INMACULADA-XRD90U-012-A
2078,20260831,10,36,61,-1,3,B,0.0,0.0,0.0,False,20260831-INMACULADA-XRD90U-012-B
2079,20260901,10,36,61,-1,3,A,0.0,0.0,0.0,False,20260901-INMACULADA-XRD90U-012-A
2080,20260901,10,36,61,-1,3,B,0.0,0.0,0.0,False,20260901-INMACULADA-XRD90U-012-B
2081,20260902,10,36,61,-1,3,A,0.0,0.0,0.0,False,20260902-INMACULADA-XRD90U-012-A
2082,20260902,10,36,61,-1,3,B,0.0,0.0,0.0,False,20260902-INMACULADA-XRD90U-012-B
2083,20260903,10,36,61,-1,3,A,0.0,0.0,0.0,False,20260903-INMACULADA-XRD90U-012-A
2084,20260903,10,36,61,-1,3,B,0.0,0.0,0.0,False,20260903-INMACULADA-XRD90U-012-B
2085,20260904,10,36,61,-1,3,A,0.0,0.0,0.0,False,20260904-INMACULADA-XRD90U-012-A
2086,20260904,10,36,61,-1,3,B,0.0,0.0,0.0,False,20260904-INMACULADA-XRD90U-012-B
2087,20260905,10,36,61,-1,3,A,0.0,0.0,0.0,False,20260905-INMACULADA-XRD90U-012-A
2088,20260905,10,36,61,-1,3,B,0.0,0.0,0.0,False,20260905-INMACULADA-XRD90U-012-B
2089,20260906,10,36,61,-1,3,A,0.0,0.0,0.0,False,20260906-INMACULADA-XRD90U-012-A
2090,20260906,10,36,61,-1,3,B,0.0,0.0,0.0,False,20260906-INMACULADA-XRD90U-012-B
2091,20260907,10,36,61,-1,3,A,0.0,0.0,0.0,False,20260907-INMACULADA-XRD90U-012-A
2092,20260907,10,36,61,-1,3,B,0.0,0.0,0.0,False,20260907-INMACULADA-XRD90U-012-B
2093,20260908,10,36,61,-1,3,A,0.0,0.0,0.0,False,20260908-INMACULADA-XRD90U-012-A
2094,20260908,10,36,61,-1,3,B,0.0,0.0,0.0,False,20260908-INMACULADA-XRD90U-012-B
2095,20260909,10,36,61,-1,3,A,0.0,0.0,0.0,False,20260909-INMACULADA-XRD90U-012-A
2096,20260909,10,36,61,-1,3,B,0.0,0.0,0.0,False,20260909-INMACULADA-XRD90U-012-B
2097,20260910,10,36,61,-1,3,A,0.0,0.0,0.0,False,20260910-INMACULADA-XRD90U-012-A
2098,20260910,10,36,61,-1,3,B,0.0,0.0,0.0,False,20260910-INMACULADA-XRD90U-012-B
2099,20260911,10,36,61,-1,3,A,0.0,0.0,0.0,False,20260911-INMACULADA-XRD90U-012-A
2100,20260911,10,36,61,-1,3,B,0.0,0.0,0.0,False,20260911-INMACULADA-XRD90U-012-B
2101,20260912,10,36,61,-1,3,A,0.0,0.0,0.0,False,20260912-INMACULADA-XRD90U-012-A
2102,20260912,10,36,61,-1,3,B,0.0,0.0,0.0,False,20260912-INMACULADA-XRD90U-012-B
2103,20260913,10,36,61,-1,3,A,0.0,0.0,0.0,False,20260913-INMACULADA-XRD90U-012-A
2104,20260913,10,36,61,-1,3,B,0.0,0.0,0.0,False,20260913-INMACULADA-XRD90U-012-B
2105,20260914,10,36,61,-1,3,A,0.0,0.0,0.0,False,20260914-INMACULADA-XRD90U-012-A
2106,20260914,10,36,61,-1,3,B,0.0,0.0,0.0,False,20260914-INMACULADA-XRD90U-012-B
2107,20260915,10,36,61,-1,3,A,0.0,0.0,0.0,False,20260915-INMACULADA-XRD90U-012-A
2108,20260915,10,36,61,-1,3,B,0.0,0.0,0.0,False,20260915-INMACULADA-XRD90U-012-B
2109,20260916,10,36,61,-1,3,A,0.0,0.0,0.0,False,20260916-INMACULADA-XRD90U-012-A
2110,20260916,10,36,61,-1,3,B,0.0,0.0,0.0,False,20260916-INMACULADA-XRD90U-012-B
2111,20260917,10,36,61,-1,3,A,0.0,0.0,0.0,False,20260917-INMACULADA-XRD90U-012-A
2112,20260917,10,36,61,-1,3,B,0.0,0.0,0.0,False,20260917-INMACULADA-XRD90U-012-B
2113,20260918,10,36,61,-1,3,A,0.0,0.0,0.0,False,20260918-INMACULADA-XRD90U-012-A
2114,20260918,10,36,61,-1,3,B,0.0,0.0,0.0,False,20260918-INMACULADA-XRD90U-012-B
2115,20260919,10,36,61,-1,3,A,0.0,0.0,0.0,False,20260919-INMACULADA-XRD90U-012-A
2116,20260919,10,36,61,-1,3,B,0.0,0.0,0.0,False,20260919-INMACULADA-XRD90U-012-B
2117,20260920,10,36,61,-1,3,A,0.0,0.0,0.0,False,20260920-INMACULADA-XRD90U-012-A
2118,20260920,10,36,61,-1,3,B,0.0,0.0,0.0,False,20260920-INMACULADA-XRD90U-012-B
2119,20260921,10,36,61,-1,3,A,0.0,0.0,0.0,False,20260921-INMACULADA-XRD90U-012-A
2120,20260921,10,36,61,-1,3,B,0.0,0.0,0.0,False,20260921-INMACULADA-XRD90U-012-B
2121,20260922,10,36,61,-1,3,A,0.0,0.0,0.0,False,20260922-INMACULADA-XRD90U-012-A
2122,20260922,10,36,61,-1,3,B,0.0,0.0,0.0,False,20260922-INMACULADA-XRD90U-012-B
2123,20260923,10,36,61,-1,3,A,0.0,0.0,0.0,False,20260923-INMACULADA-XRD90U-012-A
2124,20260923,10,36,61,-1,3,B,0.0,0.0,0.0,False,20260923-INMACULADA-XRD90U-012-B
2125,20260924,10,36,61,-1,3,A,0.0,0.0,0.0,False,20260924-INMACULADA-XRD90U-012-A
2126,20260924,10,36,61,-1,3,B,0.0,0.0,0.0,False,20260924-INMACULADA-XRD90U-012-B
2127,20260925,10,36,61,-1,3,A,0.0,0.0,0.0,False,20260925-INMACULADA-XRD90U-012-A
2128,20260925,10,36,61,-1,3,B,0.0,0.0,0.0,False,20260925-INMACULADA-XRD90U-012-B
2129,20260826,10,33,65,411,4,A,0.0,9.0,9.0,False,20260826-INMACULADA-XRD150USS-004-A
2130,20260826,10,33,72,398,4,B,0.0,9.0,9.0,False,20260826-INMACULADA-XRD150USS-004-B
2131,20260826,10,33,66,398,4,B,0.0,9.0,9.0,False,20260826-INMACULADA-XRD150USS-004-B
2132,20260827,10,33,71,411,4,A,0.0,6.0,6.0,False,20260827-INMACULADA-XRD150USS-004-A
2133,20260827,10,33,67,398,4,B,0.0,12.0,12.0,False,20260827-INMACULADA-XRD150USS-004-B
2134,20260827,10,33,70,398,4,B,0.0,3.0,3.0,False,20260827-INMACULADA-XRD150USS-004-B
2135,20260828,10,33,70,398,4,A,3.0,6.0,3.0,False,20260828-INMACULADA-XRD150USS-004-A
2136,20260828,10,33,68,279,4,B,0.0,12.0,12.0,False,20260828-INMACULADA-XRD150USS-004-B
2137,20260828,10,33,69,279,4,B,0.0,9.0,9.0,False,20260828-INMACULADA-XRD150USS-004-B
2138,20260829,10,33,69,398,4,A,9.0,12.0,3.0,False,20260829-INMACULADA-XRD150USS-004-A
2139,20260829,10,33,68,279,4,B,12.0,12.0,0.0,False,20260829-INMACULADA-XRD150USS-004-B
2140,20260830,10,33,68,381,4,A,12.0,12.0,0.0,False,20260830-INMACULADA-XRD150USS-004-A
2141,20260830,10,33,76,279,4,B,0.0,0.0,0.0,False,20260830-INMACULADA-XRD150USS-004-B
2142,20260831,10,33,76,-1,3,A,0.0,0.0,0.0,False,20260831-INMACULADA-XRD150USS-004-A
2143,20260831,10,33,61,-1,3,B,0.0,0.0,0.0,False,20260831-INMACULADA-XRD150USS-004-B
2144,20260901,10,33,61,-1,3,A,0.0,0.0,0.0,False,20260901-INMACULADA-XRD150USS-004-A
2145,20260901,10,33,61,-1,3,B,0.0,0.0,0.0,False,20260901-INMACULADA-XRD150USS-004-B
2146,20260902,10,33,61,-1,3,A,0.0,0.0,0.0,False,20260902-INMACULADA-XRD150USS-004-A
2147,20260902,10,33,61,-1,3,B,0.0,0.0,0.0,False,20260902-INMACULADA-XRD150USS-004-B
2148,20260903,10,33,61,-1,3,A,0.0,0.0,0.0,False,20260903-INMACULADA-XRD150USS-004-A
2149,20260903,10,33,61,-1,3,B,0.0,0.0,0.0,False,20260903-INMACULADA-XRD150USS-004-B
2150,20260904,10,33,61,-1,3,A,0.0,0.0,0.0,False,20260904-INMACULADA-XRD150USS-004-A
2151,20260904,10,33,61,-1,3,B,0.0,0.0,0.0,False,20260904-INMACULADA-XRD150USS-004-B
2152,20260905,10,33,61,-1,3,A,0.0,0.0,0.0,False,20260905-INMACULADA-XRD150USS-004-A
2153,20260905,10,33,61,-1,3,B,0.0,0.0,0.0,False,20260905-INMACULADA-XRD150USS-004-B
2154,20260906,10,33,61,-1,3,A,0.0,0.0,0.0,False,20260906-INMACULADA-XRD150USS-004-A
2155,20260906,10,33,61,-1,3,B,0.0,0.0,0.0,False,20260906-INMACULADA-XRD150USS-004-B
2156,20260907,10,33,61,-1,3,A,0.0,0.0,0.0,False,20260907-INMACULADA-XRD150USS-004-A
2157,20260907,10,33,61,-1,3,B,0.0,0.0,0.0,False,20260907-INMACULADA-XRD150USS-004-B
2158,20260908,10,33,61,-1,3,A,0.0,0.0,0.0,False,20260908-INMACULADA-XRD150USS-004-A
2159,20260908,10,33,61,-1,3,B,0.0,0.0,0.0,False,20260908-INMACULADA-XRD150USS-004-B
2160,20260909,10,33,61,-1,3,A,0.0,0.0,0.0,False,20260909-INMACULADA-XRD150USS-004-A
2161,20260909,10,33,61,-1,3,B,0.0,0.0,0.0,False,20260909-INMACULADA-XRD150USS-004-B
2162,20260910,10,33,61,-1,3,A,0.0,0.0,0.0,False,20260910-INMACULADA-XRD150USS-004-A
2163,20260910,10,33,61,-1,3,B,0.0,0.0,0.0,False,20260910-INMACULADA-XRD150USS-004-B
2164,20260911,10,33,61,-1,3,A,0.0,0.0,0.0,False,20260911-INMACULADA-XRD150USS-004-A
2165,20260911,10,33,61,-1,3,B,0.0,0.0,0.0,False,20260911-INMACULADA-XRD150USS-004-B
2166,20260912,10,33,61,-1,3,A,0.0,0.0,0.0,False,20260912-INMACULADA-XRD150USS-004-A
2167,20260912,10,33,61,-1,3,B,0.0,0.0,0.0,False,20260912-INMACULADA-XRD150USS-004-B
2168,20260913,10,33,61,-1,3,A,0.0,0.0,0.0,False,20260913-INMACULADA-XRD150USS-004-A
2169,20260913,10,33,61,-1,3,B,0.0,0.0,0.0,False,20260913-INMACULADA-XRD150USS-004-B
2170,20260914,10,33,61,-1,3,A,0.0,0.0,0.0,False,20260914-INMACULADA-XRD150USS-004-A
2171,20260914,10,33,61,-1,3,B,0.0,0.0,0.0,False,20260914-INMACULADA-XRD150USS-004-B
2172,20260915,10,33,61,-1,3,A,0.0,0.0,0.0,False,20260915-INMACULADA-XRD150USS-004-A
2173,20260915,10,33,61,-1,3,B,0.0,0.0,0.0,False,20260915-INMACULADA-XRD150USS-004-B
2174,20260916,10,33,61,-1,3,A,0.0,0.0,0.0,False,20260916-INMACULADA-XRD150USS-004-A
2175,20260916,10,33,61,-1,3,B,0.0,0.0,0.0,False,20260916-INMACULADA-XRD150USS-004-B
2176,20260917,10,33,61,-1,3,A,0.0,0.0,0.0,False,20260917-INMACULADA-XRD150USS-004-A
2177,20260917,10,33,61,-1,3,B,0.0,0.0,0.0,False,20260917-INMACULADA-XRD150USS-004-B
2178,20260918,10,33,61,-1,3,A,0.0,0.0,0.0,False,20260918-INMACULADA-XRD150USS-004-A
2179,20260918,10,33,61,-1,3,B,0.0,0.0,0.0,False,20260918-INMACULADA-XRD150USS-004-B
2180,20260919,10,33,61,-1,3,A,0.0,0.0,0.0,False,20260919-INMACULADA-XRD150USS-004-A
2181,20260919,10,33,61,-1,3,B,0.0,0.0,0.0,False,20260919-INMACULADA-XRD150USS-004-B
2182,20260920,10,33,61,-1,3,A,0.0,0.0,0.0,False,20260920-INMACULADA-XRD150USS-004-A
2183,20260920,10,33,61,-1,3,B,0.0,0.0,0.0,False,20260920-INMACULADA-XRD150USS-004-B
2184,20260921,10,33,61,-1,3,A,0.0,0.0,0.0,False,20260921-INMACULADA-XRD150USS-004-A
2185,20260921,10,33,61,-1,3,B,0.0,0.0,0.0,False,20260921-INMACULADA-XRD150USS-004-B
2186,20260922,10,33,61,-1,3,A,0.0,0.0,0.0,False,20260922-INMACULADA-XRD150USS-004-A
2187,20260922,10,33,61,-1,3,B,0.0,0.0,0.0,False,20260922-INMACULADA-XRD150USS-004-B
2188,20260923,10,33,61,-1,3,A,0.0,0.0,0.0,False,20260923-INMACULADA-XRD150USS-004-A
2189,20260923,10,33,61,-1,3,B,0.0,0.0,0.0,False,20260923-INMACULADA-XRD150USS-004-B
2190,20260924,10,33,61,-1,3,A,0.0,0.0,0.0,False,20260924-INMACULADA-XRD150USS-004-A
2191,20260826,11,38,80,197,2,A,161.1,174.1,13.0,False,20260826-LA ESTRELLA-XRD150U-004-A
2192,20260826,11,38,80,31,2,B,174.1,184.0,9.9,False,20260826-LA ESTRELLA-XRD150U-004-B
2193,20260827,11,38,80,197,2,A,184.0,202.0,18.0,False,20260827-LA ESTRELLA-XRD150U-004-A
2194,20260827,11,38,80,31,2,B,202.0,215.6,13.6,False,20260827-LA ESTRELLA-XRD150U-004-B
2195,20260828,11,38,80,197,2,A,215.6,227.8,12.2,False,20260828-LA ESTRELLA-XRD150U-004-A
2196,20260828,11,38,80,31,2,B,227.8,239.1,11.3,False,20260828-LA ESTRELLA-XRD150U-004-B
2197,20260829,11,38,80,197,2,A,239.1,256.1,17.0,False,20260829-LA ESTRELLA-XRD150U-004-A
2198,20260829,11,38,80,31,2,B,256.1,274.2,18.1,False,20260829-LA ESTRELLA-XRD150U-004-B
2199,20260830,11,38,80,197,2,A,274.2,287.7,13.5,False,20260830-LA ESTRELLA-XRD150U-004-A
2200,20260830,11,38,80,31,2,B,287.7,297.9,10.2,False,20260830-LA ESTRELLA-XRD150U-004-B
2201,20260831,11,38,80,-1,3,A,0.0,0.0,0.0,False,20260831-LA ESTRELLA-XRD150U-004-A
2202,20260831,11,38,81,-1,3,B,0.0,0.0,0.0,False,20260831-LA ESTRELLA-XRD150U-004-B
2203,20260901,11,38,81,-1,3,A,0.0,0.0,0.0,False,20260901-LA ESTRELLA-XRD150U-004-A
2204,20260901,11,38,81,-1,3,B,0.0,0.0,0.0,False,20260901-LA ESTRELLA-XRD150U-004-B
2205,20260902,11,38,81,-1,3,A,0.0,0.0,0.0,False,20260902-LA ESTRELLA-XRD150U-004-A
2206,20260902,11,38,81,-1,3,B,0.0,0.0,0.0,False,20260902-LA ESTRELLA-XRD150U-004-B
2207,20260903,11,38,81,-1,3,A,0.0,0.0,0.0,False,20260903-LA ESTRELLA-XRD150U-004-A
2208,20260903,11,38,81,-1,3,B,0.0,0.0,0.0,False,20260903-LA ESTRELLA-XRD150U-004-B
2209,20260904,11,38,81,-1,3,A,0.0,0.0,0.0,False,20260904-LA ESTRELLA-XRD150U-004-A
2210,20260904,11,38,81,-1,3,B,0.0,0.0,0.0,False,20260904-LA ESTRELLA-XRD150U-004-B
2211,20260905,11,38,81,-1,3,A,0.0,0.0,0.0,False,20260905-LA ESTRELLA-XRD150U-004-A
2212,20260905,11,38,81,-1,3,B,0.0,0.0,0.0,False,20260905-LA ESTRELLA-XRD150U-004-B
2213,20260906,11,38,81,-1,3,A,0.0,0.0,0.0,False,20260906-LA ESTRELLA-XRD150U-004-A
2214,20260906,11,38,81,-1,3,B,0.0,0.0,0.0,False,20260906-LA ESTRELLA-XRD150U-004-B
2215,20260907,11,38,81,-1,3,A,0.0,0.0,0.0,False,20260907-LA ESTRELLA-XRD150U-004-A
2216,20260907,11,38,81,-1,3,B,0.0,0.0,0.0,False,20260907-LA ESTRELLA-XRD150U-004-B
2217,20260908,11,38,81,-1,3,A,0.0,0.0,0.0,False,20260908-LA ESTRELLA-XRD150U-004-A
2218,20260908,11,38,81,-1,3,B,0.0,0.0,0.0,False,20260908-LA ESTRELLA-XRD150U-004-B
2219,20260909,11,38,81,-1,3,A,0.0,0.0,0.0,False,20260909-LA ESTRELLA-XRD150U-004-A
2220,20260909,11,38,81,-1,3,B,0.0,0.0,0.0,False,20260909-LA ESTRELLA-XRD150U-004-B
2221,20260910,11,38,81,-1,3,A,0.0,0.0,0.0,False,20260910-LA ESTRELLA-XRD150U-004-A
2222,20260910,11,38,81,-1,3,B,0.0,0.0,0.0,False,20260910-LA ESTRELLA-XRD150U-004-B
2223,20260911,11,38,81,-1,3,A,0.0,0.0,0.0,False,20260911-LA ESTRELLA-XRD150U-004-A
2224,20260911,11,38,81,-1,3,B,0.0,0.0,0.0,False,20260911-LA ESTRELLA-XRD150U-004-B
2225,20260912,11,38,81,-1,3,A,0.0,0.0,0.0,False,20260912-LA ESTRELLA-XRD150U-004-A
2226,20260912,11,38,81,-1,3,B,0.0,0.0,0.0,False,20260912-LA ESTRELLA-XRD150U-004-B
2227,20260913,11,38,81,-1,3,A,0.0,0.0,0.0,False,20260913-LA ESTRELLA-XRD150U-004-A
2228,20260913,11,38,81,-1,3,B,0.0,0.0,0.0,False,20260913-LA ESTRELLA-XRD150U-004-B
2229,20260914,11,38,81,-1,3,A,0.0,0.0,0.0,False,20260914-LA ESTRELLA-XRD150U-004-A
2230,20260914,11,38,81,-1,3,B,0.0,0.0,0.0,False,20260914-LA ESTRELLA-XRD150U-004-B
2231,20260915,11,38,81,-1,3,A,0.0,0.0,0.0,False,20260915-LA ESTRELLA-XRD150U-004-A
2232,20260915,11,38,81,-1,3,B,0.0,0.0,0.0,False,20260915-LA ESTRELLA-XRD150U-004-B
2233,20260916,11,38,81,-1,3,A,0.0,0.0,0.0,False,20260916-LA ESTRELLA-XRD150U-004-A
2234,20260916,11,38,81,-1,3,B,0.0,0.0,0.0,False,20260916-LA ESTRELLA-XRD150U-004-B
2235,20260917,11,38,81,-1,3,A,0.0,0.0,0.0,False,20260917-LA ESTRELLA-XRD150U-004-A
2236,20260917,11,38,81,-1,3,B,0.0,0.0,0.0,False,20260917-LA ESTRELLA-XRD150U-004-B
2237,20260918,11,38,81,-1,3,A,0.0,0.0,0.0,False,20260918-LA ESTRELLA-XRD150U-004-A
2238,20260918,11,38,81,-1,3,B,0.0,0.0,0.0,False,20260918-LA ESTRELLA-XRD150U-004-B
2239,20260919,11,38,81,-1,3,A,0.0,0.0,0.0,False,20260919-LA ESTRELLA-XRD150U-004-A
2240,20260919,11,38,81,-1,3,B,0.0,0.0,0.0,False,20260919-LA ESTRELLA-XRD150U-004-B
2241,20260920,11,38,81,-1,3,A,0.0,0.0,0.0,False,20260920-LA ESTRELLA-XRD150U-004-A
2242,20260920,11,38,81,-1,3,B,0.0,0.0,0.0,False,20260920-LA ESTRELLA-XRD150U-004-B
2243,20260921,11,38,81,-1,3,A,0.0,0.0,0.0,False,20260921-LA ESTRELLA-XRD150U-004-A
2244,20260921,11,38,81,-1,3,B,0.0,0.0,0.0,False,20260921-LA ESTRELLA-XRD150U-004-B
2245,20260922,11,38,81,-1,3,A,0.0,0.0,0.0,False,20260922-LA ESTRELLA-XRD150U-004-A
2246,20260922,11,38,81,-1,3,B,0.0,0.0,0.0,False,20260922-LA ESTRELLA-XRD150U-004-B
2247,20260923,11,38,81,-1,3,A,0.0,0.0,0.0,False,20260923-LA ESTRELLA-XRD150U-004-A
2248,20260923,11,38,81,-1,3,B,0.0,0.0,0.0,False,20260923-LA ESTRELLA-XRD150U-004-B
2249,20260924,11,38,81,-1,3,A,0.0,0.0,0.0,False,20260924-LA ESTRELLA-XRD150U-004-A
2250,20260924,11,38,81,-1,3,B,0.0,0.0,0.0,False,20260924-LA ESTRELLA-XRD150U-004-B
2251,20260925,11,38,81,-1,3,A,0.0,0.0,0.0,False,20260925-LA ESTRELLA-XRD150U-004-A
2252,20260925,11,38,81,-1,3,B,0.0,0.0,0.0,False,20260925-LA ESTRELLA-XRD150U-004-B
2253,20260826,11,39,77,257,2,A,94.1,106.1,12.0,False,20260826-LA ESTRELLA-XRD150U-006-A
2254,20260826,11,39,77,385,2,B,106.1,121.6,15.5,False,20260826-LA ESTRELLA-XRD150U-006-B
2255,20260827,11,39,77,257,2,A,121.6,150.7,29.1,False,20260827-LA ESTRELLA-XRD150U-006-A
2256,20260827,11,39,78,385,2,B,0.0,24.0,24.0,False,20260827-LA ESTRELLA-XRD150U-006-B
2257,20260828,11,39,79,257,2,A,0.0,36.6,36.6,False,20260828-LA ESTRELLA-XRD150U-006-A
2258,20260828,11,39,79,385,2,B,36.6,73.1,36.5,False,20260828-LA ESTRELLA-XRD150U-006-B
2259,20260829,11,39,79,257,2,A,73.1,89.2,16.1,False,20260829-LA ESTRELLA-XRD150U-006-A
2260,20260829,11,39,79,385,2,B,89.2,98.4,9.2,False,20260829-LA ESTRELLA-XRD150U-006-B
2261,20260830,11,39,79,257,2,A,98.4,115.6,17.2,False,20260830-LA ESTRELLA-XRD150U-006-A
2262,20260830,11,39,79,385,2,B,115.6,132.1,16.5,False,20260830-LA ESTRELLA-XRD150U-006-B
2263,20260831,11,39,79,-1,3,A,0.0,0.0,0.0,False,20260831-LA ESTRELLA-XRD150U-006-A
2264,20260831,11,39,81,-1,3,B,0.0,0.0,0.0,False,20260831-LA ESTRELLA-XRD150U-006-B
2265,20260901,11,39,81,-1,3,A,0.0,0.0,0.0,False,20260901-LA ESTRELLA-XRD150U-006-A
2266,20260901,11,39,81,-1,3,B,0.0,0.0,0.0,False,20260901-LA ESTRELLA-XRD150U-006-B
2267,20260902,11,39,81,-1,3,A,0.0,0.0,0.0,False,20260902-LA ESTRELLA-XRD150U-006-A
2268,20260902,11,39,81,-1,3,B,0.0,0.0,0.0,False,20260902-LA ESTRELLA-XRD150U-006-B
2269,20260903,11,39,81,-1,3,A,0.0,0.0,0.0,False,20260903-LA ESTRELLA-XRD150U-006-A
2270,20260903,11,39,81,-1,3,B,0.0,0.0,0.0,False,20260903-LA ESTRELLA-XRD150U-006-B
2271,20260904,11,39,81,-1,3,A,0.0,0.0,0.0,False,20260904-LA ESTRELLA-XRD150U-006-A
2272,20260904,11,39,81,-1,3,B,0.0,0.0,0.0,False,20260904-LA ESTRELLA-XRD150U-006-B
2273,20260905,11,39,81,-1,3,A,0.0,0.0,0.0,False,20260905-LA ESTRELLA-XRD150U-006-A
2274,20260905,11,39,81,-1,3,B,0.0,0.0,0.0,False,20260905-LA ESTRELLA-XRD150U-006-B
2275,20260906,11,39,81,-1,3,A,0.0,0.0,0.0,False,20260906-LA ESTRELLA-XRD150U-006-A
2276,20260906,11,39,81,-1,3,B,0.0,0.0,0.0,False,20260906-LA ESTRELLA-XRD150U-006-B
2277,20260907,11,39,81,-1,3,A,0.0,0.0,0.0,False,20260907-LA ESTRELLA-XRD150U-006-A
2278,20260907,11,39,81,-1,3,B,0.0,0.0,0.0,False,20260907-LA ESTRELLA-XRD150U-006-B
2279,20260908,11,39,81,-1,3,A,0.0,0.0,0.0,False,20260908-LA ESTRELLA-XRD150U-006-A
2280,20260908,11,39,81,-1,3,B,0.0,0.0,0.0,False,20260908-LA ESTRELLA-XRD150U-006-B
2281,20260909,11,39,81,-1,3,A,0.0,0.0,0.0,False,20260909-LA ESTRELLA-XRD150U-006-A
2282,20260909,11,39,81,-1,3,B,0.0,0.0,0.0,False,20260909-LA ESTRELLA-XRD150U-006-B
2283,20260910,11,39,81,-1,3,A,0.0,0.0,0.0,False,20260910-LA ESTRELLA-XRD150U-006-A
2284,20260910,11,39,81,-1,3,B,0.0,0.0,0.0,False,20260910-LA ESTRELLA-XRD150U-006-B
2285,20260911,11,39,81,-1,3,A,0.0,0.0,0.0,False,20260911-LA ESTRELLA-XRD150U-006-A
2286,20260911,11,39,81,-1,3,B,0.0,0.0,0.0,False,20260911-LA ESTRELLA-XRD150U-006-B
2287,20260912,11,39,81,-1,3,A,0.0,0.0,0.0,False,20260912-LA ESTRELLA-XRD150U-006-A
2288,20260912,11,39,81,-1,3,B,0.0,0.0,0.0,False,20260912-LA ESTRELLA-XRD150U-006-B
2289,20260913,11,39,81,-1,3,A,0.0,0.0,0.0,False,20260913-LA ESTRELLA-XRD150U-006-A
2290,20260913,11,39,81,-1,3,B,0.0,0.0,0.0,False,20260913-LA ESTRELLA-XRD150U-006-B
2291,20260914,11,39,81,-1,3,A,0.0,0.0,0.0,False,20260914-LA ESTRELLA-XRD150U-006-A
2292,20260914,11,39,81,-1,3,B,0.0,0.0,0.0,False,20260914-LA ESTRELLA-XRD150U-006-B
2293,20260915,11,39,81,-1,3,A,0.0,0.0,0.0,False,20260915-LA ESTRELLA-XRD150U-006-A
2294,20260915,11,39,81,-1,3,B,0.0,0.0,0.0,False,20260915-LA ESTRELLA-XRD150U-006-B
2295,20260916,11,39,81,-1,3,A,0.0,0.0,0.0,False,20260916-LA ESTRELLA-XRD150U-006-A
2296,20260916,11,39,81,-1,3,B,0.0,0.0,0.0,False,20260916-LA ESTRELLA-XRD150U-006-B
2297,20260917,11,39,81,-1,3,A,0.0,0.0,0.0,False,20260917-LA ESTRELLA-XRD150U-006-A
2298,20260917,11,39,81,-1,3,B,0.0,0.0,0.0,False,20260917-LA ESTRELLA-XRD150U-006-B
2299,20260918,11,39,81,-1,3,A,0.0,0.0,0.0,False,20260918-LA ESTRELLA-XRD150U-006-A
2300,20260918,11,39,81,-1,3,B,0.0,0.0,0.0,False,20260918-LA ESTRELLA-XRD150U-006-B
2301,20260919,11,39,81,-1,3,A,0.0,0.0,0.0,False,20260919-LA ESTRELLA-XRD150U-006-A
2302,20260919,11,39,81,-1,3,B,0.0,0.0,0.0,False,20260919-LA ESTRELLA-XRD150U-006-B
2303,20260920,11,39,81,-1,3,A,0.0,0.0,0.0,False,20260920-LA ESTRELLA-XRD150U-006-A
2304,20260920,11,39,81,-1,3,B,0.0,0.0,0.0,False,20260920-LA ESTRELLA-XRD150U-006-B
2305,20260921,11,39,81,-1,3,A,0.0,0.0,0.0,False,20260921-LA ESTRELLA-XRD150U-006-A
2306,20260921,11,39,81,-1,3,B,0.0,0.0,0.0,False,20260921-LA ESTRELLA-XRD150U-006-B
2307,20260922,11,39,81,-1,3,A,0.0,0.0,0.0,False,20260922-LA ESTRELLA-XRD150U-006-A
2308,20260922,11,39,81,-1,3,B,0.0,0.0,0.0,False,20260922-LA ESTRELLA-XRD150U-006-B
2309,20260923,11,39,81,-1,3,A,0.0,0.0,0.0,False,20260923-LA ESTRELLA-XRD150U-006-A
2310,20260923,11,39,81,-1,3,B,0.0,0.0,0.0,False,20260923-LA ESTRELLA-XRD150U-006-B
2311,20260924,11,39,81,-1,3,A,0.0,0.0,0.0,False,20260924-LA ESTRELLA-XRD150U-006-A
2312,20260924,11,39,81,-1,3,B,0.0,0.0,0.0,False,20260924-LA ESTRELLA-XRD150U-006-B
2313,20260925,11,39,81,-1,3,A,0.0,0.0,0.0,False,20260925-LA ESTRELLA-XRD150U-006-A
2314,20260925,11,39,81,-1,3,B,0.0,0.0,0.0,False,20260925-LA ESTRELLA-XRD150U-006-B
2315,20260826,12,42,82,294,2,A,239.7,241.0,1.3,False,20260826-MOROCOCHA-XRD90USS-005-A
2316,20260826,12,42,82,167,2,B,241.0,248.5,7.5,False,20260826-MOROCOCHA-XRD90USS-005-B
2317,20260827,12,42,82,294,2,A,248.5,254.8,6.3,False,20260827-MOROCOCHA-XRD90USS-005-A
2318,20260827,12,42,82,136,3,B,0.0,0.0,0.0,False,20260827-MOROCOCHA-XRD90USS-005-B
2319,20260828,12,42,82,120,2,B,254.8,263.8,9.0,False,20260828-MOROCOCHA-XRD90USS-005-B
2320,20260828,12,42,82,136,3,B,0.0,0.0,0.0,False,20260828-MOROCOCHA-XRD90USS-005-B
2321,20260829,12,42,82,161,2,A,263.8,269.8,6.0,False,20260829-MOROCOCHA-XRD90USS-005-A
2322,20260829,12,42,82,-1,3,B,0.0,0.0,0.0,False,20260829-MOROCOCHA-XRD90USS-005-B
2323,20260830,12,42,82,161,2,A,269.8,280.5,10.7,False,20260830-MOROCOCHA-XRD90USS-005-A
2324,20260830,12,42,82,-1,3,B,280.5,0.0,0.0,False,20260830-MOROCOCHA-XRD90USS-005-B
2325,20260831,12,42,82,-1,3,A,0.0,0.0,0.0,False,20260831-MOROCOCHA-XRD90USS-005-A
2326,20260831,12,42,85,-1,3,B,0.0,0.0,0.0,False,20260831-MOROCOCHA-XRD90USS-005-B
2327,20260901,12,42,85,-1,3,A,0.0,0.0,0.0,False,20260901-MOROCOCHA-XRD90USS-005-A
2328,20260901,12,42,85,-1,3,B,0.0,0.0,0.0,False,20260901-MOROCOCHA-XRD90USS-005-B
2329,20260902,12,42,85,-1,3,A,0.0,0.0,0.0,False,20260902-MOROCOCHA-XRD90USS-005-A
2330,20260902,12,42,85,-1,3,B,0.0,0.0,0.0,False,20260902-MOROCOCHA-XRD90USS-005-B
2331,20260903,12,42,85,-1,3,A,0.0,0.0,0.0,False,20260903-MOROCOCHA-XRD90USS-005-A
2332,20260903,12,42,85,-1,3,B,0.0,0.0,0.0,False,20260903-MOROCOCHA-XRD90USS-005-B
2333,20260904,12,42,85,-1,3,A,0.0,0.0,0.0,False,20260904-MOROCOCHA-XRD90USS-005-A
2334,20260904,12,42,85,-1,3,B,0.0,0.0,0.0,False,20260904-MOROCOCHA-XRD90USS-005-B
2335,20260905,12,42,85,-1,3,A,0.0,0.0,0.0,False,20260905-MOROCOCHA-XRD90USS-005-A
2336,20260905,12,42,85,-1,3,B,0.0,0.0,0.0,False,20260905-MOROCOCHA-XRD90USS-005-B
2337,20260906,12,42,85,-1,3,A,0.0,0.0,0.0,False,20260906-MOROCOCHA-XRD90USS-005-A
2338,20260906,12,42,85,-1,3,B,0.0,0.0,0.0,False,20260906-MOROCOCHA-XRD90USS-005-B
2339,20260907,12,42,85,-1,3,A,0.0,0.0,0.0,False,20260907-MOROCOCHA-XRD90USS-005-A
2340,20260907,12,42,85,-1,3,B,0.0,0.0,0.0,False,20260907-MOROCOCHA-XRD90USS-005-B
2341,20260908,12,42,85,-1,3,A,0.0,0.0,0.0,False,20260908-MOROCOCHA-XRD90USS-005-A
2342,20260908,12,42,85,-1,3,B,0.0,0.0,0.0,False,20260908-MOROCOCHA-XRD90USS-005-B
2343,20260909,12,42,85,-1,3,A,0.0,0.0,0.0,False,20260909-MOROCOCHA-XRD90USS-005-A
2344,20260909,12,42,85,-1,3,B,0.0,0.0,0.0,False,20260909-MOROCOCHA-XRD90USS-005-B
2345,20260910,12,42,85,-1,3,A,0.0,0.0,0.0,False,20260910-MOROCOCHA-XRD90USS-005-A
2346,20260910,12,42,85,-1,3,B,0.0,0.0,0.0,False,20260910-MOROCOCHA-XRD90USS-005-B
2347,20260911,12,42,85,-1,3,A,0.0,0.0,0.0,False,20260911-MOROCOCHA-XRD90USS-005-A
2348,20260911,12,42,85,-1,3,B,0.0,0.0,0.0,False,20260911-MOROCOCHA-XRD90USS-005-B
2349,20260912,12,42,85,-1,3,A,0.0,0.0,0.0,False,20260912-MOROCOCHA-XRD90USS-005-A
2350,20260912,12,42,85,-1,3,B,0.0,0.0,0.0,False,20260912-MOROCOCHA-XRD90USS-005-B
2351,20260913,12,42,85,-1,3,A,0.0,0.0,0.0,False,20260913-MOROCOCHA-XRD90USS-005-A
2352,20260913,12,42,85,-1,3,B,0.0,0.0,0.0,False,20260913-MOROCOCHA-XRD90USS-005-B
2353,20260914,12,42,85,-1,3,A,0.0,0.0,0.0,False,20260914-MOROCOCHA-XRD90USS-005-A
2354,20260914,12,42,85,-1,3,B,0.0,0.0,0.0,False,20260914-MOROCOCHA-XRD90USS-005-B
2355,20260915,12,42,85,-1,3,A,0.0,0.0,0.0,False,20260915-MOROCOCHA-XRD90USS-005-A
2356,20260915,12,42,85,-1,3,B,0.0,0.0,0.0,False,20260915-MOROCOCHA-XRD90USS-005-B
2357,20260916,12,42,85,-1,3,A,0.0,0.0,0.0,False,20260916-MOROCOCHA-XRD90USS-005-A
2358,20260916,12,42,85,-1,3,B,0.0,0.0,0.0,False,20260916-MOROCOCHA-XRD90USS-005-B
2359,20260917,12,42,85,-1,3,A,0.0,0.0,0.0,False,20260917-MOROCOCHA-XRD90USS-005-A
2360,20260917,12,42,85,-1,3,B,0.0,0.0,0.0,False,20260917-MOROCOCHA-XRD90USS-005-B
2361,20260918,12,42,85,-1,3,A,0.0,0.0,0.0,False,20260918-MOROCOCHA-XRD90USS-005-A
2362,20260918,12,42,85,-1,3,B,0.0,0.0,0.0,False,20260918-MOROCOCHA-XRD90USS-005-B
2363,20260919,12,42,85,-1,3,A,0.0,0.0,0.0,False,20260919-MOROCOCHA-XRD90USS-005-A
2364,20260919,12,42,85,-1,3,B,0.0,0.0,0.0,False,20260919-MOROCOCHA-XRD90USS-005-B
2365,20260920,12,42,85,-1,3,A,0.0,0.0,0.0,False,20260920-MOROCOCHA-XRD90USS-005-A
2366,20260920,12,42,85,-1,3,B,0.0,0.0,0.0,False,20260920-MOROCOCHA-XRD90USS-005-B
2367,20260921,12,42,85,-1,3,A,0.0,0.0,0.0,False,20260921-MOROCOCHA-XRD90USS-005-A
2368,20260921,12,42,85,-1,3,B,0.0,0.0,0.0,False,20260921-MOROCOCHA-XRD90USS-005-B
2369,20260922,12,42,85,-1,3,A,0.0,0.0,0.0,False,20260922-MOROCOCHA-XRD90USS-005-A
2370,20260922,12,42,85,-1,3,B,0.0,0.0,0.0,False,20260922-MOROCOCHA-XRD90USS-005-B
2371,20260923,12,42,85,-1,3,A,0.0,0.0,0.0,False,20260923-MOROCOCHA-XRD90USS-005-A
2372,20260923,12,42,85,-1,3,B,0.0,0.0,0.0,False,20260923-MOROCOCHA-XRD90USS-005-B
2373,20260924,12,42,85,-1,3,A,0.0,0.0,0.0,False,20260924-MOROCOCHA-XRD90USS-005-A
2374,20260924,12,42,85,-1,3,B,0.0,0.0,0.0,False,20260924-MOROCOCHA-XRD90USS-005-B
2375,20260925,12,42,85,-1,3,A,0.0,0.0,0.0,False,20260925-MOROCOCHA-XRD90USS-005-A
2376,20260925,12,42,85,-1,3,B,0.0,0.0,0.0,False,20260925-MOROCOCHA-XRD90USS-005-B
2377,20260826,12,40,84,136,4,A,100.95,100.95,0.0,False,20260826-MOROCOCHA-XRD150USS-002-A
2378,20260826,12,40,84,52,4,B,100.95,131.55,30.6,False,20260826-MOROCOCHA-XRD150USS-002-B
2379,20260827,12,40,84,136,3,A,0.0,0.0,0.0,False,20260827-MOROCOCHA-XRD150USS-002-A
2380,20260827,12,40,84,52,4,B,131.55,169.7,38.15,False,20260827-MOROCOCHA-XRD150USS-002-B
2381,20260828,12,40,84,136,3,A,0.0,0.0,0.0,False,20260828-MOROCOCHA-XRD150USS-002-A
2382,20260828,12,40,84,295,4,B,169.7,186.0,16.3,False,20260828-MOROCOCHA-XRD150USS-002-B
2383,20260829,12,40,84,136,3,A,0.0,0.0,0.0,False,20260829-MOROCOCHA-XRD150USS-002-A
2384,20260829,12,40,84,295,4,B,186.0,190.2,4.2,False,20260829-MOROCOCHA-XRD150USS-002-B
2385,20260830,12,40,84,-1,3,A,0.0,0.0,0.0,False,20260830-MOROCOCHA-XRD150USS-002-A
2386,20260830,12,40,84,295,4,B,190.2,202.0,11.8,False,20260830-MOROCOCHA-XRD150USS-002-B
2387,20260831,12,40,84,-1,3,A,0.0,0.0,0.0,False,20260831-MOROCOCHA-XRD150USS-002-A
2388,20260831,12,40,85,-1,3,B,0.0,0.0,0.0,False,20260831-MOROCOCHA-XRD150USS-002-B
2389,20260901,12,40,85,-1,3,A,0.0,0.0,0.0,False,20260901-MOROCOCHA-XRD150USS-002-A
2390,20260901,12,40,85,-1,3,B,0.0,0.0,0.0,False,20260901-MOROCOCHA-XRD150USS-002-B
2391,20260902,12,40,85,-1,3,A,0.0,0.0,0.0,False,20260902-MOROCOCHA-XRD150USS-002-A
2392,20260902,12,40,85,-1,3,B,0.0,0.0,0.0,False,20260902-MOROCOCHA-XRD150USS-002-B
2393,20260903,12,40,85,-1,3,A,0.0,0.0,0.0,False,20260903-MOROCOCHA-XRD150USS-002-A
2394,20260903,12,40,85,-1,3,B,0.0,0.0,0.0,False,20260903-MOROCOCHA-XRD150USS-002-B
2395,20260904,12,40,85,-1,3,A,0.0,0.0,0.0,False,20260904-MOROCOCHA-XRD150USS-002-A
2396,20260904,12,40,85,-1,3,B,0.0,0.0,0.0,False,20260904-MOROCOCHA-XRD150USS-002-B
2397,20260905,12,40,85,-1,3,A,0.0,0.0,0.0,False,20260905-MOROCOCHA-XRD150USS-002-A
2398,20260905,12,40,85,-1,3,B,0.0,0.0,0.0,False,20260905-MOROCOCHA-XRD150USS-002-B
2399,20260906,12,40,85,-1,3,A,0.0,0.0,0.0,False,20260906-MOROCOCHA-XRD150USS-002-A
2400,20260906,12,40,85,-1,3,B,0.0,0.0,0.0,False,20260906-MOROCOCHA-XRD150USS-002-B
2401,20260907,12,40,85,-1,3,A,0.0,0.0,0.0,False,20260907-MOROCOCHA-XRD150USS-002-A
2402,20260907,12,40,85,-1,3,B,0.0,0.0,0.0,False,20260907-MOROCOCHA-XRD150USS-002-B
2403,20260908,12,40,85,-1,3,A,0.0,0.0,0.0,False,20260908-MOROCOCHA-XRD150USS-002-A
2404,20260908,12,40,85,-1,3,B,0.0,0.0,0.0,False,20260908-MOROCOCHA-XRD150USS-002-B
2405,20260909,12,40,85,-1,3,A,0.0,0.0,0.0,False,20260909-MOROCOCHA-XRD150USS-002-A
2406,20260909,12,40,85,-1,3,B,0.0,0.0,0.0,False,20260909-MOROCOCHA-XRD150USS-002-B
2407,20260910,12,40,85,-1,3,A,0.0,0.0,0.0,False,20260910-MOROCOCHA-XRD150USS-002-A
2408,20260910,12,40,85,-1,3,B,0.0,0.0,0.0,False,20260910-MOROCOCHA-XRD150USS-002-B
2409,20260911,12,40,85,-1,3,A,0.0,0.0,0.0,False,20260911-MOROCOCHA-XRD150USS-002-A
2410,20260911,12,40,85,-1,3,B,0.0,0.0,0.0,False,20260911-MOROCOCHA-XRD150USS-002-B
2411,20260912,12,40,85,-1,3,A,0.0,0.0,0.0,False,20260912-MOROCOCHA-XRD150USS-002-A
2412,20260912,12,40,85,-1,3,B,0.0,0.0,0.0,False,20260912-MOROCOCHA-XRD150USS-002-B
2413,20260913,12,40,85,-1,3,A,0.0,0.0,0.0,False,20260913-MOROCOCHA-XRD150USS-002-A
2414,20260913,12,40,85,-1,3,B,0.0,0.0,0.0,False,20260913-MOROCOCHA-XRD150USS-002-B
2415,20260914,12,40,85,-1,3,A,0.0,0.0,0.0,False,20260914-MOROCOCHA-XRD150USS-002-A
2416,20260914,12,40,85,-1,3,B,0.0,0.0,0.0,False,20260914-MOROCOCHA-XRD150USS-002-B
2417,20260915,12,40,85,-1,3,A,0.0,0.0,0.0,False,20260915-MOROCOCHA-XRD150USS-002-A
2418,20260915,12,40,85,-1,3,B,0.0,0.0,0.0,False,20260915-MOROCOCHA-XRD150USS-002-B
2419,20260916,12,40,85,-1,3,A,0.0,0.0,0.0,False,20260916-MOROCOCHA-XRD150USS-002-A
2420,20260916,12,40,85,-1,3,B,0.0,0.0,0.0,False,20260916-MOROCOCHA-XRD150USS-002-B
2421,20260917,12,40,85,-1,3,A,0.0,0.0,0.0,False,20260917-MOROCOCHA-XRD150USS-002-A
2422,20260917,12,40,85,-1,3,B,0.0,0.0,0.0,False,20260917-MOROCOCHA-XRD150USS-002-B
2423,20260918,12,40,85,-1,3,A,0.0,0.0,0.0,False,20260918-MOROCOCHA-XRD150USS-002-A
2424,20260918,12,40,85,-1,3,B,0.0,0.0,0.0,False,20260918-MOROCOCHA-XRD150USS-002-B
2425,20260919,12,40,85,-1,3,A,0.0,0.0,0.0,False,20260919-MOROCOCHA-XRD150USS-002-A
2426,20260919,12,40,85,-1,3,B,0.0,0.0,0.0,False,20260919-MOROCOCHA-XRD150USS-002-B
2427,20260920,12,40,85,-1,3,A,0.0,0.0,0.0,False,20260920-MOROCOCHA-XRD150USS-002-A
2428,20260920,12,40,85,-1,3,B,0.0,0.0,0.0,False,20260920-MOROCOCHA-XRD150USS-002-B
2429,20260921,12,40,85,-1,3,A,0.0,0.0,0.0,False,20260921-MOROCOCHA-XRD150USS-002-A
2430,20260921,12,40,85,-1,3,B,0.0,0.0,0.0,False,20260921-MOROCOCHA-XRD150USS-002-B
2431,20260922,12,40,85,-1,3,A,0.0,0.0,0.0,False,20260922-MOROCOCHA-XRD150USS-002-A
2432,20260922,12,40,85,-1,3,B,0.0,0.0,0.0,False,20260922-MOROCOCHA-XRD150USS-002-B
2433,20260923,12,40,85,-1,3,A,0.0,0.0,0.0,False,20260923-MOROCOCHA-XRD150USS-002-A
2434,20260923,12,40,85,-1,3,B,0.0,0.0,0.0,False,20260923-MOROCOCHA-XRD150USS-002-B
2435,20260924,12,40,85,-1,3,A,0.0,0.0,0.0,False,20260924-MOROCOCHA-XRD150USS-002-A
2436,20260924,12,40,85,-1,3,B,0.0,0.0,0.0,False,20260924-MOROCOCHA-XRD150USS-002-B
2437,20260925,12,40,85,-1,3,A,0.0,0.0,0.0,False,20260925-MOROCOCHA-XRD150USS-002-A
2438,20260925,12,40,85,-1,3,B,0.0,0.0,0.0,False,20260925-MOROCOCHA-XRD150USS-002-B
2439,20260826,12,41,83,-1,3,A,0.0,0.0,0.0,False,20260826-MOROCOCHA-XRD80USS-011-A
2440,20260826,12,41,83,-1,3,B,0.0,0.0,0.0,False,20260826-MOROCOCHA-XRD80USS-011-B
2441,20260827,12,41,83,-1,3,A,0.0,0.0,0.0,False,20260827-MOROCOCHA-XRD80USS-011-A
2442,20260827,12,41,83,166,4,B,0.0,0.0,0.0,False,20260827-MOROCOCHA-XRD80USS-011-B
2443,20260828,12,41,83,161,4,A,0.0,0.0,0.0,False,20260828-MOROCOCHA-XRD80USS-011-A
2444,20260828,12,41,83,-1,3,B,0.0,0.0,0.0,False,20260828-MOROCOCHA-XRD80USS-011-B
2445,20260829,12,41,83,-1,3,A,0.0,0.0,0.0,False,20260829-MOROCOCHA-XRD80USS-011-A
2446,20260829,12,41,83,120,4,B,0.0,0.0,0.0,False,20260829-MOROCOCHA-XRD80USS-011-B
2447,20260830,12,41,83,-1,3,A,0.0,0.0,0.0,False,20260830-MOROCOCHA-XRD80USS-011-A
2448,20260830,12,41,83,120,4,B,0.0,0.0,0.0,False,20260830-MOROCOCHA-XRD80USS-011-B
2449,20260831,12,41,83,-1,3,A,0.0,0.0,0.0,False,20260831-MOROCOCHA-XRD80USS-011-A
2450,20260831,12,41,85,-1,3,B,0.0,0.0,0.0,False,20260831-MOROCOCHA-XRD80USS-011-B
2451,20260901,12,41,85,-1,3,A,0.0,0.0,0.0,False,20260901-MOROCOCHA-XRD80USS-011-A
2452,20260901,12,41,85,-1,3,B,0.0,0.0,0.0,False,20260901-MOROCOCHA-XRD80USS-011-B
2453,20260902,12,41,85,-1,3,A,0.0,0.0,0.0,False,20260902-MOROCOCHA-XRD80USS-011-A
2454,20260902,12,41,85,-1,3,B,0.0,0.0,0.0,False,20260902-MOROCOCHA-XRD80USS-011-B
2455,20260903,12,41,85,-1,3,A,0.0,0.0,0.0,False,20260903-MOROCOCHA-XRD80USS-011-A
2456,20260903,12,41,85,-1,3,B,0.0,0.0,0.0,False,20260903-MOROCOCHA-XRD80USS-011-B
2457,20260904,12,41,85,-1,3,A,0.0,0.0,0.0,False,20260904-MOROCOCHA-XRD80USS-011-A
2458,20260904,12,41,85,-1,3,B,0.0,0.0,0.0,False,20260904-MOROCOCHA-XRD80USS-011-B
2459,20260905,12,41,85,-1,3,A,0.0,0.0,0.0,False,20260905-MOROCOCHA-XRD80USS-011-A
2460,20260905,12,41,85,-1,3,B,0.0,0.0,0.0,False,20260905-MOROCOCHA-XRD80USS-011-B
2461,20260906,12,41,85,-1,3,A,0.0,0.0,0.0,False,20260906-MOROCOCHA-XRD80USS-011-A
2462,20260906,12,41,85,-1,3,B,0.0,0.0,0.0,False,20260906-MOROCOCHA-XRD80USS-011-B
2463,20260907,12,41,85,-1,3,A,0.0,0.0,0.0,False,20260907-MOROCOCHA-XRD80USS-011-A
2464,20260907,12,41,85,-1,3,B,0.0,0.0,0.0,False,20260907-MOROCOCHA-XRD80USS-011-B
2465,20260908,12,41,85,-1,3,A,0.0,0.0,0.0,False,20260908-MOROCOCHA-XRD80USS-011-A
2466,20260908,12,41,85,-1,3,B,0.0,0.0,0.0,False,20260908-MOROCOCHA-XRD80USS-011-B
2467,20260909,12,41,85,-1,3,A,0.0,0.0,0.0,False,20260909-MOROCOCHA-XRD80USS-011-A
2468,20260909,12,41,85,-1,3,B,0.0,0.0,0.0,False,20260909-MOROCOCHA-XRD80USS-011-B
2469,20260910,12,41,85,-1,3,A,0.0,0.0,0.0,False,20260910-MOROCOCHA-XRD80USS-011-A
2470,20260910,12,41,85,-1,3,B,0.0,0.0,0.0,False,20260910-MOROCOCHA-XRD80USS-011-B
2471,20260911,12,41,85,-1,3,A,0.0,0.0,0.0,False,20260911-MOROCOCHA-XRD80USS-011-A
2472,20260911,12,41,85,-1,3,B,0.0,0.0,0.0,False,20260911-MOROCOCHA-XRD80USS-011-B
2473,20260912,12,41,85,-1,3,A,0.0,0.0,0.0,False,20260912-MOROCOCHA-XRD80USS-011-A
2474,20260912,12,41,85,-1,3,B,0.0,0.0,0.0,False,20260912-MOROCOCHA-XRD80USS-011-B
2475,20260913,12,41,85,-1,3,A,0.0,0.0,0.0,False,20260913-MOROCOCHA-XRD80USS-011-A
2476,20260913,12,41,85,-1,3,B,0.0,0.0,0.0,False,20260913-MOROCOCHA-XRD80USS-011-B
2477,20260914,12,41,85,-1,3,A,0.0,0.0,0.0,False,20260914-MOROCOCHA-XRD80USS-011-A
2478,20260914,12,41,85,-1,3,B,0.0,0.0,0.0,False,20260914-MOROCOCHA-XRD80USS-011-B
2479,20260915,12,41,85,-1,3,A,0.0,0.0,0.0,False,20260915-MOROCOCHA-XRD80USS-011-A
2480,20260915,12,41,85,-1,3,B,0.0,0.0,0.0,False,20260915-MOROCOCHA-XRD80USS-011-B
2481,20260916,12,41,85,-1,3,A,0.0,0.0,0.0,False,20260916-MOROCOCHA-XRD80USS-011-A
2482,20260916,12,41,85,-1,3,B,0.0,0.0,0.0,False,20260916-MOROCOCHA-XRD80USS-011-B
2483,20260917,12,41,85,-1,3,A,0.0,0.0,0.0,False,20260917-MOROCOCHA-XRD80USS-011-A
2484,20260917,12,41,85,-1,3,B,0.0,0.0,0.0,False,20260917-MOROCOCHA-XRD80USS-011-B
2485,20260918,12,41,85,-1,3,A,0.0,0.0,0.0,False,20260918-MOROCOCHA-XRD80USS-011-A
2486,20260918,12,41,85,-1,3,B,0.0,0.0,0.0,False,20260918-MOROCOCHA-XRD80USS-011-B
2487,20260919,12,41,85,-1,3,A,0.0,0.0,0.0,False,20260919-MOROCOCHA-XRD80USS-011-A
2488,20260919,12,41,85,-1,3,B,0.0,0.0,0.0,False,20260919-MOROCOCHA-XRD80USS-011-B
2489,20260920,12,41,85,-1,3,A,0.0,0.0,0.0,False,20260920-MOROCOCHA-XRD80USS-011-A
2490,20260920,12,41,85,-1,3,B,0.0,0.0,0.0,False,20260920-MOROCOCHA-XRD80USS-011-B
2491,20260921,12,41,85,-1,3,A,0.0,0.0,0.0,False,20260921-MOROCOCHA-XRD80USS-011-A
2492,20260921,12,41,85,-1,3,B,0.0,0.0,0.0,False,20260921-MOROCOCHA-XRD80USS-011-B
2493,20260922,12,41,85,-1,3,A,0.0,0.0,0.0,False,20260922-MOROCOCHA-XRD80USS-011-A
2494,20260922,12,41,85,-1,3,B,0.0,0.0,0.0,False,20260922-MOROCOCHA-XRD80USS-011-B
2495,20260923,12,41,85,-1,3,A,0.0,0.0,0.0,False,20260923-MOROCOCHA-XRD80USS-011-A
2496,20260923,12,41,85,-1,3,B,0.0,0.0,0.0,False,20260923-MOROCOCHA-XRD80USS-011-B
2497,20260924,12,41,85,-1,3,A,0.0,0.0,0.0,False,20260924-MOROCOCHA-XRD80USS-011-A
2498,20260924,12,41,85,-1,3,B,0.0,0.0,0.0,False,20260924-MOROCOCHA-XRD80USS-011-B
2499,20260925,12,41,85,-1,3,A,0.0,0.0,0.0,False,20260925-MOROCOCHA-XRD80USS-011-A
2500,20260925,12,41,85,-1,3,B,0.0,0.0,0.0,False,20260925-MOROCOCHA-XRD80USS-011-B
2501,20260826,13,46,88,85,1,A,90.67,99.49,8.82,False,20260826-RAURA-XRD90USS-004-A
2502,20260826,13,46,90,215,1,B,0.0,18.02,18.02,False,20260826-RAURA-XRD90USS-004-B
2503,20260827,13,46,90,85,1,A,18.02,40.3,22.28,False,20260827-RAURA-XRD90USS-004-A
2504,20260827,13,46,90,215,1,B,40.3,77.79,37.49,False,20260827-RAURA-XRD90USS-004-B
2505,20260828,13,46,90,85,1,A,77.79,100.11,22.32,False,20260828-RAURA-XRD90USS-004-A
2506,20260828,13,46,90,215,1,B,100.11,106.39,6.28,False,20260828-RAURA-XRD90USS-004-B
2507,20260829,13,46,91,85,1,A,0.0,23.86,23.86,False,20260829-RAURA-XRD90USS-004-A
2508,20260829,13,46,91,215,1,B,23.86,53.98,30.12,False,20260829-RAURA-XRD90USS-004-B
2509,20260830,13,46,91,85,1,A,53.98,88.32,34.34,False,20260830-RAURA-XRD90USS-004-A
2510,20260830,13,46,91,215,1,B,88.32,103.45,15.13,False,20260830-RAURA-XRD90USS-004-B
2511,20260831,13,46,91,-1,3,A,0.0,0.0,0.0,False,20260831-RAURA-XRD90USS-004-A
2512,20260831,13,46,93,-1,3,B,0.0,0.0,0.0,False,20260831-RAURA-XRD90USS-004-B
2513,20260801,13,46,93,-1,3,A,0.0,0.0,0.0,False,20260801-RAURA-XRD90USS-004-A
2514,20260801,13,46,93,-1,3,B,0.0,0.0,0.0,False,20260801-RAURA-XRD90USS-004-B
2515,20260802,13,46,93,-1,3,A,0.0,0.0,0.0,False,20260802-RAURA-XRD90USS-004-A
2516,20260802,13,46,93,-1,3,B,0.0,0.0,0.0,False,20260802-RAURA-XRD90USS-004-B
2517,20260803,13,46,93,-1,3,A,0.0,0.0,0.0,False,20260803-RAURA-XRD90USS-004-A
2518,20260803,13,46,93,-1,3,B,0.0,0.0,0.0,False,20260803-RAURA-XRD90USS-004-B
2519,20260804,13,46,93,-1,3,A,0.0,0.0,0.0,False,20260804-RAURA-XRD90USS-004-A
2520,20260804,13,46,93,-1,3,B,0.0,0.0,0.0,False,20260804-RAURA-XRD90USS-004-B
2521,20260805,13,46,93,-1,3,A,0.0,0.0,0.0,False,20260805-RAURA-XRD90USS-004-A
2522,20260805,13,46,93,-1,3,B,0.0,0.0,0.0,False,20260805-RAURA-XRD90USS-004-B
2523,20260806,13,46,93,-1,3,A,0.0,0.0,0.0,False,20260806-RAURA-XRD90USS-004-A
2524,20260806,13,46,93,-1,3,B,0.0,0.0,0.0,False,20260806-RAURA-XRD90USS-004-B
2525,20260807,13,46,93,-1,3,A,0.0,0.0,0.0,False,20260807-RAURA-XRD90USS-004-A
2526,20260807,13,46,93,-1,3,B,0.0,0.0,0.0,False,20260807-RAURA-XRD90USS-004-B
2527,20260808,13,46,93,-1,3,A,0.0,0.0,0.0,False,20260808-RAURA-XRD90USS-004-A
2528,20260808,13,46,93,-1,3,B,0.0,0.0,0.0,False,20260808-RAURA-XRD90USS-004-B
2529,20260809,13,46,93,-1,3,A,0.0,0.0,0.0,False,20260809-RAURA-XRD90USS-004-A
2530,20260809,13,46,93,-1,3,B,0.0,0.0,0.0,False,20260809-RAURA-XRD90USS-004-B
2531,20260810,13,46,93,-1,3,A,0.0,0.0,0.0,False,20260810-RAURA-XRD90USS-004-A
2532,20260810,13,46,93,-1,3,B,0.0,0.0,0.0,False,20260810-RAURA-XRD90USS-004-B
2533,20260811,13,46,93,-1,3,A,0.0,0.0,0.0,False,20260811-RAURA-XRD90USS-004-A
2534,20260811,13,46,93,-1,3,B,0.0,0.0,0.0,False,20260811-RAURA-XRD90USS-004-B
2535,20260812,13,46,93,-1,3,A,0.0,0.0,0.0,False,20260812-RAURA-XRD90USS-004-A
2536,20260812,13,46,93,-1,3,B,0.0,0.0,0.0,False,20260812-RAURA-XRD90USS-004-B
2537,20260813,13,46,93,-1,3,A,0.0,0.0,0.0,False,20260813-RAURA-XRD90USS-004-A
2538,20260813,13,46,93,-1,3,B,0.0,0.0,0.0,False,20260813-RAURA-XRD90USS-004-B
2539,20260814,13,46,93,-1,3,A,0.0,0.0,0.0,False,20260814-RAURA-XRD90USS-004-A
2540,20260814,13,46,93,-1,3,B,0.0,0.0,0.0,False,20260814-RAURA-XRD90USS-004-B
2541,20260815,13,46,93,-1,3,A,0.0,0.0,0.0,False,20260815-RAURA-XRD90USS-004-A
2542,20260815,13,46,93,-1,3,B,0.0,0.0,0.0,False,20260815-RAURA-XRD90USS-004-B
2543,20260816,13,46,93,-1,3,A,0.0,0.0,0.0,False,20260816-RAURA-XRD90USS-004-A
2544,20260816,13,46,93,-1,3,B,0.0,0.0,0.0,False,20260816-RAURA-XRD90USS-004-B
2545,20260817,13,46,93,-1,3,A,0.0,0.0,0.0,False,20260817-RAURA-XRD90USS-004-A
2546,20260817,13,46,93,-1,3,B,0.0,0.0,0.0,False,20260817-RAURA-XRD90USS-004-B
2547,20260818,13,46,93,-1,3,A,0.0,0.0,0.0,False,20260818-RAURA-XRD90USS-004-A
2548,20260818,13,46,93,-1,3,B,0.0,0.0,0.0,False,20260818-RAURA-XRD90USS-004-B
2549,20260819,13,46,93,-1,3,A,0.0,0.0,0.0,False,20260819-RAURA-XRD90USS-004-A
2550,20260819,13,46,93,-1,3,B,0.0,0.0,0.0,False,20260819-RAURA-XRD90USS-004-B
2551,20260820,13,46,93,-1,3,A,0.0,0.0,0.0,False,20260820-RAURA-XRD90USS-004-A
2552,20260820,13,46,93,-1,3,B,0.0,0.0,0.0,False,20260820-RAURA-XRD90USS-004-B
2553,20260821,13,46,93,-1,3,A,0.0,0.0,0.0,False,20260821-RAURA-XRD90USS-004-A
2554,20260821,13,46,93,-1,3,B,0.0,0.0,0.0,False,20260821-RAURA-XRD90USS-004-B
2555,20260822,13,46,93,-1,3,A,0.0,0.0,0.0,False,20260822-RAURA-XRD90USS-004-A
2556,20260822,13,46,93,-1,3,B,0.0,0.0,0.0,False,20260822-RAURA-XRD90USS-004-B
2557,20260823,13,46,93,-1,3,A,0.0,0.0,0.0,False,20260823-RAURA-XRD90USS-004-A
2558,20260823,13,46,93,-1,3,B,0.0,0.0,0.0,False,20260823-RAURA-XRD90USS-004-B
2559,20260824,13,46,93,-1,3,A,0.0,0.0,0.0,False,20260824-RAURA-XRD90USS-004-A
2560,20260824,13,46,93,-1,3,B,0.0,0.0,0.0,False,20260824-RAURA-XRD90USS-004-B
2561,20260825,13,46,93,-1,3,A,0.0,0.0,0.0,False,20260825-RAURA-XRD90USS-004-A
2562,20260825,13,46,93,-1,3,B,0.0,0.0,0.0,False,20260825-RAURA-XRD90USS-004-B
2563,20260826,13,45,89,401,1,A,33.86,55.8,21.94,False,20260826-RAURA-XRD90USS-001-A
2564,20260826,13,45,89,308,1,B,55.8,0.0,0.0,False,20260826-RAURA-XRD90USS-001-B
2565,20260827,13,45,89,401,1,A,55.8,68.61,12.81,False,20260827-RAURA-XRD90USS-001-A
2566,20260827,13,45,89,308,1,B,68.61,75.06,6.45,False,20260827-RAURA-XRD90USS-001-B
2567,20260827,13,45,89,308,1,B,75.06,90.43,15.37,False,20260827-RAURA-XRD90USS-001-B
2568,20260828,13,45,89,401,1,A,90.43,106.61,16.18,False,20260828-RAURA-XRD90USS-001-A
2569,20260828,13,45,89,308,1,B,106.61,112.61,6.0,False,20260828-RAURA-XRD90USS-001-B
2570,20260829,13,45,92,401,1,A,0.0,5.58,5.58,False,20260829-RAURA-XRD90USS-001-A
2571,20260829,13,45,92,308,1,B,5.58,27.51,21.93,False,20260829-RAURA-XRD90USS-001-B
2572,20260830,13,45,92,401,1,A,27.51,0.0,0.0,False,20260830-RAURA-XRD90USS-001-A
2573,20260830,13,45,92,308,1,B,27.51,52.3,24.79,False,20260830-RAURA-XRD90USS-001-B
2574,20260831,13,45,92,-1,3,A,0.0,0.0,0.0,False,20260831-RAURA-XRD90USS-001-A
2575,20260831,13,45,93,-1,3,B,0.0,0.0,0.0,False,20260831-RAURA-XRD90USS-001-B
2576,20260801,13,45,93,-1,3,A,0.0,0.0,0.0,False,20260801-RAURA-XRD90USS-001-A
2577,20260801,13,45,93,-1,3,B,0.0,0.0,0.0,False,20260801-RAURA-XRD90USS-001-B
2578,20260802,13,45,93,-1,3,A,0.0,0.0,0.0,False,20260802-RAURA-XRD90USS-001-A
2579,20260802,13,45,93,-1,3,B,0.0,0.0,0.0,False,20260802-RAURA-XRD90USS-001-B
2580,20260803,13,45,93,-1,3,A,0.0,0.0,0.0,False,20260803-RAURA-XRD90USS-001-A
2581,20260803,13,45,93,-1,3,B,0.0,0.0,0.0,False,20260803-RAURA-XRD90USS-001-B
2582,20260804,13,45,93,-1,3,A,0.0,0.0,0.0,False,20260804-RAURA-XRD90USS-001-A
2583,20260804,13,45,93,-1,3,B,0.0,0.0,0.0,False,20260804-RAURA-XRD90USS-001-B
2584,20260805,13,45,93,-1,3,A,0.0,0.0,0.0,False,20260805-RAURA-XRD90USS-001-A
2585,20260805,13,45,93,-1,3,B,0.0,0.0,0.0,False,20260805-RAURA-XRD90USS-001-B
2586,20260806,13,45,93,-1,3,A,0.0,0.0,0.0,False,20260806-RAURA-XRD90USS-001-A
2587,20260806,13,45,93,-1,3,B,0.0,0.0,0.0,False,20260806-RAURA-XRD90USS-001-B
2588,20260807,13,45,93,-1,3,A,0.0,0.0,0.0,False,20260807-RAURA-XRD90USS-001-A
2589,20260807,13,45,93,-1,3,B,0.0,0.0,0.0,False,20260807-RAURA-XRD90USS-001-B
2590,20260808,13,45,93,-1,3,A,0.0,0.0,0.0,False,20260808-RAURA-XRD90USS-001-A
2591,20260808,13,45,93,-1,3,B,0.0,0.0,0.0,False,20260808-RAURA-XRD90USS-001-B
2592,20260809,13,45,93,-1,3,A,0.0,0.0,0.0,False,20260809-RAURA-XRD90USS-001-A
2593,20260809,13,45,93,-1,3,B,0.0,0.0,0.0,False,20260809-RAURA-XRD90USS-001-B
2594,20260810,13,45,93,-1,3,A,0.0,0.0,0.0,False,20260810-RAURA-XRD90USS-001-A
2595,20260810,13,45,93,-1,3,B,0.0,0.0,0.0,False,20260810-RAURA-XRD90USS-001-B
2596,20260811,13,45,93,-1,3,A,0.0,0.0,0.0,False,20260811-RAURA-XRD90USS-001-A
2597,20260811,13,45,93,-1,3,B,0.0,0.0,0.0,False,20260811-RAURA-XRD90USS-001-B
2598,20260812,13,45,93,-1,3,A,0.0,0.0,0.0,False,20260812-RAURA-XRD90USS-001-A
2599,20260812,13,45,93,-1,3,B,0.0,0.0,0.0,False,20260812-RAURA-XRD90USS-001-B
2600,20260813,13,45,93,-1,3,A,0.0,0.0,0.0,False,20260813-RAURA-XRD90USS-001-A
2601,20260813,13,45,93,-1,3,B,0.0,0.0,0.0,False,20260813-RAURA-XRD90USS-001-B
2602,20260814,13,45,93,-1,3,A,0.0,0.0,0.0,False,20260814-RAURA-XRD90USS-001-A
2603,20260814,13,45,93,-1,3,B,0.0,0.0,0.0,False,20260814-RAURA-XRD90USS-001-B
2604,20260815,13,45,93,-1,3,A,0.0,0.0,0.0,False,20260815-RAURA-XRD90USS-001-A
2605,20260815,13,45,93,-1,3,B,0.0,0.0,0.0,False,20260815-RAURA-XRD90USS-001-B
2606,20260816,13,45,93,-1,3,A,0.0,0.0,0.0,False,20260816-RAURA-XRD90USS-001-A
2607,20260816,13,45,93,-1,3,B,0.0,0.0,0.0,False,20260816-RAURA-XRD90USS-001-B
2608,20260817,13,45,93,-1,3,A,0.0,0.0,0.0,False,20260817-RAURA-XRD90USS-001-A
2609,20260817,13,45,93,-1,3,B,0.0,0.0,0.0,False,20260817-RAURA-XRD90USS-001-B
2610,20260818,13,45,93,-1,3,A,0.0,0.0,0.0,False,20260818-RAURA-XRD90USS-001-A
2611,20260818,13,45,93,-1,3,B,0.0,0.0,0.0,False,20260818-RAURA-XRD90USS-001-B
2612,20260819,13,45,93,-1,3,A,0.0,0.0,0.0,False,20260819-RAURA-XRD90USS-001-A
2613,20260819,13,45,93,-1,3,B,0.0,0.0,0.0,False,20260819-RAURA-XRD90USS-001-B
2614,20260820,13,45,93,-1,3,A,0.0,0.0,0.0,False,20260820-RAURA-XRD90USS-001-A
2615,20260820,13,45,93,-1,3,B,0.0,0.0,0.0,False,20260820-RAURA-XRD90USS-001-B
2616,20260821,13,45,93,-1,3,A,0.0,0.0,0.0,False,20260821-RAURA-XRD90USS-001-A
2617,20260821,13,45,93,-1,3,B,0.0,0.0,0.0,False,20260821-RAURA-XRD90USS-001-B
2618,20260822,13,45,93,-1,3,A,0.0,0.0,0.0,False,20260822-RAURA-XRD90USS-001-A
2619,20260822,13,45,93,-1,3,B,0.0,0.0,0.0,False,20260822-RAURA-XRD90USS-001-B
2620,20260823,13,45,93,-1,3,A,0.0,0.0,0.0,False,20260823-RAURA-XRD90USS-001-A
2621,20260823,13,45,93,-1,3,B,0.0,0.0,0.0,False,20260823-RAURA-XRD90USS-001-B
2622,20260824,13,45,93,-1,3,A,0.0,0.0,0.0,False,20260824-RAURA-XRD90USS-001-A
2623,20260824,13,45,93,-1,3,B,0.0,0.0,0.0,False,20260824-RAURA-XRD90USS-001-B
2624,20260825,13,45,93,-1,3,A,0.0,0.0,0.0,False,20260825-RAURA-XRD90USS-001-A
2625,20260826,13,44,93,394,3,A,0.0,0.0,0.0,False,20260826-RAURA-XRD150UBT-001-A
2626,20260826,13,44,93,233,3,B,0.0,0.0,0.0,False,20260826-RAURA-XRD150UBT-001-B
2627,20260827,13,44,87,394,2,A,0.0,34.33,34.33,False,20260827-RAURA-XRD150UBT-001-A
2628,20260827,13,44,87,233,2,B,34.33,62.0,27.67,False,20260827-RAURA-XRD150UBT-001-B
2629,20260828,13,44,87,394,2,A,62.0,93.02,31.02,False,20260828-RAURA-XRD150UBT-001-A
2630,20260828,13,44,87,233,2,B,93.02,113.45,20.43,False,20260828-RAURA-XRD150UBT-001-B
2631,20260829,13,44,87,394,2,A,113.45,128.96,15.51,False,20260829-RAURA-XRD150UBT-001-A
2632,20260829,13,44,87,233,2,B,128.96,146.04,17.08,False,20260829-RAURA-XRD150UBT-001-B
2633,20260830,13,44,87,394,2,A,146.04,165.67,19.63,False,20260830-RAURA-XRD150UBT-001-A
2634,20260830,13,44,87,233,2,B,165.67,177.9,12.23,False,20260830-RAURA-XRD150UBT-001-B
2635,20260831,13,44,87,-1,3,A,0.0,0.0,0.0,False,20260831-RAURA-XRD150UBT-001-A
2636,20260831,13,44,93,-1,3,B,0.0,0.0,0.0,False,20260831-RAURA-XRD150UBT-001-B
2637,20260801,13,44,93,-1,3,A,0.0,0.0,0.0,False,20260801-RAURA-XRD150UBT-001-A
2638,20260801,13,44,93,-1,3,B,0.0,0.0,0.0,False,20260801-RAURA-XRD150UBT-001-B
2639,20260802,13,44,93,-1,3,A,0.0,0.0,0.0,False,20260802-RAURA-XRD150UBT-001-A
2640,20260802,13,44,93,-1,3,B,0.0,0.0,0.0,False,20260802-RAURA-XRD150UBT-001-B
2641,20260803,13,44,93,-1,3,A,0.0,0.0,0.0,False,20260803-RAURA-XRD150UBT-001-A
2642,20260803,13,44,93,-1,3,B,0.0,0.0,0.0,False,20260803-RAURA-XRD150UBT-001-B
2643,20260804,13,44,93,-1,3,A,0.0,0.0,0.0,False,20260804-RAURA-XRD150UBT-001-A
2644,20260804,13,44,93,-1,3,B,0.0,0.0,0.0,False,20260804-RAURA-XRD150UBT-001-B
2645,20260805,13,44,93,-1,3,A,0.0,0.0,0.0,False,20260805-RAURA-XRD150UBT-001-A
2646,20260805,13,44,93,-1,3,B,0.0,0.0,0.0,False,20260805-RAURA-XRD150UBT-001-B
2647,20260806,13,44,93,-1,3,A,0.0,0.0,0.0,False,20260806-RAURA-XRD150UBT-001-A
2648,20260806,13,44,93,-1,3,B,0.0,0.0,0.0,False,20260806-RAURA-XRD150UBT-001-B
2649,20260807,13,44,93,-1,3,A,0.0,0.0,0.0,False,20260807-RAURA-XRD150UBT-001-A
2650,20260807,13,44,93,-1,3,B,0.0,0.0,0.0,False,20260807-RAURA-XRD150UBT-001-B
2651,20260808,13,44,93,-1,3,A,0.0,0.0,0.0,False,20260808-RAURA-XRD150UBT-001-A
2652,20260808,13,44,93,-1,3,B,0.0,0.0,0.0,False,20260808-RAURA-XRD150UBT-001-B
2653,20260809,13,44,93,-1,3,A,0.0,0.0,0.0,False,20260809-RAURA-XRD150UBT-001-A
2654,20260809,13,44,93,-1,3,B,0.0,0.0,0.0,False,20260809-RAURA-XRD150UBT-001-B
2655,20260810,13,44,93,-1,3,A,0.0,0.0,0.0,False,20260810-RAURA-XRD150UBT-001-A
2656,20260810,13,44,93,-1,3,B,0.0,0.0,0.0,False,20260810-RAURA-XRD150UBT-001-B
2657,20260811,13,44,93,-1,3,A,0.0,0.0,0.0,False,20260811-RAURA-XRD150UBT-001-A
2658,20260811,13,44,93,-1,3,B,0.0,0.0,0.0,False,20260811-RAURA-XRD150UBT-001-B
2659,20260812,13,44,93,-1,3,A,0.0,0.0,0.0,False,20260812-RAURA-XRD150UBT-001-A
2660,20260812,13,44,93,-1,3,B,0.0,0.0,0.0,False,20260812-RAURA-XRD150UBT-001-B
2661,20260813,13,44,93,-1,3,A,0.0,0.0,0.0,False,20260813-RAURA-XRD150UBT-001-A
2662,20260813,13,44,93,-1,3,B,0.0,0.0,0.0,False,20260813-RAURA-XRD150UBT-001-B
2663,20260814,13,44,93,-1,3,A,0.0,0.0,0.0,False,20260814-RAURA-XRD150UBT-001-A
2664,20260814,13,44,93,-1,3,B,0.0,0.0,0.0,False,20260814-RAURA-XRD150UBT-001-B
2665,20260815,13,44,93,-1,3,A,0.0,0.0,0.0,False,20260815-RAURA-XRD150UBT-001-A
2666,20260815,13,44,93,-1,3,B,0.0,0.0,0.0,False,20260815-RAURA-XRD150UBT-001-B
2667,20260816,13,44,93,-1,3,A,0.0,0.0,0.0,False,20260816-RAURA-XRD150UBT-001-A
2668,20260816,13,44,93,-1,3,B,0.0,0.0,0.0,False,20260816-RAURA-XRD150UBT-001-B
2669,20260817,13,44,93,-1,3,A,0.0,0.0,0.0,False,20260817-RAURA-XRD150UBT-001-A
2670,20260817,13,44,93,-1,3,B,0.0,0.0,0.0,False,20260817-RAURA-XRD150UBT-001-B
2671,20260818,13,44,93,-1,3,A,0.0,0.0,0.0,False,20260818-RAURA-XRD150UBT-001-A
2672,20260818,13,44,93,-1,3,B,0.0,0.0,0.0,False,20260818-RAURA-XRD150UBT-001-B
2673,20260819,13,44,93,-1,3,A,0.0,0.0,0.0,False,20260819-RAURA-XRD150UBT-001-A
2674,20260819,13,44,93,-1,3,B,0.0,0.0,0.0,False,20260819-RAURA-XRD150UBT-001-B
2675,20260820,13,44,93,-1,3,A,0.0,0.0,0.0,False,20260820-RAURA-XRD150UBT-001-A
2676,20260820,13,44,93,-1,3,B,0.0,0.0,0.0,False,20260820-RAURA-XRD150UBT-001-B
2677,20260821,13,44,93,-1,3,A,0.0,0.0,0.0,False,20260821-RAURA-XRD150UBT-001-A
2678,20260821,13,44,93,-1,3,B,0.0,0.0,0.0,False,20260821-RAURA-XRD150UBT-001-B
2679,20260822,13,44,93,-1,3,A,0.0,0.0,0.0,False,20260822-RAURA-XRD150UBT-001-A
2680,20260822,13,44,93,-1,3,B,0.0,0.0,0.0,False,20260822-RAURA-XRD150UBT-001-B
2681,20260823,13,44,93,-1,3,A,0.0,0.0,0.0,False,20260823-RAURA-XRD150UBT-001-A
2682,20260823,13,44,93,-1,3,B,0.0,0.0,0.0,False,20260823-RAURA-XRD150UBT-001-B
2683,20260824,13,44,93,-1,3,A,0.0,0.0,0.0,False,20260824-RAURA-XRD150UBT-001-A
2684,20260824,13,44,93,-1,3,B,0.0,0.0,0.0,False,20260824-RAURA-XRD150UBT-001-B
2685,20260825,13,44,93,-1,3,A,0.0,0.0,0.0,False,20260825-RAURA-XRD150UBT-001-A
2686,20260825,13,44,93,-1,3,B,0.0,0.0,0.0,False,20260825-RAURA-XRD150UBT-001-B
2687,20260826,13,43,86,351,2,A,83.36,95.92,12.56,False,20260826-RAURA-XRD150U-005-A
2688,20260826,13,43,86,229,2,B,95.92,111.15,15.23,False,20260826-RAURA-XRD150U-005-B
2689,20260827,13,43,86,351,2,A,111.15,117.83,6.68,False,20260827-RAURA-XRD150U-005-A
2690,20260827,13,43,86,229,2,B,117.83,123.85,6.02,False,20260827-RAURA-XRD150U-005-B
2691,20260828,13,43,86,351,2,A,123.85,136.61,12.76,False,20260828-RAURA-XRD150U-005-A
2692,20260828,13,43,86,229,2,B,136.61,157.53,20.92,False,20260828-RAURA-XRD150U-005-B
2693,20260829,13,43,86,351,2,A,157.53,171.75,14.22,False,20260829-RAURA-XRD150U-005-A
2694,20260829,13,43,86,229,2,B,171.75,176.44,4.69,False,20260829-RAURA-XRD150U-005-B
2695,20260830,13,43,86,351,2,A,176.44,182.63,6.19,False,20260830-RAURA-XRD150U-005-A
2696,20260830,13,43,86,229,2,B,182.63,189.58,6.95,False,20260830-RAURA-XRD150U-005-B
2697,20260831,13,43,86,-1,3,A,0.0,0.0,0.0,False,20260831-RAURA-XRD150U-005-A
2698,20260831,13,43,93,-1,3,B,0.0,0.0,0.0,False,20260831-RAURA-XRD150U-005-B
2699,20260801,13,43,93,-1,3,A,0.0,0.0,0.0,False,20260801-RAURA-XRD150U-005-A
2700,20260801,13,43,93,-1,3,B,0.0,0.0,0.0,False,20260801-RAURA-XRD150U-005-B
2701,20260802,13,43,93,-1,3,A,0.0,0.0,0.0,False,20260802-RAURA-XRD150U-005-A
2702,20260802,13,43,93,-1,3,B,0.0,0.0,0.0,False,20260802-RAURA-XRD150U-005-B
2703,20260803,13,43,93,-1,3,A,0.0,0.0,0.0,False,20260803-RAURA-XRD150U-005-A
2704,20260803,13,43,93,-1,3,B,0.0,0.0,0.0,False,20260803-RAURA-XRD150U-005-B
2705,20260804,13,43,93,-1,3,A,0.0,0.0,0.0,False,20260804-RAURA-XRD150U-005-A
2706,20260804,13,43,93,-1,3,B,0.0,0.0,0.0,False,20260804-RAURA-XRD150U-005-B
2707,20260805,13,43,93,-1,3,A,0.0,0.0,0.0,False,20260805-RAURA-XRD150U-005-A
2708,20260805,13,43,93,-1,3,B,0.0,0.0,0.0,False,20260805-RAURA-XRD150U-005-B
2709,20260806,13,43,93,-1,3,A,0.0,0.0,0.0,False,20260806-RAURA-XRD150U-005-A
2710,20260806,13,43,93,-1,3,B,0.0,0.0,0.0,False,20260806-RAURA-XRD150U-005-B
2711,20260807,13,43,93,-1,3,A,0.0,0.0,0.0,False,20260807-RAURA-XRD150U-005-A
2712,20260807,13,43,93,-1,3,B,0.0,0.0,0.0,False,20260807-RAURA-XRD150U-005-B
2713,20260808,13,43,93,-1,3,A,0.0,0.0,0.0,False,20260808-RAURA-XRD150U-005-A
2714,20260808,13,43,93,-1,3,B,0.0,0.0,0.0,False,20260808-RAURA-XRD150U-005-B
2715,20260809,13,43,93,-1,3,A,0.0,0.0,0.0,False,20260809-RAURA-XRD150U-005-A
2716,20260809,13,43,93,-1,3,B,0.0,0.0,0.0,False,20260809-RAURA-XRD150U-005-B
2717,20260810,13,43,93,-1,3,A,0.0,0.0,0.0,False,20260810-RAURA-XRD150U-005-A
2718,20260810,13,43,93,-1,3,B,0.0,0.0,0.0,False,20260810-RAURA-XRD150U-005-B
2719,20260811,13,43,93,-1,3,A,0.0,0.0,0.0,False,20260811-RAURA-XRD150U-005-A
2720,20260811,13,43,93,-1,3,B,0.0,0.0,0.0,False,20260811-RAURA-XRD150U-005-B
2721,20260812,13,43,93,-1,3,A,0.0,0.0,0.0,False,20260812-RAURA-XRD150U-005-A
2722,20260812,13,43,93,-1,3,B,0.0,0.0,0.0,False,20260812-RAURA-XRD150U-005-B
2723,20260813,13,43,93,-1,3,A,0.0,0.0,0.0,False,20260813-RAURA-XRD150U-005-A
2724,20260813,13,43,93,-1,3,B,0.0,0.0,0.0,False,20260813-RAURA-XRD150U-005-B
2725,20260814,13,43,93,-1,3,A,0.0,0.0,0.0,False,20260814-RAURA-XRD150U-005-A
2726,20260814,13,43,93,-1,3,B,0.0,0.0,0.0,False,20260814-RAURA-XRD150U-005-B
2727,20260815,13,43,93,-1,3,A,0.0,0.0,0.0,False,20260815-RAURA-XRD150U-005-A
2728,20260815,13,43,93,-1,3,B,0.0,0.0,0.0,False,20260815-RAURA-XRD150U-005-B
2729,20260816,13,43,93,-1,3,A,0.0,0.0,0.0,False,20260816-RAURA-XRD150U-005-A
2730,20260816,13,43,93,-1,3,B,0.0,0.0,0.0,False,20260816-RAURA-XRD150U-005-B
2731,20260817,13,43,93,-1,3,A,0.0,0.0,0.0,False,20260817-RAURA-XRD150U-005-A
2732,20260817,13,43,93,-1,3,B,0.0,0.0,0.0,False,20260817-RAURA-XRD150U-005-B
2733,20260818,13,43,93,-1,3,A,0.0,0.0,0.0,False,20260818-RAURA-XRD150U-005-A
2734,20260818,13,43,93,-1,3,B,0.0,0.0,0.0,False,20260818-RAURA-XRD150U-005-B
2735,20260819,13,43,93,-1,3,A,0.0,0.0,0.0,False,20260819-RAURA-XRD150U-005-A
2736,20260819,13,43,93,-1,3,B,0.0,0.0,0.0,False,20260819-RAURA-XRD150U-005-B
2737,20260820,13,43,93,-1,3,A,0.0,0.0,0.0,False,20260820-RAURA-XRD150U-005-A
2738,20260820,13,43,93,-1,3,B,0.0,0.0,0.0,False,20260820-RAURA-XRD150U-005-B
2739,20260821,13,43,93,-1,3,A,0.0,0.0,0.0,False,20260821-RAURA-XRD150U-005-A
2740,20260821,13,43,93,-1,3,B,0.0,0.0,0.0,False,20260821-RAURA-XRD150U-005-B
2741,20260822,13,43,93,-1,3,A,0.0,0.0,0.0,False,20260822-RAURA-XRD150U-005-A
2742,20260822,13,43,93,-1,3,B,0.0,0.0,0.0,False,20260822-RAURA-XRD150U-005-B
2743,20260823,13,43,93,-1,3,A,0.0,0.0,0.0,False,20260823-RAURA-XRD150U-005-A
2744,20260823,13,43,93,-1,3,B,0.0,0.0,0.0,False,20260823-RAURA-XRD150U-005-B
2745,20260824,13,43,93,-1,3,A,0.0,0.0,0.0,False,20260824-RAURA-XRD150U-005-A
2746,20260824,13,43,93,-1,3,B,0.0,0.0,0.0,False,20260824-RAURA-XRD150U-005-B
2747,20260825,13,43,93,-1,3,A,0.0,0.0,0.0,False,20260825-RAURA-XRD150U-005-A
2748,20260825,13,43,93,-1,3,B,0.0,0.0,0.0,False,20260825-RAURA-XRD150U-005-B
2749,20260826,14,50,95,191,2,A,140.0,142.0,2.0,False,20260826-SAN CRISTOBAL-XRD90U-023-A
2750,20260826,14,50,95,140,2,B,142.0,144.2,2.2,False,20260826-SAN CRISTOBAL-XRD90U-023-B
2751,20260827,14,50,95,191,2,A,144.2,145.5,1.3,False,20260827-SAN CRISTOBAL-XRD90U-023-A
2752,20260827,14,50,95,140,3,B,145.5,0.0,0.0,False,20260827-SAN CRISTOBAL-XRD90U-023-B
2753,20260828,14,50,95,191,3,A,0.0,0.0,0.0,False,20260828-SAN CRISTOBAL-XRD90U-023-A
2754,20260828,14,50,97,140,2,B,0.0,27.15,27.15,False,20260828-SAN CRISTOBAL-XRD90U-023-B
2755,20260829,14,50,97,191,3,A,27.15,0.0,0.0,False,20260829-SAN CRISTOBAL-XRD90U-023-A
2756,20260829,14,50,98,140,3,B,0.0,0.0,0.0,False,20260829-SAN CRISTOBAL-XRD90U-023-B
2757,20260830,14,50,98,191,3,A,0.0,0.0,0.0,False,20260830-SAN CRISTOBAL-XRD90U-023-A
2758,20260830,14,50,98,140,3,B,0.0,0.0,0.0,False,20260830-SAN CRISTOBAL-XRD90U-023-B
2759,20260831,14,50,98,-1,3,A,0.0,0.0,0.0,False,20260831-SAN CRISTOBAL-XRD90U-023-A
2760,20260831,14,50,98,-1,3,B,0.0,0.0,0.0,False,20260831-SAN CRISTOBAL-XRD90U-023-B
2761,20260801,14,50,98,-1,3,A,0.0,0.0,0.0,False,20260801-SAN CRISTOBAL-XRD90U-023-A
2762,20260801,14,50,98,-1,3,B,0.0,0.0,0.0,False,20260801-SAN CRISTOBAL-XRD90U-023-B
2763,20260802,14,50,98,-1,3,A,0.0,0.0,0.0,False,20260802-SAN CRISTOBAL-XRD90U-023-A
2764,20260802,14,50,98,-1,3,B,0.0,0.0,0.0,False,20260802-SAN CRISTOBAL-XRD90U-023-B
2765,20260803,14,50,98,-1,3,A,0.0,0.0,0.0,False,20260803-SAN CRISTOBAL-XRD90U-023-A
2766,20260803,14,50,98,-1,3,B,0.0,0.0,0.0,False,20260803-SAN CRISTOBAL-XRD90U-023-B
2767,20260804,14,50,98,-1,3,A,0.0,0.0,0.0,False,20260804-SAN CRISTOBAL-XRD90U-023-A
2768,20260804,14,50,98,-1,3,B,0.0,0.0,0.0,False,20260804-SAN CRISTOBAL-XRD90U-023-B
2769,20260805,14,50,98,-1,3,A,0.0,0.0,0.0,False,20260805-SAN CRISTOBAL-XRD90U-023-A
2770,20260805,14,50,98,-1,3,B,0.0,0.0,0.0,False,20260805-SAN CRISTOBAL-XRD90U-023-B
2771,20260806,14,50,98,-1,3,A,0.0,0.0,0.0,False,20260806-SAN CRISTOBAL-XRD90U-023-A
2772,20260806,14,50,98,-1,3,B,0.0,0.0,0.0,False,20260806-SAN CRISTOBAL-XRD90U-023-B
2773,20260807,14,50,98,-1,3,A,0.0,0.0,0.0,False,20260807-SAN CRISTOBAL-XRD90U-023-A
2774,20260807,14,50,98,-1,3,B,0.0,0.0,0.0,False,20260807-SAN CRISTOBAL-XRD90U-023-B
2775,20260808,14,50,98,-1,3,A,0.0,0.0,0.0,False,20260808-SAN CRISTOBAL-XRD90U-023-A
2776,20260808,14,50,98,-1,3,B,0.0,0.0,0.0,False,20260808-SAN CRISTOBAL-XRD90U-023-B
2777,20260809,14,50,98,-1,3,A,0.0,0.0,0.0,False,20260809-SAN CRISTOBAL-XRD90U-023-A
2778,20260809,14,50,98,-1,3,B,0.0,0.0,0.0,False,20260809-SAN CRISTOBAL-XRD90U-023-B
2779,20260810,14,50,98,-1,3,A,0.0,0.0,0.0,False,20260810-SAN CRISTOBAL-XRD90U-023-A
2780,20260810,14,50,98,-1,3,B,0.0,0.0,0.0,False,20260810-SAN CRISTOBAL-XRD90U-023-B
2781,20260811,14,50,98,-1,3,A,0.0,0.0,0.0,False,20260811-SAN CRISTOBAL-XRD90U-023-A
2782,20260811,14,50,98,-1,3,B,0.0,0.0,0.0,False,20260811-SAN CRISTOBAL-XRD90U-023-B
2783,20260812,14,50,98,-1,3,A,0.0,0.0,0.0,False,20260812-SAN CRISTOBAL-XRD90U-023-A
2784,20260812,14,50,98,-1,3,B,0.0,0.0,0.0,False,20260812-SAN CRISTOBAL-XRD90U-023-B
2785,20260813,14,50,98,-1,3,A,0.0,0.0,0.0,False,20260813-SAN CRISTOBAL-XRD90U-023-A
2786,20260813,14,50,98,-1,3,B,0.0,0.0,0.0,False,20260813-SAN CRISTOBAL-XRD90U-023-B
2787,20260814,14,50,98,-1,3,A,0.0,0.0,0.0,False,20260814-SAN CRISTOBAL-XRD90U-023-A
2788,20260814,14,50,98,-1,3,B,0.0,0.0,0.0,False,20260814-SAN CRISTOBAL-XRD90U-023-B
2789,20260815,14,50,98,-1,3,A,0.0,0.0,0.0,False,20260815-SAN CRISTOBAL-XRD90U-023-A
2790,20260815,14,50,98,-1,3,B,0.0,0.0,0.0,False,20260815-SAN CRISTOBAL-XRD90U-023-B
2791,20260816,14,50,98,-1,3,A,0.0,0.0,0.0,False,20260816-SAN CRISTOBAL-XRD90U-023-A
2792,20260816,14,50,98,-1,3,B,0.0,0.0,0.0,False,20260816-SAN CRISTOBAL-XRD90U-023-B
2793,20260817,14,50,98,-1,3,A,0.0,0.0,0.0,False,20260817-SAN CRISTOBAL-XRD90U-023-A
2794,20260817,14,50,98,-1,3,B,0.0,0.0,0.0,False,20260817-SAN CRISTOBAL-XRD90U-023-B
2795,20260818,14,50,98,-1,3,A,0.0,0.0,0.0,False,20260818-SAN CRISTOBAL-XRD90U-023-A
2796,20260818,14,50,98,-1,3,B,0.0,0.0,0.0,False,20260818-SAN CRISTOBAL-XRD90U-023-B
2797,20260819,14,50,98,-1,3,A,0.0,0.0,0.0,False,20260819-SAN CRISTOBAL-XRD90U-023-A
2798,20260819,14,50,98,-1,3,B,0.0,0.0,0.0,False,20260819-SAN CRISTOBAL-XRD90U-023-B
2799,20260820,14,50,98,-1,3,A,0.0,0.0,0.0,False,20260820-SAN CRISTOBAL-XRD90U-023-A
2800,20260820,14,50,98,-1,3,B,0.0,0.0,0.0,False,20260820-SAN CRISTOBAL-XRD90U-023-B
2801,20260821,14,50,98,-1,3,A,0.0,0.0,0.0,False,20260821-SAN CRISTOBAL-XRD90U-023-A
2802,20260821,14,50,98,-1,3,B,0.0,0.0,0.0,False,20260821-SAN CRISTOBAL-XRD90U-023-B
2803,20260822,14,50,98,-1,3,A,0.0,0.0,0.0,False,20260822-SAN CRISTOBAL-XRD90U-023-A
2804,20260822,14,50,98,-1,3,B,0.0,0.0,0.0,False,20260822-SAN CRISTOBAL-XRD90U-023-B
2805,20260823,14,50,98,-1,3,A,0.0,0.0,0.0,False,20260823-SAN CRISTOBAL-XRD90U-023-A
2806,20260823,14,50,98,-1,3,B,0.0,0.0,0.0,False,20260823-SAN CRISTOBAL-XRD90U-023-B
2807,20260824,14,50,98,-1,3,A,0.0,0.0,0.0,False,20260824-SAN CRISTOBAL-XRD90U-023-A
2808,20260824,14,50,98,-1,3,B,0.0,0.0,0.0,False,20260824-SAN CRISTOBAL-XRD90U-023-B
2809,20260825,14,50,98,-1,3,A,0.0,0.0,0.0,False,20260825-SAN CRISTOBAL-XRD90U-023-A
2810,20260825,14,50,98,-1,3,B,0.0,0.0,0.0,False,20260825-SAN CRISTOBAL-XRD90U-023-B
2811,20260826,14,49,96,40,2,A,98.95,121.9,22.95,False,20260826-SAN CRISTOBAL-XRD90U-004-A
2812,20260826,14,49,96,116,2,B,121.9,140.85,18.95,False,20260826-SAN CRISTOBAL-XRD90U-004-B
2813,20260827,14,49,96,40,2,A,140.85,155.7,14.85,False,20260827-SAN CRISTOBAL-XRD90U-004-A
2814,20260827,14,49,96,116,2,B,155.7,180.4,24.7,False,20260827-SAN CRISTOBAL-XRD90U-004-B
2815,20260828,14,49,96,40,2,A,180.4,200.9,20.5,False,20260828-SAN CRISTOBAL-XRD90U-004-A
2816,20260828,14,49,96,116,2,B,200.9,218.75,17.85,False,20260828-SAN CRISTOBAL-XRD90U-004-B
2817,20260829,14,49,96,40,3,A,0.0,0.0,0.0,False,20260829-SAN CRISTOBAL-XRD90U-004-A
2818,20260829,14,49,98,116,3,B,0.0,0.0,0.0,False,20260829-SAN CRISTOBAL-XRD90U-004-B
2819,20260830,14,49,98,40,3,A,0.0,0.0,0.0,False,20260830-SAN CRISTOBAL-XRD90U-004-A
2820,20260830,14,49,96,116,2,B,218.75,222.4,3.65,False,20260830-SAN CRISTOBAL-XRD90U-004-B
2821,20260831,14,49,96,-1,3,A,0.0,0.0,0.0,False,20260831-SAN CRISTOBAL-XRD90U-004-A
2822,20260831,14,49,98,-1,3,B,0.0,0.0,0.0,False,20260831-SAN CRISTOBAL-XRD90U-004-B
2823,20260801,14,49,98,-1,3,A,0.0,0.0,0.0,False,20260801-SAN CRISTOBAL-XRD90U-004-A
2824,20260801,14,49,98,-1,3,B,0.0,0.0,0.0,False,20260801-SAN CRISTOBAL-XRD90U-004-B
2825,20260802,14,49,98,-1,3,A,0.0,0.0,0.0,False,20260802-SAN CRISTOBAL-XRD90U-004-A
2826,20260802,14,49,98,-1,3,B,0.0,0.0,0.0,False,20260802-SAN CRISTOBAL-XRD90U-004-B
2827,20260803,14,49,98,-1,3,A,0.0,0.0,0.0,False,20260803-SAN CRISTOBAL-XRD90U-004-A
2828,20260803,14,49,98,-1,3,B,0.0,0.0,0.0,False,20260803-SAN CRISTOBAL-XRD90U-004-B
2829,20260804,14,49,98,-1,3,A,0.0,0.0,0.0,False,20260804-SAN CRISTOBAL-XRD90U-004-A
2830,20260804,14,49,98,-1,3,B,0.0,0.0,0.0,False,20260804-SAN CRISTOBAL-XRD90U-004-B
2831,20260805,14,49,98,-1,3,A,0.0,0.0,0.0,False,20260805-SAN CRISTOBAL-XRD90U-004-A
2832,20260805,14,49,98,-1,3,B,0.0,0.0,0.0,False,20260805-SAN CRISTOBAL-XRD90U-004-B
2833,20260806,14,49,98,-1,3,A,0.0,0.0,0.0,False,20260806-SAN CRISTOBAL-XRD90U-004-A
2834,20260806,14,49,98,-1,3,B,0.0,0.0,0.0,False,20260806-SAN CRISTOBAL-XRD90U-004-B
2835,20260807,14,49,98,-1,3,A,0.0,0.0,0.0,False,20260807-SAN CRISTOBAL-XRD90U-004-A
2836,20260807,14,49,98,-1,3,B,0.0,0.0,0.0,False,20260807-SAN CRISTOBAL-XRD90U-004-B
2837,20260808,14,49,98,-1,3,A,0.0,0.0,0.0,False,20260808-SAN CRISTOBAL-XRD90U-004-A
2838,20260808,14,49,98,-1,3,B,0.0,0.0,0.0,False,20260808-SAN CRISTOBAL-XRD90U-004-B
2839,20260809,14,49,98,-1,3,A,0.0,0.0,0.0,False,20260809-SAN CRISTOBAL-XRD90U-004-A
2840,20260809,14,49,98,-1,3,B,0.0,0.0,0.0,False,20260809-SAN CRISTOBAL-XRD90U-004-B
2841,20260810,14,49,98,-1,3,A,0.0,0.0,0.0,False,20260810-SAN CRISTOBAL-XRD90U-004-A
2842,20260810,14,49,98,-1,3,B,0.0,0.0,0.0,False,20260810-SAN CRISTOBAL-XRD90U-004-B
2843,20260811,14,49,98,-1,3,A,0.0,0.0,0.0,False,20260811-SAN CRISTOBAL-XRD90U-004-A
2844,20260811,14,49,98,-1,3,B,0.0,0.0,0.0,False,20260811-SAN CRISTOBAL-XRD90U-004-B
2845,20260812,14,49,98,-1,3,A,0.0,0.0,0.0,False,20260812-SAN CRISTOBAL-XRD90U-004-A
2846,20260812,14,49,98,-1,3,B,0.0,0.0,0.0,False,20260812-SAN CRISTOBAL-XRD90U-004-B
2847,20260813,14,49,98,-1,3,A,0.0,0.0,0.0,False,20260813-SAN CRISTOBAL-XRD90U-004-A
2848,20260813,14,49,98,-1,3,B,0.0,0.0,0.0,False,20260813-SAN CRISTOBAL-XRD90U-004-B
2849,20260814,14,49,98,-1,3,A,0.0,0.0,0.0,False,20260814-SAN CRISTOBAL-XRD90U-004-A
2850,20260814,14,49,98,-1,3,B,0.0,0.0,0.0,False,20260814-SAN CRISTOBAL-XRD90U-004-B
2851,20260815,14,49,98,-1,3,A,0.0,0.0,0.0,False,20260815-SAN CRISTOBAL-XRD90U-004-A
2852,20260815,14,49,98,-1,3,B,0.0,0.0,0.0,False,20260815-SAN CRISTOBAL-XRD90U-004-B
2853,20260816,14,49,98,-1,3,A,0.0,0.0,0.0,False,20260816-SAN CRISTOBAL-XRD90U-004-A
2854,20260816,14,49,98,-1,3,B,0.0,0.0,0.0,False,20260816-SAN CRISTOBAL-XRD90U-004-B
2855,20260817,14,49,98,-1,3,A,0.0,0.0,0.0,False,20260817-SAN CRISTOBAL-XRD90U-004-A
2856,20260817,14,49,98,-1,3,B,0.0,0.0,0.0,False,20260817-SAN CRISTOBAL-XRD90U-004-B
2857,20260818,14,49,98,-1,3,A,0.0,0.0,0.0,False,20260818-SAN CRISTOBAL-XRD90U-004-A
2858,20260818,14,49,98,-1,3,B,0.0,0.0,0.0,False,20260818-SAN CRISTOBAL-XRD90U-004-B
2859,20260819,14,49,98,-1,3,A,0.0,0.0,0.0,False,20260819-SAN CRISTOBAL-XRD90U-004-A
2860,20260819,14,49,98,-1,3,B,0.0,0.0,0.0,False,20260819-SAN CRISTOBAL-XRD90U-004-B
2861,20260820,14,49,98,-1,3,A,0.0,0.0,0.0,False,20260820-SAN CRISTOBAL-XRD90U-004-A
2862,20260820,14,49,98,-1,3,B,0.0,0.0,0.0,False,20260820-SAN CRISTOBAL-XRD90U-004-B
2863,20260821,14,49,98,-1,3,A,0.0,0.0,0.0,False,20260821-SAN CRISTOBAL-XRD90U-004-A
2864,20260821,14,49,98,-1,3,B,0.0,0.0,0.0,False,20260821-SAN CRISTOBAL-XRD90U-004-B
2865,20260822,14,49,98,-1,3,A,0.0,0.0,0.0,False,20260822-SAN CRISTOBAL-XRD90U-004-A
2866,20260822,14,49,98,-1,3,B,0.0,0.0,0.0,False,20260822-SAN CRISTOBAL-XRD90U-004-B
2867,20260823,14,49,98,-1,3,A,0.0,0.0,0.0,False,20260823-SAN CRISTOBAL-XRD90U-004-A
2868,20260823,14,49,98,-1,3,B,0.0,0.0,0.0,False,20260823-SAN CRISTOBAL-XRD90U-004-B
2869,20260824,14,49,98,-1,3,A,0.0,0.0,0.0,False,20260824-SAN CRISTOBAL-XRD90U-004-A
2870,20260824,14,49,98,-1,3,B,0.0,0.0,0.0,False,20260824-SAN CRISTOBAL-XRD90U-004-B
2871,20260825,14,49,98,-1,3,A,0.0,0.0,0.0,False,20260825-SAN CRISTOBAL-XRD90U-004-A
2872,20260825,14,49,98,-1,3,B,0.0,0.0,0.0,False,20260825-SAN CRISTOBAL-XRD90U-004-B
2873,20260826,14,48,98,47,3,A,0.0,0.0,0.0,False,20260826-SAN CRISTOBAL-XRD150U-012-A
2874,20260826,14,48,98,408,3,B,0.0,0.0,0.0,False,20260826-SAN CRISTOBAL-XRD150U-012-B
2875,20260827,14,48,98,47,3,A,0.0,0.0,0.0,False,20260827-SAN CRISTOBAL-XRD150U-012-A
2876,20260827,14,48,98,408,3,B,0.0,0.0,0.0,False,20260827-SAN CRISTOBAL-XRD150U-012-B
2877,20260828,14,48,98,47,3,A,0.0,0.0,0.0,False,20260828-SAN CRISTOBAL-XRD150U-012-A
2878,20260828,14,48,98,408,3,B,0.0,0.0,0.0,False,20260828-SAN CRISTOBAL-XRD150U-012-B
2879,20260829,14,48,98,47,3,A,0.0,0.0,0.0,False,20260829-SAN CRISTOBAL-XRD150U-012-A
2880,20260829,14,48,98,408,3,B,0.0,0.0,0.0,False,20260829-SAN CRISTOBAL-XRD150U-012-B
2881,20260830,14,48,98,47,3,A,0.0,0.0,0.0,False,20260830-SAN CRISTOBAL-XRD150U-012-A
2882,20260830,14,48,98,-1,3,B,0.0,0.0,0.0,False,20260830-SAN CRISTOBAL-XRD150U-012-B
2883,20260831,14,48,98,-1,3,A,0.0,0.0,0.0,False,20260831-SAN CRISTOBAL-XRD150U-012-A
2884,20260831,14,48,98,-1,3,B,0.0,0.0,0.0,False,20260831-SAN CRISTOBAL-XRD150U-012-B
2885,20260801,14,48,98,-1,3,A,0.0,0.0,0.0,False,20260801-SAN CRISTOBAL-XRD150U-012-A
2886,20260801,14,48,98,-1,3,B,0.0,0.0,0.0,False,20260801-SAN CRISTOBAL-XRD150U-012-B
2887,20260802,14,48,98,-1,3,A,0.0,0.0,0.0,False,20260802-SAN CRISTOBAL-XRD150U-012-A
2888,20260802,14,48,98,-1,3,B,0.0,0.0,0.0,False,20260802-SAN CRISTOBAL-XRD150U-012-B
2889,20260803,14,48,98,-1,3,A,0.0,0.0,0.0,False,20260803-SAN CRISTOBAL-XRD150U-012-A
2890,20260803,14,48,98,-1,3,B,0.0,0.0,0.0,False,20260803-SAN CRISTOBAL-XRD150U-012-B
2891,20260804,14,48,98,-1,3,A,0.0,0.0,0.0,False,20260804-SAN CRISTOBAL-XRD150U-012-A
2892,20260804,14,48,98,-1,3,B,0.0,0.0,0.0,False,20260804-SAN CRISTOBAL-XRD150U-012-B
2893,20260805,14,48,98,-1,3,A,0.0,0.0,0.0,False,20260805-SAN CRISTOBAL-XRD150U-012-A
2894,20260805,14,48,98,-1,3,B,0.0,0.0,0.0,False,20260805-SAN CRISTOBAL-XRD150U-012-B
2895,20260806,14,48,98,-1,3,A,0.0,0.0,0.0,False,20260806-SAN CRISTOBAL-XRD150U-012-A
2896,20260806,14,48,98,-1,3,B,0.0,0.0,0.0,False,20260806-SAN CRISTOBAL-XRD150U-012-B
2897,20260807,14,48,98,-1,3,A,0.0,0.0,0.0,False,20260807-SAN CRISTOBAL-XRD150U-012-A
2898,20260807,14,48,98,-1,3,B,0.0,0.0,0.0,False,20260807-SAN CRISTOBAL-XRD150U-012-B
2899,20260808,14,48,98,-1,3,A,0.0,0.0,0.0,False,20260808-SAN CRISTOBAL-XRD150U-012-A
2900,20260808,14,48,98,-1,3,B,0.0,0.0,0.0,False,20260808-SAN CRISTOBAL-XRD150U-012-B
2901,20260809,14,48,98,-1,3,A,0.0,0.0,0.0,False,20260809-SAN CRISTOBAL-XRD150U-012-A
2902,20260809,14,48,98,-1,3,B,0.0,0.0,0.0,False,20260809-SAN CRISTOBAL-XRD150U-012-B
2903,20260810,14,48,98,-1,3,A,0.0,0.0,0.0,False,20260810-SAN CRISTOBAL-XRD150U-012-A
2904,20260810,14,48,98,-1,3,B,0.0,0.0,0.0,False,20260810-SAN CRISTOBAL-XRD150U-012-B
2905,20260811,14,48,98,-1,3,A,0.0,0.0,0.0,False,20260811-SAN CRISTOBAL-XRD150U-012-A
2906,20260811,14,48,98,-1,3,B,0.0,0.0,0.0,False,20260811-SAN CRISTOBAL-XRD150U-012-B
2907,20260812,14,48,98,-1,3,A,0.0,0.0,0.0,False,20260812-SAN CRISTOBAL-XRD150U-012-A
2908,20260812,14,48,98,-1,3,B,0.0,0.0,0.0,False,20260812-SAN CRISTOBAL-XRD150U-012-B
2909,20260813,14,48,98,-1,3,A,0.0,0.0,0.0,False,20260813-SAN CRISTOBAL-XRD150U-012-A
2910,20260813,14,48,98,-1,3,B,0.0,0.0,0.0,False,20260813-SAN CRISTOBAL-XRD150U-012-B
2911,20260814,14,48,98,-1,3,A,0.0,0.0,0.0,False,20260814-SAN CRISTOBAL-XRD150U-012-A
2912,20260814,14,48,98,-1,3,B,0.0,0.0,0.0,False,20260814-SAN CRISTOBAL-XRD150U-012-B
2913,20260815,14,48,98,-1,3,A,0.0,0.0,0.0,False,20260815-SAN CRISTOBAL-XRD150U-012-A
2914,20260815,14,48,98,-1,3,B,0.0,0.0,0.0,False,20260815-SAN CRISTOBAL-XRD150U-012-B
2915,20260816,14,48,98,-1,3,A,0.0,0.0,0.0,False,20260816-SAN CRISTOBAL-XRD150U-012-A
2916,20260816,14,48,98,-1,3,B,0.0,0.0,0.0,False,20260816-SAN CRISTOBAL-XRD150U-012-B
2917,20260817,14,48,98,-1,3,A,0.0,0.0,0.0,False,20260817-SAN CRISTOBAL-XRD150U-012-A
2918,20260817,14,48,98,-1,3,B,0.0,0.0,0.0,False,20260817-SAN CRISTOBAL-XRD150U-012-B
2919,20260818,14,48,98,-1,3,A,0.0,0.0,0.0,False,20260818-SAN CRISTOBAL-XRD150U-012-A
2920,20260818,14,48,98,-1,3,B,0.0,0.0,0.0,False,20260818-SAN CRISTOBAL-XRD150U-012-B
2921,20260819,14,48,98,-1,3,A,0.0,0.0,0.0,False,20260819-SAN CRISTOBAL-XRD150U-012-A
2922,20260819,14,48,98,-1,3,B,0.0,0.0,0.0,False,20260819-SAN CRISTOBAL-XRD150U-012-B
2923,20260820,14,48,98,-1,3,A,0.0,0.0,0.0,False,20260820-SAN CRISTOBAL-XRD150U-012-A
2924,20260820,14,48,98,-1,3,B,0.0,0.0,0.0,False,20260820-SAN CRISTOBAL-XRD150U-012-B
2925,20260821,14,48,98,-1,3,A,0.0,0.0,0.0,False,20260821-SAN CRISTOBAL-XRD150U-012-A
2926,20260821,14,48,98,-1,3,B,0.0,0.0,0.0,False,20260821-SAN CRISTOBAL-XRD150U-012-B
2927,20260822,14,48,98,-1,3,A,0.0,0.0,0.0,False,20260822-SAN CRISTOBAL-XRD150U-012-A
2928,20260822,14,48,98,-1,3,B,0.0,0.0,0.0,False,20260822-SAN CRISTOBAL-XRD150U-012-B
2929,20260823,14,48,98,-1,3,A,0.0,0.0,0.0,False,20260823-SAN CRISTOBAL-XRD150U-012-A
2930,20260823,14,48,98,-1,3,B,0.0,0.0,0.0,False,20260823-SAN CRISTOBAL-XRD150U-012-B
2931,20260824,14,48,98,-1,3,A,0.0,0.0,0.0,False,20260824-SAN CRISTOBAL-XRD150U-012-A
2932,20260824,14,48,98,-1,3,B,0.0,0.0,0.0,False,20260824-SAN CRISTOBAL-XRD150U-012-B
2933,20260825,14,48,98,-1,3,A,0.0,0.0,0.0,False,20260825-SAN CRISTOBAL-XRD150U-012-A
2934,20260825,14,48,98,-1,3,B,0.0,0.0,0.0,False,20260825-SAN CRISTOBAL-XRD150U-012-B
2935,20260826,14,47,94,15,2,A,170.1,178.3,8.2,False,20260826-SAN CRISTOBAL-DE710ST-001-A
2936,20260826,14,47,94,73,2,B,178.3,186.8,8.5,False,20260826-SAN CRISTOBAL-DE710ST-001-B
2937,20260827,14,47,94,15,2,A,186.8,188.5,1.7,False,20260827-SAN CRISTOBAL-DE710ST-001-A
2938,20260827,14,47,94,73,2,B,188.5,204.0,15.5,False,20260827-SAN CRISTOBAL-DE710ST-001-B
2939,20260828,14,47,94,15,2,A,204.0,217.3,13.3,False,20260828-SAN CRISTOBAL-DE710ST-001-A
2940,20260828,14,47,94,73,2,B,217.3,233.8,16.5,False,20260828-SAN CRISTOBAL-DE710ST-001-B
2941,20260829,14,47,94,15,3,A,0.0,0.0,0.0,False,20260829-SAN CRISTOBAL-DE710ST-001-A
2942,20260829,14,47,98,73,3,B,0.0,0.0,0.0,False,20260829-SAN CRISTOBAL-DE710ST-001-B
2943,20260830,14,47,98,15,3,A,0.0,0.0,0.0,False,20260830-SAN CRISTOBAL-DE710ST-001-A
2944,20260830,14,47,98,73,3,B,0.0,0.0,0.0,False,20260830-SAN CRISTOBAL-DE710ST-001-B
2945,20260831,14,47,98,-1,3,A,0.0,0.0,0.0,False,20260831-SAN CRISTOBAL-DE710ST-001-A
2946,20260831,14,47,98,-1,3,B,0.0,0.0,0.0,False,20260831-SAN CRISTOBAL-DE710ST-001-B
2947,20260801,14,47,98,-1,3,A,0.0,0.0,0.0,False,20260801-SAN CRISTOBAL-DE710ST-001-A
2948,20260801,14,47,98,-1,3,B,0.0,0.0,0.0,False,20260801-SAN CRISTOBAL-DE710ST-001-B
2949,20260802,14,47,98,-1,3,A,0.0,0.0,0.0,False,20260802-SAN CRISTOBAL-DE710ST-001-A
2950,20260802,14,47,98,-1,3,B,0.0,0.0,0.0,False,20260802-SAN CRISTOBAL-DE710ST-001-B
2951,20260803,14,47,98,-1,3,A,0.0,0.0,0.0,False,20260803-SAN CRISTOBAL-DE710ST-001-A
2952,20260803,14,47,98,-1,3,B,0.0,0.0,0.0,False,20260803-SAN CRISTOBAL-DE710ST-001-B
2953,20260804,14,47,98,-1,3,A,0.0,0.0,0.0,False,20260804-SAN CRISTOBAL-DE710ST-001-A
2954,20260804,14,47,98,-1,3,B,0.0,0.0,0.0,False,20260804-SAN CRISTOBAL-DE710ST-001-B
2955,20260805,14,47,98,-1,3,A,0.0,0.0,0.0,False,20260805-SAN CRISTOBAL-DE710ST-001-A
2956,20260805,14,47,98,-1,3,B,0.0,0.0,0.0,False,20260805-SAN CRISTOBAL-DE710ST-001-B
2957,20260806,14,47,98,-1,3,A,0.0,0.0,0.0,False,20260806-SAN CRISTOBAL-DE710ST-001-A
2958,20260806,14,47,98,-1,3,B,0.0,0.0,0.0,False,20260806-SAN CRISTOBAL-DE710ST-001-B
2959,20260807,14,47,98,-1,3,A,0.0,0.0,0.0,False,20260807-SAN CRISTOBAL-DE710ST-001-A
2960,20260807,14,47,98,-1,3,B,0.0,0.0,0.0,False,20260807-SAN CRISTOBAL-DE710ST-001-B
2961,20260808,14,47,98,-1,3,A,0.0,0.0,0.0,False,20260808-SAN CRISTOBAL-DE710ST-001-A
2962,20260808,14,47,98,-1,3,B,0.0,0.0,0.0,False,20260808-SAN CRISTOBAL-DE710ST-001-B
2963,20260809,14,47,98,-1,3,A,0.0,0.0,0.0,False,20260809-SAN CRISTOBAL-DE710ST-001-A
2964,20260809,14,47,98,-1,3,B,0.0,0.0,0.0,False,20260809-SAN CRISTOBAL-DE710ST-001-B
2965,20260810,14,47,98,-1,3,A,0.0,0.0,0.0,False,20260810-SAN CRISTOBAL-DE710ST-001-A
2966,20260810,14,47,98,-1,3,B,0.0,0.0,0.0,False,20260810-SAN CRISTOBAL-DE710ST-001-B
2967,20260811,14,47,98,-1,3,A,0.0,0.0,0.0,False,20260811-SAN CRISTOBAL-DE710ST-001-A
2968,20260811,14,47,98,-1,3,B,0.0,0.0,0.0,False,20260811-SAN CRISTOBAL-DE710ST-001-B
2969,20260812,14,47,98,-1,3,A,0.0,0.0,0.0,False,20260812-SAN CRISTOBAL-DE710ST-001-A
2970,20260812,14,47,98,-1,3,B,0.0,0.0,0.0,False,20260812-SAN CRISTOBAL-DE710ST-001-B
2971,20260813,14,47,98,-1,3,A,0.0,0.0,0.0,False,20260813-SAN CRISTOBAL-DE710ST-001-A
2972,20260813,14,47,98,-1,3,B,0.0,0.0,0.0,False,20260813-SAN CRISTOBAL-DE710ST-001-B
2973,20260814,14,47,98,-1,3,A,0.0,0.0,0.0,False,20260814-SAN CRISTOBAL-DE710ST-001-A
2974,20260814,14,47,98,-1,3,B,0.0,0.0,0.0,False,20260814-SAN CRISTOBAL-DE710ST-001-B
2975,20260815,14,47,98,-1,3,A,0.0,0.0,0.0,False,20260815-SAN CRISTOBAL-DE710ST-001-A
2976,20260815,14,47,98,-1,3,B,0.0,0.0,0.0,False,20260815-SAN CRISTOBAL-DE710ST-001-B
2977,20260816,14,47,98,-1,3,A,0.0,0.0,0.0,False,20260816-SAN CRISTOBAL-DE710ST-001-A
2978,20260816,14,47,98,-1,3,B,0.0,0.0,0.0,False,20260816-SAN CRISTOBAL-DE710ST-001-B
2979,20260817,14,47,98,-1,3,A,0.0,0.0,0.0,False,20260817-SAN CRISTOBAL-DE710ST-001-A
2980,20260817,14,47,98,-1,3,B,0.0,0.0,0.0,False,20260817-SAN CRISTOBAL-DE710ST-001-B
2981,20260818,14,47,98,-1,3,A,0.0,0.0,0.0,False,20260818-SAN CRISTOBAL-DE710ST-001-A
2982,20260818,14,47,98,-1,3,B,0.0,0.0,0.0,False,20260818-SAN CRISTOBAL-DE710ST-001-B
2983,20260819,14,47,98,-1,3,A,0.0,0.0,0.0,False,20260819-SAN CRISTOBAL-DE710ST-001-A
2984,20260819,14,47,98,-1,3,B,0.0,0.0,0.0,False,20260819-SAN CRISTOBAL-DE710ST-001-B
2985,20260820,14,47,98,-1,3,A,0.0,0.0,0.0,False,20260820-SAN CRISTOBAL-DE710ST-001-A
2986,20260820,14,47,98,-1,3,B,0.0,0.0,0.0,False,20260820-SAN CRISTOBAL-DE710ST-001-B
2987,20260821,14,47,98,-1,3,A,0.0,0.0,0.0,False,20260821-SAN CRISTOBAL-DE710ST-001-A
2988,20260821,14,47,98,-1,3,B,0.0,0.0,0.0,False,20260821-SAN CRISTOBAL-DE710ST-001-B
2989,20260822,14,47,98,-1,3,A,0.0,0.0,0.0,False,20260822-SAN CRISTOBAL-DE710ST-001-A
2990,20260822,14,47,98,-1,3,B,0.0,0.0,0.0,False,20260822-SAN CRISTOBAL-DE710ST-001-B
2991,20260823,14,47,98,-1,3,A,0.0,0.0,0.0,False,20260823-SAN CRISTOBAL-DE710ST-001-A
2992,20260823,14,47,98,-1,3,B,0.0,0.0,0.0,False,20260823-SAN CRISTOBAL-DE710ST-001-B
2993,20260824,14,47,98,-1,3,A,0.0,0.0,0.0,False,20260824-SAN CRISTOBAL-DE710ST-001-A
2994,20260824,14,47,98,-1,3,B,0.0,0.0,0.0,False,20260824-SAN CRISTOBAL-DE710ST-001-B
2995,20260825,14,47,98,-1,3,A,0.0,0.0,0.0,False,20260825-SAN CRISTOBAL-DE710ST-001-A
2996,20260825,14,47,98,-1,3,B,0.0,0.0,0.0,False,20260825-SAN CRISTOBAL-DE710ST-001-B
2997,20260826,15,51,100,112,2,A,32.8,44.2,11.4,False,20260826-TAMBOJASA-DE710T-002-A
2998,20260826,15,51,100,151,2,B,44.2,74.75,30.55,False,20260826-TAMBOJASA-DE710T-002-B
2999,20260827,15,51,100,112,2,A,74.75,106.65,31.9,False,20260827-TAMBOJASA-DE710T-002-A
3000,20260827,15,51,100,151,2,B,106.65,129.0,22.35,False,20260827-TAMBOJASA-DE710T-002-B
3001,20260828,15,51,100,112,2,A,129.0,155.1,26.1,False,20260828-TAMBOJASA-DE710T-002-A
3002,20260828,15,51,100,151,2,B,155.1,190.7,35.6,False,20260828-TAMBOJASA-DE710T-002-B
3003,20260829,15,51,100,112,2,A,190.7,209.7,19.0,False,20260829-TAMBOJASA-DE710T-002-A
3004,20260829,15,51,100,151,2,B,0.0,0.0,0.0,False,20260829-TAMBOJASA-DE710T-002-B
3005,20260830,15,51,100,112,2,A,0.0,0.0,0.0,False,20260830-TAMBOJASA-DE710T-002-A
3006,20260830,15,51,100,151,2,B,0.0,0.0,0.0,False,20260830-TAMBOJASA-DE710T-002-B
3007,20260831,15,51,100,-1,3,A,0.0,0.0,0.0,False,20260831-TAMBOJASA-DE710T-002-A
3008,20260831,15,51,101,-1,3,B,0.0,0.0,0.0,False,20260831-TAMBOJASA-DE710T-002-B
3009,20260901,15,51,101,-1,3,A,0.0,0.0,0.0,False,20260901-TAMBOJASA-DE710T-002-A
3010,20260901,15,51,101,-1,3,B,0.0,0.0,0.0,False,20260901-TAMBOJASA-DE710T-002-B
3011,20260902,15,51,101,-1,3,A,0.0,0.0,0.0,False,20260902-TAMBOJASA-DE710T-002-A
3012,20260902,15,51,101,-1,3,B,0.0,0.0,0.0,False,20260902-TAMBOJASA-DE710T-002-B
3013,20260903,15,51,101,-1,3,A,0.0,0.0,0.0,False,20260903-TAMBOJASA-DE710T-002-A
3014,20260903,15,51,101,-1,3,B,0.0,0.0,0.0,False,20260903-TAMBOJASA-DE710T-002-B
3015,20260904,15,51,101,-1,3,A,0.0,0.0,0.0,False,20260904-TAMBOJASA-DE710T-002-A
3016,20260904,15,51,101,-1,3,B,0.0,0.0,0.0,False,20260904-TAMBOJASA-DE710T-002-B
3017,20260905,15,51,101,-1,3,A,0.0,0.0,0.0,False,20260905-TAMBOJASA-DE710T-002-A
3018,20260905,15,51,101,-1,3,B,0.0,0.0,0.0,False,20260905-TAMBOJASA-DE710T-002-B
3019,20260906,15,51,101,-1,3,A,0.0,0.0,0.0,False,20260906-TAMBOJASA-DE710T-002-A
3020,20260906,15,51,101,-1,3,B,0.0,0.0,0.0,False,20260906-TAMBOJASA-DE710T-002-B
3021,20260907,15,51,101,-1,3,A,0.0,0.0,0.0,False,20260907-TAMBOJASA-DE710T-002-A
3022,20260907,15,51,101,-1,3,B,0.0,0.0,0.0,False,20260907-TAMBOJASA-DE710T-002-B
3023,20260908,15,51,101,-1,3,A,0.0,0.0,0.0,False,20260908-TAMBOJASA-DE710T-002-A
3024,20260908,15,51,101,-1,3,B,0.0,0.0,0.0,False,20260908-TAMBOJASA-DE710T-002-B
3025,20260909,15,51,101,-1,3,A,0.0,0.0,0.0,False,20260909-TAMBOJASA-DE710T-002-A
3026,20260909,15,51,101,-1,3,B,0.0,0.0,0.0,False,20260909-TAMBOJASA-DE710T-002-B
3027,20260910,15,51,101,-1,3,A,0.0,0.0,0.0,False,20260910-TAMBOJASA-DE710T-002-A
3028,20260910,15,51,101,-1,3,B,0.0,0.0,0.0,False,20260910-TAMBOJASA-DE710T-002-B
3029,20260911,15,51,101,-1,3,A,0.0,0.0,0.0,False,20260911-TAMBOJASA-DE710T-002-A
3030,20260911,15,51,101,-1,3,B,0.0,0.0,0.0,False,20260911-TAMBOJASA-DE710T-002-B
3031,20260912,15,51,101,-1,3,A,0.0,0.0,0.0,False,20260912-TAMBOJASA-DE710T-002-A
3032,20260912,15,51,101,-1,3,B,0.0,0.0,0.0,False,20260912-TAMBOJASA-DE710T-002-B
3033,20260913,15,51,101,-1,3,A,0.0,0.0,0.0,False,20260913-TAMBOJASA-DE710T-002-A
3034,20260913,15,51,101,-1,3,B,0.0,0.0,0.0,False,20260913-TAMBOJASA-DE710T-002-B
3035,20260914,15,51,101,-1,3,A,0.0,0.0,0.0,False,20260914-TAMBOJASA-DE710T-002-A
3036,20260914,15,51,101,-1,3,B,0.0,0.0,0.0,False,20260914-TAMBOJASA-DE710T-002-B
3037,20260915,15,51,101,-1,3,A,0.0,0.0,0.0,False,20260915-TAMBOJASA-DE710T-002-A
3038,20260915,15,51,101,-1,3,B,0.0,0.0,0.0,False,20260915-TAMBOJASA-DE710T-002-B
3039,20260916,15,51,101,-1,3,A,0.0,0.0,0.0,False,20260916-TAMBOJASA-DE710T-002-A
3040,20260916,15,51,101,-1,3,B,0.0,0.0,0.0,False,20260916-TAMBOJASA-DE710T-002-B
3041,20260917,15,51,101,-1,3,A,0.0,0.0,0.0,False,20260917-TAMBOJASA-DE710T-002-A
3042,20260917,15,51,101,-1,3,B,0.0,0.0,0.0,False,20260917-TAMBOJASA-DE710T-002-B
3043,20260918,15,51,101,-1,3,A,0.0,0.0,0.0,False,20260918-TAMBOJASA-DE710T-002-A
3044,20260918,15,51,101,-1,3,B,0.0,0.0,0.0,False,20260918-TAMBOJASA-DE710T-002-B
3045,20260919,15,51,101,-1,3,A,0.0,0.0,0.0,False,20260919-TAMBOJASA-DE710T-002-A
3046,20260919,15,51,101,-1,3,B,0.0,0.0,0.0,False,20260919-TAMBOJASA-DE710T-002-B
3047,20260920,15,51,101,-1,3,A,0.0,0.0,0.0,False,20260920-TAMBOJASA-DE710T-002-A
3048,20260920,15,51,101,-1,3,B,0.0,0.0,0.0,False,20260920-TAMBOJASA-DE710T-002-B
3049,20260921,15,51,101,-1,3,A,0.0,0.0,0.0,False,20260921-TAMBOJASA-DE710T-002-A
3050,20260921,15,51,101,-1,3,B,0.0,0.0,0.0,False,20260921-TAMBOJASA-DE710T-002-B
3051,20260922,15,51,101,-1,3,A,0.0,0.0,0.0,False,20260922-TAMBOJASA-DE710T-002-A
3052,20260922,15,51,101,-1,3,B,0.0,0.0,0.0,False,20260922-TAMBOJASA-DE710T-002-B
3053,20260923,15,51,101,-1,3,A,0.0,0.0,0.0,False,20260923-TAMBOJASA-DE710T-002-A
3054,20260923,15,51,101,-1,3,B,0.0,0.0,0.0,False,20260923-TAMBOJASA-DE710T-002-B
3055,20260924,15,51,101,-1,3,A,0.0,0.0,0.0,False,20260924-TAMBOJASA-DE710T-002-A
3056,20260924,15,51,101,-1,3,B,0.0,0.0,0.0,False,20260924-TAMBOJASA-DE710T-002-B
3057,20260925,15,51,101,-1,3,A,0.0,0.0,0.0,False,20260925-TAMBOJASA-DE710T-002-A
3058,20260925,15,51,101,-1,3,B,0.0,0.0,0.0,False,20260925-TAMBOJASA-DE710T-002-B
3059,20260826,15,52,99,77,2,A,118.5,130.25,11.75,False,20260826-TAMBOJASA-XRD150U-009-A
3060,20260826,15,52,99,183,2,B,130.25,140.45,10.2,False,20260826-TAMBOJASA-XRD150U-009-B
3061,20260827,15,52,99,77,2,A,140.45,145.1,4.65,False,20260827-TAMBOJASA-XRD150U-009-A
3062,20260827,15,52,99,183,2,B,145.1,159.65,14.55,False,20260827-TAMBOJASA-XRD150U-009-B
3063,20260828,15,52,99,77,2,A,159.65,170.25,10.6,False,20260828-TAMBOJASA-XRD150U-009-A
3064,20260828,15,52,99,183,2,B,170.25,180.1,9.85,False,20260828-TAMBOJASA-XRD150U-009-B
3065,20260829,15,52,99,77,2,A,180.1,187.55,7.45,False,20260829-TAMBOJASA-XRD150U-009-A
3066,20260829,15,52,99,183,2,B,187.55,199.3,11.75,False,20260829-TAMBOJASA-XRD150U-009-B
3067,20260830,15,52,99,77,2,A,199.3,202.4,3.1,False,20260830-TAMBOJASA-XRD150U-009-A
3068,20260830,15,52,99,183,2,B,202.4,214.7,12.3,False,20260830-TAMBOJASA-XRD150U-009-B
3069,20260831,15,52,99,-1,3,A,0.0,0.0,0.0,False,20260831-TAMBOJASA-XRD150U-009-A
3070,20260831,15,52,101,-1,3,B,0.0,0.0,0.0,False,20260831-TAMBOJASA-XRD150U-009-B
3071,20260801,15,52,101,-1,3,A,0.0,0.0,0.0,False,20260801-TAMBOJASA-XRD150U-009-A
3072,20260801,15,52,101,-1,3,B,0.0,0.0,0.0,False,20260801-TAMBOJASA-XRD150U-009-B
3073,20260802,15,52,101,-1,3,A,0.0,0.0,0.0,False,20260802-TAMBOJASA-XRD150U-009-A
3074,20260802,15,52,101,-1,3,B,0.0,0.0,0.0,False,20260802-TAMBOJASA-XRD150U-009-B
3075,20260803,15,52,101,-1,3,A,0.0,0.0,0.0,False,20260803-TAMBOJASA-XRD150U-009-A
3076,20260803,15,52,101,-1,3,B,0.0,0.0,0.0,False,20260803-TAMBOJASA-XRD150U-009-B
3077,20260804,15,52,101,-1,3,A,0.0,0.0,0.0,False,20260804-TAMBOJASA-XRD150U-009-A
3078,20260804,15,52,101,-1,3,B,0.0,0.0,0.0,False,20260804-TAMBOJASA-XRD150U-009-B
3079,20260805,15,52,101,-1,3,A,0.0,0.0,0.0,False,20260805-TAMBOJASA-XRD150U-009-A
3080,20260805,15,52,101,-1,3,B,0.0,0.0,0.0,False,20260805-TAMBOJASA-XRD150U-009-B
3081,20260806,15,52,101,-1,3,A,0.0,0.0,0.0,False,20260806-TAMBOJASA-XRD150U-009-A
3082,20260806,15,52,101,-1,3,B,0.0,0.0,0.0,False,20260806-TAMBOJASA-XRD150U-009-B
3083,20260807,15,52,101,-1,3,A,0.0,0.0,0.0,False,20260807-TAMBOJASA-XRD150U-009-A
3084,20260807,15,52,101,-1,3,B,0.0,0.0,0.0,False,20260807-TAMBOJASA-XRD150U-009-B
3085,20260808,15,52,101,-1,3,A,0.0,0.0,0.0,False,20260808-TAMBOJASA-XRD150U-009-A
3086,20260808,15,52,101,-1,3,B,0.0,0.0,0.0,False,20260808-TAMBOJASA-XRD150U-009-B
3087,20260809,15,52,101,-1,3,A,0.0,0.0,0.0,False,20260809-TAMBOJASA-XRD150U-009-A
3088,20260809,15,52,101,-1,3,B,0.0,0.0,0.0,False,20260809-TAMBOJASA-XRD150U-009-B
3089,20260810,15,52,101,-1,3,A,0.0,0.0,0.0,False,20260810-TAMBOJASA-XRD150U-009-A
3090,20260810,15,52,101,-1,3,B,0.0,0.0,0.0,False,20260810-TAMBOJASA-XRD150U-009-B
3091,20260811,15,52,101,-1,3,A,0.0,0.0,0.0,False,20260811-TAMBOJASA-XRD150U-009-A
3092,20260811,15,52,101,-1,3,B,0.0,0.0,0.0,False,20260811-TAMBOJASA-XRD150U-009-B
3093,20260812,15,52,101,-1,3,A,0.0,0.0,0.0,False,20260812-TAMBOJASA-XRD150U-009-A
3094,20260812,15,52,101,-1,3,B,0.0,0.0,0.0,False,20260812-TAMBOJASA-XRD150U-009-B
3095,20260813,15,52,101,-1,3,A,0.0,0.0,0.0,False,20260813-TAMBOJASA-XRD150U-009-A
3096,20260813,15,52,101,-1,3,B,0.0,0.0,0.0,False,20260813-TAMBOJASA-XRD150U-009-B
3097,20260814,15,52,101,-1,3,A,0.0,0.0,0.0,False,20260814-TAMBOJASA-XRD150U-009-A
3098,20260814,15,52,101,-1,3,B,0.0,0.0,0.0,False,20260814-TAMBOJASA-XRD150U-009-B
3099,20260815,15,52,101,-1,3,A,0.0,0.0,0.0,False,20260815-TAMBOJASA-XRD150U-009-A
3100,20260815,15,52,101,-1,3,B,0.0,0.0,0.0,False,20260815-TAMBOJASA-XRD150U-009-B
3101,20260816,15,52,101,-1,3,A,0.0,0.0,0.0,False,20260816-TAMBOJASA-XRD150U-009-A
3102,20260816,15,52,101,-1,3,B,0.0,0.0,0.0,False,20260816-TAMBOJASA-XRD150U-009-B
3103,20260817,15,52,101,-1,3,A,0.0,0.0,0.0,False,20260817-TAMBOJASA-XRD150U-009-A
3104,20260817,15,52,101,-1,3,B,0.0,0.0,0.0,False,20260817-TAMBOJASA-XRD150U-009-B
3105,20260818,15,52,101,-1,3,A,0.0,0.0,0.0,False,20260818-TAMBOJASA-XRD150U-009-A
3106,20260818,15,52,101,-1,3,B,0.0,0.0,0.0,False,20260818-TAMBOJASA-XRD150U-009-B
3107,20260819,15,52,101,-1,3,A,0.0,0.0,0.0,False,20260819-TAMBOJASA-XRD150U-009-A
3108,20260819,15,52,101,-1,3,B,0.0,0.0,0.0,False,20260819-TAMBOJASA-XRD150U-009-B
3109,20260820,15,52,101,-1,3,A,0.0,0.0,0.0,False,20260820-TAMBOJASA-XRD150U-009-A
3110,20260820,15,52,101,-1,3,B,0.0,0.0,0.0,False,20260820-TAMBOJASA-XRD150U-009-B
3111,20260821,15,52,101,-1,3,A,0.0,0.0,0.0,False,20260821-TAMBOJASA-XRD150U-009-A
3112,20260821,15,52,101,-1,3,B,0.0,0.0,0.0,False,20260821-TAMBOJASA-XRD150U-009-B
3113,20260822,15,52,101,-1,3,A,0.0,0.0,0.0,False,20260822-TAMBOJASA-XRD150U-009-A
3114,20260822,15,52,101,-1,3,B,0.0,0.0,0.0,False,20260822-TAMBOJASA-XRD150U-009-B
3115,20260823,15,52,101,-1,3,A,0.0,0.0,0.0,False,20260823-TAMBOJASA-XRD150U-009-A
3116,20260823,15,52,101,-1,3,B,0.0,0.0,0.0,False,20260823-TAMBOJASA-XRD150U-009-B
3117,20260824,15,52,101,-1,3,A,0.0,0.0,0.0,False,20260824-TAMBOJASA-XRD150U-009-A
3118,20260824,15,52,101,-1,3,B,0.0,0.0,0.0,False,20260824-TAMBOJASA-XRD150U-009-B
3119,20260825,15,52,101,-1,3,A,0.0,0.0,0.0,False,20260825-TAMBOJASA-XRD150U-009-A
3120,20260825,15,52,101,-1,3,B,0.0,0.0,0.0,False,20260825-TAMBOJASA-XRD150U-009-B
3121,20260826,16,53,102,34,2,A,271.55,281.1,9.55,False,20260826-TICLIO-XRD150U-007-A
3122,20260826,16,53,102,383,2,B,281.1,306.45,25.35,False,20260826-TICLIO-XRD150U-007-B
3123,20260827,16,53,102,110,2,A,306.45,320.1,13.65,False,20260827-TICLIO-XRD150U-007-A
3124,20260827,16,53,102,383,2,B,320.1,340.55,20.45,False,20260827-TICLIO-XRD150U-007-B
3125,20260828,16,53,102,222,2,A,340.55,347.05,6.5,False,20260828-TICLIO-XRD150U-007-A
3126,20260828,16,53,102,110,2,B,347.05,347.05,0.0,False,20260828-TICLIO-XRD150U-007-B
3127,20260829,16,53,102,222,2,A,347.05,347.05,0.0,False,20260829-TICLIO-XRD150U-007-A
3128,20260829,16,53,102,110,2,B,347.05,347.05,0.0,False,20260829-TICLIO-XRD150U-007-B
3129,20260830,16,53,103,222,2,A,0.0,0.0,0.0,False,20260830-TICLIO-XRD150U-007-A
3130,20260830,16,53,103,110,2,B,0.0,29.35,29.35,False,20260830-TICLIO-XRD150U-007-B
3131,20260831,16,53,103,-1,3,A,0.0,0.0,0.0,False,20260831-TICLIO-XRD150U-007-A
3132,20260831,16,53,104,-1,3,B,0.0,0.0,0.0,False,20260831-TICLIO-XRD150U-007-B
3133,20260801,16,53,104,-1,3,A,0.0,0.0,0.0,False,20260801-TICLIO-XRD150U-007-A
3134,20260801,16,53,104,-1,3,B,0.0,0.0,0.0,False,20260801-TICLIO-XRD150U-007-B
3135,20260802,16,53,104,-1,3,A,0.0,0.0,0.0,False,20260802-TICLIO-XRD150U-007-A
3136,20260802,16,53,104,-1,3,B,0.0,0.0,0.0,False,20260802-TICLIO-XRD150U-007-B
3137,20260803,16,53,104,-1,3,A,0.0,0.0,0.0,False,20260803-TICLIO-XRD150U-007-A
3138,20260803,16,53,104,-1,3,B,0.0,0.0,0.0,False,20260803-TICLIO-XRD150U-007-B
3139,20260804,16,53,104,-1,3,A,0.0,0.0,0.0,False,20260804-TICLIO-XRD150U-007-A
3140,20260804,16,53,104,-1,3,B,0.0,0.0,0.0,False,20260804-TICLIO-XRD150U-007-B
3141,20260805,16,53,104,-1,3,A,0.0,0.0,0.0,False,20260805-TICLIO-XRD150U-007-A
3142,20260805,16,53,104,-1,3,B,0.0,0.0,0.0,False,20260805-TICLIO-XRD150U-007-B
3143,20260806,16,53,104,-1,3,A,0.0,0.0,0.0,False,20260806-TICLIO-XRD150U-007-A
3144,20260806,16,53,104,-1,3,B,0.0,0.0,0.0,False,20260806-TICLIO-XRD150U-007-B
3145,20260807,16,53,104,-1,3,A,0.0,0.0,0.0,False,20260807-TICLIO-XRD150U-007-A
3146,20260807,16,53,104,-1,3,B,0.0,0.0,0.0,False,20260807-TICLIO-XRD150U-007-B
3147,20260808,16,53,104,-1,3,A,0.0,0.0,0.0,False,20260808-TICLIO-XRD150U-007-A
3148,20260808,16,53,104,-1,3,B,0.0,0.0,0.0,False,20260808-TICLIO-XRD150U-007-B
3149,20260809,16,53,104,-1,3,A,0.0,0.0,0.0,False,20260809-TICLIO-XRD150U-007-A
3150,20260809,16,53,104,-1,3,B,0.0,0.0,0.0,False,20260809-TICLIO-XRD150U-007-B
3151,20260810,16,53,104,-1,3,A,0.0,0.0,0.0,False,20260810-TICLIO-XRD150U-007-A
3152,20260810,16,53,104,-1,3,B,0.0,0.0,0.0,False,20260810-TICLIO-XRD150U-007-B
3153,20260811,16,53,104,-1,3,A,0.0,0.0,0.0,False,20260811-TICLIO-XRD150U-007-A
3154,20260811,16,53,104,-1,3,B,0.0,0.0,0.0,False,20260811-TICLIO-XRD150U-007-B
3155,20260812,16,53,104,-1,3,A,0.0,0.0,0.0,False,20260812-TICLIO-XRD150U-007-A
3156,20260812,16,53,104,-1,3,B,0.0,0.0,0.0,False,20260812-TICLIO-XRD150U-007-B
3157,20260813,16,53,104,-1,3,A,0.0,0.0,0.0,False,20260813-TICLIO-XRD150U-007-A
3158,20260813,16,53,104,-1,3,B,0.0,0.0,0.0,False,20260813-TICLIO-XRD150U-007-B
3159,20260814,16,53,104,-1,3,A,0.0,0.0,0.0,False,20260814-TICLIO-XRD150U-007-A
3160,20260814,16,53,104,-1,3,B,0.0,0.0,0.0,False,20260814-TICLIO-XRD150U-007-B
3161,20260815,16,53,104,-1,3,A,0.0,0.0,0.0,False,20260815-TICLIO-XRD150U-007-A
3162,20260815,16,53,104,-1,3,B,0.0,0.0,0.0,False,20260815-TICLIO-XRD150U-007-B
3163,20260816,16,53,104,-1,3,A,0.0,0.0,0.0,False,20260816-TICLIO-XRD150U-007-A
3164,20260816,16,53,104,-1,3,B,0.0,0.0,0.0,False,20260816-TICLIO-XRD150U-007-B
3165,20260817,16,53,104,-1,3,A,0.0,0.0,0.0,False,20260817-TICLIO-XRD150U-007-A
3166,20260817,16,53,104,-1,3,B,0.0,0.0,0.0,False,20260817-TICLIO-XRD150U-007-B
3167,20260818,16,53,104,-1,3,A,0.0,0.0,0.0,False,20260818-TICLIO-XRD150U-007-A
3168,20260818,16,53,104,-1,3,B,0.0,0.0,0.0,False,20260818-TICLIO-XRD150U-007-B
3169,20260819,16,53,104,-1,3,A,0.0,0.0,0.0,False,20260819-TICLIO-XRD150U-007-A
3170,20260819,16,53,104,-1,3,B,0.0,0.0,0.0,False,20260819-TICLIO-XRD150U-007-B
3171,20260820,16,53,104,-1,3,A,0.0,0.0,0.0,False,20260820-TICLIO-XRD150U-007-A
3172,20260820,16,53,104,-1,3,B,0.0,0.0,0.0,False,20260820-TICLIO-XRD150U-007-B
3173,20260821,16,53,104,-1,3,A,0.0,0.0,0.0,False,20260821-TICLIO-XRD150U-007-A
3174,20260821,16,53,104,-1,3,B,0.0,0.0,0.0,False,20260821-TICLIO-XRD150U-007-B
3175,20260822,16,53,104,-1,3,A,0.0,0.0,0.0,False,20260822-TICLIO-XRD150U-007-A
3176,20260822,16,53,104,-1,3,B,0.0,0.0,0.0,False,20260822-TICLIO-XRD150U-007-B
3177,20260823,16,53,104,-1,3,A,0.0,0.0,0.0,False,20260823-TICLIO-XRD150U-007-A
3178,20260823,16,53,104,-1,3,B,0.0,0.0,0.0,False,20260823-TICLIO-XRD150U-007-B
3179,20260824,16,53,104,-1,3,A,0.0,0.0,0.0,False,20260824-TICLIO-XRD150U-007-A
3180,20260824,16,53,104,-1,3,B,0.0,0.0,0.0,False,20260824-TICLIO-XRD150U-007-B
3181,20260825,16,53,104,-1,3,A,0.0,0.0,0.0,False,20260825-TICLIO-XRD150U-007-A
3182,20260825,16,53,104,-1,3,B,0.0,0.0,0.0,False,20260825-TICLIO-XRD150U-007-B
3183,20260826,17,56,107,125,1,A,74.3,119.15,44.85,False,20260826-YAULIYACU-XRD50USS-003-A
3184,20260826,17,56,107,301,1,B,119.15,144.75,25.6,False,20260826-YAULIYACU-XRD50USS-003-B
3185,20260827,17,56,107,125,1,A,144.75,176.6,31.85,False,20260827-YAULIYACU-XRD50USS-003-A
3186,20260827,17,56,107,301,1,B,176.6,205.2,28.6,False,20260827-YAULIYACU-XRD50USS-003-B
3187,20260828,17,56,107,125,1,A,205.2,232.4,27.2,False,20260828-YAULIYACU-XRD50USS-003-A
3188,20260828,17,56,107,301,1,B,232.4,253.05,20.65,False,20260828-YAULIYACU-XRD50USS-003-B
3189,20260829,17,56,107,125,1,A,253.05,274.5,21.45,False,20260829-YAULIYACU-XRD50USS-003-A
3190,20260829,17,56,107,301,1,B,274.5,280.6,6.1,False,20260829-YAULIYACU-XRD50USS-003-B
3191,20260830,17,56,107,125,1,A,280.6,292.0,11.4,False,20260830-YAULIYACU-XRD50USS-003-A
3192,20260830,17,56,107,301,1,B,292.0,298.25,6.25,False,20260830-YAULIYACU-XRD50USS-003-B
3193,20260831,17,56,107,-1,3,A,0.0,0.0,0.0,False,20260831-YAULIYACU-XRD50USS-003-A
3194,20260831,17,56,106,-1,3,B,0.0,0.0,0.0,False,20260831-YAULIYACU-XRD50USS-003-B
3195,20260901,17,56,106,-1,3,A,0.0,0.0,0.0,False,20260901-YAULIYACU-XRD50USS-003-A
3196,20260901,17,56,106,-1,3,B,0.0,0.0,0.0,False,20260901-YAULIYACU-XRD50USS-003-B
3197,20260902,17,56,106,-1,3,A,0.0,0.0,0.0,False,20260902-YAULIYACU-XRD50USS-003-A
3198,20260902,17,56,106,-1,3,B,0.0,0.0,0.0,False,20260902-YAULIYACU-XRD50USS-003-B
3199,20260903,17,56,106,-1,3,A,0.0,0.0,0.0,False,20260903-YAULIYACU-XRD50USS-003-A
3200,20260903,17,56,106,-1,3,B,0.0,0.0,0.0,False,20260903-YAULIYACU-XRD50USS-003-B
3201,20260904,17,56,106,-1,3,A,0.0,0.0,0.0,False,20260904-YAULIYACU-XRD50USS-003-A
3202,20260904,17,56,106,-1,3,B,0.0,0.0,0.0,False,20260904-YAULIYACU-XRD50USS-003-B
3203,20260905,17,56,106,-1,3,A,0.0,0.0,0.0,False,20260905-YAULIYACU-XRD50USS-003-A
3204,20260905,17,56,106,-1,3,B,0.0,0.0,0.0,False,20260905-YAULIYACU-XRD50USS-003-B
3205,20260906,17,56,106,-1,3,A,0.0,0.0,0.0,False,20260906-YAULIYACU-XRD50USS-003-A
3206,20260906,17,56,106,-1,3,B,0.0,0.0,0.0,False,20260906-YAULIYACU-XRD50USS-003-B
3207,20260907,17,56,106,-1,3,A,0.0,0.0,0.0,False,20260907-YAULIYACU-XRD50USS-003-A
3208,20260907,17,56,106,-1,3,B,0.0,0.0,0.0,False,20260907-YAULIYACU-XRD50USS-003-B
3209,20260908,17,56,106,-1,3,A,0.0,0.0,0.0,False,20260908-YAULIYACU-XRD50USS-003-A
3210,20260908,17,56,106,-1,3,B,0.0,0.0,0.0,False,20260908-YAULIYACU-XRD50USS-003-B
3211,20260909,17,56,106,-1,3,A,0.0,0.0,0.0,False,20260909-YAULIYACU-XRD50USS-003-A
3212,20260909,17,56,106,-1,3,B,0.0,0.0,0.0,False,20260909-YAULIYACU-XRD50USS-003-B
3213,20260910,17,56,106,-1,3,A,0.0,0.0,0.0,False,20260910-YAULIYACU-XRD50USS-003-A
3214,20260910,17,56,106,-1,3,B,0.0,0.0,0.0,False,20260910-YAULIYACU-XRD50USS-003-B
3215,20260911,17,56,106,-1,3,A,0.0,0.0,0.0,False,20260911-YAULIYACU-XRD50USS-003-A
3216,20260911,17,56,106,-1,3,B,0.0,0.0,0.0,False,20260911-YAULIYACU-XRD50USS-003-B
3217,20260912,17,56,106,-1,3,A,0.0,0.0,0.0,False,20260912-YAULIYACU-XRD50USS-003-A
3218,20260912,17,56,106,-1,3,B,0.0,0.0,0.0,False,20260912-YAULIYACU-XRD50USS-003-B
3219,20260913,17,56,106,-1,3,A,0.0,0.0,0.0,False,20260913-YAULIYACU-XRD50USS-003-A
3220,20260913,17,56,106,-1,3,B,0.0,0.0,0.0,False,20260913-YAULIYACU-XRD50USS-003-B
3221,20260914,17,56,106,-1,3,A,0.0,0.0,0.0,False,20260914-YAULIYACU-XRD50USS-003-A
3222,20260914,17,56,106,-1,3,B,0.0,0.0,0.0,False,20260914-YAULIYACU-XRD50USS-003-B
3223,20260915,17,56,106,-1,3,A,0.0,0.0,0.0,False,20260915-YAULIYACU-XRD50USS-003-A
3224,20260915,17,56,106,-1,3,B,0.0,0.0,0.0,False,20260915-YAULIYACU-XRD50USS-003-B
3225,20260916,17,56,106,-1,3,A,0.0,0.0,0.0,False,20260916-YAULIYACU-XRD50USS-003-A
3226,20260916,17,56,106,-1,3,B,0.0,0.0,0.0,False,20260916-YAULIYACU-XRD50USS-003-B
3227,20260917,17,56,106,-1,3,A,0.0,0.0,0.0,False,20260917-YAULIYACU-XRD50USS-003-A
3228,20260917,17,56,106,-1,3,B,0.0,0.0,0.0,False,20260917-YAULIYACU-XRD50USS-003-B
3229,20260918,17,56,106,-1,3,A,0.0,0.0,0.0,False,20260918-YAULIYACU-XRD50USS-003-A
3230,20260918,17,56,106,-1,3,B,0.0,0.0,0.0,False,20260918-YAULIYACU-XRD50USS-003-B
3231,20260919,17,56,106,-1,3,A,0.0,0.0,0.0,False,20260919-YAULIYACU-XRD50USS-003-A
3232,20260919,17,56,106,-1,3,B,0.0,0.0,0.0,False,20260919-YAULIYACU-XRD50USS-003-B
3233,20260920,17,56,106,-1,3,A,0.0,0.0,0.0,False,20260920-YAULIYACU-XRD50USS-003-A
3234,20260920,17,56,106,-1,3,B,0.0,0.0,0.0,False,20260920-YAULIYACU-XRD50USS-003-B
3235,20260921,17,56,106,-1,3,A,0.0,0.0,0.0,False,20260921-YAULIYACU-XRD50USS-003-A
3236,20260921,17,56,106,-1,3,B,0.0,0.0,0.0,False,20260921-YAULIYACU-XRD50USS-003-B
3237,20260922,17,56,106,-1,3,A,0.0,0.0,0.0,False,20260922-YAULIYACU-XRD50USS-003-A
3238,20260922,17,56,106,-1,3,B,0.0,0.0,0.0,False,20260922-YAULIYACU-XRD50USS-003-B
3239,20260923,17,56,106,-1,3,A,0.0,0.0,0.0,False,20260923-YAULIYACU-XRD50USS-003-A
3240,20260923,17,56,106,-1,3,B,0.0,0.0,0.0,False,20260923-YAULIYACU-XRD50USS-003-B
3241,20260924,17,56,106,-1,3,A,0.0,0.0,0.0,False,20260924-YAULIYACU-XRD50USS-003-A
3242,20260924,17,56,106,-1,3,B,0.0,0.0,0.0,False,20260924-YAULIYACU-XRD50USS-003-B
3243,20260925,17,56,106,-1,3,A,0.0,0.0,0.0,False,20260925-YAULIYACU-XRD50USS-003-A
3244,20260925,17,56,106,-1,3,B,0.0,0.0,0.0,False,20260925-YAULIYACU-XRD50USS-003-B
3245,20260826,17,54,108,359,1,A,14.75,41.3,26.55,False,20260826-YAULIYACU-XDR50USS-00T-A
3246,20260826,17,54,108,33,1,B,41.3,52.8,11.5,False,20260826-YAULIYACU-XDR50USS-00T-B
3247,20260827,17,54,108,359,1,A,52.8,69.15,16.35,False,20260827-YAULIYACU-XDR50USS-00T-A
3248,20260827,17,54,108,33,1,B,69.15,85.75,16.6,False,20260827-YAULIYACU-XDR50USS-00T-B
3249,20260828,17,54,108,359,1,A,85.75,117.0,31.25,False,20260828-YAULIYACU-XDR50USS-00T-A
3250,20260828,17,54,108,33,1,B,117.0,131.4,14.4,False,20260828-YAULIYACU-XDR50USS-00T-B
3251,20260829,17,54,108,359,1,A,0.0,0.0,0.0,False,20260829-YAULIYACU-XDR50USS-00T-A
3252,20260829,17,54,108,33,1,B,0.0,3.85,3.85,False,20260829-YAULIYACU-XDR50USS-00T-B
3253,20260830,17,54,108,359,1,A,3.85,25.45,21.6,False,20260830-YAULIYACU-XDR50USS-00T-A
3254,20260830,17,54,108,33,1,B,25.45,45.55,20.1,False,20260830-YAULIYACU-XDR50USS-00T-B
3255,20260831,17,54,108,-1,3,A,0.0,0.0,0.0,False,20260831-YAULIYACU-XDR50USS-00T-A
3256,20260831,17,54,106,-1,3,B,0.0,0.0,0.0,False,20260831-YAULIYACU-XDR50USS-00T-B
3257,20260901,17,54,106,-1,3,A,0.0,0.0,0.0,False,20260901-YAULIYACU-XDR50USS-00T-A
3258,20260901,17,54,106,-1,3,B,0.0,0.0,0.0,False,20260901-YAULIYACU-XDR50USS-00T-B
3259,20260902,17,54,106,-1,3,A,0.0,0.0,0.0,False,20260902-YAULIYACU-XDR50USS-00T-A
3260,20260902,17,54,106,-1,3,B,0.0,0.0,0.0,False,20260902-YAULIYACU-XDR50USS-00T-B
3261,20260903,17,54,106,-1,3,A,0.0,0.0,0.0,False,20260903-YAULIYACU-XDR50USS-00T-A
3262,20260903,17,54,106,-1,3,B,0.0,0.0,0.0,False,20260903-YAULIYACU-XDR50USS-00T-B
3263,20260904,17,54,106,-1,3,A,0.0,0.0,0.0,False,20260904-YAULIYACU-XDR50USS-00T-A
3264,20260904,17,54,106,-1,3,B,0.0,0.0,0.0,False,20260904-YAULIYACU-XDR50USS-00T-B
3265,20260905,17,54,106,-1,3,A,0.0,0.0,0.0,False,20260905-YAULIYACU-XDR50USS-00T-A
3266,20260905,17,54,106,-1,3,B,0.0,0.0,0.0,False,20260905-YAULIYACU-XDR50USS-00T-B
3267,20260906,17,54,106,-1,3,A,0.0,0.0,0.0,False,20260906-YAULIYACU-XDR50USS-00T-A
3268,20260906,17,54,106,-1,3,B,0.0,0.0,0.0,False,20260906-YAULIYACU-XDR50USS-00T-B
3269,20260907,17,54,106,-1,3,A,0.0,0.0,0.0,False,20260907-YAULIYACU-XDR50USS-00T-A
3270,20260907,17,54,106,-1,3,B,0.0,0.0,0.0,False,20260907-YAULIYACU-XDR50USS-00T-B
3271,20260908,17,54,106,-1,3,A,0.0,0.0,0.0,False,20260908-YAULIYACU-XDR50USS-00T-A
3272,20260908,17,54,106,-1,3,B,0.0,0.0,0.0,False,20260908-YAULIYACU-XDR50USS-00T-B
3273,20260909,17,54,106,-1,3,A,0.0,0.0,0.0,False,20260909-YAULIYACU-XDR50USS-00T-A
3274,20260909,17,54,106,-1,3,B,0.0,0.0,0.0,False,20260909-YAULIYACU-XDR50USS-00T-B
3275,20260910,17,54,106,-1,3,A,0.0,0.0,0.0,False,20260910-YAULIYACU-XDR50USS-00T-A
3276,20260910,17,54,106,-1,3,B,0.0,0.0,0.0,False,20260910-YAULIYACU-XDR50USS-00T-B
3277,20260911,17,54,106,-1,3,A,0.0,0.0,0.0,False,20260911-YAULIYACU-XDR50USS-00T-A
3278,20260911,17,54,106,-1,3,B,0.0,0.0,0.0,False,20260911-YAULIYACU-XDR50USS-00T-B
3279,20260912,17,54,106,-1,3,A,0.0,0.0,0.0,False,20260912-YAULIYACU-XDR50USS-00T-A
3280,20260912,17,54,106,-1,3,B,0.0,0.0,0.0,False,20260912-YAULIYACU-XDR50USS-00T-B
3281,20260913,17,54,106,-1,3,A,0.0,0.0,0.0,False,20260913-YAULIYACU-XDR50USS-00T-A
3282,20260913,17,54,106,-1,3,B,0.0,0.0,0.0,False,20260913-YAULIYACU-XDR50USS-00T-B
3283,20260914,17,54,106,-1,3,A,0.0,0.0,0.0,False,20260914-YAULIYACU-XDR50USS-00T-A
3284,20260914,17,54,106,-1,3,B,0.0,0.0,0.0,False,20260914-YAULIYACU-XDR50USS-00T-B
3285,20260915,17,54,106,-1,3,A,0.0,0.0,0.0,False,20260915-YAULIYACU-XDR50USS-00T-A
3286,20260915,17,54,106,-1,3,B,0.0,0.0,0.0,False,20260915-YAULIYACU-XDR50USS-00T-B
3287,20260916,17,54,106,-1,3,A,0.0,0.0,0.0,False,20260916-YAULIYACU-XDR50USS-00T-A
3288,20260916,17,54,106,-1,3,B,0.0,0.0,0.0,False,20260916-YAULIYACU-XDR50USS-00T-B
3289,20260917,17,54,106,-1,3,A,0.0,0.0,0.0,False,20260917-YAULIYACU-XDR50USS-00T-A
3290,20260917,17,54,106,-1,3,B,0.0,0.0,0.0,False,20260917-YAULIYACU-XDR50USS-00T-B
3291,20260918,17,54,106,-1,3,A,0.0,0.0,0.0,False,20260918-YAULIYACU-XDR50USS-00T-A
3292,20260918,17,54,106,-1,3,B,0.0,0.0,0.0,False,20260918-YAULIYACU-XDR50USS-00T-B
3293,20260919,17,54,106,-1,3,A,0.0,0.0,0.0,False,20260919-YAULIYACU-XDR50USS-00T-A
3294,20260919,17,54,106,-1,3,B,0.0,0.0,0.0,False,20260919-YAULIYACU-XDR50USS-00T-B
3295,20260920,17,54,106,-1,3,A,0.0,0.0,0.0,False,20260920-YAULIYACU-XDR50USS-00T-A
3296,20260920,17,54,106,-1,3,B,0.0,0.0,0.0,False,20260920-YAULIYACU-XDR50USS-00T-B
3297,20260921,17,54,106,-1,3,A,0.0,0.0,0.0,False,20260921-YAULIYACU-XDR50USS-00T-A
3298,20260921,17,54,106,-1,3,B,0.0,0.0,0.0,False,20260921-YAULIYACU-XDR50USS-00T-B
3299,20260922,17,54,106,-1,3,A,0.0,0.0,0.0,False,20260922-YAULIYACU-XDR50USS-00T-A
3300,20260922,17,54,106,-1,3,B,0.0,0.0,0.0,False,20260922-YAULIYACU-XDR50USS-00T-B
3301,20260923,17,54,106,-1,3,A,0.0,0.0,0.0,False,20260923-YAULIYACU-XDR50USS-00T-A
3302,20260923,17,54,106,-1,3,B,0.0,0.0,0.0,False,20260923-YAULIYACU-XDR50USS-00T-B
3303,20260924,17,54,106,-1,3,A,0.0,0.0,0.0,False,20260924-YAULIYACU-XDR50USS-00T-A
3304,20260924,17,54,106,-1,3,B,0.0,0.0,0.0,False,20260924-YAULIYACU-XDR50USS-00T-B
3305,20260925,17,54,106,-1,3,A,0.0,0.0,0.0,False,20260925-YAULIYACU-XDR50USS-00T-A
3306,20260925,17,54,106,-1,3,B,0.0,0.0,0.0,False,20260925-YAULIYACU-XDR50USS-00T-B
3307,20260826,17,55,105,297,2,A,181.45,181.45,0.0,False,20260826-YAULIYACU-XRD125USS-001-A
3308,20260826,17,55,105,269,2,B,181.45,202.5,21.05,False,20260826-YAULIYACU-XRD125USS-001-B
3309,20260827,17,55,105,297,2,A,202.5,217.25,14.75,False,20260827-YAULIYACU-XRD125USS-001-A
3310,20260827,17,55,105,269,2,B,217.25,232.2,14.95,False,20260827-YAULIYACU-XRD125USS-001-B
3311,20260828,17,55,105,297,2,A,232.2,236.9,4.7,False,20260828-YAULIYACU-XRD125USS-001-A
3312,20260828,17,55,105,269,2,B,236.9,241.5,4.6,False,20260828-YAULIYACU-XRD125USS-001-B
3313,20260829,17,55,105,297,2,A,241.5,241.5,0.0,False,20260829-YAULIYACU-XRD125USS-001-A
3314,20260829,17,55,105,269,2,B,241.5,250.3,8.8,False,20260829-YAULIYACU-XRD125USS-001-B
3315,20260830,17,55,105,297,2,A,250.3,0.0,0.0,False,20260830-YAULIYACU-XRD125USS-001-A
3316,20260830,17,55,105,269,2,B,0.0,0.0,0.0,False,20260830-YAULIYACU-XRD125USS-001-B
3317,20260831,17,55,105,-1,3,A,0.0,0.0,0.0,False,20260831-YAULIYACU-XRD125USS-001-A
3318,20260831,17,55,106,-1,3,B,0.0,0.0,0.0,False,20260831-YAULIYACU-XRD125USS-001-B
3319,20260901,17,55,106,-1,3,A,0.0,0.0,0.0,False,20260901-YAULIYACU-XRD125USS-001-A
3320,20260901,17,55,106,-1,3,B,0.0,0.0,0.0,False,20260901-YAULIYACU-XRD125USS-001-B
3321,20260902,17,55,106,-1,3,A,0.0,0.0,0.0,False,20260902-YAULIYACU-XRD125USS-001-A
3322,20260902,17,55,106,-1,3,B,0.0,0.0,0.0,False,20260902-YAULIYACU-XRD125USS-001-B
3323,20260903,17,55,106,-1,3,A,0.0,0.0,0.0,False,20260903-YAULIYACU-XRD125USS-001-A
3324,20260903,17,55,106,-1,3,B,0.0,0.0,0.0,False,20260903-YAULIYACU-XRD125USS-001-B
3325,20260904,17,55,106,-1,3,A,0.0,0.0,0.0,False,20260904-YAULIYACU-XRD125USS-001-A
3326,20260904,17,55,106,-1,3,B,0.0,0.0,0.0,False,20260904-YAULIYACU-XRD125USS-001-B
3327,20260905,17,55,106,-1,3,A,0.0,0.0,0.0,False,20260905-YAULIYACU-XRD125USS-001-A
3328,20260905,17,55,106,-1,3,B,0.0,0.0,0.0,False,20260905-YAULIYACU-XRD125USS-001-B
3329,20260906,17,55,106,-1,3,A,0.0,0.0,0.0,False,20260906-YAULIYACU-XRD125USS-001-A
3330,20260906,17,55,106,-1,3,B,0.0,0.0,0.0,False,20260906-YAULIYACU-XRD125USS-001-B
3331,20260907,17,55,106,-1,3,A,0.0,0.0,0.0,False,20260907-YAULIYACU-XRD125USS-001-A
3332,20260907,17,55,106,-1,3,B,0.0,0.0,0.0,False,20260907-YAULIYACU-XRD125USS-001-B
3333,20260908,17,55,106,-1,3,A,0.0,0.0,0.0,False,20260908-YAULIYACU-XRD125USS-001-A
3334,20260908,17,55,106,-1,3,B,0.0,0.0,0.0,False,20260908-YAULIYACU-XRD125USS-001-B
3335,20260909,17,55,106,-1,3,A,0.0,0.0,0.0,False,20260909-YAULIYACU-XRD125USS-001-A
3336,20260909,17,55,106,-1,3,B,0.0,0.0,0.0,False,20260909-YAULIYACU-XRD125USS-001-B
3337,20260910,17,55,106,-1,3,A,0.0,0.0,0.0,False,20260910-YAULIYACU-XRD125USS-001-A
3338,20260910,17,55,106,-1,3,B,0.0,0.0,0.0,False,20260910-YAULIYACU-XRD125USS-001-B
3339,20260911,17,55,106,-1,3,A,0.0,0.0,0.0,False,20260911-YAULIYACU-XRD125USS-001-A
3340,20260911,17,55,106,-1,3,B,0.0,0.0,0.0,False,20260911-YAULIYACU-XRD125USS-001-B
3341,20260912,17,55,106,-1,3,A,0.0,0.0,0.0,False,20260912-YAULIYACU-XRD125USS-001-A
3342,20260912,17,55,106,-1,3,B,0.0,0.0,0.0,False,20260912-YAULIYACU-XRD125USS-001-B
3343,20260913,17,55,106,-1,3,A,0.0,0.0,0.0,False,20260913-YAULIYACU-XRD125USS-001-A
3344,20260913,17,55,106,-1,3,B,0.0,0.0,0.0,False,20260913-YAULIYACU-XRD125USS-001-B
3345,20260914,17,55,106,-1,3,A,0.0,0.0,0.0,False,20260914-YAULIYACU-XRD125USS-001-A
3346,20260914,17,55,106,-1,3,B,0.0,0.0,0.0,False,20260914-YAULIYACU-XRD125USS-001-B
3347,20260915,17,55,106,-1,3,A,0.0,0.0,0.0,False,20260915-YAULIYACU-XRD125USS-001-A
3348,20260915,17,55,106,-1,3,B,0.0,0.0,0.0,False,20260915-YAULIYACU-XRD125USS-001-B
3349,20260916,17,55,106,-1,3,A,0.0,0.0,0.0,False,20260916-YAULIYACU-XRD125USS-001-A
3350,20260916,17,55,106,-1,3,B,0.0,0.0,0.0,False,20260916-YAULIYACU-XRD125USS-001-B
3351,20260917,17,55,106,-1,3,A,0.0,0.0,0.0,False,20260917-YAULIYACU-XRD125USS-001-A
3352,20260917,17,55,106,-1,3,B,0.0,0.0,0.0,False,20260917-YAULIYACU-XRD125USS-001-B
3353,20260918,17,55,106,-1,3,A,0.0,0.0,0.0,False,20260918-YAULIYACU-XRD125USS-001-A
3354,20260918,17,55,106,-1,3,B,0.0,0.0,0.0,False,20260918-YAULIYACU-XRD125USS-001-B
3355,20260919,17,55,106,-1,3,A,0.0,0.0,0.0,False,20260919-YAULIYACU-XRD125USS-001-A
3356,20260919,17,55,106,-1,3,B,0.0,0.0,0.0,False,20260919-YAULIYACU-XRD125USS-001-B
3357,20260920,17,55,106,-1,3,A,0.0,0.0,0.0,False,20260920-YAULIYACU-XRD125USS-001-A
3358,20260920,17,55,106,-1,3,B,0.0,0.0,0.0,False,20260920-YAULIYACU-XRD125USS-001-B
3359,20260921,17,55,106,-1,3,A,0.0,0.0,0.0,False,20260921-YAULIYACU-XRD125USS-001-A
3360,20260921,17,55,106,-1,3,B,0.0,0.0,0.0,False,20260921-YAULIYACU-XRD125USS-001-B
3361,20260922,17,55,106,-1,3,A,0.0,0.0,0.0,False,20260922-YAULIYACU-XRD125USS-001-A
3362,20260922,17,55,106,-1,3,B,0.0,0.0,0.0,False,20260922-YAULIYACU-XRD125USS-001-B
3363,20260923,17,55,106,-1,3,A,0.0,0.0,0.0,False,20260923-YAULIYACU-XRD125USS-001-A
3364,20260923,17,55,106,-1,3,B,0.0,0.0,0.0,False,20260923-YAULIYACU-XRD125USS-001-B
3365,20260924,17,55,106,-1,3,A,0.0,0.0,0.0,False,20260924-YAULIYACU-XRD125USS-001-A
3366,20260924,17,55,106,-1,3,B,0.0,0.0,0.0,False,20260924-YAULIYACU-XRD125USS-001-B
3367,20260925,17,55,106,-1,3,A,0.0,0.0,0.0,False,20260925-YAULIYACU-XRD125USS-001-A
3368,20260925,17,55,106,-1,3,B,0.0,0.0,0.0,False,20260925-YAULIYACU-XRD125USS-001-B
3369,20260826,18,58,109,160,2,A,104.8,113.2,8.4,False,20260826-YAURICOCHA-XRD150USS-001-A
3370,20260826,18,58,109,305,2,B,113.2,130.6,17.4,False,20260826-YAURICOCHA-XRD150USS-001-B
3371,20260827,18,58,109,160,2,A,130.6,130.6,0.0,False,20260827-YAURICOCHA-XRD150USS-001-A
3372,20260827,18,58,110,132,2,B,0.0,13.4,13.4,False,20260827-YAURICOCHA-XRD150USS-001-B
3373,20260828,18,58,110,160,2,A,13.4,47.9,34.5,False,20260828-YAURICOCHA-XRD150USS-001-A
3374,20260828,18,58,110,132,2,B,47.9,67.3,19.4,False,20260828-YAURICOCHA-XRD150USS-001-B
3375,20260829,18,58,110,160,2,A,67.3,82.2,14.9,False,20260829-YAURICOCHA-XRD150USS-001-A
3376,20260829,18,58,110,132,2,B,82.2,84.3,2.1,False,20260829-YAURICOCHA-XRD150USS-001-B
3377,20260830,18,58,110,160,2,A,84.3,84.3,0.0,False,20260830-YAURICOCHA-XRD150USS-001-A
3378,20260830,18,58,110,132,2,B,84.3,84.3,0.0,False,20260830-YAURICOCHA-XRD150USS-001-B
3379,20260831,18,58,110,-1,3,A,0.0,0.0,0.0,False,20260831-YAURICOCHA-XRD150USS-001-A
3380,20260831,18,58,112,-1,3,B,0.0,0.0,0.0,False,20260831-YAURICOCHA-XRD150USS-001-B
3381,20260801,18,58,112,-1,3,A,0.0,0.0,0.0,False,20260801-YAURICOCHA-XRD150USS-001-A
3382,20260801,18,58,112,-1,3,B,0.0,0.0,0.0,False,20260801-YAURICOCHA-XRD150USS-001-B
3383,20260802,18,58,112,-1,3,A,0.0,0.0,0.0,False,20260802-YAURICOCHA-XRD150USS-001-A
3384,20260802,18,58,112,-1,3,B,0.0,0.0,0.0,False,20260802-YAURICOCHA-XRD150USS-001-B
3385,20260803,18,58,112,-1,3,A,0.0,0.0,0.0,False,20260803-YAURICOCHA-XRD150USS-001-A
3386,20260803,18,58,112,-1,3,B,0.0,0.0,0.0,False,20260803-YAURICOCHA-XRD150USS-001-B
3387,20260804,18,58,112,-1,3,A,0.0,0.0,0.0,False,20260804-YAURICOCHA-XRD150USS-001-A
3388,20260804,18,58,112,-1,3,B,0.0,0.0,0.0,False,20260804-YAURICOCHA-XRD150USS-001-B
3389,20260805,18,58,112,-1,3,A,0.0,0.0,0.0,False,20260805-YAURICOCHA-XRD150USS-001-A
3390,20260805,18,58,112,-1,3,B,0.0,0.0,0.0,False,20260805-YAURICOCHA-XRD150USS-001-B
3391,20260806,18,58,112,-1,3,A,0.0,0.0,0.0,False,20260806-YAURICOCHA-XRD150USS-001-A
3392,20260806,18,58,112,-1,3,B,0.0,0.0,0.0,False,20260806-YAURICOCHA-XRD150USS-001-B
3393,20260807,18,58,112,-1,3,A,0.0,0.0,0.0,False,20260807-YAURICOCHA-XRD150USS-001-A
3394,20260807,18,58,112,-1,3,B,0.0,0.0,0.0,False,20260807-YAURICOCHA-XRD150USS-001-B
3395,20260808,18,58,112,-1,3,A,0.0,0.0,0.0,False,20260808-YAURICOCHA-XRD150USS-001-A
3396,20260808,18,58,112,-1,3,B,0.0,0.0,0.0,False,20260808-YAURICOCHA-XRD150USS-001-B
3397,20260809,18,58,112,-1,3,A,0.0,0.0,0.0,False,20260809-YAURICOCHA-XRD150USS-001-A
3398,20260809,18,58,112,-1,3,B,0.0,0.0,0.0,False,20260809-YAURICOCHA-XRD150USS-001-B
3399,20260810,18,58,112,-1,3,A,0.0,0.0,0.0,False,20260810-YAURICOCHA-XRD150USS-001-A
3400,20260810,18,58,112,-1,3,B,0.0,0.0,0.0,False,20260810-YAURICOCHA-XRD150USS-001-B
3401,20260811,18,58,112,-1,3,A,0.0,0.0,0.0,False,20260811-YAURICOCHA-XRD150USS-001-A
3402,20260811,18,58,112,-1,3,B,0.0,0.0,0.0,False,20260811-YAURICOCHA-XRD150USS-001-B
3403,20260812,18,58,112,-1,3,A,0.0,0.0,0.0,False,20260812-YAURICOCHA-XRD150USS-001-A
3404,20260812,18,58,112,-1,3,B,0.0,0.0,0.0,False,20260812-YAURICOCHA-XRD150USS-001-B
3405,20260813,18,58,112,-1,3,A,0.0,0.0,0.0,False,20260813-YAURICOCHA-XRD150USS-001-A
3406,20260813,18,58,112,-1,3,B,0.0,0.0,0.0,False,20260813-YAURICOCHA-XRD150USS-001-B
3407,20260814,18,58,112,-1,3,A,0.0,0.0,0.0,False,20260814-YAURICOCHA-XRD150USS-001-A
3408,20260814,18,58,112,-1,3,B,0.0,0.0,0.0,False,20260814-YAURICOCHA-XRD150USS-001-B
3409,20260815,18,58,112,-1,3,A,0.0,0.0,0.0,False,20260815-YAURICOCHA-XRD150USS-001-A
3410,20260815,18,58,112,-1,3,B,0.0,0.0,0.0,False,20260815-YAURICOCHA-XRD150USS-001-B
3411,20260816,18,58,112,-1,3,A,0.0,0.0,0.0,False,20260816-YAURICOCHA-XRD150USS-001-A
3412,20260816,18,58,112,-1,3,B,0.0,0.0,0.0,False,20260816-YAURICOCHA-XRD150USS-001-B
3413,20260817,18,58,112,-1,3,A,0.0,0.0,0.0,False,20260817-YAURICOCHA-XRD150USS-001-A
3414,20260817,18,58,112,-1,3,B,0.0,0.0,0.0,False,20260817-YAURICOCHA-XRD150USS-001-B
3415,20260818,18,58,112,-1,3,A,0.0,0.0,0.0,False,20260818-YAURICOCHA-XRD150USS-001-A
3416,20260818,18,58,112,-1,3,B,0.0,0.0,0.0,False,20260818-YAURICOCHA-XRD150USS-001-B
3417,20260819,18,58,112,-1,3,A,0.0,0.0,0.0,False,20260819-YAURICOCHA-XRD150USS-001-A
3418,20260819,18,58,112,-1,3,B,0.0,0.0,0.0,False,20260819-YAURICOCHA-XRD150USS-001-B
3419,20260820,18,58,112,-1,3,A,0.0,0.0,0.0,False,20260820-YAURICOCHA-XRD150USS-001-A
3420,20260820,18,58,112,-1,3,B,0.0,0.0,0.0,False,20260820-YAURICOCHA-XRD150USS-001-B
3421,20260821,18,58,112,-1,3,A,0.0,0.0,0.0,False,20260821-YAURICOCHA-XRD150USS-001-A
3422,20260821,18,58,112,-1,3,B,0.0,0.0,0.0,False,20260821-YAURICOCHA-XRD150USS-001-B
3423,20260822,18,58,112,-1,3,A,0.0,0.0,0.0,False,20260822-YAURICOCHA-XRD150USS-001-A
3424,20260822,18,58,112,-1,3,B,0.0,0.0,0.0,False,20260822-YAURICOCHA-XRD150USS-001-B
3425,20260823,18,58,112,-1,3,A,0.0,0.0,0.0,False,20260823-YAURICOCHA-XRD150USS-001-A
3426,20260823,18,58,112,-1,3,B,0.0,0.0,0.0,False,20260823-YAURICOCHA-XRD150USS-001-B
3427,20260824,18,58,112,-1,3,A,0.0,0.0,0.0,False,20260824-YAURICOCHA-XRD150USS-001-A
3428,20260824,18,58,112,-1,3,B,0.0,0.0,0.0,False,20260824-YAURICOCHA-XRD150USS-001-B
3429,20260825,18,58,112,-1,3,A,0.0,0.0,0.0,False,20260825-YAURICOCHA-XRD150USS-001-A
3430,20260825,18,58,112,-1,3,B,0.0,0.0,0.0,False,20260825-YAURICOCHA-XRD150USS-001-B
3431,20260826,18,57,111,179,2,A,66.1,86.2,20.1,False,20260826-YAURICOCHA-XRD150U-011-A
3432,20260826,18,57,111,176,2,B,86.2,99.8,13.6,False,20260826-YAURICOCHA-XRD150U-011-B
3433,20260827,18,57,111,248,2,A,99.8,125.9,26.1,False,20260827-YAURICOCHA-XRD150U-011-A
3434,20260827,18,57,111,176,2,B,125.9,143.1,17.2,False,20260827-YAURICOCHA-XRD150U-011-B
3435,20260828,18,57,111,204,2,A,143.1,149.9,6.8,False,20260828-YAURICOCHA-XRD150U-011-A
3436,20260828,18,57,111,176,2,B,149.9,166.9,17.0,False,20260828-YAURICOCHA-XRD150U-011-B
3437,20260829,18,57,111,204,2,A,166.9,166.9,0.0,False,20260829-YAURICOCHA-XRD150U-011-A
3438,20260829,18,57,111,176,2,B,166.9,178.7,11.8,False,20260829-YAURICOCHA-XRD150U-011-B
3439,20260830,18,57,111,204,3,A,0.0,0.0,0.0,False,20260830-YAURICOCHA-XRD150U-011-A
3440,20260830,18,57,112,176,3,B,0.0,0.0,0.0,False,20260830-YAURICOCHA-XRD150U-011-B
3441,20260831,18,57,112,-1,3,A,0.0,0.0,0.0,False,20260831-YAURICOCHA-XRD150U-011-A
3442,20260831,18,57,112,-1,3,B,0.0,0.0,0.0,False,20260831-YAURICOCHA-XRD150U-011-B
3443,20260801,18,57,112,-1,3,A,0.0,0.0,0.0,False,20260801-YAURICOCHA-XRD150U-011-A
3444,20260801,18,57,112,-1,3,B,0.0,0.0,0.0,False,20260801-YAURICOCHA-XRD150U-011-B
3445,20260802,18,57,112,-1,3,A,0.0,0.0,0.0,False,20260802-YAURICOCHA-XRD150U-011-A
3446,20260802,18,57,112,-1,3,B,0.0,0.0,0.0,False,20260802-YAURICOCHA-XRD150U-011-B
3447,20260803,18,57,112,-1,3,A,0.0,0.0,0.0,False,20260803-YAURICOCHA-XRD150U-011-A
3448,20260803,18,57,112,-1,3,B,0.0,0.0,0.0,False,20260803-YAURICOCHA-XRD150U-011-B
3449,20260804,18,57,112,-1,3,A,0.0,0.0,0.0,False,20260804-YAURICOCHA-XRD150U-011-A
3450,20260804,18,57,112,-1,3,B,0.0,0.0,0.0,False,20260804-YAURICOCHA-XRD150U-011-B
3451,20260805,18,57,112,-1,3,A,0.0,0.0,0.0,False,20260805-YAURICOCHA-XRD150U-011-A
3452,20260805,18,57,112,-1,3,B,0.0,0.0,0.0,False,20260805-YAURICOCHA-XRD150U-011-B
3453,20260806,18,57,112,-1,3,A,0.0,0.0,0.0,False,20260806-YAURICOCHA-XRD150U-011-A
3454,20260806,18,57,112,-1,3,B,0.0,0.0,0.0,False,20260806-YAURICOCHA-XRD150U-011-B
3455,20260807,18,57,112,-1,3,A,0.0,0.0,0.0,False,20260807-YAURICOCHA-XRD150U-011-A
3456,20260807,18,57,112,-1,3,B,0.0,0.0,0.0,False,20260807-YAURICOCHA-XRD150U-011-B
3457,20260808,18,57,112,-1,3,A,0.0,0.0,0.0,False,20260808-YAURICOCHA-XRD150U-011-A
3458,20260808,18,57,112,-1,3,B,0.0,0.0,0.0,False,20260808-YAURICOCHA-XRD150U-011-B
3459,20260809,18,57,112,-1,3,A,0.0,0.0,0.0,False,20260809-YAURICOCHA-XRD150U-011-A
3460,20260809,18,57,112,-1,3,B,0.0,0.0,0.0,False,20260809-YAURICOCHA-XRD150U-011-B
3461,20260810,18,57,112,-1,3,A,0.0,0.0,0.0,False,20260810-YAURICOCHA-XRD150U-011-A
3462,20260810,18,57,112,-1,3,B,0.0,0.0,0.0,False,20260810-YAURICOCHA-XRD150U-011-B
3463,20260811,18,57,112,-1,3,A,0.0,0.0,0.0,False,20260811-YAURICOCHA-XRD150U-011-A
3464,20260811,18,57,112,-1,3,B,0.0,0.0,0.0,False,20260811-YAURICOCHA-XRD150U-011-B
3465,20260812,18,57,112,-1,3,A,0.0,0.0,0.0,False,20260812-YAURICOCHA-XRD150U-011-A
3466,20260812,18,57,112,-1,3,B,0.0,0.0,0.0,False,20260812-YAURICOCHA-XRD150U-011-B
3467,20260813,18,57,112,-1,3,A,0.0,0.0,0.0,False,20260813-YAURICOCHA-XRD150U-011-A
3468,20260813,18,57,112,-1,3,B,0.0,0.0,0.0,False,20260813-YAURICOCHA-XRD150U-011-B
3469,20260814,18,57,112,-1,3,A,0.0,0.0,0.0,False,20260814-YAURICOCHA-XRD150U-011-A
3470,20260814,18,57,112,-1,3,B,0.0,0.0,0.0,False,20260814-YAURICOCHA-XRD150U-011-B
3471,20260815,18,57,112,-1,3,A,0.0,0.0,0.0,False,20260815-YAURICOCHA-XRD150U-011-A
3472,20260815,18,57,112,-1,3,B,0.0,0.0,0.0,False,20260815-YAURICOCHA-XRD150U-011-B
3473,20260816,18,57,112,-1,3,A,0.0,0.0,0.0,False,20260816-YAURICOCHA-XRD150U-011-A
3474,20260816,18,57,112,-1,3,B,0.0,0.0,0.0,False,20260816-YAURICOCHA-XRD150U-011-B
3475,20260817,18,57,112,-1,3,A,0.0,0.0,0.0,False,20260817-YAURICOCHA-XRD150U-011-A
3476,20260817,18,57,112,-1,3,B,0.0,0.0,0.0,False,20260817-YAURICOCHA-XRD150U-011-B
3477,20260818,18,57,112,-1,3,A,0.0,0.0,0.0,False,20260818-YAURICOCHA-XRD150U-011-A
3478,20260818,18,57,112,-1,3,B,0.0,0.0,0.0,False,20260818-YAURICOCHA-XRD150U-011-B
3479,20260819,18,57,112,-1,3,A,0.0,0.0,0.0,False,20260819-YAURICOCHA-XRD150U-011-A
3480,20260819,18,57,112,-1,3,B,0.0,0.0,0.0,False,20260819-YAURICOCHA-XRD150U-011-B
3481,20260820,18,57,112,-1,3,A,0.0,0.0,0.0,False,20260820-YAURICOCHA-XRD150U-011-A
3482,20260820,18,57,112,-1,3,B,0.0,0.0,0.0,False,20260820-YAURICOCHA-XRD150U-011-B
3483,20260821,18,57,112,-1,3,A,0.0,0.0,0.0,False,20260821-YAURICOCHA-XRD150U-011-A
3484,20260821,18,57,112,-1,3,B,0.0,0.0,0.0,False,20260821-YAURICOCHA-XRD150U-011-B
3485,20260822,18,57,112,-1,3,A,0.0,0.0,0.0,False,20260822-YAURICOCHA-XRD150U-011-A
3486,20260822,18,57,112,-1,3,B,0.0,0.0,0.0,False,20260822-YAURICOCHA-XRD150U-011-B
3487,20260823,18,57,112,-1,3,A,0.0,0.0,0.0,False,20260823-YAURICOCHA-XRD150U-011-A
3488,20260823,18,57,112,-1,3,B,0.0,0.0,0.0,False,20260823-YAURICOCHA-XRD150U-011-B
3489,20260824,18,57,112,-1,3,A,0.0,0.0,0.0,False,20260824-YAURICOCHA-XRD150U-011-A
3490,20260824,18,57,112,-1,3,B,0.0,0.0,0.0,False,20260824-YAURICOCHA-XRD150U-011-B
3491,20260825,18,57,112,-1,3,A,0.0,0.0,0.0,False,20260825-YAURICOCHA-XRD150U-011-A
3492,20260825,18,57,112,-1,3,B,0.0,0.0,0.0,False,20260825-YAURICOCHA-XRD150U-011-B
