asignacion_id,calendario_sk,equipo_sk,personal_sk,rol_desempenado,horas_laboradas,horas_extras,id_clave_unica
1,20260826,8,207,PERFORISTA,12.0,0.0,20260826-ANDAYCHAGUA-XRD80USS-010-A
2,20260826,8,333,AYUDANTE DE PERFORACION,12.0,0.0,20260826-ANDAYCHAGUA-XRD80USS-010-A
3,20260826,8,75,AYUDANTE DE PERFORACION,12.0,0.0,20260826-ANDAYCHAGUA-XRD80USS-010-A
4,20260826,8,39,PERFORISTA,12.0,0.0,20260826-ANDAYCHAGUA-XRD80USS-010-B
5,20260826,8,17,AYUDANTE DE PERFORACION,12.0,0.0,20260826-ANDAYCHAGUA-XRD80USS-010-B
6,20260826,8,371,AYUDANTE DE PERFORACION,12.0,0.0,20260826-ANDAYCHAGUA-XRD80USS-010-B
7,20260827,8,207,PERFORISTA,12.0,0.0,20260827-ANDAYCHAGUA-XRD80USS-010-A
8,20260827,8,333,AYUDANTE DE PERFORACION,12.0,0.0,20260827-ANDAYCHAGUA-XRD80USS-010-A
9,20260827,8,75,AYUDANTE DE PERFORACION,12.0,0.0,20260827-ANDAYCHAGUA-XRD80USS-010-A
10,20260827,8,39,PERFORISTA,12.0,0.0,20260827-ANDAYCHAGUA-XRD80USS-010-B
11,20260827,8,17,AYUDANTE DE PERFORACION,12.0,0.0,20260827-ANDAYCHAGUA-XRD80USS-010-B
12,20260827,8,371,AYUDANTE DE PERFORACION,12.0,0.0,20260827-ANDAYCHAGUA-XRD80USS-010-B
13,20260828,8,135,PERFORISTA,12.0,0.0,20260828-ANDAYCHAGUA-XRD80USS-010-A
14,20260828,8,47,AYUDANTE DE PERFORACION,12.0,0.0,20260828-ANDAYCHAGUA-XRD80USS-010-A
15,20260828,8,331,AYUDANTE DE PERFORACION,12.0,0.0,20260828-ANDAYCHAGUA-XRD80USS-010-A
16,20260828,8,207,PERFORISTA,12.0,0.0,20260828-ANDAYCHAGUA-XRD80USS-010-B
17,20260828,8,333,AYUDANTE DE PERFORACION,12.0,0.0,20260828-ANDAYCHAGUA-XRD80USS-010-B
18,20260828,8,75,AYUDANTE DE PERFORACION,12.0,0.0,20260828-ANDAYCHAGUA-XRD80USS-010-B
19,20260829,8,135,PERFORISTA,12.0,0.0,20260829-ANDAYCHAGUA-XRD80USS-010-A
20,20260829,8,47,AYUDANTE DE PERFORACION,12.0,0.0,20260829-ANDAYCHAGUA-XRD80USS-010-A
21,20260829,8,331,AYUDANTE DE PERFORACION,12.0,0.0,20260829-ANDAYCHAGUA-XRD80USS-010-A
22,20260829,8,207,PERFORISTA,12.0,0.0,20260829-ANDAYCHAGUA-XRD80USS-010-B
23,20260829,8,333,AYUDANTE DE PERFORACION,12.0,0.0,20260829-ANDAYCHAGUA-XRD80USS-010-B
24,20260829,8,75,AYUDANTE DE PERFORACION,12.0,0.0,20260829-ANDAYCHAGUA-XRD80USS-010-B
25,20260830,8,135,PERFORISTA,12.0,0.0,20260830-ANDAYCHAGUA-XRD80USS-010-A
26,20260830,8,47,AYUDANTE DE PERFORACION,12.0,0.0,20260830-ANDAYCHAGUA-XRD80USS-010-A
27,20260830,8,331,AYUDANTE DE PERFORACION,12.0,0.0,20260830-ANDAYCHAGUA-XRD80USS-010-A
28,20260830,8,207,PERFORISTA,12.0,0.0,20260830-ANDAYCHAGUA-XRD80USS-010-B
29,20260830,8,333,AYUDANTE DE PERFORACION,12.0,0.0,20260830-ANDAYCHAGUA-XRD80USS-010-B
30,20260830,8,75,AYUDANTE DE PERFORACION,12.0,0.0,20260830-ANDAYCHAGUA-XRD80USS-010-B
31,20260831,8,135,PERFORISTA,12.0,0.0,20260831-ANDAYCHAGUA-XRD80USS-010-A
32,20260831,8,47,AYUDANTE DE PERFORACION,12.0,0.0,20260831-ANDAYCHAGUA-XRD80USS-010-A
33,20260831,8,331,AYUDANTE DE PERFORACION,12.0,0.0,20260831-ANDAYCHAGUA-XRD80USS-010-A
34,20260831,8,207,PERFORISTA,12.0,0.0,20260831-ANDAYCHAGUA-XRD80USS-010-B
35,20260831,8,333,AYUDANTE DE PERFORACION,12.0,0.0,20260831-ANDAYCHAGUA-XRD80USS-010-B
36,20260831,8,75,AYUDANTE DE PERFORACION,12.0,0.0,20260831-ANDAYCHAGUA-XRD80USS-010-B
37,20260901,8,258,PERFORISTA,12.0,0.0,20260901-ANDAYCHAGUA-XRD80USS-010-A
38,20260901,8,258,PERFORISTA,12.0,0.0,20260901-ANDAYCHAGUA-XRD80USS-010-B
39,20260902,8,258,PERFORISTA,12.0,0.0,20260902-ANDAYCHAGUA-XRD80USS-010-A
40,20260902,8,258,PERFORISTA,12.0,0.0,20260902-ANDAYCHAGUA-XRD80USS-010-B
41,20260903,8,258,PERFORISTA,12.0,0.0,20260903-ANDAYCHAGUA-XRD80USS-010-A
42,20260903,8,258,PERFORISTA,12.0,0.0,20260903-ANDAYCHAGUA-XRD80USS-010-B
43,20260904,8,258,PERFORISTA,12.0,0.0,20260904-ANDAYCHAGUA-XRD80USS-010-A
44,20260904,8,258,PERFORISTA,12.0,0.0,20260904-ANDAYCHAGUA-XRD80USS-010-B
45,20260905,8,258,PERFORISTA,12.0,0.0,20260905-ANDAYCHAGUA-XRD80USS-010-A
46,20260905,8,258,PERFORISTA,12.0,0.0,20260905-ANDAYCHAGUA-XRD80USS-010-B
47,20260906,8,258,PERFORISTA,12.0,0.0,20260906-ANDAYCHAGUA-XRD80USS-010-A
48,20260906,8,258,PERFORISTA,12.0,0.0,20260906-ANDAYCHAGUA-XRD80USS-010-B
49,20260907,8,258,PERFORISTA,12.0,0.0,20260907-ANDAYCHAGUA-XRD80USS-010-A
50,20260907,8,258,PERFORISTA,12.0,0.0,20260907-ANDAYCHAGUA-XRD80USS-010-B
51,20260908,8,258,PERFORISTA,12.0,0.0,20260908-ANDAYCHAGUA-XRD80USS-010-A
52,20260908,8,258,PERFORISTA,12.0,0.0,20260908-ANDAYCHAGUA-XRD80USS-010-B
53,20260909,8,258,PERFORISTA,12.0,0.0,20260909-ANDAYCHAGUA-XRD80USS-010-A
54,20260909,8,258,PERFORISTA,12.0,0.0,20260909-ANDAYCHAGUA-XRD80USS-010-B
55,20260910,8,258,PERFORISTA,12.0,0.0,20260910-ANDAYCHAGUA-XRD80USS-010-A
56,20260910,8,258,PERFORISTA,12.0,0.0,20260910-ANDAYCHAGUA-XRD80USS-010-B
57,20260911,8,258,PERFORISTA,12.0,0.0,20260911-ANDAYCHAGUA-XRD80USS-010-A
58,20260911,8,258,PERFORISTA,12.0,0.0,20260911-ANDAYCHAGUA-XRD80USS-010-B
59,20260912,8,258,PERFORISTA,12.0,0.0,20260912-ANDAYCHAGUA-XRD80USS-010-A
60,20260912,8,258,PERFORISTA,12.0,0.0,20260912-ANDAYCHAGUA-XRD80USS-010-B
61,20260913,8,258,PERFORISTA,12.0,0.0,20260913-ANDAYCHAGUA-XRD80USS-010-A
62,20260913,8,258,PERFORISTA,12.0,0.0,20260913-ANDAYCHAGUA-XRD80USS-010-B
63,20260914,8,258,PERFORISTA,12.0,0.0,20260914-ANDAYCHAGUA-XRD80USS-010-A
64,20260914,8,258,PERFORISTA,12.0,0.0,20260914-ANDAYCHAGUA-XRD80USS-010-B
65,20260915,8,258,PERFORISTA,12.0,0.0,20260915-ANDAYCHAGUA-XRD80USS-010-A
66,20260915,8,258,PERFORISTA,12.0,0.0,20260915-ANDAYCHAGUA-XRD80USS-010-B
67,20260916,8,258,PERFORISTA,12.0,0.0,20260916-ANDAYCHAGUA-XRD80USS-010-A
68,20260916,8,258,PERFORISTA,12.0,0.0,20260916-ANDAYCHAGUA-XRD80USS-010-B
69,20260917,8,258,PERFORISTA,12.0,0.0,20260917-ANDAYCHAGUA-XRD80USS-010-A
70,20260917,8,258,PERFORISTA,12.0,0.0,20260917-ANDAYCHAGUA-XRD80USS-010-B
71,20260918,8,258,PERFORISTA,12.0,0.0,20260918-ANDAYCHAGUA-XRD80USS-010-A
72,20260918,8,258,PERFORISTA,12.0,0.0,20260918-ANDAYCHAGUA-XRD80USS-010-B
73,20260919,8,258,PERFORISTA,12.0,0.0,20260919-ANDAYCHAGUA-XRD80USS-010-A
74,20260919,8,258,PERFORISTA,12.0,0.0,20260919-ANDAYCHAGUA-XRD80USS-010-B
75,20260920,8,258,PERFORISTA,12.0,0.0,20260920-ANDAYCHAGUA-XRD80USS-010-A
76,20260920,8,258,PERFORISTA,12.0,0.0,20260920-ANDAYCHAGUA-XRD80USS-010-B
77,20260921,8,258,PERFORISTA,12.0,0.0,20260921-ANDAYCHAGUA-XRD80USS-010-A
78,20260921,8,258,PERFORISTA,12.0,0.0,20260921-ANDAYCHAGUA-XRD80USS-010-B
79,20260922,8,258,PERFORISTA,12.0,0.0,20260922-ANDAYCHAGUA-XRD80USS-010-A
80,20260922,8,258,PERFORISTA,12.0,0.0,20260922-ANDAYCHAGUA-XRD80USS-010-B
81,20260923,8,258,PERFORISTA,12.0,0.0,20260923-ANDAYCHAGUA-XRD80USS-010-A
82,20260923,8,258,PERFORISTA,12.0,0.0,20260923-ANDAYCHAGUA-XRD80USS-010-B
83,20260924,8,258,PERFORISTA,12.0,0.0,20260924-ANDAYCHAGUA-XRD80USS-010-A
84,20260924,8,258,PERFORISTA,12.0,0.0,20260924-ANDAYCHAGUA-XRD80USS-010-B
85,20260925,8,258,PERFORISTA,12.0,0.0,20260925-ANDAYCHAGUA-XRD80USS-010-A
86,20260925,8,258,PERFORISTA,12.0,0.0,20260925-ANDAYCHAGUA-XRD80USS-010-B
87,20260826,7,57,PERFORISTA,12.0,0.0,20260826-ANDAYCHAGUA-XRD150U-001-A
88,20260826,7,172,AYUDANTE DE PERFORACION,12.0,0.0,20260826-ANDAYCHAGUA-XRD150U-001-A
89,20260826,7,308,AYUDANTE DE PERFORACION,12.0,0.0,20260826-ANDAYCHAGUA-XRD150U-001-A
90,20260826,7,76,PERFORISTA,12.0,0.0,20260826-ANDAYCHAGUA-XRD150U-001-B
91,20260826,7,205,AYUDANTE DE PERFORACION,12.0,0.0,20260826-ANDAYCHAGUA-XRD150U-001-B
92,20260826,7,29,AYUDANTE DE PERFORACION,12.0,0.0,20260826-ANDAYCHAGUA-XRD150U-001-B
93,20260827,7,57,PERFORISTA,12.0,0.0,20260827-ANDAYCHAGUA-XRD150U-001-A
94,20260827,7,172,AYUDANTE DE PERFORACION,12.0,0.0,20260827-ANDAYCHAGUA-XRD150U-001-A
95,20260827,7,308,AYUDANTE DE PERFORACION,12.0,0.0,20260827-ANDAYCHAGUA-XRD150U-001-A
96,20260827,7,76,PERFORISTA,12.0,0.0,20260827-ANDAYCHAGUA-XRD150U-001-B
97,20260827,7,205,AYUDANTE DE PERFORACION,12.0,0.0,20260827-ANDAYCHAGUA-XRD150U-001-B
98,20260827,7,29,AYUDANTE DE PERFORACION,12.0,0.0,20260827-ANDAYCHAGUA-XRD150U-001-B
99,20260828,7,8,PERFORISTA,12.0,0.0,20260828-ANDAYCHAGUA-XRD150U-001-A
100,20260828,7,345,AYUDANTE DE PERFORACION,12.0,0.0,20260828-ANDAYCHAGUA-XRD150U-001-A
101,20260828,7,408,AYUDANTE DE PERFORACION,12.0,0.0,20260828-ANDAYCHAGUA-XRD150U-001-A
102,20260828,7,57,PERFORISTA,12.0,0.0,20260828-ANDAYCHAGUA-XRD150U-001-B
103,20260828,7,172,AYUDANTE DE PERFORACION,12.0,0.0,20260828-ANDAYCHAGUA-XRD150U-001-B
104,20260828,7,308,AYUDANTE DE PERFORACION,12.0,0.0,20260828-ANDAYCHAGUA-XRD150U-001-B
105,20260829,7,8,PERFORISTA,12.0,0.0,20260829-ANDAYCHAGUA-XRD150U-001-A
106,20260829,7,345,AYUDANTE DE PERFORACION,12.0,0.0,20260829-ANDAYCHAGUA-XRD150U-001-A
107,20260829,7,408,AYUDANTE DE PERFORACION,12.0,0.0,20260829-ANDAYCHAGUA-XRD150U-001-A
108,20260829,7,57,PERFORISTA,12.0,0.0,20260829-ANDAYCHAGUA-XRD150U-001-B
109,20260829,7,172,AYUDANTE DE PERFORACION,12.0,0.0,20260829-ANDAYCHAGUA-XRD150U-001-B
110,20260829,7,308,AYUDANTE DE PERFORACION,12.0,0.0,20260829-ANDAYCHAGUA-XRD150U-001-B
111,20260830,7,8,PERFORISTA,12.0,0.0,20260830-ANDAYCHAGUA-XRD150U-001-A
112,20260830,7,345,AYUDANTE DE PERFORACION,12.0,0.0,20260830-ANDAYCHAGUA-XRD150U-001-A
113,20260830,7,408,AYUDANTE DE PERFORACION,12.0,0.0,20260830-ANDAYCHAGUA-XRD150U-001-A
114,20260830,7,57,PERFORISTA,12.0,0.0,20260830-ANDAYCHAGUA-XRD150U-001-B
115,20260830,7,172,AYUDANTE DE PERFORACION,12.0,0.0,20260830-ANDAYCHAGUA-XRD150U-001-B
116,20260830,7,308,AYUDANTE DE PERFORACION,12.0,0.0,20260830-ANDAYCHAGUA-XRD150U-001-B
117,20260831,7,8,PERFORISTA,12.0,0.0,20260831-ANDAYCHAGUA-XRD150U-001-A
118,20260831,7,345,AYUDANTE DE PERFORACION,12.0,0.0,20260831-ANDAYCHAGUA-XRD150U-001-A
119,20260831,7,408,AYUDANTE DE PERFORACION,12.0,0.0,20260831-ANDAYCHAGUA-XRD150U-001-A
120,20260831,7,57,PERFORISTA,12.0,0.0,20260831-ANDAYCHAGUA-XRD150U-001-B
121,20260831,7,172,AYUDANTE DE PERFORACION,12.0,0.0,20260831-ANDAYCHAGUA-XRD150U-001-B
122,20260831,7,308,AYUDANTE DE PERFORACION,12.0,0.0,20260831-ANDAYCHAGUA-XRD150U-001-B
123,20260901,7,258,PERFORISTA,12.0,0.0,20260901-ANDAYCHAGUA-XRD150U-001-A
124,20260901,7,258,PERFORISTA,12.0,0.0,20260901-ANDAYCHAGUA-XRD150U-001-B
125,20260902,7,258,PERFORISTA,12.0,0.0,20260902-ANDAYCHAGUA-XRD150U-001-A
126,20260902,7,258,PERFORISTA,12.0,0.0,20260902-ANDAYCHAGUA-XRD150U-001-B
127,20260903,7,258,PERFORISTA,12.0,0.0,20260903-ANDAYCHAGUA-XRD150U-001-A
128,20260903,7,258,PERFORISTA,12.0,0.0,20260903-ANDAYCHAGUA-XRD150U-001-B
129,20260904,7,258,PERFORISTA,12.0,0.0,20260904-ANDAYCHAGUA-XRD150U-001-A
130,20260904,7,258,PERFORISTA,12.0,0.0,20260904-ANDAYCHAGUA-XRD150U-001-B
131,20260905,7,258,PERFORISTA,12.0,0.0,20260905-ANDAYCHAGUA-XRD150U-001-A
132,20260905,7,258,PERFORISTA,12.0,0.0,20260905-ANDAYCHAGUA-XRD150U-001-B
133,20260906,7,258,PERFORISTA,12.0,0.0,20260906-ANDAYCHAGUA-XRD150U-001-A
134,20260906,7,258,PERFORISTA,12.0,0.0,20260906-ANDAYCHAGUA-XRD150U-001-B
135,20260907,7,258,PERFORISTA,12.0,0.0,20260907-ANDAYCHAGUA-XRD150U-001-A
136,20260907,7,258,PERFORISTA,12.0,0.0,20260907-ANDAYCHAGUA-XRD150U-001-B
137,20260908,7,258,PERFORISTA,12.0,0.0,20260908-ANDAYCHAGUA-XRD150U-001-A
138,20260908,7,258,PERFORISTA,12.0,0.0,20260908-ANDAYCHAGUA-XRD150U-001-B
139,20260909,7,258,PERFORISTA,12.0,0.0,20260909-ANDAYCHAGUA-XRD150U-001-A
140,20260909,7,258,PERFORISTA,12.0,0.0,20260909-ANDAYCHAGUA-XRD150U-001-B
141,20260910,7,258,PERFORISTA,12.0,0.0,20260910-ANDAYCHAGUA-XRD150U-001-A
142,20260910,7,258,PERFORISTA,12.0,0.0,20260910-ANDAYCHAGUA-XRD150U-001-B
143,20260911,7,258,PERFORISTA,12.0,0.0,20260911-ANDAYCHAGUA-XRD150U-001-A
144,20260911,7,258,PERFORISTA,12.0,0.0,20260911-ANDAYCHAGUA-XRD150U-001-B
145,20260912,7,258,PERFORISTA,12.0,0.0,20260912-ANDAYCHAGUA-XRD150U-001-A
146,20260912,7,258,PERFORISTA,12.0,0.0,20260912-ANDAYCHAGUA-XRD150U-001-B
147,20260913,7,258,PERFORISTA,12.0,0.0,20260913-ANDAYCHAGUA-XRD150U-001-A
148,20260913,7,258,PERFORISTA,12.0,0.0,20260913-ANDAYCHAGUA-XRD150U-001-B
149,20260914,7,258,PERFORISTA,12.0,0.0,20260914-ANDAYCHAGUA-XRD150U-001-A
150,20260914,7,258,PERFORISTA,12.0,0.0,20260914-ANDAYCHAGUA-XRD150U-001-B
151,20260915,7,258,PERFORISTA,12.0,0.0,20260915-ANDAYCHAGUA-XRD150U-001-A
152,20260915,7,258,PERFORISTA,12.0,0.0,20260915-ANDAYCHAGUA-XRD150U-001-B
153,20260916,7,258,PERFORISTA,12.0,0.0,20260916-ANDAYCHAGUA-XRD150U-001-A
154,20260916,7,258,PERFORISTA,12.0,0.0,20260916-ANDAYCHAGUA-XRD150U-001-B
155,20260917,7,258,PERFORISTA,12.0,0.0,20260917-ANDAYCHAGUA-XRD150U-001-A
156,20260917,7,258,PERFORISTA,12.0,0.0,20260917-ANDAYCHAGUA-XRD150U-001-B
157,20260918,7,258,PERFORISTA,12.0,0.0,20260918-ANDAYCHAGUA-XRD150U-001-A
158,20260918,7,258,PERFORISTA,12.0,0.0,20260918-ANDAYCHAGUA-XRD150U-001-B
159,20260919,7,258,PERFORISTA,12.0,0.0,20260919-ANDAYCHAGUA-XRD150U-001-A
160,20260919,7,258,PERFORISTA,12.0,0.0,20260919-ANDAYCHAGUA-XRD150U-001-B
161,20260920,7,258,PERFORISTA,12.0,0.0,20260920-ANDAYCHAGUA-XRD150U-001-A
162,20260920,7,258,PERFORISTA,12.0,0.0,20260920-ANDAYCHAGUA-XRD150U-001-B
163,20260921,7,258,PERFORISTA,12.0,0.0,20260921-ANDAYCHAGUA-XRD150U-001-A
164,20260921,7,258,PERFORISTA,12.0,0.0,20260921-ANDAYCHAGUA-XRD150U-001-B
165,20260922,7,258,PERFORISTA,12.0,0.0,20260922-ANDAYCHAGUA-XRD150U-001-A
166,20260922,7,258,PERFORISTA,12.0,0.0,20260922-ANDAYCHAGUA-XRD150U-001-B
167,20260923,7,258,PERFORISTA,12.0,0.0,20260923-ANDAYCHAGUA-XRD150U-001-A
168,20260923,7,258,PERFORISTA,12.0,0.0,20260923-ANDAYCHAGUA-XRD150U-001-B
169,20260924,7,258,PERFORISTA,12.0,0.0,20260924-ANDAYCHAGUA-XRD150U-001-A
170,20260924,7,258,PERFORISTA,12.0,0.0,20260924-ANDAYCHAGUA-XRD150U-001-B
171,20260925,7,258,PERFORISTA,12.0,0.0,20260925-ANDAYCHAGUA-XRD150U-001-A
172,20260925,7,258,PERFORISTA,12.0,0.0,20260925-ANDAYCHAGUA-XRD150U-001-B
173,20260826,5,159,PERFORISTA,12.0,0.0,20260826-ANDAYCHAGUA-LF90D ST-002-A
174,20260826,5,129,AYUDANTE DE PERFORACION,12.0,0.0,20260826-ANDAYCHAGUA-LF90D ST-002-A
175,20260826,5,225,AYUDANTE DE PERFORACION,12.0,0.0,20260826-ANDAYCHAGUA-LF90D ST-002-A
176,20260826,5,337,PERFORISTA,12.0,0.0,20260826-ANDAYCHAGUA-LF90D ST-002-B
177,20260826,5,42,AYUDANTE DE PERFORACION,12.0,0.0,20260826-ANDAYCHAGUA-LF90D ST-002-B
178,20260826,5,314,AYUDANTE DE PERFORACION,12.0,0.0,20260826-ANDAYCHAGUA-LF90D ST-002-B
179,20260827,5,159,PERFORISTA,12.0,0.0,20260827-ANDAYCHAGUA-LF90D ST-002-A
180,20260827,5,129,AYUDANTE DE PERFORACION,12.0,0.0,20260827-ANDAYCHAGUA-LF90D ST-002-A
181,20260827,5,225,AYUDANTE DE PERFORACION,12.0,0.0,20260827-ANDAYCHAGUA-LF90D ST-002-A
182,20260827,5,337,PERFORISTA,12.0,0.0,20260827-ANDAYCHAGUA-LF90D ST-002-B
183,20260827,5,42,AYUDANTE DE PERFORACION,12.0,0.0,20260827-ANDAYCHAGUA-LF90D ST-002-B
184,20260827,5,314,AYUDANTE DE PERFORACION,12.0,0.0,20260827-ANDAYCHAGUA-LF90D ST-002-B
185,20260828,5,36,PERFORISTA,12.0,0.0,20260828-ANDAYCHAGUA-LF90D ST-002-A
186,20260828,5,24,AYUDANTE DE PERFORACION,12.0,0.0,20260828-ANDAYCHAGUA-LF90D ST-002-A
187,20260828,5,1,AYUDANTE DE PERFORACION,12.0,0.0,20260828-ANDAYCHAGUA-LF90D ST-002-A
188,20260828,5,159,PERFORISTA,12.0,0.0,20260828-ANDAYCHAGUA-LF90D ST-002-B
189,20260828,5,129,AYUDANTE DE PERFORACION,12.0,0.0,20260828-ANDAYCHAGUA-LF90D ST-002-B
190,20260828,5,225,AYUDANTE DE PERFORACION,12.0,0.0,20260828-ANDAYCHAGUA-LF90D ST-002-B
191,20260829,5,36,PERFORISTA,12.0,0.0,20260829-ANDAYCHAGUA-LF90D ST-002-A
192,20260829,5,24,AYUDANTE DE PERFORACION,12.0,0.0,20260829-ANDAYCHAGUA-LF90D ST-002-A
193,20260829,5,66,AYUDANTE DE PERFORACION,12.0,0.0,20260829-ANDAYCHAGUA-LF90D ST-002-A
194,20260829,5,159,PERFORISTA,12.0,0.0,20260829-ANDAYCHAGUA-LF90D ST-002-B
195,20260829,5,129,AYUDANTE DE PERFORACION,12.0,0.0,20260829-ANDAYCHAGUA-LF90D ST-002-B
196,20260829,5,225,AYUDANTE DE PERFORACION,12.0,0.0,20260829-ANDAYCHAGUA-LF90D ST-002-B
197,20260830,5,36,PERFORISTA,12.0,0.0,20260830-ANDAYCHAGUA-LF90D ST-002-A
198,20260830,5,24,AYUDANTE DE PERFORACION,12.0,0.0,20260830-ANDAYCHAGUA-LF90D ST-002-A
199,20260830,5,1,AYUDANTE DE PERFORACION,12.0,0.0,20260830-ANDAYCHAGUA-LF90D ST-002-A
200,20260830,5,159,PERFORISTA,12.0,0.0,20260830-ANDAYCHAGUA-LF90D ST-002-B
201,20260830,5,129,AYUDANTE DE PERFORACION,12.0,0.0,20260830-ANDAYCHAGUA-LF90D ST-002-B
202,20260830,5,225,AYUDANTE DE PERFORACION,12.0,0.0,20260830-ANDAYCHAGUA-LF90D ST-002-B
203,20260831,5,36,PERFORISTA,12.0,0.0,20260831-ANDAYCHAGUA-LF90D ST-002-A
204,20260831,5,24,AYUDANTE DE PERFORACION,12.0,0.0,20260831-ANDAYCHAGUA-LF90D ST-002-A
205,20260831,5,206,AYUDANTE DE PERFORACION,12.0,0.0,20260831-ANDAYCHAGUA-LF90D ST-002-A
206,20260831,5,159,PERFORISTA,12.0,0.0,20260831-ANDAYCHAGUA-LF90D ST-002-B
207,20260831,5,129,AYUDANTE DE PERFORACION,12.0,0.0,20260831-ANDAYCHAGUA-LF90D ST-002-B
208,20260831,5,225,AYUDANTE DE PERFORACION,12.0,0.0,20260831-ANDAYCHAGUA-LF90D ST-002-B
209,20260901,5,258,PERFORISTA,12.0,0.0,20260901-ANDAYCHAGUA-LF90D ST-002-A
210,20260901,5,258,PERFORISTA,12.0,0.0,20260901-ANDAYCHAGUA-LF90D ST-002-B
211,20260902,5,258,PERFORISTA,12.0,0.0,20260902-ANDAYCHAGUA-LF90D ST-002-A
212,20260902,5,258,PERFORISTA,12.0,0.0,20260902-ANDAYCHAGUA-LF90D ST-002-B
213,20260903,5,258,PERFORISTA,12.0,0.0,20260903-ANDAYCHAGUA-LF90D ST-002-A
214,20260903,5,258,PERFORISTA,12.0,0.0,20260903-ANDAYCHAGUA-LF90D ST-002-B
215,20260904,5,258,PERFORISTA,12.0,0.0,20260904-ANDAYCHAGUA-LF90D ST-002-A
216,20260904,5,258,PERFORISTA,12.0,0.0,20260904-ANDAYCHAGUA-LF90D ST-002-B
217,20260905,5,258,PERFORISTA,12.0,0.0,20260905-ANDAYCHAGUA-LF90D ST-002-A
218,20260905,5,258,PERFORISTA,12.0,0.0,20260905-ANDAYCHAGUA-LF90D ST-002-B
219,20260906,5,258,PERFORISTA,12.0,0.0,20260906-ANDAYCHAGUA-LF90D ST-002-A
220,20260906,5,258,PERFORISTA,12.0,0.0,20260906-ANDAYCHAGUA-LF90D ST-002-B
221,20260907,5,258,PERFORISTA,12.0,0.0,20260907-ANDAYCHAGUA-LF90D ST-002-A
222,20260907,5,258,PERFORISTA,12.0,0.0,20260907-ANDAYCHAGUA-LF90D ST-002-B
223,20260908,5,258,PERFORISTA,12.0,0.0,20260908-ANDAYCHAGUA-LF90D ST-002-A
224,20260908,5,258,PERFORISTA,12.0,0.0,20260908-ANDAYCHAGUA-LF90D ST-002-B
225,20260909,5,258,PERFORISTA,12.0,0.0,20260909-ANDAYCHAGUA-LF90D ST-002-A
226,20260909,5,258,PERFORISTA,12.0,0.0,20260909-ANDAYCHAGUA-LF90D ST-002-B
227,20260910,5,258,PERFORISTA,12.0,0.0,20260910-ANDAYCHAGUA-LF90D ST-002-A
228,20260910,5,258,PERFORISTA,12.0,0.0,20260910-ANDAYCHAGUA-LF90D ST-002-B
229,20260911,5,258,PERFORISTA,12.0,0.0,20260911-ANDAYCHAGUA-LF90D ST-002-A
230,20260911,5,258,PERFORISTA,12.0,0.0,20260911-ANDAYCHAGUA-LF90D ST-002-B
231,20260912,5,258,PERFORISTA,12.0,0.0,20260912-ANDAYCHAGUA-LF90D ST-002-A
232,20260912,5,258,PERFORISTA,12.0,0.0,20260912-ANDAYCHAGUA-LF90D ST-002-B
233,20260913,5,258,PERFORISTA,12.0,0.0,20260913-ANDAYCHAGUA-LF90D ST-002-A
234,20260913,5,258,PERFORISTA,12.0,0.0,20260913-ANDAYCHAGUA-LF90D ST-002-B
235,20260914,5,258,PERFORISTA,12.0,0.0,20260914-ANDAYCHAGUA-LF90D ST-002-A
236,20260914,5,258,PERFORISTA,12.0,0.0,20260914-ANDAYCHAGUA-LF90D ST-002-B
237,20260915,5,258,PERFORISTA,12.0,0.0,20260915-ANDAYCHAGUA-LF90D ST-002-A
238,20260915,5,258,PERFORISTA,12.0,0.0,20260915-ANDAYCHAGUA-LF90D ST-002-B
239,20260916,5,258,PERFORISTA,12.0,0.0,20260916-ANDAYCHAGUA-LF90D ST-002-A
240,20260916,5,258,PERFORISTA,12.0,0.0,20260916-ANDAYCHAGUA-LF90D ST-002-B
241,20260917,5,258,PERFORISTA,12.0,0.0,20260917-ANDAYCHAGUA-LF90D ST-002-A
242,20260917,5,258,PERFORISTA,12.0,0.0,20260917-ANDAYCHAGUA-LF90D ST-002-B
243,20260918,5,258,PERFORISTA,12.0,0.0,20260918-ANDAYCHAGUA-LF90D ST-002-A
244,20260918,5,258,PERFORISTA,12.0,0.0,20260918-ANDAYCHAGUA-LF90D ST-002-B
245,20260919,5,258,PERFORISTA,12.0,0.0,20260919-ANDAYCHAGUA-LF90D ST-002-A
246,20260919,5,258,PERFORISTA,12.0,0.0,20260919-ANDAYCHAGUA-LF90D ST-002-B
247,20260920,5,258,PERFORISTA,12.0,0.0,20260920-ANDAYCHAGUA-LF90D ST-002-A
248,20260920,5,258,PERFORISTA,12.0,0.0,20260920-ANDAYCHAGUA-LF90D ST-002-B
249,20260921,5,258,PERFORISTA,12.0,0.0,20260921-ANDAYCHAGUA-LF90D ST-002-A
250,20260921,5,258,PERFORISTA,12.0,0.0,20260921-ANDAYCHAGUA-LF90D ST-002-B
251,20260922,5,258,PERFORISTA,12.0,0.0,20260922-ANDAYCHAGUA-LF90D ST-002-A
252,20260922,5,258,PERFORISTA,12.0,0.0,20260922-ANDAYCHAGUA-LF90D ST-002-B
253,20260923,5,258,PERFORISTA,12.0,0.0,20260923-ANDAYCHAGUA-LF90D ST-002-A
254,20260923,5,258,PERFORISTA,12.0,0.0,20260923-ANDAYCHAGUA-LF90D ST-002-B
255,20260924,5,258,PERFORISTA,12.0,0.0,20260924-ANDAYCHAGUA-LF90D ST-002-A
256,20260924,5,258,PERFORISTA,12.0,0.0,20260924-ANDAYCHAGUA-LF90D ST-002-B
257,20260925,5,258,PERFORISTA,12.0,0.0,20260925-ANDAYCHAGUA-LF90D ST-002-A
258,20260925,5,258,PERFORISTA,12.0,0.0,20260925-ANDAYCHAGUA-LF90D ST-002-B
259,20260826,2,146,PERFORISTA,12.0,0.0,20260826-AMERICANA-XRD50U-002-A
260,20260826,2,32,AYUDANTE DE PERFORACION,12.0,0.0,20260826-AMERICANA-XRD50U-002-A
261,20260826,2,1,AYUDANTE DE PERFORACION,12.0,0.0,20260826-AMERICANA-XRD50U-002-A
262,20260826,2,133,PERFORISTA,12.0,0.0,20260826-AMERICANA-XRD50U-002-B
263,20260826,2,288,AYUDANTE DE PERFORACION,12.0,0.0,20260826-AMERICANA-XRD50U-002-B
264,20260826,2,1,AYUDANTE DE PERFORACION,12.0,0.0,20260826-AMERICANA-XRD50U-002-B
265,20260827,2,335,PERFORISTA,12.0,0.0,20260827-AMERICANA-XRD50U-002-A
266,20260827,2,381,AYUDANTE DE PERFORACION,12.0,0.0,20260827-AMERICANA-XRD50U-002-A
267,20260827,2,1,AYUDANTE DE PERFORACION,12.0,0.0,20260827-AMERICANA-XRD50U-002-A
268,20260827,2,146,PERFORISTA,12.0,0.0,20260827-AMERICANA-XRD50U-002-B
269,20260827,2,32,AYUDANTE DE PERFORACION,12.0,0.0,20260827-AMERICANA-XRD50U-002-B
270,20260827,2,1,AYUDANTE DE PERFORACION,12.0,0.0,20260827-AMERICANA-XRD50U-002-B
271,20260828,2,335,PERFORISTA,12.0,0.0,20260828-AMERICANA-XRD50U-002-A
272,20260828,2,381,AYUDANTE DE PERFORACION,12.0,0.0,20260828-AMERICANA-XRD50U-002-A
273,20260828,2,1,AYUDANTE DE PERFORACION,12.0,0.0,20260828-AMERICANA-XRD50U-002-A
274,20260828,2,146,PERFORISTA,12.0,0.0,20260828-AMERICANA-XRD50U-002-B
275,20260828,2,32,AYUDANTE DE PERFORACION,12.0,0.0,20260828-AMERICANA-XRD50U-002-B
276,20260828,2,1,AYUDANTE DE PERFORACION,12.0,0.0,20260828-AMERICANA-XRD50U-002-B
277,20260829,2,335,PERFORISTA,12.0,0.0,20260829-AMERICANA-XRD50U-002-A
278,20260829,2,381,AYUDANTE DE PERFORACION,12.0,0.0,20260829-AMERICANA-XRD50U-002-A
279,20260829,2,1,AYUDANTE DE PERFORACION,12.0,0.0,20260829-AMERICANA-XRD50U-002-A
280,20260829,2,146,PERFORISTA,12.0,0.0,20260829-AMERICANA-XRD50U-002-B
281,20260829,2,32,AYUDANTE DE PERFORACION,12.0,0.0,20260829-AMERICANA-XRD50U-002-B
282,20260829,2,1,AYUDANTE DE PERFORACION,12.0,0.0,20260829-AMERICANA-XRD50U-002-B
283,20260830,2,335,PERFORISTA,12.0,0.0,20260830-AMERICANA-XRD50U-002-A
284,20260830,2,381,AYUDANTE DE PERFORACION,12.0,0.0,20260830-AMERICANA-XRD50U-002-A
285,20260830,2,1,AYUDANTE DE PERFORACION,12.0,0.0,20260830-AMERICANA-XRD50U-002-A
286,20260830,2,146,PERFORISTA,12.0,0.0,20260830-AMERICANA-XRD50U-002-B
287,20260830,2,32,AYUDANTE DE PERFORACION,12.0,0.0,20260830-AMERICANA-XRD50U-002-B
288,20260830,2,1,AYUDANTE DE PERFORACION,12.0,0.0,20260830-AMERICANA-XRD50U-002-B
289,20260831,2,335,PERFORISTA,12.0,0.0,20260831-AMERICANA-XRD50U-002-A
290,20260831,2,381,AYUDANTE DE PERFORACION,12.0,0.0,20260831-AMERICANA-XRD50U-002-A
291,20260831,2,1,AYUDANTE DE PERFORACION,12.0,0.0,20260831-AMERICANA-XRD50U-002-A
292,20260831,2,146,PERFORISTA,12.0,0.0,20260831-AMERICANA-XRD50U-002-B
293,20260831,2,32,AYUDANTE DE PERFORACION,12.0,0.0,20260831-AMERICANA-XRD50U-002-B
294,20260831,2,1,AYUDANTE DE PERFORACION,12.0,0.0,20260831-AMERICANA-XRD50U-002-B
295,20260826,3,260,PERFORISTA,12.0,0.0,20260826-AMERICANA-XRD50USS-001-A
296,20260826,3,109,AYUDANTE DE PERFORACION,12.0,0.0,20260826-AMERICANA-XRD50USS-001-A
297,20260826,3,1,AYUDANTE DE PERFORACION,12.0,0.0,20260826-AMERICANA-XRD50USS-001-A
298,20260826,3,212,PERFORISTA,12.0,0.0,20260826-AMERICANA-XRD50USS-001-B
299,20260826,3,56,AYUDANTE DE PERFORACION,12.0,0.0,20260826-AMERICANA-XRD50USS-001-B
300,20260826,3,1,AYUDANTE DE PERFORACION,12.0,0.0,20260826-AMERICANA-XRD50USS-001-B
301,20260827,3,346,PERFORISTA,12.0,0.0,20260827-AMERICANA-XRD50USS-001-A
302,20260827,3,266,AYUDANTE DE PERFORACION,12.0,0.0,20260827-AMERICANA-XRD50USS-001-A
303,20260827,3,1,AYUDANTE DE PERFORACION,12.0,0.0,20260827-AMERICANA-XRD50USS-001-A
304,20260827,3,260,PERFORISTA,12.0,0.0,20260827-AMERICANA-XRD50USS-001-B
305,20260827,3,109,AYUDANTE DE PERFORACION,12.0,0.0,20260827-AMERICANA-XRD50USS-001-B
306,20260827,3,1,AYUDANTE DE PERFORACION,12.0,0.0,20260827-AMERICANA-XRD50USS-001-B
307,20260828,3,346,PERFORISTA,12.0,0.0,20260828-AMERICANA-XRD50USS-001-A
308,20260828,3,266,AYUDANTE DE PERFORACION,12.0,0.0,20260828-AMERICANA-XRD50USS-001-A
309,20260828,3,1,AYUDANTE DE PERFORACION,12.0,0.0,20260828-AMERICANA-XRD50USS-001-A
310,20260828,3,260,PERFORISTA,12.0,0.0,20260828-AMERICANA-XRD50USS-001-B
311,20260828,3,109,AYUDANTE DE PERFORACION,12.0,0.0,20260828-AMERICANA-XRD50USS-001-B
312,20260828,3,1,AYUDANTE DE PERFORACION,12.0,0.0,20260828-AMERICANA-XRD50USS-001-B
313,20260829,3,360,PERFORISTA,12.0,0.0,20260829-AMERICANA-XRD50USS-001-A
314,20260829,3,266,AYUDANTE DE PERFORACION,12.0,0.0,20260829-AMERICANA-XRD50USS-001-A
315,20260829,3,1,AYUDANTE DE PERFORACION,12.0,0.0,20260829-AMERICANA-XRD50USS-001-A
316,20260829,3,260,PERFORISTA,12.0,0.0,20260829-AMERICANA-XRD50USS-001-B
317,20260829,3,109,AYUDANTE DE PERFORACION,12.0,0.0,20260829-AMERICANA-XRD50USS-001-B
318,20260829,3,1,AYUDANTE DE PERFORACION,12.0,0.0,20260829-AMERICANA-XRD50USS-001-B
319,20260830,3,360,PERFORISTA,12.0,0.0,20260830-AMERICANA-XRD50USS-001-A
320,20260830,3,266,AYUDANTE DE PERFORACION,12.0,0.0,20260830-AMERICANA-XRD50USS-001-A
321,20260830,3,1,AYUDANTE DE PERFORACION,12.0,0.0,20260830-AMERICANA-XRD50USS-001-A
322,20260830,3,260,PERFORISTA,12.0,0.0,20260830-AMERICANA-XRD50USS-001-B
323,20260830,3,109,AYUDANTE DE PERFORACION,12.0,0.0,20260830-AMERICANA-XRD50USS-001-B
324,20260830,3,1,AYUDANTE DE PERFORACION,12.0,0.0,20260830-AMERICANA-XRD50USS-001-B
325,20260831,3,360,PERFORISTA,12.0,0.0,20260831-AMERICANA-XRD50USS-001-A
326,20260831,3,266,AYUDANTE DE PERFORACION,12.0,0.0,20260831-AMERICANA-XRD50USS-001-A
327,20260831,3,1,AYUDANTE DE PERFORACION,12.0,0.0,20260831-AMERICANA-XRD50USS-001-A
328,20260831,3,260,PERFORISTA,12.0,0.0,20260831-AMERICANA-XRD50USS-001-B
329,20260831,3,109,AYUDANTE DE PERFORACION,12.0,0.0,20260831-AMERICANA-XRD50USS-001-B
330,20260831,3,1,AYUDANTE DE PERFORACION,12.0,0.0,20260831-AMERICANA-XRD50USS-001-B
331,20260826,1,258,PERFORISTA,12.0,0.0,20260826-AMERICANA-XRD125USS-001-A
332,20260826,1,258,PERFORISTA,12.0,0.0,20260826-AMERICANA-XRD125USS-001-B
333,20260827,1,258,PERFORISTA,12.0,0.0,20260827-AMERICANA-XRD125USS-001-A
334,20260827,1,258,PERFORISTA,12.0,0.0,20260827-AMERICANA-XRD125USS-001-B
335,20260828,1,258,PERFORISTA,12.0,0.0,20260828-AMERICANA-XRD125USS-001-A
336,20260828,1,258,PERFORISTA,12.0,0.0,20260828-AMERICANA-XRD125USS-001-B
337,20260829,1,258,PERFORISTA,12.0,0.0,20260829-AMERICANA-XRD125USS-001-A
338,20260829,1,258,PERFORISTA,12.0,0.0,20260829-AMERICANA-XRD125USS-001-B
339,20260830,1,258,PERFORISTA,12.0,0.0,20260830-AMERICANA-XRD125USS-001-A
340,20260830,1,258,PERFORISTA,12.0,0.0,20260830-AMERICANA-XRD125USS-001-B
341,20260831,1,258,PERFORISTA,12.0,0.0,20260831-AMERICANA-XRD125USS-001-A
342,20260831,1,258,PERFORISTA,12.0,0.0,20260831-AMERICANA-XRD125USS-001-B
343,20260901,1,258,PERFORISTA,12.0,0.0,20260901-AMERICANA-XRD125USS-001-A
344,20260901,1,258,PERFORISTA,12.0,0.0,20260901-AMERICANA-XRD125USS-001-B
345,20260902,1,258,PERFORISTA,12.0,0.0,20260902-AMERICANA-XRD125USS-001-A
346,20260902,1,258,PERFORISTA,12.0,0.0,20260902-AMERICANA-XRD125USS-001-B
347,20260903,1,258,PERFORISTA,12.0,0.0,20260903-AMERICANA-XRD125USS-001-A
348,20260903,1,258,PERFORISTA,12.0,0.0,20260903-AMERICANA-XRD125USS-001-B
349,20260904,1,258,PERFORISTA,12.0,0.0,20260904-AMERICANA-XRD125USS-001-A
350,20260904,1,258,PERFORISTA,12.0,0.0,20260904-AMERICANA-XRD125USS-001-B
351,20260905,1,258,PERFORISTA,12.0,0.0,20260905-AMERICANA-XRD125USS-001-A
352,20260905,1,258,PERFORISTA,12.0,0.0,20260905-AMERICANA-XRD125USS-001-B
353,20260906,1,258,PERFORISTA,12.0,0.0,20260906-AMERICANA-XRD125USS-001-A
354,20260906,1,258,PERFORISTA,12.0,0.0,20260906-AMERICANA-XRD125USS-001-B
355,20260907,1,258,PERFORISTA,12.0,0.0,20260907-AMERICANA-XRD125USS-001-A
356,20260907,1,258,PERFORISTA,12.0,0.0,20260907-AMERICANA-XRD125USS-001-B
357,20260908,1,258,PERFORISTA,12.0,0.0,20260908-AMERICANA-XRD125USS-001-A
358,20260908,1,258,PERFORISTA,12.0,0.0,20260908-AMERICANA-XRD125USS-001-B
359,20260909,1,258,PERFORISTA,12.0,0.0,20260909-AMERICANA-XRD125USS-001-A
360,20260909,1,258,PERFORISTA,12.0,0.0,20260909-AMERICANA-XRD125USS-001-B
361,20260910,1,258,PERFORISTA,12.0,0.0,20260910-AMERICANA-XRD125USS-001-A
362,20260910,1,258,PERFORISTA,12.0,0.0,20260910-AMERICANA-XRD125USS-001-B
363,20260911,1,258,PERFORISTA,12.0,0.0,20260911-AMERICANA-XRD125USS-001-A
364,20260911,1,258,PERFORISTA,12.0,0.0,20260911-AMERICANA-XRD125USS-001-B
365,20260912,1,258,PERFORISTA,12.0,0.0,20260912-AMERICANA-XRD125USS-001-A
366,20260912,1,258,PERFORISTA,12.0,0.0,20260912-AMERICANA-XRD125USS-001-B
367,20260913,1,258,PERFORISTA,12.0,0.0,20260913-AMERICANA-XRD125USS-001-A
368,20260913,1,258,PERFORISTA,12.0,0.0,20260913-AMERICANA-XRD125USS-001-B
369,20260914,1,258,PERFORISTA,12.0,0.0,20260914-AMERICANA-XRD125USS-001-A
370,20260914,1,258,PERFORISTA,12.0,0.0,20260914-AMERICANA-XRD125USS-001-B
371,20260915,1,258,PERFORISTA,12.0,0.0,20260915-AMERICANA-XRD125USS-001-A
372,20260915,1,258,PERFORISTA,12.0,0.0,20260915-AMERICANA-XRD125USS-001-B
373,20260916,1,258,PERFORISTA,12.0,0.0,20260916-AMERICANA-XRD125USS-001-A
374,20260916,1,258,PERFORISTA,12.0,0.0,20260916-AMERICANA-XRD125USS-001-B
375,20260917,1,258,PERFORISTA,12.0,0.0,20260917-AMERICANA-XRD125USS-001-A
376,20260917,1,258,PERFORISTA,12.0,0.0,20260917-AMERICANA-XRD125USS-001-B
377,20260918,1,258,PERFORISTA,12.0,0.0,20260918-AMERICANA-XRD125USS-001-A
378,20260918,1,258,PERFORISTA,12.0,0.0,20260918-AMERICANA-XRD125USS-001-B
379,20260919,1,258,PERFORISTA,12.0,0.0,20260919-AMERICANA-XRD125USS-001-A
380,20260919,1,258,PERFORISTA,12.0,0.0,20260919-AMERICANA-XRD125USS-001-B
381,20260920,1,258,PERFORISTA,12.0,0.0,20260920-AMERICANA-XRD125USS-001-A
382,20260920,1,258,PERFORISTA,12.0,0.0,20260920-AMERICANA-XRD125USS-001-B
383,20260921,1,258,PERFORISTA,12.0,0.0,20260921-AMERICANA-XRD125USS-001-A
384,20260921,1,258,PERFORISTA,12.0,0.0,20260921-AMERICANA-XRD125USS-001-B
385,20260922,1,258,PERFORISTA,12.0,0.0,20260922-AMERICANA-XRD125USS-001-A
386,20260922,1,258,PERFORISTA,12.0,0.0,20260922-AMERICANA-XRD125USS-001-B
387,20260923,1,258,PERFORISTA,12.0,0.0,20260923-AMERICANA-XRD125USS-001-A
388,20260923,1,258,PERFORISTA,12.0,0.0,20260923-AMERICANA-XRD125USS-001-B
389,20260924,1,258,PERFORISTA,12.0,0.0,20260924-AMERICANA-XRD125USS-001-A
390,20260924,1,258,PERFORISTA,12.0,0.0,20260924-AMERICANA-XRD125USS-001-B
391,20260925,1,258,PERFORISTA,12.0,0.0,20260925-AMERICANA-XRD125USS-001-A
392,20260925,1,258,PERFORISTA,12.0,0.0,20260925-AMERICANA-XRD125USS-001-B
393,20260826,23,201,PERFORISTA,12.0,0.0,20260826-CERRO-XRD150U-002-A
394,20260826,23,4,AYUDANTE DE PERFORACION,12.0,0.0,20260826-CERRO-XRD150U-002-A
395,20260826,23,310,AYUDANTE DE PERFORACION,12.0,0.0,20260826-CERRO-XRD150U-002-A
396,20260826,23,62,PERFORISTA,12.0,0.0,20260826-CERRO-XRD150U-002-B
397,20260826,23,372,AYUDANTE DE PERFORACION,12.0,0.0,20260826-CERRO-XRD150U-002-B
398,20260826,23,2,AYUDANTE DE PERFORACION,12.0,0.0,20260826-CERRO-XRD150U-002-B
399,20260827,23,201,PERFORISTA,12.0,0.0,20260827-CERRO-XRD150U-002-A
400,20260827,23,4,AYUDANTE DE PERFORACION,12.0,0.0,20260827-CERRO-XRD150U-002-A
401,20260827,23,310,AYUDANTE DE PERFORACION,12.0,0.0,20260827-CERRO-XRD150U-002-A
402,20260827,23,62,PERFORISTA,12.0,0.0,20260827-CERRO-XRD150U-002-B
403,20260827,23,2,AYUDANTE DE PERFORACION,12.0,0.0,20260827-CERRO-XRD150U-002-B
404,20260827,23,3,AYUDANTE DE PERFORACION,12.0,0.0,20260827-CERRO-XRD150U-002-B
405,20260828,23,62,PERFORISTA,12.0,0.0,20260828-CERRO-XRD150U-002-A
406,20260828,23,372,AYUDANTE DE PERFORACION,12.0,0.0,20260828-CERRO-XRD150U-002-A
407,20260828,23,309,AYUDANTE DE PERFORACION,12.0,0.0,20260828-CERRO-XRD150U-002-A
408,20260828,23,2,PERFORISTA,12.0,0.0,20260828-CERRO-XRD150U-002-B
409,20260828,23,400,AYUDANTE DE PERFORACION,12.0,0.0,20260828-CERRO-XRD150U-002-B
410,20260828,23,157,AYUDANTE DE PERFORACION,12.0,0.0,20260828-CERRO-XRD150U-002-B
411,20260829,23,62,PERFORISTA,12.0,0.0,20260829-CERRO-XRD150U-002-A
412,20260829,23,372,AYUDANTE DE PERFORACION,12.0,0.0,20260829-CERRO-XRD150U-002-A
413,20260829,23,309,AYUDANTE DE PERFORACION,12.0,0.0,20260829-CERRO-XRD150U-002-A
414,20260829,23,2,PERFORISTA,12.0,0.0,20260829-CERRO-XRD150U-002-B
415,20260829,23,400,AYUDANTE DE PERFORACION,12.0,0.0,20260829-CERRO-XRD150U-002-B
416,20260829,23,157,AYUDANTE DE PERFORACION,12.0,0.0,20260829-CERRO-XRD150U-002-B
417,20260830,23,62,PERFORISTA,12.0,0.0,20260830-CERRO-XRD150U-002-A
418,20260830,23,372,AYUDANTE DE PERFORACION,12.0,0.0,20260830-CERRO-XRD150U-002-A
419,20260830,23,309,AYUDANTE DE PERFORACION,12.0,0.0,20260830-CERRO-XRD150U-002-A
420,20260830,23,2,PERFORISTA,12.0,0.0,20260830-CERRO-XRD150U-002-B
421,20260830,23,400,AYUDANTE DE PERFORACION,12.0,0.0,20260830-CERRO-XRD150U-002-B
422,20260830,23,157,AYUDANTE DE PERFORACION,12.0,0.0,20260830-CERRO-XRD150U-002-B
423,20260831,23,62,PERFORISTA,12.0,0.0,20260831-CERRO-XRD150U-002-A
424,20260831,23,372,AYUDANTE DE PERFORACION,12.0,0.0,20260831-CERRO-XRD150U-002-A
425,20260831,23,309,AYUDANTE DE PERFORACION,12.0,0.0,20260831-CERRO-XRD150U-002-A
426,20260831,23,2,PERFORISTA,12.0,0.0,20260831-CERRO-XRD150U-002-B
427,20260831,23,400,AYUDANTE DE PERFORACION,12.0,0.0,20260831-CERRO-XRD150U-002-B
428,20260831,23,157,AYUDANTE DE PERFORACION,12.0,0.0,20260831-CERRO-XRD150U-002-B
429,20260901,23,258,PERFORISTA,12.0,0.0,20260901-CERRO-XRD150U-002-A
430,20260901,23,258,PERFORISTA,12.0,0.0,20260901-CERRO-XRD150U-002-B
431,20260902,23,258,PERFORISTA,12.0,0.0,20260902-CERRO-XRD150U-002-A
432,20260902,23,258,PERFORISTA,12.0,0.0,20260902-CERRO-XRD150U-002-B
433,20260903,23,258,PERFORISTA,12.0,0.0,20260903-CERRO-XRD150U-002-A
434,20260903,23,258,PERFORISTA,12.0,0.0,20260903-CERRO-XRD150U-002-B
435,20260904,23,258,PERFORISTA,12.0,0.0,20260904-CERRO-XRD150U-002-A
436,20260904,23,258,PERFORISTA,12.0,0.0,20260904-CERRO-XRD150U-002-B
437,20260905,23,258,PERFORISTA,12.0,0.0,20260905-CERRO-XRD150U-002-A
438,20260905,23,258,PERFORISTA,12.0,0.0,20260905-CERRO-XRD150U-002-B
439,20260906,23,258,PERFORISTA,12.0,0.0,20260906-CERRO-XRD150U-002-A
440,20260906,23,258,PERFORISTA,12.0,0.0,20260906-CERRO-XRD150U-002-B
441,20260907,23,258,PERFORISTA,12.0,0.0,20260907-CERRO-XRD150U-002-A
442,20260907,23,258,PERFORISTA,12.0,0.0,20260907-CERRO-XRD150U-002-B
443,20260908,23,258,PERFORISTA,12.0,0.0,20260908-CERRO-XRD150U-002-A
444,20260908,23,258,PERFORISTA,12.0,0.0,20260908-CERRO-XRD150U-002-B
445,20260909,23,258,PERFORISTA,12.0,0.0,20260909-CERRO-XRD150U-002-A
446,20260909,23,258,PERFORISTA,12.0,0.0,20260909-CERRO-XRD150U-002-B
447,20260910,23,258,PERFORISTA,12.0,0.0,20260910-CERRO-XRD150U-002-A
448,20260910,23,258,PERFORISTA,12.0,0.0,20260910-CERRO-XRD150U-002-B
449,20260911,23,258,PERFORISTA,12.0,0.0,20260911-CERRO-XRD150U-002-A
450,20260911,23,258,PERFORISTA,12.0,0.0,20260911-CERRO-XRD150U-002-B
451,20260912,23,258,PERFORISTA,12.0,0.0,20260912-CERRO-XRD150U-002-A
452,20260912,23,258,PERFORISTA,12.0,0.0,20260912-CERRO-XRD150U-002-B
453,20260913,23,258,PERFORISTA,12.0,0.0,20260913-CERRO-XRD150U-002-A
454,20260913,23,258,PERFORISTA,12.0,0.0,20260913-CERRO-XRD150U-002-B
455,20260914,23,258,PERFORISTA,12.0,0.0,20260914-CERRO-XRD150U-002-A
456,20260914,23,258,PERFORISTA,12.0,0.0,20260914-CERRO-XRD150U-002-B
457,20260915,23,258,PERFORISTA,12.0,0.0,20260915-CERRO-XRD150U-002-A
458,20260915,23,258,PERFORISTA,12.0,0.0,20260915-CERRO-XRD150U-002-B
459,20260916,23,258,PERFORISTA,12.0,0.0,20260916-CERRO-XRD150U-002-A
460,20260916,23,258,PERFORISTA,12.0,0.0,20260916-CERRO-XRD150U-002-B
461,20260917,23,258,PERFORISTA,12.0,0.0,20260917-CERRO-XRD150U-002-A
462,20260917,23,258,PERFORISTA,12.0,0.0,20260917-CERRO-XRD150U-002-B
463,20260918,23,258,PERFORISTA,12.0,0.0,20260918-CERRO-XRD150U-002-A
464,20260918,23,258,PERFORISTA,12.0,0.0,20260918-CERRO-XRD150U-002-B
465,20260919,23,258,PERFORISTA,12.0,0.0,20260919-CERRO-XRD150U-002-A
466,20260919,23,258,PERFORISTA,12.0,0.0,20260919-CERRO-XRD150U-002-B
467,20260920,23,258,PERFORISTA,12.0,0.0,20260920-CERRO-XRD150U-002-A
468,20260920,23,258,PERFORISTA,12.0,0.0,20260920-CERRO-XRD150U-002-B
469,20260921,23,258,PERFORISTA,12.0,0.0,20260921-CERRO-XRD150U-002-A
470,20260921,23,258,PERFORISTA,12.0,0.0,20260921-CERRO-XRD150U-002-B
471,20260922,23,258,PERFORISTA,12.0,0.0,20260922-CERRO-XRD150U-002-A
472,20260922,23,258,PERFORISTA,12.0,0.0,20260922-CERRO-XRD150U-002-B
473,20260923,23,258,PERFORISTA,12.0,0.0,20260923-CERRO-XRD150U-002-A
474,20260923,23,258,PERFORISTA,12.0,0.0,20260923-CERRO-XRD150U-002-B
475,20260924,23,258,PERFORISTA,12.0,0.0,20260924-CERRO-XRD150U-002-A
476,20260924,23,258,PERFORISTA,12.0,0.0,20260924-CERRO-XRD150U-002-B
477,20260925,23,258,PERFORISTA,12.0,0.0,20260925-CERRO-XRD150U-002-A
478,20260925,23,258,PERFORISTA,12.0,0.0,20260925-CERRO-XRD150U-002-B
479,20260826,32,166,PERFORISTA,12.0,0.0,20260826-CHUNGAR-XRD90U-021-A
480,20260826,32,9,AYUDANTE DE PERFORACION,12.0,0.0,20260826-CHUNGAR-XRD90U-021-A
481,20260826,32,139,AYUDANTE DE PERFORACION,12.0,0.0,20260826-CHUNGAR-XRD90U-021-A
482,20260826,32,196,PERFORISTA,12.0,1.0,20260826-CHUNGAR-XRD90U-021-B
483,20260826,32,269,AYUDANTE DE PERFORACION,12.0,1.0,20260826-CHUNGAR-XRD90U-021-B
484,20260826,32,186,AYUDANTE DE PERFORACION,12.0,1.0,20260826-CHUNGAR-XRD90U-021-B
485,20260827,32,231,PERFORISTA,12.0,0.0,20260827-CHUNGAR-XRD90U-021-A
486,20260827,32,409,AYUDANTE DE PERFORACION,12.0,0.0,20260827-CHUNGAR-XRD90U-021-A
487,20260827,32,95,AYUDANTE DE PERFORACION,12.0,0.0,20260827-CHUNGAR-XRD90U-021-A
488,20260827,32,166,PERFORISTA,12.0,0.0,20260827-CHUNGAR-XRD90U-021-B
489,20260827,32,9,AYUDANTE DE PERFORACION,12.0,0.0,20260827-CHUNGAR-XRD90U-021-B
490,20260827,32,139,AYUDANTE DE PERFORACION,12.0,0.0,20260827-CHUNGAR-XRD90U-021-B
491,20260828,32,231,PERFORISTA,12.0,0.0,20260828-CHUNGAR-XRD90U-021-A
492,20260828,32,409,AYUDANTE DE PERFORACION,12.0,0.0,20260828-CHUNGAR-XRD90U-021-A
493,20260828,32,95,AYUDANTE DE PERFORACION,12.0,0.0,20260828-CHUNGAR-XRD90U-021-A
494,20260828,32,166,PERFORISTA,12.0,0.0,20260828-CHUNGAR-XRD90U-021-B
495,20260828,32,9,AYUDANTE DE PERFORACION,12.0,0.0,20260828-CHUNGAR-XRD90U-021-B
496,20260828,32,139,AYUDANTE DE PERFORACION,12.0,0.0,20260828-CHUNGAR-XRD90U-021-B
497,20260829,32,231,PERFORISTA,12.0,0.0,20260829-CHUNGAR-XRD90U-021-A
498,20260829,32,409,AYUDANTE DE PERFORACION,12.0,0.0,20260829-CHUNGAR-XRD90U-021-A
499,20260829,32,95,AYUDANTE DE PERFORACION,12.0,0.0,20260829-CHUNGAR-XRD90U-021-A
500,20260829,32,166,PERFORISTA,12.0,0.0,20260829-CHUNGAR-XRD90U-021-B
501,20260829,32,9,AYUDANTE DE PERFORACION,12.0,0.0,20260829-CHUNGAR-XRD90U-021-B
502,20260829,32,139,AYUDANTE DE PERFORACION,12.0,0.0,20260829-CHUNGAR-XRD90U-021-B
503,20260830,32,231,PERFORISTA,12.0,0.0,20260830-CHUNGAR-XRD90U-021-A
504,20260830,32,409,AYUDANTE DE PERFORACION,12.0,0.0,20260830-CHUNGAR-XRD90U-021-A
505,20260830,32,95,AYUDANTE DE PERFORACION,12.0,0.0,20260830-CHUNGAR-XRD90U-021-A
506,20260830,32,258,PERFORISTA,12.0,0.0,20260830-CHUNGAR-XRD90U-021-B
507,20260831,32,231,PERFORISTA,12.0,0.0,20260831-CHUNGAR-XRD90U-021-A
508,20260831,32,409,AYUDANTE DE PERFORACION,12.0,0.0,20260831-CHUNGAR-XRD90U-021-A
509,20260831,32,95,AYUDANTE DE PERFORACION,12.0,0.0,20260831-CHUNGAR-XRD90U-021-A
510,20260831,32,166,PERFORISTA,12.0,0.0,20260831-CHUNGAR-XRD90U-021-B
511,20260831,32,9,AYUDANTE DE PERFORACION,12.0,0.0,20260831-CHUNGAR-XRD90U-021-B
512,20260831,32,139,AYUDANTE DE PERFORACION,12.0,0.0,20260831-CHUNGAR-XRD90U-021-B
513,20260901,32,258,PERFORISTA,12.0,0.0,20260901-CHUNGAR-XRD90U-021-A
514,20260901,32,258,PERFORISTA,12.0,0.0,20260901-CHUNGAR-XRD90U-021-B
515,20260902,32,258,PERFORISTA,12.0,0.0,20260902-CHUNGAR-XRD90U-021-A
516,20260902,32,258,PERFORISTA,12.0,0.0,20260902-CHUNGAR-XRD90U-021-B
517,20260903,32,258,PERFORISTA,12.0,0.0,20260903-CHUNGAR-XRD90U-021-A
518,20260903,32,258,PERFORISTA,12.0,0.0,20260903-CHUNGAR-XRD90U-021-B
519,20260904,32,258,PERFORISTA,12.0,0.0,20260904-CHUNGAR-XRD90U-021-A
520,20260904,32,258,PERFORISTA,12.0,0.0,20260904-CHUNGAR-XRD90U-021-B
521,20260905,32,258,PERFORISTA,12.0,0.0,20260905-CHUNGAR-XRD90U-021-A
522,20260905,32,258,PERFORISTA,12.0,0.0,20260905-CHUNGAR-XRD90U-021-B
523,20260906,32,258,PERFORISTA,12.0,0.0,20260906-CHUNGAR-XRD90U-021-A
524,20260906,32,258,PERFORISTA,12.0,0.0,20260906-CHUNGAR-XRD90U-021-B
525,20260907,32,258,PERFORISTA,12.0,0.0,20260907-CHUNGAR-XRD90U-021-A
526,20260907,32,258,PERFORISTA,12.0,0.0,20260907-CHUNGAR-XRD90U-021-B
527,20260908,32,258,PERFORISTA,12.0,0.0,20260908-CHUNGAR-XRD90U-021-A
528,20260908,32,258,PERFORISTA,12.0,0.0,20260908-CHUNGAR-XRD90U-021-B
529,20260909,32,258,PERFORISTA,12.0,0.0,20260909-CHUNGAR-XRD90U-021-A
530,20260909,32,258,PERFORISTA,12.0,0.0,20260909-CHUNGAR-XRD90U-021-B
531,20260910,32,258,PERFORISTA,12.0,0.0,20260910-CHUNGAR-XRD90U-021-A
532,20260910,32,258,PERFORISTA,12.0,0.0,20260910-CHUNGAR-XRD90U-021-B
533,20260911,32,258,PERFORISTA,12.0,0.0,20260911-CHUNGAR-XRD90U-021-A
534,20260911,32,258,PERFORISTA,12.0,0.0,20260911-CHUNGAR-XRD90U-021-B
535,20260912,32,258,PERFORISTA,12.0,0.0,20260912-CHUNGAR-XRD90U-021-A
536,20260912,32,258,PERFORISTA,12.0,0.0,20260912-CHUNGAR-XRD90U-021-B
537,20260913,32,258,PERFORISTA,12.0,0.0,20260913-CHUNGAR-XRD90U-021-A
538,20260913,32,258,PERFORISTA,12.0,0.0,20260913-CHUNGAR-XRD90U-021-B
539,20260914,32,258,PERFORISTA,12.0,0.0,20260914-CHUNGAR-XRD90U-021-A
540,20260914,32,258,PERFORISTA,12.0,0.0,20260914-CHUNGAR-XRD90U-021-B
541,20260915,32,258,PERFORISTA,12.0,0.0,20260915-CHUNGAR-XRD90U-021-A
542,20260915,32,258,PERFORISTA,12.0,0.0,20260915-CHUNGAR-XRD90U-021-B
543,20260916,32,258,PERFORISTA,12.0,0.0,20260916-CHUNGAR-XRD90U-021-A
544,20260916,32,258,PERFORISTA,12.0,0.0,20260916-CHUNGAR-XRD90U-021-B
545,20260917,32,258,PERFORISTA,12.0,0.0,20260917-CHUNGAR-XRD90U-021-A
546,20260917,32,258,PERFORISTA,12.0,0.0,20260917-CHUNGAR-XRD90U-021-B
547,20260918,32,258,PERFORISTA,12.0,0.0,20260918-CHUNGAR-XRD90U-021-A
548,20260918,32,258,PERFORISTA,12.0,0.0,20260918-CHUNGAR-XRD90U-021-B
549,20260919,32,258,PERFORISTA,12.0,0.0,20260919-CHUNGAR-XRD90U-021-A
550,20260919,32,258,PERFORISTA,12.0,0.0,20260919-CHUNGAR-XRD90U-021-B
551,20260920,32,258,PERFORISTA,12.0,0.0,20260920-CHUNGAR-XRD90U-021-A
552,20260920,32,258,PERFORISTA,12.0,0.0,20260920-CHUNGAR-XRD90U-021-B
553,20260921,32,258,PERFORISTA,12.0,0.0,20260921-CHUNGAR-XRD90U-021-A
554,20260921,32,258,PERFORISTA,12.0,0.0,20260921-CHUNGAR-XRD90U-021-B
555,20260922,32,258,PERFORISTA,12.0,0.0,20260922-CHUNGAR-XRD90U-021-A
556,20260922,32,258,PERFORISTA,12.0,0.0,20260922-CHUNGAR-XRD90U-021-B
557,20260923,32,258,PERFORISTA,12.0,0.0,20260923-CHUNGAR-XRD90U-021-A
558,20260923,32,258,PERFORISTA,12.0,0.0,20260923-CHUNGAR-XRD90U-021-B
559,20260924,32,258,PERFORISTA,12.0,0.0,20260924-CHUNGAR-XRD90U-021-A
560,20260924,32,258,PERFORISTA,12.0,0.0,20260924-CHUNGAR-XRD90U-021-B
561,20260925,32,258,PERFORISTA,12.0,0.0,20260925-CHUNGAR-XRD90U-021-A
562,20260925,32,258,PERFORISTA,12.0,0.0,20260925-CHUNGAR-XRD90U-021-B
563,20260826,26,60,PERFORISTA,12.0,1.0,20260826-CHUNGAR-LM90U-001-A
564,20260826,26,379,AYUDANTE DE PERFORACION,12.0,1.0,20260826-CHUNGAR-LM90U-001-A
565,20260826,26,16,AYUDANTE DE PERFORACION,12.0,1.0,20260826-CHUNGAR-LM90U-001-A
566,20260826,26,341,PERFORISTA,12.0,0.0,20260826-CHUNGAR-LM90U-001-A
567,20260826,26,138,AYUDANTE DE PERFORACION,12.0,0.0,20260826-CHUNGAR-LM90U-001-A
568,20260826,26,401,AYUDANTE DE PERFORACION,12.0,0.0,20260826-CHUNGAR-LM90U-001-A
569,20260827,26,189,PERFORISTA,12.0,1.0,20260827-CHUNGAR-LM90U-001-A
570,20260827,26,410,AYUDANTE DE PERFORACION,12.0,1.0,20260827-CHUNGAR-LM90U-001-A
571,20260827,26,52,AYUDANTE DE PERFORACION,12.0,1.0,20260827-CHUNGAR-LM90U-001-A
572,20260827,26,60,PERFORISTA,12.0,1.0,20260827-CHUNGAR-LM90U-001-B
573,20260827,26,379,AYUDANTE DE PERFORACION,12.0,1.0,20260827-CHUNGAR-LM90U-001-B
574,20260827,26,16,AYUDANTE DE PERFORACION,12.0,1.0,20260827-CHUNGAR-LM90U-001-B
575,20260828,26,189,PERFORISTA,12.0,1.0,20260828-CHUNGAR-LM90U-001-A
576,20260828,26,410,AYUDANTE DE PERFORACION,12.0,1.0,20260828-CHUNGAR-LM90U-001-A
577,20260828,26,52,AYUDANTE DE PERFORACION,12.0,1.0,20260828-CHUNGAR-LM90U-001-A
578,20260828,26,60,PERFORISTA,12.0,1.0,20260828-CHUNGAR-LM90U-001-B
579,20260828,26,379,AYUDANTE DE PERFORACION,12.0,1.0,20260828-CHUNGAR-LM90U-001-B
580,20260828,26,16,AYUDANTE DE PERFORACION,12.0,1.0,20260828-CHUNGAR-LM90U-001-B
581,20260829,26,189,PERFORISTA,12.0,1.0,20260829-CHUNGAR-LM90U-001-A
582,20260829,26,410,AYUDANTE DE PERFORACION,12.0,1.0,20260829-CHUNGAR-LM90U-001-A
583,20260829,26,52,AYUDANTE DE PERFORACION,12.0,1.0,20260829-CHUNGAR-LM90U-001-A
584,20260829,26,60,PERFORISTA,12.0,0.0,20260829-CHUNGAR-LM90U-001-B
585,20260829,26,379,AYUDANTE DE PERFORACION,12.0,0.0,20260829-CHUNGAR-LM90U-001-B
586,20260829,26,16,AYUDANTE DE PERFORACION,12.0,0.0,20260829-CHUNGAR-LM90U-001-B
587,20260830,26,189,PERFORISTA,12.0,0.0,20260830-CHUNGAR-LM90U-001-A
588,20260830,26,410,AYUDANTE DE PERFORACION,12.0,0.0,20260830-CHUNGAR-LM90U-001-A
589,20260830,26,52,AYUDANTE DE PERFORACION,12.0,0.0,20260830-CHUNGAR-LM90U-001-A
590,20260830,26,60,PERFORISTA,12.0,0.0,20260830-CHUNGAR-LM90U-001-B
591,20260830,26,379,AYUDANTE DE PERFORACION,12.0,0.0,20260830-CHUNGAR-LM90U-001-B
592,20260830,26,16,AYUDANTE DE PERFORACION,12.0,0.0,20260830-CHUNGAR-LM90U-001-B
593,20260831,26,189,PERFORISTA,12.0,0.0,20260831-CHUNGAR-LM90U-001-A
594,20260831,26,410,AYUDANTE DE PERFORACION,12.0,0.0,20260831-CHUNGAR-LM90U-001-A
595,20260831,26,52,AYUDANTE DE PERFORACION,12.0,0.0,20260831-CHUNGAR-LM90U-001-A
596,20260831,26,60,PERFORISTA,12.0,1.0,20260831-CHUNGAR-LM90U-001-B
597,20260831,26,379,AYUDANTE DE PERFORACION,12.0,1.0,20260831-CHUNGAR-LM90U-001-B
598,20260831,26,16,AYUDANTE DE PERFORACION,12.0,1.0,20260831-CHUNGAR-LM90U-001-B
599,20260901,26,258,PERFORISTA,12.0,0.0,20260901-CHUNGAR-LM90U-001-A
600,20260901,26,258,PERFORISTA,12.0,0.0,20260901-CHUNGAR-LM90U-001-B
601,20260902,26,258,PERFORISTA,12.0,0.0,20260902-CHUNGAR-LM90U-001-A
602,20260902,26,258,PERFORISTA,12.0,0.0,20260902-CHUNGAR-LM90U-001-B
603,20260903,26,258,PERFORISTA,12.0,0.0,20260903-CHUNGAR-LM90U-001-A
604,20260903,26,258,PERFORISTA,12.0,0.0,20260903-CHUNGAR-LM90U-001-B
605,20260904,26,258,PERFORISTA,12.0,0.0,20260904-CHUNGAR-LM90U-001-A
606,20260904,26,258,PERFORISTA,12.0,0.0,20260904-CHUNGAR-LM90U-001-B
607,20260905,26,258,PERFORISTA,12.0,0.0,20260905-CHUNGAR-LM90U-001-A
608,20260905,26,258,PERFORISTA,12.0,0.0,20260905-CHUNGAR-LM90U-001-B
609,20260906,26,258,PERFORISTA,12.0,0.0,20260906-CHUNGAR-LM90U-001-A
610,20260906,26,258,PERFORISTA,12.0,0.0,20260906-CHUNGAR-LM90U-001-B
611,20260907,26,258,PERFORISTA,12.0,0.0,20260907-CHUNGAR-LM90U-001-A
612,20260907,26,258,PERFORISTA,12.0,0.0,20260907-CHUNGAR-LM90U-001-B
613,20260908,26,258,PERFORISTA,12.0,0.0,20260908-CHUNGAR-LM90U-001-A
614,20260908,26,258,PERFORISTA,12.0,0.0,20260908-CHUNGAR-LM90U-001-B
615,20260909,26,258,PERFORISTA,12.0,0.0,20260909-CHUNGAR-LM90U-001-A
616,20260909,26,258,PERFORISTA,12.0,0.0,20260909-CHUNGAR-LM90U-001-B
617,20260910,26,258,PERFORISTA,12.0,0.0,20260910-CHUNGAR-LM90U-001-A
618,20260910,26,258,PERFORISTA,12.0,0.0,20260910-CHUNGAR-LM90U-001-B
619,20260911,26,258,PERFORISTA,12.0,0.0,20260911-CHUNGAR-LM90U-001-A
620,20260911,26,258,PERFORISTA,12.0,0.0,20260911-CHUNGAR-LM90U-001-B
621,20260912,26,258,PERFORISTA,12.0,0.0,20260912-CHUNGAR-LM90U-001-A
622,20260912,26,258,PERFORISTA,12.0,0.0,20260912-CHUNGAR-LM90U-001-B
623,20260913,26,258,PERFORISTA,12.0,0.0,20260913-CHUNGAR-LM90U-001-A
624,20260913,26,258,PERFORISTA,12.0,0.0,20260913-CHUNGAR-LM90U-001-B
625,20260914,26,258,PERFORISTA,12.0,0.0,20260914-CHUNGAR-LM90U-001-A
626,20260914,26,258,PERFORISTA,12.0,0.0,20260914-CHUNGAR-LM90U-001-B
627,20260915,26,258,PERFORISTA,12.0,0.0,20260915-CHUNGAR-LM90U-001-A
628,20260915,26,258,PERFORISTA,12.0,0.0,20260915-CHUNGAR-LM90U-001-B
629,20260916,26,258,PERFORISTA,12.0,0.0,20260916-CHUNGAR-LM90U-001-A
630,20260916,26,258,PERFORISTA,12.0,0.0,20260916-CHUNGAR-LM90U-001-B
631,20260917,26,258,PERFORISTA,12.0,0.0,20260917-CHUNGAR-LM90U-001-A
632,20260917,26,258,PERFORISTA,12.0,0.0,20260917-CHUNGAR-LM90U-001-B
633,20260918,26,258,PERFORISTA,12.0,0.0,20260918-CHUNGAR-LM90U-001-A
634,20260918,26,258,PERFORISTA,12.0,0.0,20260918-CHUNGAR-LM90U-001-B
635,20260919,26,258,PERFORISTA,12.0,0.0,20260919-CHUNGAR-LM90U-001-A
636,20260919,26,258,PERFORISTA,12.0,0.0,20260919-CHUNGAR-LM90U-001-B
637,20260920,26,258,PERFORISTA,12.0,0.0,20260920-CHUNGAR-LM90U-001-A
638,20260920,26,258,PERFORISTA,12.0,0.0,20260920-CHUNGAR-LM90U-001-B
639,20260921,26,258,PERFORISTA,12.0,0.0,20260921-CHUNGAR-LM90U-001-A
640,20260921,26,258,PERFORISTA,12.0,0.0,20260921-CHUNGAR-LM90U-001-B
641,20260922,26,258,PERFORISTA,12.0,0.0,20260922-CHUNGAR-LM90U-001-A
642,20260922,26,258,PERFORISTA,12.0,0.0,20260922-CHUNGAR-LM90U-001-B
643,20260923,26,258,PERFORISTA,12.0,0.0,20260923-CHUNGAR-LM90U-001-A
644,20260923,26,258,PERFORISTA,12.0,0.0,20260923-CHUNGAR-LM90U-001-B
645,20260924,26,258,PERFORISTA,12.0,0.0,20260924-CHUNGAR-LM90U-001-A
646,20260924,26,258,PERFORISTA,12.0,0.0,20260924-CHUNGAR-LM90U-001-B
647,20260925,26,258,PERFORISTA,12.0,0.0,20260925-CHUNGAR-LM90U-001-A
648,20260925,26,258,PERFORISTA,12.0,0.0,20260925-CHUNGAR-LM90U-001-B
649,20260826,33,391,PERFORISTA,12.0,0.0,20260826-CHUNGAR-XRD90USS-003-A
650,20260826,33,256,AYUDANTE DE PERFORACION,12.0,0.0,20260826-CHUNGAR-XRD90USS-003-A
651,20260826,33,152,AYUDANTE DE PERFORACION,12.0,0.0,20260826-CHUNGAR-XRD90USS-003-A
652,20260826,33,187,PERFORISTA,12.0,0.0,20260826-CHUNGAR-XRD90USS-003-B
653,20260826,33,110,AYUDANTE DE PERFORACION,12.0,0.0,20260826-CHUNGAR-XRD90USS-003-B
654,20260826,33,224,AYUDANTE DE PERFORACION,12.0,0.0,20260826-CHUNGAR-XRD90USS-003-B
655,20260827,33,53,PERFORISTA,12.0,0.0,20260827-CHUNGAR-XRD90USS-003-A
656,20260827,33,316,AYUDANTE DE PERFORACION,12.0,0.0,20260827-CHUNGAR-XRD90USS-003-A
657,20260827,33,230,AYUDANTE DE PERFORACION,12.0,0.0,20260827-CHUNGAR-XRD90USS-003-A
658,20260827,33,391,PERFORISTA,12.0,0.0,20260827-CHUNGAR-XRD90USS-003-B
659,20260827,33,256,AYUDANTE DE PERFORACION,12.0,0.0,20260827-CHUNGAR-XRD90USS-003-B
660,20260827,33,152,AYUDANTE DE PERFORACION,12.0,0.0,20260827-CHUNGAR-XRD90USS-003-B
661,20260828,33,53,PERFORISTA,12.0,0.0,20260828-CHUNGAR-XRD90USS-003-A
662,20260828,33,316,AYUDANTE DE PERFORACION,12.0,0.0,20260828-CHUNGAR-XRD90USS-003-A
663,20260828,33,230,AYUDANTE DE PERFORACION,12.0,0.0,20260828-CHUNGAR-XRD90USS-003-A
664,20260828,33,391,PERFORISTA,12.0,0.0,20260828-CHUNGAR-XRD90USS-003-B
665,20260828,33,256,AYUDANTE DE PERFORACION,12.0,0.0,20260828-CHUNGAR-XRD90USS-003-B
666,20260828,33,152,AYUDANTE DE PERFORACION,12.0,0.0,20260828-CHUNGAR-XRD90USS-003-B
667,20260829,33,53,PERFORISTA,12.0,0.0,20260829-CHUNGAR-XRD90USS-003-A
668,20260829,33,316,AYUDANTE DE PERFORACION,12.0,0.0,20260829-CHUNGAR-XRD90USS-003-A
669,20260829,33,230,AYUDANTE DE PERFORACION,12.0,0.0,20260829-CHUNGAR-XRD90USS-003-A
670,20260829,33,391,PERFORISTA,12.0,1.0,20260829-CHUNGAR-XRD90USS-003-B
671,20260829,33,256,AYUDANTE DE PERFORACION,12.0,1.0,20260829-CHUNGAR-XRD90USS-003-B
672,20260829,33,152,AYUDANTE DE PERFORACION,12.0,1.0,20260829-CHUNGAR-XRD90USS-003-B
673,20260830,33,53,PERFORISTA,12.0,0.0,20260830-CHUNGAR-XRD90USS-003-A
674,20260830,33,316,AYUDANTE DE PERFORACION,12.0,0.0,20260830-CHUNGAR-XRD90USS-003-A
675,20260830,33,230,AYUDANTE DE PERFORACION,12.0,0.0,20260830-CHUNGAR-XRD90USS-003-A
676,20260830,33,391,PERFORISTA,12.0,0.0,20260830-CHUNGAR-XRD90USS-003-B
677,20260830,33,256,AYUDANTE DE PERFORACION,12.0,0.0,20260830-CHUNGAR-XRD90USS-003-B
678,20260830,33,152,AYUDANTE DE PERFORACION,12.0,0.0,20260830-CHUNGAR-XRD90USS-003-B
679,20260831,33,53,PERFORISTA,12.0,0.0,20260831-CHUNGAR-XRD90USS-003-A
680,20260831,33,316,AYUDANTE DE PERFORACION,12.0,0.0,20260831-CHUNGAR-XRD90USS-003-A
681,20260831,33,230,AYUDANTE DE PERFORACION,12.0,0.0,20260831-CHUNGAR-XRD90USS-003-A
682,20260831,33,391,PERFORISTA,12.0,0.0,20260831-CHUNGAR-XRD90USS-003-B
683,20260831,33,256,AYUDANTE DE PERFORACION,12.0,0.0,20260831-CHUNGAR-XRD90USS-003-B
684,20260831,33,152,AYUDANTE DE PERFORACION,12.0,0.0,20260831-CHUNGAR-XRD90USS-003-B
685,20260901,33,258,PERFORISTA,12.0,0.0,20260901-CHUNGAR-XRD90USS-003-A
686,20260901,33,258,PERFORISTA,12.0,0.0,20260901-CHUNGAR-XRD90USS-003-B
687,20260902,33,258,PERFORISTA,12.0,0.0,20260902-CHUNGAR-XRD90USS-003-A
688,20260902,33,258,PERFORISTA,12.0,0.0,20260902-CHUNGAR-XRD90USS-003-B
689,20260903,33,258,PERFORISTA,12.0,0.0,20260903-CHUNGAR-XRD90USS-003-A
690,20260903,33,258,PERFORISTA,12.0,0.0,20260903-CHUNGAR-XRD90USS-003-B
691,20260904,33,258,PERFORISTA,12.0,0.0,20260904-CHUNGAR-XRD90USS-003-A
692,20260904,33,258,PERFORISTA,12.0,0.0,20260904-CHUNGAR-XRD90USS-003-B
693,20260905,33,258,PERFORISTA,12.0,0.0,20260905-CHUNGAR-XRD90USS-003-A
694,20260905,33,258,PERFORISTA,12.0,0.0,20260905-CHUNGAR-XRD90USS-003-B
695,20260906,33,258,PERFORISTA,12.0,0.0,20260906-CHUNGAR-XRD90USS-003-A
696,20260906,33,258,PERFORISTA,12.0,0.0,20260906-CHUNGAR-XRD90USS-003-B
697,20260907,33,258,PERFORISTA,12.0,0.0,20260907-CHUNGAR-XRD90USS-003-A
698,20260907,33,258,PERFORISTA,12.0,0.0,20260907-CHUNGAR-XRD90USS-003-B
699,20260908,33,258,PERFORISTA,12.0,0.0,20260908-CHUNGAR-XRD90USS-003-A
700,20260908,33,258,PERFORISTA,12.0,0.0,20260908-CHUNGAR-XRD90USS-003-B
701,20260909,33,258,PERFORISTA,12.0,0.0,20260909-CHUNGAR-XRD90USS-003-A
702,20260909,33,258,PERFORISTA,12.0,0.0,20260909-CHUNGAR-XRD90USS-003-B
703,20260910,33,258,PERFORISTA,12.0,0.0,20260910-CHUNGAR-XRD90USS-003-A
704,20260910,33,258,PERFORISTA,12.0,0.0,20260910-CHUNGAR-XRD90USS-003-B
705,20260911,33,258,PERFORISTA,12.0,0.0,20260911-CHUNGAR-XRD90USS-003-A
706,20260911,33,258,PERFORISTA,12.0,0.0,20260911-CHUNGAR-XRD90USS-003-B
707,20260912,33,258,PERFORISTA,12.0,0.0,20260912-CHUNGAR-XRD90USS-003-A
708,20260912,33,258,PERFORISTA,12.0,0.0,20260912-CHUNGAR-XRD90USS-003-B
709,20260913,33,258,PERFORISTA,12.0,0.0,20260913-CHUNGAR-XRD90USS-003-A
710,20260913,33,258,PERFORISTA,12.0,0.0,20260913-CHUNGAR-XRD90USS-003-B
711,20260914,33,258,PERFORISTA,12.0,0.0,20260914-CHUNGAR-XRD90USS-003-A
712,20260914,33,258,PERFORISTA,12.0,0.0,20260914-CHUNGAR-XRD90USS-003-B
713,20260915,33,258,PERFORISTA,12.0,0.0,20260915-CHUNGAR-XRD90USS-003-A
714,20260915,33,258,PERFORISTA,12.0,0.0,20260915-CHUNGAR-XRD90USS-003-B
715,20260916,33,258,PERFORISTA,12.0,0.0,20260916-CHUNGAR-XRD90USS-003-A
716,20260916,33,258,PERFORISTA,12.0,0.0,20260916-CHUNGAR-XRD90USS-003-B
717,20260917,33,258,PERFORISTA,12.0,0.0,20260917-CHUNGAR-XRD90USS-003-A
718,20260917,33,258,PERFORISTA,12.0,0.0,20260917-CHUNGAR-XRD90USS-003-B
719,20260918,33,258,PERFORISTA,12.0,0.0,20260918-CHUNGAR-XRD90USS-003-A
720,20260918,33,258,PERFORISTA,12.0,0.0,20260918-CHUNGAR-XRD90USS-003-B
721,20260919,33,258,PERFORISTA,12.0,0.0,20260919-CHUNGAR-XRD90USS-003-A
722,20260919,33,258,PERFORISTA,12.0,0.0,20260919-CHUNGAR-XRD90USS-003-B
723,20260920,33,258,PERFORISTA,12.0,0.0,20260920-CHUNGAR-XRD90USS-003-A
724,20260920,33,258,PERFORISTA,12.0,0.0,20260920-CHUNGAR-XRD90USS-003-B
725,20260921,33,258,PERFORISTA,12.0,0.0,20260921-CHUNGAR-XRD90USS-003-A
726,20260921,33,258,PERFORISTA,12.0,0.0,20260921-CHUNGAR-XRD90USS-003-B
727,20260922,33,258,PERFORISTA,12.0,0.0,20260922-CHUNGAR-XRD90USS-003-A
728,20260922,33,258,PERFORISTA,12.0,0.0,20260922-CHUNGAR-XRD90USS-003-B
729,20260923,33,258,PERFORISTA,12.0,0.0,20260923-CHUNGAR-XRD90USS-003-A
730,20260923,33,258,PERFORISTA,12.0,0.0,20260923-CHUNGAR-XRD90USS-003-B
731,20260924,33,258,PERFORISTA,12.0,0.0,20260924-CHUNGAR-XRD90USS-003-A
732,20260924,33,258,PERFORISTA,12.0,0.0,20260924-CHUNGAR-XRD90USS-003-B
733,20260925,33,258,PERFORISTA,12.0,0.0,20260925-CHUNGAR-XRD90USS-003-A
734,20260925,33,258,PERFORISTA,12.0,0.0,20260925-CHUNGAR-XRD90USS-003-B
735,20260826,29,239,PERFORISTA,12.0,0.0,20260826-CHUNGAR-XRD150USS-005-A
736,20260826,29,164,PERFORISTA,12.0,0.0,20260826-CHUNGAR-XRD150USS-005-B
737,20260826,29,143,AYUDANTE DE PERFORACION,12.0,0.0,20260826-CHUNGAR-XRD150USS-005-B
738,20260827,29,393,PERFORISTA,12.0,0.0,20260827-CHUNGAR-XRD150USS-005-A
739,20260827,29,204,AYUDANTE DE PERFORACION,12.0,0.0,20260827-CHUNGAR-XRD150USS-005-A
740,20260827,29,368,AYUDANTE DE PERFORACION,12.0,0.0,20260827-CHUNGAR-XRD150USS-005-A
741,20260827,29,1,PERFORISTA,12.0,0.0,20260827-CHUNGAR-XRD150USS-005-B
742,20260827,29,1,AYUDANTE DE PERFORACION,12.0,0.0,20260827-CHUNGAR-XRD150USS-005-B
743,20260827,29,1,AYUDANTE DE PERFORACION,12.0,0.0,20260827-CHUNGAR-XRD150USS-005-B
744,20260828,29,1,PERFORISTA,12.0,0.0,20260828-CHUNGAR-XRD150USS-005-A
745,20260828,29,1,AYUDANTE DE PERFORACION,12.0,0.0,20260828-CHUNGAR-XRD150USS-005-A
746,20260828,29,1,AYUDANTE DE PERFORACION,12.0,0.0,20260828-CHUNGAR-XRD150USS-005-A
747,20260828,29,393,PERFORISTA,12.0,0.0,20260828-CHUNGAR-XRD150USS-005-B
748,20260828,29,204,AYUDANTE DE PERFORACION,12.0,0.0,20260828-CHUNGAR-XRD150USS-005-B
749,20260828,29,368,AYUDANTE DE PERFORACION,12.0,0.0,20260828-CHUNGAR-XRD150USS-005-B
750,20260829,29,393,PERFORISTA,12.0,0.0,20260829-CHUNGAR-XRD150USS-005-A
751,20260829,29,204,AYUDANTE DE PERFORACION,12.0,0.0,20260829-CHUNGAR-XRD150USS-005-A
752,20260829,29,368,AYUDANTE DE PERFORACION,12.0,0.0,20260829-CHUNGAR-XRD150USS-005-A
753,20260829,29,1,PERFORISTA,12.0,0.0,20260829-CHUNGAR-XRD150USS-005-B
754,20260829,29,1,AYUDANTE DE PERFORACION,12.0,0.0,20260829-CHUNGAR-XRD150USS-005-B
755,20260829,29,1,AYUDANTE DE PERFORACION,12.0,0.0,20260829-CHUNGAR-XRD150USS-005-B
756,20260830,29,393,PERFORISTA,12.0,0.0,20260830-CHUNGAR-XRD150USS-005-A
757,20260830,29,204,AYUDANTE DE PERFORACION,12.0,0.0,20260830-CHUNGAR-XRD150USS-005-A
758,20260830,29,368,AYUDANTE DE PERFORACION,12.0,0.0,20260830-CHUNGAR-XRD150USS-005-A
759,20260830,29,166,PERFORISTA,12.0,0.0,20260830-CHUNGAR-XRD150USS-005-B
760,20260830,29,9,AYUDANTE DE PERFORACION,12.0,0.0,20260830-CHUNGAR-XRD150USS-005-B
761,20260830,29,139,AYUDANTE DE PERFORACION,12.0,0.0,20260830-CHUNGAR-XRD150USS-005-B
762,20260831,29,393,PERFORISTA,12.0,0.0,20260831-CHUNGAR-XRD150USS-005-A
763,20260831,29,204,AYUDANTE DE PERFORACION,12.0,0.0,20260831-CHUNGAR-XRD150USS-005-A
764,20260831,29,368,AYUDANTE DE PERFORACION,12.0,0.0,20260831-CHUNGAR-XRD150USS-005-A
765,20260831,29,1,PERFORISTA,12.0,0.0,20260831-CHUNGAR-XRD150USS-005-B
766,20260831,29,1,AYUDANTE DE PERFORACION,12.0,0.0,20260831-CHUNGAR-XRD150USS-005-B
767,20260831,29,1,AYUDANTE DE PERFORACION,12.0,0.0,20260831-CHUNGAR-XRD150USS-005-B
768,20260901,29,258,PERFORISTA,12.0,0.0,20260901-CHUNGAR-XRD150USS-005-A
769,20260901,29,258,PERFORISTA,12.0,0.0,20260901-CHUNGAR-XRD150USS-005-B
770,20260902,29,258,PERFORISTA,12.0,0.0,20260902-CHUNGAR-XRD150USS-005-A
771,20260902,29,258,PERFORISTA,12.0,0.0,20260902-CHUNGAR-XRD150USS-005-B
772,20260903,29,258,PERFORISTA,12.0,0.0,20260903-CHUNGAR-XRD150USS-005-A
773,20260903,29,258,PERFORISTA,12.0,0.0,20260903-CHUNGAR-XRD150USS-005-B
774,20260904,29,258,PERFORISTA,12.0,0.0,20260904-CHUNGAR-XRD150USS-005-A
775,20260904,29,258,PERFORISTA,12.0,0.0,20260904-CHUNGAR-XRD150USS-005-B
776,20260905,29,258,PERFORISTA,12.0,0.0,20260905-CHUNGAR-XRD150USS-005-A
777,20260905,29,258,PERFORISTA,12.0,0.0,20260905-CHUNGAR-XRD150USS-005-B
778,20260906,29,258,PERFORISTA,12.0,0.0,20260906-CHUNGAR-XRD150USS-005-A
779,20260906,29,258,PERFORISTA,12.0,0.0,20260906-CHUNGAR-XRD150USS-005-B
780,20260907,29,258,PERFORISTA,12.0,0.0,20260907-CHUNGAR-XRD150USS-005-A
781,20260907,29,258,PERFORISTA,12.0,0.0,20260907-CHUNGAR-XRD150USS-005-B
782,20260908,29,258,PERFORISTA,12.0,0.0,20260908-CHUNGAR-XRD150USS-005-A
783,20260908,29,258,PERFORISTA,12.0,0.0,20260908-CHUNGAR-XRD150USS-005-B
784,20260909,29,258,PERFORISTA,12.0,0.0,20260909-CHUNGAR-XRD150USS-005-A
785,20260909,29,258,PERFORISTA,12.0,0.0,20260909-CHUNGAR-XRD150USS-005-B
786,20260910,29,258,PERFORISTA,12.0,0.0,20260910-CHUNGAR-XRD150USS-005-A
787,20260910,29,258,PERFORISTA,12.0,0.0,20260910-CHUNGAR-XRD150USS-005-B
788,20260911,29,258,PERFORISTA,12.0,0.0,20260911-CHUNGAR-XRD150USS-005-A
789,20260911,29,258,PERFORISTA,12.0,0.0,20260911-CHUNGAR-XRD150USS-005-B
790,20260912,29,258,PERFORISTA,12.0,0.0,20260912-CHUNGAR-XRD150USS-005-A
791,20260912,29,258,PERFORISTA,12.0,0.0,20260912-CHUNGAR-XRD150USS-005-B
792,20260913,29,258,PERFORISTA,12.0,0.0,20260913-CHUNGAR-XRD150USS-005-A
793,20260913,29,258,PERFORISTA,12.0,0.0,20260913-CHUNGAR-XRD150USS-005-B
794,20260914,29,258,PERFORISTA,12.0,0.0,20260914-CHUNGAR-XRD150USS-005-A
795,20260914,29,258,PERFORISTA,12.0,0.0,20260914-CHUNGAR-XRD150USS-005-B
796,20260915,29,258,PERFORISTA,12.0,0.0,20260915-CHUNGAR-XRD150USS-005-A
797,20260915,29,258,PERFORISTA,12.0,0.0,20260915-CHUNGAR-XRD150USS-005-B
798,20260916,29,258,PERFORISTA,12.0,0.0,20260916-CHUNGAR-XRD150USS-005-A
799,20260916,29,258,PERFORISTA,12.0,0.0,20260916-CHUNGAR-XRD150USS-005-B
800,20260917,29,258,PERFORISTA,12.0,0.0,20260917-CHUNGAR-XRD150USS-005-A
801,20260917,29,258,PERFORISTA,12.0,0.0,20260917-CHUNGAR-XRD150USS-005-B
802,20260918,29,258,PERFORISTA,12.0,0.0,20260918-CHUNGAR-XRD150USS-005-A
803,20260918,29,258,PERFORISTA,12.0,0.0,20260918-CHUNGAR-XRD150USS-005-B
804,20260919,29,258,PERFORISTA,12.0,0.0,20260919-CHUNGAR-XRD150USS-005-A
805,20260919,29,258,PERFORISTA,12.0,0.0,20260919-CHUNGAR-XRD150USS-005-B
806,20260920,29,258,PERFORISTA,12.0,0.0,20260920-CHUNGAR-XRD150USS-005-A
807,20260920,29,258,PERFORISTA,12.0,0.0,20260920-CHUNGAR-XRD150USS-005-B
808,20260921,29,258,PERFORISTA,12.0,0.0,20260921-CHUNGAR-XRD150USS-005-A
809,20260921,29,258,PERFORISTA,12.0,0.0,20260921-CHUNGAR-XRD150USS-005-B
810,20260922,29,258,PERFORISTA,12.0,0.0,20260922-CHUNGAR-XRD150USS-005-A
811,20260922,29,258,PERFORISTA,12.0,0.0,20260922-CHUNGAR-XRD150USS-005-B
812,20260923,29,258,PERFORISTA,12.0,0.0,20260923-CHUNGAR-XRD150USS-005-A
813,20260923,29,258,PERFORISTA,12.0,0.0,20260923-CHUNGAR-XRD150USS-005-B
814,20260924,29,258,PERFORISTA,12.0,0.0,20260924-CHUNGAR-XRD150USS-005-A
815,20260924,29,258,PERFORISTA,12.0,0.0,20260924-CHUNGAR-XRD150USS-005-B
816,20260925,29,258,PERFORISTA,12.0,0.0,20260925-CHUNGAR-XRD150USS-005-A
817,20260925,29,258,PERFORISTA,12.0,0.0,20260925-CHUNGAR-XRD150USS-005-B
818,20260826,27,65,PERFORISTA,12.0,0.0,20260826-CHUNGAR-XRD120U-001-A
819,20260826,27,248,AYUDANTE DE PERFORACION,12.0,0.0,20260826-CHUNGAR-XRD120U-001-A
820,20260826,27,204,AYUDANTE DE PERFORACION,12.0,0.0,20260826-CHUNGAR-XRD120U-001-A
821,20260826,27,163,PERFORISTA,12.0,0.0,20260826-CHUNGAR-XRD120U-001-B
822,20260826,27,262,AYUDANTE DE PERFORACION,12.0,0.0,20260826-CHUNGAR-XRD120U-001-B
823,20260826,27,220,AYUDANTE DE PERFORACION,12.0,0.0,20260826-CHUNGAR-XRD120U-001-B
824,20260827,27,55,PERFORISTA,12.0,0.0,20260827-CHUNGAR-XRD120U-001-A
825,20260827,27,315,AYUDANTE DE PERFORACION,12.0,0.0,20260827-CHUNGAR-XRD120U-001-A
826,20260827,27,202,AYUDANTE DE PERFORACION,12.0,0.0,20260827-CHUNGAR-XRD120U-001-A
827,20260827,27,65,PERFORISTA,12.0,0.0,20260827-CHUNGAR-XRD120U-001-B
828,20260827,27,248,AYUDANTE DE PERFORACION,12.0,0.0,20260827-CHUNGAR-XRD120U-001-B
829,20260827,27,142,AYUDANTE DE PERFORACION,12.0,0.0,20260827-CHUNGAR-XRD120U-001-B
830,20260828,27,55,PERFORISTA,12.0,0.0,20260828-CHUNGAR-XRD120U-001-A
831,20260828,27,315,AYUDANTE DE PERFORACION,12.0,0.0,20260828-CHUNGAR-XRD120U-001-A
832,20260828,27,202,AYUDANTE DE PERFORACION,12.0,0.0,20260828-CHUNGAR-XRD120U-001-A
833,20260828,27,65,PERFORISTA,12.0,0.0,20260828-CHUNGAR-XRD120U-001-B
834,20260828,27,248,AYUDANTE DE PERFORACION,12.0,0.0,20260828-CHUNGAR-XRD120U-001-B
835,20260828,27,142,AYUDANTE DE PERFORACION,12.0,0.0,20260828-CHUNGAR-XRD120U-001-B
836,20260829,27,55,PERFORISTA,12.0,0.0,20260829-CHUNGAR-XRD120U-001-A
837,20260829,27,315,AYUDANTE DE PERFORACION,12.0,0.0,20260829-CHUNGAR-XRD120U-001-A
838,20260829,27,202,AYUDANTE DE PERFORACION,12.0,0.0,20260829-CHUNGAR-XRD120U-001-A
839,20260829,27,65,PERFORISTA,12.0,0.0,20260829-CHUNGAR-XRD120U-001-B
840,20260829,27,248,AYUDANTE DE PERFORACION,12.0,0.0,20260829-CHUNGAR-XRD120U-001-B
841,20260829,27,142,AYUDANTE DE PERFORACION,12.0,0.0,20260829-CHUNGAR-XRD120U-001-B
842,20260830,27,55,PERFORISTA,12.0,0.0,20260830-CHUNGAR-XRD120U-001-A
843,20260830,27,315,AYUDANTE DE PERFORACION,12.0,0.0,20260830-CHUNGAR-XRD120U-001-A
844,20260830,27,202,AYUDANTE DE PERFORACION,12.0,0.0,20260830-CHUNGAR-XRD120U-001-A
845,20260830,27,65,PERFORISTA,12.0,0.0,20260830-CHUNGAR-XRD120U-001-B
846,20260830,27,248,AYUDANTE DE PERFORACION,12.0,0.0,20260830-CHUNGAR-XRD120U-001-B
847,20260830,27,204,AYUDANTE DE PERFORACION,12.0,0.0,20260830-CHUNGAR-XRD120U-001-B
848,20260831,27,55,PERFORISTA,12.0,0.0,20260831-CHUNGAR-XRD120U-001-A
849,20260831,27,315,AYUDANTE DE PERFORACION,12.0,0.0,20260831-CHUNGAR-XRD120U-001-A
850,20260831,27,202,AYUDANTE DE PERFORACION,12.0,0.0,20260831-CHUNGAR-XRD120U-001-A
851,20260831,27,65,PERFORISTA,12.0,0.0,20260831-CHUNGAR-XRD120U-001-B
852,20260831,27,248,AYUDANTE DE PERFORACION,12.0,0.0,20260831-CHUNGAR-XRD120U-001-B
853,20260831,27,204,AYUDANTE DE PERFORACION,12.0,0.0,20260831-CHUNGAR-XRD120U-001-B
854,20260901,27,258,PERFORISTA,12.0,0.0,20260901-CHUNGAR-XRD120U-001-A
855,20260901,27,258,PERFORISTA,12.0,0.0,20260901-CHUNGAR-XRD120U-001-B
856,20260902,27,258,PERFORISTA,12.0,0.0,20260902-CHUNGAR-XRD120U-001-A
857,20260902,27,258,PERFORISTA,12.0,0.0,20260902-CHUNGAR-XRD120U-001-B
858,20260903,27,258,PERFORISTA,12.0,0.0,20260903-CHUNGAR-XRD120U-001-A
859,20260903,27,258,PERFORISTA,12.0,0.0,20260903-CHUNGAR-XRD120U-001-B
860,20260904,27,258,PERFORISTA,12.0,0.0,20260904-CHUNGAR-XRD120U-001-A
861,20260904,27,258,PERFORISTA,12.0,0.0,20260904-CHUNGAR-XRD120U-001-B
862,20260905,27,258,PERFORISTA,12.0,0.0,20260905-CHUNGAR-XRD120U-001-A
863,20260905,27,258,PERFORISTA,12.0,0.0,20260905-CHUNGAR-XRD120U-001-B
864,20260906,27,258,PERFORISTA,12.0,0.0,20260906-CHUNGAR-XRD120U-001-A
865,20260906,27,258,PERFORISTA,12.0,0.0,20260906-CHUNGAR-XRD120U-001-B
866,20260907,27,258,PERFORISTA,12.0,0.0,20260907-CHUNGAR-XRD120U-001-A
867,20260907,27,258,PERFORISTA,12.0,0.0,20260907-CHUNGAR-XRD120U-001-B
868,20260908,27,258,PERFORISTA,12.0,0.0,20260908-CHUNGAR-XRD120U-001-A
869,20260908,27,258,PERFORISTA,12.0,0.0,20260908-CHUNGAR-XRD120U-001-B
870,20260909,27,258,PERFORISTA,12.0,0.0,20260909-CHUNGAR-XRD120U-001-A
871,20260909,27,258,PERFORISTA,12.0,0.0,20260909-CHUNGAR-XRD120U-001-B
872,20260910,27,258,PERFORISTA,12.0,0.0,20260910-CHUNGAR-XRD120U-001-A
873,20260910,27,258,PERFORISTA,12.0,0.0,20260910-CHUNGAR-XRD120U-001-B
874,20260911,27,258,PERFORISTA,12.0,0.0,20260911-CHUNGAR-XRD120U-001-A
875,20260911,27,258,PERFORISTA,12.0,0.0,20260911-CHUNGAR-XRD120U-001-B
876,20260912,27,258,PERFORISTA,12.0,0.0,20260912-CHUNGAR-XRD120U-001-A
877,20260912,27,258,PERFORISTA,12.0,0.0,20260912-CHUNGAR-XRD120U-001-B
878,20260913,27,258,PERFORISTA,12.0,0.0,20260913-CHUNGAR-XRD120U-001-A
879,20260913,27,258,PERFORISTA,12.0,0.0,20260913-CHUNGAR-XRD120U-001-B
880,20260914,27,258,PERFORISTA,12.0,0.0,20260914-CHUNGAR-XRD120U-001-A
881,20260914,27,258,PERFORISTA,12.0,0.0,20260914-CHUNGAR-XRD120U-001-B
882,20260915,27,258,PERFORISTA,12.0,0.0,20260915-CHUNGAR-XRD120U-001-A
883,20260915,27,258,PERFORISTA,12.0,0.0,20260915-CHUNGAR-XRD120U-001-B
884,20260916,27,258,PERFORISTA,12.0,0.0,20260916-CHUNGAR-XRD120U-001-A
885,20260916,27,258,PERFORISTA,12.0,0.0,20260916-CHUNGAR-XRD120U-001-B
886,20260917,27,258,PERFORISTA,12.0,0.0,20260917-CHUNGAR-XRD120U-001-A
887,20260917,27,258,PERFORISTA,12.0,0.0,20260917-CHUNGAR-XRD120U-001-B
888,20260918,27,258,PERFORISTA,12.0,0.0,20260918-CHUNGAR-XRD120U-001-A
889,20260918,27,258,PERFORISTA,12.0,0.0,20260918-CHUNGAR-XRD120U-001-B
890,20260919,27,258,PERFORISTA,12.0,0.0,20260919-CHUNGAR-XRD120U-001-A
891,20260919,27,258,PERFORISTA,12.0,0.0,20260919-CHUNGAR-XRD120U-001-B
892,20260920,27,258,PERFORISTA,12.0,0.0,20260920-CHUNGAR-XRD120U-001-A
893,20260920,27,258,PERFORISTA,12.0,0.0,20260920-CHUNGAR-XRD120U-001-B
894,20260921,27,258,PERFORISTA,12.0,0.0,20260921-CHUNGAR-XRD120U-001-A
895,20260921,27,258,PERFORISTA,12.0,0.0,20260921-CHUNGAR-XRD120U-001-B
896,20260922,27,258,PERFORISTA,12.0,0.0,20260922-CHUNGAR-XRD120U-001-A
897,20260922,27,258,PERFORISTA,12.0,0.0,20260922-CHUNGAR-XRD120U-001-B
898,20260923,27,258,PERFORISTA,12.0,0.0,20260923-CHUNGAR-XRD120U-001-A
899,20260923,27,258,PERFORISTA,12.0,0.0,20260923-CHUNGAR-XRD120U-001-B
900,20260924,27,258,PERFORISTA,12.0,0.0,20260924-CHUNGAR-XRD120U-001-A
901,20260924,27,258,PERFORISTA,12.0,0.0,20260924-CHUNGAR-XRD120U-001-B
902,20260925,27,258,PERFORISTA,12.0,0.0,20260925-CHUNGAR-XRD120U-001-A
903,20260925,27,258,PERFORISTA,12.0,0.0,20260925-CHUNGAR-XRD120U-001-B
904,20260826,25,317,PERFORISTA,12.0,0.0,20260826-CHUNGAR-LM110U-001-A
905,20260826,25,232,AYUDANTE DE PERFORACION,12.0,0.0,20260826-CHUNGAR-LM110U-001-A
906,20260826,25,162,AYUDANTE DE PERFORACION,12.0,0.0,20260826-CHUNGAR-LM110U-001-A
907,20260826,25,411,PERFORISTA,12.0,0.0,20260826-CHUNGAR-LM110U-001-B
908,20260826,25,357,AYUDANTE DE PERFORACION,12.0,0.0,20260826-CHUNGAR-LM110U-001-B
909,20260826,25,100,AYUDANTE DE PERFORACION,12.0,0.0,20260826-CHUNGAR-LM110U-001-B
910,20260827,25,270,PERFORISTA,12.0,0.0,20260827-CHUNGAR-LM110U-001-A
911,20260827,25,221,AYUDANTE DE PERFORACION,12.0,0.0,20260827-CHUNGAR-LM110U-001-A
912,20260827,25,6,AYUDANTE DE PERFORACION,12.0,0.0,20260827-CHUNGAR-LM110U-001-A
913,20260827,25,317,PERFORISTA,12.0,0.0,20260827-CHUNGAR-LM110U-001-B
914,20260827,25,232,AYUDANTE DE PERFORACION,12.0,0.0,20260827-CHUNGAR-LM110U-001-B
915,20260827,25,162,AYUDANTE DE PERFORACION,12.0,0.0,20260827-CHUNGAR-LM110U-001-B
916,20260828,25,270,PERFORISTA,12.0,0.0,20260828-CHUNGAR-LM110U-001-A
917,20260828,25,221,AYUDANTE DE PERFORACION,12.0,0.0,20260828-CHUNGAR-LM110U-001-A
918,20260828,25,6,AYUDANTE DE PERFORACION,12.0,0.0,20260828-CHUNGAR-LM110U-001-A
919,20260828,25,317,PERFORISTA,12.0,0.0,20260828-CHUNGAR-LM110U-001-B
920,20260828,25,232,AYUDANTE DE PERFORACION,12.0,0.0,20260828-CHUNGAR-LM110U-001-B
921,20260828,25,162,AYUDANTE DE PERFORACION,12.0,0.0,20260828-CHUNGAR-LM110U-001-B
922,20260829,25,270,PERFORISTA,12.0,1.0,20260829-CHUNGAR-LM110U-001-A
923,20260829,25,221,AYUDANTE DE PERFORACION,12.0,1.0,20260829-CHUNGAR-LM110U-001-A
924,20260829,25,6,AYUDANTE DE PERFORACION,12.0,1.0,20260829-CHUNGAR-LM110U-001-A
925,20260829,25,317,PERFORISTA,12.0,1.0,20260829-CHUNGAR-LM110U-001-B
926,20260829,25,232,AYUDANTE DE PERFORACION,12.0,1.0,20260829-CHUNGAR-LM110U-001-B
927,20260829,25,162,AYUDANTE DE PERFORACION,12.0,1.0,20260829-CHUNGAR-LM110U-001-B
928,20260830,25,270,PERFORISTA,12.0,0.0,20260830-CHUNGAR-LM110U-001-A
929,20260830,25,221,AYUDANTE DE PERFORACION,12.0,0.0,20260830-CHUNGAR-LM110U-001-A
930,20260830,25,6,AYUDANTE DE PERFORACION,12.0,0.0,20260830-CHUNGAR-LM110U-001-A
931,20260830,25,317,PERFORISTA,12.0,1.0,20260830-CHUNGAR-LM110U-001-B
932,20260830,25,232,AYUDANTE DE PERFORACION,12.0,1.0,20260830-CHUNGAR-LM110U-001-B
933,20260830,25,162,AYUDANTE DE PERFORACION,12.0,1.0,20260830-CHUNGAR-LM110U-001-B
934,20260831,25,270,PERFORISTA,12.0,0.0,20260831-CHUNGAR-LM110U-001-A
935,20260831,25,221,AYUDANTE DE PERFORACION,12.0,0.0,20260831-CHUNGAR-LM110U-001-A
936,20260831,25,6,AYUDANTE DE PERFORACION,12.0,0.0,20260831-CHUNGAR-LM110U-001-A
937,20260831,25,317,PERFORISTA,12.0,0.0,20260831-CHUNGAR-LM110U-001-B
938,20260831,25,232,AYUDANTE DE PERFORACION,12.0,0.0,20260831-CHUNGAR-LM110U-001-B
939,20260831,25,162,AYUDANTE DE PERFORACION,12.0,0.0,20260831-CHUNGAR-LM110U-001-B
940,20260901,25,258,PERFORISTA,12.0,0.0,20260901-CHUNGAR-LM110U-001-A
941,20260901,25,258,PERFORISTA,12.0,0.0,20260901-CHUNGAR-LM110U-001-B
942,20260902,25,258,PERFORISTA,12.0,0.0,20260902-CHUNGAR-LM110U-001-A
943,20260902,25,258,PERFORISTA,12.0,0.0,20260902-CHUNGAR-LM110U-001-B
944,20260903,25,258,PERFORISTA,12.0,0.0,20260903-CHUNGAR-LM110U-001-A
945,20260903,25,258,PERFORISTA,12.0,0.0,20260903-CHUNGAR-LM110U-001-B
946,20260904,25,258,PERFORISTA,12.0,0.0,20260904-CHUNGAR-LM110U-001-A
947,20260904,25,258,PERFORISTA,12.0,0.0,20260904-CHUNGAR-LM110U-001-B
948,20260905,25,258,PERFORISTA,12.0,0.0,20260905-CHUNGAR-LM110U-001-A
949,20260905,25,258,PERFORISTA,12.0,0.0,20260905-CHUNGAR-LM110U-001-B
950,20260906,25,258,PERFORISTA,12.0,0.0,20260906-CHUNGAR-LM110U-001-A
951,20260906,25,258,PERFORISTA,12.0,0.0,20260906-CHUNGAR-LM110U-001-B
952,20260907,25,258,PERFORISTA,12.0,0.0,20260907-CHUNGAR-LM110U-001-A
953,20260907,25,258,PERFORISTA,12.0,0.0,20260907-CHUNGAR-LM110U-001-B
954,20260908,25,258,PERFORISTA,12.0,0.0,20260908-CHUNGAR-LM110U-001-A
955,20260908,25,258,PERFORISTA,12.0,0.0,20260908-CHUNGAR-LM110U-001-B
956,20260909,25,258,PERFORISTA,12.0,0.0,20260909-CHUNGAR-LM110U-001-A
957,20260909,25,258,PERFORISTA,12.0,0.0,20260909-CHUNGAR-LM110U-001-B
958,20260910,25,258,PERFORISTA,12.0,0.0,20260910-CHUNGAR-LM110U-001-A
959,20260910,25,258,PERFORISTA,12.0,0.0,20260910-CHUNGAR-LM110U-001-B
960,20260911,25,258,PERFORISTA,12.0,0.0,20260911-CHUNGAR-LM110U-001-A
961,20260911,25,258,PERFORISTA,12.0,0.0,20260911-CHUNGAR-LM110U-001-B
962,20260912,25,258,PERFORISTA,12.0,0.0,20260912-CHUNGAR-LM110U-001-A
963,20260912,25,258,PERFORISTA,12.0,0.0,20260912-CHUNGAR-LM110U-001-B
964,20260913,25,258,PERFORISTA,12.0,0.0,20260913-CHUNGAR-LM110U-001-A
965,20260913,25,258,PERFORISTA,12.0,0.0,20260913-CHUNGAR-LM110U-001-B
966,20260914,25,258,PERFORISTA,12.0,0.0,20260914-CHUNGAR-LM110U-001-A
967,20260914,25,258,PERFORISTA,12.0,0.0,20260914-CHUNGAR-LM110U-001-B
968,20260915,25,258,PERFORISTA,12.0,0.0,20260915-CHUNGAR-LM110U-001-A
969,20260915,25,258,PERFORISTA,12.0,0.0,20260915-CHUNGAR-LM110U-001-B
970,20260916,25,258,PERFORISTA,12.0,0.0,20260916-CHUNGAR-LM110U-001-A
971,20260916,25,258,PERFORISTA,12.0,0.0,20260916-CHUNGAR-LM110U-001-B
972,20260917,25,258,PERFORISTA,12.0,0.0,20260917-CHUNGAR-LM110U-001-A
973,20260917,25,258,PERFORISTA,12.0,0.0,20260917-CHUNGAR-LM110U-001-B
974,20260918,25,258,PERFORISTA,12.0,0.0,20260918-CHUNGAR-LM110U-001-A
975,20260918,25,258,PERFORISTA,12.0,0.0,20260918-CHUNGAR-LM110U-001-B
976,20260919,25,258,PERFORISTA,12.0,0.0,20260919-CHUNGAR-LM110U-001-A
977,20260919,25,258,PERFORISTA,12.0,0.0,20260919-CHUNGAR-LM110U-001-B
978,20260920,25,258,PERFORISTA,12.0,0.0,20260920-CHUNGAR-LM110U-001-A
979,20260920,25,258,PERFORISTA,12.0,0.0,20260920-CHUNGAR-LM110U-001-B
980,20260921,25,258,PERFORISTA,12.0,0.0,20260921-CHUNGAR-LM110U-001-A
981,20260921,25,258,PERFORISTA,12.0,0.0,20260921-CHUNGAR-LM110U-001-B
982,20260922,25,258,PERFORISTA,12.0,0.0,20260922-CHUNGAR-LM110U-001-A
983,20260922,25,258,PERFORISTA,12.0,0.0,20260922-CHUNGAR-LM110U-001-B
984,20260923,25,258,PERFORISTA,12.0,0.0,20260923-CHUNGAR-LM110U-001-A
985,20260923,25,258,PERFORISTA,12.0,0.0,20260923-CHUNGAR-LM110U-001-B
986,20260924,25,258,PERFORISTA,12.0,0.0,20260924-CHUNGAR-LM110U-001-A
987,20260924,25,258,PERFORISTA,12.0,0.0,20260924-CHUNGAR-LM110U-001-B
988,20260925,25,258,PERFORISTA,12.0,0.0,20260925-CHUNGAR-LM110U-001-A
989,20260925,25,258,PERFORISTA,12.0,0.0,20260925-CHUNGAR-LM110U-001-B
990,20260826,30,258,PERFORISTA,12.0,0.0,20260826-CHUNGAR-XRD250U-A
991,20260826,30,258,PERFORISTA,12.0,0.0,20260826-CHUNGAR-XRD250U-B
992,20260827,30,258,PERFORISTA,12.0,0.0,20260827-CHUNGAR-XRD250U-A
993,20260827,30,258,PERFORISTA,12.0,0.0,20260827-CHUNGAR-XRD250U-B
994,20260828,30,258,PERFORISTA,12.0,0.0,20260828-CHUNGAR-XRD250U-A
995,20260828,30,258,PERFORISTA,12.0,0.0,20260828-CHUNGAR-XRD250U-B
996,20260829,30,258,PERFORISTA,12.0,0.0,20260829-CHUNGAR-XRD250U-A
997,20260829,30,258,PERFORISTA,12.0,0.0,20260829-CHUNGAR-XRD250U-B
998,20260830,30,258,PERFORISTA,12.0,0.0,20260830-CHUNGAR-XRD250U-A
999,20260830,30,258,PERFORISTA,12.0,0.0,20260830-CHUNGAR-XRD250U-B
1000,20260831,30,258,PERFORISTA,12.0,0.0,20260831-CHUNGAR-XRD250U-A
1001,20260831,30,258,PERFORISTA,12.0,0.0,20260831-CHUNGAR-XRD250U-B
1002,20260901,30,258,PERFORISTA,12.0,0.0,20260901-CHUNGAR-XRD250U-A
1003,20260901,30,258,PERFORISTA,12.0,0.0,20260901-CHUNGAR-XRD250U-B
1004,20260902,30,258,PERFORISTA,12.0,0.0,20260902-CHUNGAR-XRD250U-A
1005,20260902,30,258,PERFORISTA,12.0,0.0,20260902-CHUNGAR-XRD250U-B
1006,20260903,30,258,PERFORISTA,12.0,0.0,20260903-CHUNGAR-XRD250U-A
1007,20260903,30,258,PERFORISTA,12.0,0.0,20260903-CHUNGAR-XRD250U-B
1008,20260904,30,258,PERFORISTA,12.0,0.0,20260904-CHUNGAR-XRD250U-A
1009,20260904,30,258,PERFORISTA,12.0,0.0,20260904-CHUNGAR-XRD250U-B
1010,20260905,30,258,PERFORISTA,12.0,0.0,20260905-CHUNGAR-XRD250U-A
1011,20260905,30,258,PERFORISTA,12.0,0.0,20260905-CHUNGAR-XRD250U-B
1012,20260906,30,258,PERFORISTA,12.0,0.0,20260906-CHUNGAR-XRD250U-A
1013,20260906,30,258,PERFORISTA,12.0,0.0,20260906-CHUNGAR-XRD250U-B
1014,20260907,30,258,PERFORISTA,12.0,0.0,20260907-CHUNGAR-XRD250U-A
1015,20260907,30,258,PERFORISTA,12.0,0.0,20260907-CHUNGAR-XRD250U-B
1016,20260908,30,258,PERFORISTA,12.0,0.0,20260908-CHUNGAR-XRD250U-A
1017,20260908,30,258,PERFORISTA,12.0,0.0,20260908-CHUNGAR-XRD250U-B
1018,20260909,30,258,PERFORISTA,12.0,0.0,20260909-CHUNGAR-XRD250U-A
1019,20260909,30,258,PERFORISTA,12.0,0.0,20260909-CHUNGAR-XRD250U-B
1020,20260910,30,258,PERFORISTA,12.0,0.0,20260910-CHUNGAR-XRD250U-A
1021,20260910,30,258,PERFORISTA,12.0,0.0,20260910-CHUNGAR-XRD250U-B
1022,20260911,30,258,PERFORISTA,12.0,0.0,20260911-CHUNGAR-XRD250U-A
1023,20260911,30,258,PERFORISTA,12.0,0.0,20260911-CHUNGAR-XRD250U-B
1024,20260912,30,258,PERFORISTA,12.0,0.0,20260912-CHUNGAR-XRD250U-A
1025,20260912,30,258,PERFORISTA,12.0,0.0,20260912-CHUNGAR-XRD250U-B
1026,20260913,30,258,PERFORISTA,12.0,0.0,20260913-CHUNGAR-XRD250U-A
1027,20260913,30,258,PERFORISTA,12.0,0.0,20260913-CHUNGAR-XRD250U-B
1028,20260914,30,258,PERFORISTA,12.0,0.0,20260914-CHUNGAR-XRD250U-A
1029,20260914,30,258,PERFORISTA,12.0,0.0,20260914-CHUNGAR-XRD250U-B
1030,20260915,30,258,PERFORISTA,12.0,0.0,20260915-CHUNGAR-XRD250U-A
1031,20260915,30,258,PERFORISTA,12.0,0.0,20260915-CHUNGAR-XRD250U-B
1032,20260916,30,258,PERFORISTA,12.0,0.0,20260916-CHUNGAR-XRD250U-A
1033,20260916,30,258,PERFORISTA,12.0,0.0,20260916-CHUNGAR-XRD250U-B
1034,20260917,30,258,PERFORISTA,12.0,0.0,20260917-CHUNGAR-XRD250U-A
1035,20260917,30,258,PERFORISTA,12.0,0.0,20260917-CHUNGAR-XRD250U-B
1036,20260918,30,258,PERFORISTA,12.0,0.0,20260918-CHUNGAR-XRD250U-A
1037,20260918,30,258,PERFORISTA,12.0,0.0,20260918-CHUNGAR-XRD250U-B
1038,20260919,30,258,PERFORISTA,12.0,0.0,20260919-CHUNGAR-XRD250U-A
1039,20260919,30,258,PERFORISTA,12.0,0.0,20260919-CHUNGAR-XRD250U-B
1040,20260920,30,258,PERFORISTA,12.0,0.0,20260920-CHUNGAR-XRD250U-A
1041,20260920,30,258,PERFORISTA,12.0,0.0,20260920-CHUNGAR-XRD250U-B
1042,20260921,30,258,PERFORISTA,12.0,0.0,20260921-CHUNGAR-XRD250U-A
1043,20260921,30,258,PERFORISTA,12.0,0.0,20260921-CHUNGAR-XRD250U-B
1044,20260922,30,258,PERFORISTA,12.0,0.0,20260922-CHUNGAR-XRD250U-A
1045,20260922,30,258,PERFORISTA,12.0,0.0,20260922-CHUNGAR-XRD250U-B
1046,20260923,30,258,PERFORISTA,12.0,0.0,20260923-CHUNGAR-XRD250U-A
1047,20260923,30,258,PERFORISTA,12.0,0.0,20260923-CHUNGAR-XRD250U-B
1048,20260924,30,258,PERFORISTA,12.0,0.0,20260924-CHUNGAR-XRD250U-A
1049,20260924,30,258,PERFORISTA,12.0,0.0,20260924-CHUNGAR-XRD250U-B
1050,20260925,30,258,PERFORISTA,12.0,0.0,20260925-CHUNGAR-XRD250U-A
1051,20260925,30,258,PERFORISTA,12.0,0.0,20260925-CHUNGAR-XRD250U-B
1052,20260826,44,280,PERFORISTA,12.0,0.0,20260826-COLQUISIRI-XRD80USS-012-A
1053,20260826,44,203,AYUDANTE DE PERFORACION,12.0,0.0,20260826-COLQUISIRI-XRD80USS-012-A
1054,20260826,44,1,AYUDANTE DE PERFORACION,12.0,0.0,20260826-COLQUISIRI-XRD80USS-012-A
1055,20260826,44,399,PERFORISTA,12.0,1.0,20260826-COLQUISIRI-XRD80USS-012-B
1056,20260826,44,107,AYUDANTE DE PERFORACION,12.0,1.0,20260826-COLQUISIRI-XRD80USS-012-B
1057,20260826,44,188,AYUDANTE DE PERFORACION,12.0,1.0,20260826-COLQUISIRI-XRD80USS-012-B
1058,20260827,44,120,PERFORISTA,12.0,0.0,20260827-COLQUISIRI-XRD80USS-012-A
1059,20260827,44,83,AYUDANTE DE PERFORACION,12.0,0.0,20260827-COLQUISIRI-XRD80USS-012-A
1060,20260827,44,188,AYUDANTE DE PERFORACION,12.0,0.0,20260827-COLQUISIRI-XRD80USS-012-A
1061,20260827,44,280,PERFORISTA,12.0,0.0,20260827-COLQUISIRI-XRD80USS-012-B
1062,20260827,44,203,AYUDANTE DE PERFORACION,12.0,0.0,20260827-COLQUISIRI-XRD80USS-012-B
1063,20260827,44,1,AYUDANTE DE PERFORACION,12.0,0.0,20260827-COLQUISIRI-XRD80USS-012-B
1064,20260828,44,120,PERFORISTA,12.0,0.0,20260828-COLQUISIRI-XRD80USS-012-A
1065,20260828,44,83,AYUDANTE DE PERFORACION,12.0,0.0,20260828-COLQUISIRI-XRD80USS-012-A
1066,20260828,44,280,PERFORISTA,12.0,0.0,20260828-COLQUISIRI-XRD80USS-012-B
1067,20260828,44,203,AYUDANTE DE PERFORACION,12.0,0.0,20260828-COLQUISIRI-XRD80USS-012-B
1068,20260828,44,1,AYUDANTE DE PERFORACION,12.0,0.0,20260828-COLQUISIRI-XRD80USS-012-B
1069,20260829,44,120,PERFORISTA,12.0,1.0,20260829-COLQUISIRI-XRD80USS-012-A
1070,20260829,44,83,AYUDANTE DE PERFORACION,12.0,1.0,20260829-COLQUISIRI-XRD80USS-012-A
1071,20260829,44,280,PERFORISTA,12.0,0.0,20260829-COLQUISIRI-XRD80USS-012-B
1072,20260829,44,203,AYUDANTE DE PERFORACION,12.0,0.0,20260829-COLQUISIRI-XRD80USS-012-B
1073,20260829,44,1,AYUDANTE DE PERFORACION,12.0,0.0,20260829-COLQUISIRI-XRD80USS-012-B
1074,20260830,44,120,PERFORISTA,12.0,1.0,20260830-COLQUISIRI-XRD80USS-012-A
1075,20260830,44,83,AYUDANTE DE PERFORACION,12.0,1.0,20260830-COLQUISIRI-XRD80USS-012-A
1076,20260830,44,280,PERFORISTA,12.0,0.0,20260830-COLQUISIRI-XRD80USS-012-B
1077,20260830,44,203,AYUDANTE DE PERFORACION,12.0,0.0,20260830-COLQUISIRI-XRD80USS-012-B
1078,20260830,44,1,AYUDANTE DE PERFORACION,12.0,0.0,20260830-COLQUISIRI-XRD80USS-012-B
1079,20260831,44,120,PERFORISTA,12.0,0.0,20260831-COLQUISIRI-XRD80USS-012-A
1080,20260831,44,83,AYUDANTE DE PERFORACION,12.0,0.0,20260831-COLQUISIRI-XRD80USS-012-A
1081,20260831,44,280,PERFORISTA,12.0,0.0,20260831-COLQUISIRI-XRD80USS-012-B
1082,20260831,44,203,AYUDANTE DE PERFORACION,12.0,0.0,20260831-COLQUISIRI-XRD80USS-012-B
1083,20260831,44,1,AYUDANTE DE PERFORACION,12.0,0.0,20260831-COLQUISIRI-XRD80USS-012-B
1084,20260901,44,258,PERFORISTA,12.0,0.0,20260901-COLQUISIRI-XRD80USS-012-A
1085,20260901,44,258,PERFORISTA,12.0,0.0,20260901-COLQUISIRI-XRD80USS-012-B
1086,20260902,44,258,PERFORISTA,12.0,0.0,20260902-COLQUISIRI-XRD80USS-012-A
1087,20260902,44,258,PERFORISTA,12.0,0.0,20260902-COLQUISIRI-XRD80USS-012-B
1088,20260903,44,258,PERFORISTA,12.0,0.0,20260903-COLQUISIRI-XRD80USS-012-A
1089,20260903,44,258,PERFORISTA,12.0,0.0,20260903-COLQUISIRI-XRD80USS-012-B
1090,20260904,44,258,PERFORISTA,12.0,0.0,20260904-COLQUISIRI-XRD80USS-012-A
1091,20260904,44,258,PERFORISTA,12.0,0.0,20260904-COLQUISIRI-XRD80USS-012-B
1092,20260905,44,258,PERFORISTA,12.0,0.0,20260905-COLQUISIRI-XRD80USS-012-A
1093,20260905,44,258,PERFORISTA,12.0,0.0,20260905-COLQUISIRI-XRD80USS-012-B
1094,20260906,44,258,PERFORISTA,12.0,0.0,20260906-COLQUISIRI-XRD80USS-012-A
1095,20260906,44,258,PERFORISTA,12.0,0.0,20260906-COLQUISIRI-XRD80USS-012-B
1096,20260907,44,258,PERFORISTA,12.0,0.0,20260907-COLQUISIRI-XRD80USS-012-A
1097,20260907,44,258,PERFORISTA,12.0,0.0,20260907-COLQUISIRI-XRD80USS-012-B
1098,20260908,44,258,PERFORISTA,12.0,0.0,20260908-COLQUISIRI-XRD80USS-012-A
1099,20260908,44,258,PERFORISTA,12.0,0.0,20260908-COLQUISIRI-XRD80USS-012-B
1100,20260909,44,258,PERFORISTA,12.0,0.0,20260909-COLQUISIRI-XRD80USS-012-A
1101,20260909,44,258,PERFORISTA,12.0,0.0,20260909-COLQUISIRI-XRD80USS-012-B
1102,20260910,44,258,PERFORISTA,12.0,0.0,20260910-COLQUISIRI-XRD80USS-012-A
1103,20260910,44,258,PERFORISTA,12.0,0.0,20260910-COLQUISIRI-XRD80USS-012-B
1104,20260911,44,258,PERFORISTA,12.0,0.0,20260911-COLQUISIRI-XRD80USS-012-A
1105,20260911,44,258,PERFORISTA,12.0,0.0,20260911-COLQUISIRI-XRD80USS-012-B
1106,20260912,44,258,PERFORISTA,12.0,0.0,20260912-COLQUISIRI-XRD80USS-012-A
1107,20260912,44,258,PERFORISTA,12.0,0.0,20260912-COLQUISIRI-XRD80USS-012-B
1108,20260913,44,258,PERFORISTA,12.0,0.0,20260913-COLQUISIRI-XRD80USS-012-A
1109,20260913,44,258,PERFORISTA,12.0,0.0,20260913-COLQUISIRI-XRD80USS-012-B
1110,20260914,44,258,PERFORISTA,12.0,0.0,20260914-COLQUISIRI-XRD80USS-012-A
1111,20260914,44,258,PERFORISTA,12.0,0.0,20260914-COLQUISIRI-XRD80USS-012-B
1112,20260915,44,258,PERFORISTA,12.0,0.0,20260915-COLQUISIRI-XRD80USS-012-A
1113,20260915,44,258,PERFORISTA,12.0,0.0,20260915-COLQUISIRI-XRD80USS-012-B
1114,20260916,44,258,PERFORISTA,12.0,0.0,20260916-COLQUISIRI-XRD80USS-012-A
1115,20260916,44,258,PERFORISTA,12.0,0.0,20260916-COLQUISIRI-XRD80USS-012-B
1116,20260917,44,258,PERFORISTA,12.0,0.0,20260917-COLQUISIRI-XRD80USS-012-A
1117,20260917,44,258,PERFORISTA,12.0,0.0,20260917-COLQUISIRI-XRD80USS-012-B
1118,20260918,44,258,PERFORISTA,12.0,0.0,20260918-COLQUISIRI-XRD80USS-012-A
1119,20260918,44,258,PERFORISTA,12.0,0.0,20260918-COLQUISIRI-XRD80USS-012-B
1120,20260919,44,258,PERFORISTA,12.0,0.0,20260919-COLQUISIRI-XRD80USS-012-A
1121,20260919,44,258,PERFORISTA,12.0,0.0,20260919-COLQUISIRI-XRD80USS-012-B
1122,20260920,44,258,PERFORISTA,12.0,0.0,20260920-COLQUISIRI-XRD80USS-012-A
1123,20260920,44,258,PERFORISTA,12.0,0.0,20260920-COLQUISIRI-XRD80USS-012-B
1124,20260921,44,258,PERFORISTA,12.0,0.0,20260921-COLQUISIRI-XRD80USS-012-A
1125,20260921,44,258,PERFORISTA,12.0,0.0,20260921-COLQUISIRI-XRD80USS-012-B
1126,20260922,44,258,PERFORISTA,12.0,0.0,20260922-COLQUISIRI-XRD80USS-012-A
1127,20260922,44,258,PERFORISTA,12.0,0.0,20260922-COLQUISIRI-XRD80USS-012-B
1128,20260923,44,258,PERFORISTA,12.0,0.0,20260923-COLQUISIRI-XRD80USS-012-A
1129,20260923,44,258,PERFORISTA,12.0,0.0,20260923-COLQUISIRI-XRD80USS-012-B
1130,20260924,44,258,PERFORISTA,12.0,0.0,20260924-COLQUISIRI-XRD80USS-012-A
1131,20260924,44,258,PERFORISTA,12.0,0.0,20260924-COLQUISIRI-XRD80USS-012-B
1132,20260925,44,258,PERFORISTA,12.0,0.0,20260925-COLQUISIRI-XRD80USS-012-A
1133,20260925,44,258,PERFORISTA,12.0,0.0,20260925-COLQUISIRI-XRD80USS-012-B
1134,20260826,51,340,PERFORISTA,12.0,0.0,20260826-CONDESTABLE-XRD80ITH-001-A
1135,20260826,51,80,AYUDANTE DE PERFORACION,12.0,0.0,20260826-CONDESTABLE-XRD80ITH-001-A
1136,20260826,51,325,AYUDANTE DE PERFORACION,12.0,0.0,20260826-CONDESTABLE-XRD80ITH-001-A
1137,20260826,51,1,PERFORISTA,12.0,0.0,20260826-CONDESTABLE-XRD80ITH-001-B
1138,20260826,51,1,AYUDANTE DE PERFORACION,12.0,0.0,20260826-CONDESTABLE-XRD80ITH-001-B
1139,20260826,51,1,AYUDANTE DE PERFORACION,12.0,0.0,20260826-CONDESTABLE-XRD80ITH-001-B
1140,20260827,51,1,PERFORISTA,12.0,0.0,20260827-CONDESTABLE-XRD80ITH-001-A
1141,20260827,51,1,AYUDANTE DE PERFORACION,12.0,0.0,20260827-CONDESTABLE-XRD80ITH-001-A
1142,20260827,51,1,AYUDANTE DE PERFORACION,12.0,0.0,20260827-CONDESTABLE-XRD80ITH-001-A
1143,20260827,51,1,PERFORISTA,12.0,0.0,20260827-CONDESTABLE-XRD80ITH-001-B
1144,20260827,51,1,AYUDANTE DE PERFORACION,12.0,0.0,20260827-CONDESTABLE-XRD80ITH-001-B
1145,20260827,51,1,AYUDANTE DE PERFORACION,12.0,0.0,20260827-CONDESTABLE-XRD80ITH-001-B
1146,20260828,51,340,PERFORISTA,12.0,0.0,20260828-CONDESTABLE-XRD80ITH-001-A
1147,20260828,51,80,AYUDANTE DE PERFORACION,12.0,0.0,20260828-CONDESTABLE-XRD80ITH-001-A
1148,20260828,51,325,AYUDANTE DE PERFORACION,12.0,0.0,20260828-CONDESTABLE-XRD80ITH-001-A
1149,20260828,51,113,PERFORISTA,12.0,0.0,20260828-CONDESTABLE-XRD80ITH-001-B
1150,20260828,51,283,AYUDANTE DE PERFORACION,12.0,0.0,20260828-CONDESTABLE-XRD80ITH-001-B
1151,20260828,51,276,AYUDANTE DE PERFORACION,12.0,0.0,20260828-CONDESTABLE-XRD80ITH-001-B
1152,20260829,51,258,PERFORISTA,12.0,0.0,20260829-CONDESTABLE-XRD80ITH-001-A
1153,20260829,51,258,PERFORISTA,12.0,0.0,20260829-CONDESTABLE-XRD80ITH-001-B
1154,20260830,51,258,PERFORISTA,12.0,0.0,20260830-CONDESTABLE-XRD80ITH-001-A
1155,20260830,51,258,PERFORISTA,12.0,0.0,20260830-CONDESTABLE-XRD80ITH-001-B
1156,20260831,51,113,PERFORISTA,12.0,0.0,20260831-CONDESTABLE-XRD80ITH-001-A
1157,20260831,51,283,AYUDANTE DE PERFORACION,12.0,0.0,20260831-CONDESTABLE-XRD80ITH-001-A
1158,20260831,51,276,AYUDANTE DE PERFORACION,12.0,0.0,20260831-CONDESTABLE-XRD80ITH-001-A
1159,20260831,51,113,PERFORISTA,12.0,0.0,20260831-CONDESTABLE-XRD80ITH-001-A
1160,20260831,51,283,AYUDANTE DE PERFORACION,12.0,0.0,20260831-CONDESTABLE-XRD80ITH-001-A
1161,20260831,51,276,AYUDANTE DE PERFORACION,12.0,0.0,20260831-CONDESTABLE-XRD80ITH-001-A
1162,20260831,51,340,PERFORISTA,12.0,0.0,20260831-CONDESTABLE-XRD80ITH-001-B
1163,20260831,51,80,AYUDANTE DE PERFORACION,12.0,0.0,20260831-CONDESTABLE-XRD80ITH-001-B
1164,20260831,51,325,AYUDANTE DE PERFORACION,12.0,0.0,20260831-CONDESTABLE-XRD80ITH-001-B
1165,20260831,51,340,PERFORISTA,12.0,0.0,20260831-CONDESTABLE-XRD80ITH-001-B
1166,20260831,51,80,AYUDANTE DE PERFORACION,12.0,0.0,20260831-CONDESTABLE-XRD80ITH-001-B
1167,20260831,51,325,AYUDANTE DE PERFORACION,12.0,0.0,20260831-CONDESTABLE-XRD80ITH-001-B
1168,20260901,51,258,PERFORISTA,12.0,0.0,20260901-CONDESTABLE-XRD80ITH-001-A
1169,20260901,51,258,PERFORISTA,12.0,0.0,20260901-CONDESTABLE-XRD80ITH-001-B
1170,20260902,51,258,PERFORISTA,12.0,0.0,20260902-CONDESTABLE-XRD80ITH-001-A
1171,20260902,51,258,PERFORISTA,12.0,0.0,20260902-CONDESTABLE-XRD80ITH-001-B
1172,20260903,51,258,PERFORISTA,12.0,0.0,20260903-CONDESTABLE-XRD80ITH-001-A
1173,20260903,51,258,PERFORISTA,12.0,0.0,20260903-CONDESTABLE-XRD80ITH-001-B
1174,20260904,51,258,PERFORISTA,12.0,0.0,20260904-CONDESTABLE-XRD80ITH-001-A
1175,20260904,51,258,PERFORISTA,12.0,0.0,20260904-CONDESTABLE-XRD80ITH-001-B
1176,20260905,51,258,PERFORISTA,12.0,0.0,20260905-CONDESTABLE-XRD80ITH-001-A
1177,20260905,51,258,PERFORISTA,12.0,0.0,20260905-CONDESTABLE-XRD80ITH-001-B
1178,20260906,51,258,PERFORISTA,12.0,0.0,20260906-CONDESTABLE-XRD80ITH-001-A
1179,20260906,51,258,PERFORISTA,12.0,0.0,20260906-CONDESTABLE-XRD80ITH-001-B
1180,20260907,51,258,PERFORISTA,12.0,0.0,20260907-CONDESTABLE-XRD80ITH-001-A
1181,20260907,51,258,PERFORISTA,12.0,0.0,20260907-CONDESTABLE-XRD80ITH-001-B
1182,20260908,51,258,PERFORISTA,12.0,0.0,20260908-CONDESTABLE-XRD80ITH-001-A
1183,20260908,51,258,PERFORISTA,12.0,0.0,20260908-CONDESTABLE-XRD80ITH-001-B
1184,20260909,51,258,PERFORISTA,12.0,0.0,20260909-CONDESTABLE-XRD80ITH-001-A
1185,20260909,51,258,PERFORISTA,12.0,0.0,20260909-CONDESTABLE-XRD80ITH-001-B
1186,20260910,51,258,PERFORISTA,12.0,0.0,20260910-CONDESTABLE-XRD80ITH-001-A
1187,20260910,51,258,PERFORISTA,12.0,0.0,20260910-CONDESTABLE-XRD80ITH-001-B
1188,20260911,51,258,PERFORISTA,12.0,0.0,20260911-CONDESTABLE-XRD80ITH-001-A
1189,20260911,51,258,PERFORISTA,12.0,0.0,20260911-CONDESTABLE-XRD80ITH-001-B
1190,20260912,51,258,PERFORISTA,12.0,0.0,20260912-CONDESTABLE-XRD80ITH-001-A
1191,20260912,51,258,PERFORISTA,12.0,0.0,20260912-CONDESTABLE-XRD80ITH-001-B
1192,20260913,51,258,PERFORISTA,12.0,0.0,20260913-CONDESTABLE-XRD80ITH-001-A
1193,20260913,51,258,PERFORISTA,12.0,0.0,20260913-CONDESTABLE-XRD80ITH-001-B
1194,20260914,51,258,PERFORISTA,12.0,0.0,20260914-CONDESTABLE-XRD80ITH-001-A
1195,20260914,51,258,PERFORISTA,12.0,0.0,20260914-CONDESTABLE-XRD80ITH-001-B
1196,20260915,51,258,PERFORISTA,12.0,0.0,20260915-CONDESTABLE-XRD80ITH-001-A
1197,20260915,51,258,PERFORISTA,12.0,0.0,20260915-CONDESTABLE-XRD80ITH-001-B
1198,20260916,51,258,PERFORISTA,12.0,0.0,20260916-CONDESTABLE-XRD80ITH-001-A
1199,20260916,51,258,PERFORISTA,12.0,0.0,20260916-CONDESTABLE-XRD80ITH-001-B
1200,20260917,51,258,PERFORISTA,12.0,0.0,20260917-CONDESTABLE-XRD80ITH-001-A
1201,20260917,51,258,PERFORISTA,12.0,0.0,20260917-CONDESTABLE-XRD80ITH-001-B
1202,20260918,51,258,PERFORISTA,12.0,0.0,20260918-CONDESTABLE-XRD80ITH-001-A
1203,20260918,51,258,PERFORISTA,12.0,0.0,20260918-CONDESTABLE-XRD80ITH-001-B
1204,20260919,51,258,PERFORISTA,12.0,0.0,20260919-CONDESTABLE-XRD80ITH-001-A
1205,20260919,51,258,PERFORISTA,12.0,0.0,20260919-CONDESTABLE-XRD80ITH-001-B
1206,20260920,51,258,PERFORISTA,12.0,0.0,20260920-CONDESTABLE-XRD80ITH-001-A
1207,20260920,51,258,PERFORISTA,12.0,0.0,20260920-CONDESTABLE-XRD80ITH-001-B
1208,20260921,51,258,PERFORISTA,12.0,0.0,20260921-CONDESTABLE-XRD80ITH-001-A
1209,20260921,51,258,PERFORISTA,12.0,0.0,20260921-CONDESTABLE-XRD80ITH-001-B
1210,20260922,51,258,PERFORISTA,12.0,0.0,20260922-CONDESTABLE-XRD80ITH-001-A
1211,20260922,51,258,PERFORISTA,12.0,0.0,20260922-CONDESTABLE-XRD80ITH-001-B
1212,20260923,51,258,PERFORISTA,12.0,0.0,20260923-CONDESTABLE-XRD80ITH-001-A
1213,20260923,51,258,PERFORISTA,12.0,0.0,20260923-CONDESTABLE-XRD80ITH-001-B
1214,20260924,51,258,PERFORISTA,12.0,0.0,20260924-CONDESTABLE-XRD80ITH-001-A
1215,20260924,51,258,PERFORISTA,12.0,0.0,20260924-CONDESTABLE-XRD80ITH-001-B
1216,20260925,51,258,PERFORISTA,12.0,0.0,20260925-CONDESTABLE-XRD80ITH-001-A
1217,20260925,51,258,PERFORISTA,12.0,0.0,20260925-CONDESTABLE-XRD80ITH-001-B
1218,20260826,46,267,PERFORISTA,12.0,0.0,20260826-CONDESTABLE-XLM75UFDR-002-A
1219,20260826,46,268,AYUDANTE DE PERFORACION,12.0,0.0,20260826-CONDESTABLE-XLM75UFDR-002-A
1220,20260826,46,19,AYUDANTE DE PERFORACION,12.0,0.0,20260826-CONDESTABLE-XLM75UFDR-002-A
1221,20260826,46,328,PERFORISTA,12.0,0.0,20260826-CONDESTABLE-XLM75UFDR-002-B
1222,20260826,46,406,AYUDANTE DE PERFORACION,12.0,0.0,20260826-CONDESTABLE-XLM75UFDR-002-B
1223,20260826,46,86,AYUDANTE DE PERFORACION,12.0,0.0,20260826-CONDESTABLE-XLM75UFDR-002-B
1224,20260827,46,58,PERFORISTA,12.0,0.0,20260827-CONDESTABLE-XLM75UFDR-002-A
1225,20260827,46,1,AYUDANTE DE PERFORACION,12.0,0.0,20260827-CONDESTABLE-XLM75UFDR-002-A
1226,20260827,46,85,AYUDANTE DE PERFORACION,12.0,0.0,20260827-CONDESTABLE-XLM75UFDR-002-A
1227,20260827,46,267,PERFORISTA,12.0,0.0,20260827-CONDESTABLE-XLM75UFDR-002-B
1228,20260827,46,268,AYUDANTE DE PERFORACION,12.0,0.0,20260827-CONDESTABLE-XLM75UFDR-002-B
1229,20260827,46,19,AYUDANTE DE PERFORACION,12.0,0.0,20260827-CONDESTABLE-XLM75UFDR-002-B
1230,20260828,46,58,PERFORISTA,12.0,0.0,20260828-CONDESTABLE-XLM75UFDR-002-A
1231,20260828,46,1,AYUDANTE DE PERFORACION,12.0,0.0,20260828-CONDESTABLE-XLM75UFDR-002-A
1232,20260828,46,85,AYUDANTE DE PERFORACION,12.0,0.0,20260828-CONDESTABLE-XLM75UFDR-002-A
1233,20260828,46,267,PERFORISTA,12.0,0.0,20260828-CONDESTABLE-XLM75UFDR-002-B
1234,20260828,46,268,AYUDANTE DE PERFORACION,12.0,0.0,20260828-CONDESTABLE-XLM75UFDR-002-B
1235,20260828,46,19,AYUDANTE DE PERFORACION,12.0,0.0,20260828-CONDESTABLE-XLM75UFDR-002-B
1236,20260829,46,58,PERFORISTA,12.0,0.0,20260829-CONDESTABLE-XLM75UFDR-002-A
1237,20260829,46,197,AYUDANTE DE PERFORACION,12.0,0.0,20260829-CONDESTABLE-XLM75UFDR-002-A
1238,20260829,46,85,AYUDANTE DE PERFORACION,12.0,0.0,20260829-CONDESTABLE-XLM75UFDR-002-A
1239,20260829,46,267,PERFORISTA,12.0,0.0,20260829-CONDESTABLE-XLM75UFDR-002-B
1240,20260829,46,268,AYUDANTE DE PERFORACION,12.0,0.0,20260829-CONDESTABLE-XLM75UFDR-002-B
1241,20260829,46,19,AYUDANTE DE PERFORACION,12.0,0.0,20260829-CONDESTABLE-XLM75UFDR-002-B
1242,20260830,46,58,PERFORISTA,12.0,0.0,20260830-CONDESTABLE-XLM75UFDR-002-A
1243,20260830,46,200,AYUDANTE DE PERFORACION,12.0,0.0,20260830-CONDESTABLE-XLM75UFDR-002-A
1244,20260830,46,85,AYUDANTE DE PERFORACION,12.0,0.0,20260830-CONDESTABLE-XLM75UFDR-002-A
1245,20260830,46,267,PERFORISTA,12.0,0.0,20260830-CONDESTABLE-XLM75UFDR-002-B
1246,20260830,46,268,AYUDANTE DE PERFORACION,12.0,0.0,20260830-CONDESTABLE-XLM75UFDR-002-B
1247,20260830,46,19,AYUDANTE DE PERFORACION,12.0,0.0,20260830-CONDESTABLE-XLM75UFDR-002-B
1248,20260831,46,58,PERFORISTA,12.0,0.0,20260831-CONDESTABLE-XLM75UFDR-002-A
1249,20260831,46,200,AYUDANTE DE PERFORACION,12.0,0.0,20260831-CONDESTABLE-XLM75UFDR-002-A
1250,20260831,46,85,AYUDANTE DE PERFORACION,12.0,0.0,20260831-CONDESTABLE-XLM75UFDR-002-A
1251,20260831,46,267,PERFORISTA,12.0,0.0,20260831-CONDESTABLE-XLM75UFDR-002-B
1252,20260831,46,268,AYUDANTE DE PERFORACION,12.0,0.0,20260831-CONDESTABLE-XLM75UFDR-002-B
1253,20260831,46,19,AYUDANTE DE PERFORACION,12.0,0.0,20260831-CONDESTABLE-XLM75UFDR-002-B
1254,20260901,46,258,PERFORISTA,12.0,0.0,20260901-CONDESTABLE-XLM75UFDR-002-A
1255,20260901,46,258,PERFORISTA,12.0,0.0,20260901-CONDESTABLE-XLM75UFDR-002-B
1256,20260902,46,258,PERFORISTA,12.0,0.0,20260902-CONDESTABLE-XLM75UFDR-002-A
1257,20260902,46,258,PERFORISTA,12.0,0.0,20260902-CONDESTABLE-XLM75UFDR-002-B
1258,20260903,46,258,PERFORISTA,12.0,0.0,20260903-CONDESTABLE-XLM75UFDR-002-A
1259,20260903,46,258,PERFORISTA,12.0,0.0,20260903-CONDESTABLE-XLM75UFDR-002-B
1260,20260904,46,258,PERFORISTA,12.0,0.0,20260904-CONDESTABLE-XLM75UFDR-002-A
1261,20260904,46,258,PERFORISTA,12.0,0.0,20260904-CONDESTABLE-XLM75UFDR-002-B
1262,20260905,46,258,PERFORISTA,12.0,0.0,20260905-CONDESTABLE-XLM75UFDR-002-A
1263,20260905,46,258,PERFORISTA,12.0,0.0,20260905-CONDESTABLE-XLM75UFDR-002-B
1264,20260906,46,258,PERFORISTA,12.0,0.0,20260906-CONDESTABLE-XLM75UFDR-002-A
1265,20260906,46,258,PERFORISTA,12.0,0.0,20260906-CONDESTABLE-XLM75UFDR-002-B
1266,20260907,46,258,PERFORISTA,12.0,0.0,20260907-CONDESTABLE-XLM75UFDR-002-A
1267,20260907,46,258,PERFORISTA,12.0,0.0,20260907-CONDESTABLE-XLM75UFDR-002-B
1268,20260908,46,258,PERFORISTA,12.0,0.0,20260908-CONDESTABLE-XLM75UFDR-002-A
1269,20260908,46,258,PERFORISTA,12.0,0.0,20260908-CONDESTABLE-XLM75UFDR-002-B
1270,20260909,46,258,PERFORISTA,12.0,0.0,20260909-CONDESTABLE-XLM75UFDR-002-A
1271,20260909,46,258,PERFORISTA,12.0,0.0,20260909-CONDESTABLE-XLM75UFDR-002-B
1272,20260910,46,258,PERFORISTA,12.0,0.0,20260910-CONDESTABLE-XLM75UFDR-002-A
1273,20260910,46,258,PERFORISTA,12.0,0.0,20260910-CONDESTABLE-XLM75UFDR-002-B
1274,20260911,46,258,PERFORISTA,12.0,0.0,20260911-CONDESTABLE-XLM75UFDR-002-A
1275,20260911,46,258,PERFORISTA,12.0,0.0,20260911-CONDESTABLE-XLM75UFDR-002-B
1276,20260912,46,258,PERFORISTA,12.0,0.0,20260912-CONDESTABLE-XLM75UFDR-002-A
1277,20260912,46,258,PERFORISTA,12.0,0.0,20260912-CONDESTABLE-XLM75UFDR-002-B
1278,20260913,46,258,PERFORISTA,12.0,0.0,20260913-CONDESTABLE-XLM75UFDR-002-A
1279,20260913,46,258,PERFORISTA,12.0,0.0,20260913-CONDESTABLE-XLM75UFDR-002-B
1280,20260914,46,258,PERFORISTA,12.0,0.0,20260914-CONDESTABLE-XLM75UFDR-002-A
1281,20260914,46,258,PERFORISTA,12.0,0.0,20260914-CONDESTABLE-XLM75UFDR-002-B
1282,20260915,46,258,PERFORISTA,12.0,0.0,20260915-CONDESTABLE-XLM75UFDR-002-A
1283,20260915,46,258,PERFORISTA,12.0,0.0,20260915-CONDESTABLE-XLM75UFDR-002-B
1284,20260916,46,258,PERFORISTA,12.0,0.0,20260916-CONDESTABLE-XLM75UFDR-002-A
1285,20260916,46,258,PERFORISTA,12.0,0.0,20260916-CONDESTABLE-XLM75UFDR-002-B
1286,20260917,46,258,PERFORISTA,12.0,0.0,20260917-CONDESTABLE-XLM75UFDR-002-A
1287,20260917,46,258,PERFORISTA,12.0,0.0,20260917-CONDESTABLE-XLM75UFDR-002-B
1288,20260918,46,258,PERFORISTA,12.0,0.0,20260918-CONDESTABLE-XLM75UFDR-002-A
1289,20260918,46,258,PERFORISTA,12.0,0.0,20260918-CONDESTABLE-XLM75UFDR-002-B
1290,20260919,46,258,PERFORISTA,12.0,0.0,20260919-CONDESTABLE-XLM75UFDR-002-A
1291,20260919,46,258,PERFORISTA,12.0,0.0,20260919-CONDESTABLE-XLM75UFDR-002-B
1292,20260920,46,258,PERFORISTA,12.0,0.0,20260920-CONDESTABLE-XLM75UFDR-002-A
1293,20260920,46,258,PERFORISTA,12.0,0.0,20260920-CONDESTABLE-XLM75UFDR-002-B
1294,20260921,46,258,PERFORISTA,12.0,0.0,20260921-CONDESTABLE-XLM75UFDR-002-A
1295,20260921,46,258,PERFORISTA,12.0,0.0,20260921-CONDESTABLE-XLM75UFDR-002-B
1296,20260922,46,258,PERFORISTA,12.0,0.0,20260922-CONDESTABLE-XLM75UFDR-002-A
1297,20260922,46,258,PERFORISTA,12.0,0.0,20260922-CONDESTABLE-XLM75UFDR-002-B
1298,20260923,46,258,PERFORISTA,12.0,0.0,20260923-CONDESTABLE-XLM75UFDR-002-A
1299,20260923,46,258,PERFORISTA,12.0,0.0,20260923-CONDESTABLE-XLM75UFDR-002-B
1300,20260924,46,258,PERFORISTA,12.0,0.0,20260924-CONDESTABLE-XLM75UFDR-002-A
1301,20260924,46,258,PERFORISTA,12.0,0.0,20260924-CONDESTABLE-XLM75UFDR-002-B
1302,20260925,46,258,PERFORISTA,12.0,0.0,20260925-CONDESTABLE-XLM75UFDR-002-A
1303,20260925,46,258,PERFORISTA,12.0,0.0,20260925-CONDESTABLE-XLM75UFDR-002-B
1304,20260826,47,118,PERFORISTA,12.0,0.0,20260826-CONDESTABLE-XLM75UFDR-004-A
1305,20260826,47,342,AYUDANTE DE PERFORACION,12.0,0.0,20260826-CONDESTABLE-XLM75UFDR-004-A
1306,20260826,47,380,AYUDANTE DE PERFORACION,12.0,0.0,20260826-CONDESTABLE-XLM75UFDR-004-A
1307,20260826,47,363,PERFORISTA,12.0,0.0,20260826-CONDESTABLE-XLM75UFDR-004-B
1308,20260826,47,284,AYUDANTE DE PERFORACION,12.0,0.0,20260826-CONDESTABLE-XLM75UFDR-004-B
1309,20260826,47,318,AYUDANTE DE PERFORACION,12.0,0.0,20260826-CONDESTABLE-XLM75UFDR-004-B
1310,20260827,47,183,PERFORISTA,12.0,0.0,20260827-CONDESTABLE-XLM75UFDR-004-A
1311,20260827,47,195,AYUDANTE DE PERFORACION,12.0,0.0,20260827-CONDESTABLE-XLM75UFDR-004-A
1312,20260827,47,51,AYUDANTE DE PERFORACION,12.0,0.0,20260827-CONDESTABLE-XLM75UFDR-004-A
1313,20260827,47,118,PERFORISTA,12.0,0.0,20260827-CONDESTABLE-XLM75UFDR-004-B
1314,20260827,47,342,AYUDANTE DE PERFORACION,12.0,0.0,20260827-CONDESTABLE-XLM75UFDR-004-B
1315,20260827,47,380,AYUDANTE DE PERFORACION,12.0,0.0,20260827-CONDESTABLE-XLM75UFDR-004-B
1316,20260828,47,183,PERFORISTA,12.0,0.0,20260828-CONDESTABLE-XLM75UFDR-004-A
1317,20260828,47,367,AYUDANTE DE PERFORACION,12.0,0.0,20260828-CONDESTABLE-XLM75UFDR-004-A
1318,20260828,47,313,AYUDANTE DE PERFORACION,12.0,0.0,20260828-CONDESTABLE-XLM75UFDR-004-A
1319,20260828,47,118,PERFORISTA,12.0,0.0,20260828-CONDESTABLE-XLM75UFDR-004-B
1320,20260828,47,342,AYUDANTE DE PERFORACION,12.0,0.0,20260828-CONDESTABLE-XLM75UFDR-004-B
1321,20260828,47,380,AYUDANTE DE PERFORACION,12.0,0.0,20260828-CONDESTABLE-XLM75UFDR-004-B
1322,20260829,47,183,PERFORISTA,12.0,0.0,20260829-CONDESTABLE-XLM75UFDR-004-A
1323,20260829,47,235,AYUDANTE DE PERFORACION,12.0,0.0,20260829-CONDESTABLE-XLM75UFDR-004-A
1324,20260829,47,367,AYUDANTE DE PERFORACION,12.0,0.0,20260829-CONDESTABLE-XLM75UFDR-004-A
1325,20260829,47,118,PERFORISTA,12.0,0.0,20260829-CONDESTABLE-XLM75UFDR-004-B
1326,20260829,47,342,AYUDANTE DE PERFORACION,12.0,0.0,20260829-CONDESTABLE-XLM75UFDR-004-B
1327,20260829,47,380,AYUDANTE DE PERFORACION,12.0,0.0,20260829-CONDESTABLE-XLM75UFDR-004-B
1328,20260830,47,183,PERFORISTA,12.0,0.0,20260830-CONDESTABLE-XLM75UFDR-004-A
1329,20260830,47,235,AYUDANTE DE PERFORACION,12.0,0.0,20260830-CONDESTABLE-XLM75UFDR-004-A
1330,20260830,47,54,AYUDANTE DE PERFORACION,12.0,0.0,20260830-CONDESTABLE-XLM75UFDR-004-A
1331,20260830,47,118,PERFORISTA,12.0,0.0,20260830-CONDESTABLE-XLM75UFDR-004-B
1332,20260830,47,342,AYUDANTE DE PERFORACION,12.0,0.0,20260830-CONDESTABLE-XLM75UFDR-004-B
1333,20260830,47,380,AYUDANTE DE PERFORACION,12.0,0.0,20260830-CONDESTABLE-XLM75UFDR-004-B
1334,20260831,47,183,PERFORISTA,12.0,0.0,20260831-CONDESTABLE-XLM75UFDR-004-A
1335,20260831,47,235,AYUDANTE DE PERFORACION,12.0,0.0,20260831-CONDESTABLE-XLM75UFDR-004-A
1336,20260831,47,367,AYUDANTE DE PERFORACION,12.0,0.0,20260831-CONDESTABLE-XLM75UFDR-004-A
1337,20260831,47,118,PERFORISTA,12.0,0.0,20260831-CONDESTABLE-XLM75UFDR-004-B
1338,20260831,47,342,AYUDANTE DE PERFORACION,12.0,0.0,20260831-CONDESTABLE-XLM75UFDR-004-B
1339,20260831,47,380,AYUDANTE DE PERFORACION,12.0,0.0,20260831-CONDESTABLE-XLM75UFDR-004-B
1340,20260901,47,258,PERFORISTA,12.0,0.0,20260901-CONDESTABLE-XLM75UFDR-004-A
1341,20260901,47,258,PERFORISTA,12.0,0.0,20260901-CONDESTABLE-XLM75UFDR-004-B
1342,20260902,47,258,PERFORISTA,12.0,0.0,20260902-CONDESTABLE-XLM75UFDR-004-A
1343,20260902,47,258,PERFORISTA,12.0,0.0,20260902-CONDESTABLE-XLM75UFDR-004-B
1344,20260903,47,258,PERFORISTA,12.0,0.0,20260903-CONDESTABLE-XLM75UFDR-004-A
1345,20260903,47,258,PERFORISTA,12.0,0.0,20260903-CONDESTABLE-XLM75UFDR-004-B
1346,20260904,47,258,PERFORISTA,12.0,0.0,20260904-CONDESTABLE-XLM75UFDR-004-A
1347,20260904,47,258,PERFORISTA,12.0,0.0,20260904-CONDESTABLE-XLM75UFDR-004-B
1348,20260905,47,258,PERFORISTA,12.0,0.0,20260905-CONDESTABLE-XLM75UFDR-004-A
1349,20260905,47,258,PERFORISTA,12.0,0.0,20260905-CONDESTABLE-XLM75UFDR-004-B
1350,20260906,47,258,PERFORISTA,12.0,0.0,20260906-CONDESTABLE-XLM75UFDR-004-A
1351,20260906,47,258,PERFORISTA,12.0,0.0,20260906-CONDESTABLE-XLM75UFDR-004-B
1352,20260907,47,258,PERFORISTA,12.0,0.0,20260907-CONDESTABLE-XLM75UFDR-004-A
1353,20260907,47,258,PERFORISTA,12.0,0.0,20260907-CONDESTABLE-XLM75UFDR-004-B
1354,20260908,47,258,PERFORISTA,12.0,0.0,20260908-CONDESTABLE-XLM75UFDR-004-A
1355,20260908,47,258,PERFORISTA,12.0,0.0,20260908-CONDESTABLE-XLM75UFDR-004-B
1356,20260909,47,258,PERFORISTA,12.0,0.0,20260909-CONDESTABLE-XLM75UFDR-004-A
1357,20260909,47,258,PERFORISTA,12.0,0.0,20260909-CONDESTABLE-XLM75UFDR-004-B
1358,20260910,47,258,PERFORISTA,12.0,0.0,20260910-CONDESTABLE-XLM75UFDR-004-A
1359,20260910,47,258,PERFORISTA,12.0,0.0,20260910-CONDESTABLE-XLM75UFDR-004-B
1360,20260911,47,258,PERFORISTA,12.0,0.0,20260911-CONDESTABLE-XLM75UFDR-004-A
1361,20260911,47,258,PERFORISTA,12.0,0.0,20260911-CONDESTABLE-XLM75UFDR-004-B
1362,20260912,47,258,PERFORISTA,12.0,0.0,20260912-CONDESTABLE-XLM75UFDR-004-A
1363,20260912,47,258,PERFORISTA,12.0,0.0,20260912-CONDESTABLE-XLM75UFDR-004-B
1364,20260913,47,258,PERFORISTA,12.0,0.0,20260913-CONDESTABLE-XLM75UFDR-004-A
1365,20260913,47,258,PERFORISTA,12.0,0.0,20260913-CONDESTABLE-XLM75UFDR-004-B
1366,20260914,47,258,PERFORISTA,12.0,0.0,20260914-CONDESTABLE-XLM75UFDR-004-A
1367,20260914,47,258,PERFORISTA,12.0,0.0,20260914-CONDESTABLE-XLM75UFDR-004-B
1368,20260915,47,258,PERFORISTA,12.0,0.0,20260915-CONDESTABLE-XLM75UFDR-004-A
1369,20260915,47,258,PERFORISTA,12.0,0.0,20260915-CONDESTABLE-XLM75UFDR-004-B
1370,20260916,47,258,PERFORISTA,12.0,0.0,20260916-CONDESTABLE-XLM75UFDR-004-A
1371,20260916,47,258,PERFORISTA,12.0,0.0,20260916-CONDESTABLE-XLM75UFDR-004-B
1372,20260917,47,258,PERFORISTA,12.0,0.0,20260917-CONDESTABLE-XLM75UFDR-004-A
1373,20260917,47,258,PERFORISTA,12.0,0.0,20260917-CONDESTABLE-XLM75UFDR-004-B
1374,20260918,47,258,PERFORISTA,12.0,0.0,20260918-CONDESTABLE-XLM75UFDR-004-A
1375,20260918,47,258,PERFORISTA,12.0,0.0,20260918-CONDESTABLE-XLM75UFDR-004-B
1376,20260919,47,258,PERFORISTA,12.0,0.0,20260919-CONDESTABLE-XLM75UFDR-004-A
1377,20260919,47,258,PERFORISTA,12.0,0.0,20260919-CONDESTABLE-XLM75UFDR-004-B
1378,20260920,47,258,PERFORISTA,12.0,0.0,20260920-CONDESTABLE-XLM75UFDR-004-A
1379,20260920,47,258,PERFORISTA,12.0,0.0,20260920-CONDESTABLE-XLM75UFDR-004-B
1380,20260921,47,258,PERFORISTA,12.0,0.0,20260921-CONDESTABLE-XLM75UFDR-004-A
1381,20260921,47,258,PERFORISTA,12.0,0.0,20260921-CONDESTABLE-XLM75UFDR-004-B
1382,20260922,47,258,PERFORISTA,12.0,0.0,20260922-CONDESTABLE-XLM75UFDR-004-A
1383,20260922,47,258,PERFORISTA,12.0,0.0,20260922-CONDESTABLE-XLM75UFDR-004-B
1384,20260923,47,258,PERFORISTA,12.0,0.0,20260923-CONDESTABLE-XLM75UFDR-004-A
1385,20260923,47,258,PERFORISTA,12.0,0.0,20260923-CONDESTABLE-XLM75UFDR-004-B
1386,20260924,47,258,PERFORISTA,12.0,0.0,20260924-CONDESTABLE-XLM75UFDR-004-A
1387,20260924,47,258,PERFORISTA,12.0,0.0,20260924-CONDESTABLE-XLM75UFDR-004-B
1388,20260925,47,258,PERFORISTA,12.0,0.0,20260925-CONDESTABLE-XLM75UFDR-004-A
1389,20260925,47,258,PERFORISTA,12.0,0.0,20260925-CONDESTABLE-XLM75UFDR-004-B
1390,20260826,50,289,PERFORISTA,12.0,0.0,20260826-CONDESTABLE-XRD150USS-003-A
1391,20260826,50,46,AYUDANTE DE PERFORACION,12.0,0.0,20260826-CONDESTABLE-XRD150USS-003-A
1392,20260826,50,290,AYUDANTE DE PERFORACION,12.0,0.0,20260826-CONDESTABLE-XRD150USS-003-A
1393,20260826,50,137,PERFORISTA,12.0,0.0,20260826-CONDESTABLE-XRD150USS-003-B
1394,20260826,50,61,AYUDANTE DE PERFORACION,12.0,0.0,20260826-CONDESTABLE-XRD150USS-003-B
1395,20260826,50,199,AYUDANTE DE PERFORACION,12.0,0.0,20260826-CONDESTABLE-XRD150USS-003-B
1396,20260827,50,311,PERFORISTA,12.0,0.0,20260827-CONDESTABLE-XRD150USS-003-A
1397,20260827,50,367,AYUDANTE DE PERFORACION,12.0,0.0,20260827-CONDESTABLE-XRD150USS-003-A
1398,20260827,50,228,AYUDANTE DE PERFORACION,12.0,0.0,20260827-CONDESTABLE-XRD150USS-003-A
1399,20260827,50,289,PERFORISTA,12.0,0.0,20260827-CONDESTABLE-XRD150USS-003-B
1400,20260827,50,46,AYUDANTE DE PERFORACION,12.0,0.0,20260827-CONDESTABLE-XRD150USS-003-B
1401,20260827,50,290,AYUDANTE DE PERFORACION,12.0,0.0,20260827-CONDESTABLE-XRD150USS-003-B
1402,20260828,50,311,PERFORISTA,12.0,0.0,20260828-CONDESTABLE-XRD150USS-003-A
1403,20260828,50,51,AYUDANTE DE PERFORACION,12.0,0.0,20260828-CONDESTABLE-XRD150USS-003-A
1404,20260828,50,195,AYUDANTE DE PERFORACION,12.0,0.0,20260828-CONDESTABLE-XRD150USS-003-A
1405,20260828,50,289,PERFORISTA,12.0,0.0,20260828-CONDESTABLE-XRD150USS-003-B
1406,20260828,50,46,AYUDANTE DE PERFORACION,12.0,0.0,20260828-CONDESTABLE-XRD150USS-003-B
1407,20260828,50,290,AYUDANTE DE PERFORACION,12.0,0.0,20260828-CONDESTABLE-XRD150USS-003-B
1408,20260829,50,311,PERFORISTA,12.0,0.0,20260829-CONDESTABLE-XRD150USS-003-A
1409,20260829,50,51,AYUDANTE DE PERFORACION,12.0,0.0,20260829-CONDESTABLE-XRD150USS-003-A
1410,20260829,50,199,AYUDANTE DE PERFORACION,12.0,0.0,20260829-CONDESTABLE-XRD150USS-003-A
1411,20260829,50,289,PERFORISTA,12.0,0.0,20260829-CONDESTABLE-XRD150USS-003-B
1412,20260829,50,46,AYUDANTE DE PERFORACION,12.0,0.0,20260829-CONDESTABLE-XRD150USS-003-B
1413,20260829,50,290,AYUDANTE DE PERFORACION,12.0,0.0,20260829-CONDESTABLE-XRD150USS-003-B
1414,20260830,50,311,PERFORISTA,12.0,0.0,20260830-CONDESTABLE-XRD150USS-003-A
1415,20260830,50,51,AYUDANTE DE PERFORACION,12.0,0.0,20260830-CONDESTABLE-XRD150USS-003-A
1416,20260830,50,195,AYUDANTE DE PERFORACION,12.0,0.0,20260830-CONDESTABLE-XRD150USS-003-A
1417,20260830,50,289,PERFORISTA,12.0,0.0,20260830-CONDESTABLE-XRD150USS-003-B
1418,20260830,50,46,AYUDANTE DE PERFORACION,12.0,0.0,20260830-CONDESTABLE-XRD150USS-003-B
1419,20260830,50,290,AYUDANTE DE PERFORACION,12.0,0.0,20260830-CONDESTABLE-XRD150USS-003-B
1420,20260831,50,311,PERFORISTA,12.0,0.0,20260831-CONDESTABLE-XRD150USS-003-A
1421,20260831,50,51,AYUDANTE DE PERFORACION,12.0,0.0,20260831-CONDESTABLE-XRD150USS-003-A
1422,20260831,50,195,AYUDANTE DE PERFORACION,12.0,0.0,20260831-CONDESTABLE-XRD150USS-003-A
1423,20260831,50,289,PERFORISTA,12.0,0.0,20260831-CONDESTABLE-XRD150USS-003-B
1424,20260831,50,46,AYUDANTE DE PERFORACION,12.0,0.0,20260831-CONDESTABLE-XRD150USS-003-B
1425,20260831,50,290,AYUDANTE DE PERFORACION,12.0,0.0,20260831-CONDESTABLE-XRD150USS-003-B
1426,20260901,50,258,PERFORISTA,12.0,0.0,20260901-CONDESTABLE-XRD150USS-003-A
1427,20260901,50,258,PERFORISTA,12.0,0.0,20260901-CONDESTABLE-XRD150USS-003-B
1428,20260902,50,258,PERFORISTA,12.0,0.0,20260902-CONDESTABLE-XRD150USS-003-A
1429,20260902,50,258,PERFORISTA,12.0,0.0,20260902-CONDESTABLE-XRD150USS-003-B
1430,20260903,50,258,PERFORISTA,12.0,0.0,20260903-CONDESTABLE-XRD150USS-003-A
1431,20260903,50,258,PERFORISTA,12.0,0.0,20260903-CONDESTABLE-XRD150USS-003-B
1432,20260904,50,258,PERFORISTA,12.0,0.0,20260904-CONDESTABLE-XRD150USS-003-A
1433,20260904,50,258,PERFORISTA,12.0,0.0,20260904-CONDESTABLE-XRD150USS-003-B
1434,20260905,50,258,PERFORISTA,12.0,0.0,20260905-CONDESTABLE-XRD150USS-003-A
1435,20260905,50,258,PERFORISTA,12.0,0.0,20260905-CONDESTABLE-XRD150USS-003-B
1436,20260906,50,258,PERFORISTA,12.0,0.0,20260906-CONDESTABLE-XRD150USS-003-A
1437,20260906,50,258,PERFORISTA,12.0,0.0,20260906-CONDESTABLE-XRD150USS-003-B
1438,20260907,50,258,PERFORISTA,12.0,0.0,20260907-CONDESTABLE-XRD150USS-003-A
1439,20260907,50,258,PERFORISTA,12.0,0.0,20260907-CONDESTABLE-XRD150USS-003-B
1440,20260908,50,258,PERFORISTA,12.0,0.0,20260908-CONDESTABLE-XRD150USS-003-A
1441,20260908,50,258,PERFORISTA,12.0,0.0,20260908-CONDESTABLE-XRD150USS-003-B
1442,20260909,50,258,PERFORISTA,12.0,0.0,20260909-CONDESTABLE-XRD150USS-003-A
1443,20260909,50,258,PERFORISTA,12.0,0.0,20260909-CONDESTABLE-XRD150USS-003-B
1444,20260910,50,258,PERFORISTA,12.0,0.0,20260910-CONDESTABLE-XRD150USS-003-A
1445,20260910,50,258,PERFORISTA,12.0,0.0,20260910-CONDESTABLE-XRD150USS-003-B
1446,20260911,50,258,PERFORISTA,12.0,0.0,20260911-CONDESTABLE-XRD150USS-003-A
1447,20260911,50,258,PERFORISTA,12.0,0.0,20260911-CONDESTABLE-XRD150USS-003-B
1448,20260912,50,258,PERFORISTA,12.0,0.0,20260912-CONDESTABLE-XRD150USS-003-A
1449,20260912,50,258,PERFORISTA,12.0,0.0,20260912-CONDESTABLE-XRD150USS-003-B
1450,20260913,50,258,PERFORISTA,12.0,0.0,20260913-CONDESTABLE-XRD150USS-003-A
1451,20260913,50,258,PERFORISTA,12.0,0.0,20260913-CONDESTABLE-XRD150USS-003-B
1452,20260914,50,258,PERFORISTA,12.0,0.0,20260914-CONDESTABLE-XRD150USS-003-A
1453,20260914,50,258,PERFORISTA,12.0,0.0,20260914-CONDESTABLE-XRD150USS-003-B
1454,20260915,50,258,PERFORISTA,12.0,0.0,20260915-CONDESTABLE-XRD150USS-003-A
1455,20260915,50,258,PERFORISTA,12.0,0.0,20260915-CONDESTABLE-XRD150USS-003-B
1456,20260916,50,258,PERFORISTA,12.0,0.0,20260916-CONDESTABLE-XRD150USS-003-A
1457,20260916,50,258,PERFORISTA,12.0,0.0,20260916-CONDESTABLE-XRD150USS-003-B
1458,20260917,50,258,PERFORISTA,12.0,0.0,20260917-CONDESTABLE-XRD150USS-003-A
1459,20260917,50,258,PERFORISTA,12.0,0.0,20260917-CONDESTABLE-XRD150USS-003-B
1460,20260918,50,258,PERFORISTA,12.0,0.0,20260918-CONDESTABLE-XRD150USS-003-A
1461,20260918,50,258,PERFORISTA,12.0,0.0,20260918-CONDESTABLE-XRD150USS-003-B
1462,20260919,50,258,PERFORISTA,12.0,0.0,20260919-CONDESTABLE-XRD150USS-003-A
1463,20260919,50,258,PERFORISTA,12.0,0.0,20260919-CONDESTABLE-XRD150USS-003-B
1464,20260920,50,258,PERFORISTA,12.0,0.0,20260920-CONDESTABLE-XRD150USS-003-A
1465,20260920,50,258,PERFORISTA,12.0,0.0,20260920-CONDESTABLE-XRD150USS-003-B
1466,20260921,50,258,PERFORISTA,12.0,0.0,20260921-CONDESTABLE-XRD150USS-003-A
1467,20260921,50,258,PERFORISTA,12.0,0.0,20260921-CONDESTABLE-XRD150USS-003-B
1468,20260922,50,258,PERFORISTA,12.0,0.0,20260922-CONDESTABLE-XRD150USS-003-A
1469,20260922,50,258,PERFORISTA,12.0,0.0,20260922-CONDESTABLE-XRD150USS-003-B
1470,20260923,50,258,PERFORISTA,12.0,0.0,20260923-CONDESTABLE-XRD150USS-003-A
1471,20260923,50,258,PERFORISTA,12.0,0.0,20260923-CONDESTABLE-XRD150USS-003-B
1472,20260924,50,258,PERFORISTA,12.0,0.0,20260924-CONDESTABLE-XRD150USS-003-A
1473,20260924,50,258,PERFORISTA,12.0,0.0,20260924-CONDESTABLE-XRD150USS-003-B
1474,20260925,50,258,PERFORISTA,12.0,0.0,20260925-CONDESTABLE-XRD150USS-003-A
1475,20260925,50,258,PERFORISTA,12.0,0.0,20260925-CONDESTABLE-XRD150USS-003-B
1476,20260826,52,249,PERFORISTA,12.0,0.0,20260826-CUCULI-XRD100ST-001-A
1477,20260826,52,149,AYUDANTE DE PERFORACION,12.0,0.0,20260826-CUCULI-XRD100ST-001-A
1478,20260826,52,329,AYUDANTE DE PERFORACION,12.0,0.0,20260826-CUCULI-XRD100ST-001-A
1479,20260826,52,215,PERFORISTA,12.0,0.0,20260826-CUCULI-XRD100ST-001-B
1480,20260826,52,322,AYUDANTE DE PERFORACION,12.0,0.0,20260826-CUCULI-XRD100ST-001-B
1481,20260826,52,63,AYUDANTE DE PERFORACION,12.0,0.0,20260826-CUCULI-XRD100ST-001-B
1482,20260827,52,215,PERFORISTA,12.0,0.0,20260827-CUCULI-XRD100ST-001-A
1483,20260827,52,322,AYUDANTE DE PERFORACION,12.0,0.0,20260827-CUCULI-XRD100ST-001-A
1484,20260827,52,63,AYUDANTE DE PERFORACION,12.0,0.0,20260827-CUCULI-XRD100ST-001-A
1485,20260827,52,273,PERFORISTA,12.0,0.0,20260827-CUCULI-XRD100ST-001-B
1486,20260827,52,218,AYUDANTE DE PERFORACION,12.0,0.0,20260827-CUCULI-XRD100ST-001-B
1487,20260827,52,236,AYUDANTE DE PERFORACION,12.0,0.0,20260827-CUCULI-XRD100ST-001-B
1488,20260828,52,215,PERFORISTA,12.0,0.0,20260828-CUCULI-XRD100ST-001-A
1489,20260828,52,322,AYUDANTE DE PERFORACION,12.0,0.0,20260828-CUCULI-XRD100ST-001-A
1490,20260828,52,63,AYUDANTE DE PERFORACION,12.0,0.0,20260828-CUCULI-XRD100ST-001-A
1491,20260828,52,273,PERFORISTA,12.0,0.0,20260828-CUCULI-XRD100ST-001-B
1492,20260828,52,218,AYUDANTE DE PERFORACION,12.0,0.0,20260828-CUCULI-XRD100ST-001-B
1493,20260828,52,236,AYUDANTE DE PERFORACION,12.0,0.0,20260828-CUCULI-XRD100ST-001-B
1494,20260829,52,215,PERFORISTA,12.0,0.0,20260829-CUCULI-XRD100ST-001-A
1495,20260829,52,322,AYUDANTE DE PERFORACION,12.0,0.0,20260829-CUCULI-XRD100ST-001-A
1496,20260829,52,63,AYUDANTE DE PERFORACION,12.0,0.0,20260829-CUCULI-XRD100ST-001-A
1497,20260829,52,273,PERFORISTA,12.0,0.0,20260829-CUCULI-XRD100ST-001-B
1498,20260829,52,218,AYUDANTE DE PERFORACION,12.0,0.0,20260829-CUCULI-XRD100ST-001-B
1499,20260829,52,236,AYUDANTE DE PERFORACION,12.0,0.0,20260829-CUCULI-XRD100ST-001-B
1500,20260830,52,215,PERFORISTA,12.0,0.0,20260830-CUCULI-XRD100ST-001-A
1501,20260830,52,322,AYUDANTE DE PERFORACION,12.0,0.0,20260830-CUCULI-XRD100ST-001-A
1502,20260830,52,63,AYUDANTE DE PERFORACION,12.0,0.0,20260830-CUCULI-XRD100ST-001-A
1503,20260830,52,273,PERFORISTA,12.0,0.0,20260830-CUCULI-XRD100ST-001-B
1504,20260830,52,218,AYUDANTE DE PERFORACION,12.0,0.0,20260830-CUCULI-XRD100ST-001-B
1505,20260830,52,236,AYUDANTE DE PERFORACION,12.0,0.0,20260830-CUCULI-XRD100ST-001-B
1506,20260831,52,215,PERFORISTA,12.0,0.0,20260831-CUCULI-XRD100ST-001-A
1507,20260831,52,322,AYUDANTE DE PERFORACION,12.0,0.0,20260831-CUCULI-XRD100ST-001-A
1508,20260831,52,63,AYUDANTE DE PERFORACION,12.0,0.0,20260831-CUCULI-XRD100ST-001-A
1509,20260831,52,273,PERFORISTA,12.0,0.0,20260831-CUCULI-XRD100ST-001-B
1510,20260831,52,218,AYUDANTE DE PERFORACION,12.0,0.0,20260831-CUCULI-XRD100ST-001-B
1511,20260831,52,236,AYUDANTE DE PERFORACION,12.0,0.0,20260831-CUCULI-XRD100ST-001-B
1512,20260901,52,258,PERFORISTA,12.0,0.0,20260901-CUCULI-XRD100ST-001-A
1513,20260901,52,258,PERFORISTA,12.0,0.0,20260901-CUCULI-XRD100ST-001-B
1514,20260902,52,258,PERFORISTA,12.0,0.0,20260902-CUCULI-XRD100ST-001-A
1515,20260902,52,258,PERFORISTA,12.0,0.0,20260902-CUCULI-XRD100ST-001-B
1516,20260903,52,258,PERFORISTA,12.0,0.0,20260903-CUCULI-XRD100ST-001-A
1517,20260903,52,258,PERFORISTA,12.0,0.0,20260903-CUCULI-XRD100ST-001-B
1518,20260904,52,258,PERFORISTA,12.0,0.0,20260904-CUCULI-XRD100ST-001-A
1519,20260904,52,258,PERFORISTA,12.0,0.0,20260904-CUCULI-XRD100ST-001-B
1520,20260905,52,258,PERFORISTA,12.0,0.0,20260905-CUCULI-XRD100ST-001-A
1521,20260905,52,258,PERFORISTA,12.0,0.0,20260905-CUCULI-XRD100ST-001-B
1522,20260906,52,258,PERFORISTA,12.0,0.0,20260906-CUCULI-XRD100ST-001-A
1523,20260906,52,258,PERFORISTA,12.0,0.0,20260906-CUCULI-XRD100ST-001-B
1524,20260907,52,258,PERFORISTA,12.0,0.0,20260907-CUCULI-XRD100ST-001-A
1525,20260907,52,258,PERFORISTA,12.0,0.0,20260907-CUCULI-XRD100ST-001-B
1526,20260908,52,258,PERFORISTA,12.0,0.0,20260908-CUCULI-XRD100ST-001-A
1527,20260908,52,258,PERFORISTA,12.0,0.0,20260908-CUCULI-XRD100ST-001-B
1528,20260909,52,258,PERFORISTA,12.0,0.0,20260909-CUCULI-XRD100ST-001-A
1529,20260909,52,258,PERFORISTA,12.0,0.0,20260909-CUCULI-XRD100ST-001-B
1530,20260910,52,258,PERFORISTA,12.0,0.0,20260910-CUCULI-XRD100ST-001-A
1531,20260910,52,258,PERFORISTA,12.0,0.0,20260910-CUCULI-XRD100ST-001-B
1532,20260911,52,258,PERFORISTA,12.0,0.0,20260911-CUCULI-XRD100ST-001-A
1533,20260911,52,258,PERFORISTA,12.0,0.0,20260911-CUCULI-XRD100ST-001-B
1534,20260912,52,258,PERFORISTA,12.0,0.0,20260912-CUCULI-XRD100ST-001-A
1535,20260912,52,258,PERFORISTA,12.0,0.0,20260912-CUCULI-XRD100ST-001-B
1536,20260913,52,258,PERFORISTA,12.0,0.0,20260913-CUCULI-XRD100ST-001-A
1537,20260913,52,258,PERFORISTA,12.0,0.0,20260913-CUCULI-XRD100ST-001-B
1538,20260914,52,258,PERFORISTA,12.0,0.0,20260914-CUCULI-XRD100ST-001-A
1539,20260914,52,258,PERFORISTA,12.0,0.0,20260914-CUCULI-XRD100ST-001-B
1540,20260915,52,258,PERFORISTA,12.0,0.0,20260915-CUCULI-XRD100ST-001-A
1541,20260915,52,258,PERFORISTA,12.0,0.0,20260915-CUCULI-XRD100ST-001-B
1542,20260916,52,258,PERFORISTA,12.0,0.0,20260916-CUCULI-XRD100ST-001-A
1543,20260916,52,258,PERFORISTA,12.0,0.0,20260916-CUCULI-XRD100ST-001-B
1544,20260917,52,258,PERFORISTA,12.0,0.0,20260917-CUCULI-XRD100ST-001-A
1545,20260917,52,258,PERFORISTA,12.0,0.0,20260917-CUCULI-XRD100ST-001-B
1546,20260918,52,258,PERFORISTA,12.0,0.0,20260918-CUCULI-XRD100ST-001-A
1547,20260918,52,258,PERFORISTA,12.0,0.0,20260918-CUCULI-XRD100ST-001-B
1548,20260919,52,258,PERFORISTA,12.0,0.0,20260919-CUCULI-XRD100ST-001-A
1549,20260919,52,258,PERFORISTA,12.0,0.0,20260919-CUCULI-XRD100ST-001-B
1550,20260920,52,258,PERFORISTA,12.0,0.0,20260920-CUCULI-XRD100ST-001-A
1551,20260920,52,258,PERFORISTA,12.0,0.0,20260920-CUCULI-XRD100ST-001-B
1552,20260921,52,258,PERFORISTA,12.0,0.0,20260921-CUCULI-XRD100ST-001-A
1553,20260921,52,258,PERFORISTA,12.0,0.0,20260921-CUCULI-XRD100ST-001-B
1554,20260922,52,258,PERFORISTA,12.0,0.0,20260922-CUCULI-XRD100ST-001-A
1555,20260922,52,258,PERFORISTA,12.0,0.0,20260922-CUCULI-XRD100ST-001-B
1556,20260923,52,258,PERFORISTA,12.0,0.0,20260923-CUCULI-XRD100ST-001-A
1557,20260923,52,258,PERFORISTA,12.0,0.0,20260923-CUCULI-XRD100ST-001-B
1558,20260924,52,258,PERFORISTA,12.0,0.0,20260924-CUCULI-XRD100ST-001-A
1559,20260924,52,258,PERFORISTA,12.0,0.0,20260924-CUCULI-XRD100ST-001-B
1560,20260925,52,258,PERFORISTA,12.0,0.0,20260925-CUCULI-XRD100ST-001-A
1561,20260925,52,258,PERFORISTA,12.0,0.0,20260925-CUCULI-XRD100ST-001-B
1562,20260826,60,20,PERFORISTA,12.0,0.0,20260826-INMACULADA-XRD80USS-008-A
1563,20260826,60,352,AYUDANTE DE PERFORACION,12.0,0.0,20260826-INMACULADA-XRD80USS-008-A
1564,20260826,60,77,AYUDANTE DE PERFORACION,12.0,0.0,20260826-INMACULADA-XRD80USS-008-A
1565,20260826,60,1,PERFORISTA,12.0,0.0,20260826-INMACULADA-XRD80USS-008-B
1566,20260826,60,1,AYUDANTE DE PERFORACION,12.0,0.0,20260826-INMACULADA-XRD80USS-008-B
1567,20260826,60,1,AYUDANTE DE PERFORACION,12.0,0.0,20260826-INMACULADA-XRD80USS-008-B
1568,20260827,60,20,PERFORISTA,12.0,0.0,20260827-INMACULADA-XRD80USS-008-A
1569,20260827,60,352,AYUDANTE DE PERFORACION,12.0,0.0,20260827-INMACULADA-XRD80USS-008-A
1570,20260827,60,77,AYUDANTE DE PERFORACION,12.0,0.0,20260827-INMACULADA-XRD80USS-008-A
1571,20260827,60,1,PERFORISTA,12.0,0.0,20260827-INMACULADA-XRD80USS-008-B
1572,20260827,60,1,AYUDANTE DE PERFORACION,12.0,0.0,20260827-INMACULADA-XRD80USS-008-B
1573,20260827,60,1,AYUDANTE DE PERFORACION,12.0,0.0,20260827-INMACULADA-XRD80USS-008-B
1574,20260828,60,374,PERFORISTA,12.0,0.0,20260828-INMACULADA-XRD80USS-008-A
1575,20260828,60,240,AYUDANTE DE PERFORACION,12.0,0.0,20260828-INMACULADA-XRD80USS-008-A
1576,20260828,60,297,AYUDANTE DE PERFORACION,12.0,0.0,20260828-INMACULADA-XRD80USS-008-A
1577,20260828,60,70,PERFORISTA,12.0,0.0,20260828-INMACULADA-XRD80USS-008-B
1578,20260828,60,293,AYUDANTE DE PERFORACION,12.0,0.0,20260828-INMACULADA-XRD80USS-008-B
1579,20260828,60,295,AYUDANTE DE PERFORACION,12.0,0.0,20260828-INMACULADA-XRD80USS-008-B
1580,20260829,60,374,PERFORISTA,12.0,0.0,20260829-INMACULADA-XRD80USS-008-A
1581,20260829,60,240,AYUDANTE DE PERFORACION,12.0,0.0,20260829-INMACULADA-XRD80USS-008-A
1582,20260829,60,297,AYUDANTE DE PERFORACION,12.0,0.0,20260829-INMACULADA-XRD80USS-008-A
1583,20260829,60,70,PERFORISTA,12.0,0.0,20260829-INMACULADA-XRD80USS-008-B
1584,20260829,60,293,AYUDANTE DE PERFORACION,12.0,0.0,20260829-INMACULADA-XRD80USS-008-B
1585,20260829,60,295,AYUDANTE DE PERFORACION,12.0,0.0,20260829-INMACULADA-XRD80USS-008-B
1586,20260830,60,392,PERFORISTA,12.0,0.0,20260830-INMACULADA-XRD80USS-008-A
1587,20260830,60,43,AYUDANTE DE PERFORACION,12.0,0.0,20260830-INMACULADA-XRD80USS-008-A
1588,20260830,60,179,AYUDANTE DE PERFORACION,12.0,0.0,20260830-INMACULADA-XRD80USS-008-A
1589,20260830,60,70,PERFORISTA,12.0,0.0,20260830-INMACULADA-XRD80USS-008-B
1590,20260830,60,293,AYUDANTE DE PERFORACION,12.0,0.0,20260830-INMACULADA-XRD80USS-008-B
1591,20260830,60,295,AYUDANTE DE PERFORACION,12.0,0.0,20260830-INMACULADA-XRD80USS-008-B
1592,20260831,60,392,PERFORISTA,12.0,0.0,20260831-INMACULADA-XRD80USS-008-A
1593,20260831,60,43,AYUDANTE DE PERFORACION,12.0,0.0,20260831-INMACULADA-XRD80USS-008-A
1594,20260831,60,179,AYUDANTE DE PERFORACION,12.0,0.0,20260831-INMACULADA-XRD80USS-008-A
1595,20260831,60,70,PERFORISTA,12.0,0.0,20260831-INMACULADA-XRD80USS-008-B
1596,20260831,60,293,AYUDANTE DE PERFORACION,12.0,0.0,20260831-INMACULADA-XRD80USS-008-B
1597,20260831,60,295,AYUDANTE DE PERFORACION,12.0,0.0,20260831-INMACULADA-XRD80USS-008-B
1598,20260901,60,258,PERFORISTA,12.0,0.0,20260901-INMACULADA-XRD80USS-008-A
1599,20260901,60,258,PERFORISTA,12.0,0.0,20260901-INMACULADA-XRD80USS-008-B
1600,20260902,60,258,PERFORISTA,12.0,0.0,20260902-INMACULADA-XRD80USS-008-A
1601,20260902,60,258,PERFORISTA,12.0,0.0,20260902-INMACULADA-XRD80USS-008-B
1602,20260903,60,258,PERFORISTA,12.0,0.0,20260903-INMACULADA-XRD80USS-008-A
1603,20260903,60,258,PERFORISTA,12.0,0.0,20260903-INMACULADA-XRD80USS-008-B
1604,20260904,60,258,PERFORISTA,12.0,0.0,20260904-INMACULADA-XRD80USS-008-A
1605,20260904,60,258,PERFORISTA,12.0,0.0,20260904-INMACULADA-XRD80USS-008-B
1606,20260905,60,258,PERFORISTA,12.0,0.0,20260905-INMACULADA-XRD80USS-008-A
1607,20260905,60,258,PERFORISTA,12.0,0.0,20260905-INMACULADA-XRD80USS-008-B
1608,20260906,60,258,PERFORISTA,12.0,0.0,20260906-INMACULADA-XRD80USS-008-A
1609,20260906,60,258,PERFORISTA,12.0,0.0,20260906-INMACULADA-XRD80USS-008-B
1610,20260907,60,258,PERFORISTA,12.0,0.0,20260907-INMACULADA-XRD80USS-008-A
1611,20260907,60,258,PERFORISTA,12.0,0.0,20260907-INMACULADA-XRD80USS-008-B
1612,20260908,60,258,PERFORISTA,12.0,0.0,20260908-INMACULADA-XRD80USS-008-A
1613,20260908,60,258,PERFORISTA,12.0,0.0,20260908-INMACULADA-XRD80USS-008-B
1614,20260909,60,258,PERFORISTA,12.0,0.0,20260909-INMACULADA-XRD80USS-008-A
1615,20260909,60,258,PERFORISTA,12.0,0.0,20260909-INMACULADA-XRD80USS-008-B
1616,20260910,60,258,PERFORISTA,12.0,0.0,20260910-INMACULADA-XRD80USS-008-A
1617,20260910,60,258,PERFORISTA,12.0,0.0,20260910-INMACULADA-XRD80USS-008-B
1618,20260911,60,258,PERFORISTA,12.0,0.0,20260911-INMACULADA-XRD80USS-008-A
1619,20260911,60,258,PERFORISTA,12.0,0.0,20260911-INMACULADA-XRD80USS-008-B
1620,20260912,60,258,PERFORISTA,12.0,0.0,20260912-INMACULADA-XRD80USS-008-A
1621,20260912,60,258,PERFORISTA,12.0,0.0,20260912-INMACULADA-XRD80USS-008-B
1622,20260913,60,258,PERFORISTA,12.0,0.0,20260913-INMACULADA-XRD80USS-008-A
1623,20260913,60,258,PERFORISTA,12.0,0.0,20260913-INMACULADA-XRD80USS-008-B
1624,20260914,60,258,PERFORISTA,12.0,0.0,20260914-INMACULADA-XRD80USS-008-A
1625,20260914,60,258,PERFORISTA,12.0,0.0,20260914-INMACULADA-XRD80USS-008-B
1626,20260915,60,258,PERFORISTA,12.0,0.0,20260915-INMACULADA-XRD80USS-008-A
1627,20260915,60,258,PERFORISTA,12.0,0.0,20260915-INMACULADA-XRD80USS-008-B
1628,20260916,60,258,PERFORISTA,12.0,0.0,20260916-INMACULADA-XRD80USS-008-A
1629,20260916,60,258,PERFORISTA,12.0,0.0,20260916-INMACULADA-XRD80USS-008-B
1630,20260917,60,258,PERFORISTA,12.0,0.0,20260917-INMACULADA-XRD80USS-008-A
1631,20260917,60,258,PERFORISTA,12.0,0.0,20260917-INMACULADA-XRD80USS-008-B
1632,20260918,60,258,PERFORISTA,12.0,0.0,20260918-INMACULADA-XRD80USS-008-A
1633,20260918,60,258,PERFORISTA,12.0,0.0,20260918-INMACULADA-XRD80USS-008-B
1634,20260919,60,258,PERFORISTA,12.0,0.0,20260919-INMACULADA-XRD80USS-008-A
1635,20260919,60,258,PERFORISTA,12.0,0.0,20260919-INMACULADA-XRD80USS-008-B
1636,20260920,60,258,PERFORISTA,12.0,0.0,20260920-INMACULADA-XRD80USS-008-A
1637,20260920,60,258,PERFORISTA,12.0,0.0,20260920-INMACULADA-XRD80USS-008-B
1638,20260921,60,258,PERFORISTA,12.0,0.0,20260921-INMACULADA-XRD80USS-008-A
1639,20260921,60,258,PERFORISTA,12.0,0.0,20260921-INMACULADA-XRD80USS-008-B
1640,20260922,60,258,PERFORISTA,12.0,0.0,20260922-INMACULADA-XRD80USS-008-A
1641,20260922,60,258,PERFORISTA,12.0,0.0,20260922-INMACULADA-XRD80USS-008-B
1642,20260923,60,258,PERFORISTA,12.0,0.0,20260923-INMACULADA-XRD80USS-008-A
1643,20260923,60,258,PERFORISTA,12.0,0.0,20260923-INMACULADA-XRD80USS-008-B
1644,20260924,60,258,PERFORISTA,12.0,0.0,20260924-INMACULADA-XRD80USS-008-A
1645,20260924,60,258,PERFORISTA,12.0,0.0,20260924-INMACULADA-XRD80USS-008-B
1646,20260925,60,258,PERFORISTA,12.0,0.0,20260925-INMACULADA-XRD80USS-008-A
1647,20260925,60,258,PERFORISTA,12.0,0.0,20260925-INMACULADA-XRD80USS-008-B
1648,20260826,62,332,PERFORISTA,12.0,0.0,20260826-INMACULADA-XRD90U-016-A
1649,20260826,62,384,AYUDANTE DE PERFORACION,12.0,0.0,20260826-INMACULADA-XRD90U-016-A
1650,20260826,62,176,AYUDANTE DE PERFORACION,12.0,0.0,20260826-INMACULADA-XRD90U-016-A
1651,20260826,62,403,PERFORISTA,12.0,0.0,20260826-INMACULADA-XRD90U-016-B
1652,20260826,62,265,AYUDANTE DE PERFORACION,12.0,0.0,20260826-INMACULADA-XRD90U-016-B
1653,20260826,62,397,AYUDANTE DE PERFORACION,12.0,0.0,20260826-INMACULADA-XRD90U-016-B
1654,20260827,62,332,PERFORISTA,12.0,0.0,20260827-INMACULADA-XRD90U-016-A
1655,20260827,62,384,AYUDANTE DE PERFORACION,12.0,0.0,20260827-INMACULADA-XRD90U-016-A
1656,20260827,62,176,AYUDANTE DE PERFORACION,12.0,0.0,20260827-INMACULADA-XRD90U-016-A
1657,20260827,62,403,PERFORISTA,12.0,0.0,20260827-INMACULADA-XRD90U-016-B
1658,20260827,62,265,AYUDANTE DE PERFORACION,12.0,0.0,20260827-INMACULADA-XRD90U-016-B
1659,20260827,62,397,AYUDANTE DE PERFORACION,12.0,0.0,20260827-INMACULADA-XRD90U-016-B
1660,20260828,62,403,PERFORISTA,12.0,0.0,20260828-INMACULADA-XRD90U-016-A
1661,20260828,62,265,AYUDANTE DE PERFORACION,12.0,0.0,20260828-INMACULADA-XRD90U-016-A
1662,20260828,62,397,AYUDANTE DE PERFORACION,12.0,0.0,20260828-INMACULADA-XRD90U-016-A
1663,20260828,62,350,PERFORISTA,12.0,0.0,20260828-INMACULADA-XRD90U-016-B
1664,20260828,62,364,AYUDANTE DE PERFORACION,12.0,0.0,20260828-INMACULADA-XRD90U-016-B
1665,20260828,62,117,AYUDANTE DE PERFORACION,12.0,0.0,20260828-INMACULADA-XRD90U-016-B
1666,20260829,62,403,PERFORISTA,12.0,0.0,20260829-INMACULADA-XRD90U-016-A
1667,20260829,62,265,AYUDANTE DE PERFORACION,12.0,0.0,20260829-INMACULADA-XRD90U-016-A
1668,20260829,62,397,AYUDANTE DE PERFORACION,12.0,0.0,20260829-INMACULADA-XRD90U-016-A
1669,20260829,62,350,PERFORISTA,12.0,0.0,20260829-INMACULADA-XRD90U-016-B
1670,20260829,62,364,AYUDANTE DE PERFORACION,12.0,0.0,20260829-INMACULADA-XRD90U-016-B
1671,20260829,62,117,AYUDANTE DE PERFORACION,12.0,0.0,20260829-INMACULADA-XRD90U-016-B
1672,20260830,62,403,PERFORISTA,12.0,0.0,20260830-INMACULADA-XRD90U-016-A
1673,20260830,62,265,AYUDANTE DE PERFORACION,12.0,0.0,20260830-INMACULADA-XRD90U-016-A
1674,20260830,62,397,AYUDANTE DE PERFORACION,12.0,0.0,20260830-INMACULADA-XRD90U-016-A
1675,20260830,62,350,PERFORISTA,12.0,0.0,20260830-INMACULADA-XRD90U-016-B
1676,20260830,62,364,AYUDANTE DE PERFORACION,12.0,0.0,20260830-INMACULADA-XRD90U-016-B
1677,20260830,62,117,AYUDANTE DE PERFORACION,12.0,0.0,20260830-INMACULADA-XRD90U-016-B
1678,20260831,62,403,PERFORISTA,12.0,0.0,20260831-INMACULADA-XRD90U-016-A
1679,20260831,62,265,AYUDANTE DE PERFORACION,12.0,0.0,20260831-INMACULADA-XRD90U-016-A
1680,20260831,62,397,AYUDANTE DE PERFORACION,12.0,0.0,20260831-INMACULADA-XRD90U-016-A
1681,20260831,62,350,PERFORISTA,12.0,0.0,20260831-INMACULADA-XRD90U-016-B
1682,20260831,62,364,AYUDANTE DE PERFORACION,12.0,0.0,20260831-INMACULADA-XRD90U-016-B
1683,20260831,62,117,AYUDANTE DE PERFORACION,12.0,0.0,20260831-INMACULADA-XRD90U-016-B
1684,20260901,62,258,PERFORISTA,12.0,0.0,20260901-INMACULADA-XRD90U-016-A
1685,20260901,62,258,PERFORISTA,12.0,0.0,20260901-INMACULADA-XRD90U-016-B
1686,20260902,62,258,PERFORISTA,12.0,0.0,20260902-INMACULADA-XRD90U-016-A
1687,20260902,62,258,PERFORISTA,12.0,0.0,20260902-INMACULADA-XRD90U-016-B
1688,20260903,62,258,PERFORISTA,12.0,0.0,20260903-INMACULADA-XRD90U-016-A
1689,20260903,62,258,PERFORISTA,12.0,0.0,20260903-INMACULADA-XRD90U-016-B
1690,20260904,62,258,PERFORISTA,12.0,0.0,20260904-INMACULADA-XRD90U-016-A
1691,20260904,62,258,PERFORISTA,12.0,0.0,20260904-INMACULADA-XRD90U-016-B
1692,20260905,62,258,PERFORISTA,12.0,0.0,20260905-INMACULADA-XRD90U-016-A
1693,20260905,62,258,PERFORISTA,12.0,0.0,20260905-INMACULADA-XRD90U-016-B
1694,20260906,62,258,PERFORISTA,12.0,0.0,20260906-INMACULADA-XRD90U-016-A
1695,20260906,62,258,PERFORISTA,12.0,0.0,20260906-INMACULADA-XRD90U-016-B
1696,20260907,62,258,PERFORISTA,12.0,0.0,20260907-INMACULADA-XRD90U-016-A
1697,20260907,62,258,PERFORISTA,12.0,0.0,20260907-INMACULADA-XRD90U-016-B
1698,20260908,62,258,PERFORISTA,12.0,0.0,20260908-INMACULADA-XRD90U-016-A
1699,20260908,62,258,PERFORISTA,12.0,0.0,20260908-INMACULADA-XRD90U-016-B
1700,20260909,62,258,PERFORISTA,12.0,0.0,20260909-INMACULADA-XRD90U-016-A
1701,20260909,62,258,PERFORISTA,12.0,0.0,20260909-INMACULADA-XRD90U-016-B
1702,20260910,62,258,PERFORISTA,12.0,0.0,20260910-INMACULADA-XRD90U-016-A
1703,20260910,62,258,PERFORISTA,12.0,0.0,20260910-INMACULADA-XRD90U-016-B
1704,20260911,62,258,PERFORISTA,12.0,0.0,20260911-INMACULADA-XRD90U-016-A
1705,20260911,62,258,PERFORISTA,12.0,0.0,20260911-INMACULADA-XRD90U-016-B
1706,20260912,62,258,PERFORISTA,12.0,0.0,20260912-INMACULADA-XRD90U-016-A
1707,20260912,62,258,PERFORISTA,12.0,0.0,20260912-INMACULADA-XRD90U-016-B
1708,20260913,62,258,PERFORISTA,12.0,0.0,20260913-INMACULADA-XRD90U-016-A
1709,20260913,62,258,PERFORISTA,12.0,0.0,20260913-INMACULADA-XRD90U-016-B
1710,20260914,62,258,PERFORISTA,12.0,0.0,20260914-INMACULADA-XRD90U-016-A
1711,20260914,62,258,PERFORISTA,12.0,0.0,20260914-INMACULADA-XRD90U-016-B
1712,20260915,62,258,PERFORISTA,12.0,0.0,20260915-INMACULADA-XRD90U-016-A
1713,20260915,62,258,PERFORISTA,12.0,0.0,20260915-INMACULADA-XRD90U-016-B
1714,20260916,62,258,PERFORISTA,12.0,0.0,20260916-INMACULADA-XRD90U-016-A
1715,20260916,62,258,PERFORISTA,12.0,0.0,20260916-INMACULADA-XRD90U-016-B
1716,20260917,62,258,PERFORISTA,12.0,0.0,20260917-INMACULADA-XRD90U-016-A
1717,20260917,62,258,PERFORISTA,12.0,0.0,20260917-INMACULADA-XRD90U-016-B
1718,20260918,62,258,PERFORISTA,12.0,0.0,20260918-INMACULADA-XRD90U-016-A
1719,20260918,62,258,PERFORISTA,12.0,0.0,20260918-INMACULADA-XRD90U-016-B
1720,20260919,62,258,PERFORISTA,12.0,0.0,20260919-INMACULADA-XRD90U-016-A
1721,20260919,62,258,PERFORISTA,12.0,0.0,20260919-INMACULADA-XRD90U-016-B
1722,20260920,62,258,PERFORISTA,12.0,0.0,20260920-INMACULADA-XRD90U-016-A
1723,20260920,62,258,PERFORISTA,12.0,0.0,20260920-INMACULADA-XRD90U-016-B
1724,20260921,62,258,PERFORISTA,12.0,0.0,20260921-INMACULADA-XRD90U-016-A
1725,20260921,62,258,PERFORISTA,12.0,0.0,20260921-INMACULADA-XRD90U-016-B
1726,20260922,62,258,PERFORISTA,12.0,0.0,20260922-INMACULADA-XRD90U-016-A
1727,20260922,62,258,PERFORISTA,12.0,0.0,20260922-INMACULADA-XRD90U-016-B
1728,20260923,62,258,PERFORISTA,12.0,0.0,20260923-INMACULADA-XRD90U-016-A
1729,20260923,62,258,PERFORISTA,12.0,0.0,20260923-INMACULADA-XRD90U-016-B
1730,20260924,62,258,PERFORISTA,12.0,0.0,20260924-INMACULADA-XRD90U-016-A
1731,20260924,62,258,PERFORISTA,12.0,0.0,20260924-INMACULADA-XRD90U-016-B
1732,20260925,62,258,PERFORISTA,12.0,0.0,20260925-INMACULADA-XRD90U-016-A
1733,20260925,62,258,PERFORISTA,12.0,0.0,20260925-INMACULADA-XRD90U-016-B
1734,20260826,56,306,PERFORISTA,12.0,0.0,20260826-INMACULADA-XRD150U-003-A
1735,20260826,56,213,AYUDANTE DE PERFORACION,12.0,0.0,20260826-INMACULADA-XRD150U-003-A
1736,20260826,56,91,AYUDANTE DE PERFORACION,12.0,0.0,20260826-INMACULADA-XRD150U-003-A
1737,20260826,56,373,PERFORISTA,12.0,0.0,20260826-INMACULADA-XRD150U-003-B
1738,20260826,56,40,AYUDANTE DE PERFORACION,12.0,0.0,20260826-INMACULADA-XRD150U-003-B
1739,20260826,56,307,AYUDANTE DE PERFORACION,12.0,0.0,20260826-INMACULADA-XRD150U-003-B
1740,20260827,56,306,PERFORISTA,12.0,0.0,20260827-INMACULADA-XRD150U-003-A
1741,20260827,56,213,AYUDANTE DE PERFORACION,12.0,0.0,20260827-INMACULADA-XRD150U-003-A
1742,20260827,56,91,AYUDANTE DE PERFORACION,12.0,0.0,20260827-INMACULADA-XRD150U-003-A
1743,20260827,56,373,PERFORISTA,12.0,0.0,20260827-INMACULADA-XRD150U-003-B
1744,20260827,56,40,AYUDANTE DE PERFORACION,12.0,0.0,20260827-INMACULADA-XRD150U-003-B
1745,20260827,56,307,AYUDANTE DE PERFORACION,12.0,0.0,20260827-INMACULADA-XRD150U-003-B
1746,20260828,56,373,PERFORISTA,12.0,0.0,20260828-INMACULADA-XRD150U-003-A
1747,20260828,56,40,AYUDANTE DE PERFORACION,12.0,0.0,20260828-INMACULADA-XRD150U-003-A
1748,20260828,56,307,AYUDANTE DE PERFORACION,12.0,0.0,20260828-INMACULADA-XRD150U-003-A
1749,20260828,56,151,PERFORISTA,12.0,0.0,20260828-INMACULADA-XRD150U-003-B
1750,20260828,56,148,AYUDANTE DE PERFORACION,12.0,0.0,20260828-INMACULADA-XRD150U-003-B
1751,20260828,56,178,AYUDANTE DE PERFORACION,12.0,0.0,20260828-INMACULADA-XRD150U-003-B
1752,20260829,56,373,PERFORISTA,12.0,0.0,20260829-INMACULADA-XRD150U-003-A
1753,20260829,56,40,AYUDANTE DE PERFORACION,12.0,0.0,20260829-INMACULADA-XRD150U-003-A
1754,20260829,56,307,AYUDANTE DE PERFORACION,12.0,0.0,20260829-INMACULADA-XRD150U-003-A
1755,20260829,56,151,PERFORISTA,12.0,0.0,20260829-INMACULADA-XRD150U-003-B
1756,20260829,56,148,AYUDANTE DE PERFORACION,12.0,0.0,20260829-INMACULADA-XRD150U-003-B
1757,20260829,56,178,AYUDANTE DE PERFORACION,12.0,0.0,20260829-INMACULADA-XRD150U-003-B
1758,20260830,56,373,PERFORISTA,12.0,0.0,20260830-INMACULADA-XRD150U-003-A
1759,20260830,56,40,AYUDANTE DE PERFORACION,12.0,0.0,20260830-INMACULADA-XRD150U-003-A
1760,20260830,56,307,AYUDANTE DE PERFORACION,12.0,0.0,20260830-INMACULADA-XRD150U-003-A
1761,20260830,56,151,PERFORISTA,12.0,0.0,20260830-INMACULADA-XRD150U-003-B
1762,20260830,56,148,AYUDANTE DE PERFORACION,12.0,0.0,20260830-INMACULADA-XRD150U-003-B
1763,20260830,56,178,AYUDANTE DE PERFORACION,12.0,0.0,20260830-INMACULADA-XRD150U-003-B
1764,20260831,56,373,PERFORISTA,12.0,0.0,20260831-INMACULADA-XRD150U-003-A
1765,20260831,56,40,AYUDANTE DE PERFORACION,12.0,0.0,20260831-INMACULADA-XRD150U-003-A
1766,20260831,56,307,AYUDANTE DE PERFORACION,12.0,0.0,20260831-INMACULADA-XRD150U-003-A
1767,20260831,56,151,PERFORISTA,12.0,0.0,20260831-INMACULADA-XRD150U-003-B
1768,20260831,56,148,AYUDANTE DE PERFORACION,12.0,0.0,20260831-INMACULADA-XRD150U-003-B
1769,20260831,56,178,AYUDANTE DE PERFORACION,12.0,0.0,20260831-INMACULADA-XRD150U-003-B
1770,20260901,56,258,PERFORISTA,12.0,0.0,20260901-INMACULADA-XRD150U-003-A
1771,20260901,56,258,PERFORISTA,12.0,0.0,20260901-INMACULADA-XRD150U-003-B
1772,20260902,56,258,PERFORISTA,12.0,0.0,20260902-INMACULADA-XRD150U-003-A
1773,20260902,56,258,PERFORISTA,12.0,0.0,20260902-INMACULADA-XRD150U-003-B
1774,20260903,56,258,PERFORISTA,12.0,0.0,20260903-INMACULADA-XRD150U-003-A
1775,20260903,56,258,PERFORISTA,12.0,0.0,20260903-INMACULADA-XRD150U-003-B
1776,20260904,56,258,PERFORISTA,12.0,0.0,20260904-INMACULADA-XRD150U-003-A
1777,20260904,56,258,PERFORISTA,12.0,0.0,20260904-INMACULADA-XRD150U-003-B
1778,20260905,56,258,PERFORISTA,12.0,0.0,20260905-INMACULADA-XRD150U-003-A
1779,20260905,56,258,PERFORISTA,12.0,0.0,20260905-INMACULADA-XRD150U-003-B
1780,20260906,56,258,PERFORISTA,12.0,0.0,20260906-INMACULADA-XRD150U-003-A
1781,20260906,56,258,PERFORISTA,12.0,0.0,20260906-INMACULADA-XRD150U-003-B
1782,20260907,56,258,PERFORISTA,12.0,0.0,20260907-INMACULADA-XRD150U-003-A
1783,20260907,56,258,PERFORISTA,12.0,0.0,20260907-INMACULADA-XRD150U-003-B
1784,20260908,56,258,PERFORISTA,12.0,0.0,20260908-INMACULADA-XRD150U-003-A
1785,20260908,56,258,PERFORISTA,12.0,0.0,20260908-INMACULADA-XRD150U-003-B
1786,20260909,56,258,PERFORISTA,12.0,0.0,20260909-INMACULADA-XRD150U-003-A
1787,20260909,56,258,PERFORISTA,12.0,0.0,20260909-INMACULADA-XRD150U-003-B
1788,20260910,56,258,PERFORISTA,12.0,0.0,20260910-INMACULADA-XRD150U-003-A
1789,20260910,56,258,PERFORISTA,12.0,0.0,20260910-INMACULADA-XRD150U-003-B
1790,20260911,56,258,PERFORISTA,12.0,0.0,20260911-INMACULADA-XRD150U-003-A
1791,20260911,56,258,PERFORISTA,12.0,0.0,20260911-INMACULADA-XRD150U-003-B
1792,20260912,56,258,PERFORISTA,12.0,0.0,20260912-INMACULADA-XRD150U-003-A
1793,20260912,56,258,PERFORISTA,12.0,0.0,20260912-INMACULADA-XRD150U-003-B
1794,20260913,56,258,PERFORISTA,12.0,0.0,20260913-INMACULADA-XRD150U-003-A
1795,20260913,56,258,PERFORISTA,12.0,0.0,20260913-INMACULADA-XRD150U-003-B
1796,20260914,56,258,PERFORISTA,12.0,0.0,20260914-INMACULADA-XRD150U-003-A
1797,20260914,56,258,PERFORISTA,12.0,0.0,20260914-INMACULADA-XRD150U-003-B
1798,20260915,56,258,PERFORISTA,12.0,0.0,20260915-INMACULADA-XRD150U-003-A
1799,20260915,56,258,PERFORISTA,12.0,0.0,20260915-INMACULADA-XRD150U-003-B
1800,20260916,56,258,PERFORISTA,12.0,0.0,20260916-INMACULADA-XRD150U-003-A
1801,20260916,56,258,PERFORISTA,12.0,0.0,20260916-INMACULADA-XRD150U-003-B
1802,20260917,56,258,PERFORISTA,12.0,0.0,20260917-INMACULADA-XRD150U-003-A
1803,20260917,56,258,PERFORISTA,12.0,0.0,20260917-INMACULADA-XRD150U-003-B
1804,20260918,56,258,PERFORISTA,12.0,0.0,20260918-INMACULADA-XRD150U-003-A
1805,20260918,56,258,PERFORISTA,12.0,0.0,20260918-INMACULADA-XRD150U-003-B
1806,20260919,56,258,PERFORISTA,12.0,0.0,20260919-INMACULADA-XRD150U-003-A
1807,20260919,56,258,PERFORISTA,12.0,0.0,20260919-INMACULADA-XRD150U-003-B
1808,20260920,56,258,PERFORISTA,12.0,0.0,20260920-INMACULADA-XRD150U-003-A
1809,20260920,56,258,PERFORISTA,12.0,0.0,20260920-INMACULADA-XRD150U-003-B
1810,20260921,56,258,PERFORISTA,12.0,0.0,20260921-INMACULADA-XRD150U-003-A
1811,20260921,56,258,PERFORISTA,12.0,0.0,20260921-INMACULADA-XRD150U-003-B
1812,20260922,56,258,PERFORISTA,12.0,0.0,20260922-INMACULADA-XRD150U-003-A
1813,20260922,56,258,PERFORISTA,12.0,0.0,20260922-INMACULADA-XRD150U-003-B
1814,20260923,56,258,PERFORISTA,12.0,0.0,20260923-INMACULADA-XRD150U-003-A
1815,20260923,56,258,PERFORISTA,12.0,0.0,20260923-INMACULADA-XRD150U-003-B
1816,20260924,56,258,PERFORISTA,12.0,0.0,20260924-INMACULADA-XRD150U-003-A
1817,20260924,56,258,PERFORISTA,12.0,0.0,20260924-INMACULADA-XRD150U-003-B
1818,20260925,56,258,PERFORISTA,12.0,0.0,20260925-INMACULADA-XRD150U-003-A
1819,20260925,56,258,PERFORISTA,12.0,0.0,20260925-INMACULADA-XRD150U-003-B
1820,20260826,55,233,PERFORISTA,12.0,0.0,20260826-INMACULADA-XLM75UFDR-001-A
1821,20260826,55,390,AYUDANTE DE PERFORACION,12.0,0.0,20260826-INMACULADA-XLM75UFDR-001-A
1822,20260826,55,370,AYUDANTE DE PERFORACION,12.0,0.0,20260826-INMACULADA-XLM75UFDR-001-A
1823,20260826,55,1,PERFORISTA,12.0,0.0,20260826-INMACULADA-XLM75UFDR-001-B
1824,20260826,55,1,AYUDANTE DE PERFORACION,12.0,0.0,20260826-INMACULADA-XLM75UFDR-001-B
1825,20260826,55,1,AYUDANTE DE PERFORACION,12.0,0.0,20260826-INMACULADA-XLM75UFDR-001-B
1826,20260827,55,233,PERFORISTA,12.0,0.0,20260827-INMACULADA-XLM75UFDR-001-A
1827,20260827,55,390,AYUDANTE DE PERFORACION,12.0,0.0,20260827-INMACULADA-XLM75UFDR-001-A
1828,20260827,55,370,AYUDANTE DE PERFORACION,12.0,0.0,20260827-INMACULADA-XLM75UFDR-001-A
1829,20260827,55,126,PERFORISTA,12.0,0.0,20260827-INMACULADA-XLM75UFDR-001-B
1830,20260827,55,334,AYUDANTE DE PERFORACION,12.0,0.0,20260827-INMACULADA-XLM75UFDR-001-B
1831,20260827,55,18,AYUDANTE DE PERFORACION,12.0,0.0,20260827-INMACULADA-XLM75UFDR-001-B
1832,20260828,55,126,PERFORISTA,12.0,0.0,20260828-INMACULADA-XLM75UFDR-001-A
1833,20260828,55,334,AYUDANTE DE PERFORACION,12.0,0.0,20260828-INMACULADA-XLM75UFDR-001-A
1834,20260828,55,18,AYUDANTE DE PERFORACION,12.0,0.0,20260828-INMACULADA-XLM75UFDR-001-A
1835,20260828,55,132,PERFORISTA,12.0,0.0,20260828-INMACULADA-XLM75UFDR-001-B
1836,20260828,55,351,AYUDANTE DE PERFORACION,12.0,0.0,20260828-INMACULADA-XLM75UFDR-001-B
1837,20260828,55,250,AYUDANTE DE PERFORACION,12.0,0.0,20260828-INMACULADA-XLM75UFDR-001-B
1838,20260829,55,126,PERFORISTA,12.0,0.0,20260829-INMACULADA-XLM75UFDR-001-A
1839,20260829,55,334,AYUDANTE DE PERFORACION,12.0,0.0,20260829-INMACULADA-XLM75UFDR-001-A
1840,20260829,55,18,AYUDANTE DE PERFORACION,12.0,0.0,20260829-INMACULADA-XLM75UFDR-001-A
1841,20260829,55,132,PERFORISTA,12.0,0.0,20260829-INMACULADA-XLM75UFDR-001-B
1842,20260829,55,351,AYUDANTE DE PERFORACION,12.0,0.0,20260829-INMACULADA-XLM75UFDR-001-B
1843,20260829,55,250,AYUDANTE DE PERFORACION,12.0,0.0,20260829-INMACULADA-XLM75UFDR-001-B
1844,20260830,55,126,PERFORISTA,12.0,0.0,20260830-INMACULADA-XLM75UFDR-001-A
1845,20260830,55,334,AYUDANTE DE PERFORACION,12.0,0.0,20260830-INMACULADA-XLM75UFDR-001-A
1846,20260830,55,18,AYUDANTE DE PERFORACION,12.0,0.0,20260830-INMACULADA-XLM75UFDR-001-A
1847,20260830,55,132,PERFORISTA,12.0,0.0,20260830-INMACULADA-XLM75UFDR-001-B
1848,20260830,55,351,AYUDANTE DE PERFORACION,12.0,0.0,20260830-INMACULADA-XLM75UFDR-001-B
1849,20260830,55,250,AYUDANTE DE PERFORACION,12.0,0.0,20260830-INMACULADA-XLM75UFDR-001-B
1850,20260831,55,126,PERFORISTA,12.0,0.0,20260831-INMACULADA-XLM75UFDR-001-A
1851,20260831,55,334,AYUDANTE DE PERFORACION,12.0,0.0,20260831-INMACULADA-XLM75UFDR-001-A
1852,20260831,55,18,AYUDANTE DE PERFORACION,12.0,0.0,20260831-INMACULADA-XLM75UFDR-001-A
1853,20260831,55,132,PERFORISTA,12.0,0.0,20260831-INMACULADA-XLM75UFDR-001-B
1854,20260831,55,351,AYUDANTE DE PERFORACION,12.0,0.0,20260831-INMACULADA-XLM75UFDR-001-B
1855,20260831,55,250,AYUDANTE DE PERFORACION,12.0,0.0,20260831-INMACULADA-XLM75UFDR-001-B
1856,20260901,55,258,PERFORISTA,12.0,0.0,20260901-INMACULADA-XLM75UFDR-001-A
1857,20260901,55,258,PERFORISTA,12.0,0.0,20260901-INMACULADA-XLM75UFDR-001-B
1858,20260902,55,258,PERFORISTA,12.0,0.0,20260902-INMACULADA-XLM75UFDR-001-A
1859,20260902,55,258,PERFORISTA,12.0,0.0,20260902-INMACULADA-XLM75UFDR-001-B
1860,20260903,55,258,PERFORISTA,12.0,0.0,20260903-INMACULADA-XLM75UFDR-001-A
1861,20260903,55,258,PERFORISTA,12.0,0.0,20260903-INMACULADA-XLM75UFDR-001-B
1862,20260904,55,258,PERFORISTA,12.0,0.0,20260904-INMACULADA-XLM75UFDR-001-A
1863,20260904,55,258,PERFORISTA,12.0,0.0,20260904-INMACULADA-XLM75UFDR-001-B
1864,20260905,55,258,PERFORISTA,12.0,0.0,20260905-INMACULADA-XLM75UFDR-001-A
1865,20260905,55,258,PERFORISTA,12.0,0.0,20260905-INMACULADA-XLM75UFDR-001-B
1866,20260906,55,258,PERFORISTA,12.0,0.0,20260906-INMACULADA-XLM75UFDR-001-A
1867,20260906,55,258,PERFORISTA,12.0,0.0,20260906-INMACULADA-XLM75UFDR-001-B
1868,20260907,55,258,PERFORISTA,12.0,0.0,20260907-INMACULADA-XLM75UFDR-001-A
1869,20260907,55,258,PERFORISTA,12.0,0.0,20260907-INMACULADA-XLM75UFDR-001-B
1870,20260908,55,258,PERFORISTA,12.0,0.0,20260908-INMACULADA-XLM75UFDR-001-A
1871,20260908,55,258,PERFORISTA,12.0,0.0,20260908-INMACULADA-XLM75UFDR-001-B
1872,20260909,55,258,PERFORISTA,12.0,0.0,20260909-INMACULADA-XLM75UFDR-001-A
1873,20260909,55,258,PERFORISTA,12.0,0.0,20260909-INMACULADA-XLM75UFDR-001-B
1874,20260910,55,258,PERFORISTA,12.0,0.0,20260910-INMACULADA-XLM75UFDR-001-A
1875,20260910,55,258,PERFORISTA,12.0,0.0,20260910-INMACULADA-XLM75UFDR-001-B
1876,20260911,55,258,PERFORISTA,12.0,0.0,20260911-INMACULADA-XLM75UFDR-001-A
1877,20260911,55,258,PERFORISTA,12.0,0.0,20260911-INMACULADA-XLM75UFDR-001-B
1878,20260912,55,258,PERFORISTA,12.0,0.0,20260912-INMACULADA-XLM75UFDR-001-A
1879,20260912,55,258,PERFORISTA,12.0,0.0,20260912-INMACULADA-XLM75UFDR-001-B
1880,20260913,55,258,PERFORISTA,12.0,0.0,20260913-INMACULADA-XLM75UFDR-001-A
1881,20260913,55,258,PERFORISTA,12.0,0.0,20260913-INMACULADA-XLM75UFDR-001-B
1882,20260914,55,258,PERFORISTA,12.0,0.0,20260914-INMACULADA-XLM75UFDR-001-A
1883,20260914,55,258,PERFORISTA,12.0,0.0,20260914-INMACULADA-XLM75UFDR-001-B
1884,20260915,55,258,PERFORISTA,12.0,0.0,20260915-INMACULADA-XLM75UFDR-001-A
1885,20260915,55,258,PERFORISTA,12.0,0.0,20260915-INMACULADA-XLM75UFDR-001-B
1886,20260916,55,258,PERFORISTA,12.0,0.0,20260916-INMACULADA-XLM75UFDR-001-A
1887,20260916,55,258,PERFORISTA,12.0,0.0,20260916-INMACULADA-XLM75UFDR-001-B
1888,20260917,55,258,PERFORISTA,12.0,0.0,20260917-INMACULADA-XLM75UFDR-001-A
1889,20260917,55,258,PERFORISTA,12.0,0.0,20260917-INMACULADA-XLM75UFDR-001-B
1890,20260918,55,258,PERFORISTA,12.0,0.0,20260918-INMACULADA-XLM75UFDR-001-A
1891,20260918,55,258,PERFORISTA,12.0,0.0,20260918-INMACULADA-XLM75UFDR-001-B
1892,20260919,55,258,PERFORISTA,12.0,0.0,20260919-INMACULADA-XLM75UFDR-001-A
1893,20260919,55,258,PERFORISTA,12.0,0.0,20260919-INMACULADA-XLM75UFDR-001-B
1894,20260920,55,258,PERFORISTA,12.0,0.0,20260920-INMACULADA-XLM75UFDR-001-A
1895,20260920,55,258,PERFORISTA,12.0,0.0,20260920-INMACULADA-XLM75UFDR-001-B
1896,20260921,55,258,PERFORISTA,12.0,0.0,20260921-INMACULADA-XLM75UFDR-001-A
1897,20260921,55,258,PERFORISTA,12.0,0.0,20260921-INMACULADA-XLM75UFDR-001-B
1898,20260922,55,258,PERFORISTA,12.0,0.0,20260922-INMACULADA-XLM75UFDR-001-A
1899,20260922,55,258,PERFORISTA,12.0,0.0,20260922-INMACULADA-XLM75UFDR-001-B
1900,20260923,55,258,PERFORISTA,12.0,0.0,20260923-INMACULADA-XLM75UFDR-001-A
1901,20260923,55,258,PERFORISTA,12.0,0.0,20260923-INMACULADA-XLM75UFDR-001-B
1902,20260924,55,258,PERFORISTA,12.0,0.0,20260924-INMACULADA-XLM75UFDR-001-A
1903,20260924,55,258,PERFORISTA,12.0,0.0,20260924-INMACULADA-XLM75UFDR-001-B
1904,20260925,55,258,PERFORISTA,12.0,0.0,20260925-INMACULADA-XLM75UFDR-001-A
1905,20260925,55,258,PERFORISTA,12.0,0.0,20260925-INMACULADA-XLM75UFDR-001-B
1906,20260826,59,1,PERFORISTA,12.0,0.0,20260826-INMACULADA-XRD250U-001-A
1907,20260826,59,1,AYUDANTE DE PERFORACION,12.0,0.0,20260826-INMACULADA-XRD250U-001-A
1908,20260826,59,1,AYUDANTE DE PERFORACION,12.0,0.0,20260826-INMACULADA-XRD250U-001-A
1909,20260826,59,1,PERFORISTA,12.0,0.0,20260826-INMACULADA-XRD250U-001-B
1910,20260826,59,1,AYUDANTE DE PERFORACION,12.0,0.0,20260826-INMACULADA-XRD250U-001-B
1911,20260826,59,1,AYUDANTE DE PERFORACION,12.0,0.0,20260826-INMACULADA-XRD250U-001-B
1912,20260827,59,1,PERFORISTA,12.0,0.0,20260827-INMACULADA-XRD250U-001-A
1913,20260827,59,1,AYUDANTE DE PERFORACION,12.0,0.0,20260827-INMACULADA-XRD250U-001-A
1914,20260827,59,1,AYUDANTE DE PERFORACION,12.0,0.0,20260827-INMACULADA-XRD250U-001-A
1915,20260827,59,1,PERFORISTA,12.0,0.0,20260827-INMACULADA-XRD250U-001-B
1916,20260827,59,1,AYUDANTE DE PERFORACION,12.0,0.0,20260827-INMACULADA-XRD250U-001-B
1917,20260827,59,1,AYUDANTE DE PERFORACION,12.0,0.0,20260827-INMACULADA-XRD250U-001-B
1918,20260828,59,1,PERFORISTA,12.0,0.0,20260828-INMACULADA-XRD250U-001-A
1919,20260828,59,1,AYUDANTE DE PERFORACION,12.0,0.0,20260828-INMACULADA-XRD250U-001-A
1920,20260828,59,1,AYUDANTE DE PERFORACION,12.0,0.0,20260828-INMACULADA-XRD250U-001-A
1921,20260828,59,1,PERFORISTA,12.0,0.0,20260828-INMACULADA-XRD250U-001-B
1922,20260828,59,1,AYUDANTE DE PERFORACION,12.0,0.0,20260828-INMACULADA-XRD250U-001-B
1923,20260828,59,1,AYUDANTE DE PERFORACION,12.0,0.0,20260828-INMACULADA-XRD250U-001-B
1924,20260829,59,1,PERFORISTA,12.0,0.0,20260829-INMACULADA-XRD250U-001-A
1925,20260829,59,1,AYUDANTE DE PERFORACION,12.0,0.0,20260829-INMACULADA-XRD250U-001-A
1926,20260829,59,1,AYUDANTE DE PERFORACION,12.0,0.0,20260829-INMACULADA-XRD250U-001-A
1927,20260829,59,1,PERFORISTA,12.0,0.0,20260829-INMACULADA-XRD250U-001-B
1928,20260829,59,1,AYUDANTE DE PERFORACION,12.0,0.0,20260829-INMACULADA-XRD250U-001-B
1929,20260829,59,1,AYUDANTE DE PERFORACION,12.0,0.0,20260829-INMACULADA-XRD250U-001-B
1930,20260830,59,1,PERFORISTA,12.0,0.0,20260830-INMACULADA-XRD250U-001-A
1931,20260830,59,1,AYUDANTE DE PERFORACION,12.0,0.0,20260830-INMACULADA-XRD250U-001-A
1932,20260830,59,1,AYUDANTE DE PERFORACION,12.0,0.0,20260830-INMACULADA-XRD250U-001-A
1933,20260830,59,1,PERFORISTA,12.0,0.0,20260830-INMACULADA-XRD250U-001-B
1934,20260830,59,1,AYUDANTE DE PERFORACION,12.0,0.0,20260830-INMACULADA-XRD250U-001-B
1935,20260830,59,1,AYUDANTE DE PERFORACION,12.0,0.0,20260830-INMACULADA-XRD250U-001-B
1936,20260831,59,1,PERFORISTA,12.0,0.0,20260831-INMACULADA-XRD250U-001-A
1937,20260831,59,1,AYUDANTE DE PERFORACION,12.0,0.0,20260831-INMACULADA-XRD250U-001-A
1938,20260831,59,1,AYUDANTE DE PERFORACION,12.0,0.0,20260831-INMACULADA-XRD250U-001-A
1939,20260831,59,1,PERFORISTA,12.0,0.0,20260831-INMACULADA-XRD250U-001-B
1940,20260831,59,1,AYUDANTE DE PERFORACION,12.0,0.0,20260831-INMACULADA-XRD250U-001-B
1941,20260831,59,1,AYUDANTE DE PERFORACION,12.0,0.0,20260831-INMACULADA-XRD250U-001-B
1942,20260901,59,258,PERFORISTA,12.0,0.0,20260901-INMACULADA-XRD250U-001-A
1943,20260901,59,258,PERFORISTA,12.0,0.0,20260901-INMACULADA-XRD250U-001-B
1944,20260902,59,258,PERFORISTA,12.0,0.0,20260902-INMACULADA-XRD250U-001-A
1945,20260902,59,258,PERFORISTA,12.0,0.0,20260902-INMACULADA-XRD250U-001-B
1946,20260903,59,258,PERFORISTA,12.0,0.0,20260903-INMACULADA-XRD250U-001-A
1947,20260903,59,258,PERFORISTA,12.0,0.0,20260903-INMACULADA-XRD250U-001-B
1948,20260904,59,258,PERFORISTA,12.0,0.0,20260904-INMACULADA-XRD250U-001-A
1949,20260904,59,258,PERFORISTA,12.0,0.0,20260904-INMACULADA-XRD250U-001-B
1950,20260905,59,258,PERFORISTA,12.0,0.0,20260905-INMACULADA-XRD250U-001-A
1951,20260905,59,258,PERFORISTA,12.0,0.0,20260905-INMACULADA-XRD250U-001-B
1952,20260906,59,258,PERFORISTA,12.0,0.0,20260906-INMACULADA-XRD250U-001-A
1953,20260906,59,258,PERFORISTA,12.0,0.0,20260906-INMACULADA-XRD250U-001-B
1954,20260907,59,258,PERFORISTA,12.0,0.0,20260907-INMACULADA-XRD250U-001-A
1955,20260907,59,258,PERFORISTA,12.0,0.0,20260907-INMACULADA-XRD250U-001-B
1956,20260908,59,258,PERFORISTA,12.0,0.0,20260908-INMACULADA-XRD250U-001-A
1957,20260908,59,258,PERFORISTA,12.0,0.0,20260908-INMACULADA-XRD250U-001-B
1958,20260909,59,258,PERFORISTA,12.0,0.0,20260909-INMACULADA-XRD250U-001-A
1959,20260909,59,258,PERFORISTA,12.0,0.0,20260909-INMACULADA-XRD250U-001-B
1960,20260910,59,258,PERFORISTA,12.0,0.0,20260910-INMACULADA-XRD250U-001-A
1961,20260910,59,258,PERFORISTA,12.0,0.0,20260910-INMACULADA-XRD250U-001-B
1962,20260911,59,258,PERFORISTA,12.0,0.0,20260911-INMACULADA-XRD250U-001-A
1963,20260911,59,258,PERFORISTA,12.0,0.0,20260911-INMACULADA-XRD250U-001-B
1964,20260912,59,258,PERFORISTA,12.0,0.0,20260912-INMACULADA-XRD250U-001-A
1965,20260912,59,258,PERFORISTA,12.0,0.0,20260912-INMACULADA-XRD250U-001-B
1966,20260913,59,258,PERFORISTA,12.0,0.0,20260913-INMACULADA-XRD250U-001-A
1967,20260913,59,258,PERFORISTA,12.0,0.0,20260913-INMACULADA-XRD250U-001-B
1968,20260914,59,258,PERFORISTA,12.0,0.0,20260914-INMACULADA-XRD250U-001-A
1969,20260914,59,258,PERFORISTA,12.0,0.0,20260914-INMACULADA-XRD250U-001-B
1970,20260915,59,258,PERFORISTA,12.0,0.0,20260915-INMACULADA-XRD250U-001-A
1971,20260915,59,258,PERFORISTA,12.0,0.0,20260915-INMACULADA-XRD250U-001-B
1972,20260916,59,258,PERFORISTA,12.0,0.0,20260916-INMACULADA-XRD250U-001-A
1973,20260916,59,258,PERFORISTA,12.0,0.0,20260916-INMACULADA-XRD250U-001-B
1974,20260917,59,258,PERFORISTA,12.0,0.0,20260917-INMACULADA-XRD250U-001-A
1975,20260917,59,258,PERFORISTA,12.0,0.0,20260917-INMACULADA-XRD250U-001-B
1976,20260918,59,258,PERFORISTA,12.0,0.0,20260918-INMACULADA-XRD250U-001-A
1977,20260918,59,258,PERFORISTA,12.0,0.0,20260918-INMACULADA-XRD250U-001-B
1978,20260919,59,258,PERFORISTA,12.0,0.0,20260919-INMACULADA-XRD250U-001-A
1979,20260919,59,258,PERFORISTA,12.0,0.0,20260919-INMACULADA-XRD250U-001-B
1980,20260920,59,258,PERFORISTA,12.0,0.0,20260920-INMACULADA-XRD250U-001-A
1981,20260920,59,258,PERFORISTA,12.0,0.0,20260920-INMACULADA-XRD250U-001-B
1982,20260921,59,258,PERFORISTA,12.0,0.0,20260921-INMACULADA-XRD250U-001-A
1983,20260921,59,258,PERFORISTA,12.0,0.0,20260921-INMACULADA-XRD250U-001-B
1984,20260922,59,258,PERFORISTA,12.0,0.0,20260922-INMACULADA-XRD250U-001-A
1985,20260922,59,258,PERFORISTA,12.0,0.0,20260922-INMACULADA-XRD250U-001-B
1986,20260923,59,258,PERFORISTA,12.0,0.0,20260923-INMACULADA-XRD250U-001-A
1987,20260923,59,258,PERFORISTA,12.0,0.0,20260923-INMACULADA-XRD250U-001-B
1988,20260924,59,258,PERFORISTA,12.0,0.0,20260924-INMACULADA-XRD250U-001-A
1989,20260924,59,258,PERFORISTA,12.0,0.0,20260924-INMACULADA-XRD250U-001-B
1990,20260925,59,258,PERFORISTA,12.0,0.0,20260925-INMACULADA-XRD250U-001-A
1991,20260925,59,258,PERFORISTA,12.0,0.0,20260925-INMACULADA-XRD250U-001-B
1992,20260826,61,184,PERFORISTA,12.0,0.0,20260826-INMACULADA-XRD90U-012-A
1993,20260826,61,84,AYUDANTE DE PERFORACION,12.0,0.0,20260826-INMACULADA-XRD90U-012-A
1994,20260826,61,180,AYUDANTE DE PERFORACION,12.0,0.0,20260826-INMACULADA-XRD90U-012-A
1995,20260826,61,126,PERFORISTA,12.0,0.0,20260826-INMACULADA-XRD90U-012-B
1996,20260826,61,334,AYUDANTE DE PERFORACION,12.0,0.0,20260826-INMACULADA-XRD90U-012-B
1997,20260826,61,18,AYUDANTE DE PERFORACION,12.0,0.0,20260826-INMACULADA-XRD90U-012-B
1998,20260827,61,184,PERFORISTA,12.0,0.0,20260827-INMACULADA-XRD90U-012-A
1999,20260827,61,84,AYUDANTE DE PERFORACION,12.0,0.0,20260827-INMACULADA-XRD90U-012-A
2000,20260827,61,180,AYUDANTE DE PERFORACION,12.0,0.0,20260827-INMACULADA-XRD90U-012-A
2001,20260827,61,1,PERFORISTA,12.0,0.0,20260827-INMACULADA-XRD90U-012-B
2002,20260827,61,1,AYUDANTE DE PERFORACION,12.0,0.0,20260827-INMACULADA-XRD90U-012-B
2003,20260827,61,1,AYUDANTE DE PERFORACION,12.0,0.0,20260827-INMACULADA-XRD90U-012-B
2004,20260828,61,1,PERFORISTA,12.0,0.0,20260828-INMACULADA-XRD90U-012-A
2005,20260828,61,1,AYUDANTE DE PERFORACION,12.0,0.0,20260828-INMACULADA-XRD90U-012-A
2006,20260828,61,1,AYUDANTE DE PERFORACION,12.0,0.0,20260828-INMACULADA-XRD90U-012-A
2007,20260828,61,1,PERFORISTA,12.0,0.0,20260828-INMACULADA-XRD90U-012-B
2008,20260828,61,1,AYUDANTE DE PERFORACION,12.0,0.0,20260828-INMACULADA-XRD90U-012-B
2009,20260828,61,1,AYUDANTE DE PERFORACION,12.0,0.0,20260828-INMACULADA-XRD90U-012-B
2010,20260829,61,1,PERFORISTA,12.0,0.0,20260829-INMACULADA-XRD90U-012-A
2011,20260829,61,1,AYUDANTE DE PERFORACION,12.0,0.0,20260829-INMACULADA-XRD90U-012-A
2012,20260829,61,1,AYUDANTE DE PERFORACION,12.0,0.0,20260829-INMACULADA-XRD90U-012-A
2013,20260829,61,1,PERFORISTA,12.0,0.0,20260829-INMACULADA-XRD90U-012-B
2014,20260829,61,1,AYUDANTE DE PERFORACION,12.0,0.0,20260829-INMACULADA-XRD90U-012-B
2015,20260829,61,1,AYUDANTE DE PERFORACION,12.0,0.0,20260829-INMACULADA-XRD90U-012-B
2016,20260830,61,1,PERFORISTA,12.0,0.0,20260830-INMACULADA-XRD90U-012-A
2017,20260830,61,1,AYUDANTE DE PERFORACION,12.0,0.0,20260830-INMACULADA-XRD90U-012-A
2018,20260830,61,1,AYUDANTE DE PERFORACION,12.0,0.0,20260830-INMACULADA-XRD90U-012-A
2019,20260830,61,1,PERFORISTA,12.0,0.0,20260830-INMACULADA-XRD90U-012-B
2020,20260830,61,1,AYUDANTE DE PERFORACION,12.0,0.0,20260830-INMACULADA-XRD90U-012-B
2021,20260830,61,1,AYUDANTE DE PERFORACION,12.0,0.0,20260830-INMACULADA-XRD90U-012-B
2022,20260831,61,1,PERFORISTA,12.0,0.0,20260831-INMACULADA-XRD90U-012-A
2023,20260831,61,1,AYUDANTE DE PERFORACION,12.0,0.0,20260831-INMACULADA-XRD90U-012-A
2024,20260831,61,1,AYUDANTE DE PERFORACION,12.0,0.0,20260831-INMACULADA-XRD90U-012-A
2025,20260831,61,374,PERFORISTA,12.0,0.0,20260831-INMACULADA-XRD90U-012-B
2026,20260831,61,281,AYUDANTE DE PERFORACION,12.0,0.0,20260831-INMACULADA-XRD90U-012-B
2027,20260831,61,81,AYUDANTE DE PERFORACION,12.0,0.0,20260831-INMACULADA-XRD90U-012-B
2028,20260901,61,258,PERFORISTA,12.0,0.0,20260901-INMACULADA-XRD90U-012-A
2029,20260901,61,258,PERFORISTA,12.0,0.0,20260901-INMACULADA-XRD90U-012-B
2030,20260902,61,258,PERFORISTA,12.0,0.0,20260902-INMACULADA-XRD90U-012-A
2031,20260902,61,258,PERFORISTA,12.0,0.0,20260902-INMACULADA-XRD90U-012-B
2032,20260903,61,258,PERFORISTA,12.0,0.0,20260903-INMACULADA-XRD90U-012-A
2033,20260903,61,258,PERFORISTA,12.0,0.0,20260903-INMACULADA-XRD90U-012-B
2034,20260904,61,258,PERFORISTA,12.0,0.0,20260904-INMACULADA-XRD90U-012-A
2035,20260904,61,258,PERFORISTA,12.0,0.0,20260904-INMACULADA-XRD90U-012-B
2036,20260905,61,258,PERFORISTA,12.0,0.0,20260905-INMACULADA-XRD90U-012-A
2037,20260905,61,258,PERFORISTA,12.0,0.0,20260905-INMACULADA-XRD90U-012-B
2038,20260906,61,258,PERFORISTA,12.0,0.0,20260906-INMACULADA-XRD90U-012-A
2039,20260906,61,258,PERFORISTA,12.0,0.0,20260906-INMACULADA-XRD90U-012-B
2040,20260907,61,258,PERFORISTA,12.0,0.0,20260907-INMACULADA-XRD90U-012-A
2041,20260907,61,258,PERFORISTA,12.0,0.0,20260907-INMACULADA-XRD90U-012-B
2042,20260908,61,258,PERFORISTA,12.0,0.0,20260908-INMACULADA-XRD90U-012-A
2043,20260908,61,258,PERFORISTA,12.0,0.0,20260908-INMACULADA-XRD90U-012-B
2044,20260909,61,258,PERFORISTA,12.0,0.0,20260909-INMACULADA-XRD90U-012-A
2045,20260909,61,258,PERFORISTA,12.0,0.0,20260909-INMACULADA-XRD90U-012-B
2046,20260910,61,258,PERFORISTA,12.0,0.0,20260910-INMACULADA-XRD90U-012-A
2047,20260910,61,258,PERFORISTA,12.0,0.0,20260910-INMACULADA-XRD90U-012-B
2048,20260911,61,258,PERFORISTA,12.0,0.0,20260911-INMACULADA-XRD90U-012-A
2049,20260911,61,258,PERFORISTA,12.0,0.0,20260911-INMACULADA-XRD90U-012-B
2050,20260912,61,258,PERFORISTA,12.0,0.0,20260912-INMACULADA-XRD90U-012-A
2051,20260912,61,258,PERFORISTA,12.0,0.0,20260912-INMACULADA-XRD90U-012-B
2052,20260913,61,258,PERFORISTA,12.0,0.0,20260913-INMACULADA-XRD90U-012-A
2053,20260913,61,258,PERFORISTA,12.0,0.0,20260913-INMACULADA-XRD90U-012-B
2054,20260914,61,258,PERFORISTA,12.0,0.0,20260914-INMACULADA-XRD90U-012-A
2055,20260914,61,258,PERFORISTA,12.0,0.0,20260914-INMACULADA-XRD90U-012-B
2056,20260915,61,258,PERFORISTA,12.0,0.0,20260915-INMACULADA-XRD90U-012-A
2057,20260915,61,258,PERFORISTA,12.0,0.0,20260915-INMACULADA-XRD90U-012-B
2058,20260916,61,258,PERFORISTA,12.0,0.0,20260916-INMACULADA-XRD90U-012-A
2059,20260916,61,258,PERFORISTA,12.0,0.0,20260916-INMACULADA-XRD90U-012-B
2060,20260917,61,258,PERFORISTA,12.0,0.0,20260917-INMACULADA-XRD90U-012-A
2061,20260917,61,258,PERFORISTA,12.0,0.0,20260917-INMACULADA-XRD90U-012-B
2062,20260918,61,258,PERFORISTA,12.0,0.0,20260918-INMACULADA-XRD90U-012-A
2063,20260918,61,258,PERFORISTA,12.0,0.0,20260918-INMACULADA-XRD90U-012-B
2064,20260919,61,258,PERFORISTA,12.0,0.0,20260919-INMACULADA-XRD90U-012-A
2065,20260919,61,258,PERFORISTA,12.0,0.0,20260919-INMACULADA-XRD90U-012-B
2066,20260920,61,258,PERFORISTA,12.0,0.0,20260920-INMACULADA-XRD90U-012-A
2067,20260920,61,258,PERFORISTA,12.0,0.0,20260920-INMACULADA-XRD90U-012-B
2068,20260921,61,258,PERFORISTA,12.0,0.0,20260921-INMACULADA-XRD90U-012-A
2069,20260921,61,258,PERFORISTA,12.0,0.0,20260921-INMACULADA-XRD90U-012-B
2070,20260922,61,258,PERFORISTA,12.0,0.0,20260922-INMACULADA-XRD90U-012-A
2071,20260922,61,258,PERFORISTA,12.0,0.0,20260922-INMACULADA-XRD90U-012-B
2072,20260923,61,258,PERFORISTA,12.0,0.0,20260923-INMACULADA-XRD90U-012-A
2073,20260923,61,258,PERFORISTA,12.0,0.0,20260923-INMACULADA-XRD90U-012-B
2074,20260924,61,258,PERFORISTA,12.0,0.0,20260924-INMACULADA-XRD90U-012-A
2075,20260924,61,258,PERFORISTA,12.0,0.0,20260924-INMACULADA-XRD90U-012-B
2076,20260925,61,258,PERFORISTA,12.0,0.0,20260925-INMACULADA-XRD90U-012-A
2077,20260925,61,258,PERFORISTA,12.0,0.0,20260925-INMACULADA-XRD90U-012-B
2078,20260826,58,405,PERFORISTA,12.0,0.0,20260826-INMACULADA-XRD150USS-004-A
2079,20260826,58,90,AYUDANTE DE PERFORACION,12.0,0.0,20260826-INMACULADA-XRD150USS-004-A
2080,20260826,58,182,AYUDANTE DE PERFORACION,12.0,0.0,20260826-INMACULADA-XRD150USS-004-A
2081,20260826,58,392,PERFORISTA,12.0,0.0,20260826-INMACULADA-XRD150USS-004-B
2082,20260826,58,43,AYUDANTE DE PERFORACION,12.0,0.0,20260826-INMACULADA-XRD150USS-004-B
2083,20260826,58,179,AYUDANTE DE PERFORACION,12.0,0.0,20260826-INMACULADA-XRD150USS-004-B
2084,20260826,58,392,PERFORISTA,12.0,0.0,20260826-INMACULADA-XRD150USS-004-B
2085,20260826,58,43,AYUDANTE DE PERFORACION,12.0,0.0,20260826-INMACULADA-XRD150USS-004-B
2086,20260826,58,179,AYUDANTE DE PERFORACION,12.0,0.0,20260826-INMACULADA-XRD150USS-004-B
2087,20260827,58,405,PERFORISTA,12.0,0.0,20260827-INMACULADA-XRD150USS-004-A
2088,20260827,58,90,AYUDANTE DE PERFORACION,12.0,0.0,20260827-INMACULADA-XRD150USS-004-A
2089,20260827,58,182,AYUDANTE DE PERFORACION,12.0,0.0,20260827-INMACULADA-XRD150USS-004-A
2090,20260827,58,392,PERFORISTA,12.0,0.0,20260827-INMACULADA-XRD150USS-004-B
2091,20260827,58,43,AYUDANTE DE PERFORACION,12.0,0.0,20260827-INMACULADA-XRD150USS-004-B
2092,20260827,58,179,AYUDANTE DE PERFORACION,12.0,0.0,20260827-INMACULADA-XRD150USS-004-B
2093,20260827,58,392,PERFORISTA,12.0,0.0,20260827-INMACULADA-XRD150USS-004-B
2094,20260827,58,43,AYUDANTE DE PERFORACION,12.0,0.0,20260827-INMACULADA-XRD150USS-004-B
2095,20260827,58,179,AYUDANTE DE PERFORACION,12.0,0.0,20260827-INMACULADA-XRD150USS-004-B
2096,20260828,58,392,PERFORISTA,12.0,0.0,20260828-INMACULADA-XRD150USS-004-A
2097,20260828,58,43,AYUDANTE DE PERFORACION,12.0,0.0,20260828-INMACULADA-XRD150USS-004-A
2098,20260828,58,179,AYUDANTE DE PERFORACION,12.0,0.0,20260828-INMACULADA-XRD150USS-004-A
2099,20260828,58,275,PERFORISTA,12.0,0.0,20260828-INMACULADA-XRD150USS-004-B
2100,20260828,58,174,AYUDANTE DE PERFORACION,12.0,0.0,20260828-INMACULADA-XRD150USS-004-B
2101,20260828,58,124,AYUDANTE DE PERFORACION,12.0,0.0,20260828-INMACULADA-XRD150USS-004-B
2102,20260828,58,275,PERFORISTA,12.0,0.0,20260828-INMACULADA-XRD150USS-004-B
2103,20260828,58,174,AYUDANTE DE PERFORACION,12.0,0.0,20260828-INMACULADA-XRD150USS-004-B
2104,20260828,58,124,AYUDANTE DE PERFORACION,12.0,0.0,20260828-INMACULADA-XRD150USS-004-B
2105,20260829,58,392,PERFORISTA,12.0,0.0,20260829-INMACULADA-XRD150USS-004-A
2106,20260829,58,43,AYUDANTE DE PERFORACION,12.0,0.0,20260829-INMACULADA-XRD150USS-004-A
2107,20260829,58,179,AYUDANTE DE PERFORACION,12.0,0.0,20260829-INMACULADA-XRD150USS-004-A
2108,20260829,58,275,PERFORISTA,12.0,0.0,20260829-INMACULADA-XRD150USS-004-B
2109,20260829,58,174,AYUDANTE DE PERFORACION,12.0,0.0,20260829-INMACULADA-XRD150USS-004-B
2110,20260829,58,124,AYUDANTE DE PERFORACION,12.0,0.0,20260829-INMACULADA-XRD150USS-004-B
2111,20260830,58,374,PERFORISTA,12.0,0.0,20260830-INMACULADA-XRD150USS-004-A
2112,20260830,58,240,AYUDANTE DE PERFORACION,12.0,0.0,20260830-INMACULADA-XRD150USS-004-A
2113,20260830,58,297,AYUDANTE DE PERFORACION,12.0,0.0,20260830-INMACULADA-XRD150USS-004-A
2114,20260830,58,275,PERFORISTA,12.0,0.0,20260830-INMACULADA-XRD150USS-004-B
2115,20260830,58,174,AYUDANTE DE PERFORACION,12.0,0.0,20260830-INMACULADA-XRD150USS-004-B
2116,20260830,58,124,AYUDANTE DE PERFORACION,12.0,0.0,20260830-INMACULADA-XRD150USS-004-B
2117,20260831,58,1,PERFORISTA,12.0,0.0,20260831-INMACULADA-XRD150USS-004-A
2118,20260831,58,1,AYUDANTE DE PERFORACION,12.0,0.0,20260831-INMACULADA-XRD150USS-004-A
2119,20260831,58,1,AYUDANTE DE PERFORACION,12.0,0.0,20260831-INMACULADA-XRD150USS-004-A
2120,20260831,58,275,PERFORISTA,12.0,0.0,20260831-INMACULADA-XRD150USS-004-B
2121,20260831,58,174,AYUDANTE DE PERFORACION,12.0,0.0,20260831-INMACULADA-XRD150USS-004-B
2122,20260831,58,124,AYUDANTE DE PERFORACION,12.0,0.0,20260831-INMACULADA-XRD150USS-004-B
2123,20260901,58,258,PERFORISTA,12.0,0.0,20260901-INMACULADA-XRD150USS-004-A
2124,20260901,58,258,PERFORISTA,12.0,0.0,20260901-INMACULADA-XRD150USS-004-B
2125,20260902,58,258,PERFORISTA,12.0,0.0,20260902-INMACULADA-XRD150USS-004-A
2126,20260902,58,258,PERFORISTA,12.0,0.0,20260902-INMACULADA-XRD150USS-004-B
2127,20260903,58,258,PERFORISTA,12.0,0.0,20260903-INMACULADA-XRD150USS-004-A
2128,20260903,58,258,PERFORISTA,12.0,0.0,20260903-INMACULADA-XRD150USS-004-B
2129,20260904,58,258,PERFORISTA,12.0,0.0,20260904-INMACULADA-XRD150USS-004-A
2130,20260904,58,258,PERFORISTA,12.0,0.0,20260904-INMACULADA-XRD150USS-004-B
2131,20260905,58,258,PERFORISTA,12.0,0.0,20260905-INMACULADA-XRD150USS-004-A
2132,20260905,58,258,PERFORISTA,12.0,0.0,20260905-INMACULADA-XRD150USS-004-B
2133,20260906,58,258,PERFORISTA,12.0,0.0,20260906-INMACULADA-XRD150USS-004-A
2134,20260906,58,258,PERFORISTA,12.0,0.0,20260906-INMACULADA-XRD150USS-004-B
2135,20260907,58,258,PERFORISTA,12.0,0.0,20260907-INMACULADA-XRD150USS-004-A
2136,20260907,58,258,PERFORISTA,12.0,0.0,20260907-INMACULADA-XRD150USS-004-B
2137,20260908,58,258,PERFORISTA,12.0,0.0,20260908-INMACULADA-XRD150USS-004-A
2138,20260908,58,258,PERFORISTA,12.0,0.0,20260908-INMACULADA-XRD150USS-004-B
2139,20260909,58,258,PERFORISTA,12.0,0.0,20260909-INMACULADA-XRD150USS-004-A
2140,20260909,58,258,PERFORISTA,12.0,0.0,20260909-INMACULADA-XRD150USS-004-B
2141,20260910,58,258,PERFORISTA,12.0,0.0,20260910-INMACULADA-XRD150USS-004-A
2142,20260910,58,258,PERFORISTA,12.0,0.0,20260910-INMACULADA-XRD150USS-004-B
2143,20260911,58,258,PERFORISTA,12.0,0.0,20260911-INMACULADA-XRD150USS-004-A
2144,20260911,58,258,PERFORISTA,12.0,0.0,20260911-INMACULADA-XRD150USS-004-B
2145,20260912,58,258,PERFORISTA,12.0,0.0,20260912-INMACULADA-XRD150USS-004-A
2146,20260912,58,258,PERFORISTA,12.0,0.0,20260912-INMACULADA-XRD150USS-004-B
2147,20260913,58,258,PERFORISTA,12.0,0.0,20260913-INMACULADA-XRD150USS-004-A
2148,20260913,58,258,PERFORISTA,12.0,0.0,20260913-INMACULADA-XRD150USS-004-B
2149,20260914,58,258,PERFORISTA,12.0,0.0,20260914-INMACULADA-XRD150USS-004-A
2150,20260914,58,258,PERFORISTA,12.0,0.0,20260914-INMACULADA-XRD150USS-004-B
2151,20260915,58,258,PERFORISTA,12.0,0.0,20260915-INMACULADA-XRD150USS-004-A
2152,20260915,58,258,PERFORISTA,12.0,0.0,20260915-INMACULADA-XRD150USS-004-B
2153,20260916,58,258,PERFORISTA,12.0,0.0,20260916-INMACULADA-XRD150USS-004-A
2154,20260916,58,258,PERFORISTA,12.0,0.0,20260916-INMACULADA-XRD150USS-004-B
2155,20260917,58,258,PERFORISTA,12.0,0.0,20260917-INMACULADA-XRD150USS-004-A
2156,20260917,58,258,PERFORISTA,12.0,0.0,20260917-INMACULADA-XRD150USS-004-B
2157,20260918,58,258,PERFORISTA,12.0,0.0,20260918-INMACULADA-XRD150USS-004-A
2158,20260918,58,258,PERFORISTA,12.0,0.0,20260918-INMACULADA-XRD150USS-004-B
2159,20260919,58,258,PERFORISTA,12.0,0.0,20260919-INMACULADA-XRD150USS-004-A
2160,20260919,58,258,PERFORISTA,12.0,0.0,20260919-INMACULADA-XRD150USS-004-B
2161,20260920,58,258,PERFORISTA,12.0,0.0,20260920-INMACULADA-XRD150USS-004-A
2162,20260920,58,258,PERFORISTA,12.0,0.0,20260920-INMACULADA-XRD150USS-004-B
2163,20260921,58,258,PERFORISTA,12.0,0.0,20260921-INMACULADA-XRD150USS-004-A
2164,20260921,58,258,PERFORISTA,12.0,0.0,20260921-INMACULADA-XRD150USS-004-B
2165,20260922,58,258,PERFORISTA,12.0,0.0,20260922-INMACULADA-XRD150USS-004-A
2166,20260922,58,258,PERFORISTA,12.0,0.0,20260922-INMACULADA-XRD150USS-004-B
2167,20260923,58,258,PERFORISTA,12.0,0.0,20260923-INMACULADA-XRD150USS-004-A
2168,20260923,58,258,PERFORISTA,12.0,0.0,20260923-INMACULADA-XRD150USS-004-B
2169,20260924,58,258,PERFORISTA,12.0,0.0,20260924-INMACULADA-XRD150USS-004-A
2170,20260924,58,258,PERFORISTA,12.0,0.0,20260924-INMACULADA-XRD150USS-004-B
2171,20260925,58,258,PERFORISTA,12.0,0.0,20260925-INMACULADA-XRD150USS-004-A
2172,20260826,65,191,PERFORISTA,12.0,0.0,20260826-LA ESTRELLA-XRD150U-004-A
2173,20260826,65,33,AYUDANTE DE PERFORACION,12.0,0.0,20260826-LA ESTRELLA-XRD150U-004-A
2174,20260826,65,222,AYUDANTE DE PERFORACION,12.0,0.0,20260826-LA ESTRELLA-XRD150U-004-A
2175,20260826,65,28,PERFORISTA,12.0,0.0,20260826-LA ESTRELLA-XRD150U-004-B
2176,20260826,65,114,AYUDANTE DE PERFORACION,12.0,0.0,20260826-LA ESTRELLA-XRD150U-004-B
2177,20260826,65,7,AYUDANTE DE PERFORACION,12.0,0.0,20260826-LA ESTRELLA-XRD150U-004-B
2178,20260827,65,191,PERFORISTA,12.0,0.0,20260827-LA ESTRELLA-XRD150U-004-A
2179,20260827,65,33,AYUDANTE DE PERFORACION,12.0,0.0,20260827-LA ESTRELLA-XRD150U-004-A
2180,20260827,65,222,AYUDANTE DE PERFORACION,12.0,0.0,20260827-LA ESTRELLA-XRD150U-004-A
2181,20260827,65,28,PERFORISTA,12.0,0.0,20260827-LA ESTRELLA-XRD150U-004-B
2182,20260827,65,114,AYUDANTE DE PERFORACION,12.0,0.0,20260827-LA ESTRELLA-XRD150U-004-B
2183,20260827,65,7,AYUDANTE DE PERFORACION,12.0,0.0,20260827-LA ESTRELLA-XRD150U-004-B
2184,20260828,65,191,PERFORISTA,12.0,0.0,20260828-LA ESTRELLA-XRD150U-004-A
2185,20260828,65,33,AYUDANTE DE PERFORACION,12.0,0.0,20260828-LA ESTRELLA-XRD150U-004-A
2186,20260828,65,222,AYUDANTE DE PERFORACION,12.0,0.0,20260828-LA ESTRELLA-XRD150U-004-A
2187,20260828,65,28,PERFORISTA,12.0,0.0,20260828-LA ESTRELLA-XRD150U-004-B
2188,20260828,65,114,AYUDANTE DE PERFORACION,12.0,0.0,20260828-LA ESTRELLA-XRD150U-004-B
2189,20260828,65,7,AYUDANTE DE PERFORACION,12.0,0.0,20260828-LA ESTRELLA-XRD150U-004-B
2190,20260829,65,191,PERFORISTA,12.0,0.0,20260829-LA ESTRELLA-XRD150U-004-A
2191,20260829,65,33,AYUDANTE DE PERFORACION,12.0,0.0,20260829-LA ESTRELLA-XRD150U-004-A
2192,20260829,65,222,AYUDANTE DE PERFORACION,12.0,0.0,20260829-LA ESTRELLA-XRD150U-004-A
2193,20260829,65,28,PERFORISTA,12.0,0.0,20260829-LA ESTRELLA-XRD150U-004-B
2194,20260829,65,114,AYUDANTE DE PERFORACION,12.0,0.0,20260829-LA ESTRELLA-XRD150U-004-B
2195,20260829,65,7,AYUDANTE DE PERFORACION,12.0,0.0,20260829-LA ESTRELLA-XRD150U-004-B
2196,20260830,65,191,PERFORISTA,12.0,0.0,20260830-LA ESTRELLA-XRD150U-004-A
2197,20260830,65,33,AYUDANTE DE PERFORACION,12.0,0.0,20260830-LA ESTRELLA-XRD150U-004-A
2198,20260830,65,222,AYUDANTE DE PERFORACION,12.0,0.0,20260830-LA ESTRELLA-XRD150U-004-A
2199,20260830,65,28,PERFORISTA,12.0,0.0,20260830-LA ESTRELLA-XRD150U-004-B
2200,20260830,65,114,AYUDANTE DE PERFORACION,12.0,0.0,20260830-LA ESTRELLA-XRD150U-004-B
2201,20260830,65,7,AYUDANTE DE PERFORACION,12.0,0.0,20260830-LA ESTRELLA-XRD150U-004-B
2202,20260831,65,191,PERFORISTA,12.0,0.0,20260831-LA ESTRELLA-XRD150U-004-A
2203,20260831,65,33,AYUDANTE DE PERFORACION,12.0,0.0,20260831-LA ESTRELLA-XRD150U-004-A
2204,20260831,65,222,AYUDANTE DE PERFORACION,12.0,0.0,20260831-LA ESTRELLA-XRD150U-004-A
2205,20260831,65,28,PERFORISTA,12.0,0.0,20260831-LA ESTRELLA-XRD150U-004-B
2206,20260831,65,114,AYUDANTE DE PERFORACION,12.0,0.0,20260831-LA ESTRELLA-XRD150U-004-B
2207,20260831,65,7,AYUDANTE DE PERFORACION,12.0,0.0,20260831-LA ESTRELLA-XRD150U-004-B
2208,20260901,65,258,PERFORISTA,12.0,0.0,20260901-LA ESTRELLA-XRD150U-004-A
2209,20260901,65,258,PERFORISTA,12.0,0.0,20260901-LA ESTRELLA-XRD150U-004-B
2210,20260902,65,258,PERFORISTA,12.0,0.0,20260902-LA ESTRELLA-XRD150U-004-A
2211,20260902,65,258,PERFORISTA,12.0,0.0,20260902-LA ESTRELLA-XRD150U-004-B
2212,20260903,65,258,PERFORISTA,12.0,0.0,20260903-LA ESTRELLA-XRD150U-004-A
2213,20260903,65,258,PERFORISTA,12.0,0.0,20260903-LA ESTRELLA-XRD150U-004-B
2214,20260904,65,258,PERFORISTA,12.0,0.0,20260904-LA ESTRELLA-XRD150U-004-A
2215,20260904,65,258,PERFORISTA,12.0,0.0,20260904-LA ESTRELLA-XRD150U-004-B
2216,20260905,65,258,PERFORISTA,12.0,0.0,20260905-LA ESTRELLA-XRD150U-004-A
2217,20260905,65,258,PERFORISTA,12.0,0.0,20260905-LA ESTRELLA-XRD150U-004-B
2218,20260906,65,258,PERFORISTA,12.0,0.0,20260906-LA ESTRELLA-XRD150U-004-A
2219,20260906,65,258,PERFORISTA,12.0,0.0,20260906-LA ESTRELLA-XRD150U-004-B
2220,20260907,65,258,PERFORISTA,12.0,0.0,20260907-LA ESTRELLA-XRD150U-004-A
2221,20260907,65,258,PERFORISTA,12.0,0.0,20260907-LA ESTRELLA-XRD150U-004-B
2222,20260908,65,258,PERFORISTA,12.0,0.0,20260908-LA ESTRELLA-XRD150U-004-A
2223,20260908,65,258,PERFORISTA,12.0,0.0,20260908-LA ESTRELLA-XRD150U-004-B
2224,20260909,65,258,PERFORISTA,12.0,0.0,20260909-LA ESTRELLA-XRD150U-004-A
2225,20260909,65,258,PERFORISTA,12.0,0.0,20260909-LA ESTRELLA-XRD150U-004-B
2226,20260910,65,258,PERFORISTA,12.0,0.0,20260910-LA ESTRELLA-XRD150U-004-A
2227,20260910,65,258,PERFORISTA,12.0,0.0,20260910-LA ESTRELLA-XRD150U-004-B
2228,20260911,65,258,PERFORISTA,12.0,0.0,20260911-LA ESTRELLA-XRD150U-004-A
2229,20260911,65,258,PERFORISTA,12.0,0.0,20260911-LA ESTRELLA-XRD150U-004-B
2230,20260912,65,258,PERFORISTA,12.0,0.0,20260912-LA ESTRELLA-XRD150U-004-A
2231,20260912,65,258,PERFORISTA,12.0,0.0,20260912-LA ESTRELLA-XRD150U-004-B
2232,20260913,65,258,PERFORISTA,12.0,0.0,20260913-LA ESTRELLA-XRD150U-004-A
2233,20260913,65,258,PERFORISTA,12.0,0.0,20260913-LA ESTRELLA-XRD150U-004-B
2234,20260914,65,258,PERFORISTA,12.0,0.0,20260914-LA ESTRELLA-XRD150U-004-A
2235,20260914,65,258,PERFORISTA,12.0,0.0,20260914-LA ESTRELLA-XRD150U-004-B
2236,20260915,65,258,PERFORISTA,12.0,0.0,20260915-LA ESTRELLA-XRD150U-004-A
2237,20260915,65,258,PERFORISTA,12.0,0.0,20260915-LA ESTRELLA-XRD150U-004-B
2238,20260916,65,258,PERFORISTA,12.0,0.0,20260916-LA ESTRELLA-XRD150U-004-A
2239,20260916,65,258,PERFORISTA,12.0,0.0,20260916-LA ESTRELLA-XRD150U-004-B
2240,20260917,65,258,PERFORISTA,12.0,0.0,20260917-LA ESTRELLA-XRD150U-004-A
2241,20260917,65,258,PERFORISTA,12.0,0.0,20260917-LA ESTRELLA-XRD150U-004-B
2242,20260918,65,258,PERFORISTA,12.0,0.0,20260918-LA ESTRELLA-XRD150U-004-A
2243,20260918,65,258,PERFORISTA,12.0,0.0,20260918-LA ESTRELLA-XRD150U-004-B
2244,20260919,65,258,PERFORISTA,12.0,0.0,20260919-LA ESTRELLA-XRD150U-004-A
2245,20260919,65,258,PERFORISTA,12.0,0.0,20260919-LA ESTRELLA-XRD150U-004-B
2246,20260920,65,258,PERFORISTA,12.0,0.0,20260920-LA ESTRELLA-XRD150U-004-A
2247,20260920,65,258,PERFORISTA,12.0,0.0,20260920-LA ESTRELLA-XRD150U-004-B
2248,20260921,65,258,PERFORISTA,12.0,0.0,20260921-LA ESTRELLA-XRD150U-004-A
2249,20260921,65,258,PERFORISTA,12.0,0.0,20260921-LA ESTRELLA-XRD150U-004-B
2250,20260922,65,258,PERFORISTA,12.0,0.0,20260922-LA ESTRELLA-XRD150U-004-A
2251,20260922,65,258,PERFORISTA,12.0,0.0,20260922-LA ESTRELLA-XRD150U-004-B
2252,20260923,65,258,PERFORISTA,12.0,0.0,20260923-LA ESTRELLA-XRD150U-004-A
2253,20260923,65,258,PERFORISTA,12.0,0.0,20260923-LA ESTRELLA-XRD150U-004-B
2254,20260924,65,258,PERFORISTA,12.0,0.0,20260924-LA ESTRELLA-XRD150U-004-A
2255,20260924,65,258,PERFORISTA,12.0,0.0,20260924-LA ESTRELLA-XRD150U-004-B
2256,20260925,65,258,PERFORISTA,12.0,0.0,20260925-LA ESTRELLA-XRD150U-004-A
2257,20260925,65,258,PERFORISTA,12.0,0.0,20260925-LA ESTRELLA-XRD150U-004-B
2258,20260826,66,251,PERFORISTA,12.0,0.0,20260826-LA ESTRELLA-XRD150U-006-A
2259,20260826,66,153,AYUDANTE DE PERFORACION,12.0,0.0,20260826-LA ESTRELLA-XRD150U-006-A
2260,20260826,66,167,AYUDANTE DE PERFORACION,12.0,0.0,20260826-LA ESTRELLA-XRD150U-006-A
2261,20260826,66,378,PERFORISTA,12.0,0.0,20260826-LA ESTRELLA-XRD150U-006-B
2262,20260826,66,339,AYUDANTE DE PERFORACION,12.0,0.0,20260826-LA ESTRELLA-XRD150U-006-B
2263,20260826,66,130,AYUDANTE DE PERFORACION,12.0,0.0,20260826-LA ESTRELLA-XRD150U-006-B
2264,20260827,66,251,PERFORISTA,12.0,0.0,20260827-LA ESTRELLA-XRD150U-006-A
2265,20260827,66,153,AYUDANTE DE PERFORACION,12.0,0.0,20260827-LA ESTRELLA-XRD150U-006-A
2266,20260827,66,167,AYUDANTE DE PERFORACION,12.0,0.0,20260827-LA ESTRELLA-XRD150U-006-A
2267,20260827,66,378,PERFORISTA,12.0,0.0,20260827-LA ESTRELLA-XRD150U-006-B
2268,20260827,66,339,AYUDANTE DE PERFORACION,12.0,0.0,20260827-LA ESTRELLA-XRD150U-006-B
2269,20260827,66,130,AYUDANTE DE PERFORACION,12.0,0.0,20260827-LA ESTRELLA-XRD150U-006-B
2270,20260828,66,251,PERFORISTA,12.0,0.0,20260828-LA ESTRELLA-XRD150U-006-A
2271,20260828,66,153,AYUDANTE DE PERFORACION,12.0,0.0,20260828-LA ESTRELLA-XRD150U-006-A
2272,20260828,66,338,AYUDANTE DE PERFORACION,12.0,0.0,20260828-LA ESTRELLA-XRD150U-006-A
2273,20260828,66,378,PERFORISTA,12.0,0.0,20260828-LA ESTRELLA-XRD150U-006-B
2274,20260828,66,1,AYUDANTE DE PERFORACION,12.0,0.0,20260828-LA ESTRELLA-XRD150U-006-B
2275,20260828,66,168,AYUDANTE DE PERFORACION,12.0,0.0,20260828-LA ESTRELLA-XRD150U-006-B
2276,20260829,66,251,PERFORISTA,12.0,0.0,20260829-LA ESTRELLA-XRD150U-006-A
2277,20260829,66,153,AYUDANTE DE PERFORACION,12.0,0.0,20260829-LA ESTRELLA-XRD150U-006-A
2278,20260829,66,338,AYUDANTE DE PERFORACION,12.0,0.0,20260829-LA ESTRELLA-XRD150U-006-A
2279,20260829,66,378,PERFORISTA,12.0,0.0,20260829-LA ESTRELLA-XRD150U-006-B
2280,20260829,66,1,AYUDANTE DE PERFORACION,12.0,0.0,20260829-LA ESTRELLA-XRD150U-006-B
2281,20260829,66,168,AYUDANTE DE PERFORACION,12.0,0.0,20260829-LA ESTRELLA-XRD150U-006-B
2282,20260830,66,251,PERFORISTA,12.0,0.0,20260830-LA ESTRELLA-XRD150U-006-A
2283,20260830,66,153,AYUDANTE DE PERFORACION,12.0,0.0,20260830-LA ESTRELLA-XRD150U-006-A
2284,20260830,66,338,AYUDANTE DE PERFORACION,12.0,0.0,20260830-LA ESTRELLA-XRD150U-006-A
2285,20260830,66,378,PERFORISTA,12.0,0.0,20260830-LA ESTRELLA-XRD150U-006-B
2286,20260830,66,1,AYUDANTE DE PERFORACION,12.0,0.0,20260830-LA ESTRELLA-XRD150U-006-B
2287,20260830,66,168,AYUDANTE DE PERFORACION,12.0,0.0,20260830-LA ESTRELLA-XRD150U-006-B
2288,20260831,66,251,PERFORISTA,12.0,0.0,20260831-LA ESTRELLA-XRD150U-006-A
2289,20260831,66,153,AYUDANTE DE PERFORACION,12.0,0.0,20260831-LA ESTRELLA-XRD150U-006-A
2290,20260831,66,338,AYUDANTE DE PERFORACION,12.0,0.0,20260831-LA ESTRELLA-XRD150U-006-A
2291,20260831,66,378,PERFORISTA,12.0,0.0,20260831-LA ESTRELLA-XRD150U-006-B
2292,20260831,66,1,AYUDANTE DE PERFORACION,12.0,0.0,20260831-LA ESTRELLA-XRD150U-006-B
2293,20260831,66,168,AYUDANTE DE PERFORACION,12.0,0.0,20260831-LA ESTRELLA-XRD150U-006-B
2294,20260901,66,258,PERFORISTA,12.0,0.0,20260901-LA ESTRELLA-XRD150U-006-A
2295,20260901,66,258,PERFORISTA,12.0,0.0,20260901-LA ESTRELLA-XRD150U-006-B
2296,20260902,66,258,PERFORISTA,12.0,0.0,20260902-LA ESTRELLA-XRD150U-006-A
2297,20260902,66,258,PERFORISTA,12.0,0.0,20260902-LA ESTRELLA-XRD150U-006-B
2298,20260903,66,258,PERFORISTA,12.0,0.0,20260903-LA ESTRELLA-XRD150U-006-A
2299,20260903,66,258,PERFORISTA,12.0,0.0,20260903-LA ESTRELLA-XRD150U-006-B
2300,20260904,66,258,PERFORISTA,12.0,0.0,20260904-LA ESTRELLA-XRD150U-006-A
2301,20260904,66,258,PERFORISTA,12.0,0.0,20260904-LA ESTRELLA-XRD150U-006-B
2302,20260905,66,258,PERFORISTA,12.0,0.0,20260905-LA ESTRELLA-XRD150U-006-A
2303,20260905,66,258,PERFORISTA,12.0,0.0,20260905-LA ESTRELLA-XRD150U-006-B
2304,20260906,66,258,PERFORISTA,12.0,0.0,20260906-LA ESTRELLA-XRD150U-006-A
2305,20260906,66,258,PERFORISTA,12.0,0.0,20260906-LA ESTRELLA-XRD150U-006-B
2306,20260907,66,258,PERFORISTA,12.0,0.0,20260907-LA ESTRELLA-XRD150U-006-A
2307,20260907,66,258,PERFORISTA,12.0,0.0,20260907-LA ESTRELLA-XRD150U-006-B
2308,20260908,66,258,PERFORISTA,12.0,0.0,20260908-LA ESTRELLA-XRD150U-006-A
2309,20260908,66,258,PERFORISTA,12.0,0.0,20260908-LA ESTRELLA-XRD150U-006-B
2310,20260909,66,258,PERFORISTA,12.0,0.0,20260909-LA ESTRELLA-XRD150U-006-A
2311,20260909,66,258,PERFORISTA,12.0,0.0,20260909-LA ESTRELLA-XRD150U-006-B
2312,20260910,66,258,PERFORISTA,12.0,0.0,20260910-LA ESTRELLA-XRD150U-006-A
2313,20260910,66,258,PERFORISTA,12.0,0.0,20260910-LA ESTRELLA-XRD150U-006-B
2314,20260911,66,258,PERFORISTA,12.0,0.0,20260911-LA ESTRELLA-XRD150U-006-A
2315,20260911,66,258,PERFORISTA,12.0,0.0,20260911-LA ESTRELLA-XRD150U-006-B
2316,20260912,66,258,PERFORISTA,12.0,0.0,20260912-LA ESTRELLA-XRD150U-006-A
2317,20260912,66,258,PERFORISTA,12.0,0.0,20260912-LA ESTRELLA-XRD150U-006-B
2318,20260913,66,258,PERFORISTA,12.0,0.0,20260913-LA ESTRELLA-XRD150U-006-A
2319,20260913,66,258,PERFORISTA,12.0,0.0,20260913-LA ESTRELLA-XRD150U-006-B
2320,20260914,66,258,PERFORISTA,12.0,0.0,20260914-LA ESTRELLA-XRD150U-006-A
2321,20260914,66,258,PERFORISTA,12.0,0.0,20260914-LA ESTRELLA-XRD150U-006-B
2322,20260915,66,258,PERFORISTA,12.0,0.0,20260915-LA ESTRELLA-XRD150U-006-A
2323,20260915,66,258,PERFORISTA,12.0,0.0,20260915-LA ESTRELLA-XRD150U-006-B
2324,20260916,66,258,PERFORISTA,12.0,0.0,20260916-LA ESTRELLA-XRD150U-006-A
2325,20260916,66,258,PERFORISTA,12.0,0.0,20260916-LA ESTRELLA-XRD150U-006-B
2326,20260917,66,258,PERFORISTA,12.0,0.0,20260917-LA ESTRELLA-XRD150U-006-A
2327,20260917,66,258,PERFORISTA,12.0,0.0,20260917-LA ESTRELLA-XRD150U-006-B
2328,20260918,66,258,PERFORISTA,12.0,0.0,20260918-LA ESTRELLA-XRD150U-006-A
2329,20260918,66,258,PERFORISTA,12.0,0.0,20260918-LA ESTRELLA-XRD150U-006-B
2330,20260919,66,258,PERFORISTA,12.0,0.0,20260919-LA ESTRELLA-XRD150U-006-A
2331,20260919,66,258,PERFORISTA,12.0,0.0,20260919-LA ESTRELLA-XRD150U-006-B
2332,20260920,66,258,PERFORISTA,12.0,0.0,20260920-LA ESTRELLA-XRD150U-006-A
2333,20260920,66,258,PERFORISTA,12.0,0.0,20260920-LA ESTRELLA-XRD150U-006-B
2334,20260921,66,258,PERFORISTA,12.0,0.0,20260921-LA ESTRELLA-XRD150U-006-A
2335,20260921,66,258,PERFORISTA,12.0,0.0,20260921-LA ESTRELLA-XRD150U-006-B
2336,20260922,66,258,PERFORISTA,12.0,0.0,20260922-LA ESTRELLA-XRD150U-006-A
2337,20260922,66,258,PERFORISTA,12.0,0.0,20260922-LA ESTRELLA-XRD150U-006-B
2338,20260923,66,258,PERFORISTA,12.0,0.0,20260923-LA ESTRELLA-XRD150U-006-A
2339,20260923,66,258,PERFORISTA,12.0,0.0,20260923-LA ESTRELLA-XRD150U-006-B
2340,20260924,66,258,PERFORISTA,12.0,0.0,20260924-LA ESTRELLA-XRD150U-006-A
2341,20260924,66,258,PERFORISTA,12.0,0.0,20260924-LA ESTRELLA-XRD150U-006-B
2342,20260925,66,258,PERFORISTA,12.0,0.0,20260925-LA ESTRELLA-XRD150U-006-A
2343,20260925,66,258,PERFORISTA,12.0,0.0,20260925-LA ESTRELLA-XRD150U-006-B
2344,20260826,73,82,PERFORISTA,12.0,0.0,20260826-RAURA-XRD90USS-004-A
2345,20260826,73,97,AYUDANTE DE PERFORACION,12.0,0.0,20260826-RAURA-XRD90USS-004-A
2346,20260826,73,115,AYUDANTE DE PERFORACION,12.0,0.0,20260826-RAURA-XRD90USS-004-A
2347,20260826,73,209,PERFORISTA,12.0,0.0,20260826-RAURA-XRD90USS-004-B
2348,20260826,73,103,AYUDANTE DE PERFORACION,12.0,0.0,20260826-RAURA-XRD90USS-004-B
2349,20260826,73,27,AYUDANTE DE PERFORACION,12.0,0.0,20260826-RAURA-XRD90USS-004-B
2350,20260827,73,82,PERFORISTA,12.0,0.0,20260827-RAURA-XRD90USS-004-A
2351,20260827,73,97,AYUDANTE DE PERFORACION,12.0,0.0,20260827-RAURA-XRD90USS-004-A
2352,20260827,73,115,AYUDANTE DE PERFORACION,12.0,0.0,20260827-RAURA-XRD90USS-004-A
2353,20260827,73,209,PERFORISTA,12.0,0.0,20260827-RAURA-XRD90USS-004-B
2354,20260827,73,103,AYUDANTE DE PERFORACION,12.0,0.0,20260827-RAURA-XRD90USS-004-B
2355,20260827,73,27,AYUDANTE DE PERFORACION,12.0,0.0,20260827-RAURA-XRD90USS-004-B
2356,20260828,73,82,PERFORISTA,12.0,0.0,20260828-RAURA-XRD90USS-004-A
2357,20260828,73,97,AYUDANTE DE PERFORACION,12.0,0.0,20260828-RAURA-XRD90USS-004-A
2358,20260828,73,115,AYUDANTE DE PERFORACION,12.0,0.0,20260828-RAURA-XRD90USS-004-A
2359,20260828,73,209,PERFORISTA,12.0,0.0,20260828-RAURA-XRD90USS-004-B
2360,20260828,73,103,AYUDANTE DE PERFORACION,12.0,0.0,20260828-RAURA-XRD90USS-004-B
2361,20260828,73,27,AYUDANTE DE PERFORACION,12.0,0.0,20260828-RAURA-XRD90USS-004-B
2362,20260829,73,82,PERFORISTA,12.0,0.0,20260829-RAURA-XRD90USS-004-A
2363,20260829,73,97,AYUDANTE DE PERFORACION,12.0,0.0,20260829-RAURA-XRD90USS-004-A
2364,20260829,73,115,AYUDANTE DE PERFORACION,12.0,0.0,20260829-RAURA-XRD90USS-004-A
2365,20260829,73,209,PERFORISTA,12.0,0.0,20260829-RAURA-XRD90USS-004-B
2366,20260829,73,103,AYUDANTE DE PERFORACION,12.0,0.0,20260829-RAURA-XRD90USS-004-B
2367,20260829,73,27,AYUDANTE DE PERFORACION,12.0,0.0,20260829-RAURA-XRD90USS-004-B
2368,20260830,73,82,PERFORISTA,12.0,0.0,20260830-RAURA-XRD90USS-004-A
2369,20260830,73,97,AYUDANTE DE PERFORACION,12.0,0.0,20260830-RAURA-XRD90USS-004-A
2370,20260830,73,115,AYUDANTE DE PERFORACION,12.0,0.0,20260830-RAURA-XRD90USS-004-A
2371,20260830,73,209,PERFORISTA,12.0,0.0,20260830-RAURA-XRD90USS-004-B
2372,20260830,73,103,AYUDANTE DE PERFORACION,12.0,0.0,20260830-RAURA-XRD90USS-004-B
2373,20260830,73,27,AYUDANTE DE PERFORACION,12.0,0.0,20260830-RAURA-XRD90USS-004-B
2374,20260831,73,82,PERFORISTA,12.0,0.0,20260831-RAURA-XRD90USS-004-A
2375,20260831,73,97,AYUDANTE DE PERFORACION,12.0,0.0,20260831-RAURA-XRD90USS-004-A
2376,20260831,73,115,AYUDANTE DE PERFORACION,12.0,0.0,20260831-RAURA-XRD90USS-004-A
2377,20260831,73,209,PERFORISTA,12.0,0.0,20260831-RAURA-XRD90USS-004-B
2378,20260831,73,103,AYUDANTE DE PERFORACION,12.0,0.0,20260831-RAURA-XRD90USS-004-B
2379,20260831,73,27,AYUDANTE DE PERFORACION,12.0,0.0,20260831-RAURA-XRD90USS-004-B
2380,20260901,73,258,PERFORISTA,12.0,0.0,20260901-RAURA-XRD90USS-004-A
2381,20260901,73,258,PERFORISTA,12.0,0.0,20260901-RAURA-XRD90USS-004-B
2382,20260902,73,258,PERFORISTA,12.0,0.0,20260902-RAURA-XRD90USS-004-A
2383,20260902,73,258,PERFORISTA,12.0,0.0,20260902-RAURA-XRD90USS-004-B
2384,20260903,73,258,PERFORISTA,12.0,0.0,20260903-RAURA-XRD90USS-004-A
2385,20260903,73,258,PERFORISTA,12.0,0.0,20260903-RAURA-XRD90USS-004-B
2386,20260904,73,258,PERFORISTA,12.0,0.0,20260904-RAURA-XRD90USS-004-A
2387,20260904,73,258,PERFORISTA,12.0,0.0,20260904-RAURA-XRD90USS-004-B
2388,20260905,73,258,PERFORISTA,12.0,0.0,20260905-RAURA-XRD90USS-004-A
2389,20260905,73,258,PERFORISTA,12.0,0.0,20260905-RAURA-XRD90USS-004-B
2390,20260906,73,258,PERFORISTA,12.0,0.0,20260906-RAURA-XRD90USS-004-A
2391,20260906,73,258,PERFORISTA,12.0,0.0,20260906-RAURA-XRD90USS-004-B
2392,20260907,73,258,PERFORISTA,12.0,0.0,20260907-RAURA-XRD90USS-004-A
2393,20260907,73,258,PERFORISTA,12.0,0.0,20260907-RAURA-XRD90USS-004-B
2394,20260908,73,258,PERFORISTA,12.0,0.0,20260908-RAURA-XRD90USS-004-A
2395,20260908,73,258,PERFORISTA,12.0,0.0,20260908-RAURA-XRD90USS-004-B
2396,20260909,73,258,PERFORISTA,12.0,0.0,20260909-RAURA-XRD90USS-004-A
2397,20260909,73,258,PERFORISTA,12.0,0.0,20260909-RAURA-XRD90USS-004-B
2398,20260910,73,258,PERFORISTA,12.0,0.0,20260910-RAURA-XRD90USS-004-A
2399,20260910,73,258,PERFORISTA,12.0,0.0,20260910-RAURA-XRD90USS-004-B
2400,20260911,73,258,PERFORISTA,12.0,0.0,20260911-RAURA-XRD90USS-004-A
2401,20260911,73,258,PERFORISTA,12.0,0.0,20260911-RAURA-XRD90USS-004-B
2402,20260912,73,258,PERFORISTA,12.0,0.0,20260912-RAURA-XRD90USS-004-A
2403,20260912,73,258,PERFORISTA,12.0,0.0,20260912-RAURA-XRD90USS-004-B
2404,20260913,73,258,PERFORISTA,12.0,0.0,20260913-RAURA-XRD90USS-004-A
2405,20260913,73,258,PERFORISTA,12.0,0.0,20260913-RAURA-XRD90USS-004-B
2406,20260914,73,258,PERFORISTA,12.0,0.0,20260914-RAURA-XRD90USS-004-A
2407,20260914,73,258,PERFORISTA,12.0,0.0,20260914-RAURA-XRD90USS-004-B
2408,20260915,73,258,PERFORISTA,12.0,0.0,20260915-RAURA-XRD90USS-004-A
2409,20260915,73,258,PERFORISTA,12.0,0.0,20260915-RAURA-XRD90USS-004-B
2410,20260916,73,258,PERFORISTA,12.0,0.0,20260916-RAURA-XRD90USS-004-A
2411,20260916,73,258,PERFORISTA,12.0,0.0,20260916-RAURA-XRD90USS-004-B
2412,20260917,73,258,PERFORISTA,12.0,0.0,20260917-RAURA-XRD90USS-004-A
2413,20260917,73,258,PERFORISTA,12.0,0.0,20260917-RAURA-XRD90USS-004-B
2414,20260918,73,258,PERFORISTA,12.0,0.0,20260918-RAURA-XRD90USS-004-A
2415,20260918,73,258,PERFORISTA,12.0,0.0,20260918-RAURA-XRD90USS-004-B
2416,20260919,73,258,PERFORISTA,12.0,0.0,20260919-RAURA-XRD90USS-004-A
2417,20260919,73,258,PERFORISTA,12.0,0.0,20260919-RAURA-XRD90USS-004-B
2418,20260920,73,258,PERFORISTA,12.0,0.0,20260920-RAURA-XRD90USS-004-A
2419,20260920,73,258,PERFORISTA,12.0,0.0,20260920-RAURA-XRD90USS-004-B
2420,20260921,73,258,PERFORISTA,12.0,0.0,20260921-RAURA-XRD90USS-004-A
2421,20260921,73,258,PERFORISTA,12.0,0.0,20260921-RAURA-XRD90USS-004-B
2422,20260922,73,258,PERFORISTA,12.0,0.0,20260922-RAURA-XRD90USS-004-A
2423,20260922,73,258,PERFORISTA,12.0,0.0,20260922-RAURA-XRD90USS-004-B
2424,20260923,73,258,PERFORISTA,12.0,0.0,20260923-RAURA-XRD90USS-004-A
2425,20260923,73,258,PERFORISTA,12.0,0.0,20260923-RAURA-XRD90USS-004-B
2426,20260924,73,258,PERFORISTA,12.0,0.0,20260924-RAURA-XRD90USS-004-A
2427,20260924,73,258,PERFORISTA,12.0,0.0,20260924-RAURA-XRD90USS-004-B
2428,20260925,73,258,PERFORISTA,12.0,0.0,20260925-RAURA-XRD90USS-004-A
2429,20260925,73,258,PERFORISTA,12.0,0.0,20260925-RAURA-XRD90USS-004-B
2430,20260826,72,395,PERFORISTA,12.0,0.0,20260826-RAURA-XRD90USS-001-A
2431,20260826,72,327,AYUDANTE DE PERFORACION,12.0,0.0,20260826-RAURA-XRD90USS-001-A
2432,20260826,72,365,AYUDANTE DE PERFORACION,12.0,0.0,20260826-RAURA-XRD90USS-001-A
2433,20260826,72,304,PERFORISTA,12.0,0.0,20260826-RAURA-XRD90USS-001-B
2434,20260826,72,246,AYUDANTE DE PERFORACION,12.0,0.0,20260826-RAURA-XRD90USS-001-B
2435,20260826,72,344,AYUDANTE DE PERFORACION,12.0,0.0,20260826-RAURA-XRD90USS-001-B
2436,20260827,72,395,PERFORISTA,12.0,0.0,20260827-RAURA-XRD90USS-001-A
2437,20260827,72,327,AYUDANTE DE PERFORACION,12.0,0.0,20260827-RAURA-XRD90USS-001-A
2438,20260827,72,365,AYUDANTE DE PERFORACION,12.0,0.0,20260827-RAURA-XRD90USS-001-A
2439,20260827,72,304,PERFORISTA,12.0,0.0,20260827-RAURA-XRD90USS-001-B
2440,20260827,72,246,AYUDANTE DE PERFORACION,12.0,0.0,20260827-RAURA-XRD90USS-001-B
2441,20260827,72,344,AYUDANTE DE PERFORACION,12.0,0.0,20260827-RAURA-XRD90USS-001-B
2442,20260827,72,304,PERFORISTA,12.0,0.0,20260827-RAURA-XRD90USS-001-B
2443,20260827,72,246,AYUDANTE DE PERFORACION,12.0,0.0,20260827-RAURA-XRD90USS-001-B
2444,20260827,72,344,AYUDANTE DE PERFORACION,12.0,0.0,20260827-RAURA-XRD90USS-001-B
2445,20260828,72,395,PERFORISTA,12.0,0.0,20260828-RAURA-XRD90USS-001-A
2446,20260828,72,327,AYUDANTE DE PERFORACION,12.0,0.0,20260828-RAURA-XRD90USS-001-A
2447,20260828,72,365,AYUDANTE DE PERFORACION,12.0,0.0,20260828-RAURA-XRD90USS-001-A
2448,20260828,72,304,PERFORISTA,12.0,0.0,20260828-RAURA-XRD90USS-001-B
2449,20260828,72,246,AYUDANTE DE PERFORACION,12.0,0.0,20260828-RAURA-XRD90USS-001-B
2450,20260828,72,344,AYUDANTE DE PERFORACION,12.0,0.0,20260828-RAURA-XRD90USS-001-B
2451,20260829,72,395,PERFORISTA,12.0,0.0,20260829-RAURA-XRD90USS-001-A
2452,20260829,72,327,AYUDANTE DE PERFORACION,12.0,0.0,20260829-RAURA-XRD90USS-001-A
2453,20260829,72,365,AYUDANTE DE PERFORACION,12.0,0.0,20260829-RAURA-XRD90USS-001-A
2454,20260829,72,304,PERFORISTA,12.0,0.0,20260829-RAURA-XRD90USS-001-B
2455,20260829,72,246,AYUDANTE DE PERFORACION,12.0,0.0,20260829-RAURA-XRD90USS-001-B
2456,20260829,72,344,AYUDANTE DE PERFORACION,12.0,0.0,20260829-RAURA-XRD90USS-001-B
2457,20260830,72,395,PERFORISTA,12.0,0.0,20260830-RAURA-XRD90USS-001-A
2458,20260830,72,327,AYUDANTE DE PERFORACION,12.0,0.0,20260830-RAURA-XRD90USS-001-A
2459,20260830,72,365,AYUDANTE DE PERFORACION,12.0,0.0,20260830-RAURA-XRD90USS-001-A
2460,20260830,72,304,PERFORISTA,12.0,0.0,20260830-RAURA-XRD90USS-001-B
2461,20260830,72,246,AYUDANTE DE PERFORACION,12.0,0.0,20260830-RAURA-XRD90USS-001-B
2462,20260830,72,344,AYUDANTE DE PERFORACION,12.0,0.0,20260830-RAURA-XRD90USS-001-B
2463,20260831,72,395,PERFORISTA,12.0,0.0,20260831-RAURA-XRD90USS-001-A
2464,20260831,72,327,AYUDANTE DE PERFORACION,12.0,0.0,20260831-RAURA-XRD90USS-001-A
2465,20260831,72,365,AYUDANTE DE PERFORACION,12.0,0.0,20260831-RAURA-XRD90USS-001-A
2466,20260831,72,304,PERFORISTA,12.0,0.0,20260831-RAURA-XRD90USS-001-B
2467,20260831,72,246,AYUDANTE DE PERFORACION,12.0,0.0,20260831-RAURA-XRD90USS-001-B
2468,20260831,72,344,AYUDANTE DE PERFORACION,12.0,0.0,20260831-RAURA-XRD90USS-001-B
2469,20260901,72,258,PERFORISTA,12.0,0.0,20260901-RAURA-XRD90USS-001-A
2470,20260901,72,258,PERFORISTA,12.0,0.0,20260901-RAURA-XRD90USS-001-B
2471,20260902,72,258,PERFORISTA,12.0,0.0,20260902-RAURA-XRD90USS-001-A
2472,20260902,72,258,PERFORISTA,12.0,0.0,20260902-RAURA-XRD90USS-001-B
2473,20260903,72,258,PERFORISTA,12.0,0.0,20260903-RAURA-XRD90USS-001-A
2474,20260903,72,258,PERFORISTA,12.0,0.0,20260903-RAURA-XRD90USS-001-B
2475,20260904,72,258,PERFORISTA,12.0,0.0,20260904-RAURA-XRD90USS-001-A
2476,20260904,72,258,PERFORISTA,12.0,0.0,20260904-RAURA-XRD90USS-001-B
2477,20260905,72,258,PERFORISTA,12.0,0.0,20260905-RAURA-XRD90USS-001-A
2478,20260905,72,258,PERFORISTA,12.0,0.0,20260905-RAURA-XRD90USS-001-B
2479,20260906,72,258,PERFORISTA,12.0,0.0,20260906-RAURA-XRD90USS-001-A
2480,20260906,72,258,PERFORISTA,12.0,0.0,20260906-RAURA-XRD90USS-001-B
2481,20260907,72,258,PERFORISTA,12.0,0.0,20260907-RAURA-XRD90USS-001-A
2482,20260907,72,258,PERFORISTA,12.0,0.0,20260907-RAURA-XRD90USS-001-B
2483,20260908,72,258,PERFORISTA,12.0,0.0,20260908-RAURA-XRD90USS-001-A
2484,20260908,72,258,PERFORISTA,12.0,0.0,20260908-RAURA-XRD90USS-001-B
2485,20260909,72,258,PERFORISTA,12.0,0.0,20260909-RAURA-XRD90USS-001-A
2486,20260909,72,258,PERFORISTA,12.0,0.0,20260909-RAURA-XRD90USS-001-B
2487,20260910,72,258,PERFORISTA,12.0,0.0,20260910-RAURA-XRD90USS-001-A
2488,20260910,72,258,PERFORISTA,12.0,0.0,20260910-RAURA-XRD90USS-001-B
2489,20260911,72,258,PERFORISTA,12.0,0.0,20260911-RAURA-XRD90USS-001-A
2490,20260911,72,258,PERFORISTA,12.0,0.0,20260911-RAURA-XRD90USS-001-B
2491,20260912,72,258,PERFORISTA,12.0,0.0,20260912-RAURA-XRD90USS-001-A
2492,20260912,72,258,PERFORISTA,12.0,0.0,20260912-RAURA-XRD90USS-001-B
2493,20260913,72,258,PERFORISTA,12.0,0.0,20260913-RAURA-XRD90USS-001-A
2494,20260913,72,258,PERFORISTA,12.0,0.0,20260913-RAURA-XRD90USS-001-B
2495,20260914,72,258,PERFORISTA,12.0,0.0,20260914-RAURA-XRD90USS-001-A
2496,20260914,72,258,PERFORISTA,12.0,0.0,20260914-RAURA-XRD90USS-001-B
2497,20260915,72,258,PERFORISTA,12.0,0.0,20260915-RAURA-XRD90USS-001-A
2498,20260915,72,258,PERFORISTA,12.0,0.0,20260915-RAURA-XRD90USS-001-B
2499,20260916,72,258,PERFORISTA,12.0,0.0,20260916-RAURA-XRD90USS-001-A
2500,20260916,72,258,PERFORISTA,12.0,0.0,20260916-RAURA-XRD90USS-001-B
2501,20260917,72,258,PERFORISTA,12.0,0.0,20260917-RAURA-XRD90USS-001-A
2502,20260917,72,258,PERFORISTA,12.0,0.0,20260917-RAURA-XRD90USS-001-B
2503,20260918,72,258,PERFORISTA,12.0,0.0,20260918-RAURA-XRD90USS-001-A
2504,20260918,72,258,PERFORISTA,12.0,0.0,20260918-RAURA-XRD90USS-001-B
2505,20260919,72,258,PERFORISTA,12.0,0.0,20260919-RAURA-XRD90USS-001-A
2506,20260919,72,258,PERFORISTA,12.0,0.0,20260919-RAURA-XRD90USS-001-B
2507,20260920,72,258,PERFORISTA,12.0,0.0,20260920-RAURA-XRD90USS-001-A
2508,20260920,72,258,PERFORISTA,12.0,0.0,20260920-RAURA-XRD90USS-001-B
2509,20260921,72,258,PERFORISTA,12.0,0.0,20260921-RAURA-XRD90USS-001-A
2510,20260921,72,258,PERFORISTA,12.0,0.0,20260921-RAURA-XRD90USS-001-B
2511,20260922,72,258,PERFORISTA,12.0,0.0,20260922-RAURA-XRD90USS-001-A
2512,20260922,72,258,PERFORISTA,12.0,0.0,20260922-RAURA-XRD90USS-001-B
2513,20260923,72,258,PERFORISTA,12.0,0.0,20260923-RAURA-XRD90USS-001-A
2514,20260923,72,258,PERFORISTA,12.0,0.0,20260923-RAURA-XRD90USS-001-B
2515,20260924,72,258,PERFORISTA,12.0,0.0,20260924-RAURA-XRD90USS-001-A
2516,20260924,72,258,PERFORISTA,12.0,0.0,20260924-RAURA-XRD90USS-001-B
2517,20260925,72,258,PERFORISTA,12.0,0.0,20260925-RAURA-XRD90USS-001-A
2518,20260925,72,258,PERFORISTA,12.0,0.0,20260925-RAURA-XRD90USS-001-B
2519,20260826,71,387,PERFORISTA,12.0,0.0,20260826-RAURA-XRD150UBT-001-A
2520,20260826,71,140,AYUDANTE DE PERFORACION,12.0,0.0,20260826-RAURA-XRD150UBT-001-A
2521,20260826,71,125,AYUDANTE DE PERFORACION,12.0,0.0,20260826-RAURA-XRD150UBT-001-A
2522,20260826,71,227,PERFORISTA,12.0,0.0,20260826-RAURA-XRD150UBT-001-B
2523,20260826,71,96,AYUDANTE DE PERFORACION,12.0,0.0,20260826-RAURA-XRD150UBT-001-B
2524,20260826,71,38,AYUDANTE DE PERFORACION,12.0,0.0,20260826-RAURA-XRD150UBT-001-B
2525,20260827,71,387,PERFORISTA,12.0,0.0,20260827-RAURA-XRD150UBT-001-A
2526,20260827,71,140,AYUDANTE DE PERFORACION,12.0,0.0,20260827-RAURA-XRD150UBT-001-A
2527,20260827,71,125,AYUDANTE DE PERFORACION,12.0,0.0,20260827-RAURA-XRD150UBT-001-A
2528,20260827,71,227,PERFORISTA,12.0,0.0,20260827-RAURA-XRD150UBT-001-B
2529,20260827,71,96,AYUDANTE DE PERFORACION,12.0,0.0,20260827-RAURA-XRD150UBT-001-B
2530,20260827,71,38,AYUDANTE DE PERFORACION,12.0,0.0,20260827-RAURA-XRD150UBT-001-B
2531,20260828,71,387,PERFORISTA,12.0,0.0,20260828-RAURA-XRD150UBT-001-A
2532,20260828,71,140,AYUDANTE DE PERFORACION,12.0,0.0,20260828-RAURA-XRD150UBT-001-A
2533,20260828,71,125,AYUDANTE DE PERFORACION,12.0,0.0,20260828-RAURA-XRD150UBT-001-A
2534,20260828,71,227,PERFORISTA,12.0,0.0,20260828-RAURA-XRD150UBT-001-B
2535,20260828,71,96,AYUDANTE DE PERFORACION,12.0,0.0,20260828-RAURA-XRD150UBT-001-B
2536,20260828,71,38,AYUDANTE DE PERFORACION,12.0,0.0,20260828-RAURA-XRD150UBT-001-B
2537,20260829,71,387,PERFORISTA,12.0,0.0,20260829-RAURA-XRD150UBT-001-A
2538,20260829,71,140,AYUDANTE DE PERFORACION,12.0,0.0,20260829-RAURA-XRD150UBT-001-A
2539,20260829,71,125,AYUDANTE DE PERFORACION,12.0,0.0,20260829-RAURA-XRD150UBT-001-A
2540,20260829,71,227,PERFORISTA,12.0,0.0,20260829-RAURA-XRD150UBT-001-B
2541,20260829,71,96,AYUDANTE DE PERFORACION,12.0,0.0,20260829-RAURA-XRD150UBT-001-B
2542,20260829,71,38,AYUDANTE DE PERFORACION,12.0,0.0,20260829-RAURA-XRD150UBT-001-B
2543,20260830,71,387,PERFORISTA,12.0,0.0,20260830-RAURA-XRD150UBT-001-A
2544,20260830,71,140,AYUDANTE DE PERFORACION,12.0,0.0,20260830-RAURA-XRD150UBT-001-A
2545,20260830,71,125,AYUDANTE DE PERFORACION,12.0,0.0,20260830-RAURA-XRD150UBT-001-A
2546,20260830,71,227,PERFORISTA,12.0,0.0,20260830-RAURA-XRD150UBT-001-B
2547,20260830,71,96,AYUDANTE DE PERFORACION,12.0,0.0,20260830-RAURA-XRD150UBT-001-B
2548,20260830,71,38,AYUDANTE DE PERFORACION,12.0,0.0,20260830-RAURA-XRD150UBT-001-B
2549,20260831,71,387,PERFORISTA,12.0,0.0,20260831-RAURA-XRD150UBT-001-A
2550,20260831,71,140,AYUDANTE DE PERFORACION,12.0,0.0,20260831-RAURA-XRD150UBT-001-A
2551,20260831,71,388,AYUDANTE DE PERFORACION,12.0,0.0,20260831-RAURA-XRD150UBT-001-A
2552,20260831,71,227,PERFORISTA,12.0,0.0,20260831-RAURA-XRD150UBT-001-B
2553,20260831,71,96,AYUDANTE DE PERFORACION,12.0,0.0,20260831-RAURA-XRD150UBT-001-B
2554,20260831,71,38,AYUDANTE DE PERFORACION,12.0,0.0,20260831-RAURA-XRD150UBT-001-B
2555,20260901,71,258,PERFORISTA,12.0,0.0,20260901-RAURA-XRD150UBT-001-A
2556,20260901,71,258,PERFORISTA,12.0,0.0,20260901-RAURA-XRD150UBT-001-B
2557,20260902,71,258,PERFORISTA,12.0,0.0,20260902-RAURA-XRD150UBT-001-A
2558,20260902,71,258,PERFORISTA,12.0,0.0,20260902-RAURA-XRD150UBT-001-B
2559,20260903,71,258,PERFORISTA,12.0,0.0,20260903-RAURA-XRD150UBT-001-A
2560,20260903,71,258,PERFORISTA,12.0,0.0,20260903-RAURA-XRD150UBT-001-B
2561,20260904,71,258,PERFORISTA,12.0,0.0,20260904-RAURA-XRD150UBT-001-A
2562,20260904,71,258,PERFORISTA,12.0,0.0,20260904-RAURA-XRD150UBT-001-B
2563,20260905,71,258,PERFORISTA,12.0,0.0,20260905-RAURA-XRD150UBT-001-A
2564,20260905,71,258,PERFORISTA,12.0,0.0,20260905-RAURA-XRD150UBT-001-B
2565,20260906,71,258,PERFORISTA,12.0,0.0,20260906-RAURA-XRD150UBT-001-A
2566,20260906,71,258,PERFORISTA,12.0,0.0,20260906-RAURA-XRD150UBT-001-B
2567,20260907,71,258,PERFORISTA,12.0,0.0,20260907-RAURA-XRD150UBT-001-A
2568,20260907,71,258,PERFORISTA,12.0,0.0,20260907-RAURA-XRD150UBT-001-B
2569,20260908,71,258,PERFORISTA,12.0,0.0,20260908-RAURA-XRD150UBT-001-A
2570,20260908,71,258,PERFORISTA,12.0,0.0,20260908-RAURA-XRD150UBT-001-B
2571,20260909,71,258,PERFORISTA,12.0,0.0,20260909-RAURA-XRD150UBT-001-A
2572,20260909,71,258,PERFORISTA,12.0,0.0,20260909-RAURA-XRD150UBT-001-B
2573,20260910,71,258,PERFORISTA,12.0,0.0,20260910-RAURA-XRD150UBT-001-A
2574,20260910,71,258,PERFORISTA,12.0,0.0,20260910-RAURA-XRD150UBT-001-B
2575,20260911,71,258,PERFORISTA,12.0,0.0,20260911-RAURA-XRD150UBT-001-A
2576,20260911,71,258,PERFORISTA,12.0,0.0,20260911-RAURA-XRD150UBT-001-B
2577,20260912,71,258,PERFORISTA,12.0,0.0,20260912-RAURA-XRD150UBT-001-A
2578,20260912,71,258,PERFORISTA,12.0,0.0,20260912-RAURA-XRD150UBT-001-B
2579,20260913,71,258,PERFORISTA,12.0,0.0,20260913-RAURA-XRD150UBT-001-A
2580,20260913,71,258,PERFORISTA,12.0,0.0,20260913-RAURA-XRD150UBT-001-B
2581,20260914,71,258,PERFORISTA,12.0,0.0,20260914-RAURA-XRD150UBT-001-A
2582,20260914,71,258,PERFORISTA,12.0,0.0,20260914-RAURA-XRD150UBT-001-B
2583,20260915,71,258,PERFORISTA,12.0,0.0,20260915-RAURA-XRD150UBT-001-A
2584,20260915,71,258,PERFORISTA,12.0,0.0,20260915-RAURA-XRD150UBT-001-B
2585,20260916,71,258,PERFORISTA,12.0,0.0,20260916-RAURA-XRD150UBT-001-A
2586,20260916,71,258,PERFORISTA,12.0,0.0,20260916-RAURA-XRD150UBT-001-B
2587,20260917,71,258,PERFORISTA,12.0,0.0,20260917-RAURA-XRD150UBT-001-A
2588,20260917,71,258,PERFORISTA,12.0,0.0,20260917-RAURA-XRD150UBT-001-B
2589,20260918,71,258,PERFORISTA,12.0,0.0,20260918-RAURA-XRD150UBT-001-A
2590,20260918,71,258,PERFORISTA,12.0,0.0,20260918-RAURA-XRD150UBT-001-B
2591,20260919,71,258,PERFORISTA,12.0,0.0,20260919-RAURA-XRD150UBT-001-A
2592,20260919,71,258,PERFORISTA,12.0,0.0,20260919-RAURA-XRD150UBT-001-B
2593,20260920,71,258,PERFORISTA,12.0,0.0,20260920-RAURA-XRD150UBT-001-A
2594,20260920,71,258,PERFORISTA,12.0,0.0,20260920-RAURA-XRD150UBT-001-B
2595,20260921,71,258,PERFORISTA,12.0,0.0,20260921-RAURA-XRD150UBT-001-A
2596,20260921,71,258,PERFORISTA,12.0,0.0,20260921-RAURA-XRD150UBT-001-B
2597,20260922,71,258,PERFORISTA,12.0,0.0,20260922-RAURA-XRD150UBT-001-A
2598,20260922,71,258,PERFORISTA,12.0,0.0,20260922-RAURA-XRD150UBT-001-B
2599,20260923,71,258,PERFORISTA,12.0,0.0,20260923-RAURA-XRD150UBT-001-A
2600,20260923,71,258,PERFORISTA,12.0,0.0,20260923-RAURA-XRD150UBT-001-B
2601,20260924,71,258,PERFORISTA,12.0,0.0,20260924-RAURA-XRD150UBT-001-A
2602,20260924,71,258,PERFORISTA,12.0,0.0,20260924-RAURA-XRD150UBT-001-B
2603,20260925,71,258,PERFORISTA,12.0,0.0,20260925-RAURA-XRD150UBT-001-A
2604,20260925,71,258,PERFORISTA,12.0,0.0,20260925-RAURA-XRD150UBT-001-B
2605,20260826,70,347,PERFORISTA,12.0,0.0,20260826-RAURA-XRD150U-005-A
2606,20260826,70,320,AYUDANTE DE PERFORACION,12.0,0.0,20260826-RAURA-XRD150U-005-A
2607,20260826,70,366,AYUDANTE DE PERFORACION,12.0,0.0,20260826-RAURA-XRD150U-005-A
2608,20260826,70,223,PERFORISTA,12.0,0.0,20260826-RAURA-XRD150U-005-B
2609,20260826,70,98,AYUDANTE DE PERFORACION,12.0,0.0,20260826-RAURA-XRD150U-005-B
2610,20260826,70,238,AYUDANTE DE PERFORACION,12.0,0.0,20260826-RAURA-XRD150U-005-B
2611,20260827,70,347,PERFORISTA,12.0,0.0,20260827-RAURA-XRD150U-005-A
2612,20260827,70,320,AYUDANTE DE PERFORACION,12.0,0.0,20260827-RAURA-XRD150U-005-A
2613,20260827,70,366,AYUDANTE DE PERFORACION,12.0,0.0,20260827-RAURA-XRD150U-005-A
2614,20260827,70,223,PERFORISTA,12.0,0.0,20260827-RAURA-XRD150U-005-B
2615,20260827,70,98,AYUDANTE DE PERFORACION,12.0,0.0,20260827-RAURA-XRD150U-005-B
2616,20260827,70,238,AYUDANTE DE PERFORACION,12.0,0.0,20260827-RAURA-XRD150U-005-B
2617,20260828,70,347,PERFORISTA,12.0,0.0,20260828-RAURA-XRD150U-005-A
2618,20260828,70,320,AYUDANTE DE PERFORACION,12.0,0.0,20260828-RAURA-XRD150U-005-A
2619,20260828,70,366,AYUDANTE DE PERFORACION,12.0,0.0,20260828-RAURA-XRD150U-005-A
2620,20260828,70,223,PERFORISTA,12.0,0.0,20260828-RAURA-XRD150U-005-B
2621,20260828,70,98,AYUDANTE DE PERFORACION,12.0,0.0,20260828-RAURA-XRD150U-005-B
2622,20260828,70,238,AYUDANTE DE PERFORACION,12.0,0.0,20260828-RAURA-XRD150U-005-B
2623,20260829,70,347,PERFORISTA,12.0,0.0,20260829-RAURA-XRD150U-005-A
2624,20260829,70,320,AYUDANTE DE PERFORACION,12.0,0.0,20260829-RAURA-XRD150U-005-A
2625,20260829,70,366,AYUDANTE DE PERFORACION,12.0,0.0,20260829-RAURA-XRD150U-005-A
2626,20260829,70,223,PERFORISTA,12.0,0.0,20260829-RAURA-XRD150U-005-B
2627,20260829,70,98,AYUDANTE DE PERFORACION,12.0,0.0,20260829-RAURA-XRD150U-005-B
2628,20260829,70,238,AYUDANTE DE PERFORACION,12.0,0.0,20260829-RAURA-XRD150U-005-B
2629,20260830,70,347,PERFORISTA,12.0,0.0,20260830-RAURA-XRD150U-005-A
2630,20260830,70,320,AYUDANTE DE PERFORACION,12.0,0.0,20260830-RAURA-XRD150U-005-A
2631,20260830,70,366,AYUDANTE DE PERFORACION,12.0,0.0,20260830-RAURA-XRD150U-005-A
2632,20260830,70,223,PERFORISTA,12.0,0.0,20260830-RAURA-XRD150U-005-B
2633,20260830,70,98,AYUDANTE DE PERFORACION,12.0,0.0,20260830-RAURA-XRD150U-005-B
2634,20260830,70,238,AYUDANTE DE PERFORACION,12.0,0.0,20260830-RAURA-XRD150U-005-B
2635,20260831,70,347,PERFORISTA,12.0,0.0,20260831-RAURA-XRD150U-005-A
2636,20260831,70,320,AYUDANTE DE PERFORACION,12.0,0.0,20260831-RAURA-XRD150U-005-A
2637,20260831,70,366,AYUDANTE DE PERFORACION,12.0,0.0,20260831-RAURA-XRD150U-005-A
2638,20260831,70,223,PERFORISTA,12.0,0.0,20260831-RAURA-XRD150U-005-B
2639,20260831,70,98,AYUDANTE DE PERFORACION,12.0,0.0,20260831-RAURA-XRD150U-005-B
2640,20260831,70,238,AYUDANTE DE PERFORACION,12.0,0.0,20260831-RAURA-XRD150U-005-B
2641,20260901,70,258,PERFORISTA,12.0,0.0,20260901-RAURA-XRD150U-005-A
2642,20260901,70,258,PERFORISTA,12.0,0.0,20260901-RAURA-XRD150U-005-B
2643,20260902,70,258,PERFORISTA,12.0,0.0,20260902-RAURA-XRD150U-005-A
2644,20260902,70,258,PERFORISTA,12.0,0.0,20260902-RAURA-XRD150U-005-B
2645,20260903,70,258,PERFORISTA,12.0,0.0,20260903-RAURA-XRD150U-005-A
2646,20260903,70,258,PERFORISTA,12.0,0.0,20260903-RAURA-XRD150U-005-B
2647,20260904,70,258,PERFORISTA,12.0,0.0,20260904-RAURA-XRD150U-005-A
2648,20260904,70,258,PERFORISTA,12.0,0.0,20260904-RAURA-XRD150U-005-B
2649,20260905,70,258,PERFORISTA,12.0,0.0,20260905-RAURA-XRD150U-005-A
2650,20260905,70,258,PERFORISTA,12.0,0.0,20260905-RAURA-XRD150U-005-B
2651,20260906,70,258,PERFORISTA,12.0,0.0,20260906-RAURA-XRD150U-005-A
2652,20260906,70,258,PERFORISTA,12.0,0.0,20260906-RAURA-XRD150U-005-B
2653,20260907,70,258,PERFORISTA,12.0,0.0,20260907-RAURA-XRD150U-005-A
2654,20260907,70,258,PERFORISTA,12.0,0.0,20260907-RAURA-XRD150U-005-B
2655,20260908,70,258,PERFORISTA,12.0,0.0,20260908-RAURA-XRD150U-005-A
2656,20260908,70,258,PERFORISTA,12.0,0.0,20260908-RAURA-XRD150U-005-B
2657,20260909,70,258,PERFORISTA,12.0,0.0,20260909-RAURA-XRD150U-005-A
2658,20260909,70,258,PERFORISTA,12.0,0.0,20260909-RAURA-XRD150U-005-B
2659,20260910,70,258,PERFORISTA,12.0,0.0,20260910-RAURA-XRD150U-005-A
2660,20260910,70,258,PERFORISTA,12.0,0.0,20260910-RAURA-XRD150U-005-B
2661,20260911,70,258,PERFORISTA,12.0,0.0,20260911-RAURA-XRD150U-005-A
2662,20260911,70,258,PERFORISTA,12.0,0.0,20260911-RAURA-XRD150U-005-B
2663,20260912,70,258,PERFORISTA,12.0,0.0,20260912-RAURA-XRD150U-005-A
2664,20260912,70,258,PERFORISTA,12.0,0.0,20260912-RAURA-XRD150U-005-B
2665,20260913,70,258,PERFORISTA,12.0,0.0,20260913-RAURA-XRD150U-005-A
2666,20260913,70,258,PERFORISTA,12.0,0.0,20260913-RAURA-XRD150U-005-B
2667,20260914,70,258,PERFORISTA,12.0,0.0,20260914-RAURA-XRD150U-005-A
2668,20260914,70,258,PERFORISTA,12.0,0.0,20260914-RAURA-XRD150U-005-B
2669,20260915,70,258,PERFORISTA,12.0,0.0,20260915-RAURA-XRD150U-005-A
2670,20260915,70,258,PERFORISTA,12.0,0.0,20260915-RAURA-XRD150U-005-B
2671,20260916,70,258,PERFORISTA,12.0,0.0,20260916-RAURA-XRD150U-005-A
2672,20260916,70,258,PERFORISTA,12.0,0.0,20260916-RAURA-XRD150U-005-B
2673,20260917,70,258,PERFORISTA,12.0,0.0,20260917-RAURA-XRD150U-005-A
2674,20260917,70,258,PERFORISTA,12.0,0.0,20260917-RAURA-XRD150U-005-B
2675,20260918,70,258,PERFORISTA,12.0,0.0,20260918-RAURA-XRD150U-005-A
2676,20260918,70,258,PERFORISTA,12.0,0.0,20260918-RAURA-XRD150U-005-B
2677,20260919,70,258,PERFORISTA,12.0,0.0,20260919-RAURA-XRD150U-005-A
2678,20260919,70,258,PERFORISTA,12.0,0.0,20260919-RAURA-XRD150U-005-B
2679,20260920,70,258,PERFORISTA,12.0,0.0,20260920-RAURA-XRD150U-005-A
2680,20260920,70,258,PERFORISTA,12.0,0.0,20260920-RAURA-XRD150U-005-B
2681,20260921,70,258,PERFORISTA,12.0,0.0,20260921-RAURA-XRD150U-005-A
2682,20260921,70,258,PERFORISTA,12.0,0.0,20260921-RAURA-XRD150U-005-B
2683,20260922,70,258,PERFORISTA,12.0,0.0,20260922-RAURA-XRD150U-005-A
2684,20260922,70,258,PERFORISTA,12.0,0.0,20260922-RAURA-XRD150U-005-B
2685,20260923,70,258,PERFORISTA,12.0,0.0,20260923-RAURA-XRD150U-005-A
2686,20260923,70,258,PERFORISTA,12.0,0.0,20260923-RAURA-XRD150U-005-B
2687,20260924,70,258,PERFORISTA,12.0,0.0,20260924-RAURA-XRD150U-005-A
2688,20260924,70,258,PERFORISTA,12.0,0.0,20260924-RAURA-XRD150U-005-B
2689,20260925,70,258,PERFORISTA,12.0,0.0,20260925-RAURA-XRD150U-005-A
2690,20260925,70,258,PERFORISTA,12.0,0.0,20260925-RAURA-XRD150U-005-B
2691,20260826,82,185,PERFORISTA,12.0,0.0,20260826-SAN CRISTOBAL-XRD90U-023-A
2692,20260826,82,131,AYUDANTE DE PERFORACION,12.0,0.0,20260826-SAN CRISTOBAL-XRD90U-023-A
2693,20260826,82,394,AYUDANTE DE PERFORACION,12.0,0.0,20260826-SAN CRISTOBAL-XRD90U-023-A
2694,20260826,82,134,PERFORISTA,12.0,0.0,20260826-SAN CRISTOBAL-XRD90U-023-B
2695,20260826,82,211,AYUDANTE DE PERFORACION,12.0,0.0,20260826-SAN CRISTOBAL-XRD90U-023-B
2696,20260826,82,254,AYUDANTE DE PERFORACION,12.0,0.0,20260826-SAN CRISTOBAL-XRD90U-023-B
2697,20260827,82,185,PERFORISTA,12.0,0.0,20260827-SAN CRISTOBAL-XRD90U-023-A
2698,20260827,82,131,AYUDANTE DE PERFORACION,12.0,0.0,20260827-SAN CRISTOBAL-XRD90U-023-A
2699,20260827,82,394,AYUDANTE DE PERFORACION,12.0,0.0,20260827-SAN CRISTOBAL-XRD90U-023-A
2700,20260827,82,134,PERFORISTA,12.0,0.0,20260827-SAN CRISTOBAL-XRD90U-023-B
2701,20260827,82,211,AYUDANTE DE PERFORACION,12.0,0.0,20260827-SAN CRISTOBAL-XRD90U-023-B
2702,20260827,82,254,AYUDANTE DE PERFORACION,12.0,0.0,20260827-SAN CRISTOBAL-XRD90U-023-B
2703,20260828,82,185,PERFORISTA,12.0,0.0,20260828-SAN CRISTOBAL-XRD90U-023-A
2704,20260828,82,131,AYUDANTE DE PERFORACION,12.0,0.0,20260828-SAN CRISTOBAL-XRD90U-023-A
2705,20260828,82,394,AYUDANTE DE PERFORACION,12.0,0.0,20260828-SAN CRISTOBAL-XRD90U-023-A
2706,20260828,82,134,PERFORISTA,12.0,1.0,20260828-SAN CRISTOBAL-XRD90U-023-B
2707,20260828,82,211,AYUDANTE DE PERFORACION,12.0,1.0,20260828-SAN CRISTOBAL-XRD90U-023-B
2708,20260828,82,254,AYUDANTE DE PERFORACION,12.0,1.0,20260828-SAN CRISTOBAL-XRD90U-023-B
2709,20260829,82,185,PERFORISTA,12.0,0.0,20260829-SAN CRISTOBAL-XRD90U-023-A
2710,20260829,82,131,AYUDANTE DE PERFORACION,12.0,0.0,20260829-SAN CRISTOBAL-XRD90U-023-A
2711,20260829,82,394,AYUDANTE DE PERFORACION,12.0,0.0,20260829-SAN CRISTOBAL-XRD90U-023-A
2712,20260829,82,134,PERFORISTA,12.0,0.0,20260829-SAN CRISTOBAL-XRD90U-023-B
2713,20260829,82,211,AYUDANTE DE PERFORACION,12.0,0.0,20260829-SAN CRISTOBAL-XRD90U-023-B
2714,20260829,82,254,AYUDANTE DE PERFORACION,12.0,0.0,20260829-SAN CRISTOBAL-XRD90U-023-B
2715,20260830,82,185,PERFORISTA,12.0,0.0,20260830-SAN CRISTOBAL-XRD90U-023-A
2716,20260830,82,131,AYUDANTE DE PERFORACION,12.0,0.0,20260830-SAN CRISTOBAL-XRD90U-023-A
2717,20260830,82,261,AYUDANTE DE PERFORACION,12.0,0.0,20260830-SAN CRISTOBAL-XRD90U-023-A
2718,20260830,82,134,PERFORISTA,12.0,0.0,20260830-SAN CRISTOBAL-XRD90U-023-B
2719,20260830,82,211,AYUDANTE DE PERFORACION,12.0,0.0,20260830-SAN CRISTOBAL-XRD90U-023-B
2720,20260830,82,254,AYUDANTE DE PERFORACION,12.0,0.0,20260830-SAN CRISTOBAL-XRD90U-023-B
2721,20260831,82,185,PERFORISTA,12.0,0.0,20260831-SAN CRISTOBAL-XRD90U-023-A
2722,20260831,82,131,AYUDANTE DE PERFORACION,12.0,0.0,20260831-SAN CRISTOBAL-XRD90U-023-A
2723,20260831,82,394,AYUDANTE DE PERFORACION,12.0,0.0,20260831-SAN CRISTOBAL-XRD90U-023-A
2724,20260831,82,134,PERFORISTA,12.0,0.0,20260831-SAN CRISTOBAL-XRD90U-023-B
2725,20260831,82,211,AYUDANTE DE PERFORACION,12.0,0.0,20260831-SAN CRISTOBAL-XRD90U-023-B
2726,20260831,82,254,AYUDANTE DE PERFORACION,12.0,0.0,20260831-SAN CRISTOBAL-XRD90U-023-B
2727,20260901,82,258,PERFORISTA,12.0,0.0,20260901-SAN CRISTOBAL-XRD90U-023-A
2728,20260901,82,258,PERFORISTA,12.0,0.0,20260901-SAN CRISTOBAL-XRD90U-023-B
2729,20260902,82,258,PERFORISTA,12.0,0.0,20260902-SAN CRISTOBAL-XRD90U-023-A
2730,20260902,82,258,PERFORISTA,12.0,0.0,20260902-SAN CRISTOBAL-XRD90U-023-B
2731,20260903,82,258,PERFORISTA,12.0,0.0,20260903-SAN CRISTOBAL-XRD90U-023-A
2732,20260903,82,258,PERFORISTA,12.0,0.0,20260903-SAN CRISTOBAL-XRD90U-023-B
2733,20260904,82,258,PERFORISTA,12.0,0.0,20260904-SAN CRISTOBAL-XRD90U-023-A
2734,20260904,82,258,PERFORISTA,12.0,0.0,20260904-SAN CRISTOBAL-XRD90U-023-B
2735,20260905,82,258,PERFORISTA,12.0,0.0,20260905-SAN CRISTOBAL-XRD90U-023-A
2736,20260905,82,258,PERFORISTA,12.0,0.0,20260905-SAN CRISTOBAL-XRD90U-023-B
2737,20260906,82,258,PERFORISTA,12.0,0.0,20260906-SAN CRISTOBAL-XRD90U-023-A
2738,20260906,82,258,PERFORISTA,12.0,0.0,20260906-SAN CRISTOBAL-XRD90U-023-B
2739,20260907,82,258,PERFORISTA,12.0,0.0,20260907-SAN CRISTOBAL-XRD90U-023-A
2740,20260907,82,258,PERFORISTA,12.0,0.0,20260907-SAN CRISTOBAL-XRD90U-023-B
2741,20260908,82,258,PERFORISTA,12.0,0.0,20260908-SAN CRISTOBAL-XRD90U-023-A
2742,20260908,82,258,PERFORISTA,12.0,0.0,20260908-SAN CRISTOBAL-XRD90U-023-B
2743,20260909,82,258,PERFORISTA,12.0,0.0,20260909-SAN CRISTOBAL-XRD90U-023-A
2744,20260909,82,258,PERFORISTA,12.0,0.0,20260909-SAN CRISTOBAL-XRD90U-023-B
2745,20260910,82,258,PERFORISTA,12.0,0.0,20260910-SAN CRISTOBAL-XRD90U-023-A
2746,20260910,82,258,PERFORISTA,12.0,0.0,20260910-SAN CRISTOBAL-XRD90U-023-B
2747,20260911,82,258,PERFORISTA,12.0,0.0,20260911-SAN CRISTOBAL-XRD90U-023-A
2748,20260911,82,258,PERFORISTA,12.0,0.0,20260911-SAN CRISTOBAL-XRD90U-023-B
2749,20260912,82,258,PERFORISTA,12.0,0.0,20260912-SAN CRISTOBAL-XRD90U-023-A
2750,20260912,82,258,PERFORISTA,12.0,0.0,20260912-SAN CRISTOBAL-XRD90U-023-B
2751,20260913,82,258,PERFORISTA,12.0,0.0,20260913-SAN CRISTOBAL-XRD90U-023-A
2752,20260913,82,258,PERFORISTA,12.0,0.0,20260913-SAN CRISTOBAL-XRD90U-023-B
2753,20260914,82,258,PERFORISTA,12.0,0.0,20260914-SAN CRISTOBAL-XRD90U-023-A
2754,20260914,82,258,PERFORISTA,12.0,0.0,20260914-SAN CRISTOBAL-XRD90U-023-B
2755,20260915,82,258,PERFORISTA,12.0,0.0,20260915-SAN CRISTOBAL-XRD90U-023-A
2756,20260915,82,258,PERFORISTA,12.0,0.0,20260915-SAN CRISTOBAL-XRD90U-023-B
2757,20260916,82,258,PERFORISTA,12.0,0.0,20260916-SAN CRISTOBAL-XRD90U-023-A
2758,20260916,82,258,PERFORISTA,12.0,0.0,20260916-SAN CRISTOBAL-XRD90U-023-B
2759,20260917,82,258,PERFORISTA,12.0,0.0,20260917-SAN CRISTOBAL-XRD90U-023-A
2760,20260917,82,258,PERFORISTA,12.0,0.0,20260917-SAN CRISTOBAL-XRD90U-023-B
2761,20260918,82,258,PERFORISTA,12.0,0.0,20260918-SAN CRISTOBAL-XRD90U-023-A
2762,20260918,82,258,PERFORISTA,12.0,0.0,20260918-SAN CRISTOBAL-XRD90U-023-B
2763,20260919,82,258,PERFORISTA,12.0,0.0,20260919-SAN CRISTOBAL-XRD90U-023-A
2764,20260919,82,258,PERFORISTA,12.0,0.0,20260919-SAN CRISTOBAL-XRD90U-023-B
2765,20260920,82,258,PERFORISTA,12.0,0.0,20260920-SAN CRISTOBAL-XRD90U-023-A
2766,20260920,82,258,PERFORISTA,12.0,0.0,20260920-SAN CRISTOBAL-XRD90U-023-B
2767,20260921,82,258,PERFORISTA,12.0,0.0,20260921-SAN CRISTOBAL-XRD90U-023-A
2768,20260921,82,258,PERFORISTA,12.0,0.0,20260921-SAN CRISTOBAL-XRD90U-023-B
2769,20260922,82,258,PERFORISTA,12.0,0.0,20260922-SAN CRISTOBAL-XRD90U-023-A
2770,20260922,82,258,PERFORISTA,12.0,0.0,20260922-SAN CRISTOBAL-XRD90U-023-B
2771,20260923,82,258,PERFORISTA,12.0,0.0,20260923-SAN CRISTOBAL-XRD90U-023-A
2772,20260923,82,258,PERFORISTA,12.0,0.0,20260923-SAN CRISTOBAL-XRD90U-023-B
2773,20260924,82,258,PERFORISTA,12.0,0.0,20260924-SAN CRISTOBAL-XRD90U-023-A
2774,20260924,82,258,PERFORISTA,12.0,0.0,20260924-SAN CRISTOBAL-XRD90U-023-B
2775,20260925,82,258,PERFORISTA,12.0,0.0,20260925-SAN CRISTOBAL-XRD90U-023-A
2776,20260925,82,258,PERFORISTA,12.0,0.0,20260925-SAN CRISTOBAL-XRD90U-023-B
2777,20260826,80,37,PERFORISTA,12.0,1.0,20260826-SAN CRISTOBAL-XRD90U-004-A
2778,20260826,80,23,AYUDANTE DE PERFORACION,12.0,1.0,20260826-SAN CRISTOBAL-XRD90U-004-A
2779,20260826,80,287,AYUDANTE DE PERFORACION,12.0,1.0,20260826-SAN CRISTOBAL-XRD90U-004-A
2780,20260826,80,112,PERFORISTA,12.0,0.0,20260826-SAN CRISTOBAL-XRD90U-004-B
2781,20260826,80,355,AYUDANTE DE PERFORACION,12.0,0.0,20260826-SAN CRISTOBAL-XRD90U-004-B
2782,20260826,80,123,AYUDANTE DE PERFORACION,12.0,0.0,20260826-SAN CRISTOBAL-XRD90U-004-B
2783,20260827,80,37,PERFORISTA,12.0,0.0,20260827-SAN CRISTOBAL-XRD90U-004-A
2784,20260827,80,23,AYUDANTE DE PERFORACION,12.0,0.0,20260827-SAN CRISTOBAL-XRD90U-004-A
2785,20260827,80,287,AYUDANTE DE PERFORACION,12.0,0.0,20260827-SAN CRISTOBAL-XRD90U-004-A
2786,20260827,80,112,PERFORISTA,12.0,1.0,20260827-SAN CRISTOBAL-XRD90U-004-B
2787,20260827,80,355,AYUDANTE DE PERFORACION,12.0,1.0,20260827-SAN CRISTOBAL-XRD90U-004-B
2788,20260827,80,123,AYUDANTE DE PERFORACION,12.0,1.0,20260827-SAN CRISTOBAL-XRD90U-004-B
2789,20260828,80,37,PERFORISTA,12.0,1.0,20260828-SAN CRISTOBAL-XRD90U-004-A
2790,20260828,80,23,AYUDANTE DE PERFORACION,12.0,1.0,20260828-SAN CRISTOBAL-XRD90U-004-A
2791,20260828,80,287,AYUDANTE DE PERFORACION,12.0,1.0,20260828-SAN CRISTOBAL-XRD90U-004-A
2792,20260828,80,112,PERFORISTA,12.0,0.0,20260828-SAN CRISTOBAL-XRD90U-004-B
2793,20260828,80,355,AYUDANTE DE PERFORACION,12.0,0.0,20260828-SAN CRISTOBAL-XRD90U-004-B
2794,20260828,80,123,AYUDANTE DE PERFORACION,12.0,0.0,20260828-SAN CRISTOBAL-XRD90U-004-B
2795,20260829,80,37,PERFORISTA,12.0,0.0,20260829-SAN CRISTOBAL-XRD90U-004-A
2796,20260829,80,23,AYUDANTE DE PERFORACION,12.0,0.0,20260829-SAN CRISTOBAL-XRD90U-004-A
2797,20260829,80,287,AYUDANTE DE PERFORACION,12.0,0.0,20260829-SAN CRISTOBAL-XRD90U-004-A
2798,20260829,80,112,PERFORISTA,12.0,0.0,20260829-SAN CRISTOBAL-XRD90U-004-B
2799,20260829,80,355,AYUDANTE DE PERFORACION,12.0,0.0,20260829-SAN CRISTOBAL-XRD90U-004-B
2800,20260829,80,123,AYUDANTE DE PERFORACION,12.0,0.0,20260829-SAN CRISTOBAL-XRD90U-004-B
2801,20260830,80,37,PERFORISTA,12.0,0.0,20260830-SAN CRISTOBAL-XRD90U-004-A
2802,20260830,80,1,AYUDANTE DE PERFORACION,12.0,0.0,20260830-SAN CRISTOBAL-XRD90U-004-A
2803,20260830,80,1,AYUDANTE DE PERFORACION,12.0,0.0,20260830-SAN CRISTOBAL-XRD90U-004-A
2804,20260830,80,112,PERFORISTA,12.0,0.0,20260830-SAN CRISTOBAL-XRD90U-004-B
2805,20260830,80,355,AYUDANTE DE PERFORACION,12.0,0.0,20260830-SAN CRISTOBAL-XRD90U-004-B
2806,20260830,80,123,AYUDANTE DE PERFORACION,12.0,0.0,20260830-SAN CRISTOBAL-XRD90U-004-B
2807,20260831,80,37,PERFORISTA,12.0,0.0,20260831-SAN CRISTOBAL-XRD90U-004-A
2808,20260831,80,23,AYUDANTE DE PERFORACION,12.0,0.0,20260831-SAN CRISTOBAL-XRD90U-004-A
2809,20260831,80,287,AYUDANTE DE PERFORACION,12.0,0.0,20260831-SAN CRISTOBAL-XRD90U-004-A
2810,20260831,80,112,PERFORISTA,12.0,0.0,20260831-SAN CRISTOBAL-XRD90U-004-B
2811,20260831,80,271,AYUDANTE DE PERFORACION,12.0,0.0,20260831-SAN CRISTOBAL-XRD90U-004-B
2812,20260831,80,123,AYUDANTE DE PERFORACION,12.0,0.0,20260831-SAN CRISTOBAL-XRD90U-004-B
2813,20260901,80,258,PERFORISTA,12.0,0.0,20260901-SAN CRISTOBAL-XRD90U-004-A
2814,20260901,80,258,PERFORISTA,12.0,0.0,20260901-SAN CRISTOBAL-XRD90U-004-B
2815,20260902,80,258,PERFORISTA,12.0,0.0,20260902-SAN CRISTOBAL-XRD90U-004-A
2816,20260902,80,258,PERFORISTA,12.0,0.0,20260902-SAN CRISTOBAL-XRD90U-004-B
2817,20260903,80,258,PERFORISTA,12.0,0.0,20260903-SAN CRISTOBAL-XRD90U-004-A
2818,20260903,80,258,PERFORISTA,12.0,0.0,20260903-SAN CRISTOBAL-XRD90U-004-B
2819,20260904,80,258,PERFORISTA,12.0,0.0,20260904-SAN CRISTOBAL-XRD90U-004-A
2820,20260904,80,258,PERFORISTA,12.0,0.0,20260904-SAN CRISTOBAL-XRD90U-004-B
2821,20260905,80,258,PERFORISTA,12.0,0.0,20260905-SAN CRISTOBAL-XRD90U-004-A
2822,20260905,80,258,PERFORISTA,12.0,0.0,20260905-SAN CRISTOBAL-XRD90U-004-B
2823,20260906,80,258,PERFORISTA,12.0,0.0,20260906-SAN CRISTOBAL-XRD90U-004-A
2824,20260906,80,258,PERFORISTA,12.0,0.0,20260906-SAN CRISTOBAL-XRD90U-004-B
2825,20260907,80,258,PERFORISTA,12.0,0.0,20260907-SAN CRISTOBAL-XRD90U-004-A
2826,20260907,80,258,PERFORISTA,12.0,0.0,20260907-SAN CRISTOBAL-XRD90U-004-B
2827,20260908,80,258,PERFORISTA,12.0,0.0,20260908-SAN CRISTOBAL-XRD90U-004-A
2828,20260908,80,258,PERFORISTA,12.0,0.0,20260908-SAN CRISTOBAL-XRD90U-004-B
2829,20260909,80,258,PERFORISTA,12.0,0.0,20260909-SAN CRISTOBAL-XRD90U-004-A
2830,20260909,80,258,PERFORISTA,12.0,0.0,20260909-SAN CRISTOBAL-XRD90U-004-B
2831,20260910,80,258,PERFORISTA,12.0,0.0,20260910-SAN CRISTOBAL-XRD90U-004-A
2832,20260910,80,258,PERFORISTA,12.0,0.0,20260910-SAN CRISTOBAL-XRD90U-004-B
2833,20260911,80,258,PERFORISTA,12.0,0.0,20260911-SAN CRISTOBAL-XRD90U-004-A
2834,20260911,80,258,PERFORISTA,12.0,0.0,20260911-SAN CRISTOBAL-XRD90U-004-B
2835,20260912,80,258,PERFORISTA,12.0,0.0,20260912-SAN CRISTOBAL-XRD90U-004-A
2836,20260912,80,258,PERFORISTA,12.0,0.0,20260912-SAN CRISTOBAL-XRD90U-004-B
2837,20260913,80,258,PERFORISTA,12.0,0.0,20260913-SAN CRISTOBAL-XRD90U-004-A
2838,20260913,80,258,PERFORISTA,12.0,0.0,20260913-SAN CRISTOBAL-XRD90U-004-B
2839,20260914,80,258,PERFORISTA,12.0,0.0,20260914-SAN CRISTOBAL-XRD90U-004-A
2840,20260914,80,258,PERFORISTA,12.0,0.0,20260914-SAN CRISTOBAL-XRD90U-004-B
2841,20260915,80,258,PERFORISTA,12.0,0.0,20260915-SAN CRISTOBAL-XRD90U-004-A
2842,20260915,80,258,PERFORISTA,12.0,0.0,20260915-SAN CRISTOBAL-XRD90U-004-B
2843,20260916,80,258,PERFORISTA,12.0,0.0,20260916-SAN CRISTOBAL-XRD90U-004-A
2844,20260916,80,258,PERFORISTA,12.0,0.0,20260916-SAN CRISTOBAL-XRD90U-004-B
2845,20260917,80,258,PERFORISTA,12.0,0.0,20260917-SAN CRISTOBAL-XRD90U-004-A
2846,20260917,80,258,PERFORISTA,12.0,0.0,20260917-SAN CRISTOBAL-XRD90U-004-B
2847,20260918,80,258,PERFORISTA,12.0,0.0,20260918-SAN CRISTOBAL-XRD90U-004-A
2848,20260918,80,258,PERFORISTA,12.0,0.0,20260918-SAN CRISTOBAL-XRD90U-004-B
2849,20260919,80,258,PERFORISTA,12.0,0.0,20260919-SAN CRISTOBAL-XRD90U-004-A
2850,20260919,80,258,PERFORISTA,12.0,0.0,20260919-SAN CRISTOBAL-XRD90U-004-B
2851,20260920,80,258,PERFORISTA,12.0,0.0,20260920-SAN CRISTOBAL-XRD90U-004-A
2852,20260920,80,258,PERFORISTA,12.0,0.0,20260920-SAN CRISTOBAL-XRD90U-004-B
2853,20260921,80,258,PERFORISTA,12.0,0.0,20260921-SAN CRISTOBAL-XRD90U-004-A
2854,20260921,80,258,PERFORISTA,12.0,0.0,20260921-SAN CRISTOBAL-XRD90U-004-B
2855,20260922,80,258,PERFORISTA,12.0,0.0,20260922-SAN CRISTOBAL-XRD90U-004-A
2856,20260922,80,258,PERFORISTA,12.0,0.0,20260922-SAN CRISTOBAL-XRD90U-004-B
2857,20260923,80,258,PERFORISTA,12.0,0.0,20260923-SAN CRISTOBAL-XRD90U-004-A
2858,20260923,80,258,PERFORISTA,12.0,0.0,20260923-SAN CRISTOBAL-XRD90U-004-B
2859,20260924,80,258,PERFORISTA,12.0,0.0,20260924-SAN CRISTOBAL-XRD90U-004-A
2860,20260924,80,258,PERFORISTA,12.0,0.0,20260924-SAN CRISTOBAL-XRD90U-004-B
2861,20260925,80,258,PERFORISTA,12.0,0.0,20260925-SAN CRISTOBAL-XRD90U-004-A
2862,20260925,80,258,PERFORISTA,12.0,0.0,20260925-SAN CRISTOBAL-XRD90U-004-B
2863,20260826,79,44,PERFORISTA,12.0,0.0,20260826-SAN CRISTOBAL-XRD150U-012-A
2864,20260826,79,158,AYUDANTE DE PERFORACION,12.0,0.0,20260826-SAN CRISTOBAL-XRD150U-012-A
2865,20260826,79,282,AYUDANTE DE PERFORACION,12.0,0.0,20260826-SAN CRISTOBAL-XRD150U-012-A
2866,20260826,79,402,PERFORISTA,12.0,0.0,20260826-SAN CRISTOBAL-XRD150U-012-B
2867,20260826,79,356,AYUDANTE DE PERFORACION,12.0,0.0,20260826-SAN CRISTOBAL-XRD150U-012-B
2868,20260826,79,285,AYUDANTE DE PERFORACION,12.0,0.0,20260826-SAN CRISTOBAL-XRD150U-012-B
2869,20260827,79,44,PERFORISTA,12.0,0.0,20260827-SAN CRISTOBAL-XRD150U-012-A
2870,20260827,79,158,AYUDANTE DE PERFORACION,12.0,0.0,20260827-SAN CRISTOBAL-XRD150U-012-A
2871,20260827,79,282,AYUDANTE DE PERFORACION,12.0,0.0,20260827-SAN CRISTOBAL-XRD150U-012-A
2872,20260827,79,402,PERFORISTA,12.0,0.0,20260827-SAN CRISTOBAL-XRD150U-012-B
2873,20260827,79,356,AYUDANTE DE PERFORACION,12.0,0.0,20260827-SAN CRISTOBAL-XRD150U-012-B
2874,20260827,79,285,AYUDANTE DE PERFORACION,12.0,0.0,20260827-SAN CRISTOBAL-XRD150U-012-B
2875,20260828,79,44,PERFORISTA,12.0,0.0,20260828-SAN CRISTOBAL-XRD150U-012-A
2876,20260828,79,158,AYUDANTE DE PERFORACION,12.0,0.0,20260828-SAN CRISTOBAL-XRD150U-012-A
2877,20260828,79,282,AYUDANTE DE PERFORACION,12.0,0.0,20260828-SAN CRISTOBAL-XRD150U-012-A
2878,20260828,79,402,PERFORISTA,12.0,0.0,20260828-SAN CRISTOBAL-XRD150U-012-B
2879,20260828,79,356,AYUDANTE DE PERFORACION,12.0,0.0,20260828-SAN CRISTOBAL-XRD150U-012-B
2880,20260828,79,285,AYUDANTE DE PERFORACION,12.0,0.0,20260828-SAN CRISTOBAL-XRD150U-012-B
2881,20260829,79,44,PERFORISTA,12.0,0.0,20260829-SAN CRISTOBAL-XRD150U-012-A
2882,20260829,79,158,AYUDANTE DE PERFORACION,12.0,0.0,20260829-SAN CRISTOBAL-XRD150U-012-A
2883,20260829,79,282,AYUDANTE DE PERFORACION,12.0,0.0,20260829-SAN CRISTOBAL-XRD150U-012-A
2884,20260829,79,402,PERFORISTA,12.0,0.0,20260829-SAN CRISTOBAL-XRD150U-012-B
2885,20260829,79,356,AYUDANTE DE PERFORACION,12.0,0.0,20260829-SAN CRISTOBAL-XRD150U-012-B
2886,20260829,79,285,AYUDANTE DE PERFORACION,12.0,0.0,20260829-SAN CRISTOBAL-XRD150U-012-B
2887,20260830,79,44,PERFORISTA,12.0,0.0,20260830-SAN CRISTOBAL-XRD150U-012-A
2888,20260830,79,1,AYUDANTE DE PERFORACION,12.0,0.0,20260830-SAN CRISTOBAL-XRD150U-012-A
2889,20260830,79,1,AYUDANTE DE PERFORACION,12.0,0.0,20260830-SAN CRISTOBAL-XRD150U-012-A
2890,20260830,79,258,PERFORISTA,12.0,0.0,20260830-SAN CRISTOBAL-XRD150U-012-B
2891,20260831,79,44,PERFORISTA,12.0,0.0,20260831-SAN CRISTOBAL-XRD150U-012-A
2892,20260831,79,1,AYUDANTE DE PERFORACION,12.0,0.0,20260831-SAN CRISTOBAL-XRD150U-012-A
2893,20260831,79,1,AYUDANTE DE PERFORACION,12.0,0.0,20260831-SAN CRISTOBAL-XRD150U-012-A
2894,20260831,79,1,PERFORISTA,12.0,0.0,20260831-SAN CRISTOBAL-XRD150U-012-B
2895,20260831,79,1,AYUDANTE DE PERFORACION,12.0,0.0,20260831-SAN CRISTOBAL-XRD150U-012-B
2896,20260831,79,1,AYUDANTE DE PERFORACION,12.0,0.0,20260831-SAN CRISTOBAL-XRD150U-012-B
2897,20260901,79,258,PERFORISTA,12.0,0.0,20260901-SAN CRISTOBAL-XRD150U-012-A
2898,20260901,79,258,PERFORISTA,12.0,0.0,20260901-SAN CRISTOBAL-XRD150U-012-B
2899,20260902,79,258,PERFORISTA,12.0,0.0,20260902-SAN CRISTOBAL-XRD150U-012-A
2900,20260902,79,258,PERFORISTA,12.0,0.0,20260902-SAN CRISTOBAL-XRD150U-012-B
2901,20260903,79,258,PERFORISTA,12.0,0.0,20260903-SAN CRISTOBAL-XRD150U-012-A
2902,20260903,79,258,PERFORISTA,12.0,0.0,20260903-SAN CRISTOBAL-XRD150U-012-B
2903,20260904,79,258,PERFORISTA,12.0,0.0,20260904-SAN CRISTOBAL-XRD150U-012-A
2904,20260904,79,258,PERFORISTA,12.0,0.0,20260904-SAN CRISTOBAL-XRD150U-012-B
2905,20260905,79,258,PERFORISTA,12.0,0.0,20260905-SAN CRISTOBAL-XRD150U-012-A
2906,20260905,79,258,PERFORISTA,12.0,0.0,20260905-SAN CRISTOBAL-XRD150U-012-B
2907,20260906,79,258,PERFORISTA,12.0,0.0,20260906-SAN CRISTOBAL-XRD150U-012-A
2908,20260906,79,258,PERFORISTA,12.0,0.0,20260906-SAN CRISTOBAL-XRD150U-012-B
2909,20260907,79,258,PERFORISTA,12.0,0.0,20260907-SAN CRISTOBAL-XRD150U-012-A
2910,20260907,79,258,PERFORISTA,12.0,0.0,20260907-SAN CRISTOBAL-XRD150U-012-B
2911,20260908,79,258,PERFORISTA,12.0,0.0,20260908-SAN CRISTOBAL-XRD150U-012-A
2912,20260908,79,258,PERFORISTA,12.0,0.0,20260908-SAN CRISTOBAL-XRD150U-012-B
2913,20260909,79,258,PERFORISTA,12.0,0.0,20260909-SAN CRISTOBAL-XRD150U-012-A
2914,20260909,79,258,PERFORISTA,12.0,0.0,20260909-SAN CRISTOBAL-XRD150U-012-B
2915,20260910,79,258,PERFORISTA,12.0,0.0,20260910-SAN CRISTOBAL-XRD150U-012-A
2916,20260910,79,258,PERFORISTA,12.0,0.0,20260910-SAN CRISTOBAL-XRD150U-012-B
2917,20260911,79,258,PERFORISTA,12.0,0.0,20260911-SAN CRISTOBAL-XRD150U-012-A
2918,20260911,79,258,PERFORISTA,12.0,0.0,20260911-SAN CRISTOBAL-XRD150U-012-B
2919,20260912,79,258,PERFORISTA,12.0,0.0,20260912-SAN CRISTOBAL-XRD150U-012-A
2920,20260912,79,258,PERFORISTA,12.0,0.0,20260912-SAN CRISTOBAL-XRD150U-012-B
2921,20260913,79,258,PERFORISTA,12.0,0.0,20260913-SAN CRISTOBAL-XRD150U-012-A
2922,20260913,79,258,PERFORISTA,12.0,0.0,20260913-SAN CRISTOBAL-XRD150U-012-B
2923,20260914,79,258,PERFORISTA,12.0,0.0,20260914-SAN CRISTOBAL-XRD150U-012-A
2924,20260914,79,258,PERFORISTA,12.0,0.0,20260914-SAN CRISTOBAL-XRD150U-012-B
2925,20260915,79,258,PERFORISTA,12.0,0.0,20260915-SAN CRISTOBAL-XRD150U-012-A
2926,20260915,79,258,PERFORISTA,12.0,0.0,20260915-SAN CRISTOBAL-XRD150U-012-B
2927,20260916,79,258,PERFORISTA,12.0,0.0,20260916-SAN CRISTOBAL-XRD150U-012-A
2928,20260916,79,258,PERFORISTA,12.0,0.0,20260916-SAN CRISTOBAL-XRD150U-012-B
2929,20260917,79,258,PERFORISTA,12.0,0.0,20260917-SAN CRISTOBAL-XRD150U-012-A
2930,20260917,79,258,PERFORISTA,12.0,0.0,20260917-SAN CRISTOBAL-XRD150U-012-B
2931,20260918,79,258,PERFORISTA,12.0,0.0,20260918-SAN CRISTOBAL-XRD150U-012-A
2932,20260918,79,258,PERFORISTA,12.0,0.0,20260918-SAN CRISTOBAL-XRD150U-012-B
2933,20260919,79,258,PERFORISTA,12.0,0.0,20260919-SAN CRISTOBAL-XRD150U-012-A
2934,20260919,79,258,PERFORISTA,12.0,0.0,20260919-SAN CRISTOBAL-XRD150U-012-B
2935,20260920,79,258,PERFORISTA,12.0,0.0,20260920-SAN CRISTOBAL-XRD150U-012-A
2936,20260920,79,258,PERFORISTA,12.0,0.0,20260920-SAN CRISTOBAL-XRD150U-012-B
2937,20260921,79,258,PERFORISTA,12.0,0.0,20260921-SAN CRISTOBAL-XRD150U-012-A
2938,20260921,79,258,PERFORISTA,12.0,0.0,20260921-SAN CRISTOBAL-XRD150U-012-B
2939,20260922,79,258,PERFORISTA,12.0,0.0,20260922-SAN CRISTOBAL-XRD150U-012-A
2940,20260922,79,258,PERFORISTA,12.0,0.0,20260922-SAN CRISTOBAL-XRD150U-012-B
2941,20260923,79,258,PERFORISTA,12.0,0.0,20260923-SAN CRISTOBAL-XRD150U-012-A
2942,20260923,79,258,PERFORISTA,12.0,0.0,20260923-SAN CRISTOBAL-XRD150U-012-B
2943,20260924,79,258,PERFORISTA,12.0,0.0,20260924-SAN CRISTOBAL-XRD150U-012-A
2944,20260924,79,258,PERFORISTA,12.0,0.0,20260924-SAN CRISTOBAL-XRD150U-012-B
2945,20260925,79,258,PERFORISTA,12.0,0.0,20260925-SAN CRISTOBAL-XRD150U-012-A
2946,20260925,79,258,PERFORISTA,12.0,0.0,20260925-SAN CRISTOBAL-XRD150U-012-B
2947,20260826,78,11,PERFORISTA,12.0,0.0,20260826-SAN CRISTOBAL-DE710ST-001-A
2948,20260826,78,35,AYUDANTE DE PERFORACION,12.0,0.0,20260826-SAN CRISTOBAL-DE710ST-001-A
2949,20260826,78,165,AYUDANTE DE PERFORACION,12.0,0.0,20260826-SAN CRISTOBAL-DE710ST-001-A
2950,20260826,78,69,PERFORISTA,12.0,0.0,20260826-SAN CRISTOBAL-DE710ST-001-B
2951,20260826,78,93,AYUDANTE DE PERFORACION,12.0,0.0,20260826-SAN CRISTOBAL-DE710ST-001-B
2952,20260826,78,272,AYUDANTE DE PERFORACION,12.0,0.0,20260826-SAN CRISTOBAL-DE710ST-001-B
2953,20260827,78,11,PERFORISTA,12.0,0.0,20260827-SAN CRISTOBAL-DE710ST-001-A
2954,20260827,78,35,AYUDANTE DE PERFORACION,12.0,0.0,20260827-SAN CRISTOBAL-DE710ST-001-A
2955,20260827,78,165,AYUDANTE DE PERFORACION,12.0,0.0,20260827-SAN CRISTOBAL-DE710ST-001-A
2956,20260827,78,69,PERFORISTA,12.0,0.0,20260827-SAN CRISTOBAL-DE710ST-001-B
2957,20260827,78,93,AYUDANTE DE PERFORACION,12.0,0.0,20260827-SAN CRISTOBAL-DE710ST-001-B
2958,20260827,78,355,AYUDANTE DE PERFORACION,12.0,0.0,20260827-SAN CRISTOBAL-DE710ST-001-B
2959,20260828,78,11,PERFORISTA,12.0,0.0,20260828-SAN CRISTOBAL-DE710ST-001-A
2960,20260828,78,35,AYUDANTE DE PERFORACION,12.0,0.0,20260828-SAN CRISTOBAL-DE710ST-001-A
2961,20260828,78,165,AYUDANTE DE PERFORACION,12.0,0.0,20260828-SAN CRISTOBAL-DE710ST-001-A
2962,20260828,78,69,PERFORISTA,12.0,0.0,20260828-SAN CRISTOBAL-DE710ST-001-B
2963,20260828,78,93,AYUDANTE DE PERFORACION,12.0,0.0,20260828-SAN CRISTOBAL-DE710ST-001-B
2964,20260828,78,355,AYUDANTE DE PERFORACION,12.0,0.0,20260828-SAN CRISTOBAL-DE710ST-001-B
2965,20260829,78,11,PERFORISTA,12.0,0.0,20260829-SAN CRISTOBAL-DE710ST-001-A
2966,20260829,78,35,AYUDANTE DE PERFORACION,12.0,0.0,20260829-SAN CRISTOBAL-DE710ST-001-A
2967,20260829,78,165,AYUDANTE DE PERFORACION,12.0,0.0,20260829-SAN CRISTOBAL-DE710ST-001-A
2968,20260829,78,69,PERFORISTA,12.0,0.0,20260829-SAN CRISTOBAL-DE710ST-001-B
2969,20260829,78,93,AYUDANTE DE PERFORACION,12.0,0.0,20260829-SAN CRISTOBAL-DE710ST-001-B
2970,20260829,78,272,AYUDANTE DE PERFORACION,12.0,0.0,20260829-SAN CRISTOBAL-DE710ST-001-B
2971,20260830,78,11,PERFORISTA,12.0,0.0,20260830-SAN CRISTOBAL-DE710ST-001-A
2972,20260830,78,35,AYUDANTE DE PERFORACION,12.0,0.0,20260830-SAN CRISTOBAL-DE710ST-001-A
2973,20260830,78,165,AYUDANTE DE PERFORACION,12.0,0.0,20260830-SAN CRISTOBAL-DE710ST-001-A
2974,20260830,78,69,PERFORISTA,12.0,0.0,20260830-SAN CRISTOBAL-DE710ST-001-B
2975,20260830,78,93,AYUDANTE DE PERFORACION,12.0,0.0,20260830-SAN CRISTOBAL-DE710ST-001-B
2976,20260830,78,272,AYUDANTE DE PERFORACION,12.0,0.0,20260830-SAN CRISTOBAL-DE710ST-001-B
2977,20260831,78,11,PERFORISTA,12.0,0.0,20260831-SAN CRISTOBAL-DE710ST-001-A
2978,20260831,78,35,AYUDANTE DE PERFORACION,12.0,0.0,20260831-SAN CRISTOBAL-DE710ST-001-A
2979,20260831,78,165,AYUDANTE DE PERFORACION,12.0,0.0,20260831-SAN CRISTOBAL-DE710ST-001-A
2980,20260831,78,1,PERFORISTA,12.0,0.0,20260831-SAN CRISTOBAL-DE710ST-001-B
2981,20260831,78,93,AYUDANTE DE PERFORACION,12.0,0.0,20260831-SAN CRISTOBAL-DE710ST-001-B
2982,20260831,78,1,AYUDANTE DE PERFORACION,12.0,0.0,20260831-SAN CRISTOBAL-DE710ST-001-B
2983,20260901,78,258,PERFORISTA,12.0,0.0,20260901-SAN CRISTOBAL-DE710ST-001-A
2984,20260901,78,258,PERFORISTA,12.0,0.0,20260901-SAN CRISTOBAL-DE710ST-001-B
2985,20260902,78,258,PERFORISTA,12.0,0.0,20260902-SAN CRISTOBAL-DE710ST-001-A
2986,20260902,78,258,PERFORISTA,12.0,0.0,20260902-SAN CRISTOBAL-DE710ST-001-B
2987,20260903,78,258,PERFORISTA,12.0,0.0,20260903-SAN CRISTOBAL-DE710ST-001-A
2988,20260903,78,258,PERFORISTA,12.0,0.0,20260903-SAN CRISTOBAL-DE710ST-001-B
2989,20260904,78,258,PERFORISTA,12.0,0.0,20260904-SAN CRISTOBAL-DE710ST-001-A
2990,20260904,78,258,PERFORISTA,12.0,0.0,20260904-SAN CRISTOBAL-DE710ST-001-B
2991,20260905,78,258,PERFORISTA,12.0,0.0,20260905-SAN CRISTOBAL-DE710ST-001-A
2992,20260905,78,258,PERFORISTA,12.0,0.0,20260905-SAN CRISTOBAL-DE710ST-001-B
2993,20260906,78,258,PERFORISTA,12.0,0.0,20260906-SAN CRISTOBAL-DE710ST-001-A
2994,20260906,78,258,PERFORISTA,12.0,0.0,20260906-SAN CRISTOBAL-DE710ST-001-B
2995,20260907,78,258,PERFORISTA,12.0,0.0,20260907-SAN CRISTOBAL-DE710ST-001-A
2996,20260907,78,258,PERFORISTA,12.0,0.0,20260907-SAN CRISTOBAL-DE710ST-001-B
2997,20260908,78,258,PERFORISTA,12.0,0.0,20260908-SAN CRISTOBAL-DE710ST-001-A
2998,20260908,78,258,PERFORISTA,12.0,0.0,20260908-SAN CRISTOBAL-DE710ST-001-B
2999,20260909,78,258,PERFORISTA,12.0,0.0,20260909-SAN CRISTOBAL-DE710ST-001-A
3000,20260909,78,258,PERFORISTA,12.0,0.0,20260909-SAN CRISTOBAL-DE710ST-001-B
3001,20260910,78,258,PERFORISTA,12.0,0.0,20260910-SAN CRISTOBAL-DE710ST-001-A
3002,20260910,78,258,PERFORISTA,12.0,0.0,20260910-SAN CRISTOBAL-DE710ST-001-B
3003,20260911,78,258,PERFORISTA,12.0,0.0,20260911-SAN CRISTOBAL-DE710ST-001-A
3004,20260911,78,258,PERFORISTA,12.0,0.0,20260911-SAN CRISTOBAL-DE710ST-001-B
3005,20260912,78,258,PERFORISTA,12.0,0.0,20260912-SAN CRISTOBAL-DE710ST-001-A
3006,20260912,78,258,PERFORISTA,12.0,0.0,20260912-SAN CRISTOBAL-DE710ST-001-B
3007,20260913,78,258,PERFORISTA,12.0,0.0,20260913-SAN CRISTOBAL-DE710ST-001-A
3008,20260913,78,258,PERFORISTA,12.0,0.0,20260913-SAN CRISTOBAL-DE710ST-001-B
3009,20260914,78,258,PERFORISTA,12.0,0.0,20260914-SAN CRISTOBAL-DE710ST-001-A
3010,20260914,78,258,PERFORISTA,12.0,0.0,20260914-SAN CRISTOBAL-DE710ST-001-B
3011,20260915,78,258,PERFORISTA,12.0,0.0,20260915-SAN CRISTOBAL-DE710ST-001-A
3012,20260915,78,258,PERFORISTA,12.0,0.0,20260915-SAN CRISTOBAL-DE710ST-001-B
3013,20260916,78,258,PERFORISTA,12.0,0.0,20260916-SAN CRISTOBAL-DE710ST-001-A
3014,20260916,78,258,PERFORISTA,12.0,0.0,20260916-SAN CRISTOBAL-DE710ST-001-B
3015,20260917,78,258,PERFORISTA,12.0,0.0,20260917-SAN CRISTOBAL-DE710ST-001-A
3016,20260917,78,258,PERFORISTA,12.0,0.0,20260917-SAN CRISTOBAL-DE710ST-001-B
3017,20260918,78,258,PERFORISTA,12.0,0.0,20260918-SAN CRISTOBAL-DE710ST-001-A
3018,20260918,78,258,PERFORISTA,12.0,0.0,20260918-SAN CRISTOBAL-DE710ST-001-B
3019,20260919,78,258,PERFORISTA,12.0,0.0,20260919-SAN CRISTOBAL-DE710ST-001-A
3020,20260919,78,258,PERFORISTA,12.0,0.0,20260919-SAN CRISTOBAL-DE710ST-001-B
3021,20260920,78,258,PERFORISTA,12.0,0.0,20260920-SAN CRISTOBAL-DE710ST-001-A
3022,20260920,78,258,PERFORISTA,12.0,0.0,20260920-SAN CRISTOBAL-DE710ST-001-B
3023,20260921,78,258,PERFORISTA,12.0,0.0,20260921-SAN CRISTOBAL-DE710ST-001-A
3024,20260921,78,258,PERFORISTA,12.0,0.0,20260921-SAN CRISTOBAL-DE710ST-001-B
3025,20260922,78,258,PERFORISTA,12.0,0.0,20260922-SAN CRISTOBAL-DE710ST-001-A
3026,20260922,78,258,PERFORISTA,12.0,0.0,20260922-SAN CRISTOBAL-DE710ST-001-B
3027,20260923,78,258,PERFORISTA,12.0,0.0,20260923-SAN CRISTOBAL-DE710ST-001-A
3028,20260923,78,258,PERFORISTA,12.0,0.0,20260923-SAN CRISTOBAL-DE710ST-001-B
3029,20260924,78,258,PERFORISTA,12.0,0.0,20260924-SAN CRISTOBAL-DE710ST-001-A
3030,20260924,78,258,PERFORISTA,12.0,0.0,20260924-SAN CRISTOBAL-DE710ST-001-B
3031,20260925,78,258,PERFORISTA,12.0,0.0,20260925-SAN CRISTOBAL-DE710ST-001-A
3032,20260925,78,258,PERFORISTA,12.0,0.0,20260925-SAN CRISTOBAL-DE710ST-001-B
3033,20260826,83,108,PERFORISTA,12.0,0.0,20260826-TAMBOJASA-DE710ST-002-A
3034,20260826,83,99,AYUDANTE DE PERFORACION,12.0,0.0,20260826-TAMBOJASA-DE710ST-002-A
3035,20260826,83,121,AYUDANTE DE PERFORACION,12.0,0.0,20260826-TAMBOJASA-DE710ST-002-A
3036,20260826,83,145,PERFORISTA,12.0,0.0,20260826-TAMBOJASA-DE710ST-002-B
3037,20260826,83,286,AYUDANTE DE PERFORACION,12.0,0.0,20260826-TAMBOJASA-DE710ST-002-B
3038,20260826,83,353,AYUDANTE DE PERFORACION,12.0,0.0,20260826-TAMBOJASA-DE710ST-002-B
3039,20260827,83,108,PERFORISTA,12.0,0.0,20260827-TAMBOJASA-DE710ST-002-A
3040,20260827,83,99,AYUDANTE DE PERFORACION,12.0,0.0,20260827-TAMBOJASA-DE710ST-002-A
3041,20260827,83,121,AYUDANTE DE PERFORACION,12.0,0.0,20260827-TAMBOJASA-DE710ST-002-A
3042,20260827,83,145,PERFORISTA,12.0,0.0,20260827-TAMBOJASA-DE710ST-002-B
3043,20260827,83,286,AYUDANTE DE PERFORACION,12.0,0.0,20260827-TAMBOJASA-DE710ST-002-B
3044,20260827,83,353,AYUDANTE DE PERFORACION,12.0,0.0,20260827-TAMBOJASA-DE710ST-002-B
3045,20260828,83,108,PERFORISTA,12.0,0.0,20260828-TAMBOJASA-DE710ST-002-A
3046,20260828,83,99,AYUDANTE DE PERFORACION,12.0,0.0,20260828-TAMBOJASA-DE710ST-002-A
3047,20260828,83,121,AYUDANTE DE PERFORACION,12.0,0.0,20260828-TAMBOJASA-DE710ST-002-A
3048,20260828,83,145,PERFORISTA,12.0,0.0,20260828-TAMBOJASA-DE710ST-002-B
3049,20260828,83,286,AYUDANTE DE PERFORACION,12.0,0.0,20260828-TAMBOJASA-DE710ST-002-B
3050,20260828,83,353,AYUDANTE DE PERFORACION,12.0,0.0,20260828-TAMBOJASA-DE710ST-002-B
3051,20260829,83,108,PERFORISTA,12.0,0.0,20260829-TAMBOJASA-DE710ST-002-A
3052,20260829,83,99,AYUDANTE DE PERFORACION,12.0,0.0,20260829-TAMBOJASA-DE710ST-002-A
3053,20260829,83,121,AYUDANTE DE PERFORACION,12.0,0.0,20260829-TAMBOJASA-DE710ST-002-A
3054,20260829,83,145,PERFORISTA,12.0,0.0,20260829-TAMBOJASA-DE710ST-002-B
3055,20260829,83,286,AYUDANTE DE PERFORACION,12.0,0.0,20260829-TAMBOJASA-DE710ST-002-B
3056,20260829,83,353,AYUDANTE DE PERFORACION,12.0,0.0,20260829-TAMBOJASA-DE710ST-002-B
3057,20260830,83,108,PERFORISTA,12.0,0.0,20260830-TAMBOJASA-DE710ST-002-A
3058,20260830,83,99,AYUDANTE DE PERFORACION,12.0,0.0,20260830-TAMBOJASA-DE710ST-002-A
3059,20260830,83,121,AYUDANTE DE PERFORACION,12.0,0.0,20260830-TAMBOJASA-DE710ST-002-A
3060,20260830,83,145,PERFORISTA,12.0,0.0,20260830-TAMBOJASA-DE710ST-002-B
3061,20260830,83,286,AYUDANTE DE PERFORACION,12.0,0.0,20260830-TAMBOJASA-DE710ST-002-B
3062,20260830,83,353,AYUDANTE DE PERFORACION,12.0,0.0,20260830-TAMBOJASA-DE710ST-002-B
3063,20260831,83,108,PERFORISTA,12.0,0.0,20260831-TAMBOJASA-DE710ST-002-A
3064,20260831,83,99,AYUDANTE DE PERFORACION,12.0,0.0,20260831-TAMBOJASA-DE710ST-002-A
3065,20260831,83,121,AYUDANTE DE PERFORACION,12.0,0.0,20260831-TAMBOJASA-DE710ST-002-A
3066,20260831,83,145,PERFORISTA,12.0,0.0,20260831-TAMBOJASA-DE710ST-002-B
3067,20260831,83,286,AYUDANTE DE PERFORACION,12.0,0.0,20260831-TAMBOJASA-DE710ST-002-B
3068,20260831,83,353,AYUDANTE DE PERFORACION,12.0,0.0,20260831-TAMBOJASA-DE710ST-002-B
3069,20260901,83,258,PERFORISTA,12.0,0.0,20260901-TAMBOJASA-DE710ST-002-A
3070,20260901,83,258,PERFORISTA,12.0,0.0,20260901-TAMBOJASA-DE710ST-002-B
3071,20260902,83,258,PERFORISTA,12.0,0.0,20260902-TAMBOJASA-DE710ST-002-A
3072,20260902,83,258,PERFORISTA,12.0,0.0,20260902-TAMBOJASA-DE710ST-002-B
3073,20260903,83,258,PERFORISTA,12.0,0.0,20260903-TAMBOJASA-DE710ST-002-A
3074,20260903,83,258,PERFORISTA,12.0,0.0,20260903-TAMBOJASA-DE710ST-002-B
3075,20260904,83,258,PERFORISTA,12.0,0.0,20260904-TAMBOJASA-DE710ST-002-A
3076,20260904,83,258,PERFORISTA,12.0,0.0,20260904-TAMBOJASA-DE710ST-002-B
3077,20260905,83,258,PERFORISTA,12.0,0.0,20260905-TAMBOJASA-DE710ST-002-A
3078,20260905,83,258,PERFORISTA,12.0,0.0,20260905-TAMBOJASA-DE710ST-002-B
3079,20260906,83,258,PERFORISTA,12.0,0.0,20260906-TAMBOJASA-DE710ST-002-A
3080,20260906,83,258,PERFORISTA,12.0,0.0,20260906-TAMBOJASA-DE710ST-002-B
3081,20260907,83,258,PERFORISTA,12.0,0.0,20260907-TAMBOJASA-DE710ST-002-A
3082,20260907,83,258,PERFORISTA,12.0,0.0,20260907-TAMBOJASA-DE710ST-002-B
3083,20260908,83,258,PERFORISTA,12.0,0.0,20260908-TAMBOJASA-DE710ST-002-A
3084,20260908,83,258,PERFORISTA,12.0,0.0,20260908-TAMBOJASA-DE710ST-002-B
3085,20260909,83,258,PERFORISTA,12.0,0.0,20260909-TAMBOJASA-DE710ST-002-A
3086,20260909,83,258,PERFORISTA,12.0,0.0,20260909-TAMBOJASA-DE710ST-002-B
3087,20260910,83,258,PERFORISTA,12.0,0.0,20260910-TAMBOJASA-DE710ST-002-A
3088,20260910,83,258,PERFORISTA,12.0,0.0,20260910-TAMBOJASA-DE710ST-002-B
3089,20260911,83,258,PERFORISTA,12.0,0.0,20260911-TAMBOJASA-DE710ST-002-A
3090,20260911,83,258,PERFORISTA,12.0,0.0,20260911-TAMBOJASA-DE710ST-002-B
3091,20260912,83,258,PERFORISTA,12.0,0.0,20260912-TAMBOJASA-DE710ST-002-A
3092,20260912,83,258,PERFORISTA,12.0,0.0,20260912-TAMBOJASA-DE710ST-002-B
3093,20260913,83,258,PERFORISTA,12.0,0.0,20260913-TAMBOJASA-DE710ST-002-A
3094,20260913,83,258,PERFORISTA,12.0,0.0,20260913-TAMBOJASA-DE710ST-002-B
3095,20260914,83,258,PERFORISTA,12.0,0.0,20260914-TAMBOJASA-DE710ST-002-A
3096,20260914,83,258,PERFORISTA,12.0,0.0,20260914-TAMBOJASA-DE710ST-002-B
3097,20260915,83,258,PERFORISTA,12.0,0.0,20260915-TAMBOJASA-DE710ST-002-A
3098,20260915,83,258,PERFORISTA,12.0,0.0,20260915-TAMBOJASA-DE710ST-002-B
3099,20260916,83,258,PERFORISTA,12.0,0.0,20260916-TAMBOJASA-DE710ST-002-A
3100,20260916,83,258,PERFORISTA,12.0,0.0,20260916-TAMBOJASA-DE710ST-002-B
3101,20260917,83,258,PERFORISTA,12.0,0.0,20260917-TAMBOJASA-DE710ST-002-A
3102,20260917,83,258,PERFORISTA,12.0,0.0,20260917-TAMBOJASA-DE710ST-002-B
3103,20260918,83,258,PERFORISTA,12.0,0.0,20260918-TAMBOJASA-DE710ST-002-A
3104,20260918,83,258,PERFORISTA,12.0,0.0,20260918-TAMBOJASA-DE710ST-002-B
3105,20260919,83,258,PERFORISTA,12.0,0.0,20260919-TAMBOJASA-DE710ST-002-A
3106,20260919,83,258,PERFORISTA,12.0,0.0,20260919-TAMBOJASA-DE710ST-002-B
3107,20260920,83,258,PERFORISTA,12.0,0.0,20260920-TAMBOJASA-DE710ST-002-A
3108,20260920,83,258,PERFORISTA,12.0,0.0,20260920-TAMBOJASA-DE710ST-002-B
3109,20260921,83,258,PERFORISTA,12.0,0.0,20260921-TAMBOJASA-DE710ST-002-A
3110,20260921,83,258,PERFORISTA,12.0,0.0,20260921-TAMBOJASA-DE710ST-002-B
3111,20260922,83,258,PERFORISTA,12.0,0.0,20260922-TAMBOJASA-DE710ST-002-A
3112,20260922,83,258,PERFORISTA,12.0,0.0,20260922-TAMBOJASA-DE710ST-002-B
3113,20260923,83,258,PERFORISTA,12.0,0.0,20260923-TAMBOJASA-DE710ST-002-A
3114,20260923,83,258,PERFORISTA,12.0,0.0,20260923-TAMBOJASA-DE710ST-002-B
3115,20260924,83,258,PERFORISTA,12.0,0.0,20260924-TAMBOJASA-DE710ST-002-A
3116,20260924,83,258,PERFORISTA,12.0,0.0,20260924-TAMBOJASA-DE710ST-002-B
3117,20260925,83,258,PERFORISTA,12.0,0.0,20260925-TAMBOJASA-DE710ST-002-A
3118,20260925,83,258,PERFORISTA,12.0,0.0,20260925-TAMBOJASA-DE710ST-002-B
3119,20260826,84,73,PERFORISTA,12.0,0.0,20260826-TAMBOJASA-XRD150U-009-A
3120,20260826,84,253,AYUDANTE DE PERFORACION,12.0,0.0,20260826-TAMBOJASA-XRD150U-009-A
3121,20260826,84,255,AYUDANTE DE PERFORACION,12.0,0.0,20260826-TAMBOJASA-XRD150U-009-A
3122,20260826,84,177,PERFORISTA,12.0,0.0,20260826-TAMBOJASA-XRD150U-009-B
3123,20260826,84,353,AYUDANTE DE PERFORACION,12.0,0.0,20260826-TAMBOJASA-XRD150U-009-B
3124,20260826,84,25,AYUDANTE DE PERFORACION,12.0,0.0,20260826-TAMBOJASA-XRD150U-009-B
3125,20260827,84,73,PERFORISTA,12.0,0.0,20260827-TAMBOJASA-XRD150U-009-A
3126,20260827,84,253,AYUDANTE DE PERFORACION,12.0,0.0,20260827-TAMBOJASA-XRD150U-009-A
3127,20260827,84,255,AYUDANTE DE PERFORACION,12.0,0.0,20260827-TAMBOJASA-XRD150U-009-A
3128,20260827,84,177,PERFORISTA,12.0,0.0,20260827-TAMBOJASA-XRD150U-009-B
3129,20260827,84,353,AYUDANTE DE PERFORACION,12.0,0.0,20260827-TAMBOJASA-XRD150U-009-B
3130,20260827,84,25,AYUDANTE DE PERFORACION,12.0,0.0,20260827-TAMBOJASA-XRD150U-009-B
3131,20260828,84,73,PERFORISTA,12.0,0.0,20260828-TAMBOJASA-XRD150U-009-A
3132,20260828,84,253,AYUDANTE DE PERFORACION,12.0,0.0,20260828-TAMBOJASA-XRD150U-009-A
3133,20260828,84,255,AYUDANTE DE PERFORACION,12.0,0.0,20260828-TAMBOJASA-XRD150U-009-A
3134,20260828,84,177,PERFORISTA,12.0,0.0,20260828-TAMBOJASA-XRD150U-009-B
3135,20260828,84,353,AYUDANTE DE PERFORACION,12.0,0.0,20260828-TAMBOJASA-XRD150U-009-B
3136,20260828,84,25,AYUDANTE DE PERFORACION,12.0,0.0,20260828-TAMBOJASA-XRD150U-009-B
3137,20260829,84,73,PERFORISTA,12.0,0.0,20260829-TAMBOJASA-XRD150U-009-A
3138,20260829,84,253,AYUDANTE DE PERFORACION,12.0,0.0,20260829-TAMBOJASA-XRD150U-009-A
3139,20260829,84,255,AYUDANTE DE PERFORACION,12.0,0.0,20260829-TAMBOJASA-XRD150U-009-A
3140,20260829,84,177,PERFORISTA,12.0,0.0,20260829-TAMBOJASA-XRD150U-009-B
3141,20260829,84,353,AYUDANTE DE PERFORACION,12.0,0.0,20260829-TAMBOJASA-XRD150U-009-B
3142,20260829,84,25,AYUDANTE DE PERFORACION,12.0,0.0,20260829-TAMBOJASA-XRD150U-009-B
3143,20260830,84,73,PERFORISTA,12.0,0.0,20260830-TAMBOJASA-XRD150U-009-A
3144,20260830,84,253,AYUDANTE DE PERFORACION,12.0,0.0,20260830-TAMBOJASA-XRD150U-009-A
3145,20260830,84,255,AYUDANTE DE PERFORACION,12.0,0.0,20260830-TAMBOJASA-XRD150U-009-A
3146,20260830,84,177,PERFORISTA,12.0,0.0,20260830-TAMBOJASA-XRD150U-009-B
3147,20260830,84,353,AYUDANTE DE PERFORACION,12.0,0.0,20260830-TAMBOJASA-XRD150U-009-B
3148,20260830,84,25,AYUDANTE DE PERFORACION,12.0,0.0,20260830-TAMBOJASA-XRD150U-009-B
3149,20260831,84,73,PERFORISTA,12.0,0.0,20260831-TAMBOJASA-XRD150U-009-A
3150,20260831,84,253,AYUDANTE DE PERFORACION,12.0,0.0,20260831-TAMBOJASA-XRD150U-009-A
3151,20260831,84,255,AYUDANTE DE PERFORACION,12.0,0.0,20260831-TAMBOJASA-XRD150U-009-A
3152,20260831,84,177,PERFORISTA,12.0,0.0,20260831-TAMBOJASA-XRD150U-009-B
3153,20260831,84,353,AYUDANTE DE PERFORACION,12.0,0.0,20260831-TAMBOJASA-XRD150U-009-B
3154,20260831,84,25,AYUDANTE DE PERFORACION,12.0,0.0,20260831-TAMBOJASA-XRD150U-009-B
3155,20260901,84,258,PERFORISTA,12.0,0.0,20260901-TAMBOJASA-XRD150U-009-A
3156,20260901,84,258,PERFORISTA,12.0,0.0,20260901-TAMBOJASA-XRD150U-009-B
3157,20260902,84,258,PERFORISTA,12.0,0.0,20260902-TAMBOJASA-XRD150U-009-A
3158,20260902,84,258,PERFORISTA,12.0,0.0,20260902-TAMBOJASA-XRD150U-009-B
3159,20260903,84,258,PERFORISTA,12.0,0.0,20260903-TAMBOJASA-XRD150U-009-A
3160,20260903,84,258,PERFORISTA,12.0,0.0,20260903-TAMBOJASA-XRD150U-009-B
3161,20260904,84,258,PERFORISTA,12.0,0.0,20260904-TAMBOJASA-XRD150U-009-A
3162,20260904,84,258,PERFORISTA,12.0,0.0,20260904-TAMBOJASA-XRD150U-009-B
3163,20260905,84,258,PERFORISTA,12.0,0.0,20260905-TAMBOJASA-XRD150U-009-A
3164,20260905,84,258,PERFORISTA,12.0,0.0,20260905-TAMBOJASA-XRD150U-009-B
3165,20260906,84,258,PERFORISTA,12.0,0.0,20260906-TAMBOJASA-XRD150U-009-A
3166,20260906,84,258,PERFORISTA,12.0,0.0,20260906-TAMBOJASA-XRD150U-009-B
3167,20260907,84,258,PERFORISTA,12.0,0.0,20260907-TAMBOJASA-XRD150U-009-A
3168,20260907,84,258,PERFORISTA,12.0,0.0,20260907-TAMBOJASA-XRD150U-009-B
3169,20260908,84,258,PERFORISTA,12.0,0.0,20260908-TAMBOJASA-XRD150U-009-A
3170,20260908,84,258,PERFORISTA,12.0,0.0,20260908-TAMBOJASA-XRD150U-009-B
3171,20260909,84,258,PERFORISTA,12.0,0.0,20260909-TAMBOJASA-XRD150U-009-A
3172,20260909,84,258,PERFORISTA,12.0,0.0,20260909-TAMBOJASA-XRD150U-009-B
3173,20260910,84,258,PERFORISTA,12.0,0.0,20260910-TAMBOJASA-XRD150U-009-A
3174,20260910,84,258,PERFORISTA,12.0,0.0,20260910-TAMBOJASA-XRD150U-009-B
3175,20260911,84,258,PERFORISTA,12.0,0.0,20260911-TAMBOJASA-XRD150U-009-A
3176,20260911,84,258,PERFORISTA,12.0,0.0,20260911-TAMBOJASA-XRD150U-009-B
3177,20260912,84,258,PERFORISTA,12.0,0.0,20260912-TAMBOJASA-XRD150U-009-A
3178,20260912,84,258,PERFORISTA,12.0,0.0,20260912-TAMBOJASA-XRD150U-009-B
3179,20260913,84,258,PERFORISTA,12.0,0.0,20260913-TAMBOJASA-XRD150U-009-A
3180,20260913,84,258,PERFORISTA,12.0,0.0,20260913-TAMBOJASA-XRD150U-009-B
3181,20260914,84,258,PERFORISTA,12.0,0.0,20260914-TAMBOJASA-XRD150U-009-A
3182,20260914,84,258,PERFORISTA,12.0,0.0,20260914-TAMBOJASA-XRD150U-009-B
3183,20260915,84,258,PERFORISTA,12.0,0.0,20260915-TAMBOJASA-XRD150U-009-A
3184,20260915,84,258,PERFORISTA,12.0,0.0,20260915-TAMBOJASA-XRD150U-009-B
3185,20260916,84,258,PERFORISTA,12.0,0.0,20260916-TAMBOJASA-XRD150U-009-A
3186,20260916,84,258,PERFORISTA,12.0,0.0,20260916-TAMBOJASA-XRD150U-009-B
3187,20260917,84,258,PERFORISTA,12.0,0.0,20260917-TAMBOJASA-XRD150U-009-A
3188,20260917,84,258,PERFORISTA,12.0,0.0,20260917-TAMBOJASA-XRD150U-009-B
3189,20260918,84,258,PERFORISTA,12.0,0.0,20260918-TAMBOJASA-XRD150U-009-A
3190,20260918,84,258,PERFORISTA,12.0,0.0,20260918-TAMBOJASA-XRD150U-009-B
3191,20260919,84,258,PERFORISTA,12.0,0.0,20260919-TAMBOJASA-XRD150U-009-A
3192,20260919,84,258,PERFORISTA,12.0,0.0,20260919-TAMBOJASA-XRD150U-009-B
3193,20260920,84,258,PERFORISTA,12.0,0.0,20260920-TAMBOJASA-XRD150U-009-A
3194,20260920,84,258,PERFORISTA,12.0,0.0,20260920-TAMBOJASA-XRD150U-009-B
3195,20260921,84,258,PERFORISTA,12.0,0.0,20260921-TAMBOJASA-XRD150U-009-A
3196,20260921,84,258,PERFORISTA,12.0,0.0,20260921-TAMBOJASA-XRD150U-009-B
3197,20260922,84,258,PERFORISTA,12.0,0.0,20260922-TAMBOJASA-XRD150U-009-A
3198,20260922,84,258,PERFORISTA,12.0,0.0,20260922-TAMBOJASA-XRD150U-009-B
3199,20260923,84,258,PERFORISTA,12.0,0.0,20260923-TAMBOJASA-XRD150U-009-A
3200,20260923,84,258,PERFORISTA,12.0,0.0,20260923-TAMBOJASA-XRD150U-009-B
3201,20260924,84,258,PERFORISTA,12.0,0.0,20260924-TAMBOJASA-XRD150U-009-A
3202,20260924,84,258,PERFORISTA,12.0,0.0,20260924-TAMBOJASA-XRD150U-009-B
3203,20260925,84,258,PERFORISTA,12.0,0.0,20260925-TAMBOJASA-XRD150U-009-A
3204,20260925,84,258,PERFORISTA,12.0,0.0,20260925-TAMBOJASA-XRD150U-009-B
3205,20260826,85,31,PERFORISTA,12.0,3.0,20260826-TICLIO-XRD150U-007-A
3206,20260826,85,64,AYUDANTE DE PERFORACION,12.0,3.0,20260826-TICLIO-XRD150U-007-A
3207,20260826,85,377,AYUDANTE DE PERFORACION,12.0,3.0,20260826-TICLIO-XRD150U-007-A
3208,20260826,85,376,PERFORISTA,12.0,6.0,20260826-TICLIO-XRD150U-007-B
3209,20260826,85,234,AYUDANTE DE PERFORACION,12.0,6.0,20260826-TICLIO-XRD150U-007-B
3210,20260826,85,94,AYUDANTE DE PERFORACION,12.0,6.0,20260826-TICLIO-XRD150U-007-B
3211,20260827,85,106,PERFORISTA,12.0,6.0,20260827-TICLIO-XRD150U-007-A
3212,20260827,85,64,AYUDANTE DE PERFORACION,12.0,6.0,20260827-TICLIO-XRD150U-007-A
3213,20260827,85,377,AYUDANTE DE PERFORACION,12.0,6.0,20260827-TICLIO-XRD150U-007-A
3214,20260827,85,376,PERFORISTA,12.0,5.5,20260827-TICLIO-XRD150U-007-B
3215,20260827,85,234,AYUDANTE DE PERFORACION,12.0,5.5,20260827-TICLIO-XRD150U-007-B
3216,20260827,85,94,AYUDANTE DE PERFORACION,12.0,5.5,20260827-TICLIO-XRD150U-007-B
3217,20260828,85,216,PERFORISTA,12.0,0.0,20260828-TICLIO-XRD150U-007-A
3218,20260828,85,326,AYUDANTE DE PERFORACION,12.0,0.0,20260828-TICLIO-XRD150U-007-A
3219,20260828,85,398,AYUDANTE DE PERFORACION,12.0,0.0,20260828-TICLIO-XRD150U-007-A
3220,20260828,85,106,PERFORISTA,12.0,0.0,20260828-TICLIO-XRD150U-007-B
3221,20260828,85,64,AYUDANTE DE PERFORACION,12.0,0.0,20260828-TICLIO-XRD150U-007-B
3222,20260828,85,377,AYUDANTE DE PERFORACION,12.0,0.0,20260828-TICLIO-XRD150U-007-B
3223,20260829,85,216,PERFORISTA,12.0,0.0,20260829-TICLIO-XRD150U-007-A
3224,20260829,85,326,AYUDANTE DE PERFORACION,12.0,0.0,20260829-TICLIO-XRD150U-007-A
3225,20260829,85,398,AYUDANTE DE PERFORACION,12.0,0.0,20260829-TICLIO-XRD150U-007-A
3226,20260829,85,106,PERFORISTA,12.0,0.0,20260829-TICLIO-XRD150U-007-B
3227,20260829,85,64,AYUDANTE DE PERFORACION,12.0,0.0,20260829-TICLIO-XRD150U-007-B
3228,20260829,85,377,AYUDANTE DE PERFORACION,12.0,0.0,20260829-TICLIO-XRD150U-007-B
3229,20260830,85,216,PERFORISTA,12.0,0.0,20260830-TICLIO-XRD150U-007-A
3230,20260830,85,326,AYUDANTE DE PERFORACION,12.0,0.0,20260830-TICLIO-XRD150U-007-A
3231,20260830,85,398,AYUDANTE DE PERFORACION,12.0,0.0,20260830-TICLIO-XRD150U-007-A
3232,20260830,85,106,PERFORISTA,12.0,0.0,20260830-TICLIO-XRD150U-007-B
3233,20260830,85,64,AYUDANTE DE PERFORACION,12.0,0.0,20260830-TICLIO-XRD150U-007-B
3234,20260830,85,377,AYUDANTE DE PERFORACION,12.0,0.0,20260830-TICLIO-XRD150U-007-B
3235,20260831,85,216,PERFORISTA,12.0,0.0,20260831-TICLIO-XRD150U-007-A
3236,20260831,85,326,AYUDANTE DE PERFORACION,12.0,0.0,20260831-TICLIO-XRD150U-007-A
3237,20260831,85,398,AYUDANTE DE PERFORACION,12.0,0.0,20260831-TICLIO-XRD150U-007-A
3238,20260831,85,106,PERFORISTA,12.0,0.0,20260831-TICLIO-XRD150U-007-B
3239,20260831,85,64,AYUDANTE DE PERFORACION,12.0,0.0,20260831-TICLIO-XRD150U-007-B
3240,20260831,85,377,AYUDANTE DE PERFORACION,12.0,0.0,20260831-TICLIO-XRD150U-007-B
3241,20260901,85,258,PERFORISTA,12.0,0.0,20260901-TICLIO-XRD150U-007-A
3242,20260901,85,258,PERFORISTA,12.0,0.0,20260901-TICLIO-XRD150U-007-B
3243,20260902,85,258,PERFORISTA,12.0,0.0,20260902-TICLIO-XRD150U-007-A
3244,20260902,85,258,PERFORISTA,12.0,0.0,20260902-TICLIO-XRD150U-007-B
3245,20260903,85,258,PERFORISTA,12.0,0.0,20260903-TICLIO-XRD150U-007-A
3246,20260903,85,258,PERFORISTA,12.0,0.0,20260903-TICLIO-XRD150U-007-B
3247,20260904,85,258,PERFORISTA,12.0,0.0,20260904-TICLIO-XRD150U-007-A
3248,20260904,85,258,PERFORISTA,12.0,0.0,20260904-TICLIO-XRD150U-007-B
3249,20260905,85,258,PERFORISTA,12.0,0.0,20260905-TICLIO-XRD150U-007-A
3250,20260905,85,258,PERFORISTA,12.0,0.0,20260905-TICLIO-XRD150U-007-B
3251,20260906,85,258,PERFORISTA,12.0,0.0,20260906-TICLIO-XRD150U-007-A
3252,20260906,85,258,PERFORISTA,12.0,0.0,20260906-TICLIO-XRD150U-007-B
3253,20260907,85,258,PERFORISTA,12.0,0.0,20260907-TICLIO-XRD150U-007-A
3254,20260907,85,258,PERFORISTA,12.0,0.0,20260907-TICLIO-XRD150U-007-B
3255,20260908,85,258,PERFORISTA,12.0,0.0,20260908-TICLIO-XRD150U-007-A
3256,20260908,85,258,PERFORISTA,12.0,0.0,20260908-TICLIO-XRD150U-007-B
3257,20260909,85,258,PERFORISTA,12.0,0.0,20260909-TICLIO-XRD150U-007-A
3258,20260909,85,258,PERFORISTA,12.0,0.0,20260909-TICLIO-XRD150U-007-B
3259,20260910,85,258,PERFORISTA,12.0,0.0,20260910-TICLIO-XRD150U-007-A
3260,20260910,85,258,PERFORISTA,12.0,0.0,20260910-TICLIO-XRD150U-007-B
3261,20260911,85,258,PERFORISTA,12.0,0.0,20260911-TICLIO-XRD150U-007-A
3262,20260911,85,258,PERFORISTA,12.0,0.0,20260911-TICLIO-XRD150U-007-B
3263,20260912,85,258,PERFORISTA,12.0,0.0,20260912-TICLIO-XRD150U-007-A
3264,20260912,85,258,PERFORISTA,12.0,0.0,20260912-TICLIO-XRD150U-007-B
3265,20260913,85,258,PERFORISTA,12.0,0.0,20260913-TICLIO-XRD150U-007-A
3266,20260913,85,258,PERFORISTA,12.0,0.0,20260913-TICLIO-XRD150U-007-B
3267,20260914,85,258,PERFORISTA,12.0,0.0,20260914-TICLIO-XRD150U-007-A
3268,20260914,85,258,PERFORISTA,12.0,0.0,20260914-TICLIO-XRD150U-007-B
3269,20260915,85,258,PERFORISTA,12.0,0.0,20260915-TICLIO-XRD150U-007-A
3270,20260915,85,258,PERFORISTA,12.0,0.0,20260915-TICLIO-XRD150U-007-B
3271,20260916,85,258,PERFORISTA,12.0,0.0,20260916-TICLIO-XRD150U-007-A
3272,20260916,85,258,PERFORISTA,12.0,0.0,20260916-TICLIO-XRD150U-007-B
3273,20260917,85,258,PERFORISTA,12.0,0.0,20260917-TICLIO-XRD150U-007-A
3274,20260917,85,258,PERFORISTA,12.0,0.0,20260917-TICLIO-XRD150U-007-B
3275,20260918,85,258,PERFORISTA,12.0,0.0,20260918-TICLIO-XRD150U-007-A
3276,20260918,85,258,PERFORISTA,12.0,0.0,20260918-TICLIO-XRD150U-007-B
3277,20260919,85,258,PERFORISTA,12.0,0.0,20260919-TICLIO-XRD150U-007-A
3278,20260919,85,258,PERFORISTA,12.0,0.0,20260919-TICLIO-XRD150U-007-B
3279,20260920,85,258,PERFORISTA,12.0,0.0,20260920-TICLIO-XRD150U-007-A
3280,20260920,85,258,PERFORISTA,12.0,0.0,20260920-TICLIO-XRD150U-007-B
3281,20260921,85,258,PERFORISTA,12.0,0.0,20260921-TICLIO-XRD150U-007-A
3282,20260921,85,258,PERFORISTA,12.0,0.0,20260921-TICLIO-XRD150U-007-B
3283,20260922,85,258,PERFORISTA,12.0,0.0,20260922-TICLIO-XRD150U-007-A
3284,20260922,85,258,PERFORISTA,12.0,0.0,20260922-TICLIO-XRD150U-007-B
3285,20260923,85,258,PERFORISTA,12.0,0.0,20260923-TICLIO-XRD150U-007-A
3286,20260923,85,258,PERFORISTA,12.0,0.0,20260923-TICLIO-XRD150U-007-B
3287,20260924,85,258,PERFORISTA,12.0,0.0,20260924-TICLIO-XRD150U-007-A
3288,20260924,85,258,PERFORISTA,12.0,0.0,20260924-TICLIO-XRD150U-007-B
3289,20260925,85,258,PERFORISTA,12.0,0.0,20260925-TICLIO-XRD150U-007-A
3290,20260925,85,258,PERFORISTA,12.0,0.0,20260925-TICLIO-XRD150U-007-B
3291,20260826,89,122,PERFORISTA,12.0,0.0,20260826-YAULIYACU-XRD50USS-003-A
3292,20260826,89,59,AYUDANTE DE PERFORACION,12.0,0.0,20260826-YAULIYACU-XRD50USS-003-A
3293,20260826,89,1,AYUDANTE DE PERFORACION,12.0,0.0,20260826-YAULIYACU-XRD50USS-003-A
3294,20260826,89,298,PERFORISTA,12.0,0.0,20260826-YAULIYACU-XRD50USS-003-B
3295,20260826,89,156,AYUDANTE DE PERFORACION,12.0,0.0,20260826-YAULIYACU-XRD50USS-003-B
3296,20260826,89,1,AYUDANTE DE PERFORACION,12.0,0.0,20260826-YAULIYACU-XRD50USS-003-B
3297,20260827,89,122,PERFORISTA,12.0,0.0,20260827-YAULIYACU-XRD50USS-003-A
3298,20260827,89,59,AYUDANTE DE PERFORACION,12.0,0.0,20260827-YAULIYACU-XRD50USS-003-A
3299,20260827,89,1,AYUDANTE DE PERFORACION,12.0,0.0,20260827-YAULIYACU-XRD50USS-003-A
3300,20260827,89,298,PERFORISTA,12.0,0.0,20260827-YAULIYACU-XRD50USS-003-B
3301,20260827,89,156,AYUDANTE DE PERFORACION,12.0,0.0,20260827-YAULIYACU-XRD50USS-003-B
3302,20260827,89,1,AYUDANTE DE PERFORACION,12.0,0.0,20260827-YAULIYACU-XRD50USS-003-B
3303,20260828,89,122,PERFORISTA,12.0,0.0,20260828-YAULIYACU-XRD50USS-003-A
3304,20260828,89,59,AYUDANTE DE PERFORACION,12.0,0.0,20260828-YAULIYACU-XRD50USS-003-A
3305,20260828,89,1,AYUDANTE DE PERFORACION,12.0,0.0,20260828-YAULIYACU-XRD50USS-003-A
3306,20260828,89,298,PERFORISTA,12.0,0.0,20260828-YAULIYACU-XRD50USS-003-B
3307,20260828,89,156,AYUDANTE DE PERFORACION,12.0,0.0,20260828-YAULIYACU-XRD50USS-003-B
3308,20260828,89,1,AYUDANTE DE PERFORACION,12.0,0.0,20260828-YAULIYACU-XRD50USS-003-B
3309,20260829,89,122,PERFORISTA,12.0,0.0,20260829-YAULIYACU-XRD50USS-003-A
3310,20260829,89,59,AYUDANTE DE PERFORACION,12.0,0.0,20260829-YAULIYACU-XRD50USS-003-A
3311,20260829,89,1,AYUDANTE DE PERFORACION,12.0,0.0,20260829-YAULIYACU-XRD50USS-003-A
3312,20260829,89,298,PERFORISTA,12.0,0.0,20260829-YAULIYACU-XRD50USS-003-B
3313,20260829,89,156,AYUDANTE DE PERFORACION,12.0,0.0,20260829-YAULIYACU-XRD50USS-003-B
3314,20260829,89,1,AYUDANTE DE PERFORACION,12.0,0.0,20260829-YAULIYACU-XRD50USS-003-B
3315,20260830,89,122,PERFORISTA,12.0,0.0,20260830-YAULIYACU-XRD50USS-003-A
3316,20260830,89,59,AYUDANTE DE PERFORACION,12.0,0.0,20260830-YAULIYACU-XRD50USS-003-A
3317,20260830,89,1,AYUDANTE DE PERFORACION,12.0,0.0,20260830-YAULIYACU-XRD50USS-003-A
3318,20260830,89,298,PERFORISTA,12.0,0.0,20260830-YAULIYACU-XRD50USS-003-B
3319,20260830,89,156,AYUDANTE DE PERFORACION,12.0,0.0,20260830-YAULIYACU-XRD50USS-003-B
3320,20260830,89,1,AYUDANTE DE PERFORACION,12.0,0.0,20260830-YAULIYACU-XRD50USS-003-B
3321,20260831,89,122,PERFORISTA,12.0,0.0,20260831-YAULIYACU-XRD50USS-003-A
3322,20260831,89,59,AYUDANTE DE PERFORACION,12.0,0.0,20260831-YAULIYACU-XRD50USS-003-A
3323,20260831,89,1,AYUDANTE DE PERFORACION,12.0,0.0,20260831-YAULIYACU-XRD50USS-003-A
3324,20260831,89,298,PERFORISTA,12.0,0.0,20260831-YAULIYACU-XRD50USS-003-B
3325,20260831,89,156,AYUDANTE DE PERFORACION,12.0,0.0,20260831-YAULIYACU-XRD50USS-003-B
3326,20260831,89,1,AYUDANTE DE PERFORACION,12.0,0.0,20260831-YAULIYACU-XRD50USS-003-B
3327,20260901,89,258,PERFORISTA,12.0,0.0,20260901-YAULIYACU-XRD50USS-003-A
3328,20260901,89,258,PERFORISTA,12.0,0.0,20260901-YAULIYACU-XRD50USS-003-B
3329,20260902,89,258,PERFORISTA,12.0,0.0,20260902-YAULIYACU-XRD50USS-003-A
3330,20260902,89,258,PERFORISTA,12.0,0.0,20260902-YAULIYACU-XRD50USS-003-B
3331,20260903,89,258,PERFORISTA,12.0,0.0,20260903-YAULIYACU-XRD50USS-003-A
3332,20260903,89,258,PERFORISTA,12.0,0.0,20260903-YAULIYACU-XRD50USS-003-B
3333,20260904,89,258,PERFORISTA,12.0,0.0,20260904-YAULIYACU-XRD50USS-003-A
3334,20260904,89,258,PERFORISTA,12.0,0.0,20260904-YAULIYACU-XRD50USS-003-B
3335,20260905,89,258,PERFORISTA,12.0,0.0,20260905-YAULIYACU-XRD50USS-003-A
3336,20260905,89,258,PERFORISTA,12.0,0.0,20260905-YAULIYACU-XRD50USS-003-B
3337,20260906,89,258,PERFORISTA,12.0,0.0,20260906-YAULIYACU-XRD50USS-003-A
3338,20260906,89,258,PERFORISTA,12.0,0.0,20260906-YAULIYACU-XRD50USS-003-B
3339,20260907,89,258,PERFORISTA,12.0,0.0,20260907-YAULIYACU-XRD50USS-003-A
3340,20260907,89,258,PERFORISTA,12.0,0.0,20260907-YAULIYACU-XRD50USS-003-B
3341,20260908,89,258,PERFORISTA,12.0,0.0,20260908-YAULIYACU-XRD50USS-003-A
3342,20260908,89,258,PERFORISTA,12.0,0.0,20260908-YAULIYACU-XRD50USS-003-B
3343,20260909,89,258,PERFORISTA,12.0,0.0,20260909-YAULIYACU-XRD50USS-003-A
3344,20260909,89,258,PERFORISTA,12.0,0.0,20260909-YAULIYACU-XRD50USS-003-B
3345,20260910,89,258,PERFORISTA,12.0,0.0,20260910-YAULIYACU-XRD50USS-003-A
3346,20260910,89,258,PERFORISTA,12.0,0.0,20260910-YAULIYACU-XRD50USS-003-B
3347,20260911,89,258,PERFORISTA,12.0,0.0,20260911-YAULIYACU-XRD50USS-003-A
3348,20260911,89,258,PERFORISTA,12.0,0.0,20260911-YAULIYACU-XRD50USS-003-B
3349,20260912,89,258,PERFORISTA,12.0,0.0,20260912-YAULIYACU-XRD50USS-003-A
3350,20260912,89,258,PERFORISTA,12.0,0.0,20260912-YAULIYACU-XRD50USS-003-B
3351,20260913,89,258,PERFORISTA,12.0,0.0,20260913-YAULIYACU-XRD50USS-003-A
3352,20260913,89,258,PERFORISTA,12.0,0.0,20260913-YAULIYACU-XRD50USS-003-B
3353,20260914,89,258,PERFORISTA,12.0,0.0,20260914-YAULIYACU-XRD50USS-003-A
3354,20260914,89,258,PERFORISTA,12.0,0.0,20260914-YAULIYACU-XRD50USS-003-B
3355,20260915,89,258,PERFORISTA,12.0,0.0,20260915-YAULIYACU-XRD50USS-003-A
3356,20260915,89,258,PERFORISTA,12.0,0.0,20260915-YAULIYACU-XRD50USS-003-B
3357,20260916,89,258,PERFORISTA,12.0,0.0,20260916-YAULIYACU-XRD50USS-003-A
3358,20260916,89,258,PERFORISTA,12.0,0.0,20260916-YAULIYACU-XRD50USS-003-B
3359,20260917,89,258,PERFORISTA,12.0,0.0,20260917-YAULIYACU-XRD50USS-003-A
3360,20260917,89,258,PERFORISTA,12.0,0.0,20260917-YAULIYACU-XRD50USS-003-B
3361,20260918,89,258,PERFORISTA,12.0,0.0,20260918-YAULIYACU-XRD50USS-003-A
3362,20260918,89,258,PERFORISTA,12.0,0.0,20260918-YAULIYACU-XRD50USS-003-B
3363,20260919,89,258,PERFORISTA,12.0,0.0,20260919-YAULIYACU-XRD50USS-003-A
3364,20260919,89,258,PERFORISTA,12.0,0.0,20260919-YAULIYACU-XRD50USS-003-B
3365,20260920,89,258,PERFORISTA,12.0,0.0,20260920-YAULIYACU-XRD50USS-003-A
3366,20260920,89,258,PERFORISTA,12.0,0.0,20260920-YAULIYACU-XRD50USS-003-B
3367,20260921,89,258,PERFORISTA,12.0,0.0,20260921-YAULIYACU-XRD50USS-003-A
3368,20260921,89,258,PERFORISTA,12.0,0.0,20260921-YAULIYACU-XRD50USS-003-B
3369,20260922,89,258,PERFORISTA,12.0,0.0,20260922-YAULIYACU-XRD50USS-003-A
3370,20260922,89,258,PERFORISTA,12.0,0.0,20260922-YAULIYACU-XRD50USS-003-B
3371,20260923,89,258,PERFORISTA,12.0,0.0,20260923-YAULIYACU-XRD50USS-003-A
3372,20260923,89,258,PERFORISTA,12.0,0.0,20260923-YAULIYACU-XRD50USS-003-B
3373,20260924,89,258,PERFORISTA,12.0,0.0,20260924-YAULIYACU-XRD50USS-003-A
3374,20260924,89,258,PERFORISTA,12.0,0.0,20260924-YAULIYACU-XRD50USS-003-B
3375,20260925,89,258,PERFORISTA,12.0,0.0,20260925-YAULIYACU-XRD50USS-003-A
3376,20260925,89,258,PERFORISTA,12.0,0.0,20260925-YAULIYACU-XRD50USS-003-B
3377,20260826,90,354,PERFORISTA,12.0,0.0,20260826-YAULIYACU-XRD50USS-00T-A
3378,20260826,90,362,AYUDANTE DE PERFORACION,12.0,0.0,20260826-YAULIYACU-XRD50USS-00T-A
3379,20260826,90,1,AYUDANTE DE PERFORACION,12.0,0.0,20260826-YAULIYACU-XRD50USS-00T-A
3380,20260826,90,30,PERFORISTA,12.0,0.0,20260826-YAULIYACU-XRD50USS-00T-B
3381,20260826,90,1,AYUDANTE DE PERFORACION,12.0,0.0,20260826-YAULIYACU-XRD50USS-00T-B
3382,20260826,90,1,AYUDANTE DE PERFORACION,12.0,0.0,20260826-YAULIYACU-XRD50USS-00T-B
3383,20260827,90,354,PERFORISTA,12.0,0.0,20260827-YAULIYACU-XRD50USS-00T-A
3384,20260827,90,362,AYUDANTE DE PERFORACION,12.0,0.0,20260827-YAULIYACU-XRD50USS-00T-A
3385,20260827,90,1,AYUDANTE DE PERFORACION,12.0,0.0,20260827-YAULIYACU-XRD50USS-00T-A
3386,20260827,90,30,PERFORISTA,12.0,0.0,20260827-YAULIYACU-XRD50USS-00T-B
3387,20260827,90,1,AYUDANTE DE PERFORACION,12.0,0.0,20260827-YAULIYACU-XRD50USS-00T-B
3388,20260827,90,1,AYUDANTE DE PERFORACION,12.0,0.0,20260827-YAULIYACU-XRD50USS-00T-B
3389,20260828,90,354,PERFORISTA,12.0,0.0,20260828-YAULIYACU-XRD50USS-00T-A
3390,20260828,90,362,AYUDANTE DE PERFORACION,12.0,0.0,20260828-YAULIYACU-XRD50USS-00T-A
3391,20260828,90,1,AYUDANTE DE PERFORACION,12.0,0.0,20260828-YAULIYACU-XRD50USS-00T-A
3392,20260828,90,30,PERFORISTA,12.0,0.0,20260828-YAULIYACU-XRD50USS-00T-B
3393,20260828,90,1,AYUDANTE DE PERFORACION,12.0,0.0,20260828-YAULIYACU-XRD50USS-00T-B
3394,20260828,90,1,AYUDANTE DE PERFORACION,12.0,0.0,20260828-YAULIYACU-XRD50USS-00T-B
3395,20260829,90,354,PERFORISTA,12.0,0.0,20260829-YAULIYACU-XRD50USS-00T-A
3396,20260829,90,362,AYUDANTE DE PERFORACION,12.0,0.0,20260829-YAULIYACU-XRD50USS-00T-A
3397,20260829,90,1,AYUDANTE DE PERFORACION,12.0,0.0,20260829-YAULIYACU-XRD50USS-00T-A
3398,20260829,90,30,PERFORISTA,12.0,0.0,20260829-YAULIYACU-XRD50USS-00T-B
3399,20260829,90,1,AYUDANTE DE PERFORACION,12.0,0.0,20260829-YAULIYACU-XRD50USS-00T-B
3400,20260829,90,1,AYUDANTE DE PERFORACION,12.0,0.0,20260829-YAULIYACU-XRD50USS-00T-B
3401,20260830,90,354,PERFORISTA,12.0,0.0,20260830-YAULIYACU-XRD50USS-00T-A
3402,20260830,90,362,AYUDANTE DE PERFORACION,12.0,0.0,20260830-YAULIYACU-XRD50USS-00T-A
3403,20260830,90,1,AYUDANTE DE PERFORACION,12.0,0.0,20260830-YAULIYACU-XRD50USS-00T-A
3404,20260830,90,30,PERFORISTA,12.0,0.0,20260830-YAULIYACU-XRD50USS-00T-B
3405,20260830,90,1,AYUDANTE DE PERFORACION,12.0,0.0,20260830-YAULIYACU-XRD50USS-00T-B
3406,20260830,90,1,AYUDANTE DE PERFORACION,12.0,0.0,20260830-YAULIYACU-XRD50USS-00T-B
3407,20260831,90,354,PERFORISTA,12.0,0.0,20260831-YAULIYACU-XRD50USS-00T-A
3408,20260831,90,362,AYUDANTE DE PERFORACION,12.0,0.0,20260831-YAULIYACU-XRD50USS-00T-A
3409,20260831,90,1,AYUDANTE DE PERFORACION,12.0,0.0,20260831-YAULIYACU-XRD50USS-00T-A
3410,20260831,90,30,PERFORISTA,12.0,0.0,20260831-YAULIYACU-XRD50USS-00T-B
3411,20260831,90,1,AYUDANTE DE PERFORACION,12.0,0.0,20260831-YAULIYACU-XRD50USS-00T-B
3412,20260831,90,1,AYUDANTE DE PERFORACION,12.0,0.0,20260831-YAULIYACU-XRD50USS-00T-B
3413,20260901,90,258,PERFORISTA,12.0,0.0,20260901-YAULIYACU-XRD50USS-00T-A
3414,20260901,90,258,PERFORISTA,12.0,0.0,20260901-YAULIYACU-XRD50USS-00T-B
3415,20260902,90,258,PERFORISTA,12.0,0.0,20260902-YAULIYACU-XRD50USS-00T-A
3416,20260902,90,258,PERFORISTA,12.0,0.0,20260902-YAULIYACU-XRD50USS-00T-B
3417,20260903,90,258,PERFORISTA,12.0,0.0,20260903-YAULIYACU-XRD50USS-00T-A
3418,20260903,90,258,PERFORISTA,12.0,0.0,20260903-YAULIYACU-XRD50USS-00T-B
3419,20260904,90,258,PERFORISTA,12.0,0.0,20260904-YAULIYACU-XRD50USS-00T-A
3420,20260904,90,258,PERFORISTA,12.0,0.0,20260904-YAULIYACU-XRD50USS-00T-B
3421,20260905,90,258,PERFORISTA,12.0,0.0,20260905-YAULIYACU-XRD50USS-00T-A
3422,20260905,90,258,PERFORISTA,12.0,0.0,20260905-YAULIYACU-XRD50USS-00T-B
3423,20260906,90,258,PERFORISTA,12.0,0.0,20260906-YAULIYACU-XRD50USS-00T-A
3424,20260906,90,258,PERFORISTA,12.0,0.0,20260906-YAULIYACU-XRD50USS-00T-B
3425,20260907,90,258,PERFORISTA,12.0,0.0,20260907-YAULIYACU-XRD50USS-00T-A
3426,20260907,90,258,PERFORISTA,12.0,0.0,20260907-YAULIYACU-XRD50USS-00T-B
3427,20260908,90,258,PERFORISTA,12.0,0.0,20260908-YAULIYACU-XRD50USS-00T-A
3428,20260908,90,258,PERFORISTA,12.0,0.0,20260908-YAULIYACU-XRD50USS-00T-B
3429,20260909,90,258,PERFORISTA,12.0,0.0,20260909-YAULIYACU-XRD50USS-00T-A
3430,20260909,90,258,PERFORISTA,12.0,0.0,20260909-YAULIYACU-XRD50USS-00T-B
3431,20260910,90,258,PERFORISTA,12.0,0.0,20260910-YAULIYACU-XRD50USS-00T-A
3432,20260910,90,258,PERFORISTA,12.0,0.0,20260910-YAULIYACU-XRD50USS-00T-B
3433,20260911,90,258,PERFORISTA,12.0,0.0,20260911-YAULIYACU-XRD50USS-00T-A
3434,20260911,90,258,PERFORISTA,12.0,0.0,20260911-YAULIYACU-XRD50USS-00T-B
3435,20260912,90,258,PERFORISTA,12.0,0.0,20260912-YAULIYACU-XRD50USS-00T-A
3436,20260912,90,258,PERFORISTA,12.0,0.0,20260912-YAULIYACU-XRD50USS-00T-B
3437,20260913,90,258,PERFORISTA,12.0,0.0,20260913-YAULIYACU-XRD50USS-00T-A
3438,20260913,90,258,PERFORISTA,12.0,0.0,20260913-YAULIYACU-XRD50USS-00T-B
3439,20260914,90,258,PERFORISTA,12.0,0.0,20260914-YAULIYACU-XRD50USS-00T-A
3440,20260914,90,258,PERFORISTA,12.0,0.0,20260914-YAULIYACU-XRD50USS-00T-B
3441,20260915,90,258,PERFORISTA,12.0,0.0,20260915-YAULIYACU-XRD50USS-00T-A
3442,20260915,90,258,PERFORISTA,12.0,0.0,20260915-YAULIYACU-XRD50USS-00T-B
3443,20260916,90,258,PERFORISTA,12.0,0.0,20260916-YAULIYACU-XRD50USS-00T-A
3444,20260916,90,258,PERFORISTA,12.0,0.0,20260916-YAULIYACU-XRD50USS-00T-B
3445,20260917,90,258,PERFORISTA,12.0,0.0,20260917-YAULIYACU-XRD50USS-00T-A
3446,20260917,90,258,PERFORISTA,12.0,0.0,20260917-YAULIYACU-XRD50USS-00T-B
3447,20260918,90,258,PERFORISTA,12.0,0.0,20260918-YAULIYACU-XRD50USS-00T-A
3448,20260918,90,258,PERFORISTA,12.0,0.0,20260918-YAULIYACU-XRD50USS-00T-B
3449,20260919,90,258,PERFORISTA,12.0,0.0,20260919-YAULIYACU-XRD50USS-00T-A
3450,20260919,90,258,PERFORISTA,12.0,0.0,20260919-YAULIYACU-XRD50USS-00T-B
3451,20260920,90,258,PERFORISTA,12.0,0.0,20260920-YAULIYACU-XRD50USS-00T-A
3452,20260920,90,258,PERFORISTA,12.0,0.0,20260920-YAULIYACU-XRD50USS-00T-B
3453,20260921,90,258,PERFORISTA,12.0,0.0,20260921-YAULIYACU-XRD50USS-00T-A
3454,20260921,90,258,PERFORISTA,12.0,0.0,20260921-YAULIYACU-XRD50USS-00T-B
3455,20260922,90,258,PERFORISTA,12.0,0.0,20260922-YAULIYACU-XRD50USS-00T-A
3456,20260922,90,258,PERFORISTA,12.0,0.0,20260922-YAULIYACU-XRD50USS-00T-B
3457,20260923,90,258,PERFORISTA,12.0,0.0,20260923-YAULIYACU-XRD50USS-00T-A
3458,20260923,90,258,PERFORISTA,12.0,0.0,20260923-YAULIYACU-XRD50USS-00T-B
3459,20260924,90,258,PERFORISTA,12.0,0.0,20260924-YAULIYACU-XRD50USS-00T-A
3460,20260924,90,258,PERFORISTA,12.0,0.0,20260924-YAULIYACU-XRD50USS-00T-B
3461,20260925,90,258,PERFORISTA,12.0,0.0,20260925-YAULIYACU-XRD50USS-00T-A
3462,20260925,90,258,PERFORISTA,12.0,0.0,20260925-YAULIYACU-XRD50USS-00T-B
3463,20260826,87,294,PERFORISTA,12.0,0.0,20260826-YAULIYACU-XRD125USS-001-A
3464,20260826,87,241,AYUDANTE DE PERFORACION,12.0,0.0,20260826-YAULIYACU-XRD125USS-001-A
3465,20260826,87,217,AYUDANTE DE PERFORACION,12.0,0.0,20260826-YAULIYACU-XRD125USS-001-A
3466,20260826,87,264,PERFORISTA,12.0,0.0,20260826-YAULIYACU-XRD125USS-001-B
3467,20260826,87,263,AYUDANTE DE PERFORACION,12.0,0.0,20260826-YAULIYACU-XRD125USS-001-B
3468,20260826,87,407,AYUDANTE DE PERFORACION,12.0,0.0,20260826-YAULIYACU-XRD125USS-001-B
3469,20260827,87,294,PERFORISTA,12.0,0.0,20260827-YAULIYACU-XRD125USS-001-A
3470,20260827,87,241,AYUDANTE DE PERFORACION,12.0,0.0,20260827-YAULIYACU-XRD125USS-001-A
3471,20260827,87,217,AYUDANTE DE PERFORACION,12.0,0.0,20260827-YAULIYACU-XRD125USS-001-A
3472,20260827,87,264,PERFORISTA,12.0,0.0,20260827-YAULIYACU-XRD125USS-001-B
3473,20260827,87,263,AYUDANTE DE PERFORACION,12.0,0.0,20260827-YAULIYACU-XRD125USS-001-B
3474,20260827,87,407,AYUDANTE DE PERFORACION,12.0,0.0,20260827-YAULIYACU-XRD125USS-001-B
3475,20260828,87,294,PERFORISTA,12.0,0.0,20260828-YAULIYACU-XRD125USS-001-A
3476,20260828,87,241,AYUDANTE DE PERFORACION,12.0,0.0,20260828-YAULIYACU-XRD125USS-001-A
3477,20260828,87,217,AYUDANTE DE PERFORACION,12.0,0.0,20260828-YAULIYACU-XRD125USS-001-A
3478,20260828,87,264,PERFORISTA,12.0,0.0,20260828-YAULIYACU-XRD125USS-001-B
3479,20260828,87,263,AYUDANTE DE PERFORACION,12.0,0.0,20260828-YAULIYACU-XRD125USS-001-B
3480,20260828,87,407,AYUDANTE DE PERFORACION,12.0,0.0,20260828-YAULIYACU-XRD125USS-001-B
3481,20260829,87,294,PERFORISTA,12.0,0.0,20260829-YAULIYACU-XRD125USS-001-A
3482,20260829,87,241,AYUDANTE DE PERFORACION,12.0,0.0,20260829-YAULIYACU-XRD125USS-001-A
3483,20260829,87,217,AYUDANTE DE PERFORACION,12.0,0.0,20260829-YAULIYACU-XRD125USS-001-A
3484,20260829,87,264,PERFORISTA,12.0,0.0,20260829-YAULIYACU-XRD125USS-001-B
3485,20260829,87,263,AYUDANTE DE PERFORACION,12.0,0.0,20260829-YAULIYACU-XRD125USS-001-B
3486,20260829,87,407,AYUDANTE DE PERFORACION,12.0,0.0,20260829-YAULIYACU-XRD125USS-001-B
3487,20260830,87,294,PERFORISTA,12.0,0.0,20260830-YAULIYACU-XRD125USS-001-A
3488,20260830,87,241,AYUDANTE DE PERFORACION,12.0,0.0,20260830-YAULIYACU-XRD125USS-001-A
3489,20260830,87,217,AYUDANTE DE PERFORACION,12.0,0.0,20260830-YAULIYACU-XRD125USS-001-A
3490,20260830,87,264,PERFORISTA,12.0,0.0,20260830-YAULIYACU-XRD125USS-001-B
3491,20260830,87,263,AYUDANTE DE PERFORACION,12.0,0.0,20260830-YAULIYACU-XRD125USS-001-B
3492,20260830,87,407,AYUDANTE DE PERFORACION,12.0,0.0,20260830-YAULIYACU-XRD125USS-001-B
3493,20260831,87,294,PERFORISTA,12.0,0.0,20260831-YAULIYACU-XRD125USS-001-A
3494,20260831,87,241,AYUDANTE DE PERFORACION,12.0,0.0,20260831-YAULIYACU-XRD125USS-001-A
3495,20260831,87,217,AYUDANTE DE PERFORACION,12.0,0.0,20260831-YAULIYACU-XRD125USS-001-A
3496,20260831,87,264,PERFORISTA,12.0,0.0,20260831-YAULIYACU-XRD125USS-001-B
3497,20260831,87,263,AYUDANTE DE PERFORACION,12.0,0.0,20260831-YAULIYACU-XRD125USS-001-B
3498,20260831,87,407,AYUDANTE DE PERFORACION,12.0,0.0,20260831-YAULIYACU-XRD125USS-001-B
3499,20260901,87,258,PERFORISTA,12.0,0.0,20260901-YAULIYACU-XRD125USS-001-A
3500,20260901,87,258,PERFORISTA,12.0,0.0,20260901-YAULIYACU-XRD125USS-001-B
3501,20260902,87,258,PERFORISTA,12.0,0.0,20260902-YAULIYACU-XRD125USS-001-A
3502,20260902,87,258,PERFORISTA,12.0,0.0,20260902-YAULIYACU-XRD125USS-001-B
3503,20260903,87,258,PERFORISTA,12.0,0.0,20260903-YAULIYACU-XRD125USS-001-A
3504,20260903,87,258,PERFORISTA,12.0,0.0,20260903-YAULIYACU-XRD125USS-001-B
3505,20260904,87,258,PERFORISTA,12.0,0.0,20260904-YAULIYACU-XRD125USS-001-A
3506,20260904,87,258,PERFORISTA,12.0,0.0,20260904-YAULIYACU-XRD125USS-001-B
3507,20260905,87,258,PERFORISTA,12.0,0.0,20260905-YAULIYACU-XRD125USS-001-A
3508,20260905,87,258,PERFORISTA,12.0,0.0,20260905-YAULIYACU-XRD125USS-001-B
3509,20260906,87,258,PERFORISTA,12.0,0.0,20260906-YAULIYACU-XRD125USS-001-A
3510,20260906,87,258,PERFORISTA,12.0,0.0,20260906-YAULIYACU-XRD125USS-001-B
3511,20260907,87,258,PERFORISTA,12.0,0.0,20260907-YAULIYACU-XRD125USS-001-A
3512,20260907,87,258,PERFORISTA,12.0,0.0,20260907-YAULIYACU-XRD125USS-001-B
3513,20260908,87,258,PERFORISTA,12.0,0.0,20260908-YAULIYACU-XRD125USS-001-A
3514,20260908,87,258,PERFORISTA,12.0,0.0,20260908-YAULIYACU-XRD125USS-001-B
3515,20260909,87,258,PERFORISTA,12.0,0.0,20260909-YAULIYACU-XRD125USS-001-A
3516,20260909,87,258,PERFORISTA,12.0,0.0,20260909-YAULIYACU-XRD125USS-001-B
3517,20260910,87,258,PERFORISTA,12.0,0.0,20260910-YAULIYACU-XRD125USS-001-A
3518,20260910,87,258,PERFORISTA,12.0,0.0,20260910-YAULIYACU-XRD125USS-001-B
3519,20260911,87,258,PERFORISTA,12.0,0.0,20260911-YAULIYACU-XRD125USS-001-A
3520,20260911,87,258,PERFORISTA,12.0,0.0,20260911-YAULIYACU-XRD125USS-001-B
3521,20260912,87,258,PERFORISTA,12.0,0.0,20260912-YAULIYACU-XRD125USS-001-A
3522,20260912,87,258,PERFORISTA,12.0,0.0,20260912-YAULIYACU-XRD125USS-001-B
3523,20260913,87,258,PERFORISTA,12.0,0.0,20260913-YAULIYACU-XRD125USS-001-A
3524,20260913,87,258,PERFORISTA,12.0,0.0,20260913-YAULIYACU-XRD125USS-001-B
3525,20260914,87,258,PERFORISTA,12.0,0.0,20260914-YAULIYACU-XRD125USS-001-A
3526,20260914,87,258,PERFORISTA,12.0,0.0,20260914-YAULIYACU-XRD125USS-001-B
3527,20260915,87,258,PERFORISTA,12.0,0.0,20260915-YAULIYACU-XRD125USS-001-A
3528,20260915,87,258,PERFORISTA,12.0,0.0,20260915-YAULIYACU-XRD125USS-001-B
3529,20260916,87,258,PERFORISTA,12.0,0.0,20260916-YAULIYACU-XRD125USS-001-A
3530,20260916,87,258,PERFORISTA,12.0,0.0,20260916-YAULIYACU-XRD125USS-001-B
3531,20260917,87,258,PERFORISTA,12.0,0.0,20260917-YAULIYACU-XRD125USS-001-A
3532,20260917,87,258,PERFORISTA,12.0,0.0,20260917-YAULIYACU-XRD125USS-001-B
3533,20260918,87,258,PERFORISTA,12.0,0.0,20260918-YAULIYACU-XRD125USS-001-A
3534,20260918,87,258,PERFORISTA,12.0,0.0,20260918-YAULIYACU-XRD125USS-001-B
3535,20260919,87,258,PERFORISTA,12.0,0.0,20260919-YAULIYACU-XRD125USS-001-A
3536,20260919,87,258,PERFORISTA,12.0,0.0,20260919-YAULIYACU-XRD125USS-001-B
3537,20260920,87,258,PERFORISTA,12.0,0.0,20260920-YAULIYACU-XRD125USS-001-A
3538,20260920,87,258,PERFORISTA,12.0,0.0,20260920-YAULIYACU-XRD125USS-001-B
3539,20260921,87,258,PERFORISTA,12.0,0.0,20260921-YAULIYACU-XRD125USS-001-A
3540,20260921,87,258,PERFORISTA,12.0,0.0,20260921-YAULIYACU-XRD125USS-001-B
3541,20260922,87,258,PERFORISTA,12.0,0.0,20260922-YAULIYACU-XRD125USS-001-A
3542,20260922,87,258,PERFORISTA,12.0,0.0,20260922-YAULIYACU-XRD125USS-001-B
3543,20260923,87,258,PERFORISTA,12.0,0.0,20260923-YAULIYACU-XRD125USS-001-A
3544,20260923,87,258,PERFORISTA,12.0,0.0,20260923-YAULIYACU-XRD125USS-001-B
3545,20260924,87,258,PERFORISTA,12.0,0.0,20260924-YAULIYACU-XRD125USS-001-A
3546,20260924,87,258,PERFORISTA,12.0,0.0,20260924-YAULIYACU-XRD125USS-001-B
3547,20260925,87,258,PERFORISTA,12.0,0.0,20260925-YAULIYACU-XRD125USS-001-A
3548,20260925,87,258,PERFORISTA,12.0,0.0,20260925-YAULIYACU-XRD125USS-001-B
3549,20260826,93,154,PERFORISTA,12.0,0.0,20260826-YAURICOCHA-XRD150USS-001-A
3550,20260826,93,21,AYUDANTE DE PERFORACION,12.0,0.0,20260826-YAURICOCHA-XRD150USS-001-A
3551,20260826,93,102,AYUDANTE DE PERFORACION,12.0,0.0,20260826-YAURICOCHA-XRD150USS-001-A
3552,20260826,93,301,PERFORISTA,12.0,0.0,20260826-YAURICOCHA-XRD150USS-001-B
3553,20260826,93,128,AYUDANTE DE PERFORACION,12.0,0.0,20260826-YAURICOCHA-XRD150USS-001-B
3554,20260826,93,336,AYUDANTE DE PERFORACION,12.0,0.0,20260826-YAURICOCHA-XRD150USS-001-B
3555,20260827,93,154,PERFORISTA,12.0,0.0,20260827-YAURICOCHA-XRD150USS-001-A
3556,20260827,93,21,AYUDANTE DE PERFORACION,12.0,0.0,20260827-YAURICOCHA-XRD150USS-001-A
3557,20260827,93,102,AYUDANTE DE PERFORACION,12.0,0.0,20260827-YAURICOCHA-XRD150USS-001-A
3558,20260827,93,128,PERFORISTA,12.0,0.0,20260827-YAURICOCHA-XRD150USS-001-B
3559,20260827,93,301,AYUDANTE DE PERFORACION,12.0,0.0,20260827-YAURICOCHA-XRD150USS-001-B
3560,20260827,93,336,AYUDANTE DE PERFORACION,12.0,0.0,20260827-YAURICOCHA-XRD150USS-001-B
3561,20260828,93,154,PERFORISTA,12.0,0.0,20260828-YAURICOCHA-XRD150USS-001-A
3562,20260828,93,192,AYUDANTE DE PERFORACION,12.0,0.0,20260828-YAURICOCHA-XRD150USS-001-A
3563,20260828,93,102,AYUDANTE DE PERFORACION,12.0,0.0,20260828-YAURICOCHA-XRD150USS-001-A
3564,20260828,93,128,PERFORISTA,12.0,0.0,20260828-YAURICOCHA-XRD150USS-001-B
3565,20260828,93,301,AYUDANTE DE PERFORACION,12.0,0.0,20260828-YAURICOCHA-XRD150USS-001-B
3566,20260828,93,336,AYUDANTE DE PERFORACION,12.0,0.0,20260828-YAURICOCHA-XRD150USS-001-B
3567,20260829,93,154,PERFORISTA,12.0,0.0,20260829-YAURICOCHA-XRD150USS-001-A
3568,20260829,93,13,AYUDANTE DE PERFORACION,12.0,0.0,20260829-YAURICOCHA-XRD150USS-001-A
3569,20260829,93,102,AYUDANTE DE PERFORACION,12.0,0.0,20260829-YAURICOCHA-XRD150USS-001-A
3570,20260829,93,128,PERFORISTA,12.0,0.0,20260829-YAURICOCHA-XRD150USS-001-B
3571,20260829,93,301,AYUDANTE DE PERFORACION,12.0,0.0,20260829-YAURICOCHA-XRD150USS-001-B
3572,20260829,93,336,AYUDANTE DE PERFORACION,12.0,0.0,20260829-YAURICOCHA-XRD150USS-001-B
3573,20260830,93,154,PERFORISTA,12.0,0.0,20260830-YAURICOCHA-XRD150USS-001-A
3574,20260830,93,21,AYUDANTE DE PERFORACION,12.0,0.0,20260830-YAURICOCHA-XRD150USS-001-A
3575,20260830,93,102,AYUDANTE DE PERFORACION,12.0,0.0,20260830-YAURICOCHA-XRD150USS-001-A
3576,20260830,93,128,PERFORISTA,12.0,0.0,20260830-YAURICOCHA-XRD150USS-001-B
3577,20260830,93,301,AYUDANTE DE PERFORACION,12.0,0.0,20260830-YAURICOCHA-XRD150USS-001-B
3578,20260830,93,336,AYUDANTE DE PERFORACION,12.0,0.0,20260830-YAURICOCHA-XRD150USS-001-B
3579,20260831,93,154,PERFORISTA,12.0,0.0,20260831-YAURICOCHA-XRD150USS-001-A
3580,20260831,93,192,AYUDANTE DE PERFORACION,12.0,0.0,20260831-YAURICOCHA-XRD150USS-001-A
3581,20260831,93,12,AYUDANTE DE PERFORACION,12.0,0.0,20260831-YAURICOCHA-XRD150USS-001-A
3582,20260831,93,128,PERFORISTA,12.0,0.0,20260831-YAURICOCHA-XRD150USS-001-B
3583,20260831,93,119,AYUDANTE DE PERFORACION,12.0,0.0,20260831-YAURICOCHA-XRD150USS-001-B
3584,20260831,93,336,AYUDANTE DE PERFORACION,12.0,0.0,20260831-YAURICOCHA-XRD150USS-001-B
3585,20260901,93,258,PERFORISTA,12.0,0.0,20260901-YAURICOCHA-XRD150USS-001-A
3586,20260901,93,258,PERFORISTA,12.0,0.0,20260901-YAURICOCHA-XRD150USS-001-B
3587,20260902,93,258,PERFORISTA,12.0,0.0,20260902-YAURICOCHA-XRD150USS-001-A
3588,20260902,93,258,PERFORISTA,12.0,0.0,20260902-YAURICOCHA-XRD150USS-001-B
3589,20260903,93,258,PERFORISTA,12.0,0.0,20260903-YAURICOCHA-XRD150USS-001-A
3590,20260903,93,258,PERFORISTA,12.0,0.0,20260903-YAURICOCHA-XRD150USS-001-B
3591,20260904,93,258,PERFORISTA,12.0,0.0,20260904-YAURICOCHA-XRD150USS-001-A
3592,20260904,93,258,PERFORISTA,12.0,0.0,20260904-YAURICOCHA-XRD150USS-001-B
3593,20260905,93,258,PERFORISTA,12.0,0.0,20260905-YAURICOCHA-XRD150USS-001-A
3594,20260905,93,258,PERFORISTA,12.0,0.0,20260905-YAURICOCHA-XRD150USS-001-B
3595,20260906,93,258,PERFORISTA,12.0,0.0,20260906-YAURICOCHA-XRD150USS-001-A
3596,20260906,93,258,PERFORISTA,12.0,0.0,20260906-YAURICOCHA-XRD150USS-001-B
3597,20260907,93,258,PERFORISTA,12.0,0.0,20260907-YAURICOCHA-XRD150USS-001-A
3598,20260907,93,258,PERFORISTA,12.0,0.0,20260907-YAURICOCHA-XRD150USS-001-B
3599,20260908,93,258,PERFORISTA,12.0,0.0,20260908-YAURICOCHA-XRD150USS-001-A
3600,20260908,93,258,PERFORISTA,12.0,0.0,20260908-YAURICOCHA-XRD150USS-001-B
3601,20260909,93,258,PERFORISTA,12.0,0.0,20260909-YAURICOCHA-XRD150USS-001-A
3602,20260909,93,258,PERFORISTA,12.0,0.0,20260909-YAURICOCHA-XRD150USS-001-B
3603,20260910,93,258,PERFORISTA,12.0,0.0,20260910-YAURICOCHA-XRD150USS-001-A
3604,20260910,93,258,PERFORISTA,12.0,0.0,20260910-YAURICOCHA-XRD150USS-001-B
3605,20260911,93,258,PERFORISTA,12.0,0.0,20260911-YAURICOCHA-XRD150USS-001-A
3606,20260911,93,258,PERFORISTA,12.0,0.0,20260911-YAURICOCHA-XRD150USS-001-B
3607,20260912,93,258,PERFORISTA,12.0,0.0,20260912-YAURICOCHA-XRD150USS-001-A
3608,20260912,93,258,PERFORISTA,12.0,0.0,20260912-YAURICOCHA-XRD150USS-001-B
3609,20260913,93,258,PERFORISTA,12.0,0.0,20260913-YAURICOCHA-XRD150USS-001-A
3610,20260913,93,258,PERFORISTA,12.0,0.0,20260913-YAURICOCHA-XRD150USS-001-B
3611,20260914,93,258,PERFORISTA,12.0,0.0,20260914-YAURICOCHA-XRD150USS-001-A
3612,20260914,93,258,PERFORISTA,12.0,0.0,20260914-YAURICOCHA-XRD150USS-001-B
3613,20260915,93,258,PERFORISTA,12.0,0.0,20260915-YAURICOCHA-XRD150USS-001-A
3614,20260915,93,258,PERFORISTA,12.0,0.0,20260915-YAURICOCHA-XRD150USS-001-B
3615,20260916,93,258,PERFORISTA,12.0,0.0,20260916-YAURICOCHA-XRD150USS-001-A
3616,20260916,93,258,PERFORISTA,12.0,0.0,20260916-YAURICOCHA-XRD150USS-001-B
3617,20260917,93,258,PERFORISTA,12.0,0.0,20260917-YAURICOCHA-XRD150USS-001-A
3618,20260917,93,258,PERFORISTA,12.0,0.0,20260917-YAURICOCHA-XRD150USS-001-B
3619,20260918,93,258,PERFORISTA,12.0,0.0,20260918-YAURICOCHA-XRD150USS-001-A
3620,20260918,93,258,PERFORISTA,12.0,0.0,20260918-YAURICOCHA-XRD150USS-001-B
3621,20260919,93,258,PERFORISTA,12.0,0.0,20260919-YAURICOCHA-XRD150USS-001-A
3622,20260919,93,258,PERFORISTA,12.0,0.0,20260919-YAURICOCHA-XRD150USS-001-B
3623,20260920,93,258,PERFORISTA,12.0,0.0,20260920-YAURICOCHA-XRD150USS-001-A
3624,20260920,93,258,PERFORISTA,12.0,0.0,20260920-YAURICOCHA-XRD150USS-001-B
3625,20260921,93,258,PERFORISTA,12.0,0.0,20260921-YAURICOCHA-XRD150USS-001-A
3626,20260921,93,258,PERFORISTA,12.0,0.0,20260921-YAURICOCHA-XRD150USS-001-B
3627,20260922,93,258,PERFORISTA,12.0,0.0,20260922-YAURICOCHA-XRD150USS-001-A
3628,20260922,93,258,PERFORISTA,12.0,0.0,20260922-YAURICOCHA-XRD150USS-001-B
3629,20260923,93,258,PERFORISTA,12.0,0.0,20260923-YAURICOCHA-XRD150USS-001-A
3630,20260923,93,258,PERFORISTA,12.0,0.0,20260923-YAURICOCHA-XRD150USS-001-B
3631,20260924,93,258,PERFORISTA,12.0,0.0,20260924-YAURICOCHA-XRD150USS-001-A
3632,20260924,93,258,PERFORISTA,12.0,0.0,20260924-YAURICOCHA-XRD150USS-001-B
3633,20260925,93,258,PERFORISTA,12.0,0.0,20260925-YAURICOCHA-XRD150USS-001-A
3634,20260925,93,258,PERFORISTA,12.0,0.0,20260925-YAURICOCHA-XRD150USS-001-B
3635,20260826,91,173,PERFORISTA,12.0,0.0,20260826-YAURICOCHA-XRD150U-011-A
3636,20260826,91,127,AYUDANTE DE PERFORACION,12.0,0.0,20260826-YAURICOCHA-XRD150U-011-A
3637,20260826,91,14,AYUDANTE DE PERFORACION,12.0,0.0,20260826-YAURICOCHA-XRD150U-011-A
3638,20260826,91,170,PERFORISTA,12.0,0.0,20260826-YAURICOCHA-XRD150U-011-B
3639,20260826,91,5,AYUDANTE DE PERFORACION,12.0,0.0,20260826-YAURICOCHA-XRD150U-011-B
3640,20260826,91,41,AYUDANTE DE PERFORACION,12.0,0.0,20260826-YAURICOCHA-XRD150U-011-B
3641,20260827,91,242,PERFORISTA,12.0,0.0,20260827-YAURICOCHA-XRD150U-011-A
3642,20260827,91,45,AYUDANTE DE PERFORACION,12.0,0.0,20260827-YAURICOCHA-XRD150U-011-A
3643,20260827,91,10,AYUDANTE DE PERFORACION,12.0,0.0,20260827-YAURICOCHA-XRD150U-011-A
3644,20260827,91,170,PERFORISTA,12.0,0.0,20260827-YAURICOCHA-XRD150U-011-B
3645,20260827,91,5,AYUDANTE DE PERFORACION,12.0,0.0,20260827-YAURICOCHA-XRD150U-011-B
3646,20260827,91,41,AYUDANTE DE PERFORACION,12.0,0.0,20260827-YAURICOCHA-XRD150U-011-B
3647,20260828,91,198,PERFORISTA,12.0,0.0,20260828-YAURICOCHA-XRD150U-011-A
3648,20260828,91,45,AYUDANTE DE PERFORACION,12.0,0.0,20260828-YAURICOCHA-XRD150U-011-A
3649,20260828,91,141,AYUDANTE DE PERFORACION,12.0,0.0,20260828-YAURICOCHA-XRD150U-011-A
3650,20260828,91,170,PERFORISTA,12.0,0.0,20260828-YAURICOCHA-XRD150U-011-B
3651,20260828,91,5,AYUDANTE DE PERFORACION,12.0,0.0,20260828-YAURICOCHA-XRD150U-011-B
3652,20260828,91,41,AYUDANTE DE PERFORACION,12.0,0.0,20260828-YAURICOCHA-XRD150U-011-B
3653,20260829,91,198,PERFORISTA,12.0,0.0,20260829-YAURICOCHA-XRD150U-011-A
3654,20260829,91,170,PERFORISTA,12.0,0.0,20260829-YAURICOCHA-XRD150U-011-B
3655,20260829,91,5,AYUDANTE DE PERFORACION,12.0,0.0,20260829-YAURICOCHA-XRD150U-011-B
3656,20260829,91,41,AYUDANTE DE PERFORACION,12.0,0.0,20260829-YAURICOCHA-XRD150U-011-B
3657,20260830,91,198,PERFORISTA,12.0,0.0,20260830-YAURICOCHA-XRD150U-011-A
3658,20260830,91,170,PERFORISTA,12.0,0.0,20260830-YAURICOCHA-XRD150U-011-B
3659,20260830,91,5,AYUDANTE DE PERFORACION,12.0,0.0,20260830-YAURICOCHA-XRD150U-011-B
3660,20260830,91,41,AYUDANTE DE PERFORACION,12.0,0.0,20260830-YAURICOCHA-XRD150U-011-B
3661,20260831,91,198,PERFORISTA,12.0,0.0,20260831-YAURICOCHA-XRD150U-011-A
3662,20260831,91,193,AYUDANTE DE PERFORACION,12.0,0.0,20260831-YAURICOCHA-XRD150U-011-A
3663,20260831,91,170,PERFORISTA,12.0,0.0,20260831-YAURICOCHA-XRD150U-011-B
3664,20260831,91,41,AYUDANTE DE PERFORACION,12.0,0.0,20260831-YAURICOCHA-XRD150U-011-B
3665,20260901,91,258,PERFORISTA,12.0,0.0,20260901-YAURICOCHA-XRD150U-011-A
3666,20260901,91,258,PERFORISTA,12.0,0.0,20260901-YAURICOCHA-XRD150U-011-B
3667,20260902,91,258,PERFORISTA,12.0,0.0,20260902-YAURICOCHA-XRD150U-011-A
3668,20260902,91,258,PERFORISTA,12.0,0.0,20260902-YAURICOCHA-XRD150U-011-B
3669,20260903,91,258,PERFORISTA,12.0,0.0,20260903-YAURICOCHA-XRD150U-011-A
3670,20260903,91,258,PERFORISTA,12.0,0.0,20260903-YAURICOCHA-XRD150U-011-B
3671,20260904,91,258,PERFORISTA,12.0,0.0,20260904-YAURICOCHA-XRD150U-011-A
3672,20260904,91,258,PERFORISTA,12.0,0.0,20260904-YAURICOCHA-XRD150U-011-B
3673,20260905,91,258,PERFORISTA,12.0,0.0,20260905-YAURICOCHA-XRD150U-011-A
3674,20260905,91,258,PERFORISTA,12.0,0.0,20260905-YAURICOCHA-XRD150U-011-B
3675,20260906,91,258,PERFORISTA,12.0,0.0,20260906-YAURICOCHA-XRD150U-011-A
3676,20260906,91,258,PERFORISTA,12.0,0.0,20260906-YAURICOCHA-XRD150U-011-B
3677,20260907,91,258,PERFORISTA,12.0,0.0,20260907-YAURICOCHA-XRD150U-011-A
3678,20260907,91,258,PERFORISTA,12.0,0.0,20260907-YAURICOCHA-XRD150U-011-B
3679,20260908,91,258,PERFORISTA,12.0,0.0,20260908-YAURICOCHA-XRD150U-011-A
3680,20260908,91,258,PERFORISTA,12.0,0.0,20260908-YAURICOCHA-XRD150U-011-B
3681,20260909,91,258,PERFORISTA,12.0,0.0,20260909-YAURICOCHA-XRD150U-011-A
3682,20260909,91,258,PERFORISTA,12.0,0.0,20260909-YAURICOCHA-XRD150U-011-B
3683,20260910,91,258,PERFORISTA,12.0,0.0,20260910-YAURICOCHA-XRD150U-011-A
3684,20260910,91,258,PERFORISTA,12.0,0.0,20260910-YAURICOCHA-XRD150U-011-B
3685,20260911,91,258,PERFORISTA,12.0,0.0,20260911-YAURICOCHA-XRD150U-011-A
3686,20260911,91,258,PERFORISTA,12.0,0.0,20260911-YAURICOCHA-XRD150U-011-B
3687,20260912,91,258,PERFORISTA,12.0,0.0,20260912-YAURICOCHA-XRD150U-011-A
3688,20260912,91,258,PERFORISTA,12.0,0.0,20260912-YAURICOCHA-XRD150U-011-B
3689,20260913,91,258,PERFORISTA,12.0,0.0,20260913-YAURICOCHA-XRD150U-011-A
3690,20260913,91,258,PERFORISTA,12.0,0.0,20260913-YAURICOCHA-XRD150U-011-B
3691,20260914,91,258,PERFORISTA,12.0,0.0,20260914-YAURICOCHA-XRD150U-011-A
3692,20260914,91,258,PERFORISTA,12.0,0.0,20260914-YAURICOCHA-XRD150U-011-B
3693,20260915,91,258,PERFORISTA,12.0,0.0,20260915-YAURICOCHA-XRD150U-011-A
3694,20260915,91,258,PERFORISTA,12.0,0.0,20260915-YAURICOCHA-XRD150U-011-B
3695,20260916,91,258,PERFORISTA,12.0,0.0,20260916-YAURICOCHA-XRD150U-011-A
3696,20260916,91,258,PERFORISTA,12.0,0.0,20260916-YAURICOCHA-XRD150U-011-B
3697,20260917,91,258,PERFORISTA,12.0,0.0,20260917-YAURICOCHA-XRD150U-011-A
3698,20260917,91,258,PERFORISTA,12.0,0.0,20260917-YAURICOCHA-XRD150U-011-B
3699,20260918,91,258,PERFORISTA,12.0,0.0,20260918-YAURICOCHA-XRD150U-011-A
3700,20260918,91,258,PERFORISTA,12.0,0.0,20260918-YAURICOCHA-XRD150U-011-B
3701,20260919,91,258,PERFORISTA,12.0,0.0,20260919-YAURICOCHA-XRD150U-011-A
3702,20260919,91,258,PERFORISTA,12.0,0.0,20260919-YAURICOCHA-XRD150U-011-B
3703,20260920,91,258,PERFORISTA,12.0,0.0,20260920-YAURICOCHA-XRD150U-011-A
3704,20260920,91,258,PERFORISTA,12.0,0.0,20260920-YAURICOCHA-XRD150U-011-B
3705,20260921,91,258,PERFORISTA,12.0,0.0,20260921-YAURICOCHA-XRD150U-011-A
3706,20260921,91,258,PERFORISTA,12.0,0.0,20260921-YAURICOCHA-XRD150U-011-B
3707,20260922,91,258,PERFORISTA,12.0,0.0,20260922-YAURICOCHA-XRD150U-011-A
3708,20260922,91,258,PERFORISTA,12.0,0.0,20260922-YAURICOCHA-XRD150U-011-B
3709,20260923,91,258,PERFORISTA,12.0,0.0,20260923-YAURICOCHA-XRD150U-011-A
3710,20260923,91,258,PERFORISTA,12.0,0.0,20260923-YAURICOCHA-XRD150U-011-B
3711,20260924,91,258,PERFORISTA,12.0,0.0,20260924-YAURICOCHA-XRD150U-011-A
3712,20260924,91,258,PERFORISTA,12.0,0.0,20260924-YAURICOCHA-XRD150U-011-B
3713,20260925,91,258,PERFORISTA,12.0,0.0,20260925-YAURICOCHA-XRD150U-011-A
3714,20260925,91,258,PERFORISTA,12.0,0.0,20260925-YAURICOCHA-XRD150U-011-B
3715,20260826,40,169,PERFORISTA,12.0,0.0,20260826-COBRIZA-XRD50UFDR-001-A
3716,20260826,40,87,AYUDANTE DE PERFORACION,12.0,0.0,20260826-COBRIZA-XRD50UFDR-001-A
3717,20260826,40,1,AYUDANTE DE PERFORACION,12.0,0.0,20260826-COBRIZA-XRD50UFDR-001-A
3718,20260826,40,257,PERFORISTA,12.0,0.0,20260826-COBRIZA-XRD50UFDR-001-B
3719,20260826,40,369,AYUDANTE DE PERFORACION,12.0,0.0,20260826-COBRIZA-XRD50UFDR-001-B
3720,20260826,40,1,AYUDANTE DE PERFORACION,12.0,0.0,20260826-COBRIZA-XRD50UFDR-001-B
3721,20260827,40,169,PERFORISTA,12.0,0.0,20260827-COBRIZA-XRD50UFDR-001-A
3722,20260827,40,87,AYUDANTE DE PERFORACION,12.0,0.0,20260827-COBRIZA-XRD50UFDR-001-A
3723,20260827,40,1,AYUDANTE DE PERFORACION,12.0,0.0,20260827-COBRIZA-XRD50UFDR-001-A
3724,20260827,40,257,PERFORISTA,12.0,0.0,20260827-COBRIZA-XRD50UFDR-001-B
3725,20260827,40,369,AYUDANTE DE PERFORACION,12.0,0.0,20260827-COBRIZA-XRD50UFDR-001-B
3726,20260827,40,1,AYUDANTE DE PERFORACION,12.0,0.0,20260827-COBRIZA-XRD50UFDR-001-B
3727,20260828,40,169,PERFORISTA,12.0,0.0,20260828-COBRIZA-XRD50UFDR-001-A
3728,20260828,40,87,AYUDANTE DE PERFORACION,12.0,0.0,20260828-COBRIZA-XRD50UFDR-001-A
3729,20260828,40,1,AYUDANTE DE PERFORACION,12.0,0.0,20260828-COBRIZA-XRD50UFDR-001-A
3730,20260828,40,257,PERFORISTA,12.0,1.0,20260828-COBRIZA-XRD50UFDR-001-B
3731,20260828,40,369,AYUDANTE DE PERFORACION,12.0,1.0,20260828-COBRIZA-XRD50UFDR-001-B
3732,20260828,40,1,AYUDANTE DE PERFORACION,12.0,1.0,20260828-COBRIZA-XRD50UFDR-001-B
3733,20260829,40,169,PERFORISTA,12.0,0.0,20260829-COBRIZA-XRD50UFDR-001-A
3734,20260829,40,229,AYUDANTE DE PERFORACION,12.0,0.0,20260829-COBRIZA-XRD50UFDR-001-A
3735,20260829,40,1,AYUDANTE DE PERFORACION,12.0,0.0,20260829-COBRIZA-XRD50UFDR-001-A
3736,20260829,40,257,PERFORISTA,12.0,0.0,20260829-COBRIZA-XRD50UFDR-001-B
3737,20260829,40,369,AYUDANTE DE PERFORACION,12.0,0.0,20260829-COBRIZA-XRD50UFDR-001-B
3738,20260829,40,1,AYUDANTE DE PERFORACION,12.0,0.0,20260829-COBRIZA-XRD50UFDR-001-B
3739,20260830,40,169,PERFORISTA,12.0,1.0,20260830-COBRIZA-XRD50UFDR-001-A
3740,20260830,40,229,AYUDANTE DE PERFORACION,12.0,1.0,20260830-COBRIZA-XRD50UFDR-001-A
3741,20260830,40,1,AYUDANTE DE PERFORACION,12.0,1.0,20260830-COBRIZA-XRD50UFDR-001-A
3742,20260830,40,257,PERFORISTA,12.0,0.0,20260830-COBRIZA-XRD50UFDR-001-B
3743,20260830,40,369,AYUDANTE DE PERFORACION,12.0,0.0,20260830-COBRIZA-XRD50UFDR-001-B
3744,20260830,40,1,AYUDANTE DE PERFORACION,12.0,0.0,20260830-COBRIZA-XRD50UFDR-001-B
3745,20260831,40,169,PERFORISTA,12.0,0.0,20260831-COBRIZA-XRD50UFDR-001-A
3746,20260831,40,229,AYUDANTE DE PERFORACION,12.0,0.0,20260831-COBRIZA-XRD50UFDR-001-A
3747,20260831,40,1,AYUDANTE DE PERFORACION,12.0,0.0,20260831-COBRIZA-XRD50UFDR-001-A
3748,20260831,40,257,PERFORISTA,12.0,0.0,20260831-COBRIZA-XRD50UFDR-001-B
3749,20260831,40,369,AYUDANTE DE PERFORACION,12.0,0.0,20260831-COBRIZA-XRD50UFDR-001-B
3750,20260831,40,1,AYUDANTE DE PERFORACION,12.0,0.0,20260831-COBRIZA-XRD50UFDR-001-B
3751,20260901,40,258,PERFORISTA,12.0,0.0,20260901-COBRIZA-XRD50UFDR-001-A
3752,20260901,40,258,PERFORISTA,12.0,0.0,20260901-COBRIZA-XRD50UFDR-001-B
3753,20260902,40,258,PERFORISTA,12.0,0.0,20260902-COBRIZA-XRD50UFDR-001-A
3754,20260902,40,258,PERFORISTA,12.0,0.0,20260902-COBRIZA-XRD50UFDR-001-B
3755,20260903,40,258,PERFORISTA,12.0,0.0,20260903-COBRIZA-XRD50UFDR-001-A
3756,20260903,40,258,PERFORISTA,12.0,0.0,20260903-COBRIZA-XRD50UFDR-001-B
3757,20260904,40,258,PERFORISTA,12.0,0.0,20260904-COBRIZA-XRD50UFDR-001-A
3758,20260904,40,258,PERFORISTA,12.0,0.0,20260904-COBRIZA-XRD50UFDR-001-B
3759,20260905,40,258,PERFORISTA,12.0,0.0,20260905-COBRIZA-XRD50UFDR-001-A
3760,20260905,40,258,PERFORISTA,12.0,0.0,20260905-COBRIZA-XRD50UFDR-001-B
3761,20260906,40,258,PERFORISTA,12.0,0.0,20260906-COBRIZA-XRD50UFDR-001-A
3762,20260906,40,258,PERFORISTA,12.0,0.0,20260906-COBRIZA-XRD50UFDR-001-B
3763,20260907,40,258,PERFORISTA,12.0,0.0,20260907-COBRIZA-XRD50UFDR-001-A
3764,20260907,40,258,PERFORISTA,12.0,0.0,20260907-COBRIZA-XRD50UFDR-001-B
3765,20260908,40,258,PERFORISTA,12.0,0.0,20260908-COBRIZA-XRD50UFDR-001-A
3766,20260908,40,258,PERFORISTA,12.0,0.0,20260908-COBRIZA-XRD50UFDR-001-B
3767,20260909,40,258,PERFORISTA,12.0,0.0,20260909-COBRIZA-XRD50UFDR-001-A
3768,20260909,40,258,PERFORISTA,12.0,0.0,20260909-COBRIZA-XRD50UFDR-001-B
3769,20260910,40,258,PERFORISTA,12.0,0.0,20260910-COBRIZA-XRD50UFDR-001-A
3770,20260910,40,258,PERFORISTA,12.0,0.0,20260910-COBRIZA-XRD50UFDR-001-B
3771,20260911,40,258,PERFORISTA,12.0,0.0,20260911-COBRIZA-XRD50UFDR-001-A
3772,20260911,40,258,PERFORISTA,12.0,0.0,20260911-COBRIZA-XRD50UFDR-001-B
3773,20260912,40,258,PERFORISTA,12.0,0.0,20260912-COBRIZA-XRD50UFDR-001-A
3774,20260912,40,258,PERFORISTA,12.0,0.0,20260912-COBRIZA-XRD50UFDR-001-B
3775,20260913,40,258,PERFORISTA,12.0,0.0,20260913-COBRIZA-XRD50UFDR-001-A
3776,20260913,40,258,PERFORISTA,12.0,0.0,20260913-COBRIZA-XRD50UFDR-001-B
3777,20260914,40,258,PERFORISTA,12.0,0.0,20260914-COBRIZA-XRD50UFDR-001-A
3778,20260914,40,258,PERFORISTA,12.0,0.0,20260914-COBRIZA-XRD50UFDR-001-B
3779,20260915,40,258,PERFORISTA,12.0,0.0,20260915-COBRIZA-XRD50UFDR-001-A
3780,20260915,40,258,PERFORISTA,12.0,0.0,20260915-COBRIZA-XRD50UFDR-001-B
3781,20260916,40,258,PERFORISTA,12.0,0.0,20260916-COBRIZA-XRD50UFDR-001-A
3782,20260916,40,258,PERFORISTA,12.0,0.0,20260916-COBRIZA-XRD50UFDR-001-B
3783,20260917,40,258,PERFORISTA,12.0,0.0,20260917-COBRIZA-XRD50UFDR-001-A
3784,20260917,40,258,PERFORISTA,12.0,0.0,20260917-COBRIZA-XRD50UFDR-001-B
3785,20260918,40,258,PERFORISTA,12.0,0.0,20260918-COBRIZA-XRD50UFDR-001-A
3786,20260918,40,258,PERFORISTA,12.0,0.0,20260918-COBRIZA-XRD50UFDR-001-B
3787,20260919,40,258,PERFORISTA,12.0,0.0,20260919-COBRIZA-XRD50UFDR-001-A
3788,20260919,40,258,PERFORISTA,12.0,0.0,20260919-COBRIZA-XRD50UFDR-001-B
3789,20260920,40,258,PERFORISTA,12.0,0.0,20260920-COBRIZA-XRD50UFDR-001-A
3790,20260920,40,258,PERFORISTA,12.0,0.0,20260920-COBRIZA-XRD50UFDR-001-B
3791,20260921,40,258,PERFORISTA,12.0,0.0,20260921-COBRIZA-XRD50UFDR-001-A
3792,20260921,40,258,PERFORISTA,12.0,0.0,20260921-COBRIZA-XRD50UFDR-001-B
3793,20260922,40,258,PERFORISTA,12.0,0.0,20260922-COBRIZA-XRD50UFDR-001-A
3794,20260922,40,258,PERFORISTA,12.0,0.0,20260922-COBRIZA-XRD50UFDR-001-B
3795,20260923,40,258,PERFORISTA,12.0,0.0,20260923-COBRIZA-XRD50UFDR-001-A
3796,20260923,40,258,PERFORISTA,12.0,0.0,20260923-COBRIZA-XRD50UFDR-001-B
3797,20260924,40,258,PERFORISTA,12.0,0.0,20260924-COBRIZA-XRD50UFDR-001-A
3798,20260924,40,258,PERFORISTA,12.0,0.0,20260924-COBRIZA-XRD50UFDR-001-B
3799,20260925,40,258,PERFORISTA,12.0,0.0,20260925-COBRIZA-XRD50UFDR-001-A
3800,20260925,40,258,PERFORISTA,12.0,0.0,20260925-COBRIZA-XRD50UFDR-001-B
3801,20260826,34,68,PERFORISTA,12.0,0.0,20260826-COBRIZA-XLM75UFDR-003-A
3802,20260826,34,323,AYUDANTE DE PERFORACION,12.0,0.0,20260826-COBRIZA-XLM75UFDR-003-A
3803,20260826,34,1,AYUDANTE DE PERFORACION,12.0,0.0,20260826-COBRIZA-XLM75UFDR-003-A
3804,20260826,34,34,PERFORISTA,12.0,0.0,20260826-COBRIZA-XLM75UFDR-003-B
3805,20260826,34,361,AYUDANTE DE PERFORACION,12.0,0.0,20260826-COBRIZA-XLM75UFDR-003-B
3806,20260826,34,1,AYUDANTE DE PERFORACION,12.0,0.0,20260826-COBRIZA-XLM75UFDR-003-B
3807,20260827,34,68,PERFORISTA,12.0,0.0,20260827-COBRIZA-XLM75UFDR-003-A
3808,20260827,34,72,AYUDANTE DE PERFORACION,12.0,0.0,20260827-COBRIZA-XLM75UFDR-003-A
3809,20260827,34,1,AYUDANTE DE PERFORACION,12.0,0.0,20260827-COBRIZA-XLM75UFDR-003-A
3810,20260827,34,34,PERFORISTA,12.0,0.0,20260827-COBRIZA-XLM75UFDR-003-B
3811,20260827,34,361,AYUDANTE DE PERFORACION,12.0,0.0,20260827-COBRIZA-XLM75UFDR-003-B
3812,20260827,34,1,AYUDANTE DE PERFORACION,12.0,0.0,20260827-COBRIZA-XLM75UFDR-003-B
3813,20260828,34,68,PERFORISTA,12.0,0.0,20260828-COBRIZA-XLM75UFDR-003-A
3814,20260828,34,72,AYUDANTE DE PERFORACION,12.0,0.0,20260828-COBRIZA-XLM75UFDR-003-A
3815,20260828,34,1,AYUDANTE DE PERFORACION,12.0,0.0,20260828-COBRIZA-XLM75UFDR-003-A
3816,20260828,34,34,PERFORISTA,12.0,0.0,20260828-COBRIZA-XLM75UFDR-003-B
3817,20260828,34,361,AYUDANTE DE PERFORACION,12.0,0.0,20260828-COBRIZA-XLM75UFDR-003-B
3818,20260828,34,1,AYUDANTE DE PERFORACION,12.0,0.0,20260828-COBRIZA-XLM75UFDR-003-B
3819,20260829,34,68,PERFORISTA,12.0,0.0,20260829-COBRIZA-XLM75UFDR-003-A
3820,20260829,34,72,AYUDANTE DE PERFORACION,12.0,0.0,20260829-COBRIZA-XLM75UFDR-003-A
3821,20260829,34,1,AYUDANTE DE PERFORACION,12.0,0.0,20260829-COBRIZA-XLM75UFDR-003-A
3822,20260829,34,34,PERFORISTA,12.0,0.0,20260829-COBRIZA-XLM75UFDR-003-B
3823,20260829,34,361,AYUDANTE DE PERFORACION,12.0,0.0,20260829-COBRIZA-XLM75UFDR-003-B
3824,20260829,34,1,AYUDANTE DE PERFORACION,12.0,0.0,20260829-COBRIZA-XLM75UFDR-003-B
3825,20260830,34,68,PERFORISTA,12.0,0.0,20260830-COBRIZA-XLM75UFDR-003-A
3826,20260830,34,72,AYUDANTE DE PERFORACION,12.0,0.0,20260830-COBRIZA-XLM75UFDR-003-A
3827,20260830,34,1,AYUDANTE DE PERFORACION,12.0,0.0,20260830-COBRIZA-XLM75UFDR-003-A
3828,20260830,34,34,PERFORISTA,12.0,0.0,20260830-COBRIZA-XLM75UFDR-003-B
3829,20260830,34,361,AYUDANTE DE PERFORACION,12.0,0.0,20260830-COBRIZA-XLM75UFDR-003-B
3830,20260830,34,1,AYUDANTE DE PERFORACION,12.0,0.0,20260830-COBRIZA-XLM75UFDR-003-B
3831,20260831,34,68,PERFORISTA,12.0,0.0,20260831-COBRIZA-XLM75UFDR-003-A
3832,20260831,34,72,AYUDANTE DE PERFORACION,12.0,0.0,20260831-COBRIZA-XLM75UFDR-003-A
3833,20260831,34,1,AYUDANTE DE PERFORACION,12.0,0.0,20260831-COBRIZA-XLM75UFDR-003-A
3834,20260831,34,34,PERFORISTA,12.0,0.0,20260831-COBRIZA-XLM75UFDR-003-B
3835,20260831,34,361,AYUDANTE DE PERFORACION,12.0,0.0,20260831-COBRIZA-XLM75UFDR-003-B
3836,20260831,34,1,AYUDANTE DE PERFORACION,12.0,0.0,20260831-COBRIZA-XLM75UFDR-003-B
3837,20260901,34,258,PERFORISTA,12.0,0.0,20260901-COBRIZA-XLM75UFDR-003-A
3838,20260901,34,258,PERFORISTA,12.0,0.0,20260901-COBRIZA-XLM75UFDR-003-B
3839,20260902,34,258,PERFORISTA,12.0,0.0,20260902-COBRIZA-XLM75UFDR-003-A
3840,20260902,34,258,PERFORISTA,12.0,0.0,20260902-COBRIZA-XLM75UFDR-003-B
3841,20260903,34,258,PERFORISTA,12.0,0.0,20260903-COBRIZA-XLM75UFDR-003-A
3842,20260903,34,258,PERFORISTA,12.0,0.0,20260903-COBRIZA-XLM75UFDR-003-B
3843,20260904,34,258,PERFORISTA,12.0,0.0,20260904-COBRIZA-XLM75UFDR-003-A
3844,20260904,34,258,PERFORISTA,12.0,0.0,20260904-COBRIZA-XLM75UFDR-003-B
3845,20260905,34,258,PERFORISTA,12.0,0.0,20260905-COBRIZA-XLM75UFDR-003-A
3846,20260905,34,258,PERFORISTA,12.0,0.0,20260905-COBRIZA-XLM75UFDR-003-B
3847,20260906,34,258,PERFORISTA,12.0,0.0,20260906-COBRIZA-XLM75UFDR-003-A
3848,20260906,34,258,PERFORISTA,12.0,0.0,20260906-COBRIZA-XLM75UFDR-003-B
3849,20260907,34,258,PERFORISTA,12.0,0.0,20260907-COBRIZA-XLM75UFDR-003-A
3850,20260907,34,258,PERFORISTA,12.0,0.0,20260907-COBRIZA-XLM75UFDR-003-B
3851,20260908,34,258,PERFORISTA,12.0,0.0,20260908-COBRIZA-XLM75UFDR-003-A
3852,20260908,34,258,PERFORISTA,12.0,0.0,20260908-COBRIZA-XLM75UFDR-003-B
3853,20260909,34,258,PERFORISTA,12.0,0.0,20260909-COBRIZA-XLM75UFDR-003-A
3854,20260909,34,258,PERFORISTA,12.0,0.0,20260909-COBRIZA-XLM75UFDR-003-B
3855,20260910,34,258,PERFORISTA,12.0,0.0,20260910-COBRIZA-XLM75UFDR-003-A
3856,20260910,34,258,PERFORISTA,12.0,0.0,20260910-COBRIZA-XLM75UFDR-003-B
3857,20260911,34,258,PERFORISTA,12.0,0.0,20260911-COBRIZA-XLM75UFDR-003-A
3858,20260911,34,258,PERFORISTA,12.0,0.0,20260911-COBRIZA-XLM75UFDR-003-B
3859,20260912,34,258,PERFORISTA,12.0,0.0,20260912-COBRIZA-XLM75UFDR-003-A
3860,20260912,34,258,PERFORISTA,12.0,0.0,20260912-COBRIZA-XLM75UFDR-003-B
3861,20260913,34,258,PERFORISTA,12.0,0.0,20260913-COBRIZA-XLM75UFDR-003-A
3862,20260913,34,258,PERFORISTA,12.0,0.0,20260913-COBRIZA-XLM75UFDR-003-B
3863,20260914,34,258,PERFORISTA,12.0,0.0,20260914-COBRIZA-XLM75UFDR-003-A
3864,20260914,34,258,PERFORISTA,12.0,0.0,20260914-COBRIZA-XLM75UFDR-003-B
3865,20260915,34,258,PERFORISTA,12.0,0.0,20260915-COBRIZA-XLM75UFDR-003-A
3866,20260915,34,258,PERFORISTA,12.0,0.0,20260915-COBRIZA-XLM75UFDR-003-B
3867,20260916,34,258,PERFORISTA,12.0,0.0,20260916-COBRIZA-XLM75UFDR-003-A
3868,20260916,34,258,PERFORISTA,12.0,0.0,20260916-COBRIZA-XLM75UFDR-003-B
3869,20260917,34,258,PERFORISTA,12.0,0.0,20260917-COBRIZA-XLM75UFDR-003-A
3870,20260917,34,258,PERFORISTA,12.0,0.0,20260917-COBRIZA-XLM75UFDR-003-B
3871,20260918,34,258,PERFORISTA,12.0,0.0,20260918-COBRIZA-XLM75UFDR-003-A
3872,20260918,34,258,PERFORISTA,12.0,0.0,20260918-COBRIZA-XLM75UFDR-003-B
3873,20260919,34,258,PERFORISTA,12.0,0.0,20260919-COBRIZA-XLM75UFDR-003-A
3874,20260919,34,258,PERFORISTA,12.0,0.0,20260919-COBRIZA-XLM75UFDR-003-B
3875,20260920,34,258,PERFORISTA,12.0,0.0,20260920-COBRIZA-XLM75UFDR-003-A
3876,20260920,34,258,PERFORISTA,12.0,0.0,20260920-COBRIZA-XLM75UFDR-003-B
3877,20260921,34,258,PERFORISTA,12.0,0.0,20260921-COBRIZA-XLM75UFDR-003-A
3878,20260921,34,258,PERFORISTA,12.0,0.0,20260921-COBRIZA-XLM75UFDR-003-B
3879,20260922,34,258,PERFORISTA,12.0,0.0,20260922-COBRIZA-XLM75UFDR-003-A
3880,20260922,34,258,PERFORISTA,12.0,0.0,20260922-COBRIZA-XLM75UFDR-003-B
3881,20260923,34,258,PERFORISTA,12.0,0.0,20260923-COBRIZA-XLM75UFDR-003-A
3882,20260923,34,258,PERFORISTA,12.0,0.0,20260923-COBRIZA-XLM75UFDR-003-B
3883,20260924,34,258,PERFORISTA,12.0,0.0,20260924-COBRIZA-XLM75UFDR-003-A
3884,20260924,34,258,PERFORISTA,12.0,0.0,20260924-COBRIZA-XLM75UFDR-003-B
3885,20260925,34,258,PERFORISTA,12.0,0.0,20260925-COBRIZA-XLM75UFDR-003-A
3886,20260925,34,258,PERFORISTA,12.0,0.0,20260925-COBRIZA-XLM75UFDR-003-B
3887,20260826,42,67,PERFORISTA,12.0,0.0,20260826-COBRIZA-XRD80USS-006-A
3888,20260826,42,229,AYUDANTE DE PERFORACION,12.0,0.0,20260826-COBRIZA-XRD80USS-006-A
3889,20260826,42,1,AYUDANTE DE PERFORACION,12.0,0.0,20260826-COBRIZA-XRD80USS-006-A
3890,20260826,42,358,PERFORISTA,12.0,0.0,20260826-COBRIZA-XRD80USS-006-B
3891,20260826,42,48,AYUDANTE DE PERFORACION,12.0,0.0,20260826-COBRIZA-XRD80USS-006-B
3892,20260826,42,181,AYUDANTE DE PERFORACION,12.0,0.0,20260826-COBRIZA-XRD80USS-006-B
3893,20260827,42,67,PERFORISTA,12.0,0.0,20260827-COBRIZA-XRD80USS-006-A
3894,20260827,42,229,AYUDANTE DE PERFORACION,12.0,0.0,20260827-COBRIZA-XRD80USS-006-A
3895,20260827,42,324,AYUDANTE DE PERFORACION,12.0,0.0,20260827-COBRIZA-XRD80USS-006-A
3896,20260827,42,358,PERFORISTA,12.0,0.0,20260827-COBRIZA-XRD80USS-006-B
3897,20260827,42,48,AYUDANTE DE PERFORACION,12.0,0.0,20260827-COBRIZA-XRD80USS-006-B
3898,20260827,42,181,AYUDANTE DE PERFORACION,12.0,0.0,20260827-COBRIZA-XRD80USS-006-B
3899,20260828,42,67,PERFORISTA,12.0,0.0,20260828-COBRIZA-XRD80USS-006-A
3900,20260828,42,229,AYUDANTE DE PERFORACION,12.0,0.0,20260828-COBRIZA-XRD80USS-006-A
3901,20260828,42,324,AYUDANTE DE PERFORACION,12.0,0.0,20260828-COBRIZA-XRD80USS-006-A
3902,20260828,42,358,PERFORISTA,12.0,0.0,20260828-COBRIZA-XRD80USS-006-B
3903,20260828,42,48,AYUDANTE DE PERFORACION,12.0,0.0,20260828-COBRIZA-XRD80USS-006-B
3904,20260828,42,181,AYUDANTE DE PERFORACION,12.0,0.0,20260828-COBRIZA-XRD80USS-006-B
3905,20260829,42,67,PERFORISTA,12.0,0.0,20260829-COBRIZA-XRD80USS-006-A
3906,20260829,42,229,AYUDANTE DE PERFORACION,12.0,0.0,20260829-COBRIZA-XRD80USS-006-A
3907,20260829,42,324,AYUDANTE DE PERFORACION,12.0,0.0,20260829-COBRIZA-XRD80USS-006-A
3908,20260829,42,67,PERFORISTA,12.0,0.0,20260829-COBRIZA-XRD80USS-006-A
3909,20260829,42,87,AYUDANTE DE PERFORACION,12.0,0.0,20260829-COBRIZA-XRD80USS-006-A
3910,20260829,42,324,AYUDANTE DE PERFORACION,12.0,0.0,20260829-COBRIZA-XRD80USS-006-A
3911,20260829,42,358,PERFORISTA,12.0,0.0,20260829-COBRIZA-XRD80USS-006-B
3912,20260829,42,48,AYUDANTE DE PERFORACION,12.0,0.0,20260829-COBRIZA-XRD80USS-006-B
3913,20260829,42,181,AYUDANTE DE PERFORACION,12.0,0.0,20260829-COBRIZA-XRD80USS-006-B
3914,20260830,42,67,PERFORISTA,12.0,0.0,20260830-COBRIZA-XRD80USS-006-A
3915,20260830,42,87,AYUDANTE DE PERFORACION,12.0,0.0,20260830-COBRIZA-XRD80USS-006-A
3916,20260830,42,324,AYUDANTE DE PERFORACION,12.0,0.0,20260830-COBRIZA-XRD80USS-006-A
3917,20260830,42,358,PERFORISTA,12.0,0.0,20260830-COBRIZA-XRD80USS-006-B
3918,20260830,42,48,AYUDANTE DE PERFORACION,12.0,0.0,20260830-COBRIZA-XRD80USS-006-B
3919,20260830,42,181,AYUDANTE DE PERFORACION,12.0,0.0,20260830-COBRIZA-XRD80USS-006-B
3920,20260831,42,67,PERFORISTA,12.0,0.0,20260831-COBRIZA-XRD80USS-006-A
3921,20260831,42,87,AYUDANTE DE PERFORACION,12.0,0.0,20260831-COBRIZA-XRD80USS-006-A
3922,20260831,42,324,AYUDANTE DE PERFORACION,12.0,0.0,20260831-COBRIZA-XRD80USS-006-A
3923,20260831,42,358,PERFORISTA,12.0,0.0,20260831-COBRIZA-XRD80USS-006-B
3924,20260831,42,48,AYUDANTE DE PERFORACION,12.0,0.0,20260831-COBRIZA-XRD80USS-006-B
3925,20260831,42,181,AYUDANTE DE PERFORACION,12.0,0.0,20260831-COBRIZA-XRD80USS-006-B
3926,20260901,42,258,PERFORISTA,12.0,0.0,20260901-COBRIZA-XRD80USS-006-A
3927,20260901,42,258,PERFORISTA,12.0,0.0,20260901-COBRIZA-XRD80USS-006-B
3928,20260902,42,258,PERFORISTA,12.0,0.0,20260902-COBRIZA-XRD80USS-006-A
3929,20260902,42,258,PERFORISTA,12.0,0.0,20260902-COBRIZA-XRD80USS-006-B
3930,20260903,42,258,PERFORISTA,12.0,0.0,20260903-COBRIZA-XRD80USS-006-A
3931,20260903,42,258,PERFORISTA,12.0,0.0,20260903-COBRIZA-XRD80USS-006-B
3932,20260904,42,258,PERFORISTA,12.0,0.0,20260904-COBRIZA-XRD80USS-006-A
3933,20260904,42,258,PERFORISTA,12.0,0.0,20260904-COBRIZA-XRD80USS-006-B
3934,20260905,42,258,PERFORISTA,12.0,0.0,20260905-COBRIZA-XRD80USS-006-A
3935,20260905,42,258,PERFORISTA,12.0,0.0,20260905-COBRIZA-XRD80USS-006-B
3936,20260906,42,258,PERFORISTA,12.0,0.0,20260906-COBRIZA-XRD80USS-006-A
3937,20260906,42,258,PERFORISTA,12.0,0.0,20260906-COBRIZA-XRD80USS-006-B
3938,20260907,42,258,PERFORISTA,12.0,0.0,20260907-COBRIZA-XRD80USS-006-A
3939,20260907,42,258,PERFORISTA,12.0,0.0,20260907-COBRIZA-XRD80USS-006-B
3940,20260908,42,258,PERFORISTA,12.0,0.0,20260908-COBRIZA-XRD80USS-006-A
3941,20260908,42,258,PERFORISTA,12.0,0.0,20260908-COBRIZA-XRD80USS-006-B
3942,20260909,42,258,PERFORISTA,12.0,0.0,20260909-COBRIZA-XRD80USS-006-A
3943,20260909,42,258,PERFORISTA,12.0,0.0,20260909-COBRIZA-XRD80USS-006-B
3944,20260910,42,258,PERFORISTA,12.0,0.0,20260910-COBRIZA-XRD80USS-006-A
3945,20260910,42,258,PERFORISTA,12.0,0.0,20260910-COBRIZA-XRD80USS-006-B
3946,20260911,42,258,PERFORISTA,12.0,0.0,20260911-COBRIZA-XRD80USS-006-A
3947,20260911,42,258,PERFORISTA,12.0,0.0,20260911-COBRIZA-XRD80USS-006-B
3948,20260912,42,258,PERFORISTA,12.0,0.0,20260912-COBRIZA-XRD80USS-006-A
3949,20260912,42,258,PERFORISTA,12.0,0.0,20260912-COBRIZA-XRD80USS-006-B
3950,20260913,42,258,PERFORISTA,12.0,0.0,20260913-COBRIZA-XRD80USS-006-A
3951,20260913,42,258,PERFORISTA,12.0,0.0,20260913-COBRIZA-XRD80USS-006-B
3952,20260914,42,258,PERFORISTA,12.0,0.0,20260914-COBRIZA-XRD80USS-006-A
3953,20260914,42,258,PERFORISTA,12.0,0.0,20260914-COBRIZA-XRD80USS-006-B
3954,20260915,42,258,PERFORISTA,12.0,0.0,20260915-COBRIZA-XRD80USS-006-A
3955,20260915,42,258,PERFORISTA,12.0,0.0,20260915-COBRIZA-XRD80USS-006-B
3956,20260916,42,258,PERFORISTA,12.0,0.0,20260916-COBRIZA-XRD80USS-006-A
3957,20260916,42,258,PERFORISTA,12.0,0.0,20260916-COBRIZA-XRD80USS-006-B
3958,20260917,42,258,PERFORISTA,12.0,0.0,20260917-COBRIZA-XRD80USS-006-A
3959,20260917,42,258,PERFORISTA,12.0,0.0,20260917-COBRIZA-XRD80USS-006-B
3960,20260918,42,258,PERFORISTA,12.0,0.0,20260918-COBRIZA-XRD80USS-006-A
3961,20260918,42,258,PERFORISTA,12.0,0.0,20260918-COBRIZA-XRD80USS-006-B
3962,20260919,42,258,PERFORISTA,12.0,0.0,20260919-COBRIZA-XRD80USS-006-A
3963,20260919,42,258,PERFORISTA,12.0,0.0,20260919-COBRIZA-XRD80USS-006-B
3964,20260920,42,258,PERFORISTA,12.0,0.0,20260920-COBRIZA-XRD80USS-006-A
3965,20260920,42,258,PERFORISTA,12.0,0.0,20260920-COBRIZA-XRD80USS-006-B
3966,20260921,42,258,PERFORISTA,12.0,0.0,20260921-COBRIZA-XRD80USS-006-A
3967,20260921,42,258,PERFORISTA,12.0,0.0,20260921-COBRIZA-XRD80USS-006-B
3968,20260922,42,258,PERFORISTA,12.0,0.0,20260922-COBRIZA-XRD80USS-006-A
3969,20260922,42,258,PERFORISTA,12.0,0.0,20260922-COBRIZA-XRD80USS-006-B
3970,20260923,42,258,PERFORISTA,12.0,0.0,20260923-COBRIZA-XRD80USS-006-A
3971,20260923,42,258,PERFORISTA,12.0,0.0,20260923-COBRIZA-XRD80USS-006-B
3972,20260924,42,258,PERFORISTA,12.0,0.0,20260924-COBRIZA-XRD80USS-006-A
3973,20260924,42,258,PERFORISTA,12.0,0.0,20260924-COBRIZA-XRD80USS-006-B
3974,20260925,42,258,PERFORISTA,12.0,0.0,20260925-COBRIZA-XRD80USS-006-A
3975,20260925,42,258,PERFORISTA,12.0,0.0,20260925-COBRIZA-XRD80USS-006-B
3976,20260826,36,302,PERFORISTA,12.0,0.0,20260826-COBRIZA-XRD125USS-001-A
3977,20260826,36,375,AYUDANTE DE PERFORACION,12.0,0.0,20260826-COBRIZA-XRD125USS-001-A
3978,20260826,36,22,AYUDANTE DE PERFORACION,12.0,0.0,20260826-COBRIZA-XRD125USS-001-A
3979,20260826,36,247,PERFORISTA,12.0,0.0,20260826-COBRIZA-XRD125USS-001-B
3980,20260826,36,252,AYUDANTE DE PERFORACION,12.0,0.0,20260826-COBRIZA-XRD125USS-001-B
3981,20260826,36,89,AYUDANTE DE PERFORACION,12.0,0.0,20260826-COBRIZA-XRD125USS-001-B
3982,20260827,36,302,PERFORISTA,12.0,0.0,20260827-COBRIZA-XRD125USS-001-A
3983,20260827,36,375,AYUDANTE DE PERFORACION,12.0,0.0,20260827-COBRIZA-XRD125USS-001-A
3984,20260827,36,22,AYUDANTE DE PERFORACION,12.0,0.0,20260827-COBRIZA-XRD125USS-001-A
3985,20260827,36,247,PERFORISTA,12.0,0.0,20260827-COBRIZA-XRD125USS-001-B
3986,20260827,36,252,AYUDANTE DE PERFORACION,12.0,0.0,20260827-COBRIZA-XRD125USS-001-B
3987,20260827,36,89,AYUDANTE DE PERFORACION,12.0,0.0,20260827-COBRIZA-XRD125USS-001-B
3988,20260828,36,302,PERFORISTA,12.0,0.0,20260828-COBRIZA-XRD125USS-001-A
3989,20260828,36,375,AYUDANTE DE PERFORACION,12.0,0.0,20260828-COBRIZA-XRD125USS-001-A
3990,20260828,36,22,AYUDANTE DE PERFORACION,12.0,0.0,20260828-COBRIZA-XRD125USS-001-A
3991,20260828,36,247,PERFORISTA,12.0,0.0,20260828-COBRIZA-XRD125USS-001-B
3992,20260828,36,252,AYUDANTE DE PERFORACION,12.0,0.0,20260828-COBRIZA-XRD125USS-001-B
3993,20260828,36,89,AYUDANTE DE PERFORACION,12.0,0.0,20260828-COBRIZA-XRD125USS-001-B
3994,20260829,36,302,PERFORISTA,12.0,0.0,20260829-COBRIZA-XRD125USS-001-A
3995,20260829,36,375,AYUDANTE DE PERFORACION,12.0,0.0,20260829-COBRIZA-XRD125USS-001-A
3996,20260829,36,22,AYUDANTE DE PERFORACION,12.0,0.0,20260829-COBRIZA-XRD125USS-001-A
3997,20260829,36,247,PERFORISTA,12.0,0.0,20260829-COBRIZA-XRD125USS-001-B
3998,20260829,36,252,AYUDANTE DE PERFORACION,12.0,0.0,20260829-COBRIZA-XRD125USS-001-B
3999,20260829,36,89,AYUDANTE DE PERFORACION,12.0,0.0,20260829-COBRIZA-XRD125USS-001-B
4000,20260830,36,302,PERFORISTA,12.0,0.0,20260830-COBRIZA-XRD125USS-001-A
4001,20260830,36,375,AYUDANTE DE PERFORACION,12.0,0.0,20260830-COBRIZA-XRD125USS-001-A
4002,20260830,36,22,AYUDANTE DE PERFORACION,12.0,0.0,20260830-COBRIZA-XRD125USS-001-A
4003,20260830,36,247,PERFORISTA,12.0,0.0,20260830-COBRIZA-XRD125USS-001-B
4004,20260830,36,252,AYUDANTE DE PERFORACION,12.0,0.0,20260830-COBRIZA-XRD125USS-001-B
4005,20260830,36,89,AYUDANTE DE PERFORACION,12.0,0.0,20260830-COBRIZA-XRD125USS-001-B
4006,20260831,36,302,PERFORISTA,12.0,0.0,20260831-COBRIZA-XRD125USS-001-A
4007,20260831,36,375,AYUDANTE DE PERFORACION,12.0,0.0,20260831-COBRIZA-XRD125USS-001-A
4008,20260831,36,22,AYUDANTE DE PERFORACION,12.0,0.0,20260831-COBRIZA-XRD125USS-001-A
4009,20260831,36,247,PERFORISTA,12.0,0.0,20260831-COBRIZA-XRD125USS-001-B
4010,20260831,36,252,AYUDANTE DE PERFORACION,12.0,0.0,20260831-COBRIZA-XRD125USS-001-B
4011,20260831,36,89,AYUDANTE DE PERFORACION,12.0,0.0,20260831-COBRIZA-XRD125USS-001-B
4012,20260901,36,258,PERFORISTA,12.0,0.0,20260901-COBRIZA-XRD125USS-001-A
4013,20260901,36,258,PERFORISTA,12.0,0.0,20260901-COBRIZA-XRD125USS-001-B
4014,20260902,36,258,PERFORISTA,12.0,0.0,20260902-COBRIZA-XRD125USS-001-A
4015,20260902,36,258,PERFORISTA,12.0,0.0,20260902-COBRIZA-XRD125USS-001-B
4016,20260903,36,258,PERFORISTA,12.0,0.0,20260903-COBRIZA-XRD125USS-001-A
4017,20260903,36,258,PERFORISTA,12.0,0.0,20260903-COBRIZA-XRD125USS-001-B
4018,20260904,36,258,PERFORISTA,12.0,0.0,20260904-COBRIZA-XRD125USS-001-A
4019,20260904,36,258,PERFORISTA,12.0,0.0,20260904-COBRIZA-XRD125USS-001-B
4020,20260905,36,258,PERFORISTA,12.0,0.0,20260905-COBRIZA-XRD125USS-001-A
4021,20260905,36,258,PERFORISTA,12.0,0.0,20260905-COBRIZA-XRD125USS-001-B
4022,20260906,36,258,PERFORISTA,12.0,0.0,20260906-COBRIZA-XRD125USS-001-A
4023,20260906,36,258,PERFORISTA,12.0,0.0,20260906-COBRIZA-XRD125USS-001-B
4024,20260907,36,258,PERFORISTA,12.0,0.0,20260907-COBRIZA-XRD125USS-001-A
4025,20260907,36,258,PERFORISTA,12.0,0.0,20260907-COBRIZA-XRD125USS-001-B
4026,20260908,36,258,PERFORISTA,12.0,0.0,20260908-COBRIZA-XRD125USS-001-A
4027,20260908,36,258,PERFORISTA,12.0,0.0,20260908-COBRIZA-XRD125USS-001-B
4028,20260909,36,258,PERFORISTA,12.0,0.0,20260909-COBRIZA-XRD125USS-001-A
4029,20260909,36,258,PERFORISTA,12.0,0.0,20260909-COBRIZA-XRD125USS-001-B
4030,20260910,36,258,PERFORISTA,12.0,0.0,20260910-COBRIZA-XRD125USS-001-A
4031,20260910,36,258,PERFORISTA,12.0,0.0,20260910-COBRIZA-XRD125USS-001-B
4032,20260911,36,258,PERFORISTA,12.0,0.0,20260911-COBRIZA-XRD125USS-001-A
4033,20260911,36,258,PERFORISTA,12.0,0.0,20260911-COBRIZA-XRD125USS-001-B
4034,20260912,36,258,PERFORISTA,12.0,0.0,20260912-COBRIZA-XRD125USS-001-A
4035,20260912,36,258,PERFORISTA,12.0,0.0,20260912-COBRIZA-XRD125USS-001-B
4036,20260913,36,258,PERFORISTA,12.0,0.0,20260913-COBRIZA-XRD125USS-001-A
4037,20260913,36,258,PERFORISTA,12.0,0.0,20260913-COBRIZA-XRD125USS-001-B
4038,20260914,36,258,PERFORISTA,12.0,0.0,20260914-COBRIZA-XRD125USS-001-A
4039,20260914,36,258,PERFORISTA,12.0,0.0,20260914-COBRIZA-XRD125USS-001-B
4040,20260915,36,258,PERFORISTA,12.0,0.0,20260915-COBRIZA-XRD125USS-001-A
4041,20260915,36,258,PERFORISTA,12.0,0.0,20260915-COBRIZA-XRD125USS-001-B
4042,20260916,36,258,PERFORISTA,12.0,0.0,20260916-COBRIZA-XRD125USS-001-A
4043,20260916,36,258,PERFORISTA,12.0,0.0,20260916-COBRIZA-XRD125USS-001-B
4044,20260917,36,258,PERFORISTA,12.0,0.0,20260917-COBRIZA-XRD125USS-001-A
4045,20260917,36,258,PERFORISTA,12.0,0.0,20260917-COBRIZA-XRD125USS-001-B
4046,20260918,36,258,PERFORISTA,12.0,0.0,20260918-COBRIZA-XRD125USS-001-A
4047,20260918,36,258,PERFORISTA,12.0,0.0,20260918-COBRIZA-XRD125USS-001-B
4048,20260919,36,258,PERFORISTA,12.0,0.0,20260919-COBRIZA-XRD125USS-001-A
4049,20260919,36,258,PERFORISTA,12.0,0.0,20260919-COBRIZA-XRD125USS-001-B
4050,20260920,36,258,PERFORISTA,12.0,0.0,20260920-COBRIZA-XRD125USS-001-A
4051,20260920,36,258,PERFORISTA,12.0,0.0,20260920-COBRIZA-XRD125USS-001-B
4052,20260921,36,258,PERFORISTA,12.0,0.0,20260921-COBRIZA-XRD125USS-001-A
4053,20260921,36,258,PERFORISTA,12.0,0.0,20260921-COBRIZA-XRD125USS-001-B
4054,20260922,36,258,PERFORISTA,12.0,0.0,20260922-COBRIZA-XRD125USS-001-A
4055,20260922,36,258,PERFORISTA,12.0,0.0,20260922-COBRIZA-XRD125USS-001-B
4056,20260923,36,258,PERFORISTA,12.0,0.0,20260923-COBRIZA-XRD125USS-001-A
4057,20260923,36,258,PERFORISTA,12.0,0.0,20260923-COBRIZA-XRD125USS-001-B
4058,20260924,36,258,PERFORISTA,12.0,0.0,20260924-COBRIZA-XRD125USS-001-A
4059,20260924,36,258,PERFORISTA,12.0,0.0,20260924-COBRIZA-XRD125USS-001-B
4060,20260925,36,258,PERFORISTA,12.0,0.0,20260925-COBRIZA-XRD125USS-001-A
4061,20260925,36,258,PERFORISTA,12.0,0.0,20260925-COBRIZA-XRD125USS-001-B
4062,20260826,37,208,PERFORISTA,12.0,0.0,20260826-COBRIZA-XRD150U-008-A
4063,20260826,37,88,AYUDANTE DE PERFORACION,12.0,0.0,20260826-COBRIZA-XRD150U-008-A
4064,20260826,37,147,AYUDANTE DE PERFORACION,12.0,0.0,20260826-COBRIZA-XRD150U-008-A
4065,20260826,37,321,PERFORISTA,12.0,0.0,20260826-COBRIZA-XRD150U-008-B
4066,20260826,37,50,AYUDANTE DE PERFORACION,12.0,0.0,20260826-COBRIZA-XRD150U-008-B
4067,20260826,37,190,AYUDANTE DE PERFORACION,12.0,0.0,20260826-COBRIZA-XRD150U-008-B
4068,20260827,37,208,PERFORISTA,12.0,0.0,20260827-COBRIZA-XRD150U-008-A
4069,20260827,37,88,AYUDANTE DE PERFORACION,12.0,0.0,20260827-COBRIZA-XRD150U-008-A
4070,20260827,37,147,AYUDANTE DE PERFORACION,12.0,0.0,20260827-COBRIZA-XRD150U-008-A
4071,20260827,37,321,PERFORISTA,12.0,0.0,20260827-COBRIZA-XRD150U-008-B
4072,20260827,37,50,AYUDANTE DE PERFORACION,12.0,0.0,20260827-COBRIZA-XRD150U-008-B
4073,20260827,37,190,AYUDANTE DE PERFORACION,12.0,0.0,20260827-COBRIZA-XRD150U-008-B
4074,20260828,37,208,PERFORISTA,12.0,0.0,20260828-COBRIZA-XRD150U-008-A
4075,20260828,37,88,AYUDANTE DE PERFORACION,12.0,0.0,20260828-COBRIZA-XRD150U-008-A
4076,20260828,37,147,AYUDANTE DE PERFORACION,12.0,0.0,20260828-COBRIZA-XRD150U-008-A
4077,20260828,37,321,PERFORISTA,12.0,0.0,20260828-COBRIZA-XRD150U-008-B
4078,20260828,37,50,AYUDANTE DE PERFORACION,12.0,0.0,20260828-COBRIZA-XRD150U-008-B
4079,20260828,37,190,AYUDANTE DE PERFORACION,12.0,0.0,20260828-COBRIZA-XRD150U-008-B
4080,20260829,37,208,PERFORISTA,12.0,0.0,20260829-COBRIZA-XRD150U-008-A
4081,20260829,37,88,AYUDANTE DE PERFORACION,12.0,0.0,20260829-COBRIZA-XRD150U-008-A
4082,20260829,37,147,AYUDANTE DE PERFORACION,12.0,0.0,20260829-COBRIZA-XRD150U-008-A
4083,20260829,37,321,PERFORISTA,12.0,0.0,20260829-COBRIZA-XRD150U-008-B
4084,20260829,37,50,AYUDANTE DE PERFORACION,12.0,0.0,20260829-COBRIZA-XRD150U-008-B
4085,20260829,37,190,AYUDANTE DE PERFORACION,12.0,0.0,20260829-COBRIZA-XRD150U-008-B
4086,20260830,37,208,PERFORISTA,12.0,0.0,20260830-COBRIZA-XRD150U-008-A
4087,20260830,37,88,AYUDANTE DE PERFORACION,12.0,0.0,20260830-COBRIZA-XRD150U-008-A
4088,20260830,37,147,AYUDANTE DE PERFORACION,12.0,0.0,20260830-COBRIZA-XRD150U-008-A
4089,20260830,37,321,PERFORISTA,12.0,0.0,20260830-COBRIZA-XRD150U-008-B
4090,20260830,37,50,AYUDANTE DE PERFORACION,12.0,0.0,20260830-COBRIZA-XRD150U-008-B
4091,20260830,37,190,AYUDANTE DE PERFORACION,12.0,0.0,20260830-COBRIZA-XRD150U-008-B
4092,20260831,37,208,PERFORISTA,12.0,0.0,20260831-COBRIZA-XRD150U-008-A
4093,20260831,37,88,AYUDANTE DE PERFORACION,12.0,0.0,20260831-COBRIZA-XRD150U-008-A
4094,20260831,37,147,AYUDANTE DE PERFORACION,12.0,0.0,20260831-COBRIZA-XRD150U-008-A
4095,20260831,37,321,PERFORISTA,12.0,0.0,20260831-COBRIZA-XRD150U-008-B
4096,20260831,37,50,AYUDANTE DE PERFORACION,12.0,0.0,20260831-COBRIZA-XRD150U-008-B
4097,20260831,37,190,AYUDANTE DE PERFORACION,12.0,0.0,20260831-COBRIZA-XRD150U-008-B
4098,20260901,37,258,PERFORISTA,12.0,0.0,20260901-COBRIZA-XRD150U-008-A
4099,20260901,37,258,PERFORISTA,12.0,0.0,20260901-COBRIZA-XRD150U-008-B
4100,20260902,37,258,PERFORISTA,12.0,0.0,20260902-COBRIZA-XRD150U-008-A
4101,20260902,37,258,PERFORISTA,12.0,0.0,20260902-COBRIZA-XRD150U-008-B
4102,20260903,37,258,PERFORISTA,12.0,0.0,20260903-COBRIZA-XRD150U-008-A
4103,20260903,37,258,PERFORISTA,12.0,0.0,20260903-COBRIZA-XRD150U-008-B
4104,20260904,37,258,PERFORISTA,12.0,0.0,20260904-COBRIZA-XRD150U-008-A
4105,20260904,37,258,PERFORISTA,12.0,0.0,20260904-COBRIZA-XRD150U-008-B
4106,20260905,37,258,PERFORISTA,12.0,0.0,20260905-COBRIZA-XRD150U-008-A
4107,20260905,37,258,PERFORISTA,12.0,0.0,20260905-COBRIZA-XRD150U-008-B
4108,20260906,37,258,PERFORISTA,12.0,0.0,20260906-COBRIZA-XRD150U-008-A
4109,20260906,37,258,PERFORISTA,12.0,0.0,20260906-COBRIZA-XRD150U-008-B
4110,20260907,37,258,PERFORISTA,12.0,0.0,20260907-COBRIZA-XRD150U-008-A
4111,20260907,37,258,PERFORISTA,12.0,0.0,20260907-COBRIZA-XRD150U-008-B
4112,20260908,37,258,PERFORISTA,12.0,0.0,20260908-COBRIZA-XRD150U-008-A
4113,20260908,37,258,PERFORISTA,12.0,0.0,20260908-COBRIZA-XRD150U-008-B
4114,20260909,37,258,PERFORISTA,12.0,0.0,20260909-COBRIZA-XRD150U-008-A
4115,20260909,37,258,PERFORISTA,12.0,0.0,20260909-COBRIZA-XRD150U-008-B
4116,20260910,37,258,PERFORISTA,12.0,0.0,20260910-COBRIZA-XRD150U-008-A
4117,20260910,37,258,PERFORISTA,12.0,0.0,20260910-COBRIZA-XRD150U-008-B
4118,20260911,37,258,PERFORISTA,12.0,0.0,20260911-COBRIZA-XRD150U-008-A
4119,20260911,37,258,PERFORISTA,12.0,0.0,20260911-COBRIZA-XRD150U-008-B
4120,20260912,37,258,PERFORISTA,12.0,0.0,20260912-COBRIZA-XRD150U-008-A
4121,20260912,37,258,PERFORISTA,12.0,0.0,20260912-COBRIZA-XRD150U-008-B
4122,20260913,37,258,PERFORISTA,12.0,0.0,20260913-COBRIZA-XRD150U-008-A
4123,20260913,37,258,PERFORISTA,12.0,0.0,20260913-COBRIZA-XRD150U-008-B
4124,20260914,37,258,PERFORISTA,12.0,0.0,20260914-COBRIZA-XRD150U-008-A
4125,20260914,37,258,PERFORISTA,12.0,0.0,20260914-COBRIZA-XRD150U-008-B
4126,20260915,37,258,PERFORISTA,12.0,0.0,20260915-COBRIZA-XRD150U-008-A
4127,20260915,37,258,PERFORISTA,12.0,0.0,20260915-COBRIZA-XRD150U-008-B
4128,20260916,37,258,PERFORISTA,12.0,0.0,20260916-COBRIZA-XRD150U-008-A
4129,20260916,37,258,PERFORISTA,12.0,0.0,20260916-COBRIZA-XRD150U-008-B
4130,20260917,37,258,PERFORISTA,12.0,0.0,20260917-COBRIZA-XRD150U-008-A
4131,20260917,37,258,PERFORISTA,12.0,0.0,20260917-COBRIZA-XRD150U-008-B
4132,20260918,37,258,PERFORISTA,12.0,0.0,20260918-COBRIZA-XRD150U-008-A
4133,20260918,37,258,PERFORISTA,12.0,0.0,20260918-COBRIZA-XRD150U-008-B
4134,20260919,37,258,PERFORISTA,12.0,0.0,20260919-COBRIZA-XRD150U-008-A
4135,20260919,37,258,PERFORISTA,12.0,0.0,20260919-COBRIZA-XRD150U-008-B
4136,20260920,37,258,PERFORISTA,12.0,0.0,20260920-COBRIZA-XRD150U-008-A
4137,20260920,37,258,PERFORISTA,12.0,0.0,20260920-COBRIZA-XRD150U-008-B
4138,20260921,37,258,PERFORISTA,12.0,0.0,20260921-COBRIZA-XRD150U-008-A
4139,20260921,37,258,PERFORISTA,12.0,0.0,20260921-COBRIZA-XRD150U-008-B
4140,20260922,37,258,PERFORISTA,12.0,0.0,20260922-COBRIZA-XRD150U-008-A
4141,20260922,37,258,PERFORISTA,12.0,0.0,20260922-COBRIZA-XRD150U-008-B
4142,20260923,37,258,PERFORISTA,12.0,0.0,20260923-COBRIZA-XRD150U-008-A
4143,20260923,37,258,PERFORISTA,12.0,0.0,20260923-COBRIZA-XRD150U-008-B
4144,20260924,37,258,PERFORISTA,12.0,0.0,20260924-COBRIZA-XRD150U-008-A
4145,20260924,37,258,PERFORISTA,12.0,0.0,20260924-COBRIZA-XRD150U-008-B
4146,20260925,37,258,PERFORISTA,12.0,0.0,20260925-COBRIZA-XRD150U-008-A
4147,20260925,37,258,PERFORISTA,12.0,0.0,20260925-COBRIZA-XRD150U-008-B
4148,20260826,69,291,PERFORISTA,12.0,0.0,20260826-MOROCOCHA-XRD90USS-005-A
4149,20260826,69,299,AYUDANTE DE PERFORACION,12.0,0.0,20260826-MOROCOCHA-XRD90USS-005-A
4150,20260826,69,385,AYUDANTE DE PERFORACION,12.0,0.0,20260826-MOROCOCHA-XRD90USS-005-A
4151,20260826,69,161,PERFORISTA,12.0,0.0,20260826-MOROCOCHA-XRD90USS-005-B
4152,20260826,69,150,AYUDANTE DE PERFORACION,12.0,0.0,20260826-MOROCOCHA-XRD90USS-005-B
4153,20260826,69,219,AYUDANTE DE PERFORACION,12.0,0.0,20260826-MOROCOCHA-XRD90USS-005-B
4154,20260827,69,291,PERFORISTA,12.0,0.0,20260827-MOROCOCHA-XRD90USS-005-A
4155,20260827,69,299,AYUDANTE DE PERFORACION,12.0,0.0,20260827-MOROCOCHA-XRD90USS-005-A
4156,20260827,69,385,AYUDANTE DE PERFORACION,12.0,0.0,20260827-MOROCOCHA-XRD90USS-005-A
4157,20260827,69,130,PERFORISTA,12.0,0.0,20260827-MOROCOCHA-XRD90USS-005-B
4158,20260827,69,130,AYUDANTE DE PERFORACION,12.0,0.0,20260827-MOROCOCHA-XRD90USS-005-B
4159,20260827,69,130,AYUDANTE DE PERFORACION,12.0,0.0,20260827-MOROCOCHA-XRD90USS-005-B
4160,20260828,69,116,PERFORISTA,12.0,0.0,20260828-MOROCOCHA-XRD90USS-005-B
4161,20260828,69,305,AYUDANTE DE PERFORACION,12.0,0.0,20260828-MOROCOCHA-XRD90USS-005-B
4162,20260828,69,79,AYUDANTE DE PERFORACION,12.0,0.0,20260828-MOROCOCHA-XRD90USS-005-B
4163,20260828,69,130,PERFORISTA,12.0,0.0,20260828-MOROCOCHA-XRD90USS-005-B
4164,20260828,69,130,AYUDANTE DE PERFORACION,12.0,0.0,20260828-MOROCOCHA-XRD90USS-005-B
4165,20260828,69,130,AYUDANTE DE PERFORACION,12.0,0.0,20260828-MOROCOCHA-XRD90USS-005-B
4166,20260829,69,155,PERFORISTA,12.0,0.0,20260829-MOROCOCHA-XRD90USS-005-A
4167,20260829,69,305,AYUDANTE DE PERFORACION,12.0,0.0,20260829-MOROCOCHA-XRD90USS-005-A
4168,20260829,69,79,AYUDANTE DE PERFORACION,12.0,0.0,20260829-MOROCOCHA-XRD90USS-005-A
4169,20260829,69,130,PERFORISTA,12.0,0.0,20260829-MOROCOCHA-XRD90USS-005-B
4170,20260829,69,130,AYUDANTE DE PERFORACION,12.0,0.0,20260829-MOROCOCHA-XRD90USS-005-B
4171,20260829,69,130,AYUDANTE DE PERFORACION,12.0,0.0,20260829-MOROCOCHA-XRD90USS-005-B
4172,20260830,69,155,PERFORISTA,12.0,0.0,20260830-MOROCOCHA-XRD90USS-005-A
4173,20260830,69,305,AYUDANTE DE PERFORACION,12.0,0.0,20260830-MOROCOCHA-XRD90USS-005-A
4174,20260830,69,79,AYUDANTE DE PERFORACION,12.0,0.0,20260830-MOROCOCHA-XRD90USS-005-A
4175,20260830,69,130,PERFORISTA,12.0,0.0,20260830-MOROCOCHA-XRD90USS-005-B
4176,20260830,69,130,AYUDANTE DE PERFORACION,12.0,0.0,20260830-MOROCOCHA-XRD90USS-005-B
4177,20260830,69,130,AYUDANTE DE PERFORACION,12.0,0.0,20260830-MOROCOCHA-XRD90USS-005-B
4178,20260831,69,155,PERFORISTA,12.0,0.0,20260831-MOROCOCHA-XRD90USS-005-A
4179,20260831,69,305,AYUDANTE DE PERFORACION,12.0,0.0,20260831-MOROCOCHA-XRD90USS-005-A
4180,20260831,69,79,AYUDANTE DE PERFORACION,12.0,0.0,20260831-MOROCOCHA-XRD90USS-005-A
4181,20260831,69,258,PERFORISTA,12.0,0.0,20260831-MOROCOCHA-XRD90USS-005-B
4182,20260901,69,258,PERFORISTA,12.0,0.0,20260901-MOROCOCHA-XRD90USS-005-A
4183,20260901,69,258,PERFORISTA,12.0,0.0,20260901-MOROCOCHA-XRD90USS-005-B
4184,20260902,69,258,PERFORISTA,12.0,0.0,20260902-MOROCOCHA-XRD90USS-005-A
4185,20260902,69,258,PERFORISTA,12.0,0.0,20260902-MOROCOCHA-XRD90USS-005-B
4186,20260903,69,258,PERFORISTA,12.0,0.0,20260903-MOROCOCHA-XRD90USS-005-A
4187,20260903,69,258,PERFORISTA,12.0,0.0,20260903-MOROCOCHA-XRD90USS-005-B
4188,20260904,69,258,PERFORISTA,12.0,0.0,20260904-MOROCOCHA-XRD90USS-005-A
4189,20260904,69,258,PERFORISTA,12.0,0.0,20260904-MOROCOCHA-XRD90USS-005-B
4190,20260905,69,258,PERFORISTA,12.0,0.0,20260905-MOROCOCHA-XRD90USS-005-A
4191,20260905,69,258,PERFORISTA,12.0,0.0,20260905-MOROCOCHA-XRD90USS-005-B
4192,20260906,69,258,PERFORISTA,12.0,0.0,20260906-MOROCOCHA-XRD90USS-005-A
4193,20260906,69,258,PERFORISTA,12.0,0.0,20260906-MOROCOCHA-XRD90USS-005-B
4194,20260907,69,258,PERFORISTA,12.0,0.0,20260907-MOROCOCHA-XRD90USS-005-A
4195,20260907,69,258,PERFORISTA,12.0,0.0,20260907-MOROCOCHA-XRD90USS-005-B
4196,20260908,69,258,PERFORISTA,12.0,0.0,20260908-MOROCOCHA-XRD90USS-005-A
4197,20260908,69,258,PERFORISTA,12.0,0.0,20260908-MOROCOCHA-XRD90USS-005-B
4198,20260909,69,258,PERFORISTA,12.0,0.0,20260909-MOROCOCHA-XRD90USS-005-A
4199,20260909,69,258,PERFORISTA,12.0,0.0,20260909-MOROCOCHA-XRD90USS-005-B
4200,20260910,69,258,PERFORISTA,12.0,0.0,20260910-MOROCOCHA-XRD90USS-005-A
4201,20260910,69,258,PERFORISTA,12.0,0.0,20260910-MOROCOCHA-XRD90USS-005-B
4202,20260911,69,258,PERFORISTA,12.0,0.0,20260911-MOROCOCHA-XRD90USS-005-A
4203,20260911,69,258,PERFORISTA,12.0,0.0,20260911-MOROCOCHA-XRD90USS-005-B
4204,20260912,69,258,PERFORISTA,12.0,0.0,20260912-MOROCOCHA-XRD90USS-005-A
4205,20260912,69,258,PERFORISTA,12.0,0.0,20260912-MOROCOCHA-XRD90USS-005-B
4206,20260913,69,258,PERFORISTA,12.0,0.0,20260913-MOROCOCHA-XRD90USS-005-A
4207,20260913,69,258,PERFORISTA,12.0,0.0,20260913-MOROCOCHA-XRD90USS-005-B
4208,20260914,69,258,PERFORISTA,12.0,0.0,20260914-MOROCOCHA-XRD90USS-005-A
4209,20260914,69,258,PERFORISTA,12.0,0.0,20260914-MOROCOCHA-XRD90USS-005-B
4210,20260915,69,258,PERFORISTA,12.0,0.0,20260915-MOROCOCHA-XRD90USS-005-A
4211,20260915,69,258,PERFORISTA,12.0,0.0,20260915-MOROCOCHA-XRD90USS-005-B
4212,20260916,69,258,PERFORISTA,12.0,0.0,20260916-MOROCOCHA-XRD90USS-005-A
4213,20260916,69,258,PERFORISTA,12.0,0.0,20260916-MOROCOCHA-XRD90USS-005-B
4214,20260917,69,258,PERFORISTA,12.0,0.0,20260917-MOROCOCHA-XRD90USS-005-A
4215,20260917,69,258,PERFORISTA,12.0,0.0,20260917-MOROCOCHA-XRD90USS-005-B
4216,20260918,69,258,PERFORISTA,12.0,0.0,20260918-MOROCOCHA-XRD90USS-005-A
4217,20260918,69,258,PERFORISTA,12.0,0.0,20260918-MOROCOCHA-XRD90USS-005-B
4218,20260919,69,258,PERFORISTA,12.0,0.0,20260919-MOROCOCHA-XRD90USS-005-A
4219,20260919,69,258,PERFORISTA,12.0,0.0,20260919-MOROCOCHA-XRD90USS-005-B
4220,20260920,69,258,PERFORISTA,12.0,0.0,20260920-MOROCOCHA-XRD90USS-005-A
4221,20260920,69,258,PERFORISTA,12.0,0.0,20260920-MOROCOCHA-XRD90USS-005-B
4222,20260921,69,258,PERFORISTA,12.0,0.0,20260921-MOROCOCHA-XRD90USS-005-A
4223,20260921,69,258,PERFORISTA,12.0,0.0,20260921-MOROCOCHA-XRD90USS-005-B
4224,20260922,69,258,PERFORISTA,12.0,0.0,20260922-MOROCOCHA-XRD90USS-005-A
4225,20260922,69,258,PERFORISTA,12.0,0.0,20260922-MOROCOCHA-XRD90USS-005-B
4226,20260923,69,258,PERFORISTA,12.0,0.0,20260923-MOROCOCHA-XRD90USS-005-A
4227,20260923,69,258,PERFORISTA,12.0,0.0,20260923-MOROCOCHA-XRD90USS-005-B
4228,20260924,69,258,PERFORISTA,12.0,0.0,20260924-MOROCOCHA-XRD90USS-005-A
4229,20260924,69,258,PERFORISTA,12.0,0.0,20260924-MOROCOCHA-XRD90USS-005-B
4230,20260925,69,258,PERFORISTA,12.0,0.0,20260925-MOROCOCHA-XRD90USS-005-A
4231,20260925,69,258,PERFORISTA,12.0,0.0,20260925-MOROCOCHA-XRD90USS-005-B
4232,20260826,67,130,PERFORISTA,12.0,0.0,20260826-MOROCOCHA-XRD150USS-002-A
4233,20260826,67,130,AYUDANTE DE PERFORACION,12.0,0.0,20260826-MOROCOCHA-XRD150USS-002-A
4234,20260826,67,130,AYUDANTE DE PERFORACION,12.0,0.0,20260826-MOROCOCHA-XRD150USS-002-A
4235,20260826,67,49,PERFORISTA,12.0,0.0,20260826-MOROCOCHA-XRD150USS-002-B
4236,20260826,67,210,AYUDANTE DE PERFORACION,12.0,0.0,20260826-MOROCOCHA-XRD150USS-002-B
4237,20260826,67,194,AYUDANTE DE PERFORACION,12.0,0.0,20260826-MOROCOCHA-XRD150USS-002-B
4238,20260827,67,130,PERFORISTA,12.0,0.0,20260827-MOROCOCHA-XRD150USS-002-A
4239,20260827,67,130,AYUDANTE DE PERFORACION,12.0,0.0,20260827-MOROCOCHA-XRD150USS-002-A
4240,20260827,67,130,AYUDANTE DE PERFORACION,12.0,0.0,20260827-MOROCOCHA-XRD150USS-002-A
4241,20260827,67,49,PERFORISTA,12.0,0.0,20260827-MOROCOCHA-XRD150USS-002-B
4242,20260827,67,210,AYUDANTE DE PERFORACION,12.0,0.0,20260827-MOROCOCHA-XRD150USS-002-B
4243,20260827,67,194,AYUDANTE DE PERFORACION,12.0,0.0,20260827-MOROCOCHA-XRD150USS-002-B
4244,20260828,67,130,PERFORISTA,12.0,0.0,20260828-MOROCOCHA-XRD150USS-002-A
4245,20260828,67,130,AYUDANTE DE PERFORACION,12.0,0.0,20260828-MOROCOCHA-XRD150USS-002-A
4246,20260828,67,130,AYUDANTE DE PERFORACION,12.0,0.0,20260828-MOROCOCHA-XRD150USS-002-A
4247,20260828,67,292,PERFORISTA,12.0,0.0,20260828-MOROCOCHA-XRD150USS-002-B
4248,20260828,67,300,AYUDANTE DE PERFORACION,12.0,0.0,20260828-MOROCOCHA-XRD150USS-002-B
4249,20260828,67,386,AYUDANTE DE PERFORACION,12.0,0.0,20260828-MOROCOCHA-XRD150USS-002-B
4250,20260829,67,130,PERFORISTA,12.0,0.0,20260829-MOROCOCHA-XRD150USS-002-A
4251,20260829,67,130,AYUDANTE DE PERFORACION,12.0,0.0,20260829-MOROCOCHA-XRD150USS-002-A
4252,20260829,67,130,AYUDANTE DE PERFORACION,12.0,0.0,20260829-MOROCOCHA-XRD150USS-002-A
4253,20260829,67,292,PERFORISTA,12.0,0.0,20260829-MOROCOCHA-XRD150USS-002-B
4254,20260829,67,300,AYUDANTE DE PERFORACION,12.0,0.0,20260829-MOROCOCHA-XRD150USS-002-B
4255,20260829,67,386,AYUDANTE DE PERFORACION,12.0,0.0,20260829-MOROCOCHA-XRD150USS-002-B
4256,20260830,67,258,PERFORISTA,12.0,0.0,20260830-MOROCOCHA-XRD150USS-002-A
4257,20260830,67,292,PERFORISTA,12.0,0.0,20260830-MOROCOCHA-XRD150USS-002-B
4258,20260830,67,300,AYUDANTE DE PERFORACION,12.0,0.0,20260830-MOROCOCHA-XRD150USS-002-B
4259,20260830,67,386,AYUDANTE DE PERFORACION,12.0,0.0,20260830-MOROCOCHA-XRD150USS-002-B
4260,20260831,67,258,PERFORISTA,12.0,0.0,20260831-MOROCOCHA-XRD150USS-002-A
4261,20260831,67,258,PERFORISTA,12.0,0.0,20260831-MOROCOCHA-XRD150USS-002-B
4262,20260901,67,258,PERFORISTA,12.0,0.0,20260901-MOROCOCHA-XRD150USS-002-A
4263,20260901,67,258,PERFORISTA,12.0,0.0,20260901-MOROCOCHA-XRD150USS-002-B
4264,20260902,67,258,PERFORISTA,12.0,0.0,20260902-MOROCOCHA-XRD150USS-002-A
4265,20260902,67,258,PERFORISTA,12.0,0.0,20260902-MOROCOCHA-XRD150USS-002-B
4266,20260903,67,258,PERFORISTA,12.0,0.0,20260903-MOROCOCHA-XRD150USS-002-A
4267,20260903,67,258,PERFORISTA,12.0,0.0,20260903-MOROCOCHA-XRD150USS-002-B
4268,20260904,67,258,PERFORISTA,12.0,0.0,20260904-MOROCOCHA-XRD150USS-002-A
4269,20260904,67,258,PERFORISTA,12.0,0.0,20260904-MOROCOCHA-XRD150USS-002-B
4270,20260905,67,258,PERFORISTA,12.0,0.0,20260905-MOROCOCHA-XRD150USS-002-A
4271,20260905,67,258,PERFORISTA,12.0,0.0,20260905-MOROCOCHA-XRD150USS-002-B
4272,20260906,67,258,PERFORISTA,12.0,0.0,20260906-MOROCOCHA-XRD150USS-002-A
4273,20260906,67,258,PERFORISTA,12.0,0.0,20260906-MOROCOCHA-XRD150USS-002-B
4274,20260907,67,258,PERFORISTA,12.0,0.0,20260907-MOROCOCHA-XRD150USS-002-A
4275,20260907,67,258,PERFORISTA,12.0,0.0,20260907-MOROCOCHA-XRD150USS-002-B
4276,20260908,67,258,PERFORISTA,12.0,0.0,20260908-MOROCOCHA-XRD150USS-002-A
4277,20260908,67,258,PERFORISTA,12.0,0.0,20260908-MOROCOCHA-XRD150USS-002-B
4278,20260909,67,258,PERFORISTA,12.0,0.0,20260909-MOROCOCHA-XRD150USS-002-A
4279,20260909,67,258,PERFORISTA,12.0,0.0,20260909-MOROCOCHA-XRD150USS-002-B
4280,20260910,67,258,PERFORISTA,12.0,0.0,20260910-MOROCOCHA-XRD150USS-002-A
4281,20260910,67,258,PERFORISTA,12.0,0.0,20260910-MOROCOCHA-XRD150USS-002-B
4282,20260911,67,258,PERFORISTA,12.0,0.0,20260911-MOROCOCHA-XRD150USS-002-A
4283,20260911,67,258,PERFORISTA,12.0,0.0,20260911-MOROCOCHA-XRD150USS-002-B
4284,20260912,67,258,PERFORISTA,12.0,0.0,20260912-MOROCOCHA-XRD150USS-002-A
4285,20260912,67,258,PERFORISTA,12.0,0.0,20260912-MOROCOCHA-XRD150USS-002-B
4286,20260913,67,258,PERFORISTA,12.0,0.0,20260913-MOROCOCHA-XRD150USS-002-A
4287,20260913,67,258,PERFORISTA,12.0,0.0,20260913-MOROCOCHA-XRD150USS-002-B
4288,20260914,67,258,PERFORISTA,12.0,0.0,20260914-MOROCOCHA-XRD150USS-002-A
4289,20260914,67,258,PERFORISTA,12.0,0.0,20260914-MOROCOCHA-XRD150USS-002-B
4290,20260915,67,258,PERFORISTA,12.0,0.0,20260915-MOROCOCHA-XRD150USS-002-A
4291,20260915,67,258,PERFORISTA,12.0,0.0,20260915-MOROCOCHA-XRD150USS-002-B
4292,20260916,67,258,PERFORISTA,12.0,0.0,20260916-MOROCOCHA-XRD150USS-002-A
4293,20260916,67,258,PERFORISTA,12.0,0.0,20260916-MOROCOCHA-XRD150USS-002-B
4294,20260917,67,258,PERFORISTA,12.0,0.0,20260917-MOROCOCHA-XRD150USS-002-A
4295,20260917,67,258,PERFORISTA,12.0,0.0,20260917-MOROCOCHA-XRD150USS-002-B
4296,20260918,67,258,PERFORISTA,12.0,0.0,20260918-MOROCOCHA-XRD150USS-002-A
4297,20260918,67,258,PERFORISTA,12.0,0.0,20260918-MOROCOCHA-XRD150USS-002-B
4298,20260919,67,258,PERFORISTA,12.0,0.0,20260919-MOROCOCHA-XRD150USS-002-A
4299,20260919,67,258,PERFORISTA,12.0,0.0,20260919-MOROCOCHA-XRD150USS-002-B
4300,20260920,67,258,PERFORISTA,12.0,0.0,20260920-MOROCOCHA-XRD150USS-002-A
4301,20260920,67,258,PERFORISTA,12.0,0.0,20260920-MOROCOCHA-XRD150USS-002-B
4302,20260921,67,258,PERFORISTA,12.0,0.0,20260921-MOROCOCHA-XRD150USS-002-A
4303,20260921,67,258,PERFORISTA,12.0,0.0,20260921-MOROCOCHA-XRD150USS-002-B
4304,20260922,67,258,PERFORISTA,12.0,0.0,20260922-MOROCOCHA-XRD150USS-002-A
4305,20260922,67,258,PERFORISTA,12.0,0.0,20260922-MOROCOCHA-XRD150USS-002-B
4306,20260923,67,258,PERFORISTA,12.0,0.0,20260923-MOROCOCHA-XRD150USS-002-A
4307,20260923,67,258,PERFORISTA,12.0,0.0,20260923-MOROCOCHA-XRD150USS-002-B
4308,20260924,67,258,PERFORISTA,12.0,0.0,20260924-MOROCOCHA-XRD150USS-002-A
4309,20260924,67,258,PERFORISTA,12.0,0.0,20260924-MOROCOCHA-XRD150USS-002-B
4310,20260925,67,258,PERFORISTA,12.0,0.0,20260925-MOROCOCHA-XRD150USS-002-A
4311,20260925,67,258,PERFORISTA,12.0,0.0,20260925-MOROCOCHA-XRD150USS-002-B
4312,20260826,68,258,PERFORISTA,12.0,0.0,20260826-MOROCOCHA-XRD80USS-011-A
4313,20260826,68,258,PERFORISTA,12.0,0.0,20260826-MOROCOCHA-XRD80USS-011-B
4314,20260827,68,258,PERFORISTA,12.0,0.0,20260827-MOROCOCHA-XRD80USS-011-A
4315,20260827,68,160,PERFORISTA,12.0,0.0,20260827-MOROCOCHA-XRD80USS-011-B
4316,20260827,68,150,AYUDANTE DE PERFORACION,12.0,0.0,20260827-MOROCOCHA-XRD80USS-011-B
4317,20260827,68,219,AYUDANTE DE PERFORACION,12.0,0.0,20260827-MOROCOCHA-XRD80USS-011-B
4318,20260828,68,155,PERFORISTA,12.0,0.0,20260828-MOROCOCHA-XRD80USS-011-A
4319,20260828,68,274,AYUDANTE DE PERFORACION,12.0,0.0,20260828-MOROCOCHA-XRD80USS-011-A
4320,20260828,68,383,AYUDANTE DE PERFORACION,12.0,0.0,20260828-MOROCOCHA-XRD80USS-011-A
4321,20260828,68,258,PERFORISTA,12.0,0.0,20260828-MOROCOCHA-XRD80USS-011-B
4322,20260829,68,258,PERFORISTA,12.0,0.0,20260829-MOROCOCHA-XRD80USS-011-A
4323,20260829,68,116,PERFORISTA,12.0,0.0,20260829-MOROCOCHA-XRD80USS-011-B
4324,20260829,68,101,AYUDANTE DE PERFORACION,12.0,0.0,20260829-MOROCOCHA-XRD80USS-011-B
4325,20260829,68,130,AYUDANTE DE PERFORACION,12.0,0.0,20260829-MOROCOCHA-XRD80USS-011-B
4326,20260830,68,258,PERFORISTA,12.0,0.0,20260830-MOROCOCHA-XRD80USS-011-A
4327,20260830,68,116,PERFORISTA,12.0,0.0,20260830-MOROCOCHA-XRD80USS-011-B
4328,20260830,68,101,AYUDANTE DE PERFORACION,12.0,0.0,20260830-MOROCOCHA-XRD80USS-011-B
4329,20260830,68,130,AYUDANTE DE PERFORACION,12.0,0.0,20260830-MOROCOCHA-XRD80USS-011-B
4330,20260831,68,258,PERFORISTA,12.0,0.0,20260831-MOROCOCHA-XRD80USS-011-A
4331,20260831,68,258,PERFORISTA,12.0,0.0,20260831-MOROCOCHA-XRD80USS-011-B
4332,20260901,68,258,PERFORISTA,12.0,0.0,20260901-MOROCOCHA-XRD80USS-011-A
4333,20260901,68,258,PERFORISTA,12.0,0.0,20260901-MOROCOCHA-XRD80USS-011-B
4334,20260902,68,258,PERFORISTA,12.0,0.0,20260902-MOROCOCHA-XRD80USS-011-A
4335,20260902,68,258,PERFORISTA,12.0,0.0,20260902-MOROCOCHA-XRD80USS-011-B
4336,20260903,68,258,PERFORISTA,12.0,0.0,20260903-MOROCOCHA-XRD80USS-011-A
4337,20260903,68,258,PERFORISTA,12.0,0.0,20260903-MOROCOCHA-XRD80USS-011-B
4338,20260904,68,258,PERFORISTA,12.0,0.0,20260904-MOROCOCHA-XRD80USS-011-A
4339,20260904,68,258,PERFORISTA,12.0,0.0,20260904-MOROCOCHA-XRD80USS-011-B
4340,20260905,68,258,PERFORISTA,12.0,0.0,20260905-MOROCOCHA-XRD80USS-011-A
4341,20260905,68,258,PERFORISTA,12.0,0.0,20260905-MOROCOCHA-XRD80USS-011-B
4342,20260906,68,258,PERFORISTA,12.0,0.0,20260906-MOROCOCHA-XRD80USS-011-A
4343,20260906,68,258,PERFORISTA,12.0,0.0,20260906-MOROCOCHA-XRD80USS-011-B
4344,20260907,68,258,PERFORISTA,12.0,0.0,20260907-MOROCOCHA-XRD80USS-011-A
4345,20260907,68,258,PERFORISTA,12.0,0.0,20260907-MOROCOCHA-XRD80USS-011-B
4346,20260908,68,258,PERFORISTA,12.0,0.0,20260908-MOROCOCHA-XRD80USS-011-A
4347,20260908,68,258,PERFORISTA,12.0,0.0,20260908-MOROCOCHA-XRD80USS-011-B
4348,20260909,68,258,PERFORISTA,12.0,0.0,20260909-MOROCOCHA-XRD80USS-011-A
4349,20260909,68,258,PERFORISTA,12.0,0.0,20260909-MOROCOCHA-XRD80USS-011-B
4350,20260910,68,258,PERFORISTA,12.0,0.0,20260910-MOROCOCHA-XRD80USS-011-A
4351,20260910,68,258,PERFORISTA,12.0,0.0,20260910-MOROCOCHA-XRD80USS-011-B
4352,20260911,68,258,PERFORISTA,12.0,0.0,20260911-MOROCOCHA-XRD80USS-011-A
4353,20260911,68,258,PERFORISTA,12.0,0.0,20260911-MOROCOCHA-XRD80USS-011-B
4354,20260912,68,258,PERFORISTA,12.0,0.0,20260912-MOROCOCHA-XRD80USS-011-A
4355,20260912,68,258,PERFORISTA,12.0,0.0,20260912-MOROCOCHA-XRD80USS-011-B
4356,20260913,68,258,PERFORISTA,12.0,0.0,20260913-MOROCOCHA-XRD80USS-011-A
4357,20260913,68,258,PERFORISTA,12.0,0.0,20260913-MOROCOCHA-XRD80USS-011-B
4358,20260914,68,258,PERFORISTA,12.0,0.0,20260914-MOROCOCHA-XRD80USS-011-A
4359,20260914,68,258,PERFORISTA,12.0,0.0,20260914-MOROCOCHA-XRD80USS-011-B
4360,20260915,68,258,PERFORISTA,12.0,0.0,20260915-MOROCOCHA-XRD80USS-011-A
4361,20260915,68,258,PERFORISTA,12.0,0.0,20260915-MOROCOCHA-XRD80USS-011-B
4362,20260916,68,258,PERFORISTA,12.0,0.0,20260916-MOROCOCHA-XRD80USS-011-A
4363,20260916,68,258,PERFORISTA,12.0,0.0,20260916-MOROCOCHA-XRD80USS-011-B
4364,20260917,68,258,PERFORISTA,12.0,0.0,20260917-MOROCOCHA-XRD80USS-011-A
4365,20260917,68,258,PERFORISTA,12.0,0.0,20260917-MOROCOCHA-XRD80USS-011-B
4366,20260918,68,258,PERFORISTA,12.0,0.0,20260918-MOROCOCHA-XRD80USS-011-A
4367,20260918,68,258,PERFORISTA,12.0,0.0,20260918-MOROCOCHA-XRD80USS-011-B
4368,20260919,68,258,PERFORISTA,12.0,0.0,20260919-MOROCOCHA-XRD80USS-011-A
4369,20260919,68,258,PERFORISTA,12.0,0.0,20260919-MOROCOCHA-XRD80USS-011-B
4370,20260920,68,258,PERFORISTA,12.0,0.0,20260920-MOROCOCHA-XRD80USS-011-A
4371,20260920,68,258,PERFORISTA,12.0,0.0,20260920-MOROCOCHA-XRD80USS-011-B
4372,20260921,68,258,PERFORISTA,12.0,0.0,20260921-MOROCOCHA-XRD80USS-011-A
4373,20260921,68,258,PERFORISTA,12.0,0.0,20260921-MOROCOCHA-XRD80USS-011-B
4374,20260922,68,258,PERFORISTA,12.0,0.0,20260922-MOROCOCHA-XRD80USS-011-A
4375,20260922,68,258,PERFORISTA,12.0,0.0,20260922-MOROCOCHA-XRD80USS-011-B
4376,20260923,68,258,PERFORISTA,12.0,0.0,20260923-MOROCOCHA-XRD80USS-011-A
4377,20260923,68,258,PERFORISTA,12.0,0.0,20260923-MOROCOCHA-XRD80USS-011-B
4378,20260924,68,258,PERFORISTA,12.0,0.0,20260924-MOROCOCHA-XRD80USS-011-A
4379,20260924,68,258,PERFORISTA,12.0,0.0,20260924-MOROCOCHA-XRD80USS-011-B
4380,20260925,68,258,PERFORISTA,12.0,0.0,20260925-MOROCOCHA-XRD80USS-011-A
4381,20260925,68,258,PERFORISTA,12.0,0.0,20260925-MOROCOCHA-XRD80USS-011-B
4382,20260826,18,111,PERFORISTA,12.0,0.0,20260826-CATALINA HUANCA-XRD50U-003-A
4383,20260826,18,237,AYUDANTE DE PERFORACION,12.0,0.0,20260826-CATALINA HUANCA-XRD50U-003-A
4384,20260826,18,1,AYUDANTE DE PERFORACION,12.0,0.0,20260826-CATALINA HUANCA-XRD50U-003-A
4385,20260826,18,78,PERFORISTA,12.0,0.0,20260826-CATALINA HUANCA-XRD50U-003-B
4386,20260826,18,15,AYUDANTE DE PERFORACION,12.0,0.0,20260826-CATALINA HUANCA-XRD50U-003-B
4387,20260826,18,1,AYUDANTE DE PERFORACION,12.0,0.0,20260826-CATALINA HUANCA-XRD50U-003-B
4388,20260827,18,382,PERFORISTA,12.0,0.0,20260827-CATALINA HUANCA-XRD50U-003-A
4389,20260827,18,136,AYUDANTE DE PERFORACION,12.0,0.0,20260827-CATALINA HUANCA-XRD50U-003-A
4390,20260827,18,1,AYUDANTE DE PERFORACION,12.0,0.0,20260827-CATALINA HUANCA-XRD50U-003-A
4391,20260827,18,78,PERFORISTA,12.0,1.0,20260827-CATALINA HUANCA-XRD50U-003-B
4392,20260827,18,15,AYUDANTE DE PERFORACION,12.0,1.0,20260827-CATALINA HUANCA-XRD50U-003-B
4393,20260827,18,1,AYUDANTE DE PERFORACION,12.0,1.0,20260827-CATALINA HUANCA-XRD50U-003-B
4394,20260828,18,382,PERFORISTA,12.0,0.0,20260828-CATALINA HUANCA-XRD50U-003-A
4395,20260828,18,136,AYUDANTE DE PERFORACION,12.0,0.0,20260828-CATALINA HUANCA-XRD50U-003-A
4396,20260828,18,1,AYUDANTE DE PERFORACION,12.0,0.0,20260828-CATALINA HUANCA-XRD50U-003-A
4397,20260828,18,78,PERFORISTA,12.0,0.0,20260828-CATALINA HUANCA-XRD50U-003-B
4398,20260828,18,15,AYUDANTE DE PERFORACION,12.0,0.0,20260828-CATALINA HUANCA-XRD50U-003-B
4399,20260828,18,1,AYUDANTE DE PERFORACION,12.0,0.0,20260828-CATALINA HUANCA-XRD50U-003-B
4400,20260828,18,78,PERFORISTA,12.0,0.0,20260828-CATALINA HUANCA-XRD50U-003-B
4401,20260828,18,15,AYUDANTE DE PERFORACION,12.0,0.0,20260828-CATALINA HUANCA-XRD50U-003-B
4402,20260828,18,1,AYUDANTE DE PERFORACION,12.0,0.0,20260828-CATALINA HUANCA-XRD50U-003-B
4403,20260829,18,382,PERFORISTA,12.0,0.0,20260829-CATALINA HUANCA-XRD50U-003-A
4404,20260829,18,136,AYUDANTE DE PERFORACION,12.0,0.0,20260829-CATALINA HUANCA-XRD50U-003-A
4405,20260829,18,1,AYUDANTE DE PERFORACION,12.0,0.0,20260829-CATALINA HUANCA-XRD50U-003-A
4406,20260829,18,78,PERFORISTA,12.0,0.0,20260829-CATALINA HUANCA-XRD50U-003-B
4407,20260829,18,15,AYUDANTE DE PERFORACION,12.0,0.0,20260829-CATALINA HUANCA-XRD50U-003-B
4408,20260829,18,1,AYUDANTE DE PERFORACION,12.0,0.0,20260829-CATALINA HUANCA-XRD50U-003-B
4409,20260830,18,382,PERFORISTA,12.0,0.0,20260830-CATALINA HUANCA-XRD50U-003-A
4410,20260830,18,136,AYUDANTE DE PERFORACION,12.0,0.0,20260830-CATALINA HUANCA-XRD50U-003-A
4411,20260830,18,1,AYUDANTE DE PERFORACION,12.0,0.0,20260830-CATALINA HUANCA-XRD50U-003-A
4412,20260830,18,78,PERFORISTA,12.0,0.0,20260830-CATALINA HUANCA-XRD50U-003-B
4413,20260830,18,15,AYUDANTE DE PERFORACION,12.0,0.0,20260830-CATALINA HUANCA-XRD50U-003-B
4414,20260830,18,1,AYUDANTE DE PERFORACION,12.0,0.0,20260830-CATALINA HUANCA-XRD50U-003-B
4415,20260831,18,382,PERFORISTA,12.0,1.0,20260831-CATALINA HUANCA-XRD50U-003-A
4416,20260831,18,136,AYUDANTE DE PERFORACION,12.0,1.0,20260831-CATALINA HUANCA-XRD50U-003-A
4417,20260831,18,1,AYUDANTE DE PERFORACION,12.0,1.0,20260831-CATALINA HUANCA-XRD50U-003-A
4418,20260831,18,78,PERFORISTA,12.0,1.0,20260831-CATALINA HUANCA-XRD50U-003-B
4419,20260831,18,15,AYUDANTE DE PERFORACION,12.0,1.0,20260831-CATALINA HUANCA-XRD50U-003-B
4420,20260831,18,1,AYUDANTE DE PERFORACION,12.0,1.0,20260831-CATALINA HUANCA-XRD50U-003-B
4421,20260901,18,258,PERFORISTA,12.0,0.0,20260901-CATALINA HUANCA-XRD50U-003-A
4422,20260901,18,258,PERFORISTA,12.0,0.0,20260901-CATALINA HUANCA-XRD50U-003-B
4423,20260902,18,258,PERFORISTA,12.0,0.0,20260902-CATALINA HUANCA-XRD50U-003-A
4424,20260902,18,258,PERFORISTA,12.0,0.0,20260902-CATALINA HUANCA-XRD50U-003-B
4425,20260903,18,258,PERFORISTA,12.0,0.0,20260903-CATALINA HUANCA-XRD50U-003-A
4426,20260903,18,258,PERFORISTA,12.0,0.0,20260903-CATALINA HUANCA-XRD50U-003-B
4427,20260904,18,258,PERFORISTA,12.0,0.0,20260904-CATALINA HUANCA-XRD50U-003-A
4428,20260904,18,258,PERFORISTA,12.0,0.0,20260904-CATALINA HUANCA-XRD50U-003-B
4429,20260905,18,258,PERFORISTA,12.0,0.0,20260905-CATALINA HUANCA-XRD50U-003-A
4430,20260905,18,258,PERFORISTA,12.0,0.0,20260905-CATALINA HUANCA-XRD50U-003-B
4431,20260906,18,258,PERFORISTA,12.0,0.0,20260906-CATALINA HUANCA-XRD50U-003-A
4432,20260906,18,258,PERFORISTA,12.0,0.0,20260906-CATALINA HUANCA-XRD50U-003-B
4433,20260907,18,258,PERFORISTA,12.0,0.0,20260907-CATALINA HUANCA-XRD50U-003-A
4434,20260907,18,258,PERFORISTA,12.0,0.0,20260907-CATALINA HUANCA-XRD50U-003-B
4435,20260908,18,258,PERFORISTA,12.0,0.0,20260908-CATALINA HUANCA-XRD50U-003-A
4436,20260908,18,258,PERFORISTA,12.0,0.0,20260908-CATALINA HUANCA-XRD50U-003-B
4437,20260909,18,258,PERFORISTA,12.0,0.0,20260909-CATALINA HUANCA-XRD50U-003-A
4438,20260909,18,258,PERFORISTA,12.0,0.0,20260909-CATALINA HUANCA-XRD50U-003-B
4439,20260910,18,258,PERFORISTA,12.0,0.0,20260910-CATALINA HUANCA-XRD50U-003-A
4440,20260910,18,258,PERFORISTA,12.0,0.0,20260910-CATALINA HUANCA-XRD50U-003-B
4441,20260911,18,258,PERFORISTA,12.0,0.0,20260911-CATALINA HUANCA-XRD50U-003-A
4442,20260911,18,258,PERFORISTA,12.0,0.0,20260911-CATALINA HUANCA-XRD50U-003-B
4443,20260912,18,258,PERFORISTA,12.0,0.0,20260912-CATALINA HUANCA-XRD50U-003-A
4444,20260912,18,258,PERFORISTA,12.0,0.0,20260912-CATALINA HUANCA-XRD50U-003-B
4445,20260913,18,258,PERFORISTA,12.0,0.0,20260913-CATALINA HUANCA-XRD50U-003-A
4446,20260913,18,258,PERFORISTA,12.0,0.0,20260913-CATALINA HUANCA-XRD50U-003-B
4447,20260914,18,258,PERFORISTA,12.0,0.0,20260914-CATALINA HUANCA-XRD50U-003-A
4448,20260914,18,258,PERFORISTA,12.0,0.0,20260914-CATALINA HUANCA-XRD50U-003-B
4449,20260915,18,258,PERFORISTA,12.0,0.0,20260915-CATALINA HUANCA-XRD50U-003-A
4450,20260915,18,258,PERFORISTA,12.0,0.0,20260915-CATALINA HUANCA-XRD50U-003-B
4451,20260916,18,258,PERFORISTA,12.0,0.0,20260916-CATALINA HUANCA-XRD50U-003-A
4452,20260916,18,258,PERFORISTA,12.0,0.0,20260916-CATALINA HUANCA-XRD50U-003-B
4453,20260917,18,258,PERFORISTA,12.0,0.0,20260917-CATALINA HUANCA-XRD50U-003-A
4454,20260917,18,258,PERFORISTA,12.0,0.0,20260917-CATALINA HUANCA-XRD50U-003-B
4455,20260918,18,258,PERFORISTA,12.0,0.0,20260918-CATALINA HUANCA-XRD50U-003-A
4456,20260918,18,258,PERFORISTA,12.0,0.0,20260918-CATALINA HUANCA-XRD50U-003-B
4457,20260919,18,258,PERFORISTA,12.0,0.0,20260919-CATALINA HUANCA-XRD50U-003-A
4458,20260919,18,258,PERFORISTA,12.0,0.0,20260919-CATALINA HUANCA-XRD50U-003-B
4459,20260920,18,258,PERFORISTA,12.0,0.0,20260920-CATALINA HUANCA-XRD50U-003-A
4460,20260920,18,258,PERFORISTA,12.0,0.0,20260920-CATALINA HUANCA-XRD50U-003-B
4461,20260921,18,258,PERFORISTA,12.0,0.0,20260921-CATALINA HUANCA-XRD50U-003-A
4462,20260921,18,258,PERFORISTA,12.0,0.0,20260921-CATALINA HUANCA-XRD50U-003-B
4463,20260922,18,258,PERFORISTA,12.0,0.0,20260922-CATALINA HUANCA-XRD50U-003-A
4464,20260922,18,258,PERFORISTA,12.0,0.0,20260922-CATALINA HUANCA-XRD50U-003-B
4465,20260923,18,258,PERFORISTA,12.0,0.0,20260923-CATALINA HUANCA-XRD50U-003-A
4466,20260923,18,258,PERFORISTA,12.0,0.0,20260923-CATALINA HUANCA-XRD50U-003-B
4467,20260924,18,258,PERFORISTA,12.0,0.0,20260924-CATALINA HUANCA-XRD50U-003-A
4468,20260924,18,258,PERFORISTA,12.0,0.0,20260924-CATALINA HUANCA-XRD50U-003-B
4469,20260925,18,258,PERFORISTA,12.0,0.0,20260925-CATALINA HUANCA-XRD50U-003-A
4470,20260925,18,258,PERFORISTA,12.0,0.0,20260925-CATALINA HUANCA-XRD50U-003-B
4471,20260826,19,319,PERFORISTA,12.0,0.0,20260826-CATALINA HUANCA-XRD50USS-004-A
4472,20260826,19,214,AYUDANTE DE PERFORACION,12.0,0.0,20260826-CATALINA HUANCA-XRD50USS-004-A
4473,20260826,19,1,AYUDANTE DE PERFORACION,12.0,0.0,20260826-CATALINA HUANCA-XRD50USS-004-A
4474,20260826,19,92,PERFORISTA,12.0,0.0,20260826-CATALINA HUANCA-XRD50USS-004-B
4475,20260826,19,348,AYUDANTE DE PERFORACION,12.0,0.0,20260826-CATALINA HUANCA-XRD50USS-004-B
4476,20260826,19,1,AYUDANTE DE PERFORACION,12.0,0.0,20260826-CATALINA HUANCA-XRD50USS-004-B
4477,20260827,19,26,PERFORISTA,12.0,0.0,20260827-CATALINA HUANCA-XRD50USS-004-A
4478,20260827,19,303,AYUDANTE DE PERFORACION,12.0,0.0,20260827-CATALINA HUANCA-XRD50USS-004-A
4479,20260827,19,1,AYUDANTE DE PERFORACION,12.0,0.0,20260827-CATALINA HUANCA-XRD50USS-004-A
4480,20260827,19,92,PERFORISTA,12.0,0.0,20260827-CATALINA HUANCA-XRD50USS-004-B
4481,20260827,19,279,AYUDANTE DE PERFORACION,12.0,0.0,20260827-CATALINA HUANCA-XRD50USS-004-B
4482,20260827,19,1,AYUDANTE DE PERFORACION,12.0,0.0,20260827-CATALINA HUANCA-XRD50USS-004-B
4483,20260828,19,26,PERFORISTA,12.0,0.0,20260828-CATALINA HUANCA-XRD50USS-004-A
4484,20260828,19,303,AYUDANTE DE PERFORACION,12.0,0.0,20260828-CATALINA HUANCA-XRD50USS-004-A
4485,20260828,19,1,AYUDANTE DE PERFORACION,12.0,0.0,20260828-CATALINA HUANCA-XRD50USS-004-A
4486,20260828,19,92,PERFORISTA,12.0,0.0,20260828-CATALINA HUANCA-XRD50USS-004-B
4487,20260828,19,1,AYUDANTE DE PERFORACION,12.0,0.0,20260828-CATALINA HUANCA-XRD50USS-004-B
4488,20260828,19,1,AYUDANTE DE PERFORACION,12.0,0.0,20260828-CATALINA HUANCA-XRD50USS-004-B
4489,20260829,19,26,PERFORISTA,12.0,0.0,20260829-CATALINA HUANCA-XRD50USS-004-A
4490,20260829,19,303,AYUDANTE DE PERFORACION,12.0,0.0,20260829-CATALINA HUANCA-XRD50USS-004-A
4491,20260829,19,1,AYUDANTE DE PERFORACION,12.0,0.0,20260829-CATALINA HUANCA-XRD50USS-004-A
4492,20260829,19,92,PERFORISTA,12.0,0.0,20260829-CATALINA HUANCA-XRD50USS-004-B
4493,20260829,19,1,AYUDANTE DE PERFORACION,12.0,0.0,20260829-CATALINA HUANCA-XRD50USS-004-B
4494,20260829,19,1,AYUDANTE DE PERFORACION,12.0,0.0,20260829-CATALINA HUANCA-XRD50USS-004-B
4495,20260830,19,26,PERFORISTA,12.0,0.0,20260830-CATALINA HUANCA-XRD50USS-004-A
4496,20260830,19,303,AYUDANTE DE PERFORACION,12.0,0.0,20260830-CATALINA HUANCA-XRD50USS-004-A
4497,20260830,19,1,AYUDANTE DE PERFORACION,12.0,0.0,20260830-CATALINA HUANCA-XRD50USS-004-A
4498,20260830,19,92,PERFORISTA,12.0,0.0,20260830-CATALINA HUANCA-XRD50USS-004-B
4499,20260830,19,1,AYUDANTE DE PERFORACION,12.0,0.0,20260830-CATALINA HUANCA-XRD50USS-004-B
4500,20260830,19,1,AYUDANTE DE PERFORACION,12.0,0.0,20260830-CATALINA HUANCA-XRD50USS-004-B
4501,20260831,19,26,PERFORISTA,12.0,0.0,20260831-CATALINA HUANCA-XRD50USS-004-A
4502,20260831,19,303,AYUDANTE DE PERFORACION,12.0,0.0,20260831-CATALINA HUANCA-XRD50USS-004-A
4503,20260831,19,1,AYUDANTE DE PERFORACION,12.0,0.0,20260831-CATALINA HUANCA-XRD50USS-004-A
4504,20260831,19,92,PERFORISTA,12.0,0.0,20260831-CATALINA HUANCA-XRD50USS-004-B
4505,20260831,19,349,AYUDANTE DE PERFORACION,12.0,0.0,20260831-CATALINA HUANCA-XRD50USS-004-B
4506,20260831,19,1,AYUDANTE DE PERFORACION,12.0,0.0,20260831-CATALINA HUANCA-XRD50USS-004-B
4507,20260901,19,258,PERFORISTA,12.0,0.0,20260901-CATALINA HUANCA-XRD50USS-004-A
4508,20260901,19,258,PERFORISTA,12.0,0.0,20260901-CATALINA HUANCA-XRD50USS-004-B
4509,20260902,19,258,PERFORISTA,12.0,0.0,20260902-CATALINA HUANCA-XRD50USS-004-A
4510,20260902,19,258,PERFORISTA,12.0,0.0,20260902-CATALINA HUANCA-XRD50USS-004-B
4511,20260903,19,258,PERFORISTA,12.0,0.0,20260903-CATALINA HUANCA-XRD50USS-004-A
4512,20260903,19,258,PERFORISTA,12.0,0.0,20260903-CATALINA HUANCA-XRD50USS-004-B
4513,20260904,19,258,PERFORISTA,12.0,0.0,20260904-CATALINA HUANCA-XRD50USS-004-A
4514,20260904,19,258,PERFORISTA,12.0,0.0,20260904-CATALINA HUANCA-XRD50USS-004-B
4515,20260905,19,258,PERFORISTA,12.0,0.0,20260905-CATALINA HUANCA-XRD50USS-004-A
4516,20260905,19,258,PERFORISTA,12.0,0.0,20260905-CATALINA HUANCA-XRD50USS-004-B
4517,20260906,19,258,PERFORISTA,12.0,0.0,20260906-CATALINA HUANCA-XRD50USS-004-A
4518,20260906,19,258,PERFORISTA,12.0,0.0,20260906-CATALINA HUANCA-XRD50USS-004-B
4519,20260907,19,258,PERFORISTA,12.0,0.0,20260907-CATALINA HUANCA-XRD50USS-004-A
4520,20260907,19,258,PERFORISTA,12.0,0.0,20260907-CATALINA HUANCA-XRD50USS-004-B
4521,20260908,19,258,PERFORISTA,12.0,0.0,20260908-CATALINA HUANCA-XRD50USS-004-A
4522,20260908,19,258,PERFORISTA,12.0,0.0,20260908-CATALINA HUANCA-XRD50USS-004-B
4523,20260909,19,258,PERFORISTA,12.0,0.0,20260909-CATALINA HUANCA-XRD50USS-004-A
4524,20260909,19,258,PERFORISTA,12.0,0.0,20260909-CATALINA HUANCA-XRD50USS-004-B
4525,20260910,19,258,PERFORISTA,12.0,0.0,20260910-CATALINA HUANCA-XRD50USS-004-A
4526,20260910,19,258,PERFORISTA,12.0,0.0,20260910-CATALINA HUANCA-XRD50USS-004-B
4527,20260911,19,258,PERFORISTA,12.0,0.0,20260911-CATALINA HUANCA-XRD50USS-004-A
4528,20260911,19,258,PERFORISTA,12.0,0.0,20260911-CATALINA HUANCA-XRD50USS-004-B
4529,20260912,19,258,PERFORISTA,12.0,0.0,20260912-CATALINA HUANCA-XRD50USS-004-A
4530,20260912,19,258,PERFORISTA,12.0,0.0,20260912-CATALINA HUANCA-XRD50USS-004-B
4531,20260913,19,258,PERFORISTA,12.0,0.0,20260913-CATALINA HUANCA-XRD50USS-004-A
4532,20260913,19,258,PERFORISTA,12.0,0.0,20260913-CATALINA HUANCA-XRD50USS-004-B
4533,20260914,19,258,PERFORISTA,12.0,0.0,20260914-CATALINA HUANCA-XRD50USS-004-A
4534,20260914,19,258,PERFORISTA,12.0,0.0,20260914-CATALINA HUANCA-XRD50USS-004-B
4535,20260915,19,258,PERFORISTA,12.0,0.0,20260915-CATALINA HUANCA-XRD50USS-004-A
4536,20260915,19,258,PERFORISTA,12.0,0.0,20260915-CATALINA HUANCA-XRD50USS-004-B
4537,20260916,19,258,PERFORISTA,12.0,0.0,20260916-CATALINA HUANCA-XRD50USS-004-A
4538,20260916,19,258,PERFORISTA,12.0,0.0,20260916-CATALINA HUANCA-XRD50USS-004-B
4539,20260917,19,258,PERFORISTA,12.0,0.0,20260917-CATALINA HUANCA-XRD50USS-004-A
4540,20260917,19,258,PERFORISTA,12.0,0.0,20260917-CATALINA HUANCA-XRD50USS-004-B
4541,20260918,19,258,PERFORISTA,12.0,0.0,20260918-CATALINA HUANCA-XRD50USS-004-A
4542,20260918,19,258,PERFORISTA,12.0,0.0,20260918-CATALINA HUANCA-XRD50USS-004-B
4543,20260919,19,258,PERFORISTA,12.0,0.0,20260919-CATALINA HUANCA-XRD50USS-004-A
4544,20260919,19,258,PERFORISTA,12.0,0.0,20260919-CATALINA HUANCA-XRD50USS-004-B
4545,20260920,19,258,PERFORISTA,12.0,0.0,20260920-CATALINA HUANCA-XRD50USS-004-A
4546,20260920,19,258,PERFORISTA,12.0,0.0,20260920-CATALINA HUANCA-XRD50USS-004-B
4547,20260921,19,258,PERFORISTA,12.0,0.0,20260921-CATALINA HUANCA-XRD50USS-004-A
4548,20260921,19,258,PERFORISTA,12.0,0.0,20260921-CATALINA HUANCA-XRD50USS-004-B
4549,20260922,19,258,PERFORISTA,12.0,0.0,20260922-CATALINA HUANCA-XRD50USS-004-A
4550,20260922,19,258,PERFORISTA,12.0,0.0,20260922-CATALINA HUANCA-XRD50USS-004-B
4551,20260923,19,258,PERFORISTA,12.0,0.0,20260923-CATALINA HUANCA-XRD50USS-004-A
4552,20260923,19,258,PERFORISTA,12.0,0.0,20260923-CATALINA HUANCA-XRD50USS-004-B
4553,20260924,19,258,PERFORISTA,12.0,0.0,20260924-CATALINA HUANCA-XRD50USS-004-A
4554,20260924,19,258,PERFORISTA,12.0,0.0,20260924-CATALINA HUANCA-XRD50USS-004-B
4555,20260925,19,258,PERFORISTA,12.0,0.0,20260925-CATALINA HUANCA-XRD50USS-004-A
4556,20260925,19,258,PERFORISTA,12.0,0.0,20260925-CATALINA HUANCA-XRD50USS-004-B
4557,20260826,14,330,PERFORISTA,12.0,0.0,20260826-CATALINA HUANCA-XRD100U-001-A
4558,20260826,14,175,AYUDANTE DE PERFORACION,12.0,0.0,20260826-CATALINA HUANCA-XRD100U-001-A
4559,20260826,14,1,AYUDANTE DE PERFORACION,12.0,0.0,20260826-CATALINA HUANCA-XRD100U-001-A
4560,20260826,14,343,PERFORISTA,12.0,0.0,20260826-CATALINA HUANCA-XRD100U-001-B
4561,20260826,14,359,AYUDANTE DE PERFORACION,12.0,0.0,20260826-CATALINA HUANCA-XRD100U-001-B
4562,20260826,14,1,AYUDANTE DE PERFORACION,12.0,0.0,20260826-CATALINA HUANCA-XRD100U-001-B
4563,20260827,14,396,PERFORISTA,12.0,0.0,20260827-CATALINA HUANCA-XRD100U-001-A
4564,20260827,14,296,AYUDANTE DE PERFORACION,12.0,0.0,20260827-CATALINA HUANCA-XRD100U-001-A
4565,20260827,14,1,AYUDANTE DE PERFORACION,12.0,0.0,20260827-CATALINA HUANCA-XRD100U-001-A
4566,20260827,14,343,PERFORISTA,12.0,0.0,20260827-CATALINA HUANCA-XRD100U-001-B
4567,20260827,14,359,AYUDANTE DE PERFORACION,12.0,0.0,20260827-CATALINA HUANCA-XRD100U-001-B
4568,20260827,14,1,AYUDANTE DE PERFORACION,12.0,0.0,20260827-CATALINA HUANCA-XRD100U-001-B
4569,20260828,14,396,PERFORISTA,12.0,0.0,20260828-CATALINA HUANCA-XRD100U-001-A
4570,20260828,14,296,AYUDANTE DE PERFORACION,12.0,0.0,20260828-CATALINA HUANCA-XRD100U-001-A
4571,20260828,14,1,AYUDANTE DE PERFORACION,12.0,0.0,20260828-CATALINA HUANCA-XRD100U-001-A
4572,20260828,14,343,PERFORISTA,12.0,0.0,20260828-CATALINA HUANCA-XRD100U-001-B
4573,20260828,14,359,AYUDANTE DE PERFORACION,12.0,0.0,20260828-CATALINA HUANCA-XRD100U-001-B
4574,20260828,14,92,AYUDANTE DE PERFORACION,12.0,0.0,20260828-CATALINA HUANCA-XRD100U-001-B
4575,20260829,14,396,PERFORISTA,12.0,0.0,20260829-CATALINA HUANCA-XRD100U-001-A
4576,20260829,14,296,AYUDANTE DE PERFORACION,12.0,0.0,20260829-CATALINA HUANCA-XRD100U-001-A
4577,20260829,14,1,AYUDANTE DE PERFORACION,12.0,0.0,20260829-CATALINA HUANCA-XRD100U-001-A
4578,20260829,14,343,PERFORISTA,12.0,1.0,20260829-CATALINA HUANCA-XRD100U-001-B
4579,20260829,14,359,AYUDANTE DE PERFORACION,12.0,1.0,20260829-CATALINA HUANCA-XRD100U-001-B
4580,20260829,14,1,AYUDANTE DE PERFORACION,12.0,1.0,20260829-CATALINA HUANCA-XRD100U-001-B
4581,20260830,14,396,PERFORISTA,12.0,0.0,20260830-CATALINA HUANCA-XRD100U-001-A
4582,20260830,14,296,AYUDANTE DE PERFORACION,12.0,0.0,20260830-CATALINA HUANCA-XRD100U-001-A
4583,20260830,14,1,AYUDANTE DE PERFORACION,12.0,0.0,20260830-CATALINA HUANCA-XRD100U-001-A
4584,20260830,14,343,PERFORISTA,12.0,0.0,20260830-CATALINA HUANCA-XRD100U-001-B
4585,20260830,14,359,AYUDANTE DE PERFORACION,12.0,0.0,20260830-CATALINA HUANCA-XRD100U-001-B
4586,20260830,14,1,AYUDANTE DE PERFORACION,12.0,0.0,20260830-CATALINA HUANCA-XRD100U-001-B
4587,20260831,14,396,PERFORISTA,12.0,0.0,20260831-CATALINA HUANCA-XRD100U-001-A
4588,20260831,14,296,AYUDANTE DE PERFORACION,12.0,0.0,20260831-CATALINA HUANCA-XRD100U-001-A
4589,20260831,14,1,AYUDANTE DE PERFORACION,12.0,0.0,20260831-CATALINA HUANCA-XRD100U-001-A
4590,20260831,14,396,PERFORISTA,12.0,0.0,20260831-CATALINA HUANCA-XRD100U-001-A
4591,20260831,14,296,AYUDANTE DE PERFORACION,12.0,0.0,20260831-CATALINA HUANCA-XRD100U-001-A
4592,20260831,14,1,AYUDANTE DE PERFORACION,12.0,0.0,20260831-CATALINA HUANCA-XRD100U-001-A
4593,20260831,14,343,PERFORISTA,12.0,0.0,20260831-CATALINA HUANCA-XRD100U-001-B
4594,20260831,14,359,AYUDANTE DE PERFORACION,12.0,0.0,20260831-CATALINA HUANCA-XRD100U-001-B
4595,20260831,14,1,AYUDANTE DE PERFORACION,12.0,0.0,20260831-CATALINA HUANCA-XRD100U-001-B
4596,20260831,14,343,PERFORISTA,12.0,0.0,20260831-CATALINA HUANCA-XRD100U-001-B
4597,20260831,14,359,AYUDANTE DE PERFORACION,12.0,0.0,20260831-CATALINA HUANCA-XRD100U-001-B
4598,20260831,14,1,AYUDANTE DE PERFORACION,12.0,0.0,20260831-CATALINA HUANCA-XRD100U-001-B
4599,20260901,14,258,PERFORISTA,12.0,0.0,20260901-CATALINA HUANCA-XRD100U-001-A
4600,20260901,14,258,PERFORISTA,12.0,0.0,20260901-CATALINA HUANCA-XRD100U-001-B
4601,20260902,14,258,PERFORISTA,12.0,0.0,20260902-CATALINA HUANCA-XRD100U-001-A
4602,20260902,14,258,PERFORISTA,12.0,0.0,20260902-CATALINA HUANCA-XRD100U-001-B
4603,20260903,14,258,PERFORISTA,12.0,0.0,20260903-CATALINA HUANCA-XRD100U-001-A
4604,20260903,14,258,PERFORISTA,12.0,0.0,20260903-CATALINA HUANCA-XRD100U-001-B
4605,20260904,14,258,PERFORISTA,12.0,0.0,20260904-CATALINA HUANCA-XRD100U-001-A
4606,20260904,14,258,PERFORISTA,12.0,0.0,20260904-CATALINA HUANCA-XRD100U-001-B
4607,20260905,14,258,PERFORISTA,12.0,0.0,20260905-CATALINA HUANCA-XRD100U-001-A
4608,20260905,14,258,PERFORISTA,12.0,0.0,20260905-CATALINA HUANCA-XRD100U-001-B
4609,20260906,14,258,PERFORISTA,12.0,0.0,20260906-CATALINA HUANCA-XRD100U-001-A
4610,20260906,14,258,PERFORISTA,12.0,0.0,20260906-CATALINA HUANCA-XRD100U-001-B
4611,20260907,14,258,PERFORISTA,12.0,0.0,20260907-CATALINA HUANCA-XRD100U-001-A
4612,20260907,14,258,PERFORISTA,12.0,0.0,20260907-CATALINA HUANCA-XRD100U-001-B
4613,20260908,14,258,PERFORISTA,12.0,0.0,20260908-CATALINA HUANCA-XRD100U-001-A
4614,20260908,14,258,PERFORISTA,12.0,0.0,20260908-CATALINA HUANCA-XRD100U-001-B
4615,20260909,14,258,PERFORISTA,12.0,0.0,20260909-CATALINA HUANCA-XRD100U-001-A
4616,20260909,14,258,PERFORISTA,12.0,0.0,20260909-CATALINA HUANCA-XRD100U-001-B
4617,20260910,14,258,PERFORISTA,12.0,0.0,20260910-CATALINA HUANCA-XRD100U-001-A
4618,20260910,14,258,PERFORISTA,12.0,0.0,20260910-CATALINA HUANCA-XRD100U-001-B
4619,20260911,14,258,PERFORISTA,12.0,0.0,20260911-CATALINA HUANCA-XRD100U-001-A
4620,20260911,14,258,PERFORISTA,12.0,0.0,20260911-CATALINA HUANCA-XRD100U-001-B
4621,20260912,14,258,PERFORISTA,12.0,0.0,20260912-CATALINA HUANCA-XRD100U-001-A
4622,20260912,14,258,PERFORISTA,12.0,0.0,20260912-CATALINA HUANCA-XRD100U-001-B
4623,20260913,14,258,PERFORISTA,12.0,0.0,20260913-CATALINA HUANCA-XRD100U-001-A
4624,20260913,14,258,PERFORISTA,12.0,0.0,20260913-CATALINA HUANCA-XRD100U-001-B
4625,20260914,14,258,PERFORISTA,12.0,0.0,20260914-CATALINA HUANCA-XRD100U-001-A
4626,20260914,14,258,PERFORISTA,12.0,0.0,20260914-CATALINA HUANCA-XRD100U-001-B
4627,20260915,14,258,PERFORISTA,12.0,0.0,20260915-CATALINA HUANCA-XRD100U-001-A
4628,20260915,14,258,PERFORISTA,12.0,0.0,20260915-CATALINA HUANCA-XRD100U-001-B
4629,20260916,14,258,PERFORISTA,12.0,0.0,20260916-CATALINA HUANCA-XRD100U-001-A
4630,20260916,14,258,PERFORISTA,12.0,0.0,20260916-CATALINA HUANCA-XRD100U-001-B
4631,20260917,14,258,PERFORISTA,12.0,0.0,20260917-CATALINA HUANCA-XRD100U-001-A
4632,20260917,14,258,PERFORISTA,12.0,0.0,20260917-CATALINA HUANCA-XRD100U-001-B
4633,20260918,14,258,PERFORISTA,12.0,0.0,20260918-CATALINA HUANCA-XRD100U-001-A
4634,20260918,14,258,PERFORISTA,12.0,0.0,20260918-CATALINA HUANCA-XRD100U-001-B
4635,20260919,14,258,PERFORISTA,12.0,0.0,20260919-CATALINA HUANCA-XRD100U-001-A
4636,20260919,14,258,PERFORISTA,12.0,0.0,20260919-CATALINA HUANCA-XRD100U-001-B
4637,20260920,14,258,PERFORISTA,12.0,0.0,20260920-CATALINA HUANCA-XRD100U-001-A
4638,20260920,14,258,PERFORISTA,12.0,0.0,20260920-CATALINA HUANCA-XRD100U-001-B
4639,20260921,14,258,PERFORISTA,12.0,0.0,20260921-CATALINA HUANCA-XRD100U-001-A
4640,20260921,14,258,PERFORISTA,12.0,0.0,20260921-CATALINA HUANCA-XRD100U-001-B
4641,20260922,14,258,PERFORISTA,12.0,0.0,20260922-CATALINA HUANCA-XRD100U-001-A
4642,20260922,14,258,PERFORISTA,12.0,0.0,20260922-CATALINA HUANCA-XRD100U-001-B
4643,20260923,14,258,PERFORISTA,12.0,0.0,20260923-CATALINA HUANCA-XRD100U-001-A
4644,20260923,14,258,PERFORISTA,12.0,0.0,20260923-CATALINA HUANCA-XRD100U-001-B
4645,20260924,14,258,PERFORISTA,12.0,0.0,20260924-CATALINA HUANCA-XRD100U-001-A
4646,20260924,14,258,PERFORISTA,12.0,0.0,20260924-CATALINA HUANCA-XRD100U-001-B
4647,20260925,14,258,PERFORISTA,12.0,0.0,20260925-CATALINA HUANCA-XRD100U-001-A
4648,20260925,14,258,PERFORISTA,12.0,0.0,20260925-CATALINA HUANCA-XRD100U-001-B
4649,20260826,21,404,PERFORISTA,12.0,0.0,20260826-CATALINA HUANCA-XRD90U-005-A
4650,20260826,21,277,AYUDANTE DE PERFORACION,12.0,0.0,20260826-CATALINA HUANCA-XRD90U-005-A
4651,20260826,21,144,AYUDANTE DE PERFORACION,12.0,0.0,20260826-CATALINA HUANCA-XRD90U-005-A
4652,20260826,21,389,PERFORISTA,12.0,0.0,20260826-CATALINA HUANCA-XRD90U-005-B
4653,20260826,21,104,AYUDANTE DE PERFORACION,12.0,0.0,20260826-CATALINA HUANCA-XRD90U-005-B
4654,20260826,21,278,AYUDANTE DE PERFORACION,12.0,0.0,20260826-CATALINA HUANCA-XRD90U-005-B
4655,20260827,21,74,PERFORISTA,12.0,0.0,20260827-CATALINA HUANCA-XRD90U-005-A
4656,20260827,21,312,AYUDANTE DE PERFORACION,12.0,0.0,20260827-CATALINA HUANCA-XRD90U-005-A
4657,20260827,21,245,AYUDANTE DE PERFORACION,12.0,0.0,20260827-CATALINA HUANCA-XRD90U-005-A
4658,20260827,21,389,PERFORISTA,12.0,0.0,20260827-CATALINA HUANCA-XRD90U-005-B
4659,20260827,21,104,AYUDANTE DE PERFORACION,12.0,0.0,20260827-CATALINA HUANCA-XRD90U-005-B
4660,20260827,21,278,AYUDANTE DE PERFORACION,12.0,0.0,20260827-CATALINA HUANCA-XRD90U-005-B
4661,20260828,21,74,PERFORISTA,12.0,0.0,20260828-CATALINA HUANCA-XRD90U-005-A
4662,20260828,21,312,AYUDANTE DE PERFORACION,12.0,0.0,20260828-CATALINA HUANCA-XRD90U-005-A
4663,20260828,21,245,AYUDANTE DE PERFORACION,12.0,0.0,20260828-CATALINA HUANCA-XRD90U-005-A
4664,20260828,21,389,PERFORISTA,12.0,0.0,20260828-CATALINA HUANCA-XRD90U-005-B
4665,20260828,21,104,AYUDANTE DE PERFORACION,12.0,0.0,20260828-CATALINA HUANCA-XRD90U-005-B
4666,20260828,21,278,AYUDANTE DE PERFORACION,12.0,0.0,20260828-CATALINA HUANCA-XRD90U-005-B
4667,20260829,21,74,PERFORISTA,12.0,0.0,20260829-CATALINA HUANCA-XRD90U-005-A
4668,20260829,21,312,AYUDANTE DE PERFORACION,12.0,0.0,20260829-CATALINA HUANCA-XRD90U-005-A
4669,20260829,21,245,AYUDANTE DE PERFORACION,12.0,0.0,20260829-CATALINA HUANCA-XRD90U-005-A
4670,20260829,21,389,PERFORISTA,12.0,0.0,20260829-CATALINA HUANCA-XRD90U-005-B
4671,20260829,21,104,AYUDANTE DE PERFORACION,12.0,0.0,20260829-CATALINA HUANCA-XRD90U-005-B
4672,20260829,21,278,AYUDANTE DE PERFORACION,12.0,0.0,20260829-CATALINA HUANCA-XRD90U-005-B
4673,20260830,21,74,PERFORISTA,12.0,0.0,20260830-CATALINA HUANCA-XRD90U-005-A
4674,20260830,21,312,AYUDANTE DE PERFORACION,12.0,0.0,20260830-CATALINA HUANCA-XRD90U-005-A
4675,20260830,21,245,AYUDANTE DE PERFORACION,12.0,0.0,20260830-CATALINA HUANCA-XRD90U-005-A
4676,20260830,21,389,PERFORISTA,12.0,0.0,20260830-CATALINA HUANCA-XRD90U-005-B
4677,20260830,21,104,AYUDANTE DE PERFORACION,12.0,0.0,20260830-CATALINA HUANCA-XRD90U-005-B
4678,20260830,21,278,AYUDANTE DE PERFORACION,12.0,0.0,20260830-CATALINA HUANCA-XRD90U-005-B
4679,20260831,21,74,PERFORISTA,12.0,0.0,20260831-CATALINA HUANCA-XRD90U-005-A
4680,20260831,21,312,AYUDANTE DE PERFORACION,12.0,0.0,20260831-CATALINA HUANCA-XRD90U-005-A
4681,20260831,21,245,AYUDANTE DE PERFORACION,12.0,0.0,20260831-CATALINA HUANCA-XRD90U-005-A
4682,20260831,21,389,PERFORISTA,12.0,0.0,20260831-CATALINA HUANCA-XRD90U-005-B
4683,20260831,21,104,AYUDANTE DE PERFORACION,12.0,0.0,20260831-CATALINA HUANCA-XRD90U-005-B
4684,20260831,21,278,AYUDANTE DE PERFORACION,12.0,0.0,20260831-CATALINA HUANCA-XRD90U-005-B
4685,20260901,21,258,PERFORISTA,12.0,0.0,20260901-CATALINA HUANCA-XRD90U-005-A
4686,20260901,21,258,PERFORISTA,12.0,0.0,20260901-CATALINA HUANCA-XRD90U-005-B
4687,20260902,21,258,PERFORISTA,12.0,0.0,20260902-CATALINA HUANCA-XRD90U-005-A
4688,20260902,21,258,PERFORISTA,12.0,0.0,20260902-CATALINA HUANCA-XRD90U-005-B
4689,20260903,21,258,PERFORISTA,12.0,0.0,20260903-CATALINA HUANCA-XRD90U-005-A
4690,20260903,21,258,PERFORISTA,12.0,0.0,20260903-CATALINA HUANCA-XRD90U-005-B
4691,20260904,21,258,PERFORISTA,12.0,0.0,20260904-CATALINA HUANCA-XRD90U-005-A
4692,20260904,21,258,PERFORISTA,12.0,0.0,20260904-CATALINA HUANCA-XRD90U-005-B
4693,20260905,21,258,PERFORISTA,12.0,0.0,20260905-CATALINA HUANCA-XRD90U-005-A
4694,20260905,21,258,PERFORISTA,12.0,0.0,20260905-CATALINA HUANCA-XRD90U-005-B
4695,20260906,21,258,PERFORISTA,12.0,0.0,20260906-CATALINA HUANCA-XRD90U-005-A
4696,20260906,21,258,PERFORISTA,12.0,0.0,20260906-CATALINA HUANCA-XRD90U-005-B
4697,20260907,21,258,PERFORISTA,12.0,0.0,20260907-CATALINA HUANCA-XRD90U-005-A
4698,20260907,21,258,PERFORISTA,12.0,0.0,20260907-CATALINA HUANCA-XRD90U-005-B
4699,20260908,21,258,PERFORISTA,12.0,0.0,20260908-CATALINA HUANCA-XRD90U-005-A
4700,20260908,21,258,PERFORISTA,12.0,0.0,20260908-CATALINA HUANCA-XRD90U-005-B
4701,20260909,21,258,PERFORISTA,12.0,0.0,20260909-CATALINA HUANCA-XRD90U-005-A
4702,20260909,21,258,PERFORISTA,12.0,0.0,20260909-CATALINA HUANCA-XRD90U-005-B
4703,20260910,21,258,PERFORISTA,12.0,0.0,20260910-CATALINA HUANCA-XRD90U-005-A
4704,20260910,21,258,PERFORISTA,12.0,0.0,20260910-CATALINA HUANCA-XRD90U-005-B
4705,20260911,21,258,PERFORISTA,12.0,0.0,20260911-CATALINA HUANCA-XRD90U-005-A
4706,20260911,21,258,PERFORISTA,12.0,0.0,20260911-CATALINA HUANCA-XRD90U-005-B
4707,20260912,21,258,PERFORISTA,12.0,0.0,20260912-CATALINA HUANCA-XRD90U-005-A
4708,20260912,21,258,PERFORISTA,12.0,0.0,20260912-CATALINA HUANCA-XRD90U-005-B
4709,20260913,21,258,PERFORISTA,12.0,0.0,20260913-CATALINA HUANCA-XRD90U-005-A
4710,20260913,21,258,PERFORISTA,12.0,0.0,20260913-CATALINA HUANCA-XRD90U-005-B
4711,20260914,21,258,PERFORISTA,12.0,0.0,20260914-CATALINA HUANCA-XRD90U-005-A
4712,20260914,21,258,PERFORISTA,12.0,0.0,20260914-CATALINA HUANCA-XRD90U-005-B
4713,20260915,21,258,PERFORISTA,12.0,0.0,20260915-CATALINA HUANCA-XRD90U-005-A
4714,20260915,21,258,PERFORISTA,12.0,0.0,20260915-CATALINA HUANCA-XRD90U-005-B
4715,20260916,21,258,PERFORISTA,12.0,0.0,20260916-CATALINA HUANCA-XRD90U-005-A
4716,20260916,21,258,PERFORISTA,12.0,0.0,20260916-CATALINA HUANCA-XRD90U-005-B
4717,20260917,21,258,PERFORISTA,12.0,0.0,20260917-CATALINA HUANCA-XRD90U-005-A
4718,20260917,21,258,PERFORISTA,12.0,0.0,20260917-CATALINA HUANCA-XRD90U-005-B
4719,20260918,21,258,PERFORISTA,12.0,0.0,20260918-CATALINA HUANCA-XRD90U-005-A
4720,20260918,21,258,PERFORISTA,12.0,0.0,20260918-CATALINA HUANCA-XRD90U-005-B
4721,20260919,21,258,PERFORISTA,12.0,0.0,20260919-CATALINA HUANCA-XRD90U-005-A
4722,20260919,21,258,PERFORISTA,12.0,0.0,20260919-CATALINA HUANCA-XRD90U-005-B
4723,20260920,21,258,PERFORISTA,12.0,0.0,20260920-CATALINA HUANCA-XRD90U-005-A
4724,20260920,21,258,PERFORISTA,12.0,0.0,20260920-CATALINA HUANCA-XRD90U-005-B
4725,20260921,21,258,PERFORISTA,12.0,0.0,20260921-CATALINA HUANCA-XRD90U-005-A
4726,20260921,21,258,PERFORISTA,12.0,0.0,20260921-CATALINA HUANCA-XRD90U-005-B
4727,20260922,21,258,PERFORISTA,12.0,0.0,20260922-CATALINA HUANCA-XRD90U-005-A
4728,20260922,21,258,PERFORISTA,12.0,0.0,20260922-CATALINA HUANCA-XRD90U-005-B
4729,20260923,21,258,PERFORISTA,12.0,0.0,20260923-CATALINA HUANCA-XRD90U-005-A
4730,20260923,21,258,PERFORISTA,12.0,0.0,20260923-CATALINA HUANCA-XRD90U-005-B
4731,20260924,21,258,PERFORISTA,12.0,0.0,20260924-CATALINA HUANCA-XRD90U-005-A
4732,20260924,21,258,PERFORISTA,12.0,0.0,20260924-CATALINA HUANCA-XRD90U-005-B
4733,20260925,21,258,PERFORISTA,12.0,0.0,20260925-CATALINA HUANCA-XRD90U-005-A
4734,20260925,21,258,PERFORISTA,12.0,0.0,20260925-CATALINA HUANCA-XRD90U-005-B
4735,20260826,16,243,PERFORISTA,12.0,0.0,20260826-CATALINA HUANCA-XRD125USS-001-A
4736,20260826,16,259,AYUDANTE DE PERFORACION,12.0,0.0,20260826-CATALINA HUANCA-XRD125USS-001-A
4737,20260826,16,71,AYUDANTE DE PERFORACION,12.0,0.0,20260826-CATALINA HUANCA-XRD125USS-001-A
4738,20260826,16,171,PERFORISTA,12.0,0.0,20260826-CATALINA HUANCA-XRD125USS-001-B
4739,20260826,16,1,AYUDANTE DE PERFORACION,12.0,0.0,20260826-CATALINA HUANCA-XRD125USS-001-B
4740,20260826,16,349,AYUDANTE DE PERFORACION,12.0,0.0,20260826-CATALINA HUANCA-XRD125USS-001-B
4741,20260827,16,244,PERFORISTA,12.0,0.0,20260827-CATALINA HUANCA-XRD125USS-001-A
4742,20260827,16,226,AYUDANTE DE PERFORACION,12.0,0.0,20260827-CATALINA HUANCA-XRD125USS-001-A
4743,20260827,16,105,AYUDANTE DE PERFORACION,12.0,0.0,20260827-CATALINA HUANCA-XRD125USS-001-A
4744,20260827,16,171,PERFORISTA,12.0,0.0,20260827-CATALINA HUANCA-XRD125USS-001-B
4745,20260827,16,104,AYUDANTE DE PERFORACION,12.0,0.0,20260827-CATALINA HUANCA-XRD125USS-001-B
4746,20260827,16,349,AYUDANTE DE PERFORACION,12.0,0.0,20260827-CATALINA HUANCA-XRD125USS-001-B
4747,20260828,16,244,PERFORISTA,12.0,0.0,20260828-CATALINA HUANCA-XRD125USS-001-A
4748,20260828,16,226,AYUDANTE DE PERFORACION,12.0,0.0,20260828-CATALINA HUANCA-XRD125USS-001-A
4749,20260828,16,105,AYUDANTE DE PERFORACION,12.0,0.0,20260828-CATALINA HUANCA-XRD125USS-001-A
4750,20260828,16,171,PERFORISTA,12.0,0.0,20260828-CATALINA HUANCA-XRD125USS-001-B
4751,20260828,16,1,AYUDANTE DE PERFORACION,12.0,0.0,20260828-CATALINA HUANCA-XRD125USS-001-B
4752,20260828,16,349,AYUDANTE DE PERFORACION,12.0,0.0,20260828-CATALINA HUANCA-XRD125USS-001-B
4753,20260829,16,244,PERFORISTA,12.0,0.0,20260829-CATALINA HUANCA-XRD125USS-001-A
4754,20260829,16,226,AYUDANTE DE PERFORACION,12.0,0.0,20260829-CATALINA HUANCA-XRD125USS-001-A
4755,20260829,16,105,AYUDANTE DE PERFORACION,12.0,0.0,20260829-CATALINA HUANCA-XRD125USS-001-A
4756,20260829,16,171,PERFORISTA,12.0,0.0,20260829-CATALINA HUANCA-XRD125USS-001-B
4757,20260829,16,1,AYUDANTE DE PERFORACION,12.0,0.0,20260829-CATALINA HUANCA-XRD125USS-001-B
4758,20260829,16,349,AYUDANTE DE PERFORACION,12.0,0.0,20260829-CATALINA HUANCA-XRD125USS-001-B
4759,20260830,16,244,PERFORISTA,12.0,0.0,20260830-CATALINA HUANCA-XRD125USS-001-A
4760,20260830,16,226,AYUDANTE DE PERFORACION,12.0,0.0,20260830-CATALINA HUANCA-XRD125USS-001-A
4761,20260830,16,105,AYUDANTE DE PERFORACION,12.0,0.0,20260830-CATALINA HUANCA-XRD125USS-001-A
4762,20260830,16,171,PERFORISTA,12.0,0.0,20260830-CATALINA HUANCA-XRD125USS-001-B
4763,20260830,16,1,AYUDANTE DE PERFORACION,12.0,0.0,20260830-CATALINA HUANCA-XRD125USS-001-B
4764,20260830,16,349,AYUDANTE DE PERFORACION,12.0,0.0,20260830-CATALINA HUANCA-XRD125USS-001-B
4765,20260831,16,244,PERFORISTA,12.0,0.0,20260831-CATALINA HUANCA-XRD125USS-001-A
4766,20260831,16,226,AYUDANTE DE PERFORACION,12.0,0.0,20260831-CATALINA HUANCA-XRD125USS-001-A
4767,20260831,16,105,AYUDANTE DE PERFORACION,12.0,0.0,20260831-CATALINA HUANCA-XRD125USS-001-A
4768,20260831,16,171,PERFORISTA,12.0,0.0,20260831-CATALINA HUANCA-XRD125USS-001-B
4769,20260831,16,1,AYUDANTE DE PERFORACION,12.0,0.0,20260831-CATALINA HUANCA-XRD125USS-001-B
4770,20260831,16,1,AYUDANTE DE PERFORACION,12.0,0.0,20260831-CATALINA HUANCA-XRD125USS-001-B
4771,20260901,16,258,PERFORISTA,12.0,0.0,20260901-CATALINA HUANCA-XRD125USS-001-A
4772,20260901,16,258,PERFORISTA,12.0,0.0,20260901-CATALINA HUANCA-XRD125USS-001-B
4773,20260902,16,258,PERFORISTA,12.0,0.0,20260902-CATALINA HUANCA-XRD125USS-001-A
4774,20260902,16,258,PERFORISTA,12.0,0.0,20260902-CATALINA HUANCA-XRD125USS-001-B
4775,20260903,16,258,PERFORISTA,12.0,0.0,20260903-CATALINA HUANCA-XRD125USS-001-A
4776,20260903,16,258,PERFORISTA,12.0,0.0,20260903-CATALINA HUANCA-XRD125USS-001-B
4777,20260904,16,258,PERFORISTA,12.0,0.0,20260904-CATALINA HUANCA-XRD125USS-001-A
4778,20260904,16,258,PERFORISTA,12.0,0.0,20260904-CATALINA HUANCA-XRD125USS-001-B
4779,20260905,16,258,PERFORISTA,12.0,0.0,20260905-CATALINA HUANCA-XRD125USS-001-A
4780,20260905,16,258,PERFORISTA,12.0,0.0,20260905-CATALINA HUANCA-XRD125USS-001-B
4781,20260906,16,258,PERFORISTA,12.0,0.0,20260906-CATALINA HUANCA-XRD125USS-001-A
4782,20260906,16,258,PERFORISTA,12.0,0.0,20260906-CATALINA HUANCA-XRD125USS-001-B
4783,20260907,16,258,PERFORISTA,12.0,0.0,20260907-CATALINA HUANCA-XRD125USS-001-A
4784,20260907,16,258,PERFORISTA,12.0,0.0,20260907-CATALINA HUANCA-XRD125USS-001-B
4785,20260908,16,258,PERFORISTA,12.0,0.0,20260908-CATALINA HUANCA-XRD125USS-001-A
4786,20260908,16,258,PERFORISTA,12.0,0.0,20260908-CATALINA HUANCA-XRD125USS-001-B
4787,20260909,16,258,PERFORISTA,12.0,0.0,20260909-CATALINA HUANCA-XRD125USS-001-A
4788,20260909,16,258,PERFORISTA,12.0,0.0,20260909-CATALINA HUANCA-XRD125USS-001-B
4789,20260910,16,258,PERFORISTA,12.0,0.0,20260910-CATALINA HUANCA-XRD125USS-001-A
4790,20260910,16,258,PERFORISTA,12.0,0.0,20260910-CATALINA HUANCA-XRD125USS-001-B
4791,20260911,16,258,PERFORISTA,12.0,0.0,20260911-CATALINA HUANCA-XRD125USS-001-A
4792,20260911,16,258,PERFORISTA,12.0,0.0,20260911-CATALINA HUANCA-XRD125USS-001-B
4793,20260912,16,258,PERFORISTA,12.0,0.0,20260912-CATALINA HUANCA-XRD125USS-001-A
4794,20260912,16,258,PERFORISTA,12.0,0.0,20260912-CATALINA HUANCA-XRD125USS-001-B
4795,20260913,16,258,PERFORISTA,12.0,0.0,20260913-CATALINA HUANCA-XRD125USS-001-A
4796,20260913,16,258,PERFORISTA,12.0,0.0,20260913-CATALINA HUANCA-XRD125USS-001-B
4797,20260914,16,258,PERFORISTA,12.0,0.0,20260914-CATALINA HUANCA-XRD125USS-001-A
4798,20260914,16,258,PERFORISTA,12.0,0.0,20260914-CATALINA HUANCA-XRD125USS-001-B
4799,20260915,16,258,PERFORISTA,12.0,0.0,20260915-CATALINA HUANCA-XRD125USS-001-A
4800,20260915,16,258,PERFORISTA,12.0,0.0,20260915-CATALINA HUANCA-XRD125USS-001-B
4801,20260916,16,258,PERFORISTA,12.0,0.0,20260916-CATALINA HUANCA-XRD125USS-001-A
4802,20260916,16,258,PERFORISTA,12.0,0.0,20260916-CATALINA HUANCA-XRD125USS-001-B
4803,20260917,16,258,PERFORISTA,12.0,0.0,20260917-CATALINA HUANCA-XRD125USS-001-A
4804,20260917,16,258,PERFORISTA,12.0,0.0,20260917-CATALINA HUANCA-XRD125USS-001-B
4805,20260918,16,258,PERFORISTA,12.0,0.0,20260918-CATALINA HUANCA-XRD125USS-001-A
4806,20260918,16,258,PERFORISTA,12.0,0.0,20260918-CATALINA HUANCA-XRD125USS-001-B
4807,20260919,16,258,PERFORISTA,12.0,0.0,20260919-CATALINA HUANCA-XRD125USS-001-A
4808,20260919,16,258,PERFORISTA,12.0,0.0,20260919-CATALINA HUANCA-XRD125USS-001-B
4809,20260920,16,258,PERFORISTA,12.0,0.0,20260920-CATALINA HUANCA-XRD125USS-001-A
4810,20260920,16,258,PERFORISTA,12.0,0.0,20260920-CATALINA HUANCA-XRD125USS-001-B
4811,20260921,16,258,PERFORISTA,12.0,0.0,20260921-CATALINA HUANCA-XRD125USS-001-A
4812,20260921,16,258,PERFORISTA,12.0,0.0,20260921-CATALINA HUANCA-XRD125USS-001-B
4813,20260922,16,258,PERFORISTA,12.0,0.0,20260922-CATALINA HUANCA-XRD125USS-001-A
4814,20260922,16,258,PERFORISTA,12.0,0.0,20260922-CATALINA HUANCA-XRD125USS-001-B
4815,20260923,16,258,PERFORISTA,12.0,0.0,20260923-CATALINA HUANCA-XRD125USS-001-A
4816,20260923,16,258,PERFORISTA,12.0,0.0,20260923-CATALINA HUANCA-XRD125USS-001-B
4817,20260924,16,258,PERFORISTA,12.0,0.0,20260924-CATALINA HUANCA-XRD125USS-001-A
4818,20260924,16,258,PERFORISTA,12.0,0.0,20260924-CATALINA HUANCA-XRD125USS-001-B
4819,20260925,16,258,PERFORISTA,12.0,0.0,20260925-CATALINA HUANCA-XRD125USS-001-A
4820,20260925,16,258,PERFORISTA,12.0,0.0,20260925-CATALINA HUANCA-XRD125USS-001-B
