avance_id,calendario_sk,contrato_sk,equipo_sk,sondaje_sk,perforista_sk,linea_sk,turno_guardia,desde_m,hasta_m,metraje_guardia_m,marca_broca,serie_broca,n_broca,estado_broca,marca_escariador,n_escariador,estado_escariador,casing_metraje_m,reperfo_metraje_m,horometro_delta,petroleo_gln,descripcion_litologica,comentarios_guardia,es_reperforacion,id_clave_unica
1,20260826,2,8,41,207,2,A,30.5,30.5,0.0,NAN,NAN,SIN_NUMERO,NAN,NAN,SIN_NUMERO,NAN,0.0,0.0,0.0,0.0,nan,"Se ingresa a mina se rellena herramientas de gestión, Se aplica PARE por falta de personal.",False,20260826-ANDAYCHAGUA-XRD80USS-010-A
2,20260826,2,8,41,39,2,B,30.5,58.8,28.3,HARDCORE,X10,433044,NUEVO,HARDCORE,190314,USADO,0.0,0.0,0.0,0.0,FILITA,"Se engrasa la maquina y accesorios de perforación, Se descarga barras para cambio de broca, Se carga barras con broca nueva, Se continua la perforación.",False,20260826-ANDAYCHAGUA-XRD80USS-010-B
3,20260827,2,8,41,207,2,A,58.8,58.8,0.0,NAN,NAN,SIN_NUMERO,NAN,NAN,SIN_NUMERO,NAN,0.0,0.0,0.0,0.0,nan,"Se descarga barras para cambio de broca, Se carga y se llega al tope con dificultad, Se continua con la perforación.",False,20260827-ANDAYCHAGUA-XRD80USS-010-A
4,20260827,2,8,41,39,2,B,58.8,79.2,20.4,HARDCORE,X10,433044,USADO,HARDCORE,190314,USADO,0.0,0.0,0.0,0.0,FILITA,"Se desancla la maquina y se mueve al nuevo punto, Se perfora perno central, Se ancla la maquina y se continua con la perforación.",False,20260827-ANDAYCHAGUA-XRD80USS-010-B
5,20260828,2,8,41,135,2,A,79.2,99.4,20.2,HARDCORE,X10,433044,USADO,HARDCORE,190314,USADO,0.0,0.0,5.4,0.0,FILITA FRACTURADO CUARZO,"Se engrasa maquina y cabezales, Se mezcla lodo de acuerdo a la litologia, Se continua con la perforación.",False,20260828-ANDAYCHAGUA-XRD80USS-010-A
6,20260828,2,8,41,207,2,B,99.4,119.5,20.1,HARDCORE,X10,433044,USADO,HARDCORE,190314,USADO,0.0,0.0,0.0,0.0,FILITA FRACTURADO,"Se ingresa a mina, Se continua con la perforación,Se realiza medición reflex.",False,20260828-ANDAYCHAGUA-XRD80USS-010-B
7,20260829,2,8,41,135,2,A,119.5,139.55,20.05,HARDCORE,X10,433044,USADO,HARDCORE,190314,USADO,0.0,0.0,6.12,0.0,FILITA FRACTURADO,"Se engrasa maquina y cabezales, Se mezcla lodo deacuerdo a la litologia,Se continua con la perforación.",False,20260829-ANDAYCHAGUA-XRD80USS-010-A
8,20260829,2,8,41,207,2,B,139.55,152.55,13.0,HARDCORE,X10,433044,USADO,HARDCORE,190314,USADO,0.0,0.0,0.0,0.0,FILITA CON PANIZO,"Se engrasa maquina y se continua con la perforación, Se desraga barras.",False,20260829-ANDAYCHAGUA-XRD80USS-010-B
9,20260830,2,8,41,135,2,A,152.55,152.55,0.0,NAN,NAN,SIN_NUMERO,NAN,NAN,SIN_NUMERO,NAN,0.0,0.0,0.0,0.0,nan,"Se realiza coordinaciones, Se tiene capacitación por parte de Rock Drill, No se ingresa a mina por falta de energia electrica.",False,20260830-ANDAYCHAGUA-XRD80USS-010-A
10,20260830,2,8,41,207,2,B,152.55,172.85,20.3,HARDCORE,X10,433044,USADO,HARDCORE,190314,USADO,0.0,0.0,0.0,0.0,FILITA FRACTURADO,Se engrasa equipo y se continua con la perforación.,False,20260830-ANDAYCHAGUA-XRD80USS-010-B
11,20260831,2,8,41,135,2,A,172.85,186.9,14.05,HARDCORE,X10,433044,USADO,HARDCORE,190314,USADO,0.0,0.0,4.94,0.0,FILITA FRACTURADO CON PANIZO,"Se mezcla lodo de acuerdo a la litologia, Se continua con la perforación con alto torque, tereno filita fracturado.",False,20260831-ANDAYCHAGUA-XRD80USS-010-A
12,20260831,2,8,41,207,2,B,186.9,201.4,14.5,HARDCORE,X10,433044,USADO,HARDCORE,190314,USADO,0.0,0.0,0.0,0.0,FILITA FRACTURADO,"Se descarga barras con dificultad por falla, para cargar broca, Se vuelve a cargar barras, Se ingresa lavando sondaje.",False,20260831-ANDAYCHAGUA-XRD80USS-010-B
13,20260901,2,8,41,258,2,A,0.0,0.0,0.0,NAN,NAN,SIN_NUMERO,NAN,NAN,SIN_NUMERO,NAN,0.0,0.0,0.0,0.0,nan,nan,False,20260901-ANDAYCHAGUA-XRD80USS-010-A
14,20260901,2,8,66,258,2,B,0.0,0.0,0.0,NAN,NAN,SIN_NUMERO,NAN,NAN,SIN_NUMERO,NAN,0.0,0.0,0.0,0.0,nan,nan,False,20260901-ANDAYCHAGUA-XRD80USS-010-B
15,20260902,2,8,66,258,2,A,0.0,0.0,0.0,NAN,NAN,SIN_NUMERO,NAN,NAN,SIN_NUMERO,NAN,0.0,0.0,0.0,0.0,nan,nan,False,20260902-ANDAYCHAGUA-XRD80USS-010-A
16,20260902,2,8,66,258,2,B,0.0,0.0,0.0,NAN,NAN,SIN_NUMERO,NAN,NAN,SIN_NUMERO,NAN,0.0,0.0,0.0,0.0,nan,nan,False,20260902-ANDAYCHAGUA-XRD80USS-010-B
17,20260903,2,8,66,258,2,A,0.0,0.0,0.0,NAN,NAN,SIN_NUMERO,NAN,NAN,SIN_NUMERO,NAN,0.0,0.0,0.0,0.0,nan,nan,False,20260903-ANDAYCHAGUA-XRD80USS-010-A
18,20260903,2,8,66,258,2,B,0.0,0.0,0.0,NAN,NAN,SIN_NUMERO,NAN,NAN,SIN_NUMERO,NAN,0.0,0.0,0.0,0.0,nan,nan,False,20260903-ANDAYCHAGUA-XRD80USS-010-B
19,20260904,2,8,66,258,2,A,0.0,0.0,0.0,NAN,NAN,SIN_NUMERO,NAN,NAN,SIN_NUMERO,NAN,0.0,0.0,0.0,0.0,nan,nan,False,20260904-ANDAYCHAGUA-XRD80USS-010-A
20,20260904,2,8,66,258,2,B,0.0,0.0,0.0,NAN,NAN,SIN_NUMERO,NAN,NAN,SIN_NUMERO,NAN,0.0,0.0,0.0,0.0,nan,nan,False,20260904-ANDAYCHAGUA-XRD80USS-010-B
21,20260905,2,8,66,258,2,A,0.0,0.0,0.0,NAN,NAN,SIN_NUMERO,NAN,NAN,SIN_NUMERO,NAN,0.0,0.0,0.0,0.0,nan,nan,False,20260905-ANDAYCHAGUA-XRD80USS-010-A
22,20260905,2,8,66,258,2,B,0.0,0.0,0.0,NAN,NAN,SIN_NUMERO,NAN,NAN,SIN_NUMERO,NAN,0.0,0.0,0.0,0.0,nan,nan,False,20260905-ANDAYCHAGUA-XRD80USS-010-B
23,20260906,2,8,66,258,2,A,0.0,0.0,0.0,NAN,NAN,SIN_NUMERO,NAN,NAN,SIN_NUMERO,NAN,0.0,0.0,0.0,0.0,nan,nan,False,20260906-ANDAYCHAGUA-XRD80USS-010-A
24,20260906,2,8,66,258,2,B,0.0,0.0,0.0,NAN,NAN,SIN_NUMERO,NAN,NAN,SIN_NUMERO,NAN,0.0,0.0,0.0,0.0,nan,nan,False,20260906-ANDAYCHAGUA-XRD80USS-010-B
25,20260907,2,8,66,258,2,A,0.0,0.0,0.0,NAN,NAN,SIN_NUMERO,NAN,NAN,SIN_NUMERO,NAN,0.0,0.0,0.0,0.0,nan,nan,False,20260907-ANDAYCHAGUA-XRD80USS-010-A
26,20260907,2,8,66,258,2,B,0.0,0.0,0.0,NAN,NAN,SIN_NUMERO,NAN,NAN,SIN_NUMERO,NAN,0.0,0.0,0.0,0.0,nan,nan,False,20260907-ANDAYCHAGUA-XRD80USS-010-B
27,20260908,2,8,66,258,2,A,0.0,0.0,0.0,NAN,NAN,SIN_NUMERO,NAN,NAN,SIN_NUMERO,NAN,0.0,0.0,0.0,0.0,nan,nan,False,20260908-ANDAYCHAGUA-XRD80USS-010-A
28,20260908,2,8,66,258,2,B,0.0,0.0,0.0,NAN,NAN,SIN_NUMERO,NAN,NAN,SIN_NUMERO,NAN,0.0,0.0,0.0,0.0,nan,nan,False,20260908-ANDAYCHAGUA-XRD80USS-010-B
29,20260909,2,8,66,258,2,A,0.0,0.0,0.0,NAN,NAN,SIN_NUMERO,NAN,NAN,SIN_NUMERO,NAN,0.0,0.0,0.0,0.0,nan,nan,False,20260909-ANDAYCHAGUA-XRD80USS-010-A
30,20260909,2,8,66,258,2,B,0.0,0.0,0.0,NAN,NAN,SIN_NUMERO,NAN,NAN,SIN_NUMERO,NAN,0.0,0.0,0.0,0.0,nan,nan,False,20260909-ANDAYCHAGUA-XRD80USS-010-B
31,20260910,2,8,66,258,2,A,0.0,0.0,0.0,NAN,NAN,SIN_NUMERO,NAN,NAN,SIN_NUMERO,NAN,0.0,0.0,0.0,0.0,nan,nan,False,20260910-ANDAYCHAGUA-XRD80USS-010-A
32,20260910,2,8,66,258,2,B,0.0,0.0,0.0,NAN,NAN,SIN_NUMERO,NAN,NAN,SIN_NUMERO,NAN,0.0,0.0,0.0,0.0,nan,nan,False,20260910-ANDAYCHAGUA-XRD80USS-010-B
33,20260911,2,8,66,258,2,A,0.0,0.0,0.0,NAN,NAN,SIN_NUMERO,NAN,NAN,SIN_NUMERO,NAN,0.0,0.0,0.0,0.0,nan,nan,False,20260911-ANDAYCHAGUA-XRD80USS-010-A
34,20260911,2,8,66,258,2,B,0.0,0.0,0.0,NAN,NAN,SIN_NUMERO,NAN,NAN,SIN_NUMERO,NAN,0.0,0.0,0.0,0.0,nan,nan,False,20260911-ANDAYCHAGUA-XRD80USS-010-B
35,20260912,2,8,66,258,2,A,0.0,0.0,0.0,NAN,NAN,SIN_NUMERO,NAN,NAN,SIN_NUMERO,NAN,0.0,0.0,0.0,0.0,nan,nan,False,20260912-ANDAYCHAGUA-XRD80USS-010-A
36,20260912,2,8,66,258,2,B,0.0,0.0,0.0,NAN,NAN,SIN_NUMERO,NAN,NAN,SIN_NUMERO,NAN,0.0,0.0,0.0,0.0,nan,nan,False,20260912-ANDAYCHAGUA-XRD80USS-010-B
37,20260913,2,8,66,258,2,A,0.0,0.0,0.0,NAN,NAN,SIN_NUMERO,NAN,NAN,SIN_NUMERO,NAN,0.0,0.0,0.0,0.0,nan,nan,False,20260913-ANDAYCHAGUA-XRD80USS-010-A
38,20260913,2,8,66,258,2,B,0.0,0.0,0.0,NAN,NAN,SIN_NUMERO,NAN,NAN,SIN_NUMERO,NAN,0.0,0.0,0.0,0.0,nan,nan,False,20260913-ANDAYCHAGUA-XRD80USS-010-B
39,20260914,2,8,66,258,2,A,0.0,0.0,0.0,NAN,NAN,SIN_NUMERO,NAN,NAN,SIN_NUMERO,NAN,0.0,0.0,0.0,0.0,nan,nan,False,20260914-ANDAYCHAGUA-XRD80USS-010-A
40,20260914,2,8,66,258,2,B,0.0,0.0,0.0,NAN,NAN,SIN_NUMERO,NAN,NAN,SIN_NUMERO,NAN,0.0,0.0,0.0,0.0,nan,nan,False,20260914-ANDAYCHAGUA-XRD80USS-010-B
41,20260915,2,8,66,258,2,A,0.0,0.0,0.0,NAN,NAN,SIN_NUMERO,NAN,NAN,SIN_NUMERO,NAN,0.0,0.0,0.0,0.0,nan,nan,False,20260915-ANDAYCHAGUA-XRD80USS-010-A
42,20260915,2,8,66,258,2,B,0.0,0.0,0.0,NAN,NAN,SIN_NUMERO,NAN,NAN,SIN_NUMERO,NAN,0.0,0.0,0.0,0.0,nan,nan,False,20260915-ANDAYCHAGUA-XRD80USS-010-B
43,20260916,2,8,66,258,2,A,0.0,0.0,0.0,NAN,NAN,SIN_NUMERO,NAN,NAN,SIN_NUMERO,NAN,0.0,0.0,0.0,0.0,nan,nan,False,20260916-ANDAYCHAGUA-XRD80USS-010-A
44,20260916,2,8,66,258,2,B,0.0,0.0,0.0,NAN,NAN,SIN_NUMERO,NAN,NAN,SIN_NUMERO,NAN,0.0,0.0,0.0,0.0,nan,nan,False,20260916-ANDAYCHAGUA-XRD80USS-010-B
45,20260917,2,8,66,258,2,A,0.0,0.0,0.0,NAN,NAN,SIN_NUMERO,NAN,NAN,SIN_NUMERO,NAN,0.0,0.0,0.0,0.0,nan,nan,False,20260917-ANDAYCHAGUA-XRD80USS-010-A
46,20260917,2,8,66,258,2,B,0.0,0.0,0.0,NAN,NAN,SIN_NUMERO,NAN,NAN,SIN_NUMERO,NAN,0.0,0.0,0.0,0.0,nan,nan,False,20260917-ANDAYCHAGUA-XRD80USS-010-B
47,20260918,2,8,66,258,2,A,0.0,0.0,0.0,NAN,NAN,SIN_NUMERO,NAN,NAN,SIN_NUMERO,NAN,0.0,0.0,0.0,0.0,nan,nan,False,20260918-ANDAYCHAGUA-XRD80USS-010-A
48,20260918,2,8,66,258,2,B,0.0,0.0,0.0,NAN,NAN,SIN_NUMERO,NAN,NAN,SIN_NUMERO,NAN,0.0,0.0,0.0,0.0,nan,nan,False,20260918-ANDAYCHAGUA-XRD80USS-010-B
49,20260919,2,8,66,258,2,A,0.0,0.0,0.0,NAN,NAN,SIN_NUMERO,NAN,NAN,SIN_NUMERO,NAN,0.0,0.0,0.0,0.0,nan,nan,False,20260919-ANDAYCHAGUA-XRD80USS-010-A
50,20260919,2,8,66,258,2,B,0.0,0.0,0.0,NAN,NAN,SIN_NUMERO,NAN,NAN,SIN_NUMERO,NAN,0.0,0.0,0.0,0.0,nan,nan,False,20260919-ANDAYCHAGUA-XRD80USS-010-B
51,20260920,2,8,66,258,2,A,0.0,0.0,0.0,NAN,NAN,SIN_NUMERO,NAN,NAN,SIN_NUMERO,NAN,0.0,0.0,0.0,0.0,nan,nan,False,20260920-ANDAYCHAGUA-XRD80USS-010-A
52,20260920,2,8,66,258,2,B,0.0,0.0,0.0,NAN,NAN,SIN_NUMERO,NAN,NAN,SIN_NUMERO,NAN,0.0,0.0,0.0,0.0,nan,nan,False,20260920-ANDAYCHAGUA-XRD80USS-010-B
53,20260921,2,8,66,258,2,A,0.0,0.0,0.0,NAN,NAN,SIN_NUMERO,NAN,NAN,SIN_NUMERO,NAN,0.0,0.0,0.0,0.0,nan,nan,False,20260921-ANDAYCHAGUA-XRD80USS-010-A
54,20260921,2,8,66,258,2,B,0.0,0.0,0.0,NAN,NAN,SIN_NUMERO,NAN,NAN,SIN_NUMERO,NAN,0.0,0.0,0.0,0.0,nan,nan,False,20260921-ANDAYCHAGUA-XRD80USS-010-B
55,20260922,2,8,66,258,2,A,0.0,0.0,0.0,NAN,NAN,SIN_NUMERO,NAN,NAN,SIN_NUMERO,NAN,0.0,0.0,0.0,0.0,nan,nan,False,20260922-ANDAYCHAGUA-XRD80USS-010-A
56,20260922,2,8,66,258,2,B,0.0,0.0,0.0,NAN,NAN,SIN_NUMERO,NAN,NAN,SIN_NUMERO,NAN,0.0,0.0,0.0,0.0,nan,nan,False,20260922-ANDAYCHAGUA-XRD80USS-010-B
57,20260923,2,8,66,258,2,A,0.0,0.0,0.0,NAN,NAN,SIN_NUMERO,NAN,NAN,SIN_NUMERO,NAN,0.0,0.0,0.0,0.0,nan,nan,False,20260923-ANDAYCHAGUA-XRD80USS-010-A
58,20260923,2,8,66,258,2,B,0.0,0.0,0.0,NAN,NAN,SIN_NUMERO,NAN,NAN,SIN_NUMERO,NAN,0.0,0.0,0.0,0.0,nan,nan,False,20260923-ANDAYCHAGUA-XRD80USS-010-B
59,20260924,2,8,66,258,2,A,0.0,0.0,0.0,NAN,NAN,SIN_NUMERO,NAN,NAN,SIN_NUMERO,NAN,0.0,0.0,0.0,0.0,nan,nan,False,20260924-ANDAYCHAGUA-XRD80USS-010-A
60,20260924,2,8,66,258,2,B,0.0,0.0,0.0,NAN,NAN,SIN_NUMERO,NAN,NAN,SIN_NUMERO,NAN,0.0,0.0,0.0,0.0,nan,nan,False,20260924-ANDAYCHAGUA-XRD80USS-010-B
61,20260925,2,8,66,258,2,A,0.0,0.0,0.0,NAN,NAN,SIN_NUMERO,NAN,NAN,SIN_NUMERO,NAN,0.0,0.0,0.0,0.0,nan,nan,False,20260925-ANDAYCHAGUA-XRD80USS-010-A
62,20260925,2,8,66,258,2,B,0.0,0.0,0.0,NAN,NAN,SIN_NUMERO,NAN,NAN,SIN_NUMERO,NAN,0.0,0.0,0.0,0.0,nan,nan,False,20260925-ANDAYCHAGUA-XRD80USS-010-B
63,20260826,2,7,38,57,2,A,51.1,71.1,20.0,HARDCORE,X10,439557,USADO,HARDCORE,193470,USADO,0.0,0.0,6.3,0.0,nan,"Se continua con la perforación con normalidad, se realiza medicion refléx a los 50 metros.",False,20260826-ANDAYCHAGUA-XRD150U-001-A
64,20260826,2,7,38,76,2,B,71.1,79.8,8.7,HARDCORE,X10,439557,USADO,HARDCORE,193470,USADO,0.0,0.0,0.0,0.0,FILITA,"Se continua la perforación por orden de volcan, Se para la operaciones por caida de tensión.",False,20260826-ANDAYCHAGUA-XRD150U-001-B
65,20260827,2,7,38,57,2,A,79.8,90.65,10.85,HARDCORE,X10,439557,USADO,HARDCORE,193470,USADO,0.0,0.0,6.5,0.0,FILITA SEMICOMPACTO,"Se descarga barras para cambio de broca, Se carga y se llega al tope con dificultad, Se continua con la perforación.",False,20260827-ANDAYCHAGUA-XRD150U-001-A
66,20260827,2,7,39,76,2,B,0.0,9.15,9.15,HARDCORE,X10,439557,USADO,HARDCORE,193470,USADO,0.0,0.0,0.0,0.0,VOLCANICO,"Se desancla la maquina y se mueve al nuevo punto, Se perfora perno central, Se ancla la maquina y se continua con la perforación.",False,20260827-ANDAYCHAGUA-XRD150U-001-B
67,20260828,2,7,39,8,2,A,9.15,29.75,20.6,HARDCORE,X10,433048,USADO,HARDCORE,193470,USADO,0.0,0.0,5.6,0.0,FILITA,"Se engrasa maquina y se continua con la perforación, Se realiza orden y limpieza.",False,20260828-ANDAYCHAGUA-XRD150U-001-A
68,20260828,2,7,39,57,2,B,29.75,50.05,20.3,HARDCORE,X10,433048,USADO,HARDCORE,193470,USADO,0.0,0.0,0.0,0.0,VOLCANICO COMPACTO,"Se perfora metavolcanico hasta fin de guardia, se realiza medición reflex.",False,20260828-ANDAYCHAGUA-XRD150U-001-B
69,20260829,2,7,39,8,2,A,50.05,68.25,18.2,HARDCORE,X10,433048,USADO,HARDCORE,193470,USADO,0.0,0.0,6.4,0.0,FILITA FRACTURADO,Se engrasa maquina y se continua con la perforación.,False,20260829-ANDAYCHAGUA-XRD150U-001-A
70,20260829,2,7,39,57,2,B,68.25,84.05,15.8,HARDCORE,X10,433048,USADO,HARDCORE,193470,USADO,0.0,0.0,0.0,0.0,FILITA CON PANIZO FRACTURADO,"Se continua con la perforación, Se pasa falla con panizo.",False,20260829-ANDAYCHAGUA-XRD150U-001-B
71,20260830,2,7,39,8,2,A,84.05,84.05,0.0,NAN,NAN,SIN_NUMERO,NAN,NAN,SIN_NUMERO,NAN,0.0,0.0,0.0,0.0,nan,"Se realiza coordinaciones, Se tiene capacitación por parte de Rock Drill, No se ingresa a mina por falta de energia electrica.",False,20260830-ANDAYCHAGUA-XRD150U-001-A
72,20260830,2,7,39,57,2,B,84.05,84.05,0.0,NAN,NAN,SIN_NUMERO,NAN,NAN,SIN_NUMERO,NAN,0.0,0.0,0.0,0.0,nan,"Se engrasa maquina y accsesorios, Se realiza medición final del sondaje, Se desinstala la maquina se procede a mover al siguiente punto, Se nivela ya alinea la maquina, Se perfora perno de anclaje.",False,20260830-ANDAYCHAGUA-XRD150U-001-B
73,20260831,2,7,40,8,2,A,0.0,14.35,14.35,HARDCORE,X10,433048,USADO,HARDCORE,193470,USADO,0.0,0.0,5.0,0.0,VOLCANICO,"Se realiza orden y limpieza, Se ancla la maquina y se inicia con la perforación, Terreno volcanico.",False,20260831-ANDAYCHAGUA-XRD150U-001-A
74,20260831,2,7,40,57,2,B,14.35,35.55,21.2,HARDCORE,X10,439567,NUEVO,HARDCORE,193470,USADO,0.0,0.0,0.0,0.0,VOLCANICO,Se continua con la perforación.,False,20260831-ANDAYCHAGUA-XRD150U-001-B
75,20260901,2,7,40,258,2,A,0.0,0.0,0.0,NAN,NAN,SIN_NUMERO,NAN,NAN,SIN_NUMERO,NAN,0.0,0.0,0.0,0.0,nan,nan,False,20260901-ANDAYCHAGUA-XRD150U-001-A
76,20260901,2,7,66,258,2,B,0.0,0.0,0.0,NAN,NAN,SIN_NUMERO,NAN,NAN,SIN_NUMERO,NAN,0.0,0.0,0.0,0.0,nan,nan,False,20260901-ANDAYCHAGUA-XRD150U-001-B
77,20260902,2,7,66,258,2,A,0.0,0.0,0.0,NAN,NAN,SIN_NUMERO,NAN,NAN,SIN_NUMERO,NAN,0.0,0.0,0.0,0.0,nan,nan,False,20260902-ANDAYCHAGUA-XRD150U-001-A
78,20260902,2,7,66,258,2,B,0.0,0.0,0.0,NAN,NAN,SIN_NUMERO,NAN,NAN,SIN_NUMERO,NAN,0.0,0.0,0.0,0.0,nan,nan,False,20260902-ANDAYCHAGUA-XRD150U-001-B
79,20260903,2,7,66,258,2,A,0.0,0.0,0.0,NAN,NAN,SIN_NUMERO,NAN,NAN,SIN_NUMERO,NAN,0.0,0.0,0.0,0.0,nan,nan,False,20260903-ANDAYCHAGUA-XRD150U-001-A
80,20260903,2,7,66,258,2,B,0.0,0.0,0.0,NAN,NAN,SIN_NUMERO,NAN,NAN,SIN_NUMERO,NAN,0.0,0.0,0.0,0.0,nan,nan,False,20260903-ANDAYCHAGUA-XRD150U-001-B
81,20260904,2,7,66,258,2,A,0.0,0.0,0.0,NAN,NAN,SIN_NUMERO,NAN,NAN,SIN_NUMERO,NAN,0.0,0.0,0.0,0.0,nan,nan,False,20260904-ANDAYCHAGUA-XRD150U-001-A
82,20260904,2,7,66,258,2,B,0.0,0.0,0.0,NAN,NAN,SIN_NUMERO,NAN,NAN,SIN_NUMERO,NAN,0.0,0.0,0.0,0.0,nan,nan,False,20260904-ANDAYCHAGUA-XRD150U-001-B
83,20260905,2,7,66,258,2,A,0.0,0.0,0.0,NAN,NAN,SIN_NUMERO,NAN,NAN,SIN_NUMERO,NAN,0.0,0.0,0.0,0.0,nan,nan,False,20260905-ANDAYCHAGUA-XRD150U-001-A
84,20260905,2,7,66,258,2,B,0.0,0.0,0.0,NAN,NAN,SIN_NUMERO,NAN,NAN,SIN_NUMERO,NAN,0.0,0.0,0.0,0.0,nan,nan,False,20260905-ANDAYCHAGUA-XRD150U-001-B
85,20260906,2,7,66,258,2,A,0.0,0.0,0.0,NAN,NAN,SIN_NUMERO,NAN,NAN,SIN_NUMERO,NAN,0.0,0.0,0.0,0.0,nan,nan,False,20260906-ANDAYCHAGUA-XRD150U-001-A
86,20260906,2,7,66,258,2,B,0.0,0.0,0.0,NAN,NAN,SIN_NUMERO,NAN,NAN,SIN_NUMERO,NAN,0.0,0.0,0.0,0.0,nan,nan,False,20260906-ANDAYCHAGUA-XRD150U-001-B
87,20260907,2,7,66,258,2,A,0.0,0.0,0.0,NAN,NAN,SIN_NUMERO,NAN,NAN,SIN_NUMERO,NAN,0.0,0.0,0.0,0.0,nan,nan,False,20260907-ANDAYCHAGUA-XRD150U-001-A
88,20260907,2,7,66,258,2,B,0.0,0.0,0.0,NAN,NAN,SIN_NUMERO,NAN,NAN,SIN_NUMERO,NAN,0.0,0.0,0.0,0.0,nan,nan,False,20260907-ANDAYCHAGUA-XRD150U-001-B
89,20260908,2,7,66,258,2,A,0.0,0.0,0.0,NAN,NAN,SIN_NUMERO,NAN,NAN,SIN_NUMERO,NAN,0.0,0.0,0.0,0.0,nan,nan,False,20260908-ANDAYCHAGUA-XRD150U-001-A
90,20260908,2,7,66,258,2,B,0.0,0.0,0.0,NAN,NAN,SIN_NUMERO,NAN,NAN,SIN_NUMERO,NAN,0.0,0.0,0.0,0.0,nan,nan,False,20260908-ANDAYCHAGUA-XRD150U-001-B
91,20260909,2,7,66,258,2,A,0.0,0.0,0.0,NAN,NAN,SIN_NUMERO,NAN,NAN,SIN_NUMERO,NAN,0.0,0.0,0.0,0.0,nan,nan,False,20260909-ANDAYCHAGUA-XRD150U-001-A
92,20260909,2,7,66,258,2,B,0.0,0.0,0.0,NAN,NAN,SIN_NUMERO,NAN,NAN,SIN_NUMERO,NAN,0.0,0.0,0.0,0.0,nan,nan,False,20260909-ANDAYCHAGUA-XRD150U-001-B
93,20260910,2,7,66,258,2,A,0.0,0.0,0.0,NAN,NAN,SIN_NUMERO,NAN,NAN,SIN_NUMERO,NAN,0.0,0.0,0.0,0.0,nan,nan,False,20260910-ANDAYCHAGUA-XRD150U-001-A
94,20260910,2,7,66,258,2,B,0.0,0.0,0.0,NAN,NAN,SIN_NUMERO,NAN,NAN,SIN_NUMERO,NAN,0.0,0.0,0.0,0.0,nan,nan,False,20260910-ANDAYCHAGUA-XRD150U-001-B
95,20260911,2,7,66,258,2,A,0.0,0.0,0.0,NAN,NAN,SIN_NUMERO,NAN,NAN,SIN_NUMERO,NAN,0.0,0.0,0.0,0.0,nan,nan,False,20260911-ANDAYCHAGUA-XRD150U-001-A
96,20260911,2,7,66,258,2,B,0.0,0.0,0.0,NAN,NAN,SIN_NUMERO,NAN,NAN,SIN_NUMERO,NAN,0.0,0.0,0.0,0.0,nan,nan,False,20260911-ANDAYCHAGUA-XRD150U-001-B
97,20260912,2,7,66,258,2,A,0.0,0.0,0.0,NAN,NAN,SIN_NUMERO,NAN,NAN,SIN_NUMERO,NAN,0.0,0.0,0.0,0.0,nan,nan,False,20260912-ANDAYCHAGUA-XRD150U-001-A
98,20260912,2,7,66,258,2,B,0.0,0.0,0.0,NAN,NAN,SIN_NUMERO,NAN,NAN,SIN_NUMERO,NAN,0.0,0.0,0.0,0.0,nan,nan,False,20260912-ANDAYCHAGUA-XRD150U-001-B
99,20260913,2,7,66,258,2,A,0.0,0.0,0.0,NAN,NAN,SIN_NUMERO,NAN,NAN,SIN_NUMERO,NAN,0.0,0.0,0.0,0.0,nan,nan,False,20260913-ANDAYCHAGUA-XRD150U-001-A
100,20260913,2,7,66,258,2,B,0.0,0.0,0.0,NAN,NAN,SIN_NUMERO,NAN,NAN,SIN_NUMERO,NAN,0.0,0.0,0.0,0.0,nan,nan,False,20260913-ANDAYCHAGUA-XRD150U-001-B
101,20260914,2,7,66,258,2,A,0.0,0.0,0.0,NAN,NAN,SIN_NUMERO,NAN,NAN,SIN_NUMERO,NAN,0.0,0.0,0.0,0.0,nan,nan,False,20260914-ANDAYCHAGUA-XRD150U-001-A
102,20260914,2,7,66,258,2,B,0.0,0.0,0.0,NAN,NAN,SIN_NUMERO,NAN,NAN,SIN_NUMERO,NAN,0.0,0.0,0.0,0.0,nan,nan,False,20260914-ANDAYCHAGUA-XRD150U-001-B
103,20260915,2,7,66,258,2,A,0.0,0.0,0.0,NAN,NAN,SIN_NUMERO,NAN,NAN,SIN_NUMERO,NAN,0.0,0.0,0.0,0.0,nan,nan,False,20260915-ANDAYCHAGUA-XRD150U-001-A
104,20260915,2,7,66,258,2,B,0.0,0.0,0.0,NAN,NAN,SIN_NUMERO,NAN,NAN,SIN_NUMERO,NAN,0.0,0.0,0.0,0.0,nan,nan,False,20260915-ANDAYCHAGUA-XRD150U-001-B
105,20260916,2,7,66,258,2,A,0.0,0.0,0.0,NAN,NAN,SIN_NUMERO,NAN,NAN,SIN_NUMERO,NAN,0.0,0.0,0.0,0.0,nan,nan,False,20260916-ANDAYCHAGUA-XRD150U-001-A
106,20260916,2,7,66,258,2,B,0.0,0.0,0.0,NAN,NAN,SIN_NUMERO,NAN,NAN,SIN_NUMERO,NAN,0.0,0.0,0.0,0.0,nan,nan,False,20260916-ANDAYCHAGUA-XRD150U-001-B
107,20260917,2,7,66,258,2,A,0.0,0.0,0.0,NAN,NAN,SIN_NUMERO,NAN,NAN,SIN_NUMERO,NAN,0.0,0.0,0.0,0.0,nan,nan,False,20260917-ANDAYCHAGUA-XRD150U-001-A
108,20260917,2,7,66,258,2,B,0.0,0.0,0.0,NAN,NAN,SIN_NUMERO,NAN,NAN,SIN_NUMERO,NAN,0.0,0.0,0.0,0.0,nan,nan,False,20260917-ANDAYCHAGUA-XRD150U-001-B
109,20260918,2,7,66,258,2,A,0.0,0.0,0.0,NAN,NAN,SIN_NUMERO,NAN,NAN,SIN_NUMERO,NAN,0.0,0.0,0.0,0.0,nan,nan,False,20260918-ANDAYCHAGUA-XRD150U-001-A
110,20260918,2,7,66,258,2,B,0.0,0.0,0.0,NAN,NAN,SIN_NUMERO,NAN,NAN,SIN_NUMERO,NAN,0.0,0.0,0.0,0.0,nan,nan,False,20260918-ANDAYCHAGUA-XRD150U-001-B
111,20260919,2,7,66,258,2,A,0.0,0.0,0.0,NAN,NAN,SIN_NUMERO,NAN,NAN,SIN_NUMERO,NAN,0.0,0.0,0.0,0.0,nan,nan,False,20260919-ANDAYCHAGUA-XRD150U-001-A
112,20260919,2,7,66,258,2,B,0.0,0.0,0.0,NAN,NAN,SIN_NUMERO,NAN,NAN,SIN_NUMERO,NAN,0.0,0.0,0.0,0.0,nan,nan,False,20260919-ANDAYCHAGUA-XRD150U-001-B
113,20260920,2,7,66,258,2,A,0.0,0.0,0.0,NAN,NAN,SIN_NUMERO,NAN,NAN,SIN_NUMERO,NAN,0.0,0.0,0.0,0.0,nan,nan,False,20260920-ANDAYCHAGUA-XRD150U-001-A
114,20260920,2,7,66,258,2,B,0.0,0.0,0.0,NAN,NAN,SIN_NUMERO,NAN,NAN,SIN_NUMERO,NAN,0.0,0.0,0.0,0.0,nan,nan,False,20260920-ANDAYCHAGUA-XRD150U-001-B
115,20260921,2,7,66,258,2,A,0.0,0.0,0.0,NAN,NAN,SIN_NUMERO,NAN,NAN,SIN_NUMERO,NAN,0.0,0.0,0.0,0.0,nan,nan,False,20260921-ANDAYCHAGUA-XRD150U-001-A
116,20260921,2,7,66,258,2,B,0.0,0.0,0.0,NAN,NAN,SIN_NUMERO,NAN,NAN,SIN_NUMERO,NAN,0.0,0.0,0.0,0.0,nan,nan,False,20260921-ANDAYCHAGUA-XRD150U-001-B
117,20260922,2,7,66,258,2,A,0.0,0.0,0.0,NAN,NAN,SIN_NUMERO,NAN,NAN,SIN_NUMERO,NAN,0.0,0.0,0.0,0.0,nan,nan,False,20260922-ANDAYCHAGUA-XRD150U-001-A
118,20260922,2,7,66,258,2,B,0.0,0.0,0.0,NAN,NAN,SIN_NUMERO,NAN,NAN,SIN_NUMERO,NAN,0.0,0.0,0.0,0.0,nan,nan,False,20260922-ANDAYCHAGUA-XRD150U-001-B
119,20260923,2,7,66,258,2,A,0.0,0.0,0.0,NAN,NAN,SIN_NUMERO,NAN,NAN,SIN_NUMERO,NAN,0.0,0.0,0.0,0.0,nan,nan,False,20260923-ANDAYCHAGUA-XRD150U-001-A
120,20260923,2,7,66,258,2,B,0.0,0.0,0.0,NAN,NAN,SIN_NUMERO,NAN,NAN,SIN_NUMERO,NAN,0.0,0.0,0.0,0.0,nan,nan,False,20260923-ANDAYCHAGUA-XRD150U-001-B
121,20260924,2,7,66,258,2,A,0.0,0.0,0.0,NAN,NAN,SIN_NUMERO,NAN,NAN,SIN_NUMERO,NAN,0.0,0.0,0.0,0.0,nan,nan,False,20260924-ANDAYCHAGUA-XRD150U-001-A
122,20260924,2,7,66,258,2,B,0.0,0.0,0.0,NAN,NAN,SIN_NUMERO,NAN,NAN,SIN_NUMERO,NAN,0.0,0.0,0.0,0.0,nan,nan,False,20260924-ANDAYCHAGUA-XRD150U-001-B
123,20260925,2,7,66,258,2,A,0.0,0.0,0.0,NAN,NAN,SIN_NUMERO,NAN,NAN,SIN_NUMERO,NAN,0.0,0.0,0.0,0.0,nan,nan,False,20260925-ANDAYCHAGUA-XRD150U-001-A
124,20260925,2,7,66,258,2,B,0.0,0.0,0.0,NAN,NAN,SIN_NUMERO,NAN,NAN,SIN_NUMERO,NAN,0.0,0.0,0.0,0.0,nan,nan,False,20260925-ANDAYCHAGUA-XRD150U-001-B
125,20260826,2,5,35,159,2,A,161.2,188.15,26.95,HARDCORE,X10,439559,USADO,HARDCORE,191298,USADO,0.0,0.0,8.0,0.0,COMPACTO,"Se obptura por perdida de columna, Se perfora con normalidad.",False,20260826-ANDAYCHAGUA-LF90D ST-002-A
126,20260826,2,5,35,337,2,B,188.15,215.2,27.05,HARDCORE,X10,439559,USADO,HARDCORE,191298,USADO,0.0,0.0,0.0,0.0,VOLCANICO,"Lavado de sondaje, Se continua con la perforación, con normalidad.",False,20260826-ANDAYCHAGUA-LF90D ST-002-B
127,20260827,2,5,35,159,2,A,215.2,229.4,14.2,HARDCORE,X10,439559,USADO,HARDCORE,191298,USADO,0.0,0.0,7.0,0.0,nan,"Se descarga barras para cambio de broca, Se carga y se llega al tope con dificultad, Se continua con la perforación.",False,20260827-ANDAYCHAGUA-LF90D ST-002-A
128,20260827,2,5,35,337,2,B,229.4,242.3,12.9,HARDCORE,X10,439321,NUEVO,HARDCORE,191298,USADO,0.0,0.0,0.0,0.0,VOLCANICO,"Se desancla la maquina y se mueve al nuevo punto, Se perfora perno central, Se ancla la maquina y se continua con la perforación.",False,20260827-ANDAYCHAGUA-LF90D ST-002-B
129,20260828,2,5,35,36,2,A,242.3,242.3,0.0,NAN,NAN,SIN_NUMERO,NAN,NAN,SIN_NUMERO,NAN,0.0,0.0,0.0,0.0,nan,"Se para la perforación por falta de ayudante, Se apoya a matenimiento mecanico.",False,20260828-ANDAYCHAGUA-LF90D ST-002-A
130,20260828,2,5,35,159,2,B,242.3,271.1,28.8,HARDCORE,X10,439321,USADO,HARDCORE,191298,USADO,0.0,0.0,0.0,0.0,nan,"Se obtura sondaje, y se continua con la perforación.",False,20260828-ANDAYCHAGUA-LF90D ST-002-B
131,20260829,2,5,35,36,2,A,271.1,283.4,12.3,HARDCORE,X10,439321,USADO,HARDCORE,191298,USADO,0.0,0.0,5.0,0.0,PANIZO,"Lavado de sondaje, Se continua con la perforación, se acondiciona sondaje.",False,20260829-ANDAYCHAGUA-LF90D ST-002-A
132,20260829,2,5,35,159,2,B,283.4,286.85,3.45,HARDCORE,X10,439321,USADO,HARDCORE,191298,USADO,0.0,0.0,0.0,0.0,nan,"Se acondiciona el sondaje por elevado torque, Se descarga tuberia, Se ingresa reperforando.",False,20260829-ANDAYCHAGUA-LF90D ST-002-B
133,20260830,2,5,35,36,2,A,286.85,286.85,0.0,NAN,NAN,SIN_NUMERO,NAN,NAN,SIN_NUMERO,NAN,0.0,0.0,5.0,0.0,nan,"Se aconcidiona sondaje por torque elevado, se baja 4 tubos y se baja reperforando con mucha dificultad llegando al tope, Se atrapa y se realiza maniobra para su recuperación.",False,20260830-ANDAYCHAGUA-LF90D ST-002-A
134,20260830,2,5,35,159,2,B,286.85,290.8,3.95,HARDCORE,X10,439321,USADO,HARDCORE,191298,USADO,0.0,0.0,0.0,0.0,nan,"Se descarga 5 pares de tuberia se baja acondicionando terreno panizado con mucha dificultad, Se realiza mantenimiento corectivo.",False,20260830-ANDAYCHAGUA-LF90D ST-002-B
135,20260831,2,5,35,36,2,A,290.8,290.8,0.0,NAN,NAN,SIN_NUMERO,NAN,NAN,SIN_NUMERO,NAN,0.0,0.0,7.0,0.0,nan,"Lavado de sondaje se intenta por dos oportunidades armar tubo interior sin éxito, Se arma tubo interior con éxito se observa torque 4.000 PSI Se alza un tubo y se acondiciona bajando el torque a 2.000 psi, Se llega al tope y se corta la broca, Se procede a descargar.",False,20260831-ANDAYCHAGUA-LF90D ST-002-A
136,20260831,2,5,35,159,2,B,290.8,290.8,0.0,NAN,NAN,SIN_NUMERO,NAN,NAN,SIN_NUMERO,NAN,0.0,0.0,0.0,0.0,nan,"Se descarga barras HQ, Se baja las barras con serrucho para realizar limpieza de panizo, Se descarga barras y se cambia queposo.",False,20260831-ANDAYCHAGUA-LF90D ST-002-B
137,20260901,2,5,35,258,2,A,0.0,0.0,0.0,NAN,NAN,SIN_NUMERO,NAN,NAN,SIN_NUMERO,NAN,0.0,0.0,0.0,0.0,nan,nan,False,20260901-ANDAYCHAGUA-LF90D ST-002-A
138,20260901,2,5,66,258,2,B,0.0,0.0,0.0,NAN,NAN,SIN_NUMERO,NAN,NAN,SIN_NUMERO,NAN,0.0,0.0,0.0,0.0,nan,nan,False,20260901-ANDAYCHAGUA-LF90D ST-002-B
139,20260902,2,5,66,258,2,A,0.0,0.0,0.0,NAN,NAN,SIN_NUMERO,NAN,NAN,SIN_NUMERO,NAN,0.0,0.0,0.0,0.0,nan,nan,False,20260902-ANDAYCHAGUA-LF90D ST-002-A
140,20260902,2,5,66,258,2,B,0.0,0.0,0.0,NAN,NAN,SIN_NUMERO,NAN,NAN,SIN_NUMERO,NAN,0.0,0.0,0.0,0.0,nan,nan,False,20260902-ANDAYCHAGUA-LF90D ST-002-B
141,20260903,2,5,66,258,2,A,0.0,0.0,0.0,NAN,NAN,SIN_NUMERO,NAN,NAN,SIN_NUMERO,NAN,0.0,0.0,0.0,0.0,nan,nan,False,20260903-ANDAYCHAGUA-LF90D ST-002-A
142,20260903,2,5,66,258,2,B,0.0,0.0,0.0,NAN,NAN,SIN_NUMERO,NAN,NAN,SIN_NUMERO,NAN,0.0,0.0,0.0,0.0,nan,nan,False,20260903-ANDAYCHAGUA-LF90D ST-002-B
143,20260904,2,5,66,258,2,A,0.0,0.0,0.0,NAN,NAN,SIN_NUMERO,NAN,NAN,SIN_NUMERO,NAN,0.0,0.0,0.0,0.0,nan,nan,False,20260904-ANDAYCHAGUA-LF90D ST-002-A
144,20260904,2,5,66,258,2,B,0.0,0.0,0.0,NAN,NAN,SIN_NUMERO,NAN,NAN,SIN_NUMERO,NAN,0.0,0.0,0.0,0.0,nan,nan,False,20260904-ANDAYCHAGUA-LF90D ST-002-B
145,20260905,2,5,66,258,2,A,0.0,0.0,0.0,NAN,NAN,SIN_NUMERO,NAN,NAN,SIN_NUMERO,NAN,0.0,0.0,0.0,0.0,nan,nan,False,20260905-ANDAYCHAGUA-LF90D ST-002-A
146,20260905,2,5,66,258,2,B,0.0,0.0,0.0,NAN,NAN,SIN_NUMERO,NAN,NAN,SIN_NUMERO,NAN,0.0,0.0,0.0,0.0,nan,nan,False,20260905-ANDAYCHAGUA-LF90D ST-002-B
147,20260906,2,5,66,258,2,A,0.0,0.0,0.0,NAN,NAN,SIN_NUMERO,NAN,NAN,SIN_NUMERO,NAN,0.0,0.0,0.0,0.0,nan,nan,False,20260906-ANDAYCHAGUA-LF90D ST-002-A
148,20260906,2,5,66,258,2,B,0.0,0.0,0.0,NAN,NAN,SIN_NUMERO,NAN,NAN,SIN_NUMERO,NAN,0.0,0.0,0.0,0.0,nan,nan,False,20260906-ANDAYCHAGUA-LF90D ST-002-B
149,20260907,2,5,66,258,2,A,0.0,0.0,0.0,NAN,NAN,SIN_NUMERO,NAN,NAN,SIN_NUMERO,NAN,0.0,0.0,0.0,0.0,nan,nan,False,20260907-ANDAYCHAGUA-LF90D ST-002-A
150,20260907,2,5,66,258,2,B,0.0,0.0,0.0,NAN,NAN,SIN_NUMERO,NAN,NAN,SIN_NUMERO,NAN,0.0,0.0,0.0,0.0,nan,nan,False,20260907-ANDAYCHAGUA-LF90D ST-002-B
151,20260908,2,5,66,258,2,A,0.0,0.0,0.0,NAN,NAN,SIN_NUMERO,NAN,NAN,SIN_NUMERO,NAN,0.0,0.0,0.0,0.0,nan,nan,False,20260908-ANDAYCHAGUA-LF90D ST-002-A
152,20260908,2,5,66,258,2,B,0.0,0.0,0.0,NAN,NAN,SIN_NUMERO,NAN,NAN,SIN_NUMERO,NAN,0.0,0.0,0.0,0.0,nan,nan,False,20260908-ANDAYCHAGUA-LF90D ST-002-B
153,20260909,2,5,66,258,2,A,0.0,0.0,0.0,NAN,NAN,SIN_NUMERO,NAN,NAN,SIN_NUMERO,NAN,0.0,0.0,0.0,0.0,nan,nan,False,20260909-ANDAYCHAGUA-LF90D ST-002-A
154,20260909,2,5,66,258,2,B,0.0,0.0,0.0,NAN,NAN,SIN_NUMERO,NAN,NAN,SIN_NUMERO,NAN,0.0,0.0,0.0,0.0,nan,nan,False,20260909-ANDAYCHAGUA-LF90D ST-002-B
155,20260910,2,5,66,258,2,A,0.0,0.0,0.0,NAN,NAN,SIN_NUMERO,NAN,NAN,SIN_NUMERO,NAN,0.0,0.0,0.0,0.0,nan,nan,False,20260910-ANDAYCHAGUA-LF90D ST-002-A
156,20260910,2,5,66,258,2,B,0.0,0.0,0.0,NAN,NAN,SIN_NUMERO,NAN,NAN,SIN_NUMERO,NAN,0.0,0.0,0.0,0.0,nan,nan,False,20260910-ANDAYCHAGUA-LF90D ST-002-B
157,20260911,2,5,66,258,2,A,0.0,0.0,0.0,NAN,NAN,SIN_NUMERO,NAN,NAN,SIN_NUMERO,NAN,0.0,0.0,0.0,0.0,nan,nan,False,20260911-ANDAYCHAGUA-LF90D ST-002-A
158,20260911,2,5,66,258,2,B,0.0,0.0,0.0,NAN,NAN,SIN_NUMERO,NAN,NAN,SIN_NUMERO,NAN,0.0,0.0,0.0,0.0,nan,nan,False,20260911-ANDAYCHAGUA-LF90D ST-002-B
159,20260912,2,5,66,258,2,A,0.0,0.0,0.0,NAN,NAN,SIN_NUMERO,NAN,NAN,SIN_NUMERO,NAN,0.0,0.0,0.0,0.0,nan,nan,False,20260912-ANDAYCHAGUA-LF90D ST-002-A
160,20260912,2,5,66,258,2,B,0.0,0.0,0.0,NAN,NAN,SIN_NUMERO,NAN,NAN,SIN_NUMERO,NAN,0.0,0.0,0.0,0.0,nan,nan,False,20260912-ANDAYCHAGUA-LF90D ST-002-B
161,20260913,2,5,66,258,2,A,0.0,0.0,0.0,NAN,NAN,SIN_NUMERO,NAN,NAN,SIN_NUMERO,NAN,0.0,0.0,0.0,0.0,nan,nan,False,20260913-ANDAYCHAGUA-LF90D ST-002-A
162,20260913,2,5,66,258,2,B,0.0,0.0,0.0,NAN,NAN,SIN_NUMERO,NAN,NAN,SIN_NUMERO,NAN,0.0,0.0,0.0,0.0,nan,nan,False,20260913-ANDAYCHAGUA-LF90D ST-002-B
163,20260914,2,5,66,258,2,A,0.0,0.0,0.0,NAN,NAN,SIN_NUMERO,NAN,NAN,SIN_NUMERO,NAN,0.0,0.0,0.0,0.0,nan,nan,False,20260914-ANDAYCHAGUA-LF90D ST-002-A
164,20260914,2,5,66,258,2,B,0.0,0.0,0.0,NAN,NAN,SIN_NUMERO,NAN,NAN,SIN_NUMERO,NAN,0.0,0.0,0.0,0.0,nan,nan,False,20260914-ANDAYCHAGUA-LF90D ST-002-B
165,20260915,2,5,66,258,2,A,0.0,0.0,0.0,NAN,NAN,SIN_NUMERO,NAN,NAN,SIN_NUMERO,NAN,0.0,0.0,0.0,0.0,nan,nan,False,20260915-ANDAYCHAGUA-LF90D ST-002-A
166,20260915,2,5,66,258,2,B,0.0,0.0,0.0,NAN,NAN,SIN_NUMERO,NAN,NAN,SIN_NUMERO,NAN,0.0,0.0,0.0,0.0,nan,nan,False,20260915-ANDAYCHAGUA-LF90D ST-002-B
167,20260916,2,5,66,258,2,A,0.0,0.0,0.0,NAN,NAN,SIN_NUMERO,NAN,NAN,SIN_NUMERO,NAN,0.0,0.0,0.0,0.0,nan,nan,False,20260916-ANDAYCHAGUA-LF90D ST-002-A
168,20260916,2,5,66,258,2,B,0.0,0.0,0.0,NAN,NAN,SIN_NUMERO,NAN,NAN,SIN_NUMERO,NAN,0.0,0.0,0.0,0.0,nan,nan,False,20260916-ANDAYCHAGUA-LF90D ST-002-B
169,20260917,2,5,66,258,2,A,0.0,0.0,0.0,NAN,NAN,SIN_NUMERO,NAN,NAN,SIN_NUMERO,NAN,0.0,0.0,0.0,0.0,nan,nan,False,20260917-ANDAYCHAGUA-LF90D ST-002-A
170,20260917,2,5,66,258,2,B,0.0,0.0,0.0,NAN,NAN,SIN_NUMERO,NAN,NAN,SIN_NUMERO,NAN,0.0,0.0,0.0,0.0,nan,nan,False,20260917-ANDAYCHAGUA-LF90D ST-002-B
171,20260918,2,5,66,258,2,A,0.0,0.0,0.0,NAN,NAN,SIN_NUMERO,NAN,NAN,SIN_NUMERO,NAN,0.0,0.0,0.0,0.0,nan,nan,False,20260918-ANDAYCHAGUA-LF90D ST-002-A
172,20260918,2,5,66,258,2,B,0.0,0.0,0.0,NAN,NAN,SIN_NUMERO,NAN,NAN,SIN_NUMERO,NAN,0.0,0.0,0.0,0.0,nan,nan,False,20260918-ANDAYCHAGUA-LF90D ST-002-B
173,20260919,2,5,66,258,2,A,0.0,0.0,0.0,NAN,NAN,SIN_NUMERO,NAN,NAN,SIN_NUMERO,NAN,0.0,0.0,0.0,0.0,nan,nan,False,20260919-ANDAYCHAGUA-LF90D ST-002-A
174,20260919,2,5,66,258,2,B,0.0,0.0,0.0,NAN,NAN,SIN_NUMERO,NAN,NAN,SIN_NUMERO,NAN,0.0,0.0,0.0,0.0,nan,nan,False,20260919-ANDAYCHAGUA-LF90D ST-002-B
175,20260920,2,5,66,258,2,A,0.0,0.0,0.0,NAN,NAN,SIN_NUMERO,NAN,NAN,SIN_NUMERO,NAN,0.0,0.0,0.0,0.0,nan,nan,False,20260920-ANDAYCHAGUA-LF90D ST-002-A
176,20260920,2,5,66,258,2,B,0.0,0.0,0.0,NAN,NAN,SIN_NUMERO,NAN,NAN,SIN_NUMERO,NAN,0.0,0.0,0.0,0.0,nan,nan,False,20260920-ANDAYCHAGUA-LF90D ST-002-B
177,20260921,2,5,66,258,2,A,0.0,0.0,0.0,NAN,NAN,SIN_NUMERO,NAN,NAN,SIN_NUMERO,NAN,0.0,0.0,0.0,0.0,nan,nan,False,20260921-ANDAYCHAGUA-LF90D ST-002-A
178,20260921,2,5,66,258,2,B,0.0,0.0,0.0,NAN,NAN,SIN_NUMERO,NAN,NAN,SIN_NUMERO,NAN,0.0,0.0,0.0,0.0,nan,nan,False,20260921-ANDAYCHAGUA-LF90D ST-002-B
179,20260922,2,5,66,258,2,A,0.0,0.0,0.0,NAN,NAN,SIN_NUMERO,NAN,NAN,SIN_NUMERO,NAN,0.0,0.0,0.0,0.0,nan,nan,False,20260922-ANDAYCHAGUA-LF90D ST-002-A
180,20260922,2,5,66,258,2,B,0.0,0.0,0.0,NAN,NAN,SIN_NUMERO,NAN,NAN,SIN_NUMERO,NAN,0.0,0.0,0.0,0.0,nan,nan,False,20260922-ANDAYCHAGUA-LF90D ST-002-B
181,20260923,2,5,66,258,2,A,0.0,0.0,0.0,NAN,NAN,SIN_NUMERO,NAN,NAN,SIN_NUMERO,NAN,0.0,0.0,0.0,0.0,nan,nan,False,20260923-ANDAYCHAGUA-LF90D ST-002-A
182,20260923,2,5,66,258,2,B,0.0,0.0,0.0,NAN,NAN,SIN_NUMERO,NAN,NAN,SIN_NUMERO,NAN,0.0,0.0,0.0,0.0,nan,nan,False,20260923-ANDAYCHAGUA-LF90D ST-002-B
183,20260924,2,5,66,258,2,A,0.0,0.0,0.0,NAN,NAN,SIN_NUMERO,NAN,NAN,SIN_NUMERO,NAN,0.0,0.0,0.0,0.0,nan,nan,False,20260924-ANDAYCHAGUA-LF90D ST-002-A
184,20260924,2,5,66,258,2,B,0.0,0.0,0.0,NAN,NAN,SIN_NUMERO,NAN,NAN,SIN_NUMERO,NAN,0.0,0.0,0.0,0.0,nan,nan,False,20260924-ANDAYCHAGUA-LF90D ST-002-B
185,20260925,2,5,66,258,2,A,0.0,0.0,0.0,NAN,NAN,SIN_NUMERO,NAN,NAN,SIN_NUMERO,NAN,0.0,0.0,0.0,0.0,nan,nan,False,20260925-ANDAYCHAGUA-LF90D ST-002-A
186,20260925,2,5,66,258,2,B,0.0,0.0,0.0,NAN,NAN,SIN_NUMERO,NAN,NAN,SIN_NUMERO,NAN,0.0,0.0,0.0,0.0,nan,nan,False,20260925-ANDAYCHAGUA-LF90D ST-002-B
187,20260826,1,2,1,146,1,A,57.1,92.1,35.0,HARDCORE,X8,426757,USADO,HARDCORE,185978,USADO,0.0,0.0,5.6,0.0,ARENISCA,"A inicio de guardia se tiene capacitacion interna, se engrasa equipo y accesorios. Se continua con la perforacion, se perfora terreno cambiante. Orden y limpieza.",False,20260826-AMERICANA-XRD50U-002-A
188,20260826,1,2,1,133,1,B,92.1,107.6,15.5,HARDCORE,X8,426757,USADO,HARDCORE,185978,USADO,0.0,0.0,0.0,0.0,ARENISCA,"Se tiene charla y reparto de guardia, se resaliza dessate de rocas, se continua con la perforacion, se realiza orden y limpieza. Se saca las cajas.",False,20260826-AMERICANA-XRD50U-002-B
189,20260827,1,2,1,335,1,A,107.6,138.0,30.4,HARDCORE,X8,426757,USADO,HARDCORE,185978,USADO,0.0,0.0,5.96,0.0,ARENISCA,"Se engrasa equipo y accesorios, se estabiliza el sondaje, se continua con la perforacion. Geologia hace medicion de desviacion y levantamiento de sondaje. A fin de guardia se sacan las cajas a superficie.",False,20260827-AMERICANA-XRD50U-002-A
190,20260827,1,2,1,146,1,B,138.0,150.0,12.0,HARDCORE,X8,426757,USADO,HARDCORE,185978,USADO,0.0,0.0,0.0,0.0,ARENISCA,"A inicio de guardaia se tiene capacitacion interna. Engrase de equipo y accesorios. Se continua con la perforacion, se perfora terreno cambiante. Se realiza oren y limpieza. Se sacan las cajas de muestra.",False,20260827-AMERICANA-XRD50U-002-B
191,20260828,1,2,1,335,1,A,150.0,155.0,5.0,HARDCORE,X8,426757,USADO,HARDCORE,185978,USADO,0.0,0.0,2.9,0.0,ARENISCA,"Geologia da la orden para perforar 5.00 m. mas. Se culmina con el sondaje, se descarga barras y se apila. Se desancla equipo y se traslada al siguiente punto. Topografia marca siguiente sondaje. Se lleva power pack, mixer, bomba de lodos y tableros electricos. Se voltea cable electrico. Se estandariza kit antiderrame, tachos de residuos y porta aditivos.",False,20260828-AMERICANA-XRD50U-002-A
192,20260828,1,2,1,146,1,B,0.0,15.3,15.3,HARDCORE,X8,426757,USADO,HARDCORE,185978,USADO,0.0,0.0,0.0,0.0,ARENISCA,"A inicio de guardia se tiene capaciatcion interna. Se engrasa equipo y accesorios, se traslada los pendientes que quedo en la camara. Se pone en rumbo la maquina y se alinea. Se estandariza en su totalidad. Se hace instalaciones hidraulicas. Se perfora para perno de anclaje y se ancla. Se inicia con la perforacion.",False,20260828-AMERICANA-XRD50U-002-B
193,20260829,1,2,1,335,1,A,15.3,40.0,24.7,HARDCORE,X8,426757,USADO,HARDCORE,185978,USADO,0.0,0.0,5.1,0.0,ARENISCA,"Se engrasa equipo y accesorios, se continua con la perforacion. Geologia realiza medicion del sondaje AMED26119. Se llega a su programado de 40.00 m. A fin de guardia se sacan todas las cajas a superficie para su evaluacion.",False,20260829-AMERICANA-XRD50U-002-A
194,20260829,1,2,1,146,1,B,40.0,40.0,0.0,NAN,NAN,SIN_NUMERO,NAN,NAN,SIN_NUMERO,NAN,0.0,0.0,0.0,0.0,nan,"A inicio de guardia se tiene capacitacion por dos horas, se engrasa el equipo y accesorios. Se decarga tuberias y se traslada. Se desancla la maquina y se deja en posicion para cargar, se realiza desinstalacion hidraulica y se envuelve en el panel y unidad de poder. Se desestandariza en su totalidad quedando para traslado.",False,20260829-AMERICANA-XRD50U-002-B
195,20260830,1,2,3,335,1,A,0.0,0.0,0.0,NAN,NAN,SIN_NUMERO,NAN,NAN,SIN_NUMERO,NAN,0.0,0.0,0.0,0.0,nan,"Geologia replantea camara DDH, se recupera cable electrico, manguera de agua y reflectores. Se traslada maquina de perforacion y algunos accesorios del nivel 20 al nievl 13.",False,20260830-AMERICANA-XRD50U-002-A
196,20260830,1,2,3,146,1,B,0.0,0.0,0.0,NAN,NAN,SIN_NUMERO,NAN,NAN,SIN_NUMERO,NAN,0.0,0.0,0.0,0.0,nan,"Se rellena herramientas de gestion, se engrasa equipo y accesorios, se continua con la perforacion terreno arenisca silificado toda la guardia. Se realiza orden y limpieza en la camara. Se saca las cajas de muestras a superfircie.",False,20260830-AMERICANA-XRD50U-002-B
197,20260831,1,2,3,335,1,A,0.0,0.0,0.0,NAN,NAN,SIN_NUMERO,NAN,NAN,SIN_NUMERO,NAN,0.0,0.0,0.0,0.0,nan,"Se baja al nievl 20.5 se carga tuberias BQ, tina de lodos. Se culminacon el traslado en su totalidad. Geologia marca siguiente sondaje, se inicia con la estandarizacion, se coloca la maquina en su nivel y su rumbo. Se entabla, se coloca alcayatas, se tiende cable electrico, se coloca reflectores, se estandariza en su totalidad. Falta colocar linea a tierra y letreros.",False,20260831-AMERICANA-XRD50U-002-A
198,20260831,1,2,3,146,1,B,0.0,35.0,35.0,HARDCORE,X8,433072,NUEVO,HARDCORE,185978,USADO,0.0,0.0,0.0,0.0,nan,"A inicio de guardia se tiene capacitacion interna. Se engrasa equipo y accesorios, se realiza orden y limpieza. Se perfora para perno de anclaje. Se inici con la perforacion, se perfora terreno cambiante entre fracturado y compacto durante la guardia. Se sac las cajas de muestra.",False,20260831-AMERICANA-XRD50U-002-B
199,20260826,1,3,2,260,1,A,0.0,0.0,0.0,NAN,NAN,SIN_NUMERO,NAN,NAN,SIN_NUMERO,NAN,0.0,0.0,0.0,0.0,nan,"Se rellena herramientas de gestion, se realiza desisnstalacion hidraulica, se monta la maquina a la bobcat para trasladar al nivel 23. Se carga tablas con el camion del nivel 13 hacia el nivel 23, se descarga en la interseccion porque no ingresa el camion a la camara por espacio reducido. Desde el nivel 21 se cargas las estrucuturas y demas componentes y materiales hacia el nivel 23. Luego se traslada con camioneta hacia la camara.",False,20260826-AMERICANA-XRD50USS-001-A
200,20260826,1,3,2,212,1,B,0.0,0.0,0.0,NAN,NAN,SIN_NUMERO,NAN,NAN,SIN_NUMERO,NAN,0.0,0.0,0.0,0.0,nan,"Se rellena herramientas de gestion y se va a al nivel 13 y se traslada tuberias y barretillas hasta el nivel 23, se va la nivel 21 y se traslada cubil, mangueras y accesorios hasta el nivel 23. Se va con los electricistas para que energizen la ventiladora, se va con supervisor a pedir scoop sin exito, se traslada los accesorios a pulso hasta la camara.",False,20260826-AMERICANA-XRD50USS-001-B
201,20260827,1,3,2,346,1,A,0.0,0.0,0.0,NAN,NAN,SIN_NUMERO,NAN,NAN,SIN_NUMERO,NAN,0.0,0.0,0.0,0.0,nan,"Se acondiciona manga, se desancla el equipo del bobcat, se entabla y se estandariza. Se tiende cable electrico y se pone cajas electricas. Se coloca guarda y se hace instalacion hidraulica, agua, energia. Se nivela y se pone en su punto.",False,20260827-AMERICANA-XRD50USS-001-A
202,20260827,1,3,2,260,1,B,0.0,35.0,35.0,HARDCORE,X8,426720,NUEVO,HARDCORE,185970,NUEVO,0.0,0.0,0.0,0.0,nan,"Se rellena las herramientas de gestion, se culmina de colocar letreros, se realiza limpieza de caja de herramientas. Se perfora para perno central y se entabla. Se inicia con la perforacion terreno arenisca silificado. Se realiza orden y limpieza en la camara. Se saca cajas de muestras a suprficie.",False,20260827-AMERICANA-XRD50USS-001-B
203,20260828,1,3,2,346,1,A,35.0,70.0,35.0,HARDCORE,X8,426720,USADO,HARDCORE,185970,USADO,0.0,0.0,5.15,0.0,ARENISCA,"Se rellena herramientas de gestion, se hace desate de rocas, mecanico interviene el equipo. Se engrasa y se continua con la perforacion, se perfora terreno slificado cambiante, se tiene problemas con las mangueras y se hace limpieza.",False,20260828-AMERICANA-XRD50USS-001-A
204,20260828,1,3,2,260,1,B,70.0,105.0,35.0,HARDCORE,X8,426720,USADO,HARDCORE,185970,USADO,0.0,0.0,0.0,0.0,ARENISCA SILIFICADO,"Se rellena herramientas de gestion, se engrasa equipo y accesorios, se continua con la perforacion terreno arenisca silificado, se realiza orden y limpieza en la camara, se implementa paños absorventes en el kit antiderrame. Se saca cajas de muestra a superficie.",False,20260828-AMERICANA-XRD50USS-001-B
205,20260829,1,3,2,360,1,A,105.0,131.4,26.4,HARDCORE,X8,426720,USADO,HARDCORE,185970,USADO,0.0,0.0,6.0,0.0,ARENISCA,"Se rellena herramientas de gestion, se engrasa equipo y se continua con la perforacion, se perfora terreno silificado. Se realiza orden y limpieza.",False,20260829-AMERICANA-XRD50USS-001-A
206,20260829,1,3,2,260,1,B,131.4,166.4,35.0,HARDCORE,X8,426720,USADO,HARDCORE,185970,USADO,0.0,0.0,0.0,0.0,ARENISCA SILIFICADO,"Se rellena herramientas de gestion, se engrasa equipo y se continua con la perforacion, se perfora terreno arenisca silificado toda la guardia. A los 134.40 y 136.80 m. ,se impacta con bolsonada de agua generando mucha presion y torque. Se estabiliza el sondaje, se perfora con normalidad hasta fin de guardia. Se saca las cajas de muestras.",False,20260829-AMERICANA-XRD50USS-001-B
207,20260830,1,3,2,360,1,A,166.4,185.1,18.7,HARDCORE,X8,426720,USADO,HARDCORE,185970,USADO,0.0,0.0,4.2,0.0,ARENISCA,"Se rellena herramientas de gestion, se engrasa equipo y accesorios, se hace mantenimiento de cabezal, se continua con la perforacion, se perfora terreno silificado toda la guardia. Se hace orden y limpieza.",False,20260830-AMERICANA-XRD50USS-001-A
208,20260830,1,3,2,260,1,B,185.1,220.1,35.0,HARDCORE,X8,426720,USADO,HARDCORE,185970,USADO,0.0,0.0,0.0,0.0,ARENISCA SILIFICADO,"Se rellena herramientas de gestion, se engrasa equipo y accesorios, se continua con la perforacion terreno arenisca silificado toda la guardia. Se realiza orden y limpieza en la camara. Se saca las cajas de muestras a superfircie.",False,20260830-AMERICANA-XRD50USS-001-B
209,20260831,1,3,2,360,1,A,220.1,232.9,12.8,HARDCORE,X8,426722,NUEVO,HARDCORE,185970,USADO,0.0,0.0,6.0,0.0,ARENISCA,"Se rellena herramientas de gestion, se engrasa maquina y accesorios, se descarga barras y se carga con broca nueva, se corta bolsonada de agua a los 226.50 m. Se descarga barras y se recupera tubo interior. Se hace limpieza.",False,20260831-AMERICANA-XRD50USS-001-A
210,20260831,1,3,2,260,1,B,232.9,248.8,15.9,HARDCORE,X8,426722,USADO,HARDCORE,185970,USADO,0.0,0.0,0.0,0.0,ARENISCA SILIFICADO,"Se rellena herramientas de gestion, se engrasa equipo y accesorios, se realiza mantenimiento de cabezal. Se inicia con la perforacion con mucha presion de agua y torque elevado. Se logra liberar con mucha dificultad y se continua con la perforacion terreno arenisca silificado. Se tiene inconvenientes con bushing indicator del cabezal y se trabaja con un solo cabezal. Se realiza orden y limpieza. Se saca las cajas de muesytra a superficie.",False,20260831-AMERICANA-XRD50USS-001-B
211,20260826,1,1,65,258,2,A,0.0,0.0,0.0,NAN,NAN,SIN_NUMERO,NAN,NAN,SIN_NUMERO,NAN,0.0,0.0,0.0,0.0,nan,nan,False,20260826-AMERICANA-XRD125USS-001-A
212,20260826,1,1,65,258,2,B,0.0,0.0,0.0,NAN,NAN,SIN_NUMERO,NAN,NAN,SIN_NUMERO,NAN,0.0,0.0,0.0,0.0,nan,nan,False,20260826-AMERICANA-XRD125USS-001-B
213,20260827,1,1,65,258,2,A,0.0,0.0,0.0,NAN,NAN,SIN_NUMERO,NAN,NAN,SIN_NUMERO,NAN,0.0,0.0,0.0,0.0,nan,nan,False,20260827-AMERICANA-XRD125USS-001-A
214,20260827,1,1,65,258,2,B,0.0,0.0,0.0,NAN,NAN,SIN_NUMERO,NAN,NAN,SIN_NUMERO,NAN,0.0,0.0,0.0,0.0,nan,nan,False,20260827-AMERICANA-XRD125USS-001-B
215,20260828,1,1,65,258,2,A,0.0,0.0,0.0,NAN,NAN,SIN_NUMERO,NAN,NAN,SIN_NUMERO,NAN,0.0,0.0,0.0,0.0,nan,nan,False,20260828-AMERICANA-XRD125USS-001-A
216,20260828,1,1,65,258,2,B,0.0,0.0,0.0,NAN,NAN,SIN_NUMERO,NAN,NAN,SIN_NUMERO,NAN,0.0,0.0,0.0,0.0,nan,nan,False,20260828-AMERICANA-XRD125USS-001-B
217,20260829,1,1,65,258,2,A,0.0,0.0,0.0,NAN,NAN,SIN_NUMERO,NAN,NAN,SIN_NUMERO,NAN,0.0,0.0,0.0,0.0,nan,nan,False,20260829-AMERICANA-XRD125USS-001-A
218,20260829,1,1,65,258,2,B,0.0,0.0,0.0,NAN,NAN,SIN_NUMERO,NAN,NAN,SIN_NUMERO,NAN,0.0,0.0,0.0,0.0,nan,nan,False,20260829-AMERICANA-XRD125USS-001-B
219,20260830,1,1,65,258,2,A,0.0,0.0,0.0,NAN,NAN,SIN_NUMERO,NAN,NAN,SIN_NUMERO,NAN,0.0,0.0,0.0,0.0,nan,nan,False,20260830-AMERICANA-XRD125USS-001-A
220,20260830,1,1,65,258,2,B,0.0,0.0,0.0,NAN,NAN,SIN_NUMERO,NAN,NAN,SIN_NUMERO,NAN,0.0,0.0,0.0,0.0,nan,nan,False,20260830-AMERICANA-XRD125USS-001-B
221,20260831,1,1,65,258,2,A,0.0,0.0,0.0,NAN,NAN,SIN_NUMERO,NAN,NAN,SIN_NUMERO,NAN,0.0,0.0,0.0,0.0,nan,nan,False,20260831-AMERICANA-XRD125USS-001-A
222,20260831,1,1,65,258,2,B,0.0,0.0,0.0,NAN,NAN,SIN_NUMERO,NAN,NAN,SIN_NUMERO,NAN,0.0,0.0,0.0,0.0,nan,nan,False,20260831-AMERICANA-XRD125USS-001-B
223,20260901,1,1,65,258,2,A,0.0,0.0,0.0,NAN,NAN,SIN_NUMERO,NAN,NAN,SIN_NUMERO,NAN,0.0,0.0,0.0,0.0,nan,nan,False,20260901-AMERICANA-XRD125USS-001-A
224,20260901,1,1,65,258,2,B,0.0,0.0,0.0,NAN,NAN,SIN_NUMERO,NAN,NAN,SIN_NUMERO,NAN,0.0,0.0,0.0,0.0,nan,nan,False,20260901-AMERICANA-XRD125USS-001-B
225,20260902,1,1,65,258,2,A,0.0,0.0,0.0,NAN,NAN,SIN_NUMERO,NAN,NAN,SIN_NUMERO,NAN,0.0,0.0,0.0,0.0,nan,nan,False,20260902-AMERICANA-XRD125USS-001-A
226,20260902,1,1,65,258,2,B,0.0,0.0,0.0,NAN,NAN,SIN_NUMERO,NAN,NAN,SIN_NUMERO,NAN,0.0,0.0,0.0,0.0,nan,nan,False,20260902-AMERICANA-XRD125USS-001-B
227,20260903,1,1,65,258,2,A,0.0,0.0,0.0,NAN,NAN,SIN_NUMERO,NAN,NAN,SIN_NUMERO,NAN,0.0,0.0,0.0,0.0,nan,nan,False,20260903-AMERICANA-XRD125USS-001-A
228,20260903,1,1,65,258,2,B,0.0,0.0,0.0,NAN,NAN,SIN_NUMERO,NAN,NAN,SIN_NUMERO,NAN,0.0,0.0,0.0,0.0,nan,nan,False,20260903-AMERICANA-XRD125USS-001-B
229,20260904,1,1,65,258,2,A,0.0,0.0,0.0,NAN,NAN,SIN_NUMERO,NAN,NAN,SIN_NUMERO,NAN,0.0,0.0,0.0,0.0,nan,nan,False,20260904-AMERICANA-XRD125USS-001-A
230,20260904,1,1,65,258,2,B,0.0,0.0,0.0,NAN,NAN,SIN_NUMERO,NAN,NAN,SIN_NUMERO,NAN,0.0,0.0,0.0,0.0,nan,nan,False,20260904-AMERICANA-XRD125USS-001-B
231,20260905,1,1,65,258,2,A,0.0,0.0,0.0,NAN,NAN,SIN_NUMERO,NAN,NAN,SIN_NUMERO,NAN,0.0,0.0,0.0,0.0,nan,nan,False,20260905-AMERICANA-XRD125USS-001-A
232,20260905,1,1,65,258,2,B,0.0,0.0,0.0,NAN,NAN,SIN_NUMERO,NAN,NAN,SIN_NUMERO,NAN,0.0,0.0,0.0,0.0,nan,nan,False,20260905-AMERICANA-XRD125USS-001-B
233,20260906,1,1,65,258,2,A,0.0,0.0,0.0,NAN,NAN,SIN_NUMERO,NAN,NAN,SIN_NUMERO,NAN,0.0,0.0,0.0,0.0,nan,nan,False,20260906-AMERICANA-XRD125USS-001-A
234,20260906,1,1,65,258,2,B,0.0,0.0,0.0,NAN,NAN,SIN_NUMERO,NAN,NAN,SIN_NUMERO,NAN,0.0,0.0,0.0,0.0,nan,nan,False,20260906-AMERICANA-XRD125USS-001-B
235,20260907,1,1,65,258,2,A,0.0,0.0,0.0,NAN,NAN,SIN_NUMERO,NAN,NAN,SIN_NUMERO,NAN,0.0,0.0,0.0,0.0,nan,nan,False,20260907-AMERICANA-XRD125USS-001-A
236,20260907,1,1,65,258,2,B,0.0,0.0,0.0,NAN,NAN,SIN_NUMERO,NAN,NAN,SIN_NUMERO,NAN,0.0,0.0,0.0,0.0,nan,nan,False,20260907-AMERICANA-XRD125USS-001-B
237,20260908,1,1,65,258,2,A,0.0,0.0,0.0,NAN,NAN,SIN_NUMERO,NAN,NAN,SIN_NUMERO,NAN,0.0,0.0,0.0,0.0,nan,nan,False,20260908-AMERICANA-XRD125USS-001-A
238,20260908,1,1,65,258,2,B,0.0,0.0,0.0,NAN,NAN,SIN_NUMERO,NAN,NAN,SIN_NUMERO,NAN,0.0,0.0,0.0,0.0,nan,nan,False,20260908-AMERICANA-XRD125USS-001-B
239,20260909,1,1,65,258,2,A,0.0,0.0,0.0,NAN,NAN,SIN_NUMERO,NAN,NAN,SIN_NUMERO,NAN,0.0,0.0,0.0,0.0,nan,nan,False,20260909-AMERICANA-XRD125USS-001-A
240,20260909,1,1,65,258,2,B,0.0,0.0,0.0,NAN,NAN,SIN_NUMERO,NAN,NAN,SIN_NUMERO,NAN,0.0,0.0,0.0,0.0,nan,nan,False,20260909-AMERICANA-XRD125USS-001-B
241,20260910,1,1,65,258,2,A,0.0,0.0,0.0,NAN,NAN,SIN_NUMERO,NAN,NAN,SIN_NUMERO,NAN,0.0,0.0,0.0,0.0,nan,nan,False,20260910-AMERICANA-XRD125USS-001-A
242,20260910,1,1,65,258,2,B,0.0,0.0,0.0,NAN,NAN,SIN_NUMERO,NAN,NAN,SIN_NUMERO,NAN,0.0,0.0,0.0,0.0,nan,nan,False,20260910-AMERICANA-XRD125USS-001-B
243,20260911,1,1,65,258,2,A,0.0,0.0,0.0,NAN,NAN,SIN_NUMERO,NAN,NAN,SIN_NUMERO,NAN,0.0,0.0,0.0,0.0,nan,nan,False,20260911-AMERICANA-XRD125USS-001-A
244,20260911,1,1,65,258,2,B,0.0,0.0,0.0,NAN,NAN,SIN_NUMERO,NAN,NAN,SIN_NUMERO,NAN,0.0,0.0,0.0,0.0,nan,nan,False,20260911-AMERICANA-XRD125USS-001-B
245,20260912,1,1,65,258,2,A,0.0,0.0,0.0,NAN,NAN,SIN_NUMERO,NAN,NAN,SIN_NUMERO,NAN,0.0,0.0,0.0,0.0,nan,nan,False,20260912-AMERICANA-XRD125USS-001-A
246,20260912,1,1,65,258,2,B,0.0,0.0,0.0,NAN,NAN,SIN_NUMERO,NAN,NAN,SIN_NUMERO,NAN,0.0,0.0,0.0,0.0,nan,nan,False,20260912-AMERICANA-XRD125USS-001-B
247,20260913,1,1,65,258,2,A,0.0,0.0,0.0,NAN,NAN,SIN_NUMERO,NAN,NAN,SIN_NUMERO,NAN,0.0,0.0,0.0,0.0,nan,nan,False,20260913-AMERICANA-XRD125USS-001-A
248,20260913,1,1,65,258,2,B,0.0,0.0,0.0,NAN,NAN,SIN_NUMERO,NAN,NAN,SIN_NUMERO,NAN,0.0,0.0,0.0,0.0,nan,nan,False,20260913-AMERICANA-XRD125USS-001-B
249,20260914,1,1,65,258,2,A,0.0,0.0,0.0,NAN,NAN,SIN_NUMERO,NAN,NAN,SIN_NUMERO,NAN,0.0,0.0,0.0,0.0,nan,nan,False,20260914-AMERICANA-XRD125USS-001-A
250,20260914,1,1,65,258,2,B,0.0,0.0,0.0,NAN,NAN,SIN_NUMERO,NAN,NAN,SIN_NUMERO,NAN,0.0,0.0,0.0,0.0,nan,nan,False,20260914-AMERICANA-XRD125USS-001-B
251,20260915,1,1,65,258,2,A,0.0,0.0,0.0,NAN,NAN,SIN_NUMERO,NAN,NAN,SIN_NUMERO,NAN,0.0,0.0,0.0,0.0,nan,nan,False,20260915-AMERICANA-XRD125USS-001-A
252,20260915,1,1,65,258,2,B,0.0,0.0,0.0,NAN,NAN,SIN_NUMERO,NAN,NAN,SIN_NUMERO,NAN,0.0,0.0,0.0,0.0,nan,nan,False,20260915-AMERICANA-XRD125USS-001-B
253,20260916,1,1,65,258,2,A,0.0,0.0,0.0,NAN,NAN,SIN_NUMERO,NAN,NAN,SIN_NUMERO,NAN,0.0,0.0,0.0,0.0,nan,nan,False,20260916-AMERICANA-XRD125USS-001-A
254,20260916,1,1,65,258,2,B,0.0,0.0,0.0,NAN,NAN,SIN_NUMERO,NAN,NAN,SIN_NUMERO,NAN,0.0,0.0,0.0,0.0,nan,nan,False,20260916-AMERICANA-XRD125USS-001-B
255,20260917,1,1,65,258,2,A,0.0,0.0,0.0,NAN,NAN,SIN_NUMERO,NAN,NAN,SIN_NUMERO,NAN,0.0,0.0,0.0,0.0,nan,nan,False,20260917-AMERICANA-XRD125USS-001-A
256,20260917,1,1,65,258,2,B,0.0,0.0,0.0,NAN,NAN,SIN_NUMERO,NAN,NAN,SIN_NUMERO,NAN,0.0,0.0,0.0,0.0,nan,nan,False,20260917-AMERICANA-XRD125USS-001-B
257,20260918,1,1,65,258,2,A,0.0,0.0,0.0,NAN,NAN,SIN_NUMERO,NAN,NAN,SIN_NUMERO,NAN,0.0,0.0,0.0,0.0,nan,nan,False,20260918-AMERICANA-XRD125USS-001-A
258,20260918,1,1,65,258,2,B,0.0,0.0,0.0,NAN,NAN,SIN_NUMERO,NAN,NAN,SIN_NUMERO,NAN,0.0,0.0,0.0,0.0,nan,nan,False,20260918-AMERICANA-XRD125USS-001-B
259,20260919,1,1,65,258,2,A,0.0,0.0,0.0,NAN,NAN,SIN_NUMERO,NAN,NAN,SIN_NUMERO,NAN,0.0,0.0,0.0,0.0,nan,nan,False,20260919-AMERICANA-XRD125USS-001-A
260,20260919,1,1,65,258,2,B,0.0,0.0,0.0,NAN,NAN,SIN_NUMERO,NAN,NAN,SIN_NUMERO,NAN,0.0,0.0,0.0,0.0,nan,nan,False,20260919-AMERICANA-XRD125USS-001-B
261,20260920,1,1,65,258,2,A,0.0,0.0,0.0,NAN,NAN,SIN_NUMERO,NAN,NAN,SIN_NUMERO,NAN,0.0,0.0,0.0,0.0,nan,nan,False,20260920-AMERICANA-XRD125USS-001-A
262,20260920,1,1,65,258,2,B,0.0,0.0,0.0,NAN,NAN,SIN_NUMERO,NAN,NAN,SIN_NUMERO,NAN,0.0,0.0,0.0,0.0,nan,nan,False,20260920-AMERICANA-XRD125USS-001-B
263,20260921,1,1,65,258,2,A,0.0,0.0,0.0,NAN,NAN,SIN_NUMERO,NAN,NAN,SIN_NUMERO,NAN,0.0,0.0,0.0,0.0,nan,nan,False,20260921-AMERICANA-XRD125USS-001-A
264,20260921,1,1,65,258,2,B,0.0,0.0,0.0,NAN,NAN,SIN_NUMERO,NAN,NAN,SIN_NUMERO,NAN,0.0,0.0,0.0,0.0,nan,nan,False,20260921-AMERICANA-XRD125USS-001-B
265,20260922,1,1,65,258,2,A,0.0,0.0,0.0,NAN,NAN,SIN_NUMERO,NAN,NAN,SIN_NUMERO,NAN,0.0,0.0,0.0,0.0,nan,nan,False,20260922-AMERICANA-XRD125USS-001-A
266,20260922,1,1,65,258,2,B,0.0,0.0,0.0,NAN,NAN,SIN_NUMERO,NAN,NAN,SIN_NUMERO,NAN,0.0,0.0,0.0,0.0,nan,nan,False,20260922-AMERICANA-XRD125USS-001-B
267,20260923,1,1,65,258,2,A,0.0,0.0,0.0,NAN,NAN,SIN_NUMERO,NAN,NAN,SIN_NUMERO,NAN,0.0,0.0,0.0,0.0,nan,nan,False,20260923-AMERICANA-XRD125USS-001-A
268,20260923,1,1,65,258,2,B,0.0,0.0,0.0,NAN,NAN,SIN_NUMERO,NAN,NAN,SIN_NUMERO,NAN,0.0,0.0,0.0,0.0,nan,nan,False,20260923-AMERICANA-XRD125USS-001-B
269,20260924,1,1,65,258,2,A,0.0,0.0,0.0,NAN,NAN,SIN_NUMERO,NAN,NAN,SIN_NUMERO,NAN,0.0,0.0,0.0,0.0,nan,nan,False,20260924-AMERICANA-XRD125USS-001-A
270,20260924,1,1,65,258,2,B,0.0,0.0,0.0,NAN,NAN,SIN_NUMERO,NAN,NAN,SIN_NUMERO,NAN,0.0,0.0,0.0,0.0,nan,nan,False,20260924-AMERICANA-XRD125USS-001-B
271,20260925,1,1,65,258,2,A,0.0,0.0,0.0,NAN,NAN,SIN_NUMERO,NAN,NAN,SIN_NUMERO,NAN,0.0,0.0,0.0,0.0,nan,nan,False,20260925-AMERICANA-XRD125USS-001-A
272,20260925,1,1,65,258,2,B,0.0,0.0,0.0,NAN,NAN,SIN_NUMERO,NAN,NAN,SIN_NUMERO,NAN,0.0,0.0,0.0,0.0,nan,nan,False,20260925-AMERICANA-XRD125USS-001-B
273,20260826,5,23,42,201,2,A,0.0,0.0,0.0,NAN,NAN,SIN_NUMERO,NAN,NAN,SIN_NUMERO,NAN,0.0,0.0,5.3,0.0,nan,Se realiza el Gcom con el personal  de turno se tiene charla de seguridad con la ingeniera de turno se ingresa a mina monitorendo con el altair hasta la camara se rellena herramientas de gestion se engrasa maquina y acondiciona para luego descargar se realiza la medicion Gyro a los 100 mtros se descarga  barras de perforacion se traslada al caballete las tuberias se desinstala a maquina y manguera del winche se cambia se desancla la maquina y se retira el anclaje con dificultad se pone en el punto exacto y asegura con la tabla a los bordes se arma andamio y se estandariza al 90% queda para iniciar el anclasje de perforacion.,False,20260826-CERRO-XRD150U-002-A
274,20260826,5,23,42,62,2,B,0.0,7.95,7.95,HARDCORE,X8,439413,USADO,HARDCORE,193498,USADO,0.0,0.0,0.0,0.0,nan,Inicio de guardia se asiste al Gcom luego se ingresa a la camara se rellena las herramientas de gestion se culmina con la estandarizacion se procede a perforar perno de anclaje se coloca el perno central se fija se empieza con la perforacion terreno duro fracturado toda la guardia  se realiza ordne y limpieza.,False,20260826-CERRO-XRD150U-002-B
275,20260827,5,23,42,201,2,A,7.95,28.8,20.85,HARDCORE,X8,439413,USADO,HARDCORE,193498,USADO,0.0,0.0,6.6,0.0,nan,Se realiza el Gcom con el personal de turno se tiene charla de seguridad con la ingeniera de turno se ingresa monitoreando a la mina con el Altair se rellena herramientas de gestion se engrasa maquina ya accesorios se prepara buen lodo y se continua con la perforacion terreno variado fracturado se perfora con normalidad toda la guardia se realiza orden y limpieza la camara queda todo operativo  para continuar.,False,20260827-CERRO-XRD150U-002-A
276,20260827,5,23,42,62,2,B,28.8,44.9,16.1,HARDCORE,X8,439413,USADO,HARDCORE,193498,USADO,0.0,0.0,0.0,0.0,nan,Inicio de guardia se tiene difusion de 3 accidentes en minas luego se ingresa a mina se llena las herramientas de gestion se continua con la perforacion se perfora terreno caliza alterna con panizo  se descarga la tuberia para verificar la broca se acondiciona el zondaje se pefora con dificultad con torque de 3500 psi se realiza orden y limpieza a fin de guardia.,False,20260827-CERRO-XRD150U-002-B
277,20260828,5,23,42,62,2,A,44.9,60.35,15.45,HARDCORE,X8,439432,NUEVO,HARDCORE,193498,USADO,0.0,0.0,5.2,0.0,nan,"Se realiza el Gcom con el personal de turno, se ingresa monitoreando a la mina con el Altair, se rellena herramientas de gestion, se engrasa maquina y accesorios, se descarga tuberia para cambiar de broca, se prepara buen lodo y se continua con la perforacion, despues de media guardia se espera la liberacion del nv. 300 hacia la 8866, bloqueada por geomecanica de 13:00 a 15:00, se realiza orden y limpieza la camara queda todo operativo  para continuar.",False,20260828-CERRO-XRD150U-002-A
278,20260828,5,23,42,2,2,B,60.35,60.35,0.0,NAN,NAN,SIN_NUMERO,NAN,NAN,SIN_NUMERO,NAN,0.0,0.0,0.0,0.0,nan,"Se realiza el GCOM con el personal de turno, se tiene visita del ing. Corporativo ssoma, no se ingresa por falta de personal",False,20260828-CERRO-XRD150U-002-B
279,20260829,5,23,42,62,2,A,60.35,71.8,11.45,HARDCORE,X8,439432,USADO,HARDCORE,193498,USADO,0.0,0.0,6.7,0.0,nan,"Se realiza el Gcom con el personal de turno, se ingresa monitoreando a la mina con el Altair, se rellena herramientas de gestion, se acondiciona el sondaje, se descarga tuberia para verificar estado de broca, se continua con la perforacion, se realiza orden y limpieza la camara queda todo operativo  para continuar.",False,20260829-CERRO-XRD150U-002-A
280,20260829,5,23,43,2,2,B,0.0,0.0,0.0,NAN,NAN,SIN_NUMERO,NAN,NAN,SIN_NUMERO,NAN,0.0,0.0,0.0,0.0,nan,"Se realiza el GCOM con el personal de turno, se revisa los pets con ssoma, se prepara lodo de perforacion, traslado de equipo ddh y accesorios de perforacion con scoop, instalacion y desinstalacion de maquina ddh y cambio de punto, estandarizacion de camara ddh, se ingresa monitoreandocon el altair, se rellena herramientas de gestion, se realiza medicion de desviacion del sondaje, se realiza orden y limpieza.",False,20260829-CERRO-XRD150U-002-B
281,20260830,5,23,43,62,2,A,0.0,0.0,0.0,NAN,NAN,SIN_NUMERO,NAN,NAN,SIN_NUMERO,NAN,0.0,0.0,0.0,0.0,nan,"Se realiza el Gcom con el personal de turno, se paraliza los trabajos de perforacion por falta de ayudantes, se levanta las observaciones del turno noche.",False,20260830-CERRO-XRD150U-002-A
282,20260830,5,23,43,2,2,B,71.8,82.5,10.7,HARDCORE,X8,439432,USADO,HARDCORE,193498,USADO,0.0,0.0,0.0,0.0,nan,"Se realiza el GCOM con el personal de turno, se ingresa monitoreando los gases con el altair, se rellena las herramientas de gestion, se engrasa la maquina y accesorios, se prepara buen lodo, se acondiciona el sondaje, se continua con la perforacion, se tiene corte de energia y ventilacion de 23:40 hasta 01:40, se perfora con torque elevado 4200psi, presion de agua, se deja descargado 2 tubos, se realiza orden y limpieza.",False,20260830-CERRO-XRD150U-002-B
283,20260831,5,23,43,62,2,A,82.5,82.5,0.0,NAN,NAN,SIN_NUMERO,NAN,NAN,SIN_NUMERO,NAN,0.0,0.0,0.0,0.0,nan,"Se realiza el Gcom con el personal de turno, se paraliza los trabajos de perforacion por falta de ayudante, se recoje lama 20 sacos, limpieza de maquina y accesorios en general.",False,20260831-CERRO-XRD150U-002-A
284,20260831,5,23,43,2,2,B,82.5,91.55,9.05,HARDCORE,X8,439432,USADO,HARDCORE,193498,USADO,0.0,0.0,0.0,0.0,nan,"Se realiza el GCOM con el personal de turno, se ingresa monitoreando los gases con el altair, se rellena las herramientas de gestion, se engrasa la maquina y accesorios, se prepara buen lodo, se acondiciona el sondaje, se continua con la perforacion, se tiene mucha presion de agua, se descarga 2 tubos, se realiza orden y limpieza.",False,20260831-CERRO-XRD150U-002-B
285,20260901,5,23,43,258,2,A,0.0,0.0,0.0,NAN,NAN,SIN_NUMERO,NAN,NAN,SIN_NUMERO,NAN,0.0,0.0,0.0,0.0,nan,nan,False,20260901-CERRO-XRD150U-002-A
286,20260901,5,23,68,258,2,B,0.0,0.0,0.0,NAN,NAN,SIN_NUMERO,NAN,NAN,SIN_NUMERO,NAN,0.0,0.0,0.0,0.0,nan,nan,False,20260901-CERRO-XRD150U-002-B
287,20260902,5,23,68,258,2,A,0.0,0.0,0.0,NAN,NAN,SIN_NUMERO,NAN,NAN,SIN_NUMERO,NAN,0.0,0.0,0.0,0.0,nan,nan,False,20260902-CERRO-XRD150U-002-A
288,20260902,5,23,68,258,2,B,0.0,0.0,0.0,NAN,NAN,SIN_NUMERO,NAN,NAN,SIN_NUMERO,NAN,0.0,0.0,0.0,0.0,nan,nan,False,20260902-CERRO-XRD150U-002-B
289,20260903,5,23,68,258,2,A,0.0,0.0,0.0,NAN,NAN,SIN_NUMERO,NAN,NAN,SIN_NUMERO,NAN,0.0,0.0,0.0,0.0,nan,nan,False,20260903-CERRO-XRD150U-002-A
290,20260903,5,23,68,258,2,B,0.0,0.0,0.0,NAN,NAN,SIN_NUMERO,NAN,NAN,SIN_NUMERO,NAN,0.0,0.0,0.0,0.0,nan,nan,False,20260903-CERRO-XRD150U-002-B
291,20260904,5,23,68,258,2,A,0.0,0.0,0.0,NAN,NAN,SIN_NUMERO,NAN,NAN,SIN_NUMERO,NAN,0.0,0.0,0.0,0.0,nan,nan,False,20260904-CERRO-XRD150U-002-A
292,20260904,5,23,68,258,2,B,0.0,0.0,0.0,NAN,NAN,SIN_NUMERO,NAN,NAN,SIN_NUMERO,NAN,0.0,0.0,0.0,0.0,nan,nan,False,20260904-CERRO-XRD150U-002-B
293,20260905,5,23,68,258,2,A,0.0,0.0,0.0,NAN,NAN,SIN_NUMERO,NAN,NAN,SIN_NUMERO,NAN,0.0,0.0,0.0,0.0,nan,nan,False,20260905-CERRO-XRD150U-002-A
294,20260905,5,23,68,258,2,B,0.0,0.0,0.0,NAN,NAN,SIN_NUMERO,NAN,NAN,SIN_NUMERO,NAN,0.0,0.0,0.0,0.0,nan,nan,False,20260905-CERRO-XRD150U-002-B
295,20260906,5,23,68,258,2,A,0.0,0.0,0.0,NAN,NAN,SIN_NUMERO,NAN,NAN,SIN_NUMERO,NAN,0.0,0.0,0.0,0.0,nan,nan,False,20260906-CERRO-XRD150U-002-A
296,20260906,5,23,68,258,2,B,0.0,0.0,0.0,NAN,NAN,SIN_NUMERO,NAN,NAN,SIN_NUMERO,NAN,0.0,0.0,0.0,0.0,nan,nan,False,20260906-CERRO-XRD150U-002-B
297,20260907,5,23,68,258,2,A,0.0,0.0,0.0,NAN,NAN,SIN_NUMERO,NAN,NAN,SIN_NUMERO,NAN,0.0,0.0,0.0,0.0,nan,nan,False,20260907-CERRO-XRD150U-002-A
298,20260907,5,23,68,258,2,B,0.0,0.0,0.0,NAN,NAN,SIN_NUMERO,NAN,NAN,SIN_NUMERO,NAN,0.0,0.0,0.0,0.0,nan,nan,False,20260907-CERRO-XRD150U-002-B
299,20260908,5,23,68,258,2,A,0.0,0.0,0.0,NAN,NAN,SIN_NUMERO,NAN,NAN,SIN_NUMERO,NAN,0.0,0.0,0.0,0.0,nan,nan,False,20260908-CERRO-XRD150U-002-A
300,20260908,5,23,68,258,2,B,0.0,0.0,0.0,NAN,NAN,SIN_NUMERO,NAN,NAN,SIN_NUMERO,NAN,0.0,0.0,0.0,0.0,nan,nan,False,20260908-CERRO-XRD150U-002-B
301,20260909,5,23,68,258,2,A,0.0,0.0,0.0,NAN,NAN,SIN_NUMERO,NAN,NAN,SIN_NUMERO,NAN,0.0,0.0,0.0,0.0,nan,nan,False,20260909-CERRO-XRD150U-002-A
302,20260909,5,23,68,258,2,B,0.0,0.0,0.0,NAN,NAN,SIN_NUMERO,NAN,NAN,SIN_NUMERO,NAN,0.0,0.0,0.0,0.0,nan,nan,False,20260909-CERRO-XRD150U-002-B
303,20260910,5,23,68,258,2,A,0.0,0.0,0.0,NAN,NAN,SIN_NUMERO,NAN,NAN,SIN_NUMERO,NAN,0.0,0.0,0.0,0.0,nan,nan,False,20260910-CERRO-XRD150U-002-A
304,20260910,5,23,68,258,2,B,0.0,0.0,0.0,NAN,NAN,SIN_NUMERO,NAN,NAN,SIN_NUMERO,NAN,0.0,0.0,0.0,0.0,nan,nan,False,20260910-CERRO-XRD150U-002-B
305,20260911,5,23,68,258,2,A,0.0,0.0,0.0,NAN,NAN,SIN_NUMERO,NAN,NAN,SIN_NUMERO,NAN,0.0,0.0,0.0,0.0,nan,nan,False,20260911-CERRO-XRD150U-002-A
306,20260911,5,23,68,258,2,B,0.0,0.0,0.0,NAN,NAN,SIN_NUMERO,NAN,NAN,SIN_NUMERO,NAN,0.0,0.0,0.0,0.0,nan,nan,False,20260911-CERRO-XRD150U-002-B
307,20260912,5,23,68,258,2,A,0.0,0.0,0.0,NAN,NAN,SIN_NUMERO,NAN,NAN,SIN_NUMERO,NAN,0.0,0.0,0.0,0.0,nan,nan,False,20260912-CERRO-XRD150U-002-A
308,20260912,5,23,68,258,2,B,0.0,0.0,0.0,NAN,NAN,SIN_NUMERO,NAN,NAN,SIN_NUMERO,NAN,0.0,0.0,0.0,0.0,nan,nan,False,20260912-CERRO-XRD150U-002-B
309,20260913,5,23,68,258,2,A,0.0,0.0,0.0,NAN,NAN,SIN_NUMERO,NAN,NAN,SIN_NUMERO,NAN,0.0,0.0,0.0,0.0,nan,nan,False,20260913-CERRO-XRD150U-002-A
310,20260913,5,23,68,258,2,B,0.0,0.0,0.0,NAN,NAN,SIN_NUMERO,NAN,NAN,SIN_NUMERO,NAN,0.0,0.0,0.0,0.0,nan,nan,False,20260913-CERRO-XRD150U-002-B
311,20260914,5,23,68,258,2,A,0.0,0.0,0.0,NAN,NAN,SIN_NUMERO,NAN,NAN,SIN_NUMERO,NAN,0.0,0.0,0.0,0.0,nan,nan,False,20260914-CERRO-XRD150U-002-A
312,20260914,5,23,68,258,2,B,0.0,0.0,0.0,NAN,NAN,SIN_NUMERO,NAN,NAN,SIN_NUMERO,NAN,0.0,0.0,0.0,0.0,nan,nan,False,20260914-CERRO-XRD150U-002-B
313,20260915,5,23,68,258,2,A,0.0,0.0,0.0,NAN,NAN,SIN_NUMERO,NAN,NAN,SIN_NUMERO,NAN,0.0,0.0,0.0,0.0,nan,nan,False,20260915-CERRO-XRD150U-002-A
314,20260915,5,23,68,258,2,B,0.0,0.0,0.0,NAN,NAN,SIN_NUMERO,NAN,NAN,SIN_NUMERO,NAN,0.0,0.0,0.0,0.0,nan,nan,False,20260915-CERRO-XRD150U-002-B
315,20260916,5,23,68,258,2,A,0.0,0.0,0.0,NAN,NAN,SIN_NUMERO,NAN,NAN,SIN_NUMERO,NAN,0.0,0.0,0.0,0.0,nan,nan,False,20260916-CERRO-XRD150U-002-A
316,20260916,5,23,68,258,2,B,0.0,0.0,0.0,NAN,NAN,SIN_NUMERO,NAN,NAN,SIN_NUMERO,NAN,0.0,0.0,0.0,0.0,nan,nan,False,20260916-CERRO-XRD150U-002-B
317,20260917,5,23,68,258,2,A,0.0,0.0,0.0,NAN,NAN,SIN_NUMERO,NAN,NAN,SIN_NUMERO,NAN,0.0,0.0,0.0,0.0,nan,nan,False,20260917-CERRO-XRD150U-002-A
318,20260917,5,23,68,258,2,B,0.0,0.0,0.0,NAN,NAN,SIN_NUMERO,NAN,NAN,SIN_NUMERO,NAN,0.0,0.0,0.0,0.0,nan,nan,False,20260917-CERRO-XRD150U-002-B
319,20260918,5,23,68,258,2,A,0.0,0.0,0.0,NAN,NAN,SIN_NUMERO,NAN,NAN,SIN_NUMERO,NAN,0.0,0.0,0.0,0.0,nan,nan,False,20260918-CERRO-XRD150U-002-A
320,20260918,5,23,68,258,2,B,0.0,0.0,0.0,NAN,NAN,SIN_NUMERO,NAN,NAN,SIN_NUMERO,NAN,0.0,0.0,0.0,0.0,nan,nan,False,20260918-CERRO-XRD150U-002-B
321,20260919,5,23,68,258,2,A,0.0,0.0,0.0,NAN,NAN,SIN_NUMERO,NAN,NAN,SIN_NUMERO,NAN,0.0,0.0,0.0,0.0,nan,nan,False,20260919-CERRO-XRD150U-002-A
322,20260919,5,23,68,258,2,B,0.0,0.0,0.0,NAN,NAN,SIN_NUMERO,NAN,NAN,SIN_NUMERO,NAN,0.0,0.0,0.0,0.0,nan,nan,False,20260919-CERRO-XRD150U-002-B
323,20260920,5,23,68,258,2,A,0.0,0.0,0.0,NAN,NAN,SIN_NUMERO,NAN,NAN,SIN_NUMERO,NAN,0.0,0.0,0.0,0.0,nan,nan,False,20260920-CERRO-XRD150U-002-A
324,20260920,5,23,68,258,2,B,0.0,0.0,0.0,NAN,NAN,SIN_NUMERO,NAN,NAN,SIN_NUMERO,NAN,0.0,0.0,0.0,0.0,nan,nan,False,20260920-CERRO-XRD150U-002-B
325,20260921,5,23,68,258,2,A,0.0,0.0,0.0,NAN,NAN,SIN_NUMERO,NAN,NAN,SIN_NUMERO,NAN,0.0,0.0,0.0,0.0,nan,nan,False,20260921-CERRO-XRD150U-002-A
326,20260921,5,23,68,258,2,B,0.0,0.0,0.0,NAN,NAN,SIN_NUMERO,NAN,NAN,SIN_NUMERO,NAN,0.0,0.0,0.0,0.0,nan,nan,False,20260921-CERRO-XRD150U-002-B
327,20260922,5,23,68,258,2,A,0.0,0.0,0.0,NAN,NAN,SIN_NUMERO,NAN,NAN,SIN_NUMERO,NAN,0.0,0.0,0.0,0.0,nan,nan,False,20260922-CERRO-XRD150U-002-A
328,20260922,5,23,68,258,2,B,0.0,0.0,0.0,NAN,NAN,SIN_NUMERO,NAN,NAN,SIN_NUMERO,NAN,0.0,0.0,0.0,0.0,nan,nan,False,20260922-CERRO-XRD150U-002-B
329,20260923,5,23,68,258,2,A,0.0,0.0,0.0,NAN,NAN,SIN_NUMERO,NAN,NAN,SIN_NUMERO,NAN,0.0,0.0,0.0,0.0,nan,nan,False,20260923-CERRO-XRD150U-002-A
330,20260923,5,23,68,258,2,B,0.0,0.0,0.0,NAN,NAN,SIN_NUMERO,NAN,NAN,SIN_NUMERO,NAN,0.0,0.0,0.0,0.0,nan,nan,False,20260923-CERRO-XRD150U-002-B
331,20260924,5,23,68,258,2,A,0.0,0.0,0.0,NAN,NAN,SIN_NUMERO,NAN,NAN,SIN_NUMERO,NAN,0.0,0.0,0.0,0.0,nan,nan,False,20260924-CERRO-XRD150U-002-A
332,20260924,5,23,68,258,2,B,0.0,0.0,0.0,NAN,NAN,SIN_NUMERO,NAN,NAN,SIN_NUMERO,NAN,0.0,0.0,0.0,0.0,nan,nan,False,20260924-CERRO-XRD150U-002-B
333,20260925,5,23,68,258,2,A,0.0,0.0,0.0,NAN,NAN,SIN_NUMERO,NAN,NAN,SIN_NUMERO,NAN,0.0,0.0,0.0,0.0,nan,nan,False,20260925-CERRO-XRD150U-002-A
334,20260925,5,23,68,258,2,B,0.0,0.0,0.0,NAN,NAN,SIN_NUMERO,NAN,NAN,SIN_NUMERO,NAN,0.0,0.0,0.0,0.0,nan,nan,False,20260925-CERRO-XRD150U-002-B
335,20260826,7,32,49,166,2,A,80.7,95.7,15.0,HARDCORE,X10,439308,USADO,HARDCORE,190306,USADO,0.0,0.0,2.62,0.0,marga gris,"el mecanico realiza mantenimiento correctivo al winche wireline, se continua con la perforacion, sale agua del sondaje 70l/s",False,20260826-CHUNGAR-XRD90U-021-A
336,20260826,7,32,49,196,2,B,95.7,116.7,21.0,HARDCORE,X10,439308,USADO,HARDCORE,190306,USADO,0.0,0.0,0.0,0.0,marga gris,"sse monitoria gases en camara, se engrasa maquina y accesorios, se continua con la perforacion, terreno competenete duro a los 113 mts aumenta caudal de agua a 85lts por min.",False,20260826-CHUNGAR-XRD90U-021-B
337,20260827,7,32,49,231,2,A,116.7,123.2,6.5,HARDCORE,X10,439308,USADO,HARDCORE,190306,USADO,0.0,0.0,2.53,0.0,marga gris fracturado,"engrase de maquina, se tiene capacitacion por cia de 8am a 10am, mecanico realiza mantenimiento correctivo del winche, cambio de cadena y ordenador de cable, se continua con la perforacion, incrementa caudal de agua de 122,45 / 1,33 lt*seg",False,20260827-CHUNGAR-XRD90U-021-A
338,20260827,7,32,49,166,2,B,123.2,130.2,7.0,HARDCORE,X10,439308,USADO,HARDCORE,190306,USADO,0.0,0.0,0.0,0.0,marga gris,"se engrasa maquina y accesorios, se descarga la tuberia para cambiar la broca, se continua con la perforacion a los 128,9 mts aumenta caudal de agua a los 20lt*seg",False,20260827-CHUNGAR-XRD90U-021-B
339,20260828,7,32,49,231,2,A,130.2,149.6,19.4,HARDCORE,X10,439318,USADO,HARDCORE,190306,USADO,0.0,0.0,5.96,0.0,marga gris,"se realiza medicion de desviacion de 100 mts, se continua con la perforacion sale agua del sondaje 20L*Seg, vuelve incrementar caudal de agua se realiza orden y limpieza de la camara.",False,20260828-CHUNGAR-XRD90U-021-A
340,20260828,7,32,49,166,2,B,149.6,161.5,11.9,HARDCORE,X10,439318,USADO,HARDCORE,190306,USADO,0.0,0.0,0.0,0.0,marga gris fracturado,"se engrasa maquina y accesorios, se descarga tuberia para recuperar el cabezal con tubo interior y el pesacador, se descarga la tuberia y se reperfora de 4,20hasta 31,2 mts.",False,20260828-CHUNGAR-XRD90U-021-B
341,20260829,7,32,49,231,2,A,161.5,170.7,9.2,HARDCORE,X10,439318,USADO,HARDCORE,190306,USADO,0.0,0.0,6.05,0.0,marga gris,"se engrasa maquina, se continua con la perforacion hasta su proyectado, se realiza medicion de desviacionfinasl, se descarga las tuberias y se afila en su caballete, se instala paker en el sondaje, se desintala la maquina y se deja en horizontal.",False,20260829-CHUNGAR-XRD90U-021-A
342,20260829,7,32,49,166,2,B,170.7,170.7,0.0,NAN,NAN,SIN_NUMERO,NAN,NAN,SIN_NUMERO,NAN,0.0,0.0,0.0,0.0,nan,"se mueve la maquina al pr 1009 y se saca una paralela de 0,63 cm hacia el lado izquierdo, se nivela y se alinea la maquina, se pone en su angulo y se perfora para perno de anclaje cpon bastante dificultad por terreno muy fracturado, se deja perno de anclaje perforado, se sale de la camara a las 3:05am corte de ventilacion programado por cia se reporta a control operativo",False,20260829-CHUNGAR-XRD90U-021-B
343,20260830,7,32,49,231,2,A,170.7,170.7,0.0,NAN,NAN,SIN_NUMERO,NAN,NAN,SIN_NUMERO,NAN,0.0,0.0,0.0,0.0,nan,"se realiza politica PARE por altas temperaturas y falta de ventilacion, se comunica a control operativo y no se pudo ingresar a la camara, hasta fin de turno maquina paralizada.",False,20260830-CHUNGAR-XRD90U-021-A
344,20260830,7,32,49,258,2,B,170.7,170.7,0.0,NAN,NAN,SIN_NUMERO,NAN,NAN,SIN_NUMERO,NAN,0.0,0.0,0.0,0.0,nan,maquina paraliza por falta de ventilacion toda la guardia,False,20260830-CHUNGAR-XRD90U-021-B
345,20260831,7,32,49,231,2,A,170.7,170.7,0.0,NAN,NAN,SIN_NUMERO,NAN,NAN,SIN_NUMERO,NAN,0.0,0.0,0.0,0.0,nan,"se encuenytra lacamara a primera hora con temperatura de 29,5, luego en el transcurso del dia 10:55 incrementa la temperatura llegando a 37,3 se reporta a control operativo y se realiza politica para durante toda la guardia se realiza orden y limpieza.",False,20260831-CHUNGAR-XRD90U-021-A
346,20260831,7,32,49,166,2,B,170.7,170.7,0.0,NAN,NAN,SIN_NUMERO,NAN,NAN,SIN_NUMERO,NAN,0.0,0.0,0.0,0.0,nan,"se engrasa maquina y accesorios, se estabiliza el sondaje del perno de anclaje con bastante dificultad por el terreno muy fracturado, se instala el perno de anclaje y se cementa dejando fraguando el perno de anclaje.",False,20260831-CHUNGAR-XRD90U-021-B
347,20260901,7,32,49,258,2,A,0.0,0.0,0.0,NAN,NAN,SIN_NUMERO,NAN,NAN,SIN_NUMERO,NAN,0.0,0.0,0.0,0.0,nan,nan,False,20260901-CHUNGAR-XRD90U-021-A
348,20260901,7,32,69,258,2,B,0.0,0.0,0.0,NAN,NAN,SIN_NUMERO,NAN,NAN,SIN_NUMERO,NAN,0.0,0.0,0.0,0.0,nan,nan,False,20260901-CHUNGAR-XRD90U-021-B
349,20260902,7,32,69,258,2,A,0.0,0.0,0.0,NAN,NAN,SIN_NUMERO,NAN,NAN,SIN_NUMERO,NAN,0.0,0.0,0.0,0.0,nan,nan,False,20260902-CHUNGAR-XRD90U-021-A
350,20260902,7,32,69,258,2,B,0.0,0.0,0.0,NAN,NAN,SIN_NUMERO,NAN,NAN,SIN_NUMERO,NAN,0.0,0.0,0.0,0.0,nan,nan,False,20260902-CHUNGAR-XRD90U-021-B
351,20260903,7,32,69,258,2,A,0.0,0.0,0.0,NAN,NAN,SIN_NUMERO,NAN,NAN,SIN_NUMERO,NAN,0.0,0.0,0.0,0.0,nan,nan,False,20260903-CHUNGAR-XRD90U-021-A
352,20260903,7,32,69,258,2,B,0.0,0.0,0.0,NAN,NAN,SIN_NUMERO,NAN,NAN,SIN_NUMERO,NAN,0.0,0.0,0.0,0.0,nan,nan,False,20260903-CHUNGAR-XRD90U-021-B
353,20260904,7,32,69,258,2,A,0.0,0.0,0.0,NAN,NAN,SIN_NUMERO,NAN,NAN,SIN_NUMERO,NAN,0.0,0.0,0.0,0.0,nan,nan,False,20260904-CHUNGAR-XRD90U-021-A
354,20260904,7,32,69,258,2,B,0.0,0.0,0.0,NAN,NAN,SIN_NUMERO,NAN,NAN,SIN_NUMERO,NAN,0.0,0.0,0.0,0.0,nan,nan,False,20260904-CHUNGAR-XRD90U-021-B
355,20260905,7,32,69,258,2,A,0.0,0.0,0.0,NAN,NAN,SIN_NUMERO,NAN,NAN,SIN_NUMERO,NAN,0.0,0.0,0.0,0.0,nan,nan,False,20260905-CHUNGAR-XRD90U-021-A
356,20260905,7,32,69,258,2,B,0.0,0.0,0.0,NAN,NAN,SIN_NUMERO,NAN,NAN,SIN_NUMERO,NAN,0.0,0.0,0.0,0.0,nan,nan,False,20260905-CHUNGAR-XRD90U-021-B
357,20260906,7,32,69,258,2,A,0.0,0.0,0.0,NAN,NAN,SIN_NUMERO,NAN,NAN,SIN_NUMERO,NAN,0.0,0.0,0.0,0.0,nan,nan,False,20260906-CHUNGAR-XRD90U-021-A
358,20260906,7,32,69,258,2,B,0.0,0.0,0.0,NAN,NAN,SIN_NUMERO,NAN,NAN,SIN_NUMERO,NAN,0.0,0.0,0.0,0.0,nan,nan,False,20260906-CHUNGAR-XRD90U-021-B
359,20260907,7,32,69,258,2,A,0.0,0.0,0.0,NAN,NAN,SIN_NUMERO,NAN,NAN,SIN_NUMERO,NAN,0.0,0.0,0.0,0.0,nan,nan,False,20260907-CHUNGAR-XRD90U-021-A
360,20260907,7,32,69,258,2,B,0.0,0.0,0.0,NAN,NAN,SIN_NUMERO,NAN,NAN,SIN_NUMERO,NAN,0.0,0.0,0.0,0.0,nan,nan,False,20260907-CHUNGAR-XRD90U-021-B
361,20260908,7,32,69,258,2,A,0.0,0.0,0.0,NAN,NAN,SIN_NUMERO,NAN,NAN,SIN_NUMERO,NAN,0.0,0.0,0.0,0.0,nan,nan,False,20260908-CHUNGAR-XRD90U-021-A
362,20260908,7,32,69,258,2,B,0.0,0.0,0.0,NAN,NAN,SIN_NUMERO,NAN,NAN,SIN_NUMERO,NAN,0.0,0.0,0.0,0.0,nan,nan,False,20260908-CHUNGAR-XRD90U-021-B
363,20260909,7,32,69,258,2,A,0.0,0.0,0.0,NAN,NAN,SIN_NUMERO,NAN,NAN,SIN_NUMERO,NAN,0.0,0.0,0.0,0.0,nan,nan,False,20260909-CHUNGAR-XRD90U-021-A
364,20260909,7,32,69,258,2,B,0.0,0.0,0.0,NAN,NAN,SIN_NUMERO,NAN,NAN,SIN_NUMERO,NAN,0.0,0.0,0.0,0.0,nan,nan,False,20260909-CHUNGAR-XRD90U-021-B
365,20260910,7,32,69,258,2,A,0.0,0.0,0.0,NAN,NAN,SIN_NUMERO,NAN,NAN,SIN_NUMERO,NAN,0.0,0.0,0.0,0.0,nan,nan,False,20260910-CHUNGAR-XRD90U-021-A
366,20260910,7,32,69,258,2,B,0.0,0.0,0.0,NAN,NAN,SIN_NUMERO,NAN,NAN,SIN_NUMERO,NAN,0.0,0.0,0.0,0.0,nan,nan,False,20260910-CHUNGAR-XRD90U-021-B
367,20260911,7,32,69,258,2,A,0.0,0.0,0.0,NAN,NAN,SIN_NUMERO,NAN,NAN,SIN_NUMERO,NAN,0.0,0.0,0.0,0.0,nan,nan,False,20260911-CHUNGAR-XRD90U-021-A
368,20260911,7,32,69,258,2,B,0.0,0.0,0.0,NAN,NAN,SIN_NUMERO,NAN,NAN,SIN_NUMERO,NAN,0.0,0.0,0.0,0.0,nan,nan,False,20260911-CHUNGAR-XRD90U-021-B
369,20260912,7,32,69,258,2,A,0.0,0.0,0.0,NAN,NAN,SIN_NUMERO,NAN,NAN,SIN_NUMERO,NAN,0.0,0.0,0.0,0.0,nan,nan,False,20260912-CHUNGAR-XRD90U-021-A
370,20260912,7,32,69,258,2,B,0.0,0.0,0.0,NAN,NAN,SIN_NUMERO,NAN,NAN,SIN_NUMERO,NAN,0.0,0.0,0.0,0.0,nan,nan,False,20260912-CHUNGAR-XRD90U-021-B
371,20260913,7,32,69,258,2,A,0.0,0.0,0.0,NAN,NAN,SIN_NUMERO,NAN,NAN,SIN_NUMERO,NAN,0.0,0.0,0.0,0.0,nan,nan,False,20260913-CHUNGAR-XRD90U-021-A
372,20260913,7,32,69,258,2,B,0.0,0.0,0.0,NAN,NAN,SIN_NUMERO,NAN,NAN,SIN_NUMERO,NAN,0.0,0.0,0.0,0.0,nan,nan,False,20260913-CHUNGAR-XRD90U-021-B
373,20260914,7,32,69,258,2,A,0.0,0.0,0.0,NAN,NAN,SIN_NUMERO,NAN,NAN,SIN_NUMERO,NAN,0.0,0.0,0.0,0.0,nan,nan,False,20260914-CHUNGAR-XRD90U-021-A
374,20260914,7,32,69,258,2,B,0.0,0.0,0.0,NAN,NAN,SIN_NUMERO,NAN,NAN,SIN_NUMERO,NAN,0.0,0.0,0.0,0.0,nan,nan,False,20260914-CHUNGAR-XRD90U-021-B
375,20260915,7,32,69,258,2,A,0.0,0.0,0.0,NAN,NAN,SIN_NUMERO,NAN,NAN,SIN_NUMERO,NAN,0.0,0.0,0.0,0.0,nan,nan,False,20260915-CHUNGAR-XRD90U-021-A
376,20260915,7,32,69,258,2,B,0.0,0.0,0.0,NAN,NAN,SIN_NUMERO,NAN,NAN,SIN_NUMERO,NAN,0.0,0.0,0.0,0.0,nan,nan,False,20260915-CHUNGAR-XRD90U-021-B
377,20260916,7,32,69,258,2,A,0.0,0.0,0.0,NAN,NAN,SIN_NUMERO,NAN,NAN,SIN_NUMERO,NAN,0.0,0.0,0.0,0.0,nan,nan,False,20260916-CHUNGAR-XRD90U-021-A
378,20260916,7,32,69,258,2,B,0.0,0.0,0.0,NAN,NAN,SIN_NUMERO,NAN,NAN,SIN_NUMERO,NAN,0.0,0.0,0.0,0.0,nan,nan,False,20260916-CHUNGAR-XRD90U-021-B
379,20260917,7,32,69,258,2,A,0.0,0.0,0.0,NAN,NAN,SIN_NUMERO,NAN,NAN,SIN_NUMERO,NAN,0.0,0.0,0.0,0.0,nan,nan,False,20260917-CHUNGAR-XRD90U-021-A
380,20260917,7,32,69,258,2,B,0.0,0.0,0.0,NAN,NAN,SIN_NUMERO,NAN,NAN,SIN_NUMERO,NAN,0.0,0.0,0.0,0.0,nan,nan,False,20260917-CHUNGAR-XRD90U-021-B
381,20260918,7,32,69,258,2,A,0.0,0.0,0.0,NAN,NAN,SIN_NUMERO,NAN,NAN,SIN_NUMERO,NAN,0.0,0.0,0.0,0.0,nan,nan,False,20260918-CHUNGAR-XRD90U-021-A
382,20260918,7,32,69,258,2,B,0.0,0.0,0.0,NAN,NAN,SIN_NUMERO,NAN,NAN,SIN_NUMERO,NAN,0.0,0.0,0.0,0.0,nan,nan,False,20260918-CHUNGAR-XRD90U-021-B
383,20260919,7,32,69,258,2,A,0.0,0.0,0.0,NAN,NAN,SIN_NUMERO,NAN,NAN,SIN_NUMERO,NAN,0.0,0.0,0.0,0.0,nan,nan,False,20260919-CHUNGAR-XRD90U-021-A
384,20260919,7,32,69,258,2,B,0.0,0.0,0.0,NAN,NAN,SIN_NUMERO,NAN,NAN,SIN_NUMERO,NAN,0.0,0.0,0.0,0.0,nan,nan,False,20260919-CHUNGAR-XRD90U-021-B
385,20260920,7,32,69,258,2,A,0.0,0.0,0.0,NAN,NAN,SIN_NUMERO,NAN,NAN,SIN_NUMERO,NAN,0.0,0.0,0.0,0.0,nan,nan,False,20260920-CHUNGAR-XRD90U-021-A
386,20260920,7,32,69,258,2,B,0.0,0.0,0.0,NAN,NAN,SIN_NUMERO,NAN,NAN,SIN_NUMERO,NAN,0.0,0.0,0.0,0.0,nan,nan,False,20260920-CHUNGAR-XRD90U-021-B
387,20260921,7,32,69,258,2,A,0.0,0.0,0.0,NAN,NAN,SIN_NUMERO,NAN,NAN,SIN_NUMERO,NAN,0.0,0.0,0.0,0.0,nan,nan,False,20260921-CHUNGAR-XRD90U-021-A
388,20260921,7,32,69,258,2,B,0.0,0.0,0.0,NAN,NAN,SIN_NUMERO,NAN,NAN,SIN_NUMERO,NAN,0.0,0.0,0.0,0.0,nan,nan,False,20260921-CHUNGAR-XRD90U-021-B
389,20260922,7,32,69,258,2,A,0.0,0.0,0.0,NAN,NAN,SIN_NUMERO,NAN,NAN,SIN_NUMERO,NAN,0.0,0.0,0.0,0.0,nan,nan,False,20260922-CHUNGAR-XRD90U-021-A
390,20260922,7,32,69,258,2,B,0.0,0.0,0.0,NAN,NAN,SIN_NUMERO,NAN,NAN,SIN_NUMERO,NAN,0.0,0.0,0.0,0.0,nan,nan,False,20260922-CHUNGAR-XRD90U-021-B
391,20260923,7,32,69,258,2,A,0.0,0.0,0.0,NAN,NAN,SIN_NUMERO,NAN,NAN,SIN_NUMERO,NAN,0.0,0.0,0.0,0.0,nan,nan,False,20260923-CHUNGAR-XRD90U-021-A
392,20260923,7,32,69,258,2,B,0.0,0.0,0.0,NAN,NAN,SIN_NUMERO,NAN,NAN,SIN_NUMERO,NAN,0.0,0.0,0.0,0.0,nan,nan,False,20260923-CHUNGAR-XRD90U-021-B
393,20260924,7,32,69,258,2,A,0.0,0.0,0.0,NAN,NAN,SIN_NUMERO,NAN,NAN,SIN_NUMERO,NAN,0.0,0.0,0.0,0.0,nan,nan,False,20260924-CHUNGAR-XRD90U-021-A
394,20260924,7,32,69,258,2,B,0.0,0.0,0.0,NAN,NAN,SIN_NUMERO,NAN,NAN,SIN_NUMERO,NAN,0.0,0.0,0.0,0.0,nan,nan,False,20260924-CHUNGAR-XRD90U-021-B
395,20260925,7,32,69,258,2,A,0.0,0.0,0.0,NAN,NAN,SIN_NUMERO,NAN,NAN,SIN_NUMERO,NAN,0.0,0.0,0.0,0.0,nan,nan,False,20260925-CHUNGAR-XRD90U-021-A
396,20260925,7,32,69,258,2,B,0.0,0.0,0.0,NAN,NAN,SIN_NUMERO,NAN,NAN,SIN_NUMERO,NAN,0.0,0.0,0.0,0.0,nan,nan,False,20260925-CHUNGAR-XRD90U-021-B
397,20260826,7,26,36,60,2,A,27.1,57.1,30.0,HARDCORE,439306,SIN_NUMERO,USADA,HARDCORE,190303,USADA,0.0,0.0,6.51,0.0,marga gris,"se asiste a la capacitacion por parte de compañía herramientas manuales, se continua con la perforacion",False,20260826-CHUNGAR-LM90U-001-A
398,20260826,7,26,36,341,2,A,57.1,63.1,6.0,HARDCORE,439306,SIN_NUMERO,USADA,HARDCORE,190303,USADA,0.0,0.0,0.0,0.0,marga gris,"se asiste a la capacitacion por parte de compañía herramientas manuales, se continua con la perforacion",False,20260826-CHUNGAR-LM90U-001-A
399,20260827,7,26,36,189,2,A,63.1,90.1,27.0,HARDCORE,439306,SIN_NUMERO,USADA,HARDCORE,190303,USADA,0.0,0.0,4.0,0.0,marga gris,"se engrasa maquina y accesorios, se lava y se acondicona el sondaje y se continua perforado durante el turno.",False,20260827-CHUNGAR-LM90U-001-A
400,20260827,7,26,36,60,2,B,90.1,123.1,33.0,HARDCORE,439306,SIN_NUMERO,USADA,HARDCORE,190303,USADA,0.0,0.0,0.0,0.0,marga gris,"Se continua con la perforacion sin novedad, topografia de geologia realiza levantamiento, topografia de compañía realiza marcado de puntos.",False,20260827-CHUNGAR-LM90U-001-B
401,20260828,7,26,36,189,2,A,123.1,152.1,29.0,HARDCORE,439306,SIN_NUMERO,USADA,HARDCORE,190303,USADA,0.0,0.0,6.65,0.0,marga gris,"se engrasa maquina y accesorios, se lava y se acondiciona sondaje luego se continua con la perforacion durante la guardia, se realiza orden y limpieza.",False,20260828-CHUNGAR-LM90U-001-A
402,20260828,7,26,36,60,2,B,152.1,179.8,27.7,HARDCORE,439306,SIN_NUMERO,USADA,HARDCORE,190303,USADA,0.0,0.0,0.0,0.0,marga gris,se continua con la perforacion terreno fracturado,False,20260828-CHUNGAR-LM90U-001-B
403,20260829,7,26,36,189,2,A,179.8,200.7,20.9,HARDCORE,439306,SIN_NUMERO,USADA,HARDCORE,190303,USADA,0.0,0.0,5.8,0.0,marga roja,"se engrasa maquina y accesorios, de perforacion, se prepara lodo de perforacion, se lava y se acondiciona el sondaje por llas litologicas terreno fracturado se desestabiliza y se continua perforando terreno cambiante.",False,20260829-CHUNGAR-LM90U-001-A
404,20260829,7,26,36,60,2,B,200.7,215.85,15.15,HARDCORE,439306,SIN_NUMERO,USADA,HARDCORE,190303,USADA,0.0,0.0,0.0,0.0,marga gris roja,"se continua con la perfroacion hasta metraje programado, se realiza medicion desviacion.",False,20260829-CHUNGAR-LM90U-001-B
405,20260830,7,26,36,189,2,A,215.85,215.85,0.0,NAN,NAN,SIN_NUMERO,NAN,NAN,SIN_NUMERO,NAN,0.0,0.0,3.9,0.0,nan,"se engrasa maquina y accesorios de perforacion, se realiza medicion de desviacion final, se descarga las barras ordenandamente al caballete para cambio de punto, se desinstala la maquina para cambio de punto",False,20260830-CHUNGAR-LM90U-001-A
406,20260830,7,26,36,60,2,B,215.85,215.85,0.0,NAN,NAN,SIN_NUMERO,NAN,NAN,SIN_NUMERO,NAN,0.0,0.0,0.0,0.0,nan,"se realiza alineamiento y nivelado de equipo, se instala equipo para perforar taladro",False,20260830-CHUNGAR-LM90U-001-B
407,20260831,7,26,37,189,2,A,0.0,3.0,3.0,HARDCORE,439306,SIN_NUMERO,USADA,HARDCORE,190303,USADA,0.0,0.0,11.95,0.0,marga gris,"se engrasa maquina y accesorios, se continua perforando para perno centro con bastante dificultad por fallas geologicas, se coloca el perno centro con dificultad por drrunmbe, se ancla la maquina y se asegura a su angulo, se estandariza la camara se inicia la perforcion terreno fracturado.",False,20260831-CHUNGAR-LM90U-001-A
408,20260831,7,26,37,60,2,B,3.0,33.0,30.0,HARDCORE,439306,SIN_NUMERO,USADA,HARDCORE,190303,USADA,0.0,0.0,0.0,0.0,marga gris fracturado,"se continua con la perforacion, topografia de compañía realiza levantamiento de sondaje.",False,20260831-CHUNGAR-LM90U-001-B
409,20260901,7,26,37,258,2,A,0.0,0.0,0.0,NAN,NAN,SIN_NUMERO,NAN,NAN,SIN_NUMERO,NAN,0.0,0.0,0.0,0.0,nan,nan,False,20260901-CHUNGAR-LM90U-001-A
410,20260901,7,26,69,258,2,B,0.0,0.0,0.0,NAN,NAN,SIN_NUMERO,NAN,NAN,SIN_NUMERO,NAN,0.0,0.0,0.0,0.0,nan,nan,False,20260901-CHUNGAR-LM90U-001-B
411,20260902,7,26,69,258,2,A,0.0,0.0,0.0,NAN,NAN,SIN_NUMERO,NAN,NAN,SIN_NUMERO,NAN,0.0,0.0,0.0,0.0,nan,nan,False,20260902-CHUNGAR-LM90U-001-A
412,20260902,7,26,69,258,2,B,0.0,0.0,0.0,NAN,NAN,SIN_NUMERO,NAN,NAN,SIN_NUMERO,NAN,0.0,0.0,0.0,0.0,nan,nan,False,20260902-CHUNGAR-LM90U-001-B
413,20260903,7,26,69,258,2,A,0.0,0.0,0.0,NAN,NAN,SIN_NUMERO,NAN,NAN,SIN_NUMERO,NAN,0.0,0.0,0.0,0.0,nan,nan,False,20260903-CHUNGAR-LM90U-001-A
414,20260903,7,26,69,258,2,B,0.0,0.0,0.0,NAN,NAN,SIN_NUMERO,NAN,NAN,SIN_NUMERO,NAN,0.0,0.0,0.0,0.0,nan,nan,False,20260903-CHUNGAR-LM90U-001-B
415,20260904,7,26,69,258,2,A,0.0,0.0,0.0,NAN,NAN,SIN_NUMERO,NAN,NAN,SIN_NUMERO,NAN,0.0,0.0,0.0,0.0,nan,nan,False,20260904-CHUNGAR-LM90U-001-A
416,20260904,7,26,69,258,2,B,0.0,0.0,0.0,NAN,NAN,SIN_NUMERO,NAN,NAN,SIN_NUMERO,NAN,0.0,0.0,0.0,0.0,nan,nan,False,20260904-CHUNGAR-LM90U-001-B
417,20260905,7,26,69,258,2,A,0.0,0.0,0.0,NAN,NAN,SIN_NUMERO,NAN,NAN,SIN_NUMERO,NAN,0.0,0.0,0.0,0.0,nan,nan,False,20260905-CHUNGAR-LM90U-001-A
418,20260905,7,26,69,258,2,B,0.0,0.0,0.0,NAN,NAN,SIN_NUMERO,NAN,NAN,SIN_NUMERO,NAN,0.0,0.0,0.0,0.0,nan,nan,False,20260905-CHUNGAR-LM90U-001-B
419,20260906,7,26,69,258,2,A,0.0,0.0,0.0,NAN,NAN,SIN_NUMERO,NAN,NAN,SIN_NUMERO,NAN,0.0,0.0,0.0,0.0,nan,nan,False,20260906-CHUNGAR-LM90U-001-A
420,20260906,7,26,69,258,2,B,0.0,0.0,0.0,NAN,NAN,SIN_NUMERO,NAN,NAN,SIN_NUMERO,NAN,0.0,0.0,0.0,0.0,nan,nan,False,20260906-CHUNGAR-LM90U-001-B
421,20260907,7,26,69,258,2,A,0.0,0.0,0.0,NAN,NAN,SIN_NUMERO,NAN,NAN,SIN_NUMERO,NAN,0.0,0.0,0.0,0.0,nan,nan,False,20260907-CHUNGAR-LM90U-001-A
422,20260907,7,26,69,258,2,B,0.0,0.0,0.0,NAN,NAN,SIN_NUMERO,NAN,NAN,SIN_NUMERO,NAN,0.0,0.0,0.0,0.0,nan,nan,False,20260907-CHUNGAR-LM90U-001-B
423,20260908,7,26,69,258,2,A,0.0,0.0,0.0,NAN,NAN,SIN_NUMERO,NAN,NAN,SIN_NUMERO,NAN,0.0,0.0,0.0,0.0,nan,nan,False,20260908-CHUNGAR-LM90U-001-A
424,20260908,7,26,69,258,2,B,0.0,0.0,0.0,NAN,NAN,SIN_NUMERO,NAN,NAN,SIN_NUMERO,NAN,0.0,0.0,0.0,0.0,nan,nan,False,20260908-CHUNGAR-LM90U-001-B
425,20260909,7,26,69,258,2,A,0.0,0.0,0.0,NAN,NAN,SIN_NUMERO,NAN,NAN,SIN_NUMERO,NAN,0.0,0.0,0.0,0.0,nan,nan,False,20260909-CHUNGAR-LM90U-001-A
426,20260909,7,26,69,258,2,B,0.0,0.0,0.0,NAN,NAN,SIN_NUMERO,NAN,NAN,SIN_NUMERO,NAN,0.0,0.0,0.0,0.0,nan,nan,False,20260909-CHUNGAR-LM90U-001-B
427,20260910,7,26,69,258,2,A,0.0,0.0,0.0,NAN,NAN,SIN_NUMERO,NAN,NAN,SIN_NUMERO,NAN,0.0,0.0,0.0,0.0,nan,nan,False,20260910-CHUNGAR-LM90U-001-A
428,20260910,7,26,69,258,2,B,0.0,0.0,0.0,NAN,NAN,SIN_NUMERO,NAN,NAN,SIN_NUMERO,NAN,0.0,0.0,0.0,0.0,nan,nan,False,20260910-CHUNGAR-LM90U-001-B
429,20260911,7,26,69,258,2,A,0.0,0.0,0.0,NAN,NAN,SIN_NUMERO,NAN,NAN,SIN_NUMERO,NAN,0.0,0.0,0.0,0.0,nan,nan,False,20260911-CHUNGAR-LM90U-001-A
430,20260911,7,26,69,258,2,B,0.0,0.0,0.0,NAN,NAN,SIN_NUMERO,NAN,NAN,SIN_NUMERO,NAN,0.0,0.0,0.0,0.0,nan,nan,False,20260911-CHUNGAR-LM90U-001-B
431,20260912,7,26,69,258,2,A,0.0,0.0,0.0,NAN,NAN,SIN_NUMERO,NAN,NAN,SIN_NUMERO,NAN,0.0,0.0,0.0,0.0,nan,nan,False,20260912-CHUNGAR-LM90U-001-A
432,20260912,7,26,69,258,2,B,0.0,0.0,0.0,NAN,NAN,SIN_NUMERO,NAN,NAN,SIN_NUMERO,NAN,0.0,0.0,0.0,0.0,nan,nan,False,20260912-CHUNGAR-LM90U-001-B
433,20260913,7,26,69,258,2,A,0.0,0.0,0.0,NAN,NAN,SIN_NUMERO,NAN,NAN,SIN_NUMERO,NAN,0.0,0.0,0.0,0.0,nan,nan,False,20260913-CHUNGAR-LM90U-001-A
434,20260913,7,26,69,258,2,B,0.0,0.0,0.0,NAN,NAN,SIN_NUMERO,NAN,NAN,SIN_NUMERO,NAN,0.0,0.0,0.0,0.0,nan,nan,False,20260913-CHUNGAR-LM90U-001-B
435,20260914,7,26,69,258,2,A,0.0,0.0,0.0,NAN,NAN,SIN_NUMERO,NAN,NAN,SIN_NUMERO,NAN,0.0,0.0,0.0,0.0,nan,nan,False,20260914-CHUNGAR-LM90U-001-A
436,20260914,7,26,69,258,2,B,0.0,0.0,0.0,NAN,NAN,SIN_NUMERO,NAN,NAN,SIN_NUMERO,NAN,0.0,0.0,0.0,0.0,nan,nan,False,20260914-CHUNGAR-LM90U-001-B
437,20260915,7,26,69,258,2,A,0.0,0.0,0.0,NAN,NAN,SIN_NUMERO,NAN,NAN,SIN_NUMERO,NAN,0.0,0.0,0.0,0.0,nan,nan,False,20260915-CHUNGAR-LM90U-001-A
438,20260915,7,26,69,258,2,B,0.0,0.0,0.0,NAN,NAN,SIN_NUMERO,NAN,NAN,SIN_NUMERO,NAN,0.0,0.0,0.0,0.0,nan,nan,False,20260915-CHUNGAR-LM90U-001-B
439,20260916,7,26,69,258,2,A,0.0,0.0,0.0,NAN,NAN,SIN_NUMERO,NAN,NAN,SIN_NUMERO,NAN,0.0,0.0,0.0,0.0,nan,nan,False,20260916-CHUNGAR-LM90U-001-A
440,20260916,7,26,69,258,2,B,0.0,0.0,0.0,NAN,NAN,SIN_NUMERO,NAN,NAN,SIN_NUMERO,NAN,0.0,0.0,0.0,0.0,nan,nan,False,20260916-CHUNGAR-LM90U-001-B
441,20260917,7,26,69,258,2,A,0.0,0.0,0.0,NAN,NAN,SIN_NUMERO,NAN,NAN,SIN_NUMERO,NAN,0.0,0.0,0.0,0.0,nan,nan,False,20260917-CHUNGAR-LM90U-001-A
442,20260917,7,26,69,258,2,B,0.0,0.0,0.0,NAN,NAN,SIN_NUMERO,NAN,NAN,SIN_NUMERO,NAN,0.0,0.0,0.0,0.0,nan,nan,False,20260917-CHUNGAR-LM90U-001-B
443,20260918,7,26,69,258,2,A,0.0,0.0,0.0,NAN,NAN,SIN_NUMERO,NAN,NAN,SIN_NUMERO,NAN,0.0,0.0,0.0,0.0,nan,nan,False,20260918-CHUNGAR-LM90U-001-A
444,20260918,7,26,69,258,2,B,0.0,0.0,0.0,NAN,NAN,SIN_NUMERO,NAN,NAN,SIN_NUMERO,NAN,0.0,0.0,0.0,0.0,nan,nan,False,20260918-CHUNGAR-LM90U-001-B
445,20260919,7,26,69,258,2,A,0.0,0.0,0.0,NAN,NAN,SIN_NUMERO,NAN,NAN,SIN_NUMERO,NAN,0.0,0.0,0.0,0.0,nan,nan,False,20260919-CHUNGAR-LM90U-001-A
446,20260919,7,26,69,258,2,B,0.0,0.0,0.0,NAN,NAN,SIN_NUMERO,NAN,NAN,SIN_NUMERO,NAN,0.0,0.0,0.0,0.0,nan,nan,False,20260919-CHUNGAR-LM90U-001-B
447,20260920,7,26,69,258,2,A,0.0,0.0,0.0,NAN,NAN,SIN_NUMERO,NAN,NAN,SIN_NUMERO,NAN,0.0,0.0,0.0,0.0,nan,nan,False,20260920-CHUNGAR-LM90U-001-A
448,20260920,7,26,69,258,2,B,0.0,0.0,0.0,NAN,NAN,SIN_NUMERO,NAN,NAN,SIN_NUMERO,NAN,0.0,0.0,0.0,0.0,nan,nan,False,20260920-CHUNGAR-LM90U-001-B
449,20260921,7,26,69,258,2,A,0.0,0.0,0.0,NAN,NAN,SIN_NUMERO,NAN,NAN,SIN_NUMERO,NAN,0.0,0.0,0.0,0.0,nan,nan,False,20260921-CHUNGAR-LM90U-001-A
450,20260921,7,26,69,258,2,B,0.0,0.0,0.0,NAN,NAN,SIN_NUMERO,NAN,NAN,SIN_NUMERO,NAN,0.0,0.0,0.0,0.0,nan,nan,False,20260921-CHUNGAR-LM90U-001-B
451,20260922,7,26,69,258,2,A,0.0,0.0,0.0,NAN,NAN,SIN_NUMERO,NAN,NAN,SIN_NUMERO,NAN,0.0,0.0,0.0,0.0,nan,nan,False,20260922-CHUNGAR-LM90U-001-A
452,20260922,7,26,69,258,2,B,0.0,0.0,0.0,NAN,NAN,SIN_NUMERO,NAN,NAN,SIN_NUMERO,NAN,0.0,0.0,0.0,0.0,nan,nan,False,20260922-CHUNGAR-LM90U-001-B
453,20260923,7,26,69,258,2,A,0.0,0.0,0.0,NAN,NAN,SIN_NUMERO,NAN,NAN,SIN_NUMERO,NAN,0.0,0.0,0.0,0.0,nan,nan,False,20260923-CHUNGAR-LM90U-001-A
454,20260923,7,26,69,258,2,B,0.0,0.0,0.0,NAN,NAN,SIN_NUMERO,NAN,NAN,SIN_NUMERO,NAN,0.0,0.0,0.0,0.0,nan,nan,False,20260923-CHUNGAR-LM90U-001-B
455,20260924,7,26,69,258,2,A,0.0,0.0,0.0,NAN,NAN,SIN_NUMERO,NAN,NAN,SIN_NUMERO,NAN,0.0,0.0,0.0,0.0,nan,nan,False,20260924-CHUNGAR-LM90U-001-A
456,20260924,7,26,69,258,2,B,0.0,0.0,0.0,NAN,NAN,SIN_NUMERO,NAN,NAN,SIN_NUMERO,NAN,0.0,0.0,0.0,0.0,nan,nan,False,20260924-CHUNGAR-LM90U-001-B
457,20260925,7,26,69,258,2,A,0.0,0.0,0.0,NAN,NAN,SIN_NUMERO,NAN,NAN,SIN_NUMERO,NAN,0.0,0.0,0.0,0.0,nan,nan,False,20260925-CHUNGAR-LM90U-001-A
458,20260925,7,26,69,258,2,B,0.0,0.0,0.0,NAN,NAN,SIN_NUMERO,NAN,NAN,SIN_NUMERO,NAN,0.0,0.0,0.0,0.0,nan,nan,False,20260925-CHUNGAR-LM90U-001-B
459,20260826,7,33,45,391,2,A,103.6,118.65,15.05,HARDCORE,X8,439312,USADA,HARDCORE,193465,USADA,0.0,0.0,4.6,0.0,marga gris,"se engrasa maquina y accesorios, se continua con la perforacion terreno fractura con presencia de panizo",False,20260826-CHUNGAR-XRD90USS-003-A
460,20260826,7,33,45,187,2,B,118.65,133.5,14.85,HARDCORE,X8,439312,USADA,HARDCORE,193465,USADA,0.0,0.0,0.0,0.0,marga gris,"se descarga barras y se cambia broca por descarte, luego se carga las barras, se continua con la perforacion, se engrasa maquina y accesorios",False,20260826-CHUNGAR-XRD90USS-003-B
461,20260827,7,33,45,53,2,A,133.5,142.05,8.55,HARDCORE,X8,439312,USADA,HARDCORE,193465,USADA,0.0,0.0,3.9,0.0,marga gris,"al inicio se estabiliza sondaje el sondaje y se continua con la perforacion, terreno marga gris fracturado toda la guardia.",False,20260827-CHUNGAR-XRD90USS-003-A
462,20260827,7,33,45,391,2,B,142.05,156.0,13.95,HARDCORE,X8,439312,USADA,HARDCORE,193465,USADA,0.0,0.0,0.0,0.0,marga gris fracturado,"se engrasa la maquina, se continua con la perforacion llegando a su proyectado.",False,20260827-CHUNGAR-XRD90USS-003-B
463,20260828,7,33,45,53,2,A,156.0,156.0,0.0,HARDCORE,X8,439312,USADA,HARDCORE,193465,USADA,0.0,0.0,3.6,0.0,nan,"Salida a las 5pm por oden de geologia por culminar el sondaje, se realiza medicion final, se descarga las tuberias.",False,20260828-CHUNGAR-XRD90USS-003-A
464,20260828,7,33,48,391,2,B,0.0,3.1,3.1,HARDCORE,X8,439312,USADA,HARDCORE,193465,USADA,0.0,0.0,0.0,0.0,marga gris con clorita,"se culmina la estandarizacion de la camara, se alinea la maquina",False,20260828-CHUNGAR-XRD90USS-003-B
465,20260829,7,33,48,53,2,A,3.1,22.25,19.15,HARDCORE,X8,439312,USADA,HARDCORE,193465,USADA,0.0,0.0,6.1,0.0,marga gris fracturado,"se estabiliza el sondaje y se continua con la perforacion, terreno marga gris fracturado toda la guardia, no sale agua del caudal, se realiza la limpieza de la poza de drenaje",False,20260829-CHUNGAR-XRD90USS-003-A
466,20260829,7,33,48,391,2,B,22.25,48.0,25.75,HARDCORE,X8,439312,USADA,HARDCORE,193465,USADA,0.0,0.0,0.0,0.0,marga gris fracturado,"se engrasa la maquina , se realiza medicion de desviacion con equipo gyro, se continua con la perforacion terreno cambiante.",False,20260829-CHUNGAR-XRD90USS-003-B
467,20260830,7,33,48,53,2,A,48.0,61.5,13.5,HARDCORE,X8,439312,USADA,HARDCORE,193465,USADA,0.0,0.0,4.7,0.0,marga gris fracturado,"se estabiliza el sondaje y se continua con la perforacion, se tiene corte de agua de 11:40am hasta 12:40pm, se continua con la perforacion.",False,20260830-CHUNGAR-XRD90USS-003-A
468,20260830,7,33,48,391,2,B,61.5,78.5,17.0,HARDCORE,X8,439312,USADA,HARDCORE,193465,USADA,0.0,0.0,0.0,0.0,marga gris fracturado,"se engrasa maquina, se continua con la perforacion terreno fracturado a los 71,35mts, se tiene torque y presion de agua elevada, se acondiciona con aditivos.",False,20260830-CHUNGAR-XRD90USS-003-B
469,20260831,7,33,48,53,2,A,78.5,85.5,7.0,HARDCORE,X8,439312,USADA,HARDCORE,193465,USADA,0.0,0.0,5.0,0.0,marga gris fracturado,"a inicio de guardia se estabiliza el sondaje y se continua con la perfroarcion con presion de agua, se descarga las tuberias para verificar la broca, la broca se encuentra con desgaste normal.",False,20260831-CHUNGAR-XRD90USS-003-A
470,20260831,7,33,48,391,2,B,85.5,103.5,18.0,HARDCORE,X8,439418,NUEVA,HARDCORE,193465,USADA,0.0,0.0,0.0,0.0,marga gris fracturado,"se engrasa amaquina, se carga las tuberias con broca nueva y se continua con la perforacion, se realiza orden y limpieza de la camara.",False,20260831-CHUNGAR-XRD90USS-003-B
471,20260901,7,33,48,258,2,A,0.0,0.0,0.0,NAN,NAN,SIN_NUMERO,NAN,NAN,SIN_NUMERO,NAN,0.0,0.0,0.0,0.0,nan,nan,False,20260901-CHUNGAR-XRD90USS-003-A
472,20260901,7,33,69,258,2,B,0.0,0.0,0.0,NAN,NAN,SIN_NUMERO,NAN,NAN,SIN_NUMERO,NAN,0.0,0.0,0.0,0.0,nan,nan,False,20260901-CHUNGAR-XRD90USS-003-B
473,20260902,7,33,69,258,2,A,0.0,0.0,0.0,NAN,NAN,SIN_NUMERO,NAN,NAN,SIN_NUMERO,NAN,0.0,0.0,0.0,0.0,nan,nan,False,20260902-CHUNGAR-XRD90USS-003-A
474,20260902,7,33,69,258,2,B,0.0,0.0,0.0,NAN,NAN,SIN_NUMERO,NAN,NAN,SIN_NUMERO,NAN,0.0,0.0,0.0,0.0,nan,nan,False,20260902-CHUNGAR-XRD90USS-003-B
475,20260903,7,33,69,258,2,A,0.0,0.0,0.0,NAN,NAN,SIN_NUMERO,NAN,NAN,SIN_NUMERO,NAN,0.0,0.0,0.0,0.0,nan,nan,False,20260903-CHUNGAR-XRD90USS-003-A
476,20260903,7,33,69,258,2,B,0.0,0.0,0.0,NAN,NAN,SIN_NUMERO,NAN,NAN,SIN_NUMERO,NAN,0.0,0.0,0.0,0.0,nan,nan,False,20260903-CHUNGAR-XRD90USS-003-B
477,20260904,7,33,69,258,2,A,0.0,0.0,0.0,NAN,NAN,SIN_NUMERO,NAN,NAN,SIN_NUMERO,NAN,0.0,0.0,0.0,0.0,nan,nan,False,20260904-CHUNGAR-XRD90USS-003-A
478,20260904,7,33,69,258,2,B,0.0,0.0,0.0,NAN,NAN,SIN_NUMERO,NAN,NAN,SIN_NUMERO,NAN,0.0,0.0,0.0,0.0,nan,nan,False,20260904-CHUNGAR-XRD90USS-003-B
479,20260905,7,33,69,258,2,A,0.0,0.0,0.0,NAN,NAN,SIN_NUMERO,NAN,NAN,SIN_NUMERO,NAN,0.0,0.0,0.0,0.0,nan,nan,False,20260905-CHUNGAR-XRD90USS-003-A
480,20260905,7,33,69,258,2,B,0.0,0.0,0.0,NAN,NAN,SIN_NUMERO,NAN,NAN,SIN_NUMERO,NAN,0.0,0.0,0.0,0.0,nan,nan,False,20260905-CHUNGAR-XRD90USS-003-B
481,20260906,7,33,69,258,2,A,0.0,0.0,0.0,NAN,NAN,SIN_NUMERO,NAN,NAN,SIN_NUMERO,NAN,0.0,0.0,0.0,0.0,nan,nan,False,20260906-CHUNGAR-XRD90USS-003-A
482,20260906,7,33,69,258,2,B,0.0,0.0,0.0,NAN,NAN,SIN_NUMERO,NAN,NAN,SIN_NUMERO,NAN,0.0,0.0,0.0,0.0,nan,nan,False,20260906-CHUNGAR-XRD90USS-003-B
483,20260907,7,33,69,258,2,A,0.0,0.0,0.0,NAN,NAN,SIN_NUMERO,NAN,NAN,SIN_NUMERO,NAN,0.0,0.0,0.0,0.0,nan,nan,False,20260907-CHUNGAR-XRD90USS-003-A
484,20260907,7,33,69,258,2,B,0.0,0.0,0.0,NAN,NAN,SIN_NUMERO,NAN,NAN,SIN_NUMERO,NAN,0.0,0.0,0.0,0.0,nan,nan,False,20260907-CHUNGAR-XRD90USS-003-B
485,20260908,7,33,69,258,2,A,0.0,0.0,0.0,NAN,NAN,SIN_NUMERO,NAN,NAN,SIN_NUMERO,NAN,0.0,0.0,0.0,0.0,nan,nan,False,20260908-CHUNGAR-XRD90USS-003-A
486,20260908,7,33,69,258,2,B,0.0,0.0,0.0,NAN,NAN,SIN_NUMERO,NAN,NAN,SIN_NUMERO,NAN,0.0,0.0,0.0,0.0,nan,nan,False,20260908-CHUNGAR-XRD90USS-003-B
487,20260909,7,33,69,258,2,A,0.0,0.0,0.0,NAN,NAN,SIN_NUMERO,NAN,NAN,SIN_NUMERO,NAN,0.0,0.0,0.0,0.0,nan,nan,False,20260909-CHUNGAR-XRD90USS-003-A
488,20260909,7,33,69,258,2,B,0.0,0.0,0.0,NAN,NAN,SIN_NUMERO,NAN,NAN,SIN_NUMERO,NAN,0.0,0.0,0.0,0.0,nan,nan,False,20260909-CHUNGAR-XRD90USS-003-B
489,20260910,7,33,69,258,2,A,0.0,0.0,0.0,NAN,NAN,SIN_NUMERO,NAN,NAN,SIN_NUMERO,NAN,0.0,0.0,0.0,0.0,nan,nan,False,20260910-CHUNGAR-XRD90USS-003-A
490,20260910,7,33,69,258,2,B,0.0,0.0,0.0,NAN,NAN,SIN_NUMERO,NAN,NAN,SIN_NUMERO,NAN,0.0,0.0,0.0,0.0,nan,nan,False,20260910-CHUNGAR-XRD90USS-003-B
491,20260911,7,33,69,258,2,A,0.0,0.0,0.0,NAN,NAN,SIN_NUMERO,NAN,NAN,SIN_NUMERO,NAN,0.0,0.0,0.0,0.0,nan,nan,False,20260911-CHUNGAR-XRD90USS-003-A
492,20260911,7,33,69,258,2,B,0.0,0.0,0.0,NAN,NAN,SIN_NUMERO,NAN,NAN,SIN_NUMERO,NAN,0.0,0.0,0.0,0.0,nan,nan,False,20260911-CHUNGAR-XRD90USS-003-B
493,20260912,7,33,69,258,2,A,0.0,0.0,0.0,NAN,NAN,SIN_NUMERO,NAN,NAN,SIN_NUMERO,NAN,0.0,0.0,0.0,0.0,nan,nan,False,20260912-CHUNGAR-XRD90USS-003-A
494,20260912,7,33,69,258,2,B,0.0,0.0,0.0,NAN,NAN,SIN_NUMERO,NAN,NAN,SIN_NUMERO,NAN,0.0,0.0,0.0,0.0,nan,nan,False,20260912-CHUNGAR-XRD90USS-003-B
495,20260913,7,33,69,258,2,A,0.0,0.0,0.0,NAN,NAN,SIN_NUMERO,NAN,NAN,SIN_NUMERO,NAN,0.0,0.0,0.0,0.0,nan,nan,False,20260913-CHUNGAR-XRD90USS-003-A
496,20260913,7,33,69,258,2,B,0.0,0.0,0.0,NAN,NAN,SIN_NUMERO,NAN,NAN,SIN_NUMERO,NAN,0.0,0.0,0.0,0.0,nan,nan,False,20260913-CHUNGAR-XRD90USS-003-B
497,20260914,7,33,69,258,2,A,0.0,0.0,0.0,NAN,NAN,SIN_NUMERO,NAN,NAN,SIN_NUMERO,NAN,0.0,0.0,0.0,0.0,nan,nan,False,20260914-CHUNGAR-XRD90USS-003-A
498,20260914,7,33,69,258,2,B,0.0,0.0,0.0,NAN,NAN,SIN_NUMERO,NAN,NAN,SIN_NUMERO,NAN,0.0,0.0,0.0,0.0,nan,nan,False,20260914-CHUNGAR-XRD90USS-003-B
499,20260915,7,33,69,258,2,A,0.0,0.0,0.0,NAN,NAN,SIN_NUMERO,NAN,NAN,SIN_NUMERO,NAN,0.0,0.0,0.0,0.0,nan,nan,False,20260915-CHUNGAR-XRD90USS-003-A
500,20260915,7,33,69,258,2,B,0.0,0.0,0.0,NAN,NAN,SIN_NUMERO,NAN,NAN,SIN_NUMERO,NAN,0.0,0.0,0.0,0.0,nan,nan,False,20260915-CHUNGAR-XRD90USS-003-B
501,20260916,7,33,69,258,2,A,0.0,0.0,0.0,NAN,NAN,SIN_NUMERO,NAN,NAN,SIN_NUMERO,NAN,0.0,0.0,0.0,0.0,nan,nan,False,20260916-CHUNGAR-XRD90USS-003-A
502,20260916,7,33,69,258,2,B,0.0,0.0,0.0,NAN,NAN,SIN_NUMERO,NAN,NAN,SIN_NUMERO,NAN,0.0,0.0,0.0,0.0,nan,nan,False,20260916-CHUNGAR-XRD90USS-003-B
503,20260917,7,33,69,258,2,A,0.0,0.0,0.0,NAN,NAN,SIN_NUMERO,NAN,NAN,SIN_NUMERO,NAN,0.0,0.0,0.0,0.0,nan,nan,False,20260917-CHUNGAR-XRD90USS-003-A
504,20260917,7,33,69,258,2,B,0.0,0.0,0.0,NAN,NAN,SIN_NUMERO,NAN,NAN,SIN_NUMERO,NAN,0.0,0.0,0.0,0.0,nan,nan,False,20260917-CHUNGAR-XRD90USS-003-B
505,20260918,7,33,69,258,2,A,0.0,0.0,0.0,NAN,NAN,SIN_NUMERO,NAN,NAN,SIN_NUMERO,NAN,0.0,0.0,0.0,0.0,nan,nan,False,20260918-CHUNGAR-XRD90USS-003-A
506,20260918,7,33,69,258,2,B,0.0,0.0,0.0,NAN,NAN,SIN_NUMERO,NAN,NAN,SIN_NUMERO,NAN,0.0,0.0,0.0,0.0,nan,nan,False,20260918-CHUNGAR-XRD90USS-003-B
507,20260919,7,33,69,258,2,A,0.0,0.0,0.0,NAN,NAN,SIN_NUMERO,NAN,NAN,SIN_NUMERO,NAN,0.0,0.0,0.0,0.0,nan,nan,False,20260919-CHUNGAR-XRD90USS-003-A
508,20260919,7,33,69,258,2,B,0.0,0.0,0.0,NAN,NAN,SIN_NUMERO,NAN,NAN,SIN_NUMERO,NAN,0.0,0.0,0.0,0.0,nan,nan,False,20260919-CHUNGAR-XRD90USS-003-B
509,20260920,7,33,69,258,2,A,0.0,0.0,0.0,NAN,NAN,SIN_NUMERO,NAN,NAN,SIN_NUMERO,NAN,0.0,0.0,0.0,0.0,nan,nan,False,20260920-CHUNGAR-XRD90USS-003-A
510,20260920,7,33,69,258,2,B,0.0,0.0,0.0,NAN,NAN,SIN_NUMERO,NAN,NAN,SIN_NUMERO,NAN,0.0,0.0,0.0,0.0,nan,nan,False,20260920-CHUNGAR-XRD90USS-003-B
511,20260921,7,33,69,258,2,A,0.0,0.0,0.0,NAN,NAN,SIN_NUMERO,NAN,NAN,SIN_NUMERO,NAN,0.0,0.0,0.0,0.0,nan,nan,False,20260921-CHUNGAR-XRD90USS-003-A
512,20260921,7,33,69,258,2,B,0.0,0.0,0.0,NAN,NAN,SIN_NUMERO,NAN,NAN,SIN_NUMERO,NAN,0.0,0.0,0.0,0.0,nan,nan,False,20260921-CHUNGAR-XRD90USS-003-B
513,20260922,7,33,69,258,2,A,0.0,0.0,0.0,NAN,NAN,SIN_NUMERO,NAN,NAN,SIN_NUMERO,NAN,0.0,0.0,0.0,0.0,nan,nan,False,20260922-CHUNGAR-XRD90USS-003-A
514,20260922,7,33,69,258,2,B,0.0,0.0,0.0,NAN,NAN,SIN_NUMERO,NAN,NAN,SIN_NUMERO,NAN,0.0,0.0,0.0,0.0,nan,nan,False,20260922-CHUNGAR-XRD90USS-003-B
515,20260923,7,33,69,258,2,A,0.0,0.0,0.0,NAN,NAN,SIN_NUMERO,NAN,NAN,SIN_NUMERO,NAN,0.0,0.0,0.0,0.0,nan,nan,False,20260923-CHUNGAR-XRD90USS-003-A
516,20260923,7,33,69,258,2,B,0.0,0.0,0.0,NAN,NAN,SIN_NUMERO,NAN,NAN,SIN_NUMERO,NAN,0.0,0.0,0.0,0.0,nan,nan,False,20260923-CHUNGAR-XRD90USS-003-B
517,20260924,7,33,69,258,2,A,0.0,0.0,0.0,NAN,NAN,SIN_NUMERO,NAN,NAN,SIN_NUMERO,NAN,0.0,0.0,0.0,0.0,nan,nan,False,20260924-CHUNGAR-XRD90USS-003-A
518,20260924,7,33,69,258,2,B,0.0,0.0,0.0,NAN,NAN,SIN_NUMERO,NAN,NAN,SIN_NUMERO,NAN,0.0,0.0,0.0,0.0,nan,nan,False,20260924-CHUNGAR-XRD90USS-003-B
519,20260925,7,33,69,258,2,A,0.0,0.0,0.0,NAN,NAN,SIN_NUMERO,NAN,NAN,SIN_NUMERO,NAN,0.0,0.0,0.0,0.0,nan,nan,False,20260925-CHUNGAR-XRD90USS-003-A
520,20260925,7,33,69,258,2,B,0.0,0.0,0.0,NAN,NAN,SIN_NUMERO,NAN,NAN,SIN_NUMERO,NAN,0.0,0.0,0.0,0.0,nan,nan,False,20260925-CHUNGAR-XRD90USS-003-B
521,20260826,7,29,69,239,2,A,0.0,0.0,0.0,NAN,NAN,SIN_NUMERO,NAN,NAN,SIN_NUMERO,NAN,0.0,0.0,0.0,0.0,nan,falta de personal,False,20260826-CHUNGAR-XRD150USS-005-A
522,20260826,7,29,69,164,2,B,0.0,0.0,0.0,NAN,NAN,SIN_NUMERO,NAN,NAN,SIN_NUMERO,NAN,0.0,0.0,0.0,0.0,nan,falta de personal,False,20260826-CHUNGAR-XRD150USS-005-B
523,20260827,7,29,69,393,2,A,0.0,0.0,0.0,NAN,NAN,SIN_NUMERO,NAN,NAN,SIN_NUMERO,NAN,0.0,0.0,0.0,0.0,nan,"se traslada accesorios de perforacion de superficie a mina con apoyo del camion, se realiza orden y limpieza a fin de turno.",False,20260827-CHUNGAR-XRD150USS-005-A
524,20260827,7,29,69,1,2,B,0.0,0.0,0.0,NAN,NAN,SIN_NUMERO,NAN,NAN,SIN_NUMERO,NAN,0.0,0.0,0.0,0.0,nan,falta de personal,False,20260827-CHUNGAR-XRD150USS-005-B
525,20260828,7,29,69,1,2,A,0.0,0.0,0.0,NAN,NAN,SIN_NUMERO,NAN,NAN,SIN_NUMERO,NAN,0.0,0.0,0.0,0.0,nan,"se traslada accesrios de perforacion de superficie a mina, se aproximo al punto de perforacionla unidad de rotacion, se pone en su lugar al bocat, se inicia con el entabalado de la camara 5 paños",False,20260828-CHUNGAR-XRD150USS-005-A
526,20260828,7,29,69,393,2,B,0.0,0.0,0.0,NAN,NAN,SIN_NUMERO,NAN,NAN,SIN_NUMERO,NAN,0.0,0.0,0.0,0.0,nan,maquina paralizada por falta de personal,False,20260828-CHUNGAR-XRD150USS-005-B
527,20260829,7,29,69,393,2,A,0.0,0.0,0.0,NAN,NAN,SIN_NUMERO,NAN,NAN,SIN_NUMERO,NAN,0.0,0.0,0.0,0.0,nan,"se traslada accesorios de perforacion con apoyo del camion, se estandariza la camara se pone paños antideslizante.",False,20260829-CHUNGAR-XRD150USS-005-A
528,20260829,7,29,69,1,2,B,0.0,0.0,0.0,NAN,NAN,SIN_NUMERO,NAN,NAN,SIN_NUMERO,NAN,0.0,0.0,0.0,0.0,nan,falta de personal,False,20260829-CHUNGAR-XRD150USS-005-B
529,20260830,7,29,69,393,2,A,0.0,0.0,0.0,NAN,NAN,SIN_NUMERO,NAN,NAN,SIN_NUMERO,NAN,0.0,0.0,0.0,0.0,nan,"traslado de accesorios de perforacion, bomboa de lodo con apoyo del camion de superficie a mina, se estandariza la camara al 100%",False,20260830-CHUNGAR-XRD150USS-005-A
530,20260830,7,29,69,166,2,B,0.0,0.0,0.0,NAN,NAN,SIN_NUMERO,NAN,NAN,SIN_NUMERO,NAN,0.0,0.0,0.0,0.0,nan,"se verifica nivelado y se alinea la maquina ALPR - 997, se pone en su angulo la quina y se tiene problema con el cable de sensor de la guarda circular, se acondiciona y se pone en su angulo la maquina para perforar.",False,20260830-CHUNGAR-XRD150USS-005-B
531,20260831,7,29,48,393,2,A,0.0,9.15,9.15,HARDCORE,X8,439437,NUEVA,HARDCORE,198698,NUEVA,0.0,0.0,0.0,0.0,marga roja,"engrasado de accesorios y equipos, luego se rectifica el acladeje de la unidad de rotacion, se ancla la maquina en su angulo, no sale agua del sondaje, se pone el cable wireline a la tambora de la maquina.",False,20260831-CHUNGAR-XRD150USS-005-A
532,20260831,7,29,48,1,2,B,9.15,9.15,0.0,NAN,NAN,SIN_NUMERO,NAN,NAN,SIN_NUMERO,NAN,0.0,0.0,0.0,0.0,nan,falta de personal,False,20260831-CHUNGAR-XRD150USS-005-B
533,20260901,7,29,48,258,2,A,0.0,0.0,0.0,NAN,NAN,SIN_NUMERO,NAN,NAN,SIN_NUMERO,NAN,0.0,0.0,0.0,0.0,nan,nan,False,20260901-CHUNGAR-XRD150USS-005-A
534,20260901,7,29,69,258,2,B,0.0,0.0,0.0,NAN,NAN,SIN_NUMERO,NAN,NAN,SIN_NUMERO,NAN,0.0,0.0,0.0,0.0,nan,nan,False,20260901-CHUNGAR-XRD150USS-005-B
535,20260902,7,29,69,258,2,A,0.0,0.0,0.0,NAN,NAN,SIN_NUMERO,NAN,NAN,SIN_NUMERO,NAN,0.0,0.0,0.0,0.0,nan,nan,False,20260902-CHUNGAR-XRD150USS-005-A
536,20260902,7,29,69,258,2,B,0.0,0.0,0.0,NAN,NAN,SIN_NUMERO,NAN,NAN,SIN_NUMERO,NAN,0.0,0.0,0.0,0.0,nan,nan,False,20260902-CHUNGAR-XRD150USS-005-B
537,20260903,7,29,69,258,2,A,0.0,0.0,0.0,NAN,NAN,SIN_NUMERO,NAN,NAN,SIN_NUMERO,NAN,0.0,0.0,0.0,0.0,nan,nan,False,20260903-CHUNGAR-XRD150USS-005-A
538,20260903,7,29,69,258,2,B,0.0,0.0,0.0,NAN,NAN,SIN_NUMERO,NAN,NAN,SIN_NUMERO,NAN,0.0,0.0,0.0,0.0,nan,nan,False,20260903-CHUNGAR-XRD150USS-005-B
539,20260904,7,29,69,258,2,A,0.0,0.0,0.0,NAN,NAN,SIN_NUMERO,NAN,NAN,SIN_NUMERO,NAN,0.0,0.0,0.0,0.0,nan,nan,False,20260904-CHUNGAR-XRD150USS-005-A
540,20260904,7,29,69,258,2,B,0.0,0.0,0.0,NAN,NAN,SIN_NUMERO,NAN,NAN,SIN_NUMERO,NAN,0.0,0.0,0.0,0.0,nan,nan,False,20260904-CHUNGAR-XRD150USS-005-B
541,20260905,7,29,69,258,2,A,0.0,0.0,0.0,NAN,NAN,SIN_NUMERO,NAN,NAN,SIN_NUMERO,NAN,0.0,0.0,0.0,0.0,nan,nan,False,20260905-CHUNGAR-XRD150USS-005-A
542,20260905,7,29,69,258,2,B,0.0,0.0,0.0,NAN,NAN,SIN_NUMERO,NAN,NAN,SIN_NUMERO,NAN,0.0,0.0,0.0,0.0,nan,nan,False,20260905-CHUNGAR-XRD150USS-005-B
543,20260906,7,29,69,258,2,A,0.0,0.0,0.0,NAN,NAN,SIN_NUMERO,NAN,NAN,SIN_NUMERO,NAN,0.0,0.0,0.0,0.0,nan,nan,False,20260906-CHUNGAR-XRD150USS-005-A
544,20260906,7,29,69,258,2,B,0.0,0.0,0.0,NAN,NAN,SIN_NUMERO,NAN,NAN,SIN_NUMERO,NAN,0.0,0.0,0.0,0.0,nan,nan,False,20260906-CHUNGAR-XRD150USS-005-B
545,20260907,7,29,69,258,2,A,0.0,0.0,0.0,NAN,NAN,SIN_NUMERO,NAN,NAN,SIN_NUMERO,NAN,0.0,0.0,0.0,0.0,nan,nan,False,20260907-CHUNGAR-XRD150USS-005-A
546,20260907,7,29,69,258,2,B,0.0,0.0,0.0,NAN,NAN,SIN_NUMERO,NAN,NAN,SIN_NUMERO,NAN,0.0,0.0,0.0,0.0,nan,nan,False,20260907-CHUNGAR-XRD150USS-005-B
547,20260908,7,29,69,258,2,A,0.0,0.0,0.0,NAN,NAN,SIN_NUMERO,NAN,NAN,SIN_NUMERO,NAN,0.0,0.0,0.0,0.0,nan,nan,False,20260908-CHUNGAR-XRD150USS-005-A
548,20260908,7,29,69,258,2,B,0.0,0.0,0.0,NAN,NAN,SIN_NUMERO,NAN,NAN,SIN_NUMERO,NAN,0.0,0.0,0.0,0.0,nan,nan,False,20260908-CHUNGAR-XRD150USS-005-B
549,20260909,7,29,69,258,2,A,0.0,0.0,0.0,NAN,NAN,SIN_NUMERO,NAN,NAN,SIN_NUMERO,NAN,0.0,0.0,0.0,0.0,nan,nan,False,20260909-CHUNGAR-XRD150USS-005-A
550,20260909,7,29,69,258,2,B,0.0,0.0,0.0,NAN,NAN,SIN_NUMERO,NAN,NAN,SIN_NUMERO,NAN,0.0,0.0,0.0,0.0,nan,nan,False,20260909-CHUNGAR-XRD150USS-005-B
551,20260910,7,29,69,258,2,A,0.0,0.0,0.0,NAN,NAN,SIN_NUMERO,NAN,NAN,SIN_NUMERO,NAN,0.0,0.0,0.0,0.0,nan,nan,False,20260910-CHUNGAR-XRD150USS-005-A
552,20260910,7,29,69,258,2,B,0.0,0.0,0.0,NAN,NAN,SIN_NUMERO,NAN,NAN,SIN_NUMERO,NAN,0.0,0.0,0.0,0.0,nan,nan,False,20260910-CHUNGAR-XRD150USS-005-B
553,20260911,7,29,69,258,2,A,0.0,0.0,0.0,NAN,NAN,SIN_NUMERO,NAN,NAN,SIN_NUMERO,NAN,0.0,0.0,0.0,0.0,nan,nan,False,20260911-CHUNGAR-XRD150USS-005-A
554,20260911,7,29,69,258,2,B,0.0,0.0,0.0,NAN,NAN,SIN_NUMERO,NAN,NAN,SIN_NUMERO,NAN,0.0,0.0,0.0,0.0,nan,nan,False,20260911-CHUNGAR-XRD150USS-005-B
555,20260912,7,29,69,258,2,A,0.0,0.0,0.0,NAN,NAN,SIN_NUMERO,NAN,NAN,SIN_NUMERO,NAN,0.0,0.0,0.0,0.0,nan,nan,False,20260912-CHUNGAR-XRD150USS-005-A
556,20260912,7,29,69,258,2,B,0.0,0.0,0.0,NAN,NAN,SIN_NUMERO,NAN,NAN,SIN_NUMERO,NAN,0.0,0.0,0.0,0.0,nan,nan,False,20260912-CHUNGAR-XRD150USS-005-B
557,20260913,7,29,69,258,2,A,0.0,0.0,0.0,NAN,NAN,SIN_NUMERO,NAN,NAN,SIN_NUMERO,NAN,0.0,0.0,0.0,0.0,nan,nan,False,20260913-CHUNGAR-XRD150USS-005-A
558,20260913,7,29,69,258,2,B,0.0,0.0,0.0,NAN,NAN,SIN_NUMERO,NAN,NAN,SIN_NUMERO,NAN,0.0,0.0,0.0,0.0,nan,nan,False,20260913-CHUNGAR-XRD150USS-005-B
559,20260914,7,29,69,258,2,A,0.0,0.0,0.0,NAN,NAN,SIN_NUMERO,NAN,NAN,SIN_NUMERO,NAN,0.0,0.0,0.0,0.0,nan,nan,False,20260914-CHUNGAR-XRD150USS-005-A
560,20260914,7,29,69,258,2,B,0.0,0.0,0.0,NAN,NAN,SIN_NUMERO,NAN,NAN,SIN_NUMERO,NAN,0.0,0.0,0.0,0.0,nan,nan,False,20260914-CHUNGAR-XRD150USS-005-B
561,20260915,7,29,69,258,2,A,0.0,0.0,0.0,NAN,NAN,SIN_NUMERO,NAN,NAN,SIN_NUMERO,NAN,0.0,0.0,0.0,0.0,nan,nan,False,20260915-CHUNGAR-XRD150USS-005-A
562,20260915,7,29,69,258,2,B,0.0,0.0,0.0,NAN,NAN,SIN_NUMERO,NAN,NAN,SIN_NUMERO,NAN,0.0,0.0,0.0,0.0,nan,nan,False,20260915-CHUNGAR-XRD150USS-005-B
563,20260916,7,29,69,258,2,A,0.0,0.0,0.0,NAN,NAN,SIN_NUMERO,NAN,NAN,SIN_NUMERO,NAN,0.0,0.0,0.0,0.0,nan,nan,False,20260916-CHUNGAR-XRD150USS-005-A
564,20260916,7,29,69,258,2,B,0.0,0.0,0.0,NAN,NAN,SIN_NUMERO,NAN,NAN,SIN_NUMERO,NAN,0.0,0.0,0.0,0.0,nan,nan,False,20260916-CHUNGAR-XRD150USS-005-B
565,20260917,7,29,69,258,2,A,0.0,0.0,0.0,NAN,NAN,SIN_NUMERO,NAN,NAN,SIN_NUMERO,NAN,0.0,0.0,0.0,0.0,nan,nan,False,20260917-CHUNGAR-XRD150USS-005-A
566,20260917,7,29,69,258,2,B,0.0,0.0,0.0,NAN,NAN,SIN_NUMERO,NAN,NAN,SIN_NUMERO,NAN,0.0,0.0,0.0,0.0,nan,nan,False,20260917-CHUNGAR-XRD150USS-005-B
567,20260918,7,29,69,258,2,A,0.0,0.0,0.0,NAN,NAN,SIN_NUMERO,NAN,NAN,SIN_NUMERO,NAN,0.0,0.0,0.0,0.0,nan,nan,False,20260918-CHUNGAR-XRD150USS-005-A
568,20260918,7,29,69,258,2,B,0.0,0.0,0.0,NAN,NAN,SIN_NUMERO,NAN,NAN,SIN_NUMERO,NAN,0.0,0.0,0.0,0.0,nan,nan,False,20260918-CHUNGAR-XRD150USS-005-B
569,20260919,7,29,69,258,2,A,0.0,0.0,0.0,NAN,NAN,SIN_NUMERO,NAN,NAN,SIN_NUMERO,NAN,0.0,0.0,0.0,0.0,nan,nan,False,20260919-CHUNGAR-XRD150USS-005-A
570,20260919,7,29,69,258,2,B,0.0,0.0,0.0,NAN,NAN,SIN_NUMERO,NAN,NAN,SIN_NUMERO,NAN,0.0,0.0,0.0,0.0,nan,nan,False,20260919-CHUNGAR-XRD150USS-005-B
571,20260920,7,29,69,258,2,A,0.0,0.0,0.0,NAN,NAN,SIN_NUMERO,NAN,NAN,SIN_NUMERO,NAN,0.0,0.0,0.0,0.0,nan,nan,False,20260920-CHUNGAR-XRD150USS-005-A
572,20260920,7,29,69,258,2,B,0.0,0.0,0.0,NAN,NAN,SIN_NUMERO,NAN,NAN,SIN_NUMERO,NAN,0.0,0.0,0.0,0.0,nan,nan,False,20260920-CHUNGAR-XRD150USS-005-B
573,20260921,7,29,69,258,2,A,0.0,0.0,0.0,NAN,NAN,SIN_NUMERO,NAN,NAN,SIN_NUMERO,NAN,0.0,0.0,0.0,0.0,nan,nan,False,20260921-CHUNGAR-XRD150USS-005-A
574,20260921,7,29,69,258,2,B,0.0,0.0,0.0,NAN,NAN,SIN_NUMERO,NAN,NAN,SIN_NUMERO,NAN,0.0,0.0,0.0,0.0,nan,nan,False,20260921-CHUNGAR-XRD150USS-005-B
575,20260922,7,29,69,258,2,A,0.0,0.0,0.0,NAN,NAN,SIN_NUMERO,NAN,NAN,SIN_NUMERO,NAN,0.0,0.0,0.0,0.0,nan,nan,False,20260922-CHUNGAR-XRD150USS-005-A
576,20260922,7,29,69,258,2,B,0.0,0.0,0.0,NAN,NAN,SIN_NUMERO,NAN,NAN,SIN_NUMERO,NAN,0.0,0.0,0.0,0.0,nan,nan,False,20260922-CHUNGAR-XRD150USS-005-B
577,20260923,7,29,69,258,2,A,0.0,0.0,0.0,NAN,NAN,SIN_NUMERO,NAN,NAN,SIN_NUMERO,NAN,0.0,0.0,0.0,0.0,nan,nan,False,20260923-CHUNGAR-XRD150USS-005-A
578,20260923,7,29,69,258,2,B,0.0,0.0,0.0,NAN,NAN,SIN_NUMERO,NAN,NAN,SIN_NUMERO,NAN,0.0,0.0,0.0,0.0,nan,nan,False,20260923-CHUNGAR-XRD150USS-005-B
579,20260924,7,29,69,258,2,A,0.0,0.0,0.0,NAN,NAN,SIN_NUMERO,NAN,NAN,SIN_NUMERO,NAN,0.0,0.0,0.0,0.0,nan,nan,False,20260924-CHUNGAR-XRD150USS-005-A
580,20260924,7,29,69,258,2,B,0.0,0.0,0.0,NAN,NAN,SIN_NUMERO,NAN,NAN,SIN_NUMERO,NAN,0.0,0.0,0.0,0.0,nan,nan,False,20260924-CHUNGAR-XRD150USS-005-B
581,20260925,7,29,69,258,2,A,0.0,0.0,0.0,NAN,NAN,SIN_NUMERO,NAN,NAN,SIN_NUMERO,NAN,0.0,0.0,0.0,0.0,nan,nan,False,20260925-CHUNGAR-XRD150USS-005-A
582,20260925,7,29,69,258,2,B,0.0,0.0,0.0,NAN,NAN,SIN_NUMERO,NAN,NAN,SIN_NUMERO,NAN,0.0,0.0,0.0,0.0,nan,nan,False,20260925-CHUNGAR-XRD150USS-005-B
583,20260826,7,27,50,65,2,A,683.5,684.2,0.7,HARDCORE,X8,439410,USADA,HARDCORE,190295,USADA,0.0,0.0,0.0,0.0,marga,"se engrasa maquina y accesorios, se prepara lodo para lavar el sondaje, se cuadra la tuberia para cambiar de linea, se descarga la tuberia.",False,20260826-CHUNGAR-XRD120U-001-A
584,20260826,7,27,44,163,2,B,684.2,684.2,0.0,HARDCORE,X8,439410,USADA,HARDCORE,190295,USADA,0.0,0.0,0.0,0.0,nan,"engrase de equipo, se carga tuberia HQ faltan 25 tubos al tope, se ingresa reperforando, se hace orden y limpieza",False,20260826-CHUNGAR-XRD120U-001-B
585,20260827,7,27,50,55,2,A,684.2,684.2,0.0,NAN,NAN,SIN_NUMERO,NAN,NAN,SIN_NUMERO,NAN,0.0,0.0,0.0,0.0,nan,"se asiste a la capacitacion por CIA, se traslada tuberia NQ de superficie a almacen hacia la camara 150 NV 4150.",False,20260827-CHUNGAR-XRD120U-001-A
586,20260827,7,27,44,65,2,B,684.2,684.2,0.0,NAN,NAN,SIN_NUMERO,NAN,NAN,SIN_NUMERO,NAN,0.0,0.0,0.0,0.0,nan,"se engrasa maquina y accesorios, se ajusta pernos en la maquina, se traslada 70 tubos NQ de superficia hacia la camara DDH 150 carmen, se realiza pare por fuga de hidrolina.",False,20260827-CHUNGAR-XRD120U-001-B
587,20260828,7,27,50,55,2,A,684.2,697.6,13.4,HARDCORE,X8,409401,NUEVA,HARDCORE,193928,NUEVO,0.0,0.0,0.0,0.0,nan,"se engrasa maquina y accesorios, se continua carando barras NQ hasta llegar al fondo se ingresa lavando el sondaje",False,20260828-CHUNGAR-XRD120U-001-A
588,20260828,7,27,44,65,2,B,697.6,714.25,16.65,HARDCORE,X8,409401,USADA,HARDCORE,193928,USADA,0.0,0.0,0.0,0.0,nan,"e engrasa maquina y accesorios, se prepara lodo para lavar sondaje, se continua con la perforacion marga gris compacto toda la guardia, se realiza orden y limpieza.",False,20260828-CHUNGAR-XRD120U-001-B
589,20260829,7,27,50,55,2,A,714.25,726.35,12.1,HARDCORE,X8,409401,USADA,HARDCORE,193928,USADA,0.0,0.0,5.0,0.0,marga gris,"se engrasa maquina y accesorios, se mueve casing HQ y se lava por 1 hora se continua con la perforacion NQ, se tiene inconvenientes con el red holder",False,20260829-CHUNGAR-XRD120U-001-A
590,20260829,7,27,44,65,2,B,726.35,742.3,15.95,HARDCORE,X8,409401,USADA,HARDCORE,193928,USADA,0.0,0.0,0.0,0.0,marga gris semicompacto,"mecanico realiza mantenimiento correctivo en el rot bolder, se prepara lodo para lavar el sondaje, se continua con la perforacion alos 738,20, se corto agua litro por segundo, se realiza orden y limpieza.",False,20260829-CHUNGAR-XRD120U-001-B
591,20260830,7,27,50,55,2,A,742.3,742.3,0.0,NAN,NAN,SIN_NUMERO,NAN,NAN,SIN_NUMERO,NAN,0.0,0.0,4.0,0.0,nan,"se engrasa maquina y accesorios, se lava el casing HQ por 1/2 hora, se inicia perforar 4ta columna, se descarga la tuberia por cambio de broca.",False,20260830-CHUNGAR-XRD120U-001-A
592,20260830,7,27,44,65,2,B,742.3,757.85,15.55,HARDCORE,X8,409401,USADA,HARDCORE,193928,USADA,0.0,0.0,0.0,0.0,marga gris mineralizado,"se engrasa maquina y accesorios, se prepara lodo para lavar sondaje, se continua con el carguio de la tuberia NQ hasta el tope se continua con la perforacion, se realiza orden y limpieza",False,20260830-CHUNGAR-XRD120U-001-B
593,20260831,7,27,50,55,2,A,757.85,776.25,18.4,HARDCORE,X8,409401,USADA,HARDCORE,193928,USADA,0.0,0.0,7.0,0.0,marga gris,"se engrasa maquina y accesorios, se realizo medicion de 700mts, se continua la perforacion, y se corta agua a los 760.35 promedio de 10lts *seg con la grieta",False,20260831-CHUNGAR-XRD120U-001-A
594,20260831,7,27,44,65,2,B,776.25,777.65,1.4,HARDCORE,X8,409401,USADA,HARDCORE,193928,USADA,0.0,0.0,0.0,0.0,marga gris,"se engrasa maquina y accesorios, se prepara lodo para lavar el sondaje, se continua con la perfroracion en la primera corrida, se rompe la tuberia a los 35tubos, se espera que traigan keposo",False,20260831-CHUNGAR-XRD120U-001-B
595,20260901,7,27,44,258,2,A,777.65,0.0,0.0,NAN,NAN,SIN_NUMERO,NAN,NAN,SIN_NUMERO,NAN,0.0,0.0,0.0,0.0,nan,nan,False,20260901-CHUNGAR-XRD120U-001-A
596,20260901,7,27,69,258,2,B,0.0,0.0,0.0,NAN,NAN,SIN_NUMERO,NAN,NAN,SIN_NUMERO,NAN,0.0,0.0,0.0,0.0,nan,nan,False,20260901-CHUNGAR-XRD120U-001-B
597,20260902,7,27,69,258,2,A,0.0,0.0,0.0,NAN,NAN,SIN_NUMERO,NAN,NAN,SIN_NUMERO,NAN,0.0,0.0,0.0,0.0,nan,nan,False,20260902-CHUNGAR-XRD120U-001-A
598,20260902,7,27,69,258,2,B,0.0,0.0,0.0,NAN,NAN,SIN_NUMERO,NAN,NAN,SIN_NUMERO,NAN,0.0,0.0,0.0,0.0,nan,nan,False,20260902-CHUNGAR-XRD120U-001-B
599,20260903,7,27,69,258,2,A,0.0,0.0,0.0,NAN,NAN,SIN_NUMERO,NAN,NAN,SIN_NUMERO,NAN,0.0,0.0,0.0,0.0,nan,nan,False,20260903-CHUNGAR-XRD120U-001-A
600,20260903,7,27,69,258,2,B,0.0,0.0,0.0,NAN,NAN,SIN_NUMERO,NAN,NAN,SIN_NUMERO,NAN,0.0,0.0,0.0,0.0,nan,nan,False,20260903-CHUNGAR-XRD120U-001-B
601,20260904,7,27,69,258,2,A,0.0,0.0,0.0,NAN,NAN,SIN_NUMERO,NAN,NAN,SIN_NUMERO,NAN,0.0,0.0,0.0,0.0,nan,nan,False,20260904-CHUNGAR-XRD120U-001-A
602,20260904,7,27,69,258,2,B,0.0,0.0,0.0,NAN,NAN,SIN_NUMERO,NAN,NAN,SIN_NUMERO,NAN,0.0,0.0,0.0,0.0,nan,nan,False,20260904-CHUNGAR-XRD120U-001-B
603,20260905,7,27,69,258,2,A,0.0,0.0,0.0,NAN,NAN,SIN_NUMERO,NAN,NAN,SIN_NUMERO,NAN,0.0,0.0,0.0,0.0,nan,nan,False,20260905-CHUNGAR-XRD120U-001-A
604,20260905,7,27,69,258,2,B,0.0,0.0,0.0,NAN,NAN,SIN_NUMERO,NAN,NAN,SIN_NUMERO,NAN,0.0,0.0,0.0,0.0,nan,nan,False,20260905-CHUNGAR-XRD120U-001-B
605,20260906,7,27,69,258,2,A,0.0,0.0,0.0,NAN,NAN,SIN_NUMERO,NAN,NAN,SIN_NUMERO,NAN,0.0,0.0,0.0,0.0,nan,nan,False,20260906-CHUNGAR-XRD120U-001-A
606,20260906,7,27,69,258,2,B,0.0,0.0,0.0,NAN,NAN,SIN_NUMERO,NAN,NAN,SIN_NUMERO,NAN,0.0,0.0,0.0,0.0,nan,nan,False,20260906-CHUNGAR-XRD120U-001-B
607,20260907,7,27,69,258,2,A,0.0,0.0,0.0,NAN,NAN,SIN_NUMERO,NAN,NAN,SIN_NUMERO,NAN,0.0,0.0,0.0,0.0,nan,nan,False,20260907-CHUNGAR-XRD120U-001-A
608,20260907,7,27,69,258,2,B,0.0,0.0,0.0,NAN,NAN,SIN_NUMERO,NAN,NAN,SIN_NUMERO,NAN,0.0,0.0,0.0,0.0,nan,nan,False,20260907-CHUNGAR-XRD120U-001-B
609,20260908,7,27,69,258,2,A,0.0,0.0,0.0,NAN,NAN,SIN_NUMERO,NAN,NAN,SIN_NUMERO,NAN,0.0,0.0,0.0,0.0,nan,nan,False,20260908-CHUNGAR-XRD120U-001-A
610,20260908,7,27,69,258,2,B,0.0,0.0,0.0,NAN,NAN,SIN_NUMERO,NAN,NAN,SIN_NUMERO,NAN,0.0,0.0,0.0,0.0,nan,nan,False,20260908-CHUNGAR-XRD120U-001-B
611,20260909,7,27,69,258,2,A,0.0,0.0,0.0,NAN,NAN,SIN_NUMERO,NAN,NAN,SIN_NUMERO,NAN,0.0,0.0,0.0,0.0,nan,nan,False,20260909-CHUNGAR-XRD120U-001-A
612,20260909,7,27,69,258,2,B,0.0,0.0,0.0,NAN,NAN,SIN_NUMERO,NAN,NAN,SIN_NUMERO,NAN,0.0,0.0,0.0,0.0,nan,nan,False,20260909-CHUNGAR-XRD120U-001-B
613,20260910,7,27,69,258,2,A,0.0,0.0,0.0,NAN,NAN,SIN_NUMERO,NAN,NAN,SIN_NUMERO,NAN,0.0,0.0,0.0,0.0,nan,nan,False,20260910-CHUNGAR-XRD120U-001-A
614,20260910,7,27,69,258,2,B,0.0,0.0,0.0,NAN,NAN,SIN_NUMERO,NAN,NAN,SIN_NUMERO,NAN,0.0,0.0,0.0,0.0,nan,nan,False,20260910-CHUNGAR-XRD120U-001-B
615,20260911,7,27,69,258,2,A,0.0,0.0,0.0,NAN,NAN,SIN_NUMERO,NAN,NAN,SIN_NUMERO,NAN,0.0,0.0,0.0,0.0,nan,nan,False,20260911-CHUNGAR-XRD120U-001-A
616,20260911,7,27,69,258,2,B,0.0,0.0,0.0,NAN,NAN,SIN_NUMERO,NAN,NAN,SIN_NUMERO,NAN,0.0,0.0,0.0,0.0,nan,nan,False,20260911-CHUNGAR-XRD120U-001-B
617,20260912,7,27,69,258,2,A,0.0,0.0,0.0,NAN,NAN,SIN_NUMERO,NAN,NAN,SIN_NUMERO,NAN,0.0,0.0,0.0,0.0,nan,nan,False,20260912-CHUNGAR-XRD120U-001-A
618,20260912,7,27,69,258,2,B,0.0,0.0,0.0,NAN,NAN,SIN_NUMERO,NAN,NAN,SIN_NUMERO,NAN,0.0,0.0,0.0,0.0,nan,nan,False,20260912-CHUNGAR-XRD120U-001-B
619,20260913,7,27,69,258,2,A,0.0,0.0,0.0,NAN,NAN,SIN_NUMERO,NAN,NAN,SIN_NUMERO,NAN,0.0,0.0,0.0,0.0,nan,nan,False,20260913-CHUNGAR-XRD120U-001-A
620,20260913,7,27,69,258,2,B,0.0,0.0,0.0,NAN,NAN,SIN_NUMERO,NAN,NAN,SIN_NUMERO,NAN,0.0,0.0,0.0,0.0,nan,nan,False,20260913-CHUNGAR-XRD120U-001-B
621,20260914,7,27,69,258,2,A,0.0,0.0,0.0,NAN,NAN,SIN_NUMERO,NAN,NAN,SIN_NUMERO,NAN,0.0,0.0,0.0,0.0,nan,nan,False,20260914-CHUNGAR-XRD120U-001-A
622,20260914,7,27,69,258,2,B,0.0,0.0,0.0,NAN,NAN,SIN_NUMERO,NAN,NAN,SIN_NUMERO,NAN,0.0,0.0,0.0,0.0,nan,nan,False,20260914-CHUNGAR-XRD120U-001-B
623,20260915,7,27,69,258,2,A,0.0,0.0,0.0,NAN,NAN,SIN_NUMERO,NAN,NAN,SIN_NUMERO,NAN,0.0,0.0,0.0,0.0,nan,nan,False,20260915-CHUNGAR-XRD120U-001-A
624,20260915,7,27,69,258,2,B,0.0,0.0,0.0,NAN,NAN,SIN_NUMERO,NAN,NAN,SIN_NUMERO,NAN,0.0,0.0,0.0,0.0,nan,nan,False,20260915-CHUNGAR-XRD120U-001-B
625,20260916,7,27,69,258,2,A,0.0,0.0,0.0,NAN,NAN,SIN_NUMERO,NAN,NAN,SIN_NUMERO,NAN,0.0,0.0,0.0,0.0,nan,nan,False,20260916-CHUNGAR-XRD120U-001-A
626,20260916,7,27,69,258,2,B,0.0,0.0,0.0,NAN,NAN,SIN_NUMERO,NAN,NAN,SIN_NUMERO,NAN,0.0,0.0,0.0,0.0,nan,nan,False,20260916-CHUNGAR-XRD120U-001-B
627,20260917,7,27,69,258,2,A,0.0,0.0,0.0,NAN,NAN,SIN_NUMERO,NAN,NAN,SIN_NUMERO,NAN,0.0,0.0,0.0,0.0,nan,nan,False,20260917-CHUNGAR-XRD120U-001-A
628,20260917,7,27,69,258,2,B,0.0,0.0,0.0,NAN,NAN,SIN_NUMERO,NAN,NAN,SIN_NUMERO,NAN,0.0,0.0,0.0,0.0,nan,nan,False,20260917-CHUNGAR-XRD120U-001-B
629,20260918,7,27,69,258,2,A,0.0,0.0,0.0,NAN,NAN,SIN_NUMERO,NAN,NAN,SIN_NUMERO,NAN,0.0,0.0,0.0,0.0,nan,nan,False,20260918-CHUNGAR-XRD120U-001-A
630,20260918,7,27,69,258,2,B,0.0,0.0,0.0,NAN,NAN,SIN_NUMERO,NAN,NAN,SIN_NUMERO,NAN,0.0,0.0,0.0,0.0,nan,nan,False,20260918-CHUNGAR-XRD120U-001-B
631,20260919,7,27,69,258,2,A,0.0,0.0,0.0,NAN,NAN,SIN_NUMERO,NAN,NAN,SIN_NUMERO,NAN,0.0,0.0,0.0,0.0,nan,nan,False,20260919-CHUNGAR-XRD120U-001-A
632,20260919,7,27,69,258,2,B,0.0,0.0,0.0,NAN,NAN,SIN_NUMERO,NAN,NAN,SIN_NUMERO,NAN,0.0,0.0,0.0,0.0,nan,nan,False,20260919-CHUNGAR-XRD120U-001-B
633,20260920,7,27,69,258,2,A,0.0,0.0,0.0,NAN,NAN,SIN_NUMERO,NAN,NAN,SIN_NUMERO,NAN,0.0,0.0,0.0,0.0,nan,nan,False,20260920-CHUNGAR-XRD120U-001-A
634,20260920,7,27,69,258,2,B,0.0,0.0,0.0,NAN,NAN,SIN_NUMERO,NAN,NAN,SIN_NUMERO,NAN,0.0,0.0,0.0,0.0,nan,nan,False,20260920-CHUNGAR-XRD120U-001-B
635,20260921,7,27,69,258,2,A,0.0,0.0,0.0,NAN,NAN,SIN_NUMERO,NAN,NAN,SIN_NUMERO,NAN,0.0,0.0,0.0,0.0,nan,nan,False,20260921-CHUNGAR-XRD120U-001-A
636,20260921,7,27,69,258,2,B,0.0,0.0,0.0,NAN,NAN,SIN_NUMERO,NAN,NAN,SIN_NUMERO,NAN,0.0,0.0,0.0,0.0,nan,nan,False,20260921-CHUNGAR-XRD120U-001-B
637,20260922,7,27,69,258,2,A,0.0,0.0,0.0,NAN,NAN,SIN_NUMERO,NAN,NAN,SIN_NUMERO,NAN,0.0,0.0,0.0,0.0,nan,nan,False,20260922-CHUNGAR-XRD120U-001-A
638,20260922,7,27,69,258,2,B,0.0,0.0,0.0,NAN,NAN,SIN_NUMERO,NAN,NAN,SIN_NUMERO,NAN,0.0,0.0,0.0,0.0,nan,nan,False,20260922-CHUNGAR-XRD120U-001-B
639,20260923,7,27,69,258,2,A,0.0,0.0,0.0,NAN,NAN,SIN_NUMERO,NAN,NAN,SIN_NUMERO,NAN,0.0,0.0,0.0,0.0,nan,nan,False,20260923-CHUNGAR-XRD120U-001-A
640,20260923,7,27,69,258,2,B,0.0,0.0,0.0,NAN,NAN,SIN_NUMERO,NAN,NAN,SIN_NUMERO,NAN,0.0,0.0,0.0,0.0,nan,nan,False,20260923-CHUNGAR-XRD120U-001-B
641,20260924,7,27,69,258,2,A,0.0,0.0,0.0,NAN,NAN,SIN_NUMERO,NAN,NAN,SIN_NUMERO,NAN,0.0,0.0,0.0,0.0,nan,nan,False,20260924-CHUNGAR-XRD120U-001-A
642,20260924,7,27,69,258,2,B,0.0,0.0,0.0,NAN,NAN,SIN_NUMERO,NAN,NAN,SIN_NUMERO,NAN,0.0,0.0,0.0,0.0,nan,nan,False,20260924-CHUNGAR-XRD120U-001-B
643,20260925,7,27,69,258,2,A,0.0,0.0,0.0,NAN,NAN,SIN_NUMERO,NAN,NAN,SIN_NUMERO,NAN,0.0,0.0,0.0,0.0,nan,nan,False,20260925-CHUNGAR-XRD120U-001-A
644,20260925,7,27,69,258,2,B,0.0,0.0,0.0,NAN,NAN,SIN_NUMERO,NAN,NAN,SIN_NUMERO,NAN,0.0,0.0,0.0,0.0,nan,nan,False,20260925-CHUNGAR-XRD120U-001-B
645,20260826,7,25,46,317,2,A,60.5,74.6,14.1,HADCORE,X10,439302,USADA,HADCORE,198687,USADA,0.0,0.0,5.0,0.0,marga gris fracturado,"se engrasa maquina y accesorios, se estabiliza el sondaje y se continua con la perforacion.",False,20260826-CHUNGAR-LM110U-001-A
646,20260826,7,25,46,411,2,B,74.6,79.5,4.9,HADCORE,X10,439302,USADA,HADCORE,198687,USADA,0.0,0.0,0.0,0.0,marga gris semi compacto,"se engrasa maquina y accesorios, se continua con la perforacion terreno duro semicompacto, en la tercera corrida se tiene problemas al momento de pescar, no pesca en 3 oportunidades, se procede a descarga tuberia y se encontro una botella con polimero, luego se carga y se continua con la perforacion.",False,20260826-CHUNGAR-LM110U-001-B
647,20260827,7,25,46,270,2,A,79.5,90.1,10.6,HADCORE,X10,439302,USADA,HADCORE,198687,USADA,0.0,0.0,3.0,0.0,marga gris compacto,"se engrasa maquina y accesorios, se prepara fluido de perforacion, se inica con la perforacion, se tiene presencia de atrapamiento a los 87,10cm",False,20260827-CHUNGAR-LM110U-001-A
648,20260827,7,25,46,317,2,B,90.1,106.7,16.6,HADCORE,X10,439302,USADA,HADCORE,198687,USADA,0.0,0.0,0.0,0.0,marga gris fracturado,"se engrasa maquina y accesorios de perforacion, se acondiciona sondaje y se continua con la perforacion con dificultad litologica fracturada.",False,20260827-CHUNGAR-LM110U-001-B
649,20260828,7,25,46,270,2,A,106.7,106.7,0.0,NAN,NAN,SIN_NUMERO,NAN,NAN,SIN_NUMERO,NAN,0.0,0.0,4.0,0.0,nan,"se engrasa maquina y accesorios, se realiza medicion de gyro a los 100mts, se inicia a descargar la tuberia de HQ con difucltad por fallas geologicas, se saca el perno de ancladje de sondaje.",False,20260828-CHUNGAR-LM110U-001-A
650,20260828,7,25,47,317,2,B,0.0,11.1,11.1,HADCORE,X10,439302,USADA,HADCORE,198687,USADA,0.0,0.0,0.0,0.0,marga gris fracturado,"se engrasa maquina y accesorios de perforacion, se perfora para el perno centro con dificultad, se ancla la maquina y se inicia con la perforacion.",False,20260828-CHUNGAR-LM110U-001-B
651,20260829,7,25,47,270,2,A,11.1,35.45,24.35,HADCORE,X10,439302,USADA,HADCORE,198687,USADA,0.0,0.0,5.0,0.0,marga gris fracturado,"se engrasa maquina y ccesorios, se prepara fluido de perforacion y a los 16,10mts se culmina de perforar terreno panizo y desde ese metraje hasta los 35,45mts",False,20260829-CHUNGAR-LM110U-001-A
652,20260829,7,25,47,317,2,B,35.45,61.4,25.95,HADCORE,X10,439302,USADA,HADCORE,198687,USADA,0.0,0.0,0.0,0.0,marga gris fracturado,"engrasado de maquina y accesorios de perforacion, se estabiliza el sondaje y se continua con la perforacion, litologia fracturada.",False,20260829-CHUNGAR-LM110U-001-B
653,20260830,7,25,47,270,2,A,61.4,81.1,19.7,HADCORE,X10,439302,USADA,HADCORE,198687,USADA,0.0,0.0,6.0,0.0,marga gris fracturado,"se engrasa maquina y accesorios, se prepara fluido de perforacion, se inicia con la perforacion y se corta terreno fracturado toda la guardia.",False,20260830-CHUNGAR-LM110U-001-A
654,20260830,7,25,47,317,2,B,81.1,101.4,20.3,HADCORE,X10,439302,USADA,HADCORE,198687,USADA,0.0,0.0,0.0,0.0,marga gris fracturado,"se engrasa maquina y accesorios, se realiza politica PARE por la bomba sumergible en mal estado y temperatuta elevada desde 9:30pm",False,20260830-CHUNGAR-LM110U-001-B
655,20260831,7,25,47,270,2,A,101.4,116.0,14.6,HADCORE,X10,439302,USADA,HADCORE,198687,USADA,0.0,0.0,6.0,0.0,marga gris fracturado,"se engrasa maquina y accesorios, se prepara fluido de perforacion, en la primera corrida se impacta agua y se mide 15l*seg, se continua perforado",False,20260831-CHUNGAR-LM110U-001-A
656,20260831,7,25,47,317,2,B,116.0,116.0,0.0,HADCORE,X10,439302,USADA,HADCORE,198687,USADA,0.0,0.0,0.0,0.0,nan,"se engrasa maquina y accesorios, se descarga todas las barras y se baja con tubo quedando en el sondaje 38 tubos.",False,20260831-CHUNGAR-LM110U-001-B
657,20260901,7,25,47,258,2,A,0.0,0.0,0.0,NAN,NAN,SIN_NUMERO,NAN,NAN,SIN_NUMERO,NAN,0.0,0.0,0.0,0.0,nan,nan,False,20260901-CHUNGAR-LM110U-001-A
658,20260901,7,25,69,258,2,B,0.0,0.0,0.0,NAN,NAN,SIN_NUMERO,NAN,NAN,SIN_NUMERO,NAN,0.0,0.0,0.0,0.0,nan,nan,False,20260901-CHUNGAR-LM110U-001-B
659,20260902,7,25,69,258,2,A,0.0,0.0,0.0,NAN,NAN,SIN_NUMERO,NAN,NAN,SIN_NUMERO,NAN,0.0,0.0,0.0,0.0,nan,nan,False,20260902-CHUNGAR-LM110U-001-A
660,20260902,7,25,69,258,2,B,0.0,0.0,0.0,NAN,NAN,SIN_NUMERO,NAN,NAN,SIN_NUMERO,NAN,0.0,0.0,0.0,0.0,nan,nan,False,20260902-CHUNGAR-LM110U-001-B
661,20260903,7,25,69,258,2,A,0.0,0.0,0.0,NAN,NAN,SIN_NUMERO,NAN,NAN,SIN_NUMERO,NAN,0.0,0.0,0.0,0.0,nan,nan,False,20260903-CHUNGAR-LM110U-001-A
662,20260903,7,25,69,258,2,B,0.0,0.0,0.0,NAN,NAN,SIN_NUMERO,NAN,NAN,SIN_NUMERO,NAN,0.0,0.0,0.0,0.0,nan,nan,False,20260903-CHUNGAR-LM110U-001-B
663,20260904,7,25,69,258,2,A,0.0,0.0,0.0,NAN,NAN,SIN_NUMERO,NAN,NAN,SIN_NUMERO,NAN,0.0,0.0,0.0,0.0,nan,nan,False,20260904-CHUNGAR-LM110U-001-A
664,20260904,7,25,69,258,2,B,0.0,0.0,0.0,NAN,NAN,SIN_NUMERO,NAN,NAN,SIN_NUMERO,NAN,0.0,0.0,0.0,0.0,nan,nan,False,20260904-CHUNGAR-LM110U-001-B
665,20260905,7,25,69,258,2,A,0.0,0.0,0.0,NAN,NAN,SIN_NUMERO,NAN,NAN,SIN_NUMERO,NAN,0.0,0.0,0.0,0.0,nan,nan,False,20260905-CHUNGAR-LM110U-001-A
666,20260905,7,25,69,258,2,B,0.0,0.0,0.0,NAN,NAN,SIN_NUMERO,NAN,NAN,SIN_NUMERO,NAN,0.0,0.0,0.0,0.0,nan,nan,False,20260905-CHUNGAR-LM110U-001-B
667,20260906,7,25,69,258,2,A,0.0,0.0,0.0,NAN,NAN,SIN_NUMERO,NAN,NAN,SIN_NUMERO,NAN,0.0,0.0,0.0,0.0,nan,nan,False,20260906-CHUNGAR-LM110U-001-A
668,20260906,7,25,69,258,2,B,0.0,0.0,0.0,NAN,NAN,SIN_NUMERO,NAN,NAN,SIN_NUMERO,NAN,0.0,0.0,0.0,0.0,nan,nan,False,20260906-CHUNGAR-LM110U-001-B
669,20260907,7,25,69,258,2,A,0.0,0.0,0.0,NAN,NAN,SIN_NUMERO,NAN,NAN,SIN_NUMERO,NAN,0.0,0.0,0.0,0.0,nan,nan,False,20260907-CHUNGAR-LM110U-001-A
670,20260907,7,25,69,258,2,B,0.0,0.0,0.0,NAN,NAN,SIN_NUMERO,NAN,NAN,SIN_NUMERO,NAN,0.0,0.0,0.0,0.0,nan,nan,False,20260907-CHUNGAR-LM110U-001-B
671,20260908,7,25,69,258,2,A,0.0,0.0,0.0,NAN,NAN,SIN_NUMERO,NAN,NAN,SIN_NUMERO,NAN,0.0,0.0,0.0,0.0,nan,nan,False,20260908-CHUNGAR-LM110U-001-A
672,20260908,7,25,69,258,2,B,0.0,0.0,0.0,NAN,NAN,SIN_NUMERO,NAN,NAN,SIN_NUMERO,NAN,0.0,0.0,0.0,0.0,nan,nan,False,20260908-CHUNGAR-LM110U-001-B
673,20260909,7,25,69,258,2,A,0.0,0.0,0.0,NAN,NAN,SIN_NUMERO,NAN,NAN,SIN_NUMERO,NAN,0.0,0.0,0.0,0.0,nan,nan,False,20260909-CHUNGAR-LM110U-001-A
674,20260909,7,25,69,258,2,B,0.0,0.0,0.0,NAN,NAN,SIN_NUMERO,NAN,NAN,SIN_NUMERO,NAN,0.0,0.0,0.0,0.0,nan,nan,False,20260909-CHUNGAR-LM110U-001-B
675,20260910,7,25,69,258,2,A,0.0,0.0,0.0,NAN,NAN,SIN_NUMERO,NAN,NAN,SIN_NUMERO,NAN,0.0,0.0,0.0,0.0,nan,nan,False,20260910-CHUNGAR-LM110U-001-A
676,20260910,7,25,69,258,2,B,0.0,0.0,0.0,NAN,NAN,SIN_NUMERO,NAN,NAN,SIN_NUMERO,NAN,0.0,0.0,0.0,0.0,nan,nan,False,20260910-CHUNGAR-LM110U-001-B
677,20260911,7,25,69,258,2,A,0.0,0.0,0.0,NAN,NAN,SIN_NUMERO,NAN,NAN,SIN_NUMERO,NAN,0.0,0.0,0.0,0.0,nan,nan,False,20260911-CHUNGAR-LM110U-001-A
678,20260911,7,25,69,258,2,B,0.0,0.0,0.0,NAN,NAN,SIN_NUMERO,NAN,NAN,SIN_NUMERO,NAN,0.0,0.0,0.0,0.0,nan,nan,False,20260911-CHUNGAR-LM110U-001-B
679,20260912,7,25,69,258,2,A,0.0,0.0,0.0,NAN,NAN,SIN_NUMERO,NAN,NAN,SIN_NUMERO,NAN,0.0,0.0,0.0,0.0,nan,nan,False,20260912-CHUNGAR-LM110U-001-A
680,20260912,7,25,69,258,2,B,0.0,0.0,0.0,NAN,NAN,SIN_NUMERO,NAN,NAN,SIN_NUMERO,NAN,0.0,0.0,0.0,0.0,nan,nan,False,20260912-CHUNGAR-LM110U-001-B
681,20260913,7,25,69,258,2,A,0.0,0.0,0.0,NAN,NAN,SIN_NUMERO,NAN,NAN,SIN_NUMERO,NAN,0.0,0.0,0.0,0.0,nan,nan,False,20260913-CHUNGAR-LM110U-001-A
682,20260913,7,25,69,258,2,B,0.0,0.0,0.0,NAN,NAN,SIN_NUMERO,NAN,NAN,SIN_NUMERO,NAN,0.0,0.0,0.0,0.0,nan,nan,False,20260913-CHUNGAR-LM110U-001-B
683,20260914,7,25,69,258,2,A,0.0,0.0,0.0,NAN,NAN,SIN_NUMERO,NAN,NAN,SIN_NUMERO,NAN,0.0,0.0,0.0,0.0,nan,nan,False,20260914-CHUNGAR-LM110U-001-A
684,20260914,7,25,69,258,2,B,0.0,0.0,0.0,NAN,NAN,SIN_NUMERO,NAN,NAN,SIN_NUMERO,NAN,0.0,0.0,0.0,0.0,nan,nan,False,20260914-CHUNGAR-LM110U-001-B
685,20260915,7,25,69,258,2,A,0.0,0.0,0.0,NAN,NAN,SIN_NUMERO,NAN,NAN,SIN_NUMERO,NAN,0.0,0.0,0.0,0.0,nan,nan,False,20260915-CHUNGAR-LM110U-001-A
686,20260915,7,25,69,258,2,B,0.0,0.0,0.0,NAN,NAN,SIN_NUMERO,NAN,NAN,SIN_NUMERO,NAN,0.0,0.0,0.0,0.0,nan,nan,False,20260915-CHUNGAR-LM110U-001-B
687,20260916,7,25,69,258,2,A,0.0,0.0,0.0,NAN,NAN,SIN_NUMERO,NAN,NAN,SIN_NUMERO,NAN,0.0,0.0,0.0,0.0,nan,nan,False,20260916-CHUNGAR-LM110U-001-A
688,20260916,7,25,69,258,2,B,0.0,0.0,0.0,NAN,NAN,SIN_NUMERO,NAN,NAN,SIN_NUMERO,NAN,0.0,0.0,0.0,0.0,nan,nan,False,20260916-CHUNGAR-LM110U-001-B
689,20260917,7,25,69,258,2,A,0.0,0.0,0.0,NAN,NAN,SIN_NUMERO,NAN,NAN,SIN_NUMERO,NAN,0.0,0.0,0.0,0.0,nan,nan,False,20260917-CHUNGAR-LM110U-001-A
690,20260917,7,25,69,258,2,B,0.0,0.0,0.0,NAN,NAN,SIN_NUMERO,NAN,NAN,SIN_NUMERO,NAN,0.0,0.0,0.0,0.0,nan,nan,False,20260917-CHUNGAR-LM110U-001-B
691,20260918,7,25,69,258,2,A,0.0,0.0,0.0,NAN,NAN,SIN_NUMERO,NAN,NAN,SIN_NUMERO,NAN,0.0,0.0,0.0,0.0,nan,nan,False,20260918-CHUNGAR-LM110U-001-A
692,20260918,7,25,69,258,2,B,0.0,0.0,0.0,NAN,NAN,SIN_NUMERO,NAN,NAN,SIN_NUMERO,NAN,0.0,0.0,0.0,0.0,nan,nan,False,20260918-CHUNGAR-LM110U-001-B
693,20260919,7,25,69,258,2,A,0.0,0.0,0.0,NAN,NAN,SIN_NUMERO,NAN,NAN,SIN_NUMERO,NAN,0.0,0.0,0.0,0.0,nan,nan,False,20260919-CHUNGAR-LM110U-001-A
694,20260919,7,25,69,258,2,B,0.0,0.0,0.0,NAN,NAN,SIN_NUMERO,NAN,NAN,SIN_NUMERO,NAN,0.0,0.0,0.0,0.0,nan,nan,False,20260919-CHUNGAR-LM110U-001-B
695,20260920,7,25,69,258,2,A,0.0,0.0,0.0,NAN,NAN,SIN_NUMERO,NAN,NAN,SIN_NUMERO,NAN,0.0,0.0,0.0,0.0,nan,nan,False,20260920-CHUNGAR-LM110U-001-A
696,20260920,7,25,69,258,2,B,0.0,0.0,0.0,NAN,NAN,SIN_NUMERO,NAN,NAN,SIN_NUMERO,NAN,0.0,0.0,0.0,0.0,nan,nan,False,20260920-CHUNGAR-LM110U-001-B
697,20260921,7,25,69,258,2,A,0.0,0.0,0.0,NAN,NAN,SIN_NUMERO,NAN,NAN,SIN_NUMERO,NAN,0.0,0.0,0.0,0.0,nan,nan,False,20260921-CHUNGAR-LM110U-001-A
698,20260921,7,25,69,258,2,B,0.0,0.0,0.0,NAN,NAN,SIN_NUMERO,NAN,NAN,SIN_NUMERO,NAN,0.0,0.0,0.0,0.0,nan,nan,False,20260921-CHUNGAR-LM110U-001-B
699,20260922,7,25,69,258,2,A,0.0,0.0,0.0,NAN,NAN,SIN_NUMERO,NAN,NAN,SIN_NUMERO,NAN,0.0,0.0,0.0,0.0,nan,nan,False,20260922-CHUNGAR-LM110U-001-A
700,20260922,7,25,69,258,2,B,0.0,0.0,0.0,NAN,NAN,SIN_NUMERO,NAN,NAN,SIN_NUMERO,NAN,0.0,0.0,0.0,0.0,nan,nan,False,20260922-CHUNGAR-LM110U-001-B
701,20260923,7,25,69,258,2,A,0.0,0.0,0.0,NAN,NAN,SIN_NUMERO,NAN,NAN,SIN_NUMERO,NAN,0.0,0.0,0.0,0.0,nan,nan,False,20260923-CHUNGAR-LM110U-001-A
702,20260923,7,25,69,258,2,B,0.0,0.0,0.0,NAN,NAN,SIN_NUMERO,NAN,NAN,SIN_NUMERO,NAN,0.0,0.0,0.0,0.0,nan,nan,False,20260923-CHUNGAR-LM110U-001-B
703,20260924,7,25,69,258,2,A,0.0,0.0,0.0,NAN,NAN,SIN_NUMERO,NAN,NAN,SIN_NUMERO,NAN,0.0,0.0,0.0,0.0,nan,nan,False,20260924-CHUNGAR-LM110U-001-A
704,20260924,7,25,69,258,2,B,0.0,0.0,0.0,NAN,NAN,SIN_NUMERO,NAN,NAN,SIN_NUMERO,NAN,0.0,0.0,0.0,0.0,nan,nan,False,20260924-CHUNGAR-LM110U-001-B
705,20260925,7,25,69,258,2,A,0.0,0.0,0.0,NAN,NAN,SIN_NUMERO,NAN,NAN,SIN_NUMERO,NAN,0.0,0.0,0.0,0.0,nan,nan,False,20260925-CHUNGAR-LM110U-001-A
706,20260925,7,25,69,258,2,B,0.0,0.0,0.0,NAN,NAN,SIN_NUMERO,NAN,NAN,SIN_NUMERO,NAN,0.0,0.0,0.0,0.0,nan,nan,False,20260925-CHUNGAR-LM110U-001-B
707,20260826,7,30,69,258,2,A,0.0,0.0,0.0,NAN,NAN,SIN_NUMERO,NAN,NAN,SIN_NUMERO,NAN,0.0,0.0,0.0,0.0,nan,nan,False,20260826-CHUNGAR-XRD250U-A
708,20260826,7,30,69,258,2,B,0.0,0.0,0.0,NAN,NAN,SIN_NUMERO,NAN,NAN,SIN_NUMERO,NAN,0.0,0.0,0.0,0.0,nan,nan,False,20260826-CHUNGAR-XRD250U-B
709,20260827,7,30,69,258,2,A,0.0,0.0,0.0,NAN,NAN,SIN_NUMERO,NAN,NAN,SIN_NUMERO,NAN,0.0,0.0,0.0,0.0,nan,nan,False,20260827-CHUNGAR-XRD250U-A
710,20260827,7,30,69,258,2,B,0.0,0.0,0.0,NAN,NAN,SIN_NUMERO,NAN,NAN,SIN_NUMERO,NAN,0.0,0.0,0.0,0.0,nan,nan,False,20260827-CHUNGAR-XRD250U-B
711,20260828,7,30,69,258,2,A,0.0,0.0,0.0,NAN,NAN,SIN_NUMERO,NAN,NAN,SIN_NUMERO,NAN,0.0,0.0,0.0,0.0,nan,nan,False,20260828-CHUNGAR-XRD250U-A
712,20260828,7,30,69,258,2,B,0.0,0.0,0.0,NAN,NAN,SIN_NUMERO,NAN,NAN,SIN_NUMERO,NAN,0.0,0.0,0.0,0.0,nan,nan,False,20260828-CHUNGAR-XRD250U-B
713,20260829,7,30,69,258,2,A,0.0,0.0,0.0,NAN,NAN,SIN_NUMERO,NAN,NAN,SIN_NUMERO,NAN,0.0,0.0,0.0,0.0,nan,nan,False,20260829-CHUNGAR-XRD250U-A
714,20260829,7,30,69,258,2,B,0.0,0.0,0.0,NAN,NAN,SIN_NUMERO,NAN,NAN,SIN_NUMERO,NAN,0.0,0.0,0.0,0.0,nan,nan,False,20260829-CHUNGAR-XRD250U-B
715,20260830,7,30,69,258,2,A,0.0,0.0,0.0,NAN,NAN,SIN_NUMERO,NAN,NAN,SIN_NUMERO,NAN,0.0,0.0,0.0,0.0,nan,nan,False,20260830-CHUNGAR-XRD250U-A
716,20260830,7,30,69,258,2,B,0.0,0.0,0.0,NAN,NAN,SIN_NUMERO,NAN,NAN,SIN_NUMERO,NAN,0.0,0.0,0.0,0.0,nan,nan,False,20260830-CHUNGAR-XRD250U-B
717,20260831,7,30,69,258,2,A,0.0,0.0,0.0,NAN,NAN,SIN_NUMERO,NAN,NAN,SIN_NUMERO,NAN,0.0,0.0,0.0,0.0,nan,nan,False,20260831-CHUNGAR-XRD250U-A
718,20260831,7,30,69,258,2,B,0.0,0.0,0.0,NAN,NAN,SIN_NUMERO,NAN,NAN,SIN_NUMERO,NAN,0.0,0.0,0.0,0.0,nan,nan,False,20260831-CHUNGAR-XRD250U-B
719,20260901,7,30,69,258,2,A,0.0,0.0,0.0,NAN,NAN,SIN_NUMERO,NAN,NAN,SIN_NUMERO,NAN,0.0,0.0,0.0,0.0,nan,nan,False,20260901-CHUNGAR-XRD250U-A
720,20260901,7,30,69,258,2,B,0.0,0.0,0.0,NAN,NAN,SIN_NUMERO,NAN,NAN,SIN_NUMERO,NAN,0.0,0.0,0.0,0.0,nan,nan,False,20260901-CHUNGAR-XRD250U-B
721,20260902,7,30,69,258,2,A,0.0,0.0,0.0,NAN,NAN,SIN_NUMERO,NAN,NAN,SIN_NUMERO,NAN,0.0,0.0,0.0,0.0,nan,nan,False,20260902-CHUNGAR-XRD250U-A
722,20260902,7,30,69,258,2,B,0.0,0.0,0.0,NAN,NAN,SIN_NUMERO,NAN,NAN,SIN_NUMERO,NAN,0.0,0.0,0.0,0.0,nan,nan,False,20260902-CHUNGAR-XRD250U-B
723,20260903,7,30,69,258,2,A,0.0,0.0,0.0,NAN,NAN,SIN_NUMERO,NAN,NAN,SIN_NUMERO,NAN,0.0,0.0,0.0,0.0,nan,nan,False,20260903-CHUNGAR-XRD250U-A
724,20260903,7,30,69,258,2,B,0.0,0.0,0.0,NAN,NAN,SIN_NUMERO,NAN,NAN,SIN_NUMERO,NAN,0.0,0.0,0.0,0.0,nan,nan,False,20260903-CHUNGAR-XRD250U-B
725,20260904,7,30,69,258,2,A,0.0,0.0,0.0,NAN,NAN,SIN_NUMERO,NAN,NAN,SIN_NUMERO,NAN,0.0,0.0,0.0,0.0,nan,nan,False,20260904-CHUNGAR-XRD250U-A
726,20260904,7,30,69,258,2,B,0.0,0.0,0.0,NAN,NAN,SIN_NUMERO,NAN,NAN,SIN_NUMERO,NAN,0.0,0.0,0.0,0.0,nan,nan,False,20260904-CHUNGAR-XRD250U-B
727,20260905,7,30,69,258,2,A,0.0,0.0,0.0,NAN,NAN,SIN_NUMERO,NAN,NAN,SIN_NUMERO,NAN,0.0,0.0,0.0,0.0,nan,nan,False,20260905-CHUNGAR-XRD250U-A
728,20260905,7,30,69,258,2,B,0.0,0.0,0.0,NAN,NAN,SIN_NUMERO,NAN,NAN,SIN_NUMERO,NAN,0.0,0.0,0.0,0.0,nan,nan,False,20260905-CHUNGAR-XRD250U-B
729,20260906,7,30,69,258,2,A,0.0,0.0,0.0,NAN,NAN,SIN_NUMERO,NAN,NAN,SIN_NUMERO,NAN,0.0,0.0,0.0,0.0,nan,nan,False,20260906-CHUNGAR-XRD250U-A
730,20260906,7,30,69,258,2,B,0.0,0.0,0.0,NAN,NAN,SIN_NUMERO,NAN,NAN,SIN_NUMERO,NAN,0.0,0.0,0.0,0.0,nan,nan,False,20260906-CHUNGAR-XRD250U-B
731,20260907,7,30,69,258,2,A,0.0,0.0,0.0,NAN,NAN,SIN_NUMERO,NAN,NAN,SIN_NUMERO,NAN,0.0,0.0,0.0,0.0,nan,nan,False,20260907-CHUNGAR-XRD250U-A
732,20260907,7,30,69,258,2,B,0.0,0.0,0.0,NAN,NAN,SIN_NUMERO,NAN,NAN,SIN_NUMERO,NAN,0.0,0.0,0.0,0.0,nan,nan,False,20260907-CHUNGAR-XRD250U-B
733,20260908,7,30,69,258,2,A,0.0,0.0,0.0,NAN,NAN,SIN_NUMERO,NAN,NAN,SIN_NUMERO,NAN,0.0,0.0,0.0,0.0,nan,nan,False,20260908-CHUNGAR-XRD250U-A
734,20260908,7,30,69,258,2,B,0.0,0.0,0.0,NAN,NAN,SIN_NUMERO,NAN,NAN,SIN_NUMERO,NAN,0.0,0.0,0.0,0.0,nan,nan,False,20260908-CHUNGAR-XRD250U-B
735,20260909,7,30,69,258,2,A,0.0,0.0,0.0,NAN,NAN,SIN_NUMERO,NAN,NAN,SIN_NUMERO,NAN,0.0,0.0,0.0,0.0,nan,nan,False,20260909-CHUNGAR-XRD250U-A
736,20260909,7,30,69,258,2,B,0.0,0.0,0.0,NAN,NAN,SIN_NUMERO,NAN,NAN,SIN_NUMERO,NAN,0.0,0.0,0.0,0.0,nan,nan,False,20260909-CHUNGAR-XRD250U-B
737,20260910,7,30,69,258,2,A,0.0,0.0,0.0,NAN,NAN,SIN_NUMERO,NAN,NAN,SIN_NUMERO,NAN,0.0,0.0,0.0,0.0,nan,nan,False,20260910-CHUNGAR-XRD250U-A
738,20260910,7,30,69,258,2,B,0.0,0.0,0.0,NAN,NAN,SIN_NUMERO,NAN,NAN,SIN_NUMERO,NAN,0.0,0.0,0.0,0.0,nan,nan,False,20260910-CHUNGAR-XRD250U-B
739,20260911,7,30,69,258,2,A,0.0,0.0,0.0,NAN,NAN,SIN_NUMERO,NAN,NAN,SIN_NUMERO,NAN,0.0,0.0,0.0,0.0,nan,nan,False,20260911-CHUNGAR-XRD250U-A
740,20260911,7,30,69,258,2,B,0.0,0.0,0.0,NAN,NAN,SIN_NUMERO,NAN,NAN,SIN_NUMERO,NAN,0.0,0.0,0.0,0.0,nan,nan,False,20260911-CHUNGAR-XRD250U-B
741,20260912,7,30,69,258,2,A,0.0,0.0,0.0,NAN,NAN,SIN_NUMERO,NAN,NAN,SIN_NUMERO,NAN,0.0,0.0,0.0,0.0,nan,nan,False,20260912-CHUNGAR-XRD250U-A
742,20260912,7,30,69,258,2,B,0.0,0.0,0.0,NAN,NAN,SIN_NUMERO,NAN,NAN,SIN_NUMERO,NAN,0.0,0.0,0.0,0.0,nan,nan,False,20260912-CHUNGAR-XRD250U-B
743,20260913,7,30,69,258,2,A,0.0,0.0,0.0,NAN,NAN,SIN_NUMERO,NAN,NAN,SIN_NUMERO,NAN,0.0,0.0,0.0,0.0,nan,nan,False,20260913-CHUNGAR-XRD250U-A
744,20260913,7,30,69,258,2,B,0.0,0.0,0.0,NAN,NAN,SIN_NUMERO,NAN,NAN,SIN_NUMERO,NAN,0.0,0.0,0.0,0.0,nan,nan,False,20260913-CHUNGAR-XRD250U-B
745,20260914,7,30,69,258,2,A,0.0,0.0,0.0,NAN,NAN,SIN_NUMERO,NAN,NAN,SIN_NUMERO,NAN,0.0,0.0,0.0,0.0,nan,nan,False,20260914-CHUNGAR-XRD250U-A
746,20260914,7,30,69,258,2,B,0.0,0.0,0.0,NAN,NAN,SIN_NUMERO,NAN,NAN,SIN_NUMERO,NAN,0.0,0.0,0.0,0.0,nan,nan,False,20260914-CHUNGAR-XRD250U-B
747,20260915,7,30,69,258,2,A,0.0,0.0,0.0,NAN,NAN,SIN_NUMERO,NAN,NAN,SIN_NUMERO,NAN,0.0,0.0,0.0,0.0,nan,nan,False,20260915-CHUNGAR-XRD250U-A
748,20260915,7,30,69,258,2,B,0.0,0.0,0.0,NAN,NAN,SIN_NUMERO,NAN,NAN,SIN_NUMERO,NAN,0.0,0.0,0.0,0.0,nan,nan,False,20260915-CHUNGAR-XRD250U-B
749,20260916,7,30,69,258,2,A,0.0,0.0,0.0,NAN,NAN,SIN_NUMERO,NAN,NAN,SIN_NUMERO,NAN,0.0,0.0,0.0,0.0,nan,nan,False,20260916-CHUNGAR-XRD250U-A
750,20260916,7,30,69,258,2,B,0.0,0.0,0.0,NAN,NAN,SIN_NUMERO,NAN,NAN,SIN_NUMERO,NAN,0.0,0.0,0.0,0.0,nan,nan,False,20260916-CHUNGAR-XRD250U-B
751,20260917,7,30,69,258,2,A,0.0,0.0,0.0,NAN,NAN,SIN_NUMERO,NAN,NAN,SIN_NUMERO,NAN,0.0,0.0,0.0,0.0,nan,nan,False,20260917-CHUNGAR-XRD250U-A
752,20260917,7,30,69,258,2,B,0.0,0.0,0.0,NAN,NAN,SIN_NUMERO,NAN,NAN,SIN_NUMERO,NAN,0.0,0.0,0.0,0.0,nan,nan,False,20260917-CHUNGAR-XRD250U-B
753,20260918,7,30,69,258,2,A,0.0,0.0,0.0,NAN,NAN,SIN_NUMERO,NAN,NAN,SIN_NUMERO,NAN,0.0,0.0,0.0,0.0,nan,nan,False,20260918-CHUNGAR-XRD250U-A
754,20260918,7,30,69,258,2,B,0.0,0.0,0.0,NAN,NAN,SIN_NUMERO,NAN,NAN,SIN_NUMERO,NAN,0.0,0.0,0.0,0.0,nan,nan,False,20260918-CHUNGAR-XRD250U-B
755,20260919,7,30,69,258,2,A,0.0,0.0,0.0,NAN,NAN,SIN_NUMERO,NAN,NAN,SIN_NUMERO,NAN,0.0,0.0,0.0,0.0,nan,nan,False,20260919-CHUNGAR-XRD250U-A
756,20260919,7,30,69,258,2,B,0.0,0.0,0.0,NAN,NAN,SIN_NUMERO,NAN,NAN,SIN_NUMERO,NAN,0.0,0.0,0.0,0.0,nan,nan,False,20260919-CHUNGAR-XRD250U-B
757,20260920,7,30,69,258,2,A,0.0,0.0,0.0,NAN,NAN,SIN_NUMERO,NAN,NAN,SIN_NUMERO,NAN,0.0,0.0,0.0,0.0,nan,nan,False,20260920-CHUNGAR-XRD250U-A
758,20260920,7,30,69,258,2,B,0.0,0.0,0.0,NAN,NAN,SIN_NUMERO,NAN,NAN,SIN_NUMERO,NAN,0.0,0.0,0.0,0.0,nan,nan,False,20260920-CHUNGAR-XRD250U-B
759,20260921,7,30,69,258,2,A,0.0,0.0,0.0,NAN,NAN,SIN_NUMERO,NAN,NAN,SIN_NUMERO,NAN,0.0,0.0,0.0,0.0,nan,nan,False,20260921-CHUNGAR-XRD250U-A
760,20260921,7,30,69,258,2,B,0.0,0.0,0.0,NAN,NAN,SIN_NUMERO,NAN,NAN,SIN_NUMERO,NAN,0.0,0.0,0.0,0.0,nan,nan,False,20260921-CHUNGAR-XRD250U-B
761,20260922,7,30,69,258,2,A,0.0,0.0,0.0,NAN,NAN,SIN_NUMERO,NAN,NAN,SIN_NUMERO,NAN,0.0,0.0,0.0,0.0,nan,nan,False,20260922-CHUNGAR-XRD250U-A
762,20260922,7,30,69,258,2,B,0.0,0.0,0.0,NAN,NAN,SIN_NUMERO,NAN,NAN,SIN_NUMERO,NAN,0.0,0.0,0.0,0.0,nan,nan,False,20260922-CHUNGAR-XRD250U-B
763,20260923,7,30,69,258,2,A,0.0,0.0,0.0,NAN,NAN,SIN_NUMERO,NAN,NAN,SIN_NUMERO,NAN,0.0,0.0,0.0,0.0,nan,nan,False,20260923-CHUNGAR-XRD250U-A
764,20260923,7,30,69,258,2,B,0.0,0.0,0.0,NAN,NAN,SIN_NUMERO,NAN,NAN,SIN_NUMERO,NAN,0.0,0.0,0.0,0.0,nan,nan,False,20260923-CHUNGAR-XRD250U-B
765,20260924,7,30,69,258,2,A,0.0,0.0,0.0,NAN,NAN,SIN_NUMERO,NAN,NAN,SIN_NUMERO,NAN,0.0,0.0,0.0,0.0,nan,nan,False,20260924-CHUNGAR-XRD250U-A
766,20260924,7,30,69,258,2,B,0.0,0.0,0.0,NAN,NAN,SIN_NUMERO,NAN,NAN,SIN_NUMERO,NAN,0.0,0.0,0.0,0.0,nan,nan,False,20260924-CHUNGAR-XRD250U-B
767,20260925,7,30,69,258,2,A,0.0,0.0,0.0,NAN,NAN,SIN_NUMERO,NAN,NAN,SIN_NUMERO,NAN,0.0,0.0,0.0,0.0,nan,nan,False,20260925-CHUNGAR-XRD250U-A
768,20260925,7,30,69,258,2,B,0.0,0.0,0.0,NAN,NAN,SIN_NUMERO,NAN,NAN,SIN_NUMERO,NAN,0.0,0.0,0.0,0.0,nan,nan,False,20260925-CHUNGAR-XRD250U-B
769,20260826,9,44,21,280,1,A,345.5,352.8,7.3,HARDCORE,X10,439231,USADO,HARDCORE,185981,USADO,0.0,0.0,10.0,0.0,Andesita,Se realiza mantenimiento de la unidad de rotación y bomba de lodos y se continúa con la perforación terreno andesita. Se cambia el winche.,False,20260826-COLQUISIRI-XRD80USS-012-A
770,20260826,9,44,21,399,1,B,352.8,369.0,16.2,MAX CORE,X10,SIN_NUMERO,NUEVO,HARDCORE,185981,USADO,0.0,0.0,0.0,0.0,Andesita Silicificado,"Se continúa con la perforación, terreno andesita. Se descargan tuberías para el cambio de broca.",False,20260826-COLQUISIRI-XRD80USS-012-B
771,20260827,9,44,21,120,1,A,369.0,378.6,9.6,MAX CORE,X10,SIN_NUMERO,USADO,HARDCORE,185981,USADO,0.0,0.0,10.7,0.0,Andesita Fracturado,Se realiza campaña de recojo de lama. Se continúa la perforación terreno fracturado,False,20260827-COLQUISIRI-XRD80USS-012-A
772,20260827,9,44,21,280,1,B,378.6,390.0,11.4,MAX CORE,X10,SIN_NUMERO,USADO,HARDCORE,185981,USADO,0.0,0.0,0.0,0.0,Andesita Silicificado,Se continúa la perforación terreno andesita / paniso,False,20260827-COLQUISIRI-XRD80USS-012-B
773,20260828,9,44,21,120,1,A,390.0,390.0,0.0,NAN,NAN,SIN_NUMERO,NAN,NAN,SIN_NUMERO,NAN,0.0,0.0,6.4,0.0,nan,"Se desmonta unidad de rotación y se realiza mantenimiento, se cambia sellos. Campaña de limpieza de tuberías de drenaje.",False,20260828-COLQUISIRI-XRD80USS-012-A
774,20260828,9,44,21,280,1,B,390.0,402.5,12.5,MAX CORE,X10,SIN_NUMERO,USADO,HARDCORE,185981,USADO,0.0,0.0,0.0,0.0,Andesita con Panizo,"Se continúa con la perforación, terreno andesita fracturado",False,20260828-COLQUISIRI-XRD80USS-012-B
775,20260829,9,44,21,120,1,A,402.5,419.4,16.9,MAX CORE,X10,SIN_NUMERO,USADO,HARDCORE,185981,USADO,0.0,0.0,13.0,0.0,Andesita Fracturado,"Se continúa con la perforación, terreno andesita fracturado. Se descarga tuberías por desgaste prematuro de corelifter, suelta muestra.",False,20260829-COLQUISIRI-XRD80USS-012-A
776,20260829,9,44,21,280,1,B,419.4,428.2,8.8,MAX CORE,X10,SIN_NUMERO,USADO,HARDCORE,185981,USADO,0.0,0.0,0.0,0.0,Granodeorita Panizo,Se completa el descargado y cargado de barras para retirar la muestra. Se continúa con la perforación terreno fracturado.,False,20260829-COLQUISIRI-XRD80USS-012-B
777,20260830,9,44,21,120,1,A,428.2,444.9,16.7,MAX CORE,X10,SIN_NUMERO,USADO,HARDCORE,185981,USADO,0.0,0.0,6.1,0.0,Cuarzo Andesita,"Se continúa con la perforación, terreno andesita",False,20260830-COLQUISIRI-XRD80USS-012-A
778,20260830,9,44,21,280,1,B,0.0,0.0,0.0,NAN,NAN,SIN_NUMERO,NAN,NAN,SIN_NUMERO,NAN,0.0,0.0,0.0,0.0,nan,Se desmonta equipo y se encuentra varias fallas por fuga de aceite. Se necesitan repuestos o cambio de unidad de rotación. Equipo INOPERATIVO.,False,20260830-COLQUISIRI-XRD80USS-012-B
779,20260831,9,44,21,120,1,A,0.0,0.0,0.0,NAN,NAN,SIN_NUMERO,NAN,NAN,SIN_NUMERO,NAN,0.0,0.0,4.7,0.0,nan,Se traslada de superficie a interior mina la unidad de rotación nueva y se monta al equipo de perforación.,False,20260831-COLQUISIRI-XRD80USS-012-A
780,20260831,9,44,21,280,1,B,444.9,454.2,9.3,MAX CORE,X10,SIN_NUMERO,USADO,HARDCORE,185981,USADO,0.0,0.0,0.0,0.0,Granodeorita,"Se continúa la perforación terreno Andesita, sigue goteando aceite la unidad de rotación",False,20260831-COLQUISIRI-XRD80USS-012-B
781,20260901,9,44,21,258,2,A,0.0,0.0,0.0,NAN,NAN,SIN_NUMERO,NAN,NAN,SIN_NUMERO,NAN,0.0,0.0,0.0,0.0,nan,nan,False,20260901-COLQUISIRI-XRD80USS-012-A
782,20260901,9,44,71,258,2,B,0.0,0.0,0.0,NAN,NAN,SIN_NUMERO,NAN,NAN,SIN_NUMERO,NAN,0.0,0.0,0.0,0.0,nan,nan,False,20260901-COLQUISIRI-XRD80USS-012-B
783,20260902,9,44,71,258,2,A,0.0,0.0,0.0,NAN,NAN,SIN_NUMERO,NAN,NAN,SIN_NUMERO,NAN,0.0,0.0,0.0,0.0,nan,nan,False,20260902-COLQUISIRI-XRD80USS-012-A
784,20260902,9,44,71,258,2,B,0.0,0.0,0.0,NAN,NAN,SIN_NUMERO,NAN,NAN,SIN_NUMERO,NAN,0.0,0.0,0.0,0.0,nan,nan,False,20260902-COLQUISIRI-XRD80USS-012-B
785,20260903,9,44,71,258,2,A,0.0,0.0,0.0,NAN,NAN,SIN_NUMERO,NAN,NAN,SIN_NUMERO,NAN,0.0,0.0,0.0,0.0,nan,nan,False,20260903-COLQUISIRI-XRD80USS-012-A
786,20260903,9,44,71,258,2,B,0.0,0.0,0.0,NAN,NAN,SIN_NUMERO,NAN,NAN,SIN_NUMERO,NAN,0.0,0.0,0.0,0.0,nan,nan,False,20260903-COLQUISIRI-XRD80USS-012-B
787,20260904,9,44,71,258,2,A,0.0,0.0,0.0,NAN,NAN,SIN_NUMERO,NAN,NAN,SIN_NUMERO,NAN,0.0,0.0,0.0,0.0,nan,nan,False,20260904-COLQUISIRI-XRD80USS-012-A
788,20260904,9,44,71,258,2,B,0.0,0.0,0.0,NAN,NAN,SIN_NUMERO,NAN,NAN,SIN_NUMERO,NAN,0.0,0.0,0.0,0.0,nan,nan,False,20260904-COLQUISIRI-XRD80USS-012-B
789,20260905,9,44,71,258,2,A,0.0,0.0,0.0,NAN,NAN,SIN_NUMERO,NAN,NAN,SIN_NUMERO,NAN,0.0,0.0,0.0,0.0,nan,nan,False,20260905-COLQUISIRI-XRD80USS-012-A
790,20260905,9,44,71,258,2,B,0.0,0.0,0.0,NAN,NAN,SIN_NUMERO,NAN,NAN,SIN_NUMERO,NAN,0.0,0.0,0.0,0.0,nan,nan,False,20260905-COLQUISIRI-XRD80USS-012-B
791,20260906,9,44,71,258,2,A,0.0,0.0,0.0,NAN,NAN,SIN_NUMERO,NAN,NAN,SIN_NUMERO,NAN,0.0,0.0,0.0,0.0,nan,nan,False,20260906-COLQUISIRI-XRD80USS-012-A
792,20260906,9,44,71,258,2,B,0.0,0.0,0.0,NAN,NAN,SIN_NUMERO,NAN,NAN,SIN_NUMERO,NAN,0.0,0.0,0.0,0.0,nan,nan,False,20260906-COLQUISIRI-XRD80USS-012-B
793,20260907,9,44,71,258,2,A,0.0,0.0,0.0,NAN,NAN,SIN_NUMERO,NAN,NAN,SIN_NUMERO,NAN,0.0,0.0,0.0,0.0,nan,nan,False,20260907-COLQUISIRI-XRD80USS-012-A
794,20260907,9,44,71,258,2,B,0.0,0.0,0.0,NAN,NAN,SIN_NUMERO,NAN,NAN,SIN_NUMERO,NAN,0.0,0.0,0.0,0.0,nan,nan,False,20260907-COLQUISIRI-XRD80USS-012-B
795,20260908,9,44,71,258,2,A,0.0,0.0,0.0,NAN,NAN,SIN_NUMERO,NAN,NAN,SIN_NUMERO,NAN,0.0,0.0,0.0,0.0,nan,nan,False,20260908-COLQUISIRI-XRD80USS-012-A
796,20260908,9,44,71,258,2,B,0.0,0.0,0.0,NAN,NAN,SIN_NUMERO,NAN,NAN,SIN_NUMERO,NAN,0.0,0.0,0.0,0.0,nan,nan,False,20260908-COLQUISIRI-XRD80USS-012-B
797,20260909,9,44,71,258,2,A,0.0,0.0,0.0,NAN,NAN,SIN_NUMERO,NAN,NAN,SIN_NUMERO,NAN,0.0,0.0,0.0,0.0,nan,nan,False,20260909-COLQUISIRI-XRD80USS-012-A
798,20260909,9,44,71,258,2,B,0.0,0.0,0.0,NAN,NAN,SIN_NUMERO,NAN,NAN,SIN_NUMERO,NAN,0.0,0.0,0.0,0.0,nan,nan,False,20260909-COLQUISIRI-XRD80USS-012-B
799,20260910,9,44,71,258,2,A,0.0,0.0,0.0,NAN,NAN,SIN_NUMERO,NAN,NAN,SIN_NUMERO,NAN,0.0,0.0,0.0,0.0,nan,nan,False,20260910-COLQUISIRI-XRD80USS-012-A
800,20260910,9,44,71,258,2,B,0.0,0.0,0.0,NAN,NAN,SIN_NUMERO,NAN,NAN,SIN_NUMERO,NAN,0.0,0.0,0.0,0.0,nan,nan,False,20260910-COLQUISIRI-XRD80USS-012-B
801,20260911,9,44,71,258,2,A,0.0,0.0,0.0,NAN,NAN,SIN_NUMERO,NAN,NAN,SIN_NUMERO,NAN,0.0,0.0,0.0,0.0,nan,nan,False,20260911-COLQUISIRI-XRD80USS-012-A
802,20260911,9,44,71,258,2,B,0.0,0.0,0.0,NAN,NAN,SIN_NUMERO,NAN,NAN,SIN_NUMERO,NAN,0.0,0.0,0.0,0.0,nan,nan,False,20260911-COLQUISIRI-XRD80USS-012-B
803,20260912,9,44,71,258,2,A,0.0,0.0,0.0,NAN,NAN,SIN_NUMERO,NAN,NAN,SIN_NUMERO,NAN,0.0,0.0,0.0,0.0,nan,nan,False,20260912-COLQUISIRI-XRD80USS-012-A
804,20260912,9,44,71,258,2,B,0.0,0.0,0.0,NAN,NAN,SIN_NUMERO,NAN,NAN,SIN_NUMERO,NAN,0.0,0.0,0.0,0.0,nan,nan,False,20260912-COLQUISIRI-XRD80USS-012-B
805,20260913,9,44,71,258,2,A,0.0,0.0,0.0,NAN,NAN,SIN_NUMERO,NAN,NAN,SIN_NUMERO,NAN,0.0,0.0,0.0,0.0,nan,nan,False,20260913-COLQUISIRI-XRD80USS-012-A
806,20260913,9,44,71,258,2,B,0.0,0.0,0.0,NAN,NAN,SIN_NUMERO,NAN,NAN,SIN_NUMERO,NAN,0.0,0.0,0.0,0.0,nan,nan,False,20260913-COLQUISIRI-XRD80USS-012-B
807,20260914,9,44,71,258,2,A,0.0,0.0,0.0,NAN,NAN,SIN_NUMERO,NAN,NAN,SIN_NUMERO,NAN,0.0,0.0,0.0,0.0,nan,nan,False,20260914-COLQUISIRI-XRD80USS-012-A
808,20260914,9,44,71,258,2,B,0.0,0.0,0.0,NAN,NAN,SIN_NUMERO,NAN,NAN,SIN_NUMERO,NAN,0.0,0.0,0.0,0.0,nan,nan,False,20260914-COLQUISIRI-XRD80USS-012-B
809,20260915,9,44,71,258,2,A,0.0,0.0,0.0,NAN,NAN,SIN_NUMERO,NAN,NAN,SIN_NUMERO,NAN,0.0,0.0,0.0,0.0,nan,nan,False,20260915-COLQUISIRI-XRD80USS-012-A
810,20260915,9,44,71,258,2,B,0.0,0.0,0.0,NAN,NAN,SIN_NUMERO,NAN,NAN,SIN_NUMERO,NAN,0.0,0.0,0.0,0.0,nan,nan,False,20260915-COLQUISIRI-XRD80USS-012-B
811,20260916,9,44,71,258,2,A,0.0,0.0,0.0,NAN,NAN,SIN_NUMERO,NAN,NAN,SIN_NUMERO,NAN,0.0,0.0,0.0,0.0,nan,nan,False,20260916-COLQUISIRI-XRD80USS-012-A
812,20260916,9,44,71,258,2,B,0.0,0.0,0.0,NAN,NAN,SIN_NUMERO,NAN,NAN,SIN_NUMERO,NAN,0.0,0.0,0.0,0.0,nan,nan,False,20260916-COLQUISIRI-XRD80USS-012-B
813,20260917,9,44,71,258,2,A,0.0,0.0,0.0,NAN,NAN,SIN_NUMERO,NAN,NAN,SIN_NUMERO,NAN,0.0,0.0,0.0,0.0,nan,nan,False,20260917-COLQUISIRI-XRD80USS-012-A
814,20260917,9,44,71,258,2,B,0.0,0.0,0.0,NAN,NAN,SIN_NUMERO,NAN,NAN,SIN_NUMERO,NAN,0.0,0.0,0.0,0.0,nan,nan,False,20260917-COLQUISIRI-XRD80USS-012-B
815,20260918,9,44,71,258,2,A,0.0,0.0,0.0,NAN,NAN,SIN_NUMERO,NAN,NAN,SIN_NUMERO,NAN,0.0,0.0,0.0,0.0,nan,nan,False,20260918-COLQUISIRI-XRD80USS-012-A
816,20260918,9,44,71,258,2,B,0.0,0.0,0.0,NAN,NAN,SIN_NUMERO,NAN,NAN,SIN_NUMERO,NAN,0.0,0.0,0.0,0.0,nan,nan,False,20260918-COLQUISIRI-XRD80USS-012-B
817,20260919,9,44,71,258,2,A,0.0,0.0,0.0,NAN,NAN,SIN_NUMERO,NAN,NAN,SIN_NUMERO,NAN,0.0,0.0,0.0,0.0,nan,nan,False,20260919-COLQUISIRI-XRD80USS-012-A
818,20260919,9,44,71,258,2,B,0.0,0.0,0.0,NAN,NAN,SIN_NUMERO,NAN,NAN,SIN_NUMERO,NAN,0.0,0.0,0.0,0.0,nan,nan,False,20260919-COLQUISIRI-XRD80USS-012-B
819,20260920,9,44,71,258,2,A,0.0,0.0,0.0,NAN,NAN,SIN_NUMERO,NAN,NAN,SIN_NUMERO,NAN,0.0,0.0,0.0,0.0,nan,nan,False,20260920-COLQUISIRI-XRD80USS-012-A
820,20260920,9,44,71,258,2,B,0.0,0.0,0.0,NAN,NAN,SIN_NUMERO,NAN,NAN,SIN_NUMERO,NAN,0.0,0.0,0.0,0.0,nan,nan,False,20260920-COLQUISIRI-XRD80USS-012-B
821,20260921,9,44,71,258,2,A,0.0,0.0,0.0,NAN,NAN,SIN_NUMERO,NAN,NAN,SIN_NUMERO,NAN,0.0,0.0,0.0,0.0,nan,nan,False,20260921-COLQUISIRI-XRD80USS-012-A
822,20260921,9,44,71,258,2,B,0.0,0.0,0.0,NAN,NAN,SIN_NUMERO,NAN,NAN,SIN_NUMERO,NAN,0.0,0.0,0.0,0.0,nan,nan,False,20260921-COLQUISIRI-XRD80USS-012-B
823,20260922,9,44,71,258,2,A,0.0,0.0,0.0,NAN,NAN,SIN_NUMERO,NAN,NAN,SIN_NUMERO,NAN,0.0,0.0,0.0,0.0,nan,nan,False,20260922-COLQUISIRI-XRD80USS-012-A
824,20260922,9,44,71,258,2,B,0.0,0.0,0.0,NAN,NAN,SIN_NUMERO,NAN,NAN,SIN_NUMERO,NAN,0.0,0.0,0.0,0.0,nan,nan,False,20260922-COLQUISIRI-XRD80USS-012-B
825,20260923,9,44,71,258,2,A,0.0,0.0,0.0,NAN,NAN,SIN_NUMERO,NAN,NAN,SIN_NUMERO,NAN,0.0,0.0,0.0,0.0,nan,nan,False,20260923-COLQUISIRI-XRD80USS-012-A
826,20260923,9,44,71,258,2,B,0.0,0.0,0.0,NAN,NAN,SIN_NUMERO,NAN,NAN,SIN_NUMERO,NAN,0.0,0.0,0.0,0.0,nan,nan,False,20260923-COLQUISIRI-XRD80USS-012-B
827,20260924,9,44,71,258,2,A,0.0,0.0,0.0,NAN,NAN,SIN_NUMERO,NAN,NAN,SIN_NUMERO,NAN,0.0,0.0,0.0,0.0,nan,nan,False,20260924-COLQUISIRI-XRD80USS-012-A
828,20260924,9,44,71,258,2,B,0.0,0.0,0.0,NAN,NAN,SIN_NUMERO,NAN,NAN,SIN_NUMERO,NAN,0.0,0.0,0.0,0.0,nan,nan,False,20260924-COLQUISIRI-XRD80USS-012-B
829,20260925,9,44,71,258,2,A,0.0,0.0,0.0,NAN,NAN,SIN_NUMERO,NAN,NAN,SIN_NUMERO,NAN,0.0,0.0,0.0,0.0,nan,nan,False,20260925-COLQUISIRI-XRD80USS-012-A
830,20260925,9,44,71,258,2,B,0.0,0.0,0.0,NAN,NAN,SIN_NUMERO,NAN,NAN,SIN_NUMERO,NAN,0.0,0.0,0.0,0.0,nan,nan,False,20260925-COLQUISIRI-XRD80USS-012-B
831,20260826,10,51,100,340,2,A,36.0,38.2,2.2,HARDCORE,X9,439248,USADO,HARDCORE,182969,USADO,0.0,0.0,1.5,0.0,TERRENO FRACTURADO,"Ha inicio de guardia se realiza desate de rocas y orden y limpieza 
Se engrasa maquina y accesorios 
Se continua con la perforacion y se comunica TL-3(9)
Por orden de planeamiento se descarga barras se desinstala equipo y se traslada accesorios a punto estrategico.Para que realicde voloadura CMC.Todo operativo",False,20260826-CONDESTABLE-XRD80ITH-001-A
832,20260826,10,51,100,1,2,B,38.2,38.2,0.0,NAN,NAN,SIN_NUMERO,NAN,NAN,SIN_NUMERO,NAN,0.0,0.0,0.0,0.0,nan,Se mando al personal de vacaciones por falta de camara,False,20260826-CONDESTABLE-XRD80ITH-001-B
833,20260827,10,51,100,1,2,A,38.2,38.2,0.0,NAN,NAN,SIN_NUMERO,NAN,NAN,SIN_NUMERO,NAN,0.0,0.0,0.0,0.0,nan,Se mando al personal de vacaciones por falta de camara,False,20260827-CONDESTABLE-XRD80ITH-001-A
834,20260827,10,51,100,1,2,B,38.2,38.2,0.0,NAN,NAN,SIN_NUMERO,NAN,NAN,SIN_NUMERO,NAN,0.0,0.0,0.0,0.0,nan,Se mando al personal de vacaciones por falta de camara,False,20260827-CONDESTABLE-XRD80ITH-001-B
835,20260828,10,51,100,340,2,A,38.2,38.2,0.0,NAN,NAN,SIN_NUMERO,NAN,NAN,SIN_NUMERO,NAN,0.0,0.0,0.0,0.0,nan,"Ha inicio de guardia se relleno herramientas de gestion 
Senivela poza de camara de perforacion 
Se traslada equipo a la camara de perforacion 
Se instala red de agua 
Se instala manguera hidraulicas, se estandariza se cuelga cable electrico 
Queda listo para anclaje",False,20260828-CONDESTABLE-XRD80ITH-001-A
836,20260828,10,51,103,113,2,B,0.0,31.5,31.5,HARDCORE,X9,439248,USADO,HARDCORE,182969,USADO,0.0,0.0,0.0,0.0,TERRENO SEMICOMPACTO,"Perforacion en roca semi compacta dura 
Desate de rocas de la camara 
Orden y limpieza de la camara 
Se gira tonamesa y se ancla TL-13
Maquina y bomba operativos",False,20260828-CONDESTABLE-XRD80ITH-001-B
837,20260829,10,51,103,258,2,A,31.5,31.5,0.0,NAN,NAN,SIN_NUMERO,NAN,NAN,SIN_NUMERO,NAN,0.0,0.0,0.0,0.0,nan,Personal trabaja 5X2,False,20260829-CONDESTABLE-XRD80ITH-001-A
838,20260829,10,51,103,258,2,B,31.5,31.5,0.0,NAN,NAN,SIN_NUMERO,NAN,NAN,SIN_NUMERO,NAN,0.0,0.0,0.0,0.0,nan,Personal trabaja 5X2,False,20260829-CONDESTABLE-XRD80ITH-001-B
839,20260830,10,51,103,258,2,A,31.5,31.5,0.0,NAN,NAN,SIN_NUMERO,NAN,NAN,SIN_NUMERO,NAN,0.0,0.0,0.0,0.0,nan,Personal trabaja 5X2,False,20260830-CONDESTABLE-XRD80ITH-001-A
840,20260830,10,51,103,258,2,B,31.5,31.5,0.0,NAN,NAN,SIN_NUMERO,NAN,NAN,SIN_NUMERO,NAN,0.0,0.0,0.0,0.0,nan,Personal trabaja 5X2,False,20260830-CONDESTABLE-XRD80ITH-001-B
841,20260831,10,51,103,113,2,A,31.5,35.6,4.1,HARDCORE,X9,439248,USADO,HARDCORE,182969,USADO,0.0,0.0,6.5,0.0,TERRENO SEMICOMPACTO,"Perforacion en roca semicompacta 
Se realiza desate de rocas en la camara
Orden y limpieza 
Se comunica TL-1(12)
Se ancla TL-2(10) y se inicio",False,20260831-CONDESTABLE-XRD80ITH-001-A
842,20260831,10,51,101,113,2,A,0.0,27.0,27.0,HARDCORE,X9,439248,USADO,HARDCORE,182969,USADO,0.0,0.0,0.0,0.0,nan,nan,False,20260831-CONDESTABLE-XRD80ITH-001-A
843,20260831,10,51,101,340,2,B,27.0,35.0,8.0,HARDCORE,X9,439248,USADO,HARDCORE,182969,USADO,0.0,0.0,0.0,0.0,TERRENO FRACTURADO,"Ha inicio de guardia de realiza desate de rocas y orden y limpieza 
Se engrasa maquina y accesorios 
Se continua con la perforacion y se comunica el TL-2(10)
Se alinea y se ancla el TL-3(15) y se inicia con la perforacion 
Maquina queda operativo",False,20260831-CONDESTABLE-XRD80ITH-001-B
844,20260831,10,51,102,340,2,B,0.0,24.0,24.0,HARDCORE,X8,439400,USADO,HARDCORE,182969,USADO,0.0,0.0,0.0,0.0,nan,nan,False,20260831-CONDESTABLE-XRD80ITH-001-B
845,20260901,10,51,102,258,2,A,0.0,0.0,0.0,NAN,NAN,SIN_NUMERO,NAN,NAN,SIN_NUMERO,NAN,0.0,0.0,0.0,0.0,nan,nan,False,20260901-CONDESTABLE-XRD80ITH-001-A
846,20260901,10,51,102,258,2,B,0.0,0.0,0.0,NAN,NAN,SIN_NUMERO,NAN,NAN,SIN_NUMERO,NAN,0.0,0.0,0.0,0.0,nan,nan,False,20260901-CONDESTABLE-XRD80ITH-001-B
847,20260902,10,51,102,258,2,A,0.0,0.0,0.0,NAN,NAN,SIN_NUMERO,NAN,NAN,SIN_NUMERO,NAN,0.0,0.0,0.0,0.0,nan,nan,False,20260902-CONDESTABLE-XRD80ITH-001-A
848,20260902,10,51,72,258,2,B,0.0,0.0,0.0,NAN,NAN,SIN_NUMERO,NAN,NAN,SIN_NUMERO,NAN,0.0,0.0,0.0,0.0,nan,nan,False,20260902-CONDESTABLE-XRD80ITH-001-B
849,20260903,10,51,72,258,2,A,0.0,0.0,0.0,NAN,NAN,SIN_NUMERO,NAN,NAN,SIN_NUMERO,NAN,0.0,0.0,0.0,0.0,nan,nan,False,20260903-CONDESTABLE-XRD80ITH-001-A
850,20260903,10,51,72,258,2,B,0.0,0.0,0.0,NAN,NAN,SIN_NUMERO,NAN,NAN,SIN_NUMERO,NAN,0.0,0.0,0.0,0.0,nan,nan,False,20260903-CONDESTABLE-XRD80ITH-001-B
851,20260904,10,51,72,258,2,A,0.0,0.0,0.0,NAN,NAN,SIN_NUMERO,NAN,NAN,SIN_NUMERO,NAN,0.0,0.0,0.0,0.0,nan,nan,False,20260904-CONDESTABLE-XRD80ITH-001-A
852,20260904,10,51,72,258,2,B,0.0,0.0,0.0,NAN,NAN,SIN_NUMERO,NAN,NAN,SIN_NUMERO,NAN,0.0,0.0,0.0,0.0,nan,nan,False,20260904-CONDESTABLE-XRD80ITH-001-B
853,20260905,10,51,72,258,2,A,0.0,0.0,0.0,NAN,NAN,SIN_NUMERO,NAN,NAN,SIN_NUMERO,NAN,0.0,0.0,0.0,0.0,nan,nan,False,20260905-CONDESTABLE-XRD80ITH-001-A
854,20260905,10,51,72,258,2,B,0.0,0.0,0.0,NAN,NAN,SIN_NUMERO,NAN,NAN,SIN_NUMERO,NAN,0.0,0.0,0.0,0.0,nan,nan,False,20260905-CONDESTABLE-XRD80ITH-001-B
855,20260906,10,51,72,258,2,A,0.0,0.0,0.0,NAN,NAN,SIN_NUMERO,NAN,NAN,SIN_NUMERO,NAN,0.0,0.0,0.0,0.0,nan,nan,False,20260906-CONDESTABLE-XRD80ITH-001-A
856,20260906,10,51,72,258,2,B,0.0,0.0,0.0,NAN,NAN,SIN_NUMERO,NAN,NAN,SIN_NUMERO,NAN,0.0,0.0,0.0,0.0,nan,nan,False,20260906-CONDESTABLE-XRD80ITH-001-B
857,20260907,10,51,72,258,2,A,0.0,0.0,0.0,NAN,NAN,SIN_NUMERO,NAN,NAN,SIN_NUMERO,NAN,0.0,0.0,0.0,0.0,nan,nan,False,20260907-CONDESTABLE-XRD80ITH-001-A
858,20260907,10,51,72,258,2,B,0.0,0.0,0.0,NAN,NAN,SIN_NUMERO,NAN,NAN,SIN_NUMERO,NAN,0.0,0.0,0.0,0.0,nan,nan,False,20260907-CONDESTABLE-XRD80ITH-001-B
859,20260908,10,51,72,258,2,A,0.0,0.0,0.0,NAN,NAN,SIN_NUMERO,NAN,NAN,SIN_NUMERO,NAN,0.0,0.0,0.0,0.0,nan,nan,False,20260908-CONDESTABLE-XRD80ITH-001-A
860,20260908,10,51,72,258,2,B,0.0,0.0,0.0,NAN,NAN,SIN_NUMERO,NAN,NAN,SIN_NUMERO,NAN,0.0,0.0,0.0,0.0,nan,nan,False,20260908-CONDESTABLE-XRD80ITH-001-B
861,20260909,10,51,72,258,2,A,0.0,0.0,0.0,NAN,NAN,SIN_NUMERO,NAN,NAN,SIN_NUMERO,NAN,0.0,0.0,0.0,0.0,nan,nan,False,20260909-CONDESTABLE-XRD80ITH-001-A
862,20260909,10,51,72,258,2,B,0.0,0.0,0.0,NAN,NAN,SIN_NUMERO,NAN,NAN,SIN_NUMERO,NAN,0.0,0.0,0.0,0.0,nan,nan,False,20260909-CONDESTABLE-XRD80ITH-001-B
863,20260910,10,51,72,258,2,A,0.0,0.0,0.0,NAN,NAN,SIN_NUMERO,NAN,NAN,SIN_NUMERO,NAN,0.0,0.0,0.0,0.0,nan,nan,False,20260910-CONDESTABLE-XRD80ITH-001-A
864,20260910,10,51,72,258,2,B,0.0,0.0,0.0,NAN,NAN,SIN_NUMERO,NAN,NAN,SIN_NUMERO,NAN,0.0,0.0,0.0,0.0,nan,nan,False,20260910-CONDESTABLE-XRD80ITH-001-B
865,20260911,10,51,72,258,2,A,0.0,0.0,0.0,NAN,NAN,SIN_NUMERO,NAN,NAN,SIN_NUMERO,NAN,0.0,0.0,0.0,0.0,nan,nan,False,20260911-CONDESTABLE-XRD80ITH-001-A
866,20260911,10,51,72,258,2,B,0.0,0.0,0.0,NAN,NAN,SIN_NUMERO,NAN,NAN,SIN_NUMERO,NAN,0.0,0.0,0.0,0.0,nan,nan,False,20260911-CONDESTABLE-XRD80ITH-001-B
867,20260912,10,51,72,258,2,A,0.0,0.0,0.0,NAN,NAN,SIN_NUMERO,NAN,NAN,SIN_NUMERO,NAN,0.0,0.0,0.0,0.0,nan,nan,False,20260912-CONDESTABLE-XRD80ITH-001-A
868,20260912,10,51,72,258,2,B,0.0,0.0,0.0,NAN,NAN,SIN_NUMERO,NAN,NAN,SIN_NUMERO,NAN,0.0,0.0,0.0,0.0,nan,nan,False,20260912-CONDESTABLE-XRD80ITH-001-B
869,20260913,10,51,72,258,2,A,0.0,0.0,0.0,NAN,NAN,SIN_NUMERO,NAN,NAN,SIN_NUMERO,NAN,0.0,0.0,0.0,0.0,nan,nan,False,20260913-CONDESTABLE-XRD80ITH-001-A
870,20260913,10,51,72,258,2,B,0.0,0.0,0.0,NAN,NAN,SIN_NUMERO,NAN,NAN,SIN_NUMERO,NAN,0.0,0.0,0.0,0.0,nan,nan,False,20260913-CONDESTABLE-XRD80ITH-001-B
871,20260914,10,51,72,258,2,A,0.0,0.0,0.0,NAN,NAN,SIN_NUMERO,NAN,NAN,SIN_NUMERO,NAN,0.0,0.0,0.0,0.0,nan,nan,False,20260914-CONDESTABLE-XRD80ITH-001-A
872,20260914,10,51,72,258,2,B,0.0,0.0,0.0,NAN,NAN,SIN_NUMERO,NAN,NAN,SIN_NUMERO,NAN,0.0,0.0,0.0,0.0,nan,nan,False,20260914-CONDESTABLE-XRD80ITH-001-B
873,20260915,10,51,72,258,2,A,0.0,0.0,0.0,NAN,NAN,SIN_NUMERO,NAN,NAN,SIN_NUMERO,NAN,0.0,0.0,0.0,0.0,nan,nan,False,20260915-CONDESTABLE-XRD80ITH-001-A
874,20260915,10,51,72,258,2,B,0.0,0.0,0.0,NAN,NAN,SIN_NUMERO,NAN,NAN,SIN_NUMERO,NAN,0.0,0.0,0.0,0.0,nan,nan,False,20260915-CONDESTABLE-XRD80ITH-001-B
875,20260916,10,51,72,258,2,A,0.0,0.0,0.0,NAN,NAN,SIN_NUMERO,NAN,NAN,SIN_NUMERO,NAN,0.0,0.0,0.0,0.0,nan,nan,False,20260916-CONDESTABLE-XRD80ITH-001-A
876,20260916,10,51,72,258,2,B,0.0,0.0,0.0,NAN,NAN,SIN_NUMERO,NAN,NAN,SIN_NUMERO,NAN,0.0,0.0,0.0,0.0,nan,nan,False,20260916-CONDESTABLE-XRD80ITH-001-B
877,20260917,10,51,72,258,2,A,0.0,0.0,0.0,NAN,NAN,SIN_NUMERO,NAN,NAN,SIN_NUMERO,NAN,0.0,0.0,0.0,0.0,nan,nan,False,20260917-CONDESTABLE-XRD80ITH-001-A
878,20260917,10,51,72,258,2,B,0.0,0.0,0.0,NAN,NAN,SIN_NUMERO,NAN,NAN,SIN_NUMERO,NAN,0.0,0.0,0.0,0.0,nan,nan,False,20260917-CONDESTABLE-XRD80ITH-001-B
879,20260918,10,51,72,258,2,A,0.0,0.0,0.0,NAN,NAN,SIN_NUMERO,NAN,NAN,SIN_NUMERO,NAN,0.0,0.0,0.0,0.0,nan,nan,False,20260918-CONDESTABLE-XRD80ITH-001-A
880,20260918,10,51,72,258,2,B,0.0,0.0,0.0,NAN,NAN,SIN_NUMERO,NAN,NAN,SIN_NUMERO,NAN,0.0,0.0,0.0,0.0,nan,nan,False,20260918-CONDESTABLE-XRD80ITH-001-B
881,20260919,10,51,72,258,2,A,0.0,0.0,0.0,NAN,NAN,SIN_NUMERO,NAN,NAN,SIN_NUMERO,NAN,0.0,0.0,0.0,0.0,nan,nan,False,20260919-CONDESTABLE-XRD80ITH-001-A
882,20260919,10,51,72,258,2,B,0.0,0.0,0.0,NAN,NAN,SIN_NUMERO,NAN,NAN,SIN_NUMERO,NAN,0.0,0.0,0.0,0.0,nan,nan,False,20260919-CONDESTABLE-XRD80ITH-001-B
883,20260920,10,51,72,258,2,A,0.0,0.0,0.0,NAN,NAN,SIN_NUMERO,NAN,NAN,SIN_NUMERO,NAN,0.0,0.0,0.0,0.0,nan,nan,False,20260920-CONDESTABLE-XRD80ITH-001-A
884,20260920,10,51,72,258,2,B,0.0,0.0,0.0,NAN,NAN,SIN_NUMERO,NAN,NAN,SIN_NUMERO,NAN,0.0,0.0,0.0,0.0,nan,nan,False,20260920-CONDESTABLE-XRD80ITH-001-B
885,20260921,10,51,72,258,2,A,0.0,0.0,0.0,NAN,NAN,SIN_NUMERO,NAN,NAN,SIN_NUMERO,NAN,0.0,0.0,0.0,0.0,nan,nan,False,20260921-CONDESTABLE-XRD80ITH-001-A
886,20260921,10,51,72,258,2,B,0.0,0.0,0.0,NAN,NAN,SIN_NUMERO,NAN,NAN,SIN_NUMERO,NAN,0.0,0.0,0.0,0.0,nan,nan,False,20260921-CONDESTABLE-XRD80ITH-001-B
887,20260922,10,51,72,258,2,A,0.0,0.0,0.0,NAN,NAN,SIN_NUMERO,NAN,NAN,SIN_NUMERO,NAN,0.0,0.0,0.0,0.0,nan,nan,False,20260922-CONDESTABLE-XRD80ITH-001-A
888,20260922,10,51,72,258,2,B,0.0,0.0,0.0,NAN,NAN,SIN_NUMERO,NAN,NAN,SIN_NUMERO,NAN,0.0,0.0,0.0,0.0,nan,nan,False,20260922-CONDESTABLE-XRD80ITH-001-B
889,20260923,10,51,72,258,2,A,0.0,0.0,0.0,NAN,NAN,SIN_NUMERO,NAN,NAN,SIN_NUMERO,NAN,0.0,0.0,0.0,0.0,nan,nan,False,20260923-CONDESTABLE-XRD80ITH-001-A
890,20260923,10,51,72,258,2,B,0.0,0.0,0.0,NAN,NAN,SIN_NUMERO,NAN,NAN,SIN_NUMERO,NAN,0.0,0.0,0.0,0.0,nan,nan,False,20260923-CONDESTABLE-XRD80ITH-001-B
891,20260924,10,51,72,258,2,A,0.0,0.0,0.0,NAN,NAN,SIN_NUMERO,NAN,NAN,SIN_NUMERO,NAN,0.0,0.0,0.0,0.0,nan,nan,False,20260924-CONDESTABLE-XRD80ITH-001-A
892,20260924,10,51,72,258,2,B,0.0,0.0,0.0,NAN,NAN,SIN_NUMERO,NAN,NAN,SIN_NUMERO,NAN,0.0,0.0,0.0,0.0,nan,nan,False,20260924-CONDESTABLE-XRD80ITH-001-B
893,20260925,10,51,72,258,2,A,0.0,0.0,0.0,NAN,NAN,SIN_NUMERO,NAN,NAN,SIN_NUMERO,NAN,0.0,0.0,0.0,0.0,nan,nan,False,20260925-CONDESTABLE-XRD80ITH-001-A
894,20260925,10,51,72,258,2,B,0.0,0.0,0.0,NAN,NAN,SIN_NUMERO,NAN,NAN,SIN_NUMERO,NAN,0.0,0.0,0.0,0.0,nan,nan,False,20260925-CONDESTABLE-XRD80ITH-001-B
895,20260826,10,46,116,267,1,A,91.7,103.7,12.0,HARDCORE,X8,426716,USADO,HARDCORE,181844,USADO,0.0,0.0,5.0,0.0,TERRENO DURO,"Se realiza orden y limpieza, desate de rocas
Se continua con la perforacion 
Se tiene problemas con el cabezal 
Se descarga barras de perforacion 
Queda maquina Operativa",False,20260826-CONDESTABLE-XLM75UFDR-002-A
896,20260826,10,46,116,328,1,B,103.7,122.8,19.1,HARDCORE,X8,426716,USADO,HARDCORE,181844,USADO,0.0,0.0,0.0,0.0,terreno fracturado tramos compactos,"Se rellena herramienta de gestion 
Se continua con la perforacion 
Se realiza orden y limpieza 
Se recoge lama 
Todo operativo",False,20260826-CONDESTABLE-XLM75UFDR-002-B
897,20260827,10,46,116,58,1,A,122.8,140.6,17.8,HARDCORE,X8,426716,USADO,HARDCORE,181844,USADO,0.0,0.0,5.0,0.0,terreno fracturado tramos compactos,"Ah inicio de guarddia se rellena herramientas de gestion Tecnico mecanico dio mantenimiento correctivo al winche wireline.
Se continua con la perforacion 
Tecnico mecanico cambia pistones del chuck 
Equipo queda operativo",False,20260827-CONDESTABLE-XLM75UFDR-002-A
898,20260827,10,46,116,267,1,B,140.6,159.6,19.0,HARDCORE,X8,439697,NUEVO,HARDCORE,181844,USADO,0.0,0.0,0.0,0.0,TERRENO DURO Y FRACTURADO,"Se rellena herramientas de gestion 
Se descarga barras para cambiar broca y se carga las barras con dificultad terreno fracturado 
Maquina queda operativo",False,20260827-CONDESTABLE-XLM75UFDR-002-B
899,20260828,10,46,116,58,1,A,159.6,171.4,11.8,HARDCORE,X8,439697,USADO,HARDCORE,181844,USADO,0.0,0.0,5.0,0.0,TERRENO FRACTURADO,"Se realiza orden y lipieza de la camara 
Se engrasa quipo y accesorios 
Se culmina con el sondaje 
Se realiza medicion de desviacion 
Se descarga tuberia 
Se apoya a desmontar a rotacion 
Equipo queda para cambiar rotacion",False,20260828-CONDESTABLE-XLM75UFDR-002-A
900,20260828,10,46,116,267,1,B,171.4,171.4,0.0,NAN,NAN,SIN_NUMERO,NAN,NAN,SIN_NUMERO,NAN,0.0,0.0,0.0,0.0,nan,"Se rellena herramientas de gestion 
Se realiza monitoreo de gases 
Mecanico cambia la rotacion y la mesa de lamaquina y da mantenimiento Se cambia manguera del piston de avance deteriorado 
Se desancla equipo y se traslada
Se alinea y se ancla al siguiente sondaje 
Queda anclado verificas y comenzar a perforar
Queda maquina operativo",False,20260828-CONDESTABLE-XLM75UFDR-002-B
901,20260829,10,46,118,58,1,A,0.0,39.1,39.1,HARDCORE,X8,439697,USADO,HARDCORE,181844,USADO,0.0,0.0,6.0,0.0,TERRENO FRACTURADO,"A inicio de guardia se rellena herramienta de gestion 
Se acondiciona collarin de igual forma la plataforma 
Se alinea equipo y se da inicio a la perforacion 
Se corta terreno fracturado Equipo queda operativo",False,20260829-CONDESTABLE-XLM75UFDR-002-A
902,20260829,10,46,118,267,1,B,39.1,82.6,43.5,HARDCORE,X8,439697,USADO,HARDCORE,181844,USADO,0.0,0.0,0.0,0.0,TERRENO FRACTURADO,"Se rellena herramientas de gestion, orden y limpieza 
Se engrasa la maquina y accesorios 
Se continua con la perforacion 
Terreno duro por partes fracturado 
Queda operativo la maquina",False,20260829-CONDESTABLE-XLM75UFDR-002-B
903,20260830,10,46,118,58,1,A,82.6,109.5,26.9,HARDCORE,X8,439697,USADO,HARDCORE,181844,USADO,0.0,0.0,7.0,0.0,TERRENO FRACTURADO,"A iniciode guardia se rellena herramientas de gestion Se realiza orden y limpieza 
Se continua con la perforacion 
Se perfora tramos fracturados y compactos 
Maquina queda operativo",False,20260830-CONDESTABLE-XLM75UFDR-002-A
904,20260830,10,46,118,267,1,B,109.5,136.8,27.3,HARDCORE,X8,439697,USADO,HARDCORE,181844,USADO,0.0,0.0,0.0,0.0,TERRENO FRACTURADO DURO,"Se rellena herramientas de gestion orden y limpieza, desate derocas y engrase de maquina y accesorios 
Se continua con la perforacion 
Setiene problemasconla bomba conexión 
Quedamaquina operativo",False,20260830-CONDESTABLE-XLM75UFDR-002-B
905,20260831,10,46,118,58,1,A,136.8,157.9,21.1,HARDCORE,X8,439697,USADO,HARDCORE,181844,USADO,0.0,0.0,7.0,0.0,TERRENO COMPACTO DURO,"A inicio de guarddia se realiza orden y limpieza se engrasa maquina y accesorios 
Se continua con la perforacion se perfora terreno compacto duro y terreno fracturado 
Se descarga tuberias y se cambia broca 
Se tiene problemas con la broca no pasa el diametro se reducio del shell 
Equipo queda operativo",False,20260831-CONDESTABLE-XLM75UFDR-002-A
906,20260831,10,46,118,267,1,B,157.9,175.0,17.1,HARDCORE,X9,439335,NUEVO,HARDCORE,181844,USADO,0.0,0.0,0.0,0.0,TERRENO DURO PARTES FRACTURADAS,"Se rellena herramientas de gestion 
Se realiza monitore de gases, se desata rocas, se engrsa maquina y accesorios 
Se cara las barras con dificultad 
Se continua con la perforacion 
Se llega al metraje programado 
Quedamaquina operativa",False,20260831-CONDESTABLE-XLM75UFDR-002-B
907,20260901,10,46,118,258,2,A,0.0,0.0,0.0,NAN,NAN,SIN_NUMERO,NAN,NAN,SIN_NUMERO,NAN,0.0,0.0,0.0,0.0,nan,nan,False,20260901-CONDESTABLE-XLM75UFDR-002-A
908,20260901,10,46,72,258,2,B,0.0,0.0,0.0,NAN,NAN,SIN_NUMERO,NAN,NAN,SIN_NUMERO,NAN,0.0,0.0,0.0,0.0,nan,nan,False,20260901-CONDESTABLE-XLM75UFDR-002-B
909,20260902,10,46,72,258,2,A,0.0,0.0,0.0,NAN,NAN,SIN_NUMERO,NAN,NAN,SIN_NUMERO,NAN,0.0,0.0,0.0,0.0,nan,nan,False,20260902-CONDESTABLE-XLM75UFDR-002-A
910,20260902,10,46,72,258,2,B,0.0,0.0,0.0,NAN,NAN,SIN_NUMERO,NAN,NAN,SIN_NUMERO,NAN,0.0,0.0,0.0,0.0,nan,nan,False,20260902-CONDESTABLE-XLM75UFDR-002-B
911,20260903,10,46,72,258,2,A,0.0,0.0,0.0,NAN,NAN,SIN_NUMERO,NAN,NAN,SIN_NUMERO,NAN,0.0,0.0,0.0,0.0,nan,nan,False,20260903-CONDESTABLE-XLM75UFDR-002-A
912,20260903,10,46,72,258,2,B,0.0,0.0,0.0,NAN,NAN,SIN_NUMERO,NAN,NAN,SIN_NUMERO,NAN,0.0,0.0,0.0,0.0,nan,nan,False,20260903-CONDESTABLE-XLM75UFDR-002-B
913,20260904,10,46,72,258,2,A,0.0,0.0,0.0,NAN,NAN,SIN_NUMERO,NAN,NAN,SIN_NUMERO,NAN,0.0,0.0,0.0,0.0,nan,nan,False,20260904-CONDESTABLE-XLM75UFDR-002-A
914,20260904,10,46,72,258,2,B,0.0,0.0,0.0,NAN,NAN,SIN_NUMERO,NAN,NAN,SIN_NUMERO,NAN,0.0,0.0,0.0,0.0,nan,nan,False,20260904-CONDESTABLE-XLM75UFDR-002-B
915,20260905,10,46,72,258,2,A,0.0,0.0,0.0,NAN,NAN,SIN_NUMERO,NAN,NAN,SIN_NUMERO,NAN,0.0,0.0,0.0,0.0,nan,nan,False,20260905-CONDESTABLE-XLM75UFDR-002-A
916,20260905,10,46,72,258,2,B,0.0,0.0,0.0,NAN,NAN,SIN_NUMERO,NAN,NAN,SIN_NUMERO,NAN,0.0,0.0,0.0,0.0,nan,nan,False,20260905-CONDESTABLE-XLM75UFDR-002-B
917,20260906,10,46,72,258,2,A,0.0,0.0,0.0,NAN,NAN,SIN_NUMERO,NAN,NAN,SIN_NUMERO,NAN,0.0,0.0,0.0,0.0,nan,nan,False,20260906-CONDESTABLE-XLM75UFDR-002-A
918,20260906,10,46,72,258,2,B,0.0,0.0,0.0,NAN,NAN,SIN_NUMERO,NAN,NAN,SIN_NUMERO,NAN,0.0,0.0,0.0,0.0,nan,nan,False,20260906-CONDESTABLE-XLM75UFDR-002-B
919,20260907,10,46,72,258,2,A,0.0,0.0,0.0,NAN,NAN,SIN_NUMERO,NAN,NAN,SIN_NUMERO,NAN,0.0,0.0,0.0,0.0,nan,nan,False,20260907-CONDESTABLE-XLM75UFDR-002-A
920,20260907,10,46,72,258,2,B,0.0,0.0,0.0,NAN,NAN,SIN_NUMERO,NAN,NAN,SIN_NUMERO,NAN,0.0,0.0,0.0,0.0,nan,nan,False,20260907-CONDESTABLE-XLM75UFDR-002-B
921,20260908,10,46,72,258,2,A,0.0,0.0,0.0,NAN,NAN,SIN_NUMERO,NAN,NAN,SIN_NUMERO,NAN,0.0,0.0,0.0,0.0,nan,nan,False,20260908-CONDESTABLE-XLM75UFDR-002-A
922,20260908,10,46,72,258,2,B,0.0,0.0,0.0,NAN,NAN,SIN_NUMERO,NAN,NAN,SIN_NUMERO,NAN,0.0,0.0,0.0,0.0,nan,nan,False,20260908-CONDESTABLE-XLM75UFDR-002-B
923,20260909,10,46,72,258,2,A,0.0,0.0,0.0,NAN,NAN,SIN_NUMERO,NAN,NAN,SIN_NUMERO,NAN,0.0,0.0,0.0,0.0,nan,nan,False,20260909-CONDESTABLE-XLM75UFDR-002-A
924,20260909,10,46,72,258,2,B,0.0,0.0,0.0,NAN,NAN,SIN_NUMERO,NAN,NAN,SIN_NUMERO,NAN,0.0,0.0,0.0,0.0,nan,nan,False,20260909-CONDESTABLE-XLM75UFDR-002-B
925,20260910,10,46,72,258,2,A,0.0,0.0,0.0,NAN,NAN,SIN_NUMERO,NAN,NAN,SIN_NUMERO,NAN,0.0,0.0,0.0,0.0,nan,nan,False,20260910-CONDESTABLE-XLM75UFDR-002-A
926,20260910,10,46,72,258,2,B,0.0,0.0,0.0,NAN,NAN,SIN_NUMERO,NAN,NAN,SIN_NUMERO,NAN,0.0,0.0,0.0,0.0,nan,nan,False,20260910-CONDESTABLE-XLM75UFDR-002-B
927,20260911,10,46,72,258,2,A,0.0,0.0,0.0,NAN,NAN,SIN_NUMERO,NAN,NAN,SIN_NUMERO,NAN,0.0,0.0,0.0,0.0,nan,nan,False,20260911-CONDESTABLE-XLM75UFDR-002-A
928,20260911,10,46,72,258,2,B,0.0,0.0,0.0,NAN,NAN,SIN_NUMERO,NAN,NAN,SIN_NUMERO,NAN,0.0,0.0,0.0,0.0,nan,nan,False,20260911-CONDESTABLE-XLM75UFDR-002-B
929,20260912,10,46,72,258,2,A,0.0,0.0,0.0,NAN,NAN,SIN_NUMERO,NAN,NAN,SIN_NUMERO,NAN,0.0,0.0,0.0,0.0,nan,nan,False,20260912-CONDESTABLE-XLM75UFDR-002-A
930,20260912,10,46,72,258,2,B,0.0,0.0,0.0,NAN,NAN,SIN_NUMERO,NAN,NAN,SIN_NUMERO,NAN,0.0,0.0,0.0,0.0,nan,nan,False,20260912-CONDESTABLE-XLM75UFDR-002-B
931,20260913,10,46,72,258,2,A,0.0,0.0,0.0,NAN,NAN,SIN_NUMERO,NAN,NAN,SIN_NUMERO,NAN,0.0,0.0,0.0,0.0,nan,nan,False,20260913-CONDESTABLE-XLM75UFDR-002-A
932,20260913,10,46,72,258,2,B,0.0,0.0,0.0,NAN,NAN,SIN_NUMERO,NAN,NAN,SIN_NUMERO,NAN,0.0,0.0,0.0,0.0,nan,nan,False,20260913-CONDESTABLE-XLM75UFDR-002-B
933,20260914,10,46,72,258,2,A,0.0,0.0,0.0,NAN,NAN,SIN_NUMERO,NAN,NAN,SIN_NUMERO,NAN,0.0,0.0,0.0,0.0,nan,nan,False,20260914-CONDESTABLE-XLM75UFDR-002-A
934,20260914,10,46,72,258,2,B,0.0,0.0,0.0,NAN,NAN,SIN_NUMERO,NAN,NAN,SIN_NUMERO,NAN,0.0,0.0,0.0,0.0,nan,nan,False,20260914-CONDESTABLE-XLM75UFDR-002-B
935,20260915,10,46,72,258,2,A,0.0,0.0,0.0,NAN,NAN,SIN_NUMERO,NAN,NAN,SIN_NUMERO,NAN,0.0,0.0,0.0,0.0,nan,nan,False,20260915-CONDESTABLE-XLM75UFDR-002-A
936,20260915,10,46,72,258,2,B,0.0,0.0,0.0,NAN,NAN,SIN_NUMERO,NAN,NAN,SIN_NUMERO,NAN,0.0,0.0,0.0,0.0,nan,nan,False,20260915-CONDESTABLE-XLM75UFDR-002-B
937,20260916,10,46,72,258,2,A,0.0,0.0,0.0,NAN,NAN,SIN_NUMERO,NAN,NAN,SIN_NUMERO,NAN,0.0,0.0,0.0,0.0,nan,nan,False,20260916-CONDESTABLE-XLM75UFDR-002-A
938,20260916,10,46,72,258,2,B,0.0,0.0,0.0,NAN,NAN,SIN_NUMERO,NAN,NAN,SIN_NUMERO,NAN,0.0,0.0,0.0,0.0,nan,nan,False,20260916-CONDESTABLE-XLM75UFDR-002-B
939,20260917,10,46,72,258,2,A,0.0,0.0,0.0,NAN,NAN,SIN_NUMERO,NAN,NAN,SIN_NUMERO,NAN,0.0,0.0,0.0,0.0,nan,nan,False,20260917-CONDESTABLE-XLM75UFDR-002-A
940,20260917,10,46,72,258,2,B,0.0,0.0,0.0,NAN,NAN,SIN_NUMERO,NAN,NAN,SIN_NUMERO,NAN,0.0,0.0,0.0,0.0,nan,nan,False,20260917-CONDESTABLE-XLM75UFDR-002-B
941,20260918,10,46,72,258,2,A,0.0,0.0,0.0,NAN,NAN,SIN_NUMERO,NAN,NAN,SIN_NUMERO,NAN,0.0,0.0,0.0,0.0,nan,nan,False,20260918-CONDESTABLE-XLM75UFDR-002-A
942,20260918,10,46,72,258,2,B,0.0,0.0,0.0,NAN,NAN,SIN_NUMERO,NAN,NAN,SIN_NUMERO,NAN,0.0,0.0,0.0,0.0,nan,nan,False,20260918-CONDESTABLE-XLM75UFDR-002-B
943,20260919,10,46,72,258,2,A,0.0,0.0,0.0,NAN,NAN,SIN_NUMERO,NAN,NAN,SIN_NUMERO,NAN,0.0,0.0,0.0,0.0,nan,nan,False,20260919-CONDESTABLE-XLM75UFDR-002-A
944,20260919,10,46,72,258,2,B,0.0,0.0,0.0,NAN,NAN,SIN_NUMERO,NAN,NAN,SIN_NUMERO,NAN,0.0,0.0,0.0,0.0,nan,nan,False,20260919-CONDESTABLE-XLM75UFDR-002-B
945,20260920,10,46,72,258,2,A,0.0,0.0,0.0,NAN,NAN,SIN_NUMERO,NAN,NAN,SIN_NUMERO,NAN,0.0,0.0,0.0,0.0,nan,nan,False,20260920-CONDESTABLE-XLM75UFDR-002-A
946,20260920,10,46,72,258,2,B,0.0,0.0,0.0,NAN,NAN,SIN_NUMERO,NAN,NAN,SIN_NUMERO,NAN,0.0,0.0,0.0,0.0,nan,nan,False,20260920-CONDESTABLE-XLM75UFDR-002-B
947,20260921,10,46,72,258,2,A,0.0,0.0,0.0,NAN,NAN,SIN_NUMERO,NAN,NAN,SIN_NUMERO,NAN,0.0,0.0,0.0,0.0,nan,nan,False,20260921-CONDESTABLE-XLM75UFDR-002-A
948,20260921,10,46,72,258,2,B,0.0,0.0,0.0,NAN,NAN,SIN_NUMERO,NAN,NAN,SIN_NUMERO,NAN,0.0,0.0,0.0,0.0,nan,nan,False,20260921-CONDESTABLE-XLM75UFDR-002-B
949,20260922,10,46,72,258,2,A,0.0,0.0,0.0,NAN,NAN,SIN_NUMERO,NAN,NAN,SIN_NUMERO,NAN,0.0,0.0,0.0,0.0,nan,nan,False,20260922-CONDESTABLE-XLM75UFDR-002-A
950,20260922,10,46,72,258,2,B,0.0,0.0,0.0,NAN,NAN,SIN_NUMERO,NAN,NAN,SIN_NUMERO,NAN,0.0,0.0,0.0,0.0,nan,nan,False,20260922-CONDESTABLE-XLM75UFDR-002-B
951,20260923,10,46,72,258,2,A,0.0,0.0,0.0,NAN,NAN,SIN_NUMERO,NAN,NAN,SIN_NUMERO,NAN,0.0,0.0,0.0,0.0,nan,nan,False,20260923-CONDESTABLE-XLM75UFDR-002-A
952,20260923,10,46,72,258,2,B,0.0,0.0,0.0,NAN,NAN,SIN_NUMERO,NAN,NAN,SIN_NUMERO,NAN,0.0,0.0,0.0,0.0,nan,nan,False,20260923-CONDESTABLE-XLM75UFDR-002-B
953,20260924,10,46,72,258,2,A,0.0,0.0,0.0,NAN,NAN,SIN_NUMERO,NAN,NAN,SIN_NUMERO,NAN,0.0,0.0,0.0,0.0,nan,nan,False,20260924-CONDESTABLE-XLM75UFDR-002-A
954,20260924,10,46,72,258,2,B,0.0,0.0,0.0,NAN,NAN,SIN_NUMERO,NAN,NAN,SIN_NUMERO,NAN,0.0,0.0,0.0,0.0,nan,nan,False,20260924-CONDESTABLE-XLM75UFDR-002-B
955,20260925,10,46,72,258,2,A,0.0,0.0,0.0,NAN,NAN,SIN_NUMERO,NAN,NAN,SIN_NUMERO,NAN,0.0,0.0,0.0,0.0,nan,nan,False,20260925-CONDESTABLE-XLM75UFDR-002-A
956,20260925,10,46,72,258,2,B,0.0,0.0,0.0,NAN,NAN,SIN_NUMERO,NAN,NAN,SIN_NUMERO,NAN,0.0,0.0,0.0,0.0,nan,nan,False,20260925-CONDESTABLE-XLM75UFDR-002-B
957,20260826,10,47,104,118,3,A,127.2,135.9,8.7,HARDOCRE,X10,429660,USADA,HARDCORE,185974,USADO,0.0,0.0,3.9,0.0,TERRENO FRACTURADO,"Se realiza llenado de herramientas de gestion 
Se le hace mantenimiento al Rod holder 
Se acondiciona el sondaje 
Se inicia con la perforacion 
Se perfora terreno fracturado 
Equipo queda operativo",False,20260826-CONDESTABLE-XLM75UFDR-004-A
958,20260826,10,47,104,363,3,B,135.9,150.0,14.1,HARDOCRE,X10,429660,USADA,HARDCORE,185974,USADO,0.0,0.0,0.0,0.0,TERRENO FRACTURADO,"Se realiza orden y limpieza 
Se engrasa maquina y accesorios 
Con la perforacion se llega al proyectado del sondaje 
se deja limpio la maquina y accesorios de perforacion",False,20260826-CONDESTABLE-XLM75UFDR-004-B
959,20260827,10,47,104,183,3,A,150.0,150.0,0.0,NAN,NAN,SIN_NUMERO,NAN,NAN,SIN_NUMERO,NAN,0.0,0.0,2.6,0.0,nan,"Se realiza orden y limpieza 
Se realiza medicion de Gyro 
Se descarga las barras 
Se mueve al siguiente punto 
Se aline y se perfora para perno centro 
Falta culminar de anclar y ajustar perno bastidor",False,20260827-CONDESTABLE-XLM75UFDR-004-A
960,20260827,10,47,105,118,3,B,0.0,25.5,25.5,HARDOCRE,X10,429660,USADA,HARDCORE,185974,USADO,0.0,0.0,0.0,0.0,TERRENO DURO Y FRACTURADO,"Se rellena herramientas de gestion 
Se realiza orden y limpieza 
Se corrobora el angulo 
Se inicia con la perforacion 
Se perfora terreno duro y fracturado 
Equipo queda operativo",False,20260827-CONDESTABLE-XLM75UFDR-004-B
961,20260828,10,47,105,183,3,A,25.5,53.8,28.3,HARDOCRE,X10,429660,USADA,HARDCORE,185974,USADO,0.0,0.0,5.4,0.0,TERRENO SEMICOMPACTO,"Se realiza orden y limpieza engrase de equipo y accesorios 
Se continua con la perforacion 
Terreno semicompacto 
Equipo queda operativo",False,20260828-CONDESTABLE-XLM75UFDR-004-A
962,20260828,10,47,105,118,3,B,53.8,82.5,28.7,HARDOCRE,X10,429660,USADA,HARDCORE,185974,USADO,0.0,0.0,0.0,0.0,TERRENO DURO Y FRACTURADO,"Se rellena herramientas de gestion
Se acondiciona el sondaje 
Se realiza orden y limpieza 
Se perfora terreno duro y fracturado 
Se recoge lama 
Equipoqueda operativo",False,20260828-CONDESTABLE-XLM75UFDR-004-B
963,20260829,10,47,105,183,3,A,82.5,90.9,8.4,HARDOCRE,X8,428120,NUEVO,HARDCORE,185974,USADO,0.0,0.0,5.7,0.0,TERRENO DURO Y FRACTURADO,"Se realiza orden y limpieza de la camara 
Se descarga barras para cambio de broca nueva 
Se tiene problemas con el overshot 
Equipo queda operativo",False,20260829-CONDESTABLE-XLM75UFDR-004-A
964,20260829,10,47,105,118,3,B,90.9,101.7,10.8,HARDOCRE,X8,428120,USADO,HARDCORE,185974,USADO,0.0,0.0,0.0,0.0,TERRENO DURO Y FRACTURADO,"Se rellena herramientas d gestion 
Se acondiciona el sondaje 
Se alinea problemas con el overshot en varias oportunidades 
Se realiza orden y limpiezaSe descarga barras y se vuelve a caragar 
Maquina queda operativo",False,20260829-CONDESTABLE-XLM75UFDR-004-B
965,20260830,10,47,105,183,3,A,101.7,114.9,13.2,HARDOCRE,X8,428120,USADO,HARDCORE,185974,USADO,0.0,0.0,4.8,0.0,TERRENO DURO Y FRACTURADO,"Se realiza orden y limpieza engrase de equipos y accesorios 
Se repara overshot tecnico mecanico realiza mantenimiento a la bomba de lodos 
Se continua con la perforacion 
Equipo queda operativo",False,20260830-CONDESTABLE-XLM75UFDR-004-A
966,20260830,10,47,105,118,3,B,114.9,122.0,7.1,HARDOCRE,X8,428120,USADO,HARDCORE,185974,USADO,0.0,0.0,0.0,0.0,TERRENO DURO Y FRACTURADO,"Se rellena herramientas de gestion 
Se acondicona el sondaje
Se tiene problemas con la bomba conexión se acondiciona y se continua 
Se descarga las barras y se vuelvea cargar, por rotura de cable 
Se perfora terreno duro y fracturado 
Equipo quedaoperativo",False,20260830-CONDESTABLE-XLM75UFDR-004-B
967,20260831,10,47,105,183,3,A,122.0,131.6,9.6,HARDOCRE,X8,428120,USADO,HARDCORE,185974,USADO,0.0,0.0,5.2,0.0,TERRENO FRACTURADO,"Se realiza orden y limpiezaengrase de equipos y accesorios 
Se descrago las barras para estabilizar el sondaje 
Se tiene problemas con el motorin de la unidad dela rotacion.Mecanico da solucion 
Equipo queda operativo",False,20260831-CONDESTABLE-XLM75UFDR-004-A
968,20260831,10,47,105,118,3,B,131.6,140.5,8.9,HARDOCRE,X8,428120,USADO,HARDCORE,185974,USADO,0.0,0.0,0.0,0.0,TERRENO DURO Y FRACTURAO,"A inicio de guardia se rellena herramientas de gestion 
Se acondciona el sondaje 
Se inicia con la perforacion 
Se tiene problemas con el cable 
Se descarga y se carga las barras 
Equipo queda operativo",False,20260831-CONDESTABLE-XLM75UFDR-004-B
969,20260901,10,47,105,258,2,A,0.0,0.0,0.0,NAN,NAN,SIN_NUMERO,NAN,NAN,SIN_NUMERO,NAN,0.0,0.0,0.0,0.0,nan,nan,False,20260901-CONDESTABLE-XLM75UFDR-004-A
970,20260901,10,47,72,258,2,B,0.0,0.0,0.0,NAN,NAN,SIN_NUMERO,NAN,NAN,SIN_NUMERO,NAN,0.0,0.0,0.0,0.0,nan,nan,False,20260901-CONDESTABLE-XLM75UFDR-004-B
971,20260902,10,47,72,258,2,A,0.0,0.0,0.0,NAN,NAN,SIN_NUMERO,NAN,NAN,SIN_NUMERO,NAN,0.0,0.0,0.0,0.0,nan,nan,False,20260902-CONDESTABLE-XLM75UFDR-004-A
972,20260902,10,47,72,258,2,B,0.0,0.0,0.0,NAN,NAN,SIN_NUMERO,NAN,NAN,SIN_NUMERO,NAN,0.0,0.0,0.0,0.0,nan,nan,False,20260902-CONDESTABLE-XLM75UFDR-004-B
973,20260903,10,47,72,258,2,A,0.0,0.0,0.0,NAN,NAN,SIN_NUMERO,NAN,NAN,SIN_NUMERO,NAN,0.0,0.0,0.0,0.0,nan,nan,False,20260903-CONDESTABLE-XLM75UFDR-004-A
974,20260903,10,47,72,258,2,B,0.0,0.0,0.0,NAN,NAN,SIN_NUMERO,NAN,NAN,SIN_NUMERO,NAN,0.0,0.0,0.0,0.0,nan,nan,False,20260903-CONDESTABLE-XLM75UFDR-004-B
975,20260904,10,47,72,258,2,A,0.0,0.0,0.0,NAN,NAN,SIN_NUMERO,NAN,NAN,SIN_NUMERO,NAN,0.0,0.0,0.0,0.0,nan,nan,False,20260904-CONDESTABLE-XLM75UFDR-004-A
976,20260904,10,47,72,258,2,B,0.0,0.0,0.0,NAN,NAN,SIN_NUMERO,NAN,NAN,SIN_NUMERO,NAN,0.0,0.0,0.0,0.0,nan,nan,False,20260904-CONDESTABLE-XLM75UFDR-004-B
977,20260905,10,47,72,258,2,A,0.0,0.0,0.0,NAN,NAN,SIN_NUMERO,NAN,NAN,SIN_NUMERO,NAN,0.0,0.0,0.0,0.0,nan,nan,False,20260905-CONDESTABLE-XLM75UFDR-004-A
978,20260905,10,47,72,258,2,B,0.0,0.0,0.0,NAN,NAN,SIN_NUMERO,NAN,NAN,SIN_NUMERO,NAN,0.0,0.0,0.0,0.0,nan,nan,False,20260905-CONDESTABLE-XLM75UFDR-004-B
979,20260906,10,47,72,258,2,A,0.0,0.0,0.0,NAN,NAN,SIN_NUMERO,NAN,NAN,SIN_NUMERO,NAN,0.0,0.0,0.0,0.0,nan,nan,False,20260906-CONDESTABLE-XLM75UFDR-004-A
980,20260906,10,47,72,258,2,B,0.0,0.0,0.0,NAN,NAN,SIN_NUMERO,NAN,NAN,SIN_NUMERO,NAN,0.0,0.0,0.0,0.0,nan,nan,False,20260906-CONDESTABLE-XLM75UFDR-004-B
981,20260907,10,47,72,258,2,A,0.0,0.0,0.0,NAN,NAN,SIN_NUMERO,NAN,NAN,SIN_NUMERO,NAN,0.0,0.0,0.0,0.0,nan,nan,False,20260907-CONDESTABLE-XLM75UFDR-004-A
982,20260907,10,47,72,258,2,B,0.0,0.0,0.0,NAN,NAN,SIN_NUMERO,NAN,NAN,SIN_NUMERO,NAN,0.0,0.0,0.0,0.0,nan,nan,False,20260907-CONDESTABLE-XLM75UFDR-004-B
983,20260908,10,47,72,258,2,A,0.0,0.0,0.0,NAN,NAN,SIN_NUMERO,NAN,NAN,SIN_NUMERO,NAN,0.0,0.0,0.0,0.0,nan,nan,False,20260908-CONDESTABLE-XLM75UFDR-004-A
984,20260908,10,47,72,258,2,B,0.0,0.0,0.0,NAN,NAN,SIN_NUMERO,NAN,NAN,SIN_NUMERO,NAN,0.0,0.0,0.0,0.0,nan,nan,False,20260908-CONDESTABLE-XLM75UFDR-004-B
985,20260909,10,47,72,258,2,A,0.0,0.0,0.0,NAN,NAN,SIN_NUMERO,NAN,NAN,SIN_NUMERO,NAN,0.0,0.0,0.0,0.0,nan,nan,False,20260909-CONDESTABLE-XLM75UFDR-004-A
986,20260909,10,47,72,258,2,B,0.0,0.0,0.0,NAN,NAN,SIN_NUMERO,NAN,NAN,SIN_NUMERO,NAN,0.0,0.0,0.0,0.0,nan,nan,False,20260909-CONDESTABLE-XLM75UFDR-004-B
987,20260910,10,47,72,258,2,A,0.0,0.0,0.0,NAN,NAN,SIN_NUMERO,NAN,NAN,SIN_NUMERO,NAN,0.0,0.0,0.0,0.0,nan,nan,False,20260910-CONDESTABLE-XLM75UFDR-004-A
988,20260910,10,47,72,258,2,B,0.0,0.0,0.0,NAN,NAN,SIN_NUMERO,NAN,NAN,SIN_NUMERO,NAN,0.0,0.0,0.0,0.0,nan,nan,False,20260910-CONDESTABLE-XLM75UFDR-004-B
989,20260911,10,47,72,258,2,A,0.0,0.0,0.0,NAN,NAN,SIN_NUMERO,NAN,NAN,SIN_NUMERO,NAN,0.0,0.0,0.0,0.0,nan,nan,False,20260911-CONDESTABLE-XLM75UFDR-004-A
990,20260911,10,47,72,258,2,B,0.0,0.0,0.0,NAN,NAN,SIN_NUMERO,NAN,NAN,SIN_NUMERO,NAN,0.0,0.0,0.0,0.0,nan,nan,False,20260911-CONDESTABLE-XLM75UFDR-004-B
991,20260912,10,47,72,258,2,A,0.0,0.0,0.0,NAN,NAN,SIN_NUMERO,NAN,NAN,SIN_NUMERO,NAN,0.0,0.0,0.0,0.0,nan,nan,False,20260912-CONDESTABLE-XLM75UFDR-004-A
992,20260912,10,47,72,258,2,B,0.0,0.0,0.0,NAN,NAN,SIN_NUMERO,NAN,NAN,SIN_NUMERO,NAN,0.0,0.0,0.0,0.0,nan,nan,False,20260912-CONDESTABLE-XLM75UFDR-004-B
993,20260913,10,47,72,258,2,A,0.0,0.0,0.0,NAN,NAN,SIN_NUMERO,NAN,NAN,SIN_NUMERO,NAN,0.0,0.0,0.0,0.0,nan,nan,False,20260913-CONDESTABLE-XLM75UFDR-004-A
994,20260913,10,47,72,258,2,B,0.0,0.0,0.0,NAN,NAN,SIN_NUMERO,NAN,NAN,SIN_NUMERO,NAN,0.0,0.0,0.0,0.0,nan,nan,False,20260913-CONDESTABLE-XLM75UFDR-004-B
995,20260914,10,47,72,258,2,A,0.0,0.0,0.0,NAN,NAN,SIN_NUMERO,NAN,NAN,SIN_NUMERO,NAN,0.0,0.0,0.0,0.0,nan,nan,False,20260914-CONDESTABLE-XLM75UFDR-004-A
996,20260914,10,47,72,258,2,B,0.0,0.0,0.0,NAN,NAN,SIN_NUMERO,NAN,NAN,SIN_NUMERO,NAN,0.0,0.0,0.0,0.0,nan,nan,False,20260914-CONDESTABLE-XLM75UFDR-004-B
997,20260915,10,47,72,258,2,A,0.0,0.0,0.0,NAN,NAN,SIN_NUMERO,NAN,NAN,SIN_NUMERO,NAN,0.0,0.0,0.0,0.0,nan,nan,False,20260915-CONDESTABLE-XLM75UFDR-004-A
998,20260915,10,47,72,258,2,B,0.0,0.0,0.0,NAN,NAN,SIN_NUMERO,NAN,NAN,SIN_NUMERO,NAN,0.0,0.0,0.0,0.0,nan,nan,False,20260915-CONDESTABLE-XLM75UFDR-004-B
999,20260916,10,47,72,258,2,A,0.0,0.0,0.0,NAN,NAN,SIN_NUMERO,NAN,NAN,SIN_NUMERO,NAN,0.0,0.0,0.0,0.0,nan,nan,False,20260916-CONDESTABLE-XLM75UFDR-004-A
1000,20260916,10,47,72,258,2,B,0.0,0.0,0.0,NAN,NAN,SIN_NUMERO,NAN,NAN,SIN_NUMERO,NAN,0.0,0.0,0.0,0.0,nan,nan,False,20260916-CONDESTABLE-XLM75UFDR-004-B
1001,20260917,10,47,72,258,2,A,0.0,0.0,0.0,NAN,NAN,SIN_NUMERO,NAN,NAN,SIN_NUMERO,NAN,0.0,0.0,0.0,0.0,nan,nan,False,20260917-CONDESTABLE-XLM75UFDR-004-A
1002,20260917,10,47,72,258,2,B,0.0,0.0,0.0,NAN,NAN,SIN_NUMERO,NAN,NAN,SIN_NUMERO,NAN,0.0,0.0,0.0,0.0,nan,nan,False,20260917-CONDESTABLE-XLM75UFDR-004-B
1003,20260918,10,47,72,258,2,A,0.0,0.0,0.0,NAN,NAN,SIN_NUMERO,NAN,NAN,SIN_NUMERO,NAN,0.0,0.0,0.0,0.0,nan,nan,False,20260918-CONDESTABLE-XLM75UFDR-004-A
1004,20260918,10,47,72,258,2,B,0.0,0.0,0.0,NAN,NAN,SIN_NUMERO,NAN,NAN,SIN_NUMERO,NAN,0.0,0.0,0.0,0.0,nan,nan,False,20260918-CONDESTABLE-XLM75UFDR-004-B
1005,20260919,10,47,72,258,2,A,0.0,0.0,0.0,NAN,NAN,SIN_NUMERO,NAN,NAN,SIN_NUMERO,NAN,0.0,0.0,0.0,0.0,nan,nan,False,20260919-CONDESTABLE-XLM75UFDR-004-A
1006,20260919,10,47,72,258,2,B,0.0,0.0,0.0,NAN,NAN,SIN_NUMERO,NAN,NAN,SIN_NUMERO,NAN,0.0,0.0,0.0,0.0,nan,nan,False,20260919-CONDESTABLE-XLM75UFDR-004-B
1007,20260920,10,47,72,258,2,A,0.0,0.0,0.0,NAN,NAN,SIN_NUMERO,NAN,NAN,SIN_NUMERO,NAN,0.0,0.0,0.0,0.0,nan,nan,False,20260920-CONDESTABLE-XLM75UFDR-004-A
1008,20260920,10,47,72,258,2,B,0.0,0.0,0.0,NAN,NAN,SIN_NUMERO,NAN,NAN,SIN_NUMERO,NAN,0.0,0.0,0.0,0.0,nan,nan,False,20260920-CONDESTABLE-XLM75UFDR-004-B
1009,20260921,10,47,72,258,2,A,0.0,0.0,0.0,NAN,NAN,SIN_NUMERO,NAN,NAN,SIN_NUMERO,NAN,0.0,0.0,0.0,0.0,nan,nan,False,20260921-CONDESTABLE-XLM75UFDR-004-A
1010,20260921,10,47,72,258,2,B,0.0,0.0,0.0,NAN,NAN,SIN_NUMERO,NAN,NAN,SIN_NUMERO,NAN,0.0,0.0,0.0,0.0,nan,nan,False,20260921-CONDESTABLE-XLM75UFDR-004-B
1011,20260922,10,47,72,258,2,A,0.0,0.0,0.0,NAN,NAN,SIN_NUMERO,NAN,NAN,SIN_NUMERO,NAN,0.0,0.0,0.0,0.0,nan,nan,False,20260922-CONDESTABLE-XLM75UFDR-004-A
1012,20260922,10,47,72,258,2,B,0.0,0.0,0.0,NAN,NAN,SIN_NUMERO,NAN,NAN,SIN_NUMERO,NAN,0.0,0.0,0.0,0.0,nan,nan,False,20260922-CONDESTABLE-XLM75UFDR-004-B
1013,20260923,10,47,72,258,2,A,0.0,0.0,0.0,NAN,NAN,SIN_NUMERO,NAN,NAN,SIN_NUMERO,NAN,0.0,0.0,0.0,0.0,nan,nan,False,20260923-CONDESTABLE-XLM75UFDR-004-A
1014,20260923,10,47,72,258,2,B,0.0,0.0,0.0,NAN,NAN,SIN_NUMERO,NAN,NAN,SIN_NUMERO,NAN,0.0,0.0,0.0,0.0,nan,nan,False,20260923-CONDESTABLE-XLM75UFDR-004-B
1015,20260924,10,47,72,258,2,A,0.0,0.0,0.0,NAN,NAN,SIN_NUMERO,NAN,NAN,SIN_NUMERO,NAN,0.0,0.0,0.0,0.0,nan,nan,False,20260924-CONDESTABLE-XLM75UFDR-004-A
1016,20260924,10,47,72,258,2,B,0.0,0.0,0.0,NAN,NAN,SIN_NUMERO,NAN,NAN,SIN_NUMERO,NAN,0.0,0.0,0.0,0.0,nan,nan,False,20260924-CONDESTABLE-XLM75UFDR-004-B
1017,20260925,10,47,72,258,2,A,0.0,0.0,0.0,NAN,NAN,SIN_NUMERO,NAN,NAN,SIN_NUMERO,NAN,0.0,0.0,0.0,0.0,nan,nan,False,20260925-CONDESTABLE-XLM75UFDR-004-A
1018,20260925,10,47,72,258,2,B,0.0,0.0,0.0,NAN,NAN,SIN_NUMERO,NAN,NAN,SIN_NUMERO,NAN,0.0,0.0,0.0,0.0,nan,nan,False,20260925-CONDESTABLE-XLM75UFDR-004-B
1019,20260826,10,50,115,289,2,A,321.0,321.0,0.0,NAN,NAN,SIN_NUMERO,NAN,NAN,SIN_NUMERO,NAN,0.0,0.0,0.0,0.0,nan,"Se desenergiza la maquina se recoje cable 440v 
Se acopla La maquina al minicargador se traslada a la nueva camara 
Se realizo desate de rocas techo y astiales 
Se posiciona la maquina en el punto a perforar, se ubica panel de mando y el minicargador, se instala las mangueras hidraulicas 
Se estandariza una parte de la camara",False,20260826-CONDESTABLE-XRD150USS-003-A
1020,20260826,10,50,115,137,2,B,321.0,321.0,0.0,NAN,NAN,SIN_NUMERO,NAN,NAN,SIN_NUMERO,NAN,0.0,0.0,0.0,0.0,nan,"Se rellena herramientas de gestion 
Se continua traslado de materiales de equipo 
Se estandariza la camara 
Se realiza poza de sedimentacion se extiende cable 
Electricista realiza instalacion de energia termina a las 3:30am",False,20260826-CONDESTABLE-XRD150USS-003-B
1021,20260827,10,50,117,311,2,A,0.0,0.7,0.7,HARDOCRE,X9,439251,USADA,HARDCORE,182975,USADO,0.0,0.0,4.3,0.0,nan,"Ah inicio de tuno se rellena herramientas de gestion 
Se alinea maquina en su punto 
Se perfora perno de anclaje
Se ancla la maquina y se comienza con la perforacion",False,20260827-CONDESTABLE-XRD150USS-003-A
1022,20260827,10,50,117,289,2,B,0.7,23.1,22.4,HARDOCRE,X9,439251,USADA,HARDCORE,190309,NUEVO,0.0,0.0,0.0,0.0,TERRENO FRACTURADO,"Se realiza monitoreo de gases 
Se continua con la perforacion terreno muy fracturado 
Se realiza orden y limpieza 
Equipo y accesorios quedan operativos",False,20260827-CONDESTABLE-XRD150USS-003-B
1023,20260828,10,50,117,311,2,A,23.1,36.0,12.9,HARDOCRE,X9,439251,USADA,HARDCORE,190309,USADO,0.0,0.0,4.2,0.0,TERRENO FRACTURADO,"Ah inicio de turno se rellena herramientas de gestion 
Se tiene capacitacion externa con CMC 
Luego se continua con la perforacion 
Se pefora terreno muy fracturado 
Queda maquina operativa
Topografia realiza levantamiento de sondaje",False,20260828-CONDESTABLE-XRD150USS-003-A
1024,20260828,10,50,117,289,2,B,36.0,56.3,20.3,HARDOCRE,X9,439251,USADA,HARDCORE,190309,USADO,0.0,0.0,0.0,0.0,TERRENO FRACTURADO,"Se continua con la perforacion 
Seperfora terreno fracturado toda la guardia 
Se trabaja con un cabezal ya que se tiene inconvenientes con los thrus bearing del otro cabezal 
Equipo operativo",False,20260828-CONDESTABLE-XRD150USS-003-B
1025,20260829,10,50,117,311,2,A,56.3,65.0,8.7,HARDOCRE,X9,439251,USADA,HARDCORE,190309,USADO,0.0,0.0,4.01,0.0,TERRENO FRACTURADO,"Se realiza orden y limpieza llenado de herramientas de gestion 
Se continua con la perforacion 
Se evacua por gas de 12 a 1pm 
Se tiene problemas con el cabezal se trabaja solo con uno 
Queda maquina operativa",False,20260829-CONDESTABLE-XRD150USS-003-A
1026,20260829,10,50,117,289,2,B,65.0,74.4,9.4,HARDOCRE,X9,439251,USADA,HARDCORE,190309,USADO,0.0,0.0,0.0,0.0,TERRENO FRACTURADO,"Se traslada toda la tuberia en hq 
Se acondiciona el sondaje se continua con la perforacion 
Se deja descargado las barras para el cambio de broca 
Se realiza orden y limpieza 
Maquina queda operativo",False,20260829-CONDESTABLE-XRD150USS-003-B
1027,20260830,10,50,117,311,2,A,74.4,83.4,9.0,HARDOCRE,X8,439457,NUEVO,HARDCORE,190309,USADO,0.0,0.0,6.0,0.0,TERRENO MUY FRACTURADO,"Ah inicio de guardia se rellena la herramienta de gestion
Se engrasa la maquina y accesorios 
Luego se continua con la perforacion se perfora terreno muy fracturado 
Se tiene problemas con los dos cabezales en 2 oportunidades",False,20260830-CONDESTABLE-XRD150USS-003-A
1028,20260830,10,50,117,289,2,B,83.4,84.0,0.6,HARDOCRE,X8,439457,NUEVO,HARDCORE,190309,USADO,0.0,0.0,0.0,0.0,TERRENO FRACTURADO DURO,"Mecanico intervino la maquina para cambio de reten de la unidad de perforacion 
Se repara los heads assembly 
Se ripea la camara se hizo orden y limpieza se recoge lama",False,20260830-CONDESTABLE-XRD150USS-003-B
1029,20260831,10,50,117,311,2,A,84.0,94.0,10.0,HARDOCRE,X8,439457,NUEVO,HARDCORE,190309,USADO,0.0,0.0,5.0,0.0,TERRENO FRACTURADO,"A inicio de turno se rellena herramientas de gestion 
Se engrasa maquina y accesorios 
Se estabiliza el sondaje para continuar 
Se perfora terreno muy fracturado 
Queda maquina operativa",False,20260831-CONDESTABLE-XRD150USS-003-A
1030,20260831,10,50,117,289,2,B,94.0,115.0,21.0,HARDOCRE,X8,439457,NUEVO,HARDCORE,190309,USADO,0.0,0.0,0.0,0.0,TERRENO FRACTURADO,"Se acondiciona el sondaje, se continua con la perforacion 
Se realza orden y limpieza
Se evacua la lama acumulada
Equipo y acceesorios Queda operativo",False,20260831-CONDESTABLE-XRD150USS-003-B
1031,20260901,10,50,117,258,2,A,0.0,0.0,0.0,NAN,NAN,SIN_NUMERO,NAN,NAN,SIN_NUMERO,NAN,0.0,0.0,0.0,0.0,nan,nan,False,20260901-CONDESTABLE-XRD150USS-003-A
1032,20260901,10,50,72,258,2,B,0.0,0.0,0.0,NAN,NAN,SIN_NUMERO,NAN,NAN,SIN_NUMERO,NAN,0.0,0.0,0.0,0.0,nan,nan,False,20260901-CONDESTABLE-XRD150USS-003-B
1033,20260902,10,50,72,258,2,A,0.0,0.0,0.0,NAN,NAN,SIN_NUMERO,NAN,NAN,SIN_NUMERO,NAN,0.0,0.0,0.0,0.0,nan,nan,False,20260902-CONDESTABLE-XRD150USS-003-A
1034,20260902,10,50,72,258,2,B,0.0,0.0,0.0,NAN,NAN,SIN_NUMERO,NAN,NAN,SIN_NUMERO,NAN,0.0,0.0,0.0,0.0,nan,nan,False,20260902-CONDESTABLE-XRD150USS-003-B
1035,20260903,10,50,72,258,2,A,0.0,0.0,0.0,NAN,NAN,SIN_NUMERO,NAN,NAN,SIN_NUMERO,NAN,0.0,0.0,0.0,0.0,nan,nan,False,20260903-CONDESTABLE-XRD150USS-003-A
1036,20260903,10,50,72,258,2,B,0.0,0.0,0.0,NAN,NAN,SIN_NUMERO,NAN,NAN,SIN_NUMERO,NAN,0.0,0.0,0.0,0.0,nan,nan,False,20260903-CONDESTABLE-XRD150USS-003-B
1037,20260904,10,50,72,258,2,A,0.0,0.0,0.0,NAN,NAN,SIN_NUMERO,NAN,NAN,SIN_NUMERO,NAN,0.0,0.0,0.0,0.0,nan,nan,False,20260904-CONDESTABLE-XRD150USS-003-A
1038,20260904,10,50,72,258,2,B,0.0,0.0,0.0,NAN,NAN,SIN_NUMERO,NAN,NAN,SIN_NUMERO,NAN,0.0,0.0,0.0,0.0,nan,nan,False,20260904-CONDESTABLE-XRD150USS-003-B
1039,20260905,10,50,72,258,2,A,0.0,0.0,0.0,NAN,NAN,SIN_NUMERO,NAN,NAN,SIN_NUMERO,NAN,0.0,0.0,0.0,0.0,nan,nan,False,20260905-CONDESTABLE-XRD150USS-003-A
1040,20260905,10,50,72,258,2,B,0.0,0.0,0.0,NAN,NAN,SIN_NUMERO,NAN,NAN,SIN_NUMERO,NAN,0.0,0.0,0.0,0.0,nan,nan,False,20260905-CONDESTABLE-XRD150USS-003-B
1041,20260906,10,50,72,258,2,A,0.0,0.0,0.0,NAN,NAN,SIN_NUMERO,NAN,NAN,SIN_NUMERO,NAN,0.0,0.0,0.0,0.0,nan,nan,False,20260906-CONDESTABLE-XRD150USS-003-A
1042,20260906,10,50,72,258,2,B,0.0,0.0,0.0,NAN,NAN,SIN_NUMERO,NAN,NAN,SIN_NUMERO,NAN,0.0,0.0,0.0,0.0,nan,nan,False,20260906-CONDESTABLE-XRD150USS-003-B
1043,20260907,10,50,72,258,2,A,0.0,0.0,0.0,NAN,NAN,SIN_NUMERO,NAN,NAN,SIN_NUMERO,NAN,0.0,0.0,0.0,0.0,nan,nan,False,20260907-CONDESTABLE-XRD150USS-003-A
1044,20260907,10,50,72,258,2,B,0.0,0.0,0.0,NAN,NAN,SIN_NUMERO,NAN,NAN,SIN_NUMERO,NAN,0.0,0.0,0.0,0.0,nan,nan,False,20260907-CONDESTABLE-XRD150USS-003-B
1045,20260908,10,50,72,258,2,A,0.0,0.0,0.0,NAN,NAN,SIN_NUMERO,NAN,NAN,SIN_NUMERO,NAN,0.0,0.0,0.0,0.0,nan,nan,False,20260908-CONDESTABLE-XRD150USS-003-A
1046,20260908,10,50,72,258,2,B,0.0,0.0,0.0,NAN,NAN,SIN_NUMERO,NAN,NAN,SIN_NUMERO,NAN,0.0,0.0,0.0,0.0,nan,nan,False,20260908-CONDESTABLE-XRD150USS-003-B
1047,20260909,10,50,72,258,2,A,0.0,0.0,0.0,NAN,NAN,SIN_NUMERO,NAN,NAN,SIN_NUMERO,NAN,0.0,0.0,0.0,0.0,nan,nan,False,20260909-CONDESTABLE-XRD150USS-003-A
1048,20260909,10,50,72,258,2,B,0.0,0.0,0.0,NAN,NAN,SIN_NUMERO,NAN,NAN,SIN_NUMERO,NAN,0.0,0.0,0.0,0.0,nan,nan,False,20260909-CONDESTABLE-XRD150USS-003-B
1049,20260910,10,50,72,258,2,A,0.0,0.0,0.0,NAN,NAN,SIN_NUMERO,NAN,NAN,SIN_NUMERO,NAN,0.0,0.0,0.0,0.0,nan,nan,False,20260910-CONDESTABLE-XRD150USS-003-A
1050,20260910,10,50,72,258,2,B,0.0,0.0,0.0,NAN,NAN,SIN_NUMERO,NAN,NAN,SIN_NUMERO,NAN,0.0,0.0,0.0,0.0,nan,nan,False,20260910-CONDESTABLE-XRD150USS-003-B
1051,20260911,10,50,72,258,2,A,0.0,0.0,0.0,NAN,NAN,SIN_NUMERO,NAN,NAN,SIN_NUMERO,NAN,0.0,0.0,0.0,0.0,nan,nan,False,20260911-CONDESTABLE-XRD150USS-003-A
1052,20260911,10,50,72,258,2,B,0.0,0.0,0.0,NAN,NAN,SIN_NUMERO,NAN,NAN,SIN_NUMERO,NAN,0.0,0.0,0.0,0.0,nan,nan,False,20260911-CONDESTABLE-XRD150USS-003-B
1053,20260912,10,50,72,258,2,A,0.0,0.0,0.0,NAN,NAN,SIN_NUMERO,NAN,NAN,SIN_NUMERO,NAN,0.0,0.0,0.0,0.0,nan,nan,False,20260912-CONDESTABLE-XRD150USS-003-A
1054,20260912,10,50,72,258,2,B,0.0,0.0,0.0,NAN,NAN,SIN_NUMERO,NAN,NAN,SIN_NUMERO,NAN,0.0,0.0,0.0,0.0,nan,nan,False,20260912-CONDESTABLE-XRD150USS-003-B
1055,20260913,10,50,72,258,2,A,0.0,0.0,0.0,NAN,NAN,SIN_NUMERO,NAN,NAN,SIN_NUMERO,NAN,0.0,0.0,0.0,0.0,nan,nan,False,20260913-CONDESTABLE-XRD150USS-003-A
1056,20260913,10,50,72,258,2,B,0.0,0.0,0.0,NAN,NAN,SIN_NUMERO,NAN,NAN,SIN_NUMERO,NAN,0.0,0.0,0.0,0.0,nan,nan,False,20260913-CONDESTABLE-XRD150USS-003-B
1057,20260914,10,50,72,258,2,A,0.0,0.0,0.0,NAN,NAN,SIN_NUMERO,NAN,NAN,SIN_NUMERO,NAN,0.0,0.0,0.0,0.0,nan,nan,False,20260914-CONDESTABLE-XRD150USS-003-A
1058,20260914,10,50,72,258,2,B,0.0,0.0,0.0,NAN,NAN,SIN_NUMERO,NAN,NAN,SIN_NUMERO,NAN,0.0,0.0,0.0,0.0,nan,nan,False,20260914-CONDESTABLE-XRD150USS-003-B
1059,20260915,10,50,72,258,2,A,0.0,0.0,0.0,NAN,NAN,SIN_NUMERO,NAN,NAN,SIN_NUMERO,NAN,0.0,0.0,0.0,0.0,nan,nan,False,20260915-CONDESTABLE-XRD150USS-003-A
1060,20260915,10,50,72,258,2,B,0.0,0.0,0.0,NAN,NAN,SIN_NUMERO,NAN,NAN,SIN_NUMERO,NAN,0.0,0.0,0.0,0.0,nan,nan,False,20260915-CONDESTABLE-XRD150USS-003-B
1061,20260916,10,50,72,258,2,A,0.0,0.0,0.0,NAN,NAN,SIN_NUMERO,NAN,NAN,SIN_NUMERO,NAN,0.0,0.0,0.0,0.0,nan,nan,False,20260916-CONDESTABLE-XRD150USS-003-A
1062,20260916,10,50,72,258,2,B,0.0,0.0,0.0,NAN,NAN,SIN_NUMERO,NAN,NAN,SIN_NUMERO,NAN,0.0,0.0,0.0,0.0,nan,nan,False,20260916-CONDESTABLE-XRD150USS-003-B
1063,20260917,10,50,72,258,2,A,0.0,0.0,0.0,NAN,NAN,SIN_NUMERO,NAN,NAN,SIN_NUMERO,NAN,0.0,0.0,0.0,0.0,nan,nan,False,20260917-CONDESTABLE-XRD150USS-003-A
1064,20260917,10,50,72,258,2,B,0.0,0.0,0.0,NAN,NAN,SIN_NUMERO,NAN,NAN,SIN_NUMERO,NAN,0.0,0.0,0.0,0.0,nan,nan,False,20260917-CONDESTABLE-XRD150USS-003-B
1065,20260918,10,50,72,258,2,A,0.0,0.0,0.0,NAN,NAN,SIN_NUMERO,NAN,NAN,SIN_NUMERO,NAN,0.0,0.0,0.0,0.0,nan,nan,False,20260918-CONDESTABLE-XRD150USS-003-A
1066,20260918,10,50,72,258,2,B,0.0,0.0,0.0,NAN,NAN,SIN_NUMERO,NAN,NAN,SIN_NUMERO,NAN,0.0,0.0,0.0,0.0,nan,nan,False,20260918-CONDESTABLE-XRD150USS-003-B
1067,20260919,10,50,72,258,2,A,0.0,0.0,0.0,NAN,NAN,SIN_NUMERO,NAN,NAN,SIN_NUMERO,NAN,0.0,0.0,0.0,0.0,nan,nan,False,20260919-CONDESTABLE-XRD150USS-003-A
1068,20260919,10,50,72,258,2,B,0.0,0.0,0.0,NAN,NAN,SIN_NUMERO,NAN,NAN,SIN_NUMERO,NAN,0.0,0.0,0.0,0.0,nan,nan,False,20260919-CONDESTABLE-XRD150USS-003-B
1069,20260920,10,50,72,258,2,A,0.0,0.0,0.0,NAN,NAN,SIN_NUMERO,NAN,NAN,SIN_NUMERO,NAN,0.0,0.0,0.0,0.0,nan,nan,False,20260920-CONDESTABLE-XRD150USS-003-A
1070,20260920,10,50,72,258,2,B,0.0,0.0,0.0,NAN,NAN,SIN_NUMERO,NAN,NAN,SIN_NUMERO,NAN,0.0,0.0,0.0,0.0,nan,nan,False,20260920-CONDESTABLE-XRD150USS-003-B
1071,20260921,10,50,72,258,2,A,0.0,0.0,0.0,NAN,NAN,SIN_NUMERO,NAN,NAN,SIN_NUMERO,NAN,0.0,0.0,0.0,0.0,nan,nan,False,20260921-CONDESTABLE-XRD150USS-003-A
1072,20260921,10,50,72,258,2,B,0.0,0.0,0.0,NAN,NAN,SIN_NUMERO,NAN,NAN,SIN_NUMERO,NAN,0.0,0.0,0.0,0.0,nan,nan,False,20260921-CONDESTABLE-XRD150USS-003-B
1073,20260922,10,50,72,258,2,A,0.0,0.0,0.0,NAN,NAN,SIN_NUMERO,NAN,NAN,SIN_NUMERO,NAN,0.0,0.0,0.0,0.0,nan,nan,False,20260922-CONDESTABLE-XRD150USS-003-A
1074,20260922,10,50,72,258,2,B,0.0,0.0,0.0,NAN,NAN,SIN_NUMERO,NAN,NAN,SIN_NUMERO,NAN,0.0,0.0,0.0,0.0,nan,nan,False,20260922-CONDESTABLE-XRD150USS-003-B
1075,20260923,10,50,72,258,2,A,0.0,0.0,0.0,NAN,NAN,SIN_NUMERO,NAN,NAN,SIN_NUMERO,NAN,0.0,0.0,0.0,0.0,nan,nan,False,20260923-CONDESTABLE-XRD150USS-003-A
1076,20260923,10,50,72,258,2,B,0.0,0.0,0.0,NAN,NAN,SIN_NUMERO,NAN,NAN,SIN_NUMERO,NAN,0.0,0.0,0.0,0.0,nan,nan,False,20260923-CONDESTABLE-XRD150USS-003-B
1077,20260924,10,50,72,258,2,A,0.0,0.0,0.0,NAN,NAN,SIN_NUMERO,NAN,NAN,SIN_NUMERO,NAN,0.0,0.0,0.0,0.0,nan,nan,False,20260924-CONDESTABLE-XRD150USS-003-A
1078,20260924,10,50,72,258,2,B,0.0,0.0,0.0,NAN,NAN,SIN_NUMERO,NAN,NAN,SIN_NUMERO,NAN,0.0,0.0,0.0,0.0,nan,nan,False,20260924-CONDESTABLE-XRD150USS-003-B
1079,20260925,10,50,72,258,2,A,0.0,0.0,0.0,NAN,NAN,SIN_NUMERO,NAN,NAN,SIN_NUMERO,NAN,0.0,0.0,0.0,0.0,nan,nan,False,20260925-CONDESTABLE-XRD150USS-003-A
1080,20260925,10,50,72,258,2,B,0.0,0.0,0.0,NAN,NAN,SIN_NUMERO,NAN,NAN,SIN_NUMERO,NAN,0.0,0.0,0.0,0.0,nan,nan,False,20260925-CONDESTABLE-XRD150USS-003-B
1081,20260826,11,52,33,249,2,A,0.0,0.0,0.0,HARDCORE,X10,SIN_NUMERO,USADO,HARDCORE,193446,USADO,0.0,0.0,0.0,0.0,nan,"Al inicio de guardia se saca y pasa accesorios de la maquina , se pasa dos viajes de tuberia a la nueva plataforma , pasa luminaria aditivos y parte de accesorios.",False,20260826-CUCULI-XRD100ST-001-A
1082,20260826,11,52,33,215,2,B,0.0,0.0,0.0,HARDCORE,X10,SIN_NUMERO,USADO,HARDCORE,193446,USADO,0.0,0.0,0.0,0.0,nan,"se llena herramientas de gestion
se traslada 2 viajes en camioneta, se para el traslado por inconvenientes con la camioneta.
se realiza instalación de drenaje y collar.
se alinea máquina en el rumbo y se posiciona con _ 65",False,20260826-CUCULI-XRD100ST-001-B
1083,20260827,11,52,33,215,2,A,0.0,0.0,0.0,HARDCORE,X10,SIN_NUMERO,USADO,HARDCORE,193446,USADO,0.0,0.0,0.0,0.0,nan,"Llenado de herramientas de gestion, se continua con el traslado con apoyo del camion, se tiende geomembrana a la peza de sedimentacion, se comienza con la estandarizacion.",False,20260827-CUCULI-XRD100ST-001-A
1084,20260827,11,52,33,273,2,B,0.0,0.0,0.0,HARDCORE,X10,SIN_NUMERO,USADO,HARDCORE,193446,USADO,0.0,0.0,0.0,0.0,nan,"Personal no ingresa por falta de movilidad , Movilidad en mantenimiento",False,20260827-CUCULI-XRD100ST-001-B
1085,20260828,11,52,34,215,2,A,0.0,0.0,0.0,HARDCORE,X10,SIN_NUMERO,USADO,HARDCORE,193446,USADO,0.0,0.0,0.0,0.0,nan,"Llenado de herramientas de gestion, se traslada 3 peras de agua, se traslada HQ para tuberia en plataforma , Se continua con la estandarizacion queda pendiente instalacion de agua.",False,20260828-CUCULI-XRD100ST-001-A
1086,20260828,11,52,34,273,2,B,0.0,8.1,8.1,HARDCORE,X10,SIN_NUMERO,USADO,HARDCORE,193446,USADO,0.0,0.0,0.0,0.0,Fracturado,"Se lleno las herramientas de gestion, se instalo la red  de agua, se inicia la perforacion terreno muy fracturado, maquina operativa.",False,20260828-CUCULI-XRD100ST-001-B
1087,20260829,11,52,34,215,2,A,8.1,17.1,9.0,HARDCORE,X10,SIN_NUMERO,USADO,HARDCORE,193446,USADO,0.0,0.0,5.0,0.0,Ligero Fracturado,"Llenado de herramientas de gestion, se encuentrra tuberia descargada y pozo colapsado, se baja tuberia perforando y con dificultad por derrumbe , se realiza maniobra para no desviar el pozo, se rima caising HWT con toque elevado de 0.00 a 3.00 metros. Se continua con la perforacion con terreno duro y ligero fracturado.",False,20260829-CUCULI-XRD100ST-001-A
1088,20260829,11,52,34,273,2,B,17.1,41.1,24.0,HARDCORE,X10,SIN_NUMERO,USADO,HARDCORE,193446,USADO,0.0,0.0,0.0,0.0,Introsivo Duro,"Se estabiliza el pozo 
Se continua con la perforación
Se descarga tubería por problemas con el lading ring
Terreno intrusivo compacto duro",False,20260829-CUCULI-XRD100ST-001-B
1089,20260830,11,52,34,215,2,A,41.1,68.1,27.0,HARDCORE,X10,SIN_NUMERO,USADO,HARDCORE,193446,USADO,0.0,0.0,4.0,0.0,Fracturado,"Llenado de las herramientas de gestion, se continua con la perforacion terreno muy frracturado y duro, se cambia manguera hidraulica de la bomba de lodos, se acondiciona el rodillo del cable de izage.",False,20260830-CUCULI-XRD100ST-001-A
1090,20260830,11,52,34,273,2,B,68.1,95.1,27.0,HARDCORE,X10,SIN_NUMERO,USADO,HARDCORE,193446,USADO,0.0,0.0,0.0,0.0,Dique compacto,"se ingresa tarde por entrega de presentes por aniversario de rokdrill , se estabiliza el pozo, se continua con la perforación,terreno intrusivo compacto duro",False,20260830-CUCULI-XRD100ST-001-B
1091,20260831,11,52,34,215,2,A,95.1,119.1,24.0,HARDCORE,X10,SIN_NUMERO,USADO,HARDCORE,193446,USADO,0.0,0.0,6.0,0.0,Competente y duro,"llenado de herramientas de gestion, se continua con la perforacion terreno competente y duro, se deja descargado tuberia para cambio de broca.",False,20260831-CUCULI-XRD100ST-001-A
1092,20260831,11,52,34,273,2,B,119.1,146.1,27.0,HARDCORE,X10,SIN_NUMERO,NUEVO,HARDCORE,193446,USADO,0.0,0.0,0.0,0.0,Introsivo compacto,"Al inicio de turno se llena las herraminetas de gestion, se carga tuberia con broca nueva, es estabiliza el pozo y se continua con la perforacion.",False,20260831-CUCULI-XRD100ST-001-B
1093,20260901,11,52,34,258,2,A,0.0,0.0,0.0,NAN,NAN,SIN_NUMERO,NAN,NAN,SIN_NUMERO,NAN,0.0,0.0,0.0,0.0,nan,nan,False,20260901-CUCULI-XRD100ST-001-A
1094,20260901,11,52,73,258,2,B,0.0,0.0,0.0,NAN,NAN,SIN_NUMERO,NAN,NAN,SIN_NUMERO,NAN,0.0,0.0,0.0,0.0,nan,nan,False,20260901-CUCULI-XRD100ST-001-B
1095,20260902,11,52,73,258,2,A,0.0,0.0,0.0,NAN,NAN,SIN_NUMERO,NAN,NAN,SIN_NUMERO,NAN,0.0,0.0,0.0,0.0,nan,nan,False,20260902-CUCULI-XRD100ST-001-A
1096,20260902,11,52,73,258,2,B,0.0,0.0,0.0,NAN,NAN,SIN_NUMERO,NAN,NAN,SIN_NUMERO,NAN,0.0,0.0,0.0,0.0,nan,nan,False,20260902-CUCULI-XRD100ST-001-B
1097,20260903,11,52,73,258,2,A,0.0,0.0,0.0,NAN,NAN,SIN_NUMERO,NAN,NAN,SIN_NUMERO,NAN,0.0,0.0,0.0,0.0,nan,nan,False,20260903-CUCULI-XRD100ST-001-A
1098,20260903,11,52,73,258,2,B,0.0,0.0,0.0,NAN,NAN,SIN_NUMERO,NAN,NAN,SIN_NUMERO,NAN,0.0,0.0,0.0,0.0,nan,nan,False,20260903-CUCULI-XRD100ST-001-B
1099,20260904,11,52,73,258,2,A,0.0,0.0,0.0,NAN,NAN,SIN_NUMERO,NAN,NAN,SIN_NUMERO,NAN,0.0,0.0,0.0,0.0,nan,nan,False,20260904-CUCULI-XRD100ST-001-A
1100,20260904,11,52,73,258,2,B,0.0,0.0,0.0,NAN,NAN,SIN_NUMERO,NAN,NAN,SIN_NUMERO,NAN,0.0,0.0,0.0,0.0,nan,nan,False,20260904-CUCULI-XRD100ST-001-B
1101,20260905,11,52,73,258,2,A,0.0,0.0,0.0,NAN,NAN,SIN_NUMERO,NAN,NAN,SIN_NUMERO,NAN,0.0,0.0,0.0,0.0,nan,nan,False,20260905-CUCULI-XRD100ST-001-A
1102,20260905,11,52,73,258,2,B,0.0,0.0,0.0,NAN,NAN,SIN_NUMERO,NAN,NAN,SIN_NUMERO,NAN,0.0,0.0,0.0,0.0,nan,nan,False,20260905-CUCULI-XRD100ST-001-B
1103,20260906,11,52,73,258,2,A,0.0,0.0,0.0,NAN,NAN,SIN_NUMERO,NAN,NAN,SIN_NUMERO,NAN,0.0,0.0,0.0,0.0,nan,nan,False,20260906-CUCULI-XRD100ST-001-A
1104,20260906,11,52,73,258,2,B,0.0,0.0,0.0,NAN,NAN,SIN_NUMERO,NAN,NAN,SIN_NUMERO,NAN,0.0,0.0,0.0,0.0,nan,nan,False,20260906-CUCULI-XRD100ST-001-B
1105,20260907,11,52,73,258,2,A,0.0,0.0,0.0,NAN,NAN,SIN_NUMERO,NAN,NAN,SIN_NUMERO,NAN,0.0,0.0,0.0,0.0,nan,nan,False,20260907-CUCULI-XRD100ST-001-A
1106,20260907,11,52,73,258,2,B,0.0,0.0,0.0,NAN,NAN,SIN_NUMERO,NAN,NAN,SIN_NUMERO,NAN,0.0,0.0,0.0,0.0,nan,nan,False,20260907-CUCULI-XRD100ST-001-B
1107,20260908,11,52,73,258,2,A,0.0,0.0,0.0,NAN,NAN,SIN_NUMERO,NAN,NAN,SIN_NUMERO,NAN,0.0,0.0,0.0,0.0,nan,nan,False,20260908-CUCULI-XRD100ST-001-A
1108,20260908,11,52,73,258,2,B,0.0,0.0,0.0,NAN,NAN,SIN_NUMERO,NAN,NAN,SIN_NUMERO,NAN,0.0,0.0,0.0,0.0,nan,nan,False,20260908-CUCULI-XRD100ST-001-B
1109,20260909,11,52,73,258,2,A,0.0,0.0,0.0,NAN,NAN,SIN_NUMERO,NAN,NAN,SIN_NUMERO,NAN,0.0,0.0,0.0,0.0,nan,nan,False,20260909-CUCULI-XRD100ST-001-A
1110,20260909,11,52,73,258,2,B,0.0,0.0,0.0,NAN,NAN,SIN_NUMERO,NAN,NAN,SIN_NUMERO,NAN,0.0,0.0,0.0,0.0,nan,nan,False,20260909-CUCULI-XRD100ST-001-B
1111,20260910,11,52,73,258,2,A,0.0,0.0,0.0,NAN,NAN,SIN_NUMERO,NAN,NAN,SIN_NUMERO,NAN,0.0,0.0,0.0,0.0,nan,nan,False,20260910-CUCULI-XRD100ST-001-A
1112,20260910,11,52,73,258,2,B,0.0,0.0,0.0,NAN,NAN,SIN_NUMERO,NAN,NAN,SIN_NUMERO,NAN,0.0,0.0,0.0,0.0,nan,nan,False,20260910-CUCULI-XRD100ST-001-B
1113,20260911,11,52,73,258,2,A,0.0,0.0,0.0,NAN,NAN,SIN_NUMERO,NAN,NAN,SIN_NUMERO,NAN,0.0,0.0,0.0,0.0,nan,nan,False,20260911-CUCULI-XRD100ST-001-A
1114,20260911,11,52,73,258,2,B,0.0,0.0,0.0,NAN,NAN,SIN_NUMERO,NAN,NAN,SIN_NUMERO,NAN,0.0,0.0,0.0,0.0,nan,nan,False,20260911-CUCULI-XRD100ST-001-B
1115,20260912,11,52,73,258,2,A,0.0,0.0,0.0,NAN,NAN,SIN_NUMERO,NAN,NAN,SIN_NUMERO,NAN,0.0,0.0,0.0,0.0,nan,nan,False,20260912-CUCULI-XRD100ST-001-A
1116,20260912,11,52,73,258,2,B,0.0,0.0,0.0,NAN,NAN,SIN_NUMERO,NAN,NAN,SIN_NUMERO,NAN,0.0,0.0,0.0,0.0,nan,nan,False,20260912-CUCULI-XRD100ST-001-B
1117,20260913,11,52,73,258,2,A,0.0,0.0,0.0,NAN,NAN,SIN_NUMERO,NAN,NAN,SIN_NUMERO,NAN,0.0,0.0,0.0,0.0,nan,nan,False,20260913-CUCULI-XRD100ST-001-A
1118,20260913,11,52,73,258,2,B,0.0,0.0,0.0,NAN,NAN,SIN_NUMERO,NAN,NAN,SIN_NUMERO,NAN,0.0,0.0,0.0,0.0,nan,nan,False,20260913-CUCULI-XRD100ST-001-B
1119,20260914,11,52,73,258,2,A,0.0,0.0,0.0,NAN,NAN,SIN_NUMERO,NAN,NAN,SIN_NUMERO,NAN,0.0,0.0,0.0,0.0,nan,nan,False,20260914-CUCULI-XRD100ST-001-A
1120,20260914,11,52,73,258,2,B,0.0,0.0,0.0,NAN,NAN,SIN_NUMERO,NAN,NAN,SIN_NUMERO,NAN,0.0,0.0,0.0,0.0,nan,nan,False,20260914-CUCULI-XRD100ST-001-B
1121,20260915,11,52,73,258,2,A,0.0,0.0,0.0,NAN,NAN,SIN_NUMERO,NAN,NAN,SIN_NUMERO,NAN,0.0,0.0,0.0,0.0,nan,nan,False,20260915-CUCULI-XRD100ST-001-A
1122,20260915,11,52,73,258,2,B,0.0,0.0,0.0,NAN,NAN,SIN_NUMERO,NAN,NAN,SIN_NUMERO,NAN,0.0,0.0,0.0,0.0,nan,nan,False,20260915-CUCULI-XRD100ST-001-B
1123,20260916,11,52,73,258,2,A,0.0,0.0,0.0,NAN,NAN,SIN_NUMERO,NAN,NAN,SIN_NUMERO,NAN,0.0,0.0,0.0,0.0,nan,nan,False,20260916-CUCULI-XRD100ST-001-A
1124,20260916,11,52,73,258,2,B,0.0,0.0,0.0,NAN,NAN,SIN_NUMERO,NAN,NAN,SIN_NUMERO,NAN,0.0,0.0,0.0,0.0,nan,nan,False,20260916-CUCULI-XRD100ST-001-B
1125,20260917,11,52,73,258,2,A,0.0,0.0,0.0,NAN,NAN,SIN_NUMERO,NAN,NAN,SIN_NUMERO,NAN,0.0,0.0,0.0,0.0,nan,nan,False,20260917-CUCULI-XRD100ST-001-A
1126,20260917,11,52,73,258,2,B,0.0,0.0,0.0,NAN,NAN,SIN_NUMERO,NAN,NAN,SIN_NUMERO,NAN,0.0,0.0,0.0,0.0,nan,nan,False,20260917-CUCULI-XRD100ST-001-B
1127,20260918,11,52,73,258,2,A,0.0,0.0,0.0,NAN,NAN,SIN_NUMERO,NAN,NAN,SIN_NUMERO,NAN,0.0,0.0,0.0,0.0,nan,nan,False,20260918-CUCULI-XRD100ST-001-A
1128,20260918,11,52,73,258,2,B,0.0,0.0,0.0,NAN,NAN,SIN_NUMERO,NAN,NAN,SIN_NUMERO,NAN,0.0,0.0,0.0,0.0,nan,nan,False,20260918-CUCULI-XRD100ST-001-B
1129,20260919,11,52,73,258,2,A,0.0,0.0,0.0,NAN,NAN,SIN_NUMERO,NAN,NAN,SIN_NUMERO,NAN,0.0,0.0,0.0,0.0,nan,nan,False,20260919-CUCULI-XRD100ST-001-A
1130,20260919,11,52,73,258,2,B,0.0,0.0,0.0,NAN,NAN,SIN_NUMERO,NAN,NAN,SIN_NUMERO,NAN,0.0,0.0,0.0,0.0,nan,nan,False,20260919-CUCULI-XRD100ST-001-B
1131,20260920,11,52,73,258,2,A,0.0,0.0,0.0,NAN,NAN,SIN_NUMERO,NAN,NAN,SIN_NUMERO,NAN,0.0,0.0,0.0,0.0,nan,nan,False,20260920-CUCULI-XRD100ST-001-A
1132,20260920,11,52,73,258,2,B,0.0,0.0,0.0,NAN,NAN,SIN_NUMERO,NAN,NAN,SIN_NUMERO,NAN,0.0,0.0,0.0,0.0,nan,nan,False,20260920-CUCULI-XRD100ST-001-B
1133,20260921,11,52,73,258,2,A,0.0,0.0,0.0,NAN,NAN,SIN_NUMERO,NAN,NAN,SIN_NUMERO,NAN,0.0,0.0,0.0,0.0,nan,nan,False,20260921-CUCULI-XRD100ST-001-A
1134,20260921,11,52,73,258,2,B,0.0,0.0,0.0,NAN,NAN,SIN_NUMERO,NAN,NAN,SIN_NUMERO,NAN,0.0,0.0,0.0,0.0,nan,nan,False,20260921-CUCULI-XRD100ST-001-B
1135,20260922,11,52,73,258,2,A,0.0,0.0,0.0,NAN,NAN,SIN_NUMERO,NAN,NAN,SIN_NUMERO,NAN,0.0,0.0,0.0,0.0,nan,nan,False,20260922-CUCULI-XRD100ST-001-A
1136,20260922,11,52,73,258,2,B,0.0,0.0,0.0,NAN,NAN,SIN_NUMERO,NAN,NAN,SIN_NUMERO,NAN,0.0,0.0,0.0,0.0,nan,nan,False,20260922-CUCULI-XRD100ST-001-B
1137,20260923,11,52,73,258,2,A,0.0,0.0,0.0,NAN,NAN,SIN_NUMERO,NAN,NAN,SIN_NUMERO,NAN,0.0,0.0,0.0,0.0,nan,nan,False,20260923-CUCULI-XRD100ST-001-A
1138,20260923,11,52,73,258,2,B,0.0,0.0,0.0,NAN,NAN,SIN_NUMERO,NAN,NAN,SIN_NUMERO,NAN,0.0,0.0,0.0,0.0,nan,nan,False,20260923-CUCULI-XRD100ST-001-B
1139,20260924,11,52,73,258,2,A,0.0,0.0,0.0,NAN,NAN,SIN_NUMERO,NAN,NAN,SIN_NUMERO,NAN,0.0,0.0,0.0,0.0,nan,nan,False,20260924-CUCULI-XRD100ST-001-A
1140,20260924,11,52,73,258,2,B,0.0,0.0,0.0,NAN,NAN,SIN_NUMERO,NAN,NAN,SIN_NUMERO,NAN,0.0,0.0,0.0,0.0,nan,nan,False,20260924-CUCULI-XRD100ST-001-B
1141,20260925,11,52,73,258,2,A,0.0,0.0,0.0,NAN,NAN,SIN_NUMERO,NAN,NAN,SIN_NUMERO,NAN,0.0,0.0,0.0,0.0,nan,nan,False,20260925-CUCULI-XRD100ST-001-A
1142,20260925,11,52,73,258,2,B,0.0,0.0,0.0,NAN,NAN,SIN_NUMERO,NAN,NAN,SIN_NUMERO,NAN,0.0,0.0,0.0,0.0,nan,nan,False,20260925-CUCULI-XRD100ST-001-B
1143,20260826,12,60,83,20,3,A,0.0,0.0,0.0,NAN,NAN,SIN_NUMERO,NAN,NAN,SIN_NUMERO,NAN,0.0,0.0,2.0,0.0,nan,"Al inicio de turno se asiste a la capacitación de psicóloga por minera, se rellena las herramientas de gestión. Engrase del equipo y accesorios. Se descarga todas las barras y se coloca en el caballete. Se Desinstala la máquina DDH. Se desestandariza todo el entablado de la cámara. Se Desinstala las mangueras hidráulicas. Se recupera todo el cable eléctrico 440. Se Desinstala la guarda circular y la extensión del bastidor. Se carga la máquina DDHH y el panel de control ala bocat. Se traslada la máquina a la nueva cámara del NV4245 con normalidad.",False,20260826-INMACULADA-XRD80USS-008-A
1144,20260826,12,60,83,1,3,B,0.0,0.0,0.0,NAN,NAN,SIN_NUMERO,NAN,NAN,SIN_NUMERO,NAN,0.0,0.0,0.0,0.0,nan,Maquina parada por falta de personal,False,20260826-INMACULADA-XRD80USS-008-B
1145,20260827,12,60,83,20,3,A,0.0,0.0,0.0,NAN,NAN,SIN_NUMERO,NAN,NAN,SIN_NUMERO,NAN,0.0,0.0,2.0,0.0,nan,"Se Rellena las herramientas de gestión, campaña de desate de rocas. Se descarga la máquina y el panel de control. Se estaciona la bocat. Se extiende el cable eléctrico 440. Se estandariza la cámara 50%. Orden y limpieza de la cámara.",False,20260827-INMACULADA-XRD80USS-008-A
1146,20260827,12,60,83,1,3,B,0.0,0.0,0.0,NAN,NAN,SIN_NUMERO,NAN,NAN,SIN_NUMERO,NAN,0.0,0.0,0.0,0.0,nan,Maquina parada por falta de personal,False,20260827-INMACULADA-XRD80USS-008-B
1147,20260828,12,60,95,374,3,A,0.0,0.0,0.0,NAN,NAN,SIN_NUMERO,NAN,NAN,SIN_NUMERO,NAN,0.0,0.0,0.0,0.0,nan,"Se rellena las herramientas de gestión, se estandariza la cámara 80%. Se coloca guarda. Se instala las mangueras hidráulicas. Cambia manguera hidráulica reventada. Se traslada cubiles. Se arma plataforma. Orden y limpieza de la cámara.",False,20260828-INMACULADA-XRD80USS-008-A
1148,20260828,12,60,95,70,3,B,0.0,0.0,0.0,NAN,NAN,SIN_NUMERO,NAN,NAN,SIN_NUMERO,NAN,0.0,0.0,0.0,0.0,nan,"Se llena las herramientas de gestión, se traslada las cosas del que faltaba llevar del nivel 4100 hacia el nivel 4245 a la nueva cámara, se procede a terminar con la estandarización. Se coloca protección a las mangueras hidráulicas. Se arquea tubería de 2 "" de bomba. Se espera a seguridad para liberación de la cámara. Orden y limpieza de la cámara.",False,20260828-INMACULADA-XRD80USS-008-B
1149,20260829,12,60,95,374,3,A,0.0,2.0,2.0,HARDCORE,439182,SIN_NUMERO,NUEVA,HARDCORE,194478,NUEVO,0.0,0.0,2.0,0.0,Triturado,"A inicio de turno se llena herramientas de gestión, se espera a mantenimiento eléctrico hasta media guardia, mientras se instala agua y se pasa visto bueno por seguridad de hoc. Después de media guardia se nivela la maquina se alinea, se perfora para perno centro con dificultad, se ancla se inicia con la perforación se tiene problemas con barel se rompe se da solución.",False,20260829-INMACULADA-XRD80USS-008-A
1150,20260829,12,60,95,70,3,B,2.0,6.0,4.0,HARDCORE,439182,SIN_NUMERO,NUEVA,HARDCORE,194478,NUEVO,0.0,0.0,0.0,0.0,Triturado a semicompacto,"Se inspeccionó la labor y ventilación, se llenaron herramientas de gestión, se engrasaron partes rotativas de la máquina y se continuó la perforación hasta alcanzar el proyecto. Se esperó confirmación hasta el final de la guardia sin respuesta. Se mejoró la cuneta y se realizó orden y limpieza.",False,20260829-INMACULADA-XRD80USS-008-B
1151,20260830,12,60,96,392,3,A,0.0,6.0,6.0,HARDCORE,439182,SIN_NUMERO,USADA,HARDCORE,194478,USADA,0.0,0.0,10.7,0.0,Terreno semicompacto,"Se engrasaron partes rotatorias del equipo y accesorios. Se detectó fuga de aceite en válvula de posicionamiento, se esperó repuesto y se solucionó. Se alineó y niveló la máquina, se perforó perno central y se inició la perforación hasta el programa. Luego se desancló y trasladó el equipo al nuevo punto.",False,20260830-INMACULADA-XRD80USS-008-A
1152,20260830,12,60,94,70,3,B,0.0,6.0,6.0,HARDCORE,439182,SIN_NUMERO,USADA,HARDCORE,194478,USADO,0.0,0.0,0.0,0.0,Terreno fracturado,"Se inspecciona la labor y se monitorea el flujo de ventilación. Se engrasan las partes rotativas de la máquina. Se posiciona la máquina en su rumbo, se inicia la estandarización, se alinea y nivela, se perfora el perno central y se ancla. Se inicia la perforación en terreno fracturado y se llega al proyecto. Luego se desinstala la máquina y se gira hacia el nuevo punto SP26-0468, quedando en su rumbo.",False,20260830-INMACULADA-XRD80USS-008-B
1153,20260831,12,60,97,392,3,A,0.0,6.0,6.0,HARDCORE,439182,SIN_NUMERO,USADA,HARDCORE,194478,USADA,0.0,0.0,10.6,0.0,Terreno semifracturado,"Se engrasan las partes rotatorias del equipo y accesorios. Se alinea y nivela la máquina, se perfora perno central, se ancla y se inicia la perforación. Se revienta manguera de contrapresión de 1/2"" a las 11:00 h y se espera el repuesto, solucionándose a las 14:15 h. Se continúa perforando hasta llegar al programa. Se desinstala y traslada la máquina y accesorios al siguiente punto, donde queda alineada y nivelada, lista para perforar perno central. Se realiza orden y limpieza.",False,20260831-INMACULADA-XRD80USS-008-A
1154,20260831,12,60,98,70,3,B,0.0,9.0,9.0,HARDCORE,439182,SIN_NUMERO,USADA,HARDCORE,194478,USADO,0.0,0.0,0.0,0.0,Terreno fracturado a duro,"Se ingresa tarde por monóxido elevado. Se inspecciona la labor y se monitorea la ventilación y se inicia la estandarización de la cámara. El eléctrico realiza mantenimiento del tablero de la unidad de poder y soluciona el mixer eléctrico. Se retira tubería en mal estado, se realizan dos viajes y se inicia la perforación en terreno duro. Se llega al proyecto y se retiran las cajas para evaluación. Se desinstala la máquina y se gira hacia SP26-0464, quedando en proceso.",False,20260831-INMACULADA-XRD80USS-008-B
1155,20260901,12,60,98,258,2,A,0.0,0.0,0.0,NAN,NAN,SIN_NUMERO,NAN,NAN,SIN_NUMERO,NAN,0.0,0.0,0.0,0.0,nan,nan,False,20260901-INMACULADA-XRD80USS-008-A
1156,20260901,12,60,74,258,2,B,0.0,0.0,0.0,NAN,NAN,SIN_NUMERO,NAN,NAN,SIN_NUMERO,NAN,0.0,0.0,0.0,0.0,nan,nan,False,20260901-INMACULADA-XRD80USS-008-B
1157,20260902,12,60,74,258,2,A,0.0,0.0,0.0,NAN,NAN,SIN_NUMERO,NAN,NAN,SIN_NUMERO,NAN,0.0,0.0,0.0,0.0,nan,nan,False,20260902-INMACULADA-XRD80USS-008-A
1158,20260902,12,60,74,258,2,B,0.0,0.0,0.0,NAN,NAN,SIN_NUMERO,NAN,NAN,SIN_NUMERO,NAN,0.0,0.0,0.0,0.0,nan,nan,False,20260902-INMACULADA-XRD80USS-008-B
1159,20260903,12,60,74,258,2,A,0.0,0.0,0.0,NAN,NAN,SIN_NUMERO,NAN,NAN,SIN_NUMERO,NAN,0.0,0.0,0.0,0.0,nan,nan,False,20260903-INMACULADA-XRD80USS-008-A
1160,20260903,12,60,74,258,2,B,0.0,0.0,0.0,NAN,NAN,SIN_NUMERO,NAN,NAN,SIN_NUMERO,NAN,0.0,0.0,0.0,0.0,nan,nan,False,20260903-INMACULADA-XRD80USS-008-B
1161,20260904,12,60,74,258,2,A,0.0,0.0,0.0,NAN,NAN,SIN_NUMERO,NAN,NAN,SIN_NUMERO,NAN,0.0,0.0,0.0,0.0,nan,nan,False,20260904-INMACULADA-XRD80USS-008-A
1162,20260904,12,60,74,258,2,B,0.0,0.0,0.0,NAN,NAN,SIN_NUMERO,NAN,NAN,SIN_NUMERO,NAN,0.0,0.0,0.0,0.0,nan,nan,False,20260904-INMACULADA-XRD80USS-008-B
1163,20260905,12,60,74,258,2,A,0.0,0.0,0.0,NAN,NAN,SIN_NUMERO,NAN,NAN,SIN_NUMERO,NAN,0.0,0.0,0.0,0.0,nan,nan,False,20260905-INMACULADA-XRD80USS-008-A
1164,20260905,12,60,74,258,2,B,0.0,0.0,0.0,NAN,NAN,SIN_NUMERO,NAN,NAN,SIN_NUMERO,NAN,0.0,0.0,0.0,0.0,nan,nan,False,20260905-INMACULADA-XRD80USS-008-B
1165,20260906,12,60,74,258,2,A,0.0,0.0,0.0,NAN,NAN,SIN_NUMERO,NAN,NAN,SIN_NUMERO,NAN,0.0,0.0,0.0,0.0,nan,nan,False,20260906-INMACULADA-XRD80USS-008-A
1166,20260906,12,60,74,258,2,B,0.0,0.0,0.0,NAN,NAN,SIN_NUMERO,NAN,NAN,SIN_NUMERO,NAN,0.0,0.0,0.0,0.0,nan,nan,False,20260906-INMACULADA-XRD80USS-008-B
1167,20260907,12,60,74,258,2,A,0.0,0.0,0.0,NAN,NAN,SIN_NUMERO,NAN,NAN,SIN_NUMERO,NAN,0.0,0.0,0.0,0.0,nan,nan,False,20260907-INMACULADA-XRD80USS-008-A
1168,20260907,12,60,74,258,2,B,0.0,0.0,0.0,NAN,NAN,SIN_NUMERO,NAN,NAN,SIN_NUMERO,NAN,0.0,0.0,0.0,0.0,nan,nan,False,20260907-INMACULADA-XRD80USS-008-B
1169,20260908,12,60,74,258,2,A,0.0,0.0,0.0,NAN,NAN,SIN_NUMERO,NAN,NAN,SIN_NUMERO,NAN,0.0,0.0,0.0,0.0,nan,nan,False,20260908-INMACULADA-XRD80USS-008-A
1170,20260908,12,60,74,258,2,B,0.0,0.0,0.0,NAN,NAN,SIN_NUMERO,NAN,NAN,SIN_NUMERO,NAN,0.0,0.0,0.0,0.0,nan,nan,False,20260908-INMACULADA-XRD80USS-008-B
1171,20260909,12,60,74,258,2,A,0.0,0.0,0.0,NAN,NAN,SIN_NUMERO,NAN,NAN,SIN_NUMERO,NAN,0.0,0.0,0.0,0.0,nan,nan,False,20260909-INMACULADA-XRD80USS-008-A
1172,20260909,12,60,74,258,2,B,0.0,0.0,0.0,NAN,NAN,SIN_NUMERO,NAN,NAN,SIN_NUMERO,NAN,0.0,0.0,0.0,0.0,nan,nan,False,20260909-INMACULADA-XRD80USS-008-B
1173,20260910,12,60,74,258,2,A,0.0,0.0,0.0,NAN,NAN,SIN_NUMERO,NAN,NAN,SIN_NUMERO,NAN,0.0,0.0,0.0,0.0,nan,nan,False,20260910-INMACULADA-XRD80USS-008-A
1174,20260910,12,60,74,258,2,B,0.0,0.0,0.0,NAN,NAN,SIN_NUMERO,NAN,NAN,SIN_NUMERO,NAN,0.0,0.0,0.0,0.0,nan,nan,False,20260910-INMACULADA-XRD80USS-008-B
1175,20260911,12,60,74,258,2,A,0.0,0.0,0.0,NAN,NAN,SIN_NUMERO,NAN,NAN,SIN_NUMERO,NAN,0.0,0.0,0.0,0.0,nan,nan,False,20260911-INMACULADA-XRD80USS-008-A
1176,20260911,12,60,74,258,2,B,0.0,0.0,0.0,NAN,NAN,SIN_NUMERO,NAN,NAN,SIN_NUMERO,NAN,0.0,0.0,0.0,0.0,nan,nan,False,20260911-INMACULADA-XRD80USS-008-B
1177,20260912,12,60,74,258,2,A,0.0,0.0,0.0,NAN,NAN,SIN_NUMERO,NAN,NAN,SIN_NUMERO,NAN,0.0,0.0,0.0,0.0,nan,nan,False,20260912-INMACULADA-XRD80USS-008-A
1178,20260912,12,60,74,258,2,B,0.0,0.0,0.0,NAN,NAN,SIN_NUMERO,NAN,NAN,SIN_NUMERO,NAN,0.0,0.0,0.0,0.0,nan,nan,False,20260912-INMACULADA-XRD80USS-008-B
1179,20260913,12,60,74,258,2,A,0.0,0.0,0.0,NAN,NAN,SIN_NUMERO,NAN,NAN,SIN_NUMERO,NAN,0.0,0.0,0.0,0.0,nan,nan,False,20260913-INMACULADA-XRD80USS-008-A
1180,20260913,12,60,74,258,2,B,0.0,0.0,0.0,NAN,NAN,SIN_NUMERO,NAN,NAN,SIN_NUMERO,NAN,0.0,0.0,0.0,0.0,nan,nan,False,20260913-INMACULADA-XRD80USS-008-B
1181,20260914,12,60,74,258,2,A,0.0,0.0,0.0,NAN,NAN,SIN_NUMERO,NAN,NAN,SIN_NUMERO,NAN,0.0,0.0,0.0,0.0,nan,nan,False,20260914-INMACULADA-XRD80USS-008-A
1182,20260914,12,60,74,258,2,B,0.0,0.0,0.0,NAN,NAN,SIN_NUMERO,NAN,NAN,SIN_NUMERO,NAN,0.0,0.0,0.0,0.0,nan,nan,False,20260914-INMACULADA-XRD80USS-008-B
1183,20260915,12,60,74,258,2,A,0.0,0.0,0.0,NAN,NAN,SIN_NUMERO,NAN,NAN,SIN_NUMERO,NAN,0.0,0.0,0.0,0.0,nan,nan,False,20260915-INMACULADA-XRD80USS-008-A
1184,20260915,12,60,74,258,2,B,0.0,0.0,0.0,NAN,NAN,SIN_NUMERO,NAN,NAN,SIN_NUMERO,NAN,0.0,0.0,0.0,0.0,nan,nan,False,20260915-INMACULADA-XRD80USS-008-B
1185,20260916,12,60,74,258,2,A,0.0,0.0,0.0,NAN,NAN,SIN_NUMERO,NAN,NAN,SIN_NUMERO,NAN,0.0,0.0,0.0,0.0,nan,nan,False,20260916-INMACULADA-XRD80USS-008-A
1186,20260916,12,60,74,258,2,B,0.0,0.0,0.0,NAN,NAN,SIN_NUMERO,NAN,NAN,SIN_NUMERO,NAN,0.0,0.0,0.0,0.0,nan,nan,False,20260916-INMACULADA-XRD80USS-008-B
1187,20260917,12,60,74,258,2,A,0.0,0.0,0.0,NAN,NAN,SIN_NUMERO,NAN,NAN,SIN_NUMERO,NAN,0.0,0.0,0.0,0.0,nan,nan,False,20260917-INMACULADA-XRD80USS-008-A
1188,20260917,12,60,74,258,2,B,0.0,0.0,0.0,NAN,NAN,SIN_NUMERO,NAN,NAN,SIN_NUMERO,NAN,0.0,0.0,0.0,0.0,nan,nan,False,20260917-INMACULADA-XRD80USS-008-B
1189,20260918,12,60,74,258,2,A,0.0,0.0,0.0,NAN,NAN,SIN_NUMERO,NAN,NAN,SIN_NUMERO,NAN,0.0,0.0,0.0,0.0,nan,nan,False,20260918-INMACULADA-XRD80USS-008-A
1190,20260918,12,60,74,258,2,B,0.0,0.0,0.0,NAN,NAN,SIN_NUMERO,NAN,NAN,SIN_NUMERO,NAN,0.0,0.0,0.0,0.0,nan,nan,False,20260918-INMACULADA-XRD80USS-008-B
1191,20260919,12,60,74,258,2,A,0.0,0.0,0.0,NAN,NAN,SIN_NUMERO,NAN,NAN,SIN_NUMERO,NAN,0.0,0.0,0.0,0.0,nan,nan,False,20260919-INMACULADA-XRD80USS-008-A
1192,20260919,12,60,74,258,2,B,0.0,0.0,0.0,NAN,NAN,SIN_NUMERO,NAN,NAN,SIN_NUMERO,NAN,0.0,0.0,0.0,0.0,nan,nan,False,20260919-INMACULADA-XRD80USS-008-B
1193,20260920,12,60,74,258,2,A,0.0,0.0,0.0,NAN,NAN,SIN_NUMERO,NAN,NAN,SIN_NUMERO,NAN,0.0,0.0,0.0,0.0,nan,nan,False,20260920-INMACULADA-XRD80USS-008-A
1194,20260920,12,60,74,258,2,B,0.0,0.0,0.0,NAN,NAN,SIN_NUMERO,NAN,NAN,SIN_NUMERO,NAN,0.0,0.0,0.0,0.0,nan,nan,False,20260920-INMACULADA-XRD80USS-008-B
1195,20260921,12,60,74,258,2,A,0.0,0.0,0.0,NAN,NAN,SIN_NUMERO,NAN,NAN,SIN_NUMERO,NAN,0.0,0.0,0.0,0.0,nan,nan,False,20260921-INMACULADA-XRD80USS-008-A
1196,20260921,12,60,74,258,2,B,0.0,0.0,0.0,NAN,NAN,SIN_NUMERO,NAN,NAN,SIN_NUMERO,NAN,0.0,0.0,0.0,0.0,nan,nan,False,20260921-INMACULADA-XRD80USS-008-B
1197,20260922,12,60,74,258,2,A,0.0,0.0,0.0,NAN,NAN,SIN_NUMERO,NAN,NAN,SIN_NUMERO,NAN,0.0,0.0,0.0,0.0,nan,nan,False,20260922-INMACULADA-XRD80USS-008-A
1198,20260922,12,60,74,258,2,B,0.0,0.0,0.0,NAN,NAN,SIN_NUMERO,NAN,NAN,SIN_NUMERO,NAN,0.0,0.0,0.0,0.0,nan,nan,False,20260922-INMACULADA-XRD80USS-008-B
1199,20260923,12,60,74,258,2,A,0.0,0.0,0.0,NAN,NAN,SIN_NUMERO,NAN,NAN,SIN_NUMERO,NAN,0.0,0.0,0.0,0.0,nan,nan,False,20260923-INMACULADA-XRD80USS-008-A
1200,20260923,12,60,74,258,2,B,0.0,0.0,0.0,NAN,NAN,SIN_NUMERO,NAN,NAN,SIN_NUMERO,NAN,0.0,0.0,0.0,0.0,nan,nan,False,20260923-INMACULADA-XRD80USS-008-B
1201,20260924,12,60,74,258,2,A,0.0,0.0,0.0,NAN,NAN,SIN_NUMERO,NAN,NAN,SIN_NUMERO,NAN,0.0,0.0,0.0,0.0,nan,nan,False,20260924-INMACULADA-XRD80USS-008-A
1202,20260924,12,60,74,258,2,B,0.0,0.0,0.0,NAN,NAN,SIN_NUMERO,NAN,NAN,SIN_NUMERO,NAN,0.0,0.0,0.0,0.0,nan,nan,False,20260924-INMACULADA-XRD80USS-008-B
1203,20260925,12,60,74,258,2,A,0.0,0.0,0.0,NAN,NAN,SIN_NUMERO,NAN,NAN,SIN_NUMERO,NAN,0.0,0.0,0.0,0.0,nan,nan,False,20260925-INMACULADA-XRD80USS-008-A
1204,20260925,12,60,74,258,2,B,0.0,0.0,0.0,NAN,NAN,SIN_NUMERO,NAN,NAN,SIN_NUMERO,NAN,0.0,0.0,0.0,0.0,nan,nan,False,20260925-INMACULADA-XRD80USS-008-B
1205,20260826,12,62,58,332,2,A,327.3,341.3,14.0,HARDCORE,404786,SIN_NUMERO,USADA,HARDCORE,190308,USADO,0.0,0.0,13.3,0.0,nan,Al inicio de guardia se espera la liberación de cámara hasta 8:45 am. Se llena las herramientas de gestión. Se acondiciona el sondaje y se continua con la perforación semi compacto duro se pasa tramos de falla. A media guardia se ase medición GYRO. Todo queda operativo.,False,20260826-INMACULADA-XRD90U-016-A
1206,20260826,12,62,58,403,2,B,341.3,358.5,17.2,HARDCORE,404786,SIN_NUMERO,USADA,HARDCORE,190308,USADO,0.0,0.0,0.0,0.0,nan,Se llena las herramientas de gestión. Se acondiciona el sondaje y se continúa con la perforación terreno semicompacto y compacto duro toda la guardia y se pasa un tramo de fracturado a los 344.30 y se hace orden y limpieza al fin de guardia. Se engrasa la maquina.,False,20260826-INMACULADA-XRD90U-016-B
1207,20260827,12,62,58,332,2,A,358.5,370.6,12.1,HARDCORE,404786,SIN_NUMERO,USADA,HARDCORE,190308,USADO,0.0,0.0,7.7,0.0,Semicompacto duro,Al inicio de guardia se espera la liberación de cámara hasta 9:10am. Se llena las herramientas de gestión. Se esperan órdenes de exploraciones.  Se acondiciona el sondaje y se continua con la perforación semi compacto duro. Todo queda operativo.  Topógrafo marca el siguiente punto. A fin de guardia se hace orden y limpieza general.,False,20260827-INMACULADA-XRD90U-016-A
1208,20260827,12,62,58,403,2,B,370.6,370.6,0.0,NAN,NAN,SIN_NUMERO,NAN,NAN,SIN_NUMERO,NAN,0.0,0.0,0.0,0.0,nan,"Se acondicionó el sondaje, se realizó medición de desviación y se esperó validación. Se descargaron y apilaron las barras por alta presión de caudal. Se desinstaló la máquina, se retiró el perno central y quedó pendiente el taponamiento por falta de stock. Personal salió temprano por encontrarse mojado. Se realizó engrase de la máquina.",False,20260827-INMACULADA-XRD90U-016-B
1209,20260828,12,62,58,403,2,A,370.6,370.6,0.0,NAN,NAN,SIN_NUMERO,NAN,NAN,SIN_NUMERO,NAN,0.0,0.0,6.9,0.0,nan,"Se instala el paker con mucha precion de caudal y se logra instalar y se hace orden y limpieza Se sale a superficie por capacitación de seguridad hasta fin de guardia 
Se engrasa la maquina",False,20260828-INMACULADA-XRD90U-016-A
1210,20260828,12,62,60,350,2,B,0.0,12.0,12.0,HARDCORE,404786,SIN_NUMERO,USADA,HARDCORE,190308,USADO,0.0,0.0,0.0,0.0,nan,"Se procede a mover la maquina al nuevo punto. Se alinea y se procede a perforar para perno centro. Se espera a topografía hasta 2:00 de la mañana. Topografía da visto bueno se asegura la maquina y se inicia la perforación terreno fracturado. Queda todo operativo, se realiza orden y limpieza. Se engrasa la máquina.",False,20260828-INMACULADA-XRD90U-016-B
1211,20260829,12,62,60,403,2,A,12.0,41.9,29.9,HARDCORE,208917.2,SIN_NUMERO,USADA,HARDCORE,190307,USADO,0.0,0.0,13.0,0.0,Fracturado con cuarzo,"Se descarga las barras de perforación para cambio de los accesorios Luking, Adapter y broca y se carga las barras se continúa con la perforación y topografía hace levantamiento a los 15 metros y se hace medición de desviación y se continúa con la perforación terreno fracturado y se corta bolsonada de agua y al fin de guardia se hace orden y limpieza. Se engrasa la máquina.",False,20260829-INMACULADA-XRD90U-016-A
1212,20260829,12,62,60,350,2,B,41.9,67.6,25.7,HARDCORE,208917.2,SIN_NUMERO,USADA,HARDCORE,190307,USADO,0.0,0.0,0.0,0.0,Fracturado a compacto,Se realizó medición Gyro a los 38 m y se continuó la perforación en terreno fracturado compacto. Se realizó engrase de la máquina. Se dejó todo operativo y se realizó orden y limpieza.,False,20260829-INMACULADA-XRD90U-016-B
1213,20260830,12,62,60,403,2,A,67.6,71.8,4.2,HARDCORE,208917.2,SIN_NUMERO,USADA,HARDCORE,190307,USADO,0.0,0.0,8.5,0.0,Fracturado con panizo arcilloso,"Se perforó terreno fracturado y panizo, realizando 2 mediciones de desviación sin éxito por alta presión. Se detectaron fugas de caudal en la conexión de la bomba y conexión rápida. Se descargaron las barras y se dejó la barra afuera. Se realizó engrase de la máquina.",False,20260830-INMACULADA-XRD90U-016-A
1214,20260830,12,62,60,350,2,B,71.8,85.7,13.9,HARDCORE,208914.2,SIN_NUMERO,NUEVA,HARDCORE,190307,USADA,0.0,0.0,0.0,0.0,Falla muy fracturada con presencia de cuarzo,"Se presenta corte de ventilación de 21:30 a 23:30 h por modificación de manga. Se cambia broca y se carga la tubería, llegando al tope y reperforando. Se continúa perforando terreno con falla muy fracturada y presencia de cuarzo. Se realiza medición gyro a los 68.00 m. Se repara conexión de bomba. Se engrasa la máquina.",False,20260830-INMACULADA-XRD90U-016-B
1215,20260831,12,62,60,403,2,A,85.7,109.6,23.9,HARDCORE,208914.2,SIN_NUMERO,USADA,HARDCORE,190307,USADO,0.0,0.0,11.6,0.0,Terreno fracturado con cuarzo y bolsonada de agua,"Se continúa con la perforación y se realiza medición de desviación a los 85.92 m. Se perfora terreno de cuarzo fracturado durante toda la guardia. En la última corrida se presenta presión y se descargan las barras de perforación, quedando descargado el sondaje. Se engrasa la máquina. Se realiza orden y limpieza.",False,20260831-INMACULADA-XRD90U-016-A
1216,20260831,12,62,60,350,2,B,109.6,133.5,23.9,HARDCORE,208914.2,SIN_NUMERO,USADA,HARDCORE,190307,USADA,0.0,0.0,0.0,0.0,"Fracturado, compacto y argílico","Se ingresa tarde por liberación de cámara a las 21:30 h. Se introduce tubería hasta el tope, se acondiciona el sondaje y se continúa la perforación en terreno fracturado compacto. Se realiza medición gyro a los 111.00 m. Se presenta corte de ventilación de 01:30 a 02:00 h. Se engrasa la máquina. Se realiza orden y limpieza.",False,20260831-INMACULADA-XRD90U-016-B
1217,20260901,12,62,60,258,2,A,0.0,0.0,0.0,NAN,NAN,SIN_NUMERO,NAN,NAN,SIN_NUMERO,NAN,0.0,0.0,0.0,0.0,nan,nan,False,20260901-INMACULADA-XRD90U-016-A
1218,20260901,12,62,74,258,2,B,0.0,0.0,0.0,NAN,NAN,SIN_NUMERO,NAN,NAN,SIN_NUMERO,NAN,0.0,0.0,0.0,0.0,nan,nan,False,20260901-INMACULADA-XRD90U-016-B
1219,20260902,12,62,74,258,2,A,0.0,0.0,0.0,NAN,NAN,SIN_NUMERO,NAN,NAN,SIN_NUMERO,NAN,0.0,0.0,0.0,0.0,nan,nan,False,20260902-INMACULADA-XRD90U-016-A
1220,20260902,12,62,74,258,2,B,0.0,0.0,0.0,NAN,NAN,SIN_NUMERO,NAN,NAN,SIN_NUMERO,NAN,0.0,0.0,0.0,0.0,nan,nan,False,20260902-INMACULADA-XRD90U-016-B
1221,20260903,12,62,74,258,2,A,0.0,0.0,0.0,NAN,NAN,SIN_NUMERO,NAN,NAN,SIN_NUMERO,NAN,0.0,0.0,0.0,0.0,nan,nan,False,20260903-INMACULADA-XRD90U-016-A
1222,20260903,12,62,74,258,2,B,0.0,0.0,0.0,NAN,NAN,SIN_NUMERO,NAN,NAN,SIN_NUMERO,NAN,0.0,0.0,0.0,0.0,nan,nan,False,20260903-INMACULADA-XRD90U-016-B
1223,20260904,12,62,74,258,2,A,0.0,0.0,0.0,NAN,NAN,SIN_NUMERO,NAN,NAN,SIN_NUMERO,NAN,0.0,0.0,0.0,0.0,nan,nan,False,20260904-INMACULADA-XRD90U-016-A
1224,20260904,12,62,74,258,2,B,0.0,0.0,0.0,NAN,NAN,SIN_NUMERO,NAN,NAN,SIN_NUMERO,NAN,0.0,0.0,0.0,0.0,nan,nan,False,20260904-INMACULADA-XRD90U-016-B
1225,20260905,12,62,74,258,2,A,0.0,0.0,0.0,NAN,NAN,SIN_NUMERO,NAN,NAN,SIN_NUMERO,NAN,0.0,0.0,0.0,0.0,nan,nan,False,20260905-INMACULADA-XRD90U-016-A
1226,20260905,12,62,74,258,2,B,0.0,0.0,0.0,NAN,NAN,SIN_NUMERO,NAN,NAN,SIN_NUMERO,NAN,0.0,0.0,0.0,0.0,nan,nan,False,20260905-INMACULADA-XRD90U-016-B
1227,20260906,12,62,74,258,2,A,0.0,0.0,0.0,NAN,NAN,SIN_NUMERO,NAN,NAN,SIN_NUMERO,NAN,0.0,0.0,0.0,0.0,nan,nan,False,20260906-INMACULADA-XRD90U-016-A
1228,20260906,12,62,74,258,2,B,0.0,0.0,0.0,NAN,NAN,SIN_NUMERO,NAN,NAN,SIN_NUMERO,NAN,0.0,0.0,0.0,0.0,nan,nan,False,20260906-INMACULADA-XRD90U-016-B
1229,20260907,12,62,74,258,2,A,0.0,0.0,0.0,NAN,NAN,SIN_NUMERO,NAN,NAN,SIN_NUMERO,NAN,0.0,0.0,0.0,0.0,nan,nan,False,20260907-INMACULADA-XRD90U-016-A
1230,20260907,12,62,74,258,2,B,0.0,0.0,0.0,NAN,NAN,SIN_NUMERO,NAN,NAN,SIN_NUMERO,NAN,0.0,0.0,0.0,0.0,nan,nan,False,20260907-INMACULADA-XRD90U-016-B
1231,20260908,12,62,74,258,2,A,0.0,0.0,0.0,NAN,NAN,SIN_NUMERO,NAN,NAN,SIN_NUMERO,NAN,0.0,0.0,0.0,0.0,nan,nan,False,20260908-INMACULADA-XRD90U-016-A
1232,20260908,12,62,74,258,2,B,0.0,0.0,0.0,NAN,NAN,SIN_NUMERO,NAN,NAN,SIN_NUMERO,NAN,0.0,0.0,0.0,0.0,nan,nan,False,20260908-INMACULADA-XRD90U-016-B
1233,20260909,12,62,74,258,2,A,0.0,0.0,0.0,NAN,NAN,SIN_NUMERO,NAN,NAN,SIN_NUMERO,NAN,0.0,0.0,0.0,0.0,nan,nan,False,20260909-INMACULADA-XRD90U-016-A
1234,20260909,12,62,74,258,2,B,0.0,0.0,0.0,NAN,NAN,SIN_NUMERO,NAN,NAN,SIN_NUMERO,NAN,0.0,0.0,0.0,0.0,nan,nan,False,20260909-INMACULADA-XRD90U-016-B
1235,20260910,12,62,74,258,2,A,0.0,0.0,0.0,NAN,NAN,SIN_NUMERO,NAN,NAN,SIN_NUMERO,NAN,0.0,0.0,0.0,0.0,nan,nan,False,20260910-INMACULADA-XRD90U-016-A
1236,20260910,12,62,74,258,2,B,0.0,0.0,0.0,NAN,NAN,SIN_NUMERO,NAN,NAN,SIN_NUMERO,NAN,0.0,0.0,0.0,0.0,nan,nan,False,20260910-INMACULADA-XRD90U-016-B
1237,20260911,12,62,74,258,2,A,0.0,0.0,0.0,NAN,NAN,SIN_NUMERO,NAN,NAN,SIN_NUMERO,NAN,0.0,0.0,0.0,0.0,nan,nan,False,20260911-INMACULADA-XRD90U-016-A
1238,20260911,12,62,74,258,2,B,0.0,0.0,0.0,NAN,NAN,SIN_NUMERO,NAN,NAN,SIN_NUMERO,NAN,0.0,0.0,0.0,0.0,nan,nan,False,20260911-INMACULADA-XRD90U-016-B
1239,20260912,12,62,74,258,2,A,0.0,0.0,0.0,NAN,NAN,SIN_NUMERO,NAN,NAN,SIN_NUMERO,NAN,0.0,0.0,0.0,0.0,nan,nan,False,20260912-INMACULADA-XRD90U-016-A
1240,20260912,12,62,74,258,2,B,0.0,0.0,0.0,NAN,NAN,SIN_NUMERO,NAN,NAN,SIN_NUMERO,NAN,0.0,0.0,0.0,0.0,nan,nan,False,20260912-INMACULADA-XRD90U-016-B
1241,20260913,12,62,74,258,2,A,0.0,0.0,0.0,NAN,NAN,SIN_NUMERO,NAN,NAN,SIN_NUMERO,NAN,0.0,0.0,0.0,0.0,nan,nan,False,20260913-INMACULADA-XRD90U-016-A
1242,20260913,12,62,74,258,2,B,0.0,0.0,0.0,NAN,NAN,SIN_NUMERO,NAN,NAN,SIN_NUMERO,NAN,0.0,0.0,0.0,0.0,nan,nan,False,20260913-INMACULADA-XRD90U-016-B
1243,20260914,12,62,74,258,2,A,0.0,0.0,0.0,NAN,NAN,SIN_NUMERO,NAN,NAN,SIN_NUMERO,NAN,0.0,0.0,0.0,0.0,nan,nan,False,20260914-INMACULADA-XRD90U-016-A
1244,20260914,12,62,74,258,2,B,0.0,0.0,0.0,NAN,NAN,SIN_NUMERO,NAN,NAN,SIN_NUMERO,NAN,0.0,0.0,0.0,0.0,nan,nan,False,20260914-INMACULADA-XRD90U-016-B
1245,20260915,12,62,74,258,2,A,0.0,0.0,0.0,NAN,NAN,SIN_NUMERO,NAN,NAN,SIN_NUMERO,NAN,0.0,0.0,0.0,0.0,nan,nan,False,20260915-INMACULADA-XRD90U-016-A
1246,20260915,12,62,74,258,2,B,0.0,0.0,0.0,NAN,NAN,SIN_NUMERO,NAN,NAN,SIN_NUMERO,NAN,0.0,0.0,0.0,0.0,nan,nan,False,20260915-INMACULADA-XRD90U-016-B
1247,20260916,12,62,74,258,2,A,0.0,0.0,0.0,NAN,NAN,SIN_NUMERO,NAN,NAN,SIN_NUMERO,NAN,0.0,0.0,0.0,0.0,nan,nan,False,20260916-INMACULADA-XRD90U-016-A
1248,20260916,12,62,74,258,2,B,0.0,0.0,0.0,NAN,NAN,SIN_NUMERO,NAN,NAN,SIN_NUMERO,NAN,0.0,0.0,0.0,0.0,nan,nan,False,20260916-INMACULADA-XRD90U-016-B
1249,20260917,12,62,74,258,2,A,0.0,0.0,0.0,NAN,NAN,SIN_NUMERO,NAN,NAN,SIN_NUMERO,NAN,0.0,0.0,0.0,0.0,nan,nan,False,20260917-INMACULADA-XRD90U-016-A
1250,20260917,12,62,74,258,2,B,0.0,0.0,0.0,NAN,NAN,SIN_NUMERO,NAN,NAN,SIN_NUMERO,NAN,0.0,0.0,0.0,0.0,nan,nan,False,20260917-INMACULADA-XRD90U-016-B
1251,20260918,12,62,74,258,2,A,0.0,0.0,0.0,NAN,NAN,SIN_NUMERO,NAN,NAN,SIN_NUMERO,NAN,0.0,0.0,0.0,0.0,nan,nan,False,20260918-INMACULADA-XRD90U-016-A
1252,20260918,12,62,74,258,2,B,0.0,0.0,0.0,NAN,NAN,SIN_NUMERO,NAN,NAN,SIN_NUMERO,NAN,0.0,0.0,0.0,0.0,nan,nan,False,20260918-INMACULADA-XRD90U-016-B
1253,20260919,12,62,74,258,2,A,0.0,0.0,0.0,NAN,NAN,SIN_NUMERO,NAN,NAN,SIN_NUMERO,NAN,0.0,0.0,0.0,0.0,nan,nan,False,20260919-INMACULADA-XRD90U-016-A
1254,20260919,12,62,74,258,2,B,0.0,0.0,0.0,NAN,NAN,SIN_NUMERO,NAN,NAN,SIN_NUMERO,NAN,0.0,0.0,0.0,0.0,nan,nan,False,20260919-INMACULADA-XRD90U-016-B
1255,20260920,12,62,74,258,2,A,0.0,0.0,0.0,NAN,NAN,SIN_NUMERO,NAN,NAN,SIN_NUMERO,NAN,0.0,0.0,0.0,0.0,nan,nan,False,20260920-INMACULADA-XRD90U-016-A
1256,20260920,12,62,74,258,2,B,0.0,0.0,0.0,NAN,NAN,SIN_NUMERO,NAN,NAN,SIN_NUMERO,NAN,0.0,0.0,0.0,0.0,nan,nan,False,20260920-INMACULADA-XRD90U-016-B
1257,20260921,12,62,74,258,2,A,0.0,0.0,0.0,NAN,NAN,SIN_NUMERO,NAN,NAN,SIN_NUMERO,NAN,0.0,0.0,0.0,0.0,nan,nan,False,20260921-INMACULADA-XRD90U-016-A
1258,20260921,12,62,74,258,2,B,0.0,0.0,0.0,NAN,NAN,SIN_NUMERO,NAN,NAN,SIN_NUMERO,NAN,0.0,0.0,0.0,0.0,nan,nan,False,20260921-INMACULADA-XRD90U-016-B
1259,20260922,12,62,74,258,2,A,0.0,0.0,0.0,NAN,NAN,SIN_NUMERO,NAN,NAN,SIN_NUMERO,NAN,0.0,0.0,0.0,0.0,nan,nan,False,20260922-INMACULADA-XRD90U-016-A
1260,20260922,12,62,74,258,2,B,0.0,0.0,0.0,NAN,NAN,SIN_NUMERO,NAN,NAN,SIN_NUMERO,NAN,0.0,0.0,0.0,0.0,nan,nan,False,20260922-INMACULADA-XRD90U-016-B
1261,20260923,12,62,74,258,2,A,0.0,0.0,0.0,NAN,NAN,SIN_NUMERO,NAN,NAN,SIN_NUMERO,NAN,0.0,0.0,0.0,0.0,nan,nan,False,20260923-INMACULADA-XRD90U-016-A
1262,20260923,12,62,74,258,2,B,0.0,0.0,0.0,NAN,NAN,SIN_NUMERO,NAN,NAN,SIN_NUMERO,NAN,0.0,0.0,0.0,0.0,nan,nan,False,20260923-INMACULADA-XRD90U-016-B
1263,20260924,12,62,74,258,2,A,0.0,0.0,0.0,NAN,NAN,SIN_NUMERO,NAN,NAN,SIN_NUMERO,NAN,0.0,0.0,0.0,0.0,nan,nan,False,20260924-INMACULADA-XRD90U-016-A
1264,20260924,12,62,74,258,2,B,0.0,0.0,0.0,NAN,NAN,SIN_NUMERO,NAN,NAN,SIN_NUMERO,NAN,0.0,0.0,0.0,0.0,nan,nan,False,20260924-INMACULADA-XRD90U-016-B
1265,20260925,12,62,74,258,2,A,0.0,0.0,0.0,NAN,NAN,SIN_NUMERO,NAN,NAN,SIN_NUMERO,NAN,0.0,0.0,0.0,0.0,nan,nan,False,20260925-INMACULADA-XRD90U-016-A
1266,20260925,12,62,74,258,2,B,0.0,0.0,0.0,NAN,NAN,SIN_NUMERO,NAN,NAN,SIN_NUMERO,NAN,0.0,0.0,0.0,0.0,nan,nan,False,20260925-INMACULADA-XRD90U-016-B
1267,20260826,12,56,59,306,2,A,235.5,249.3,13.8,HARDCORE,433045,SIN_NUMERO,NUEVA,HARDCORE,190311,USADA,0.0,0.0,11.5,0.0,nan,"Se rellena las herramientas de gestión, se engrasa unidad rotación y accesorios perforación, se acondiciona sondaje, se continua con la perforación, terreno fracturado /semi compacto duro, se realiza medición desviación a los 235.0 mts. Se realiza orden y limpieza .se deja tubo interior albergado.",False,20260826-INMACULADA-XRD150U-003-A
1268,20260826,12,56,59,373,2,B,249.3,255.3,6.0,HARDCORE,439199,SIN_NUMERO,NUEVA,HARDCORE,190311,USADA,0.0,0.0,0.0,0.0,nan,"Se rellena las herramientas de gestión, se engrasa máquina partes rotatorios. Se acondiciona sondaje. Se procede descargar toda la tubería para cambio de barel y se identifica broca desgastada, se comunica al supervisor, se trae de superficie una broca nueva Se espera broca desde las 23:40 pm hasta 1:30 am, se carga con barel exagonal, con broca nueva   y tubería nueva adelante, se llega al tope, se acondiciona sondaje. Se continua con la perforación, Litología compacto duro, se realiza medición de sondaje a los 250.79 metros, fin de turno se deja tubo interior armado estabilizado el sondaje.",False,20260826-INMACULADA-XRD150U-003-B
1269,20260827,12,56,59,306,2,A,255.3,265.7,10.4,HARDCORE,439199,SIN_NUMERO,USADA,HARDCORE,190311,USADA,0.0,0.0,12.9,0.0,Fracturado con panizo,"Se rellena las herramientas de gestión, se engrasa unidad rotación y accesorios perforación, se acondiciona sondaje, se continua con la perforación, terreno fracturado con tramo de panizo semicompacto (duro), se tiene inconvenientes con el cable wireline a los 30mts se rompe una hebra, se realiza medición desviación a los 259.0 mts. Se realiza orden y limpieza .se deja tubo interior albergado.",False,20260827-INMACULADA-XRD150U-003-A
1270,20260827,12,56,59,373,2,B,265.7,280.4,14.7,HARDCORE,439199,SIN_NUMERO,USADA,HARDCORE,190311,USADA,0.0,0.0,0.0,0.0,Muy fracturado,"Se engrasaron partes rotatorias, se acondicionó el sondaje y continuó la perforación en terreno fracturado y muy fracturado. Se realizó medición a los 275.36 m y se dejó tubo interior armado y sondaje estabilizado. Todo operativo.",False,20260827-INMACULADA-XRD150U-003-B
1271,20260828,12,56,59,373,2,A,280.4,286.5,6.1,HARDCORE,439199,SIN_NUMERO,USADA,HARDCORE,190311,USADA,0.0,0.0,8.7,0.0,nan,"Se engrasa máquina partes rotatorios, se acondiciona sondaje. Se continua con la perforación. Litología fracturado tramos muy fracturados, fin de turno se deja tubo interior armado estabilizado el sondaje, se hace orden y limpieza.",False,20260828-INMACULADA-XRD150U-003-A
1272,20260828,12,56,59,151,2,B,286.5,300.0,13.5,HARDCORE,439199,SIN_NUMERO,USADA,HARDCORE,190311,USADA,0.0,0.0,0.0,0.0,Fracturado,"Se engrasa unidad rotación y accesorios perforación, se acondiciona sondaje, se continua con la perforación, terreno fracturado con tramo de panizo semicompacto (duro), se realiza medición desviación a los 288. 00mts.Se realiza orden y limpieza. Se deja tubo interior albergado.",False,20260828-INMACULADA-XRD150U-003-B
1273,20260829,12,56,59,373,2,A,300.0,316.5,16.5,HARDCORE,439199,SIN_NUMERO,USADA,HARDCORE,190311,USADA,0.0,0.0,12.3,0.0,Fracturado,"Se engrasa máquina partes rotatorios, se repara bomba conexión, se acondiciona sondaje. Se continua con la perforación. Litología fracturada, se realiza medición de desviación a los 306.26, fin de turno se deja tubo interior armado estabilizado el sondaje, se hace orden y limpieza.",False,20260829-INMACULADA-XRD150U-003-A
1274,20260829,12,56,59,151,2,B,316.5,331.5,15.0,HARDCORE,439199,SIN_NUMERO,USADA,HARDCORE,190311,USADA,0.0,0.0,0.0,0.0,Fracturado con tramo de panizo semicompacto,"Se engrasó la unidad de rotación y accesorios de perforación, se acondicionó el sondaje y continuó la perforación en terreno fracturado con tramo de panizo semicompacto (duro). Se realizó medición de desviación a los 319 m. Se dejó tubo interior albergado y todo operativo.",False,20260829-INMACULADA-XRD150U-003-B
1275,20260830,12,56,59,373,2,A,331.5,343.5,12.0,HARDCORE,439199,SIN_NUMERO,USADA,HARDCORE,190311,USADA,0.0,0.0,11.0,0.0,Compacto,"Se engrasaron partes rotatorias de la máquina, se acondicionó el sondaje y continuó la perforación en terreno compacto. Se realizó medición de desviación a los 334.36 m. Se dejó tubo interior armado y sondaje estabilizado.",False,20260830-INMACULADA-XRD150U-003-A
1276,20260830,12,56,59,151,2,B,343.5,357.0,13.5,HARDCORE,439199,SIN_NUMERO,USADA,HARDCORE,190311,USADA,0.0,0.0,0.0,0.0,Fracturado con tramo de panizo semicompacto,"Se engrasa la unidad de rotación y accesorios de perforación. Se acondiciona el sondaje y se continúa perforando en terreno fracturado con tramo de panizo semicompacto (duro). Se realiza medición de desviación a los 348.00 m. Se deja tubo interior albergado, se realiza orden y limpieza y el equipo queda operativo.",False,20260830-INMACULADA-XRD150U-003-B
1277,20260831,12,56,59,373,2,A,357.0,370.0,13.0,HARDCORE,439199,SIN_NUMERO,USADA,HARDCORE,190311,USADA,0.0,0.0,8.1,0.0,Compacto con tramos fracturados,"Se engrasan las partes rotatorias de la máquina. Se acondiciona el sondaje y se continúa perforando en terreno compacto con tramos fracturados. Se llega al proyecto de 370 m, se realiza medición de desviación a los 366.09 m, se retiran las cajas con testigo para evaluación y se estabiliza el sondaje. Topografía realiza el levantamiento final. Se realiza orden y limpieza.",False,20260831-INMACULADA-XRD150U-003-A
1278,20260831,12,56,59,151,2,B,370.0,370.0,0.0,HARDCORE,439199,SIN_NUMERO,USADA,HARDCORE,190311,USADA,0.0,0.0,0.0,0.0,nan,"Se engrasa la unidad de rotación y accesorios de perforación. Se espera validación de medición para descargar tubería HQ. Se acondiciona el sondaje y se descarga la tubería con dificultad, trasladándola al caballete. Se recupera el perno central, se desinstala la máquina y se instala Parker con dificultad por presión de agua. Se realiza orden y limpieza y la máquina queda en posición horizontal.",False,20260831-INMACULADA-XRD150U-003-B
1279,20260901,12,56,59,258,2,A,0.0,0.0,0.0,NAN,NAN,SIN_NUMERO,NAN,NAN,SIN_NUMERO,NAN,0.0,0.0,0.0,0.0,nan,nan,False,20260901-INMACULADA-XRD150U-003-A
1280,20260901,12,56,74,258,2,B,0.0,0.0,0.0,NAN,NAN,SIN_NUMERO,NAN,NAN,SIN_NUMERO,NAN,0.0,0.0,0.0,0.0,nan,nan,False,20260901-INMACULADA-XRD150U-003-B
1281,20260902,12,56,74,258,2,A,0.0,0.0,0.0,NAN,NAN,SIN_NUMERO,NAN,NAN,SIN_NUMERO,NAN,0.0,0.0,0.0,0.0,nan,nan,False,20260902-INMACULADA-XRD150U-003-A
1282,20260902,12,56,74,258,2,B,0.0,0.0,0.0,NAN,NAN,SIN_NUMERO,NAN,NAN,SIN_NUMERO,NAN,0.0,0.0,0.0,0.0,nan,nan,False,20260902-INMACULADA-XRD150U-003-B
1283,20260903,12,56,74,258,2,A,0.0,0.0,0.0,NAN,NAN,SIN_NUMERO,NAN,NAN,SIN_NUMERO,NAN,0.0,0.0,0.0,0.0,nan,nan,False,20260903-INMACULADA-XRD150U-003-A
1284,20260903,12,56,74,258,2,B,0.0,0.0,0.0,NAN,NAN,SIN_NUMERO,NAN,NAN,SIN_NUMERO,NAN,0.0,0.0,0.0,0.0,nan,nan,False,20260903-INMACULADA-XRD150U-003-B
1285,20260904,12,56,74,258,2,A,0.0,0.0,0.0,NAN,NAN,SIN_NUMERO,NAN,NAN,SIN_NUMERO,NAN,0.0,0.0,0.0,0.0,nan,nan,False,20260904-INMACULADA-XRD150U-003-A
1286,20260904,12,56,74,258,2,B,0.0,0.0,0.0,NAN,NAN,SIN_NUMERO,NAN,NAN,SIN_NUMERO,NAN,0.0,0.0,0.0,0.0,nan,nan,False,20260904-INMACULADA-XRD150U-003-B
1287,20260905,12,56,74,258,2,A,0.0,0.0,0.0,NAN,NAN,SIN_NUMERO,NAN,NAN,SIN_NUMERO,NAN,0.0,0.0,0.0,0.0,nan,nan,False,20260905-INMACULADA-XRD150U-003-A
1288,20260905,12,56,74,258,2,B,0.0,0.0,0.0,NAN,NAN,SIN_NUMERO,NAN,NAN,SIN_NUMERO,NAN,0.0,0.0,0.0,0.0,nan,nan,False,20260905-INMACULADA-XRD150U-003-B
1289,20260906,12,56,74,258,2,A,0.0,0.0,0.0,NAN,NAN,SIN_NUMERO,NAN,NAN,SIN_NUMERO,NAN,0.0,0.0,0.0,0.0,nan,nan,False,20260906-INMACULADA-XRD150U-003-A
1290,20260906,12,56,74,258,2,B,0.0,0.0,0.0,NAN,NAN,SIN_NUMERO,NAN,NAN,SIN_NUMERO,NAN,0.0,0.0,0.0,0.0,nan,nan,False,20260906-INMACULADA-XRD150U-003-B
1291,20260907,12,56,74,258,2,A,0.0,0.0,0.0,NAN,NAN,SIN_NUMERO,NAN,NAN,SIN_NUMERO,NAN,0.0,0.0,0.0,0.0,nan,nan,False,20260907-INMACULADA-XRD150U-003-A
1292,20260907,12,56,74,258,2,B,0.0,0.0,0.0,NAN,NAN,SIN_NUMERO,NAN,NAN,SIN_NUMERO,NAN,0.0,0.0,0.0,0.0,nan,nan,False,20260907-INMACULADA-XRD150U-003-B
1293,20260908,12,56,74,258,2,A,0.0,0.0,0.0,NAN,NAN,SIN_NUMERO,NAN,NAN,SIN_NUMERO,NAN,0.0,0.0,0.0,0.0,nan,nan,False,20260908-INMACULADA-XRD150U-003-A
1294,20260908,12,56,74,258,2,B,0.0,0.0,0.0,NAN,NAN,SIN_NUMERO,NAN,NAN,SIN_NUMERO,NAN,0.0,0.0,0.0,0.0,nan,nan,False,20260908-INMACULADA-XRD150U-003-B
1295,20260909,12,56,74,258,2,A,0.0,0.0,0.0,NAN,NAN,SIN_NUMERO,NAN,NAN,SIN_NUMERO,NAN,0.0,0.0,0.0,0.0,nan,nan,False,20260909-INMACULADA-XRD150U-003-A
1296,20260909,12,56,74,258,2,B,0.0,0.0,0.0,NAN,NAN,SIN_NUMERO,NAN,NAN,SIN_NUMERO,NAN,0.0,0.0,0.0,0.0,nan,nan,False,20260909-INMACULADA-XRD150U-003-B
1297,20260910,12,56,74,258,2,A,0.0,0.0,0.0,NAN,NAN,SIN_NUMERO,NAN,NAN,SIN_NUMERO,NAN,0.0,0.0,0.0,0.0,nan,nan,False,20260910-INMACULADA-XRD150U-003-A
1298,20260910,12,56,74,258,2,B,0.0,0.0,0.0,NAN,NAN,SIN_NUMERO,NAN,NAN,SIN_NUMERO,NAN,0.0,0.0,0.0,0.0,nan,nan,False,20260910-INMACULADA-XRD150U-003-B
1299,20260911,12,56,74,258,2,A,0.0,0.0,0.0,NAN,NAN,SIN_NUMERO,NAN,NAN,SIN_NUMERO,NAN,0.0,0.0,0.0,0.0,nan,nan,False,20260911-INMACULADA-XRD150U-003-A
1300,20260911,12,56,74,258,2,B,0.0,0.0,0.0,NAN,NAN,SIN_NUMERO,NAN,NAN,SIN_NUMERO,NAN,0.0,0.0,0.0,0.0,nan,nan,False,20260911-INMACULADA-XRD150U-003-B
1301,20260912,12,56,74,258,2,A,0.0,0.0,0.0,NAN,NAN,SIN_NUMERO,NAN,NAN,SIN_NUMERO,NAN,0.0,0.0,0.0,0.0,nan,nan,False,20260912-INMACULADA-XRD150U-003-A
1302,20260912,12,56,74,258,2,B,0.0,0.0,0.0,NAN,NAN,SIN_NUMERO,NAN,NAN,SIN_NUMERO,NAN,0.0,0.0,0.0,0.0,nan,nan,False,20260912-INMACULADA-XRD150U-003-B
1303,20260913,12,56,74,258,2,A,0.0,0.0,0.0,NAN,NAN,SIN_NUMERO,NAN,NAN,SIN_NUMERO,NAN,0.0,0.0,0.0,0.0,nan,nan,False,20260913-INMACULADA-XRD150U-003-A
1304,20260913,12,56,74,258,2,B,0.0,0.0,0.0,NAN,NAN,SIN_NUMERO,NAN,NAN,SIN_NUMERO,NAN,0.0,0.0,0.0,0.0,nan,nan,False,20260913-INMACULADA-XRD150U-003-B
1305,20260914,12,56,74,258,2,A,0.0,0.0,0.0,NAN,NAN,SIN_NUMERO,NAN,NAN,SIN_NUMERO,NAN,0.0,0.0,0.0,0.0,nan,nan,False,20260914-INMACULADA-XRD150U-003-A
1306,20260914,12,56,74,258,2,B,0.0,0.0,0.0,NAN,NAN,SIN_NUMERO,NAN,NAN,SIN_NUMERO,NAN,0.0,0.0,0.0,0.0,nan,nan,False,20260914-INMACULADA-XRD150U-003-B
1307,20260915,12,56,74,258,2,A,0.0,0.0,0.0,NAN,NAN,SIN_NUMERO,NAN,NAN,SIN_NUMERO,NAN,0.0,0.0,0.0,0.0,nan,nan,False,20260915-INMACULADA-XRD150U-003-A
1308,20260915,12,56,74,258,2,B,0.0,0.0,0.0,NAN,NAN,SIN_NUMERO,NAN,NAN,SIN_NUMERO,NAN,0.0,0.0,0.0,0.0,nan,nan,False,20260915-INMACULADA-XRD150U-003-B
1309,20260916,12,56,74,258,2,A,0.0,0.0,0.0,NAN,NAN,SIN_NUMERO,NAN,NAN,SIN_NUMERO,NAN,0.0,0.0,0.0,0.0,nan,nan,False,20260916-INMACULADA-XRD150U-003-A
1310,20260916,12,56,74,258,2,B,0.0,0.0,0.0,NAN,NAN,SIN_NUMERO,NAN,NAN,SIN_NUMERO,NAN,0.0,0.0,0.0,0.0,nan,nan,False,20260916-INMACULADA-XRD150U-003-B
1311,20260917,12,56,74,258,2,A,0.0,0.0,0.0,NAN,NAN,SIN_NUMERO,NAN,NAN,SIN_NUMERO,NAN,0.0,0.0,0.0,0.0,nan,nan,False,20260917-INMACULADA-XRD150U-003-A
1312,20260917,12,56,74,258,2,B,0.0,0.0,0.0,NAN,NAN,SIN_NUMERO,NAN,NAN,SIN_NUMERO,NAN,0.0,0.0,0.0,0.0,nan,nan,False,20260917-INMACULADA-XRD150U-003-B
1313,20260918,12,56,74,258,2,A,0.0,0.0,0.0,NAN,NAN,SIN_NUMERO,NAN,NAN,SIN_NUMERO,NAN,0.0,0.0,0.0,0.0,nan,nan,False,20260918-INMACULADA-XRD150U-003-A
1314,20260918,12,56,74,258,2,B,0.0,0.0,0.0,NAN,NAN,SIN_NUMERO,NAN,NAN,SIN_NUMERO,NAN,0.0,0.0,0.0,0.0,nan,nan,False,20260918-INMACULADA-XRD150U-003-B
1315,20260919,12,56,74,258,2,A,0.0,0.0,0.0,NAN,NAN,SIN_NUMERO,NAN,NAN,SIN_NUMERO,NAN,0.0,0.0,0.0,0.0,nan,nan,False,20260919-INMACULADA-XRD150U-003-A
1316,20260919,12,56,74,258,2,B,0.0,0.0,0.0,NAN,NAN,SIN_NUMERO,NAN,NAN,SIN_NUMERO,NAN,0.0,0.0,0.0,0.0,nan,nan,False,20260919-INMACULADA-XRD150U-003-B
1317,20260920,12,56,74,258,2,A,0.0,0.0,0.0,NAN,NAN,SIN_NUMERO,NAN,NAN,SIN_NUMERO,NAN,0.0,0.0,0.0,0.0,nan,nan,False,20260920-INMACULADA-XRD150U-003-A
1318,20260920,12,56,74,258,2,B,0.0,0.0,0.0,NAN,NAN,SIN_NUMERO,NAN,NAN,SIN_NUMERO,NAN,0.0,0.0,0.0,0.0,nan,nan,False,20260920-INMACULADA-XRD150U-003-B
1319,20260921,12,56,74,258,2,A,0.0,0.0,0.0,NAN,NAN,SIN_NUMERO,NAN,NAN,SIN_NUMERO,NAN,0.0,0.0,0.0,0.0,nan,nan,False,20260921-INMACULADA-XRD150U-003-A
1320,20260921,12,56,74,258,2,B,0.0,0.0,0.0,NAN,NAN,SIN_NUMERO,NAN,NAN,SIN_NUMERO,NAN,0.0,0.0,0.0,0.0,nan,nan,False,20260921-INMACULADA-XRD150U-003-B
1321,20260922,12,56,74,258,2,A,0.0,0.0,0.0,NAN,NAN,SIN_NUMERO,NAN,NAN,SIN_NUMERO,NAN,0.0,0.0,0.0,0.0,nan,nan,False,20260922-INMACULADA-XRD150U-003-A
1322,20260922,12,56,74,258,2,B,0.0,0.0,0.0,NAN,NAN,SIN_NUMERO,NAN,NAN,SIN_NUMERO,NAN,0.0,0.0,0.0,0.0,nan,nan,False,20260922-INMACULADA-XRD150U-003-B
1323,20260923,12,56,74,258,2,A,0.0,0.0,0.0,NAN,NAN,SIN_NUMERO,NAN,NAN,SIN_NUMERO,NAN,0.0,0.0,0.0,0.0,nan,nan,False,20260923-INMACULADA-XRD150U-003-A
1324,20260923,12,56,74,258,2,B,0.0,0.0,0.0,NAN,NAN,SIN_NUMERO,NAN,NAN,SIN_NUMERO,NAN,0.0,0.0,0.0,0.0,nan,nan,False,20260923-INMACULADA-XRD150U-003-B
1325,20260924,12,56,74,258,2,A,0.0,0.0,0.0,NAN,NAN,SIN_NUMERO,NAN,NAN,SIN_NUMERO,NAN,0.0,0.0,0.0,0.0,nan,nan,False,20260924-INMACULADA-XRD150U-003-A
1326,20260924,12,56,74,258,2,B,0.0,0.0,0.0,NAN,NAN,SIN_NUMERO,NAN,NAN,SIN_NUMERO,NAN,0.0,0.0,0.0,0.0,nan,nan,False,20260924-INMACULADA-XRD150U-003-B
1327,20260925,12,56,74,258,2,A,0.0,0.0,0.0,NAN,NAN,SIN_NUMERO,NAN,NAN,SIN_NUMERO,NAN,0.0,0.0,0.0,0.0,nan,nan,False,20260925-INMACULADA-XRD150U-003-A
1328,20260925,12,56,74,258,2,B,0.0,0.0,0.0,NAN,NAN,SIN_NUMERO,NAN,NAN,SIN_NUMERO,NAN,0.0,0.0,0.0,0.0,nan,nan,False,20260925-INMACULADA-XRD150U-003-B
1329,20260826,12,55,84,233,3,A,0.0,0.0,0.0,NAN,NAN,SIN_NUMERO,NAN,NAN,SIN_NUMERO,NAN,0.0,0.0,4.7,0.0,nan,"Se rellena herramienta de gestión, se engrasa máquina y accesorios, fin de sondaje se cambia mordazas de la máquina, se descarga tuberías de NQ y se apila al caballete, se vuelve a cambiar mordazas de HQ y se intenta girar caising y se inyecta al sondaje Poly lube y Kem Thin y  empieza a salir retorno con lama se lava y empieza salir normal retorno pero sigue atrapado caising HQ.",False,20260826-INMACULADA-XLM75UFDR-001-A
1330,20260826,12,55,84,1,3,B,0.0,0.0,0.0,NAN,NAN,SIN_NUMERO,NAN,NAN,SIN_NUMERO,NAN,0.0,0.0,0.0,0.0,nan,Maquina parada por falta de personal,False,20260826-INMACULADA-XLM75UFDR-001-B
1331,20260827,12,55,84,233,3,A,0.0,0.0,0.0,NAN,NAN,SIN_NUMERO,NAN,NAN,SIN_NUMERO,NAN,0.0,0.0,5.5,0.0,nan,"Se rellena herramienta de gestión, se engrasa máquina y accesorios, se intenta recuperar casting HQ sin éxito. Por orden de supervisión cambio de punto al siguiente sondaje SP-337, se alinea y nivela la máquina y se ancla la máquina, queda listo para el visto bueno de topografía.",False,20260827-INMACULADA-XLM75UFDR-001-A
1332,20260827,12,55,85,126,3,B,0.0,15.9,15.9,HARDCORE,409402,SIN_NUMERO,USADA,HARDCORE,181843,USADA,0.0,0.0,0.0,0.0,Fracturado,"Se llenaron herramientas de gestión, se engrasaron todos los puntos del equipo, se ajustó el perno de anclaje y se obtuvo VB de topografía. Se inició perforación en terreno fracturado y se dejó todo operativo.",False,20260827-INMACULADA-XLM75UFDR-001-B
1333,20260828,12,55,85,126,3,A,15.9,20.7,4.8,HARDCORE,409402,SIN_NUMERO,USADA,HARDCORE,181843,USADA,0.0,0.0,6.4,0.0,nan,A inicio de guardia se rellena las herramientas de gestión. Después se engrasa los equipos se continúa con la perforación se perfora terreno fracturado y semi compacto. Después de media guardia se sale por capacitación de seguridad. A fin de guardia queda todo operativo.,False,20260828-INMACULADA-XLM75UFDR-001-A
1334,20260828,12,55,85,132,3,B,20.7,39.6,18.9,HARDCORE,409402,SIN_NUMERO,USADA,HARDCORE,181843,USADA,0.0,0.0,0.0,0.0,nan,"Se monitorea e inspecciona cámara, se rellena documentos de gestión, se continúa perforando terreno cambiante, se realiza prueba de desviación GYRO, se continúa perforando terreno fracturado, se pasa terreno con panizo, se quiso atrapar la tubería se realizó maniobras para liberar, se logra liberar con dificultad, se procede a desconectar para recuperar tubo interior. Se logra pescar y cuando se está jalando tubo interior. La máquina se apaga y no se puede volver a encender. Se comunicó a personal de mantenimiento la parte eléctrica está normal. Al momento de dar arranque hace fuerza y no arranca por lo cual ya no se insiste queda inoperativo.",False,20260828-INMACULADA-XLM75UFDR-001-B
1335,20260829,12,55,85,126,3,A,39.6,39.6,0.0,HARDCORE,409402,SIN_NUMERO,USADA,HARDCORE,181843,USADA,0.0,0.0,0.5,0.0,nan,Se monitorea e inspecciona la cámara. Se rellena las herramientas de gestión se espera a los técnicos de mantenimiento hasta las 3.00 pm después se realizará el mantenimiento se está desacoplando todas las mangueras hidráulicas para llegar a la bomba. Durante ese tiempo se mejora el entablado de la cámara y se limpia la cuneta en dirección hacia el collar se recoge lama en sacos.,False,20260829-INMACULADA-XLM75UFDR-001-A
1336,20260829,12,55,85,132,3,B,39.6,39.6,0.0,NAN,NAN,SIN_NUMERO,NAN,NAN,SIN_NUMERO,NAN,0.0,0.0,0.0,0.0,nan,"Se inspeccionó y monitoreó la cámara, se llenaron herramientas de gestión y se apoyó al mecánico durante toda la guardia en mantenimiento correctivo. Se retiró tubería para realizar pruebas a la máquina.",False,20260829-INMACULADA-XLM75UFDR-001-B
1337,20260830,12,55,85,126,3,A,39.6,41.4,1.8,HARDCORE,409402,SIN_NUMERO,USADA,HARDCORE,181843,USADA,0.0,0.0,3.1,0.0,Fracturado con panizo,"Se esperó liberación por voladura, se llenaron herramientas de gestión y se engrasaron todos los puntos del equipo. Se cargaron barras y continuó la perforación en terreno de panizo y fracturado. Se detectó fuga de hidrolina en la bomba principal y posteriormente una fuga considerable en la unidad de rotación, paralizándose la perforación.",False,20260830-INMACULADA-XLM75UFDR-001-A
1338,20260830,12,55,85,132,3,B,41.4,42.0,0.6,HARDCORE,409402,SIN_NUMERO,USADA,HARDCORE,181843,USADA,0.0,0.0,0.0,0.0,Panizo,"Se monitorea e inspecciona cámara. Se apoya al mecánico durante el mantenimiento correctivo del cabezal de rotación. Finalizada la reparación, se saca tubería para probar la máquina y posteriormente se baja tubería con broca usada para realizar una corrida de prueba. El equipo queda operativo, pendiente de instalar tablero eléctrico y aumentar aceite.",False,20260830-INMACULADA-XLM75UFDR-001-B
1339,20260831,12,55,85,126,3,A,42.0,51.6,9.6,HARDCORE,409402,SIN_NUMERO,USADA,HARDCORE,181843,USADA,0.0,0.0,5.6,0.0,"Panizo, fracturado y compacto","Se coloca el tablero eléctrico en su lugar y se abastece hidrolina al tanque de la unidad. Se engrasan los puntos de los equipos. Se continúa con la perforación en terreno panizo y fracturado. Se presentan problemas con la tubería durante la pesca y no se logra recuperar la tubería por encontrarse en mal estado, al igual que el barrel y la broca. Al final de la guardia se retiran las cajas para evaluación y los equipos quedan operativos.",False,20260831-INMACULADA-XLM75UFDR-001-A
1340,20260831,12,55,84,132,3,B,0.0,0.0,0.0,NAN,NAN,SIN_NUMERO,NAN,NAN,SIN_NUMERO,NAN,0.0,0.0,0.0,0.0,nan,"Se ingresa tarde por presencia de gases. Se monitorea e inspecciona la cámara y se engrasan las partes rotativas. Geología da por finalizado el sondaje SP26-0337. Se desinstala el equipo y se moviliza al SP26-0336, donde se nivela, orienta y ancla. Se realizan maniobras de rescate de la tubería HQ sin éxito hasta el fin de guardia, dejando conectada la línea HQ para continuar el rescate.",False,20260831-INMACULADA-XLM75UFDR-001-B
1341,20260901,12,55,84,258,2,A,0.0,0.0,0.0,NAN,NAN,SIN_NUMERO,NAN,NAN,SIN_NUMERO,NAN,0.0,0.0,0.0,0.0,nan,nan,False,20260901-INMACULADA-XLM75UFDR-001-A
1342,20260901,12,55,74,258,2,B,0.0,0.0,0.0,NAN,NAN,SIN_NUMERO,NAN,NAN,SIN_NUMERO,NAN,0.0,0.0,0.0,0.0,nan,nan,False,20260901-INMACULADA-XLM75UFDR-001-B
1343,20260902,12,55,74,258,2,A,0.0,0.0,0.0,NAN,NAN,SIN_NUMERO,NAN,NAN,SIN_NUMERO,NAN,0.0,0.0,0.0,0.0,nan,nan,False,20260902-INMACULADA-XLM75UFDR-001-A
1344,20260902,12,55,74,258,2,B,0.0,0.0,0.0,NAN,NAN,SIN_NUMERO,NAN,NAN,SIN_NUMERO,NAN,0.0,0.0,0.0,0.0,nan,nan,False,20260902-INMACULADA-XLM75UFDR-001-B
1345,20260903,12,55,74,258,2,A,0.0,0.0,0.0,NAN,NAN,SIN_NUMERO,NAN,NAN,SIN_NUMERO,NAN,0.0,0.0,0.0,0.0,nan,nan,False,20260903-INMACULADA-XLM75UFDR-001-A
1346,20260903,12,55,74,258,2,B,0.0,0.0,0.0,NAN,NAN,SIN_NUMERO,NAN,NAN,SIN_NUMERO,NAN,0.0,0.0,0.0,0.0,nan,nan,False,20260903-INMACULADA-XLM75UFDR-001-B
1347,20260904,12,55,74,258,2,A,0.0,0.0,0.0,NAN,NAN,SIN_NUMERO,NAN,NAN,SIN_NUMERO,NAN,0.0,0.0,0.0,0.0,nan,nan,False,20260904-INMACULADA-XLM75UFDR-001-A
1348,20260904,12,55,74,258,2,B,0.0,0.0,0.0,NAN,NAN,SIN_NUMERO,NAN,NAN,SIN_NUMERO,NAN,0.0,0.0,0.0,0.0,nan,nan,False,20260904-INMACULADA-XLM75UFDR-001-B
1349,20260905,12,55,74,258,2,A,0.0,0.0,0.0,NAN,NAN,SIN_NUMERO,NAN,NAN,SIN_NUMERO,NAN,0.0,0.0,0.0,0.0,nan,nan,False,20260905-INMACULADA-XLM75UFDR-001-A
1350,20260905,12,55,74,258,2,B,0.0,0.0,0.0,NAN,NAN,SIN_NUMERO,NAN,NAN,SIN_NUMERO,NAN,0.0,0.0,0.0,0.0,nan,nan,False,20260905-INMACULADA-XLM75UFDR-001-B
1351,20260906,12,55,74,258,2,A,0.0,0.0,0.0,NAN,NAN,SIN_NUMERO,NAN,NAN,SIN_NUMERO,NAN,0.0,0.0,0.0,0.0,nan,nan,False,20260906-INMACULADA-XLM75UFDR-001-A
1352,20260906,12,55,74,258,2,B,0.0,0.0,0.0,NAN,NAN,SIN_NUMERO,NAN,NAN,SIN_NUMERO,NAN,0.0,0.0,0.0,0.0,nan,nan,False,20260906-INMACULADA-XLM75UFDR-001-B
1353,20260907,12,55,74,258,2,A,0.0,0.0,0.0,NAN,NAN,SIN_NUMERO,NAN,NAN,SIN_NUMERO,NAN,0.0,0.0,0.0,0.0,nan,nan,False,20260907-INMACULADA-XLM75UFDR-001-A
1354,20260907,12,55,74,258,2,B,0.0,0.0,0.0,NAN,NAN,SIN_NUMERO,NAN,NAN,SIN_NUMERO,NAN,0.0,0.0,0.0,0.0,nan,nan,False,20260907-INMACULADA-XLM75UFDR-001-B
1355,20260908,12,55,74,258,2,A,0.0,0.0,0.0,NAN,NAN,SIN_NUMERO,NAN,NAN,SIN_NUMERO,NAN,0.0,0.0,0.0,0.0,nan,nan,False,20260908-INMACULADA-XLM75UFDR-001-A
1356,20260908,12,55,74,258,2,B,0.0,0.0,0.0,NAN,NAN,SIN_NUMERO,NAN,NAN,SIN_NUMERO,NAN,0.0,0.0,0.0,0.0,nan,nan,False,20260908-INMACULADA-XLM75UFDR-001-B
1357,20260909,12,55,74,258,2,A,0.0,0.0,0.0,NAN,NAN,SIN_NUMERO,NAN,NAN,SIN_NUMERO,NAN,0.0,0.0,0.0,0.0,nan,nan,False,20260909-INMACULADA-XLM75UFDR-001-A
1358,20260909,12,55,74,258,2,B,0.0,0.0,0.0,NAN,NAN,SIN_NUMERO,NAN,NAN,SIN_NUMERO,NAN,0.0,0.0,0.0,0.0,nan,nan,False,20260909-INMACULADA-XLM75UFDR-001-B
1359,20260910,12,55,74,258,2,A,0.0,0.0,0.0,NAN,NAN,SIN_NUMERO,NAN,NAN,SIN_NUMERO,NAN,0.0,0.0,0.0,0.0,nan,nan,False,20260910-INMACULADA-XLM75UFDR-001-A
1360,20260910,12,55,74,258,2,B,0.0,0.0,0.0,NAN,NAN,SIN_NUMERO,NAN,NAN,SIN_NUMERO,NAN,0.0,0.0,0.0,0.0,nan,nan,False,20260910-INMACULADA-XLM75UFDR-001-B
1361,20260911,12,55,74,258,2,A,0.0,0.0,0.0,NAN,NAN,SIN_NUMERO,NAN,NAN,SIN_NUMERO,NAN,0.0,0.0,0.0,0.0,nan,nan,False,20260911-INMACULADA-XLM75UFDR-001-A
1362,20260911,12,55,74,258,2,B,0.0,0.0,0.0,NAN,NAN,SIN_NUMERO,NAN,NAN,SIN_NUMERO,NAN,0.0,0.0,0.0,0.0,nan,nan,False,20260911-INMACULADA-XLM75UFDR-001-B
1363,20260912,12,55,74,258,2,A,0.0,0.0,0.0,NAN,NAN,SIN_NUMERO,NAN,NAN,SIN_NUMERO,NAN,0.0,0.0,0.0,0.0,nan,nan,False,20260912-INMACULADA-XLM75UFDR-001-A
1364,20260912,12,55,74,258,2,B,0.0,0.0,0.0,NAN,NAN,SIN_NUMERO,NAN,NAN,SIN_NUMERO,NAN,0.0,0.0,0.0,0.0,nan,nan,False,20260912-INMACULADA-XLM75UFDR-001-B
1365,20260913,12,55,74,258,2,A,0.0,0.0,0.0,NAN,NAN,SIN_NUMERO,NAN,NAN,SIN_NUMERO,NAN,0.0,0.0,0.0,0.0,nan,nan,False,20260913-INMACULADA-XLM75UFDR-001-A
1366,20260913,12,55,74,258,2,B,0.0,0.0,0.0,NAN,NAN,SIN_NUMERO,NAN,NAN,SIN_NUMERO,NAN,0.0,0.0,0.0,0.0,nan,nan,False,20260913-INMACULADA-XLM75UFDR-001-B
1367,20260914,12,55,74,258,2,A,0.0,0.0,0.0,NAN,NAN,SIN_NUMERO,NAN,NAN,SIN_NUMERO,NAN,0.0,0.0,0.0,0.0,nan,nan,False,20260914-INMACULADA-XLM75UFDR-001-A
1368,20260914,12,55,74,258,2,B,0.0,0.0,0.0,NAN,NAN,SIN_NUMERO,NAN,NAN,SIN_NUMERO,NAN,0.0,0.0,0.0,0.0,nan,nan,False,20260914-INMACULADA-XLM75UFDR-001-B
1369,20260915,12,55,74,258,2,A,0.0,0.0,0.0,NAN,NAN,SIN_NUMERO,NAN,NAN,SIN_NUMERO,NAN,0.0,0.0,0.0,0.0,nan,nan,False,20260915-INMACULADA-XLM75UFDR-001-A
1370,20260915,12,55,74,258,2,B,0.0,0.0,0.0,NAN,NAN,SIN_NUMERO,NAN,NAN,SIN_NUMERO,NAN,0.0,0.0,0.0,0.0,nan,nan,False,20260915-INMACULADA-XLM75UFDR-001-B
1371,20260916,12,55,74,258,2,A,0.0,0.0,0.0,NAN,NAN,SIN_NUMERO,NAN,NAN,SIN_NUMERO,NAN,0.0,0.0,0.0,0.0,nan,nan,False,20260916-INMACULADA-XLM75UFDR-001-A
1372,20260916,12,55,74,258,2,B,0.0,0.0,0.0,NAN,NAN,SIN_NUMERO,NAN,NAN,SIN_NUMERO,NAN,0.0,0.0,0.0,0.0,nan,nan,False,20260916-INMACULADA-XLM75UFDR-001-B
1373,20260917,12,55,74,258,2,A,0.0,0.0,0.0,NAN,NAN,SIN_NUMERO,NAN,NAN,SIN_NUMERO,NAN,0.0,0.0,0.0,0.0,nan,nan,False,20260917-INMACULADA-XLM75UFDR-001-A
1374,20260917,12,55,74,258,2,B,0.0,0.0,0.0,NAN,NAN,SIN_NUMERO,NAN,NAN,SIN_NUMERO,NAN,0.0,0.0,0.0,0.0,nan,nan,False,20260917-INMACULADA-XLM75UFDR-001-B
1375,20260918,12,55,74,258,2,A,0.0,0.0,0.0,NAN,NAN,SIN_NUMERO,NAN,NAN,SIN_NUMERO,NAN,0.0,0.0,0.0,0.0,nan,nan,False,20260918-INMACULADA-XLM75UFDR-001-A
1376,20260918,12,55,74,258,2,B,0.0,0.0,0.0,NAN,NAN,SIN_NUMERO,NAN,NAN,SIN_NUMERO,NAN,0.0,0.0,0.0,0.0,nan,nan,False,20260918-INMACULADA-XLM75UFDR-001-B
1377,20260919,12,55,74,258,2,A,0.0,0.0,0.0,NAN,NAN,SIN_NUMERO,NAN,NAN,SIN_NUMERO,NAN,0.0,0.0,0.0,0.0,nan,nan,False,20260919-INMACULADA-XLM75UFDR-001-A
1378,20260919,12,55,74,258,2,B,0.0,0.0,0.0,NAN,NAN,SIN_NUMERO,NAN,NAN,SIN_NUMERO,NAN,0.0,0.0,0.0,0.0,nan,nan,False,20260919-INMACULADA-XLM75UFDR-001-B
1379,20260920,12,55,74,258,2,A,0.0,0.0,0.0,NAN,NAN,SIN_NUMERO,NAN,NAN,SIN_NUMERO,NAN,0.0,0.0,0.0,0.0,nan,nan,False,20260920-INMACULADA-XLM75UFDR-001-A
1380,20260920,12,55,74,258,2,B,0.0,0.0,0.0,NAN,NAN,SIN_NUMERO,NAN,NAN,SIN_NUMERO,NAN,0.0,0.0,0.0,0.0,nan,nan,False,20260920-INMACULADA-XLM75UFDR-001-B
1381,20260921,12,55,74,258,2,A,0.0,0.0,0.0,NAN,NAN,SIN_NUMERO,NAN,NAN,SIN_NUMERO,NAN,0.0,0.0,0.0,0.0,nan,nan,False,20260921-INMACULADA-XLM75UFDR-001-A
1382,20260921,12,55,74,258,2,B,0.0,0.0,0.0,NAN,NAN,SIN_NUMERO,NAN,NAN,SIN_NUMERO,NAN,0.0,0.0,0.0,0.0,nan,nan,False,20260921-INMACULADA-XLM75UFDR-001-B
1383,20260922,12,55,74,258,2,A,0.0,0.0,0.0,NAN,NAN,SIN_NUMERO,NAN,NAN,SIN_NUMERO,NAN,0.0,0.0,0.0,0.0,nan,nan,False,20260922-INMACULADA-XLM75UFDR-001-A
1384,20260922,12,55,74,258,2,B,0.0,0.0,0.0,NAN,NAN,SIN_NUMERO,NAN,NAN,SIN_NUMERO,NAN,0.0,0.0,0.0,0.0,nan,nan,False,20260922-INMACULADA-XLM75UFDR-001-B
1385,20260923,12,55,74,258,2,A,0.0,0.0,0.0,NAN,NAN,SIN_NUMERO,NAN,NAN,SIN_NUMERO,NAN,0.0,0.0,0.0,0.0,nan,nan,False,20260923-INMACULADA-XLM75UFDR-001-A
1386,20260923,12,55,74,258,2,B,0.0,0.0,0.0,NAN,NAN,SIN_NUMERO,NAN,NAN,SIN_NUMERO,NAN,0.0,0.0,0.0,0.0,nan,nan,False,20260923-INMACULADA-XLM75UFDR-001-B
1387,20260924,12,55,74,258,2,A,0.0,0.0,0.0,NAN,NAN,SIN_NUMERO,NAN,NAN,SIN_NUMERO,NAN,0.0,0.0,0.0,0.0,nan,nan,False,20260924-INMACULADA-XLM75UFDR-001-A
1388,20260924,12,55,74,258,2,B,0.0,0.0,0.0,NAN,NAN,SIN_NUMERO,NAN,NAN,SIN_NUMERO,NAN,0.0,0.0,0.0,0.0,nan,nan,False,20260924-INMACULADA-XLM75UFDR-001-B
1389,20260925,12,55,74,258,2,A,0.0,0.0,0.0,NAN,NAN,SIN_NUMERO,NAN,NAN,SIN_NUMERO,NAN,0.0,0.0,0.0,0.0,nan,nan,False,20260925-INMACULADA-XLM75UFDR-001-A
1390,20260925,12,55,74,258,2,B,0.0,0.0,0.0,NAN,NAN,SIN_NUMERO,NAN,NAN,SIN_NUMERO,NAN,0.0,0.0,0.0,0.0,nan,nan,False,20260925-INMACULADA-XLM75UFDR-001-B
1391,20260826,12,59,56,1,2,A,0.0,0.0,0.0,NAN,NAN,SIN_NUMERO,NAN,NAN,SIN_NUMERO,NAN,0.0,0.0,0.0,0.0,nan,Personal de la máquina XRD250 es dedesignado temporalmente a la máquina XRD150-003,False,20260826-INMACULADA-XRD250U-001-A
1392,20260826,12,59,56,1,2,B,0.0,0.0,0.0,NAN,NAN,SIN_NUMERO,NAN,NAN,SIN_NUMERO,NAN,0.0,0.0,0.0,0.0,nan,Personal de la máquina XRD250 es dedesignado temporalmente a la máquina XRD150-003,False,20260826-INMACULADA-XRD250U-001-B
1393,20260827,12,59,56,1,2,A,0.0,0.0,0.0,NAN,NAN,SIN_NUMERO,NAN,NAN,SIN_NUMERO,NAN,0.0,0.0,0.0,0.0,nan,Personal de la máquina XRD250 es dedesignado temporalmente a la máquina XRD150-003,False,20260827-INMACULADA-XRD250U-001-A
1394,20260827,12,59,56,1,2,B,0.0,0.0,0.0,NAN,NAN,SIN_NUMERO,NAN,NAN,SIN_NUMERO,NAN,0.0,0.0,0.0,0.0,nan,Personal de la máquina XRD250 es dedesignado temporalmente a la máquina XRD150-003,False,20260827-INMACULADA-XRD250U-001-B
1395,20260828,12,59,56,1,2,A,0.0,0.0,0.0,NAN,NAN,SIN_NUMERO,NAN,NAN,SIN_NUMERO,NAN,0.0,0.0,0.0,0.0,nan,Personal de la máquina XRD250 es dedesignado temporalmente a la máquina XRD150-003,False,20260828-INMACULADA-XRD250U-001-A
1396,20260828,12,59,56,1,2,B,0.0,0.0,0.0,NAN,NAN,SIN_NUMERO,NAN,NAN,SIN_NUMERO,NAN,0.0,0.0,0.0,0.0,nan,Personal de la máquina XRD250 es dedesignado temporalmente a la máquina XRD150-003,False,20260828-INMACULADA-XRD250U-001-B
1397,20260829,12,59,56,1,2,A,0.0,0.0,0.0,NAN,NAN,SIN_NUMERO,NAN,NAN,SIN_NUMERO,NAN,0.0,0.0,0.0,0.0,nan,Personal de la máquina XRD250 es dedesignado temporalmente a la máquina XRD150-003,False,20260829-INMACULADA-XRD250U-001-A
1398,20260829,12,59,56,1,2,B,0.0,0.0,0.0,NAN,NAN,SIN_NUMERO,NAN,NAN,SIN_NUMERO,NAN,0.0,0.0,0.0,0.0,nan,Personal de la máquina XRD250 es dedesignado temporalmente a la máquina XRD150-003,False,20260829-INMACULADA-XRD250U-001-B
1399,20260830,12,59,56,1,2,A,0.0,0.0,0.0,NAN,NAN,SIN_NUMERO,NAN,NAN,SIN_NUMERO,NAN,0.0,0.0,0.0,0.0,nan,Personal de la máquina XRD250 es designado temporalmente a la máquina XRD150-003,False,20260830-INMACULADA-XRD250U-001-A
1400,20260830,12,59,56,1,2,B,0.0,0.0,0.0,NAN,NAN,SIN_NUMERO,NAN,NAN,SIN_NUMERO,NAN,0.0,0.0,0.0,0.0,nan,Personal de la máquina XRD250 es designado temporalmente a la máquina XRD150-003,False,20260830-INMACULADA-XRD250U-001-B
1401,20260831,12,59,56,1,2,A,0.0,0.0,0.0,NAN,NAN,SIN_NUMERO,NAN,NAN,SIN_NUMERO,NAN,0.0,0.0,0.0,0.0,nan,Personal de la máquina XRD250 es designado temporalmente a la máquina XRD150-003,False,20260831-INMACULADA-XRD250U-001-A
1402,20260831,12,59,56,1,2,B,0.0,0.0,0.0,NAN,NAN,SIN_NUMERO,NAN,NAN,SIN_NUMERO,NAN,0.0,0.0,0.0,0.0,nan,Personal de la máquina XRD250 es designado temporalmente a la máquina XRD150-003,False,20260831-INMACULADA-XRD250U-001-B
1403,20260901,12,59,56,258,2,A,0.0,0.0,0.0,NAN,NAN,SIN_NUMERO,NAN,NAN,SIN_NUMERO,NAN,0.0,0.0,0.0,0.0,nan,nan,False,20260901-INMACULADA-XRD250U-001-A
1404,20260901,12,59,74,258,2,B,0.0,0.0,0.0,NAN,NAN,SIN_NUMERO,NAN,NAN,SIN_NUMERO,NAN,0.0,0.0,0.0,0.0,nan,nan,False,20260901-INMACULADA-XRD250U-001-B
1405,20260902,12,59,74,258,2,A,0.0,0.0,0.0,NAN,NAN,SIN_NUMERO,NAN,NAN,SIN_NUMERO,NAN,0.0,0.0,0.0,0.0,nan,nan,False,20260902-INMACULADA-XRD250U-001-A
1406,20260902,12,59,74,258,2,B,0.0,0.0,0.0,NAN,NAN,SIN_NUMERO,NAN,NAN,SIN_NUMERO,NAN,0.0,0.0,0.0,0.0,nan,nan,False,20260902-INMACULADA-XRD250U-001-B
1407,20260903,12,59,74,258,2,A,0.0,0.0,0.0,NAN,NAN,SIN_NUMERO,NAN,NAN,SIN_NUMERO,NAN,0.0,0.0,0.0,0.0,nan,nan,False,20260903-INMACULADA-XRD250U-001-A
1408,20260903,12,59,74,258,2,B,0.0,0.0,0.0,NAN,NAN,SIN_NUMERO,NAN,NAN,SIN_NUMERO,NAN,0.0,0.0,0.0,0.0,nan,nan,False,20260903-INMACULADA-XRD250U-001-B
1409,20260904,12,59,74,258,2,A,0.0,0.0,0.0,NAN,NAN,SIN_NUMERO,NAN,NAN,SIN_NUMERO,NAN,0.0,0.0,0.0,0.0,nan,nan,False,20260904-INMACULADA-XRD250U-001-A
1410,20260904,12,59,74,258,2,B,0.0,0.0,0.0,NAN,NAN,SIN_NUMERO,NAN,NAN,SIN_NUMERO,NAN,0.0,0.0,0.0,0.0,nan,nan,False,20260904-INMACULADA-XRD250U-001-B
1411,20260905,12,59,74,258,2,A,0.0,0.0,0.0,NAN,NAN,SIN_NUMERO,NAN,NAN,SIN_NUMERO,NAN,0.0,0.0,0.0,0.0,nan,nan,False,20260905-INMACULADA-XRD250U-001-A
1412,20260905,12,59,74,258,2,B,0.0,0.0,0.0,NAN,NAN,SIN_NUMERO,NAN,NAN,SIN_NUMERO,NAN,0.0,0.0,0.0,0.0,nan,nan,False,20260905-INMACULADA-XRD250U-001-B
1413,20260906,12,59,74,258,2,A,0.0,0.0,0.0,NAN,NAN,SIN_NUMERO,NAN,NAN,SIN_NUMERO,NAN,0.0,0.0,0.0,0.0,nan,nan,False,20260906-INMACULADA-XRD250U-001-A
1414,20260906,12,59,74,258,2,B,0.0,0.0,0.0,NAN,NAN,SIN_NUMERO,NAN,NAN,SIN_NUMERO,NAN,0.0,0.0,0.0,0.0,nan,nan,False,20260906-INMACULADA-XRD250U-001-B
1415,20260907,12,59,74,258,2,A,0.0,0.0,0.0,NAN,NAN,SIN_NUMERO,NAN,NAN,SIN_NUMERO,NAN,0.0,0.0,0.0,0.0,nan,nan,False,20260907-INMACULADA-XRD250U-001-A
1416,20260907,12,59,74,258,2,B,0.0,0.0,0.0,NAN,NAN,SIN_NUMERO,NAN,NAN,SIN_NUMERO,NAN,0.0,0.0,0.0,0.0,nan,nan,False,20260907-INMACULADA-XRD250U-001-B
1417,20260908,12,59,74,258,2,A,0.0,0.0,0.0,NAN,NAN,SIN_NUMERO,NAN,NAN,SIN_NUMERO,NAN,0.0,0.0,0.0,0.0,nan,nan,False,20260908-INMACULADA-XRD250U-001-A
1418,20260908,12,59,74,258,2,B,0.0,0.0,0.0,NAN,NAN,SIN_NUMERO,NAN,NAN,SIN_NUMERO,NAN,0.0,0.0,0.0,0.0,nan,nan,False,20260908-INMACULADA-XRD250U-001-B
1419,20260909,12,59,74,258,2,A,0.0,0.0,0.0,NAN,NAN,SIN_NUMERO,NAN,NAN,SIN_NUMERO,NAN,0.0,0.0,0.0,0.0,nan,nan,False,20260909-INMACULADA-XRD250U-001-A
1420,20260909,12,59,74,258,2,B,0.0,0.0,0.0,NAN,NAN,SIN_NUMERO,NAN,NAN,SIN_NUMERO,NAN,0.0,0.0,0.0,0.0,nan,nan,False,20260909-INMACULADA-XRD250U-001-B
1421,20260910,12,59,74,258,2,A,0.0,0.0,0.0,NAN,NAN,SIN_NUMERO,NAN,NAN,SIN_NUMERO,NAN,0.0,0.0,0.0,0.0,nan,nan,False,20260910-INMACULADA-XRD250U-001-A
1422,20260910,12,59,74,258,2,B,0.0,0.0,0.0,NAN,NAN,SIN_NUMERO,NAN,NAN,SIN_NUMERO,NAN,0.0,0.0,0.0,0.0,nan,nan,False,20260910-INMACULADA-XRD250U-001-B
1423,20260911,12,59,74,258,2,A,0.0,0.0,0.0,NAN,NAN,SIN_NUMERO,NAN,NAN,SIN_NUMERO,NAN,0.0,0.0,0.0,0.0,nan,nan,False,20260911-INMACULADA-XRD250U-001-A
1424,20260911,12,59,74,258,2,B,0.0,0.0,0.0,NAN,NAN,SIN_NUMERO,NAN,NAN,SIN_NUMERO,NAN,0.0,0.0,0.0,0.0,nan,nan,False,20260911-INMACULADA-XRD250U-001-B
1425,20260912,12,59,74,258,2,A,0.0,0.0,0.0,NAN,NAN,SIN_NUMERO,NAN,NAN,SIN_NUMERO,NAN,0.0,0.0,0.0,0.0,nan,nan,False,20260912-INMACULADA-XRD250U-001-A
1426,20260912,12,59,74,258,2,B,0.0,0.0,0.0,NAN,NAN,SIN_NUMERO,NAN,NAN,SIN_NUMERO,NAN,0.0,0.0,0.0,0.0,nan,nan,False,20260912-INMACULADA-XRD250U-001-B
1427,20260913,12,59,74,258,2,A,0.0,0.0,0.0,NAN,NAN,SIN_NUMERO,NAN,NAN,SIN_NUMERO,NAN,0.0,0.0,0.0,0.0,nan,nan,False,20260913-INMACULADA-XRD250U-001-A
1428,20260913,12,59,74,258,2,B,0.0,0.0,0.0,NAN,NAN,SIN_NUMERO,NAN,NAN,SIN_NUMERO,NAN,0.0,0.0,0.0,0.0,nan,nan,False,20260913-INMACULADA-XRD250U-001-B
1429,20260914,12,59,74,258,2,A,0.0,0.0,0.0,NAN,NAN,SIN_NUMERO,NAN,NAN,SIN_NUMERO,NAN,0.0,0.0,0.0,0.0,nan,nan,False,20260914-INMACULADA-XRD250U-001-A
1430,20260914,12,59,74,258,2,B,0.0,0.0,0.0,NAN,NAN,SIN_NUMERO,NAN,NAN,SIN_NUMERO,NAN,0.0,0.0,0.0,0.0,nan,nan,False,20260914-INMACULADA-XRD250U-001-B
1431,20260915,12,59,74,258,2,A,0.0,0.0,0.0,NAN,NAN,SIN_NUMERO,NAN,NAN,SIN_NUMERO,NAN,0.0,0.0,0.0,0.0,nan,nan,False,20260915-INMACULADA-XRD250U-001-A
1432,20260915,12,59,74,258,2,B,0.0,0.0,0.0,NAN,NAN,SIN_NUMERO,NAN,NAN,SIN_NUMERO,NAN,0.0,0.0,0.0,0.0,nan,nan,False,20260915-INMACULADA-XRD250U-001-B
1433,20260916,12,59,74,258,2,A,0.0,0.0,0.0,NAN,NAN,SIN_NUMERO,NAN,NAN,SIN_NUMERO,NAN,0.0,0.0,0.0,0.0,nan,nan,False,20260916-INMACULADA-XRD250U-001-A
1434,20260916,12,59,74,258,2,B,0.0,0.0,0.0,NAN,NAN,SIN_NUMERO,NAN,NAN,SIN_NUMERO,NAN,0.0,0.0,0.0,0.0,nan,nan,False,20260916-INMACULADA-XRD250U-001-B
1435,20260917,12,59,74,258,2,A,0.0,0.0,0.0,NAN,NAN,SIN_NUMERO,NAN,NAN,SIN_NUMERO,NAN,0.0,0.0,0.0,0.0,nan,nan,False,20260917-INMACULADA-XRD250U-001-A
1436,20260917,12,59,74,258,2,B,0.0,0.0,0.0,NAN,NAN,SIN_NUMERO,NAN,NAN,SIN_NUMERO,NAN,0.0,0.0,0.0,0.0,nan,nan,False,20260917-INMACULADA-XRD250U-001-B
1437,20260918,12,59,74,258,2,A,0.0,0.0,0.0,NAN,NAN,SIN_NUMERO,NAN,NAN,SIN_NUMERO,NAN,0.0,0.0,0.0,0.0,nan,nan,False,20260918-INMACULADA-XRD250U-001-A
1438,20260918,12,59,74,258,2,B,0.0,0.0,0.0,NAN,NAN,SIN_NUMERO,NAN,NAN,SIN_NUMERO,NAN,0.0,0.0,0.0,0.0,nan,nan,False,20260918-INMACULADA-XRD250U-001-B
1439,20260919,12,59,74,258,2,A,0.0,0.0,0.0,NAN,NAN,SIN_NUMERO,NAN,NAN,SIN_NUMERO,NAN,0.0,0.0,0.0,0.0,nan,nan,False,20260919-INMACULADA-XRD250U-001-A
1440,20260919,12,59,74,258,2,B,0.0,0.0,0.0,NAN,NAN,SIN_NUMERO,NAN,NAN,SIN_NUMERO,NAN,0.0,0.0,0.0,0.0,nan,nan,False,20260919-INMACULADA-XRD250U-001-B
1441,20260920,12,59,74,258,2,A,0.0,0.0,0.0,NAN,NAN,SIN_NUMERO,NAN,NAN,SIN_NUMERO,NAN,0.0,0.0,0.0,0.0,nan,nan,False,20260920-INMACULADA-XRD250U-001-A
1442,20260920,12,59,74,258,2,B,0.0,0.0,0.0,NAN,NAN,SIN_NUMERO,NAN,NAN,SIN_NUMERO,NAN,0.0,0.0,0.0,0.0,nan,nan,False,20260920-INMACULADA-XRD250U-001-B
1443,20260921,12,59,74,258,2,A,0.0,0.0,0.0,NAN,NAN,SIN_NUMERO,NAN,NAN,SIN_NUMERO,NAN,0.0,0.0,0.0,0.0,nan,nan,False,20260921-INMACULADA-XRD250U-001-A
1444,20260921,12,59,74,258,2,B,0.0,0.0,0.0,NAN,NAN,SIN_NUMERO,NAN,NAN,SIN_NUMERO,NAN,0.0,0.0,0.0,0.0,nan,nan,False,20260921-INMACULADA-XRD250U-001-B
1445,20260922,12,59,74,258,2,A,0.0,0.0,0.0,NAN,NAN,SIN_NUMERO,NAN,NAN,SIN_NUMERO,NAN,0.0,0.0,0.0,0.0,nan,nan,False,20260922-INMACULADA-XRD250U-001-A
1446,20260922,12,59,74,258,2,B,0.0,0.0,0.0,NAN,NAN,SIN_NUMERO,NAN,NAN,SIN_NUMERO,NAN,0.0,0.0,0.0,0.0,nan,nan,False,20260922-INMACULADA-XRD250U-001-B
1447,20260923,12,59,74,258,2,A,0.0,0.0,0.0,NAN,NAN,SIN_NUMERO,NAN,NAN,SIN_NUMERO,NAN,0.0,0.0,0.0,0.0,nan,nan,False,20260923-INMACULADA-XRD250U-001-A
1448,20260923,12,59,74,258,2,B,0.0,0.0,0.0,NAN,NAN,SIN_NUMERO,NAN,NAN,SIN_NUMERO,NAN,0.0,0.0,0.0,0.0,nan,nan,False,20260923-INMACULADA-XRD250U-001-B
1449,20260924,12,59,74,258,2,A,0.0,0.0,0.0,NAN,NAN,SIN_NUMERO,NAN,NAN,SIN_NUMERO,NAN,0.0,0.0,0.0,0.0,nan,nan,False,20260924-INMACULADA-XRD250U-001-A
1450,20260924,12,59,74,258,2,B,0.0,0.0,0.0,NAN,NAN,SIN_NUMERO,NAN,NAN,SIN_NUMERO,NAN,0.0,0.0,0.0,0.0,nan,nan,False,20260924-INMACULADA-XRD250U-001-B
1451,20260925,12,59,74,258,2,A,0.0,0.0,0.0,NAN,NAN,SIN_NUMERO,NAN,NAN,SIN_NUMERO,NAN,0.0,0.0,0.0,0.0,nan,nan,False,20260925-INMACULADA-XRD250U-001-A
1452,20260925,12,59,74,258,2,B,0.0,0.0,0.0,NAN,NAN,SIN_NUMERO,NAN,NAN,SIN_NUMERO,NAN,0.0,0.0,0.0,0.0,nan,nan,False,20260925-INMACULADA-XRD250U-001-B
1453,20260826,12,61,57,184,3,A,159.9,169.5,9.6,HARDCORE,409273,SIN_NUMERO,NUEVA,HARDCORE,193930,USADO,0.0,0.0,16.2,0.0,nan,"Se ingresa las 8.50 am por liberación de vías. Se inspecciona y monitorea cámara de perforación, se llena herramientas de gestión. Se realiza el engrase de las partes móviles de la máquina. Se descarga todas las barras NQ y se selecciona los muy desgastados se reemplaza y se vuelve a cargar, desde la altura del casing HQ se baja acondicionando se llega al tope y se continúa con la perforación, terreno falla argilizada.y arcilloso. Fin de turno se deja sondaje bien acondicionado y se deja suspendido 15 tubos hasta la altura del casing HQ. Se realiza orden y limpieza.",False,20260826-INMACULADA-XRD90U-012-A
1454,20260826,12,61,57,126,3,B,169.5,176.0,6.5,HARDCORE,409273,SIN_NUMERO,USADA,HARDCORE,193930,USADO,0.0,0.0,0.0,0.0,nan,A inicio de guardia se rellena las herramientas de gestión. Después se procede a cargar las barras reperforando hasta llegar al tope se acondiciona el sondaje y se continúa con la perforación. Después se tiene problemas durante la perforación se rompe la tubería de la mitad se descarga las barras y solo sale 43 barras en el sondaje se queda 16 tubos más el barel se procede a cargar con el quepozo se realiza la maniobra de recuperación y no se logra recuperar a fin de guardia queda los 43 tubos en el caballete más el tubo roto.,False,20260826-INMACULADA-XRD90U-012-B
1455,20260827,12,61,57,184,3,A,176.0,176.0,0.0,HARDCORE,409273,SIN_NUMERO,USADA,HARDCORE,193930,USADO,0.0,0.0,6.0,0.0,nan,"Se ingresa las 8.50 am por liberación de vías. Se inspecciona y monitorea cámara de perforación. Se llena herramientas de gestión. Se realiza el engrase de las partes móviles de la máquina. Se acondicionado queposo y se baja, se conecta a la tubería rota, tubería atrapada, se inyecta dispersante se logra mover con mucha dificultad después de 2 horas aproximadamente, y luego se inyecta lodo se extrae 13 tubos con bomba acondicionando para liberar atrapamiento. Se logra extraer todas las barras, quedan en caballete para su evaluación, tubería en muy malas condiciones. Se realiza orden y limpieza.",False,20260827-INMACULADA-XRD90U-012-A
1456,20260827,12,61,57,1,3,B,176.0,176.0,0.0,NAN,NAN,SIN_NUMERO,NAN,NAN,SIN_NUMERO,NAN,0.0,0.0,0.0,0.0,nan,"Maquina parada por falta de personal, personal fue apoyar a la maquina XRD75",False,20260827-INMACULADA-XRD90U-012-B
1457,20260828,12,61,57,1,3,A,176.0,176.0,0.0,NAN,NAN,SIN_NUMERO,NAN,NAN,SIN_NUMERO,NAN,0.0,0.0,0.0,0.0,nan,Maquina parada por falta de personal,False,20260828-INMACULADA-XRD90U-012-A
1458,20260828,12,61,57,1,3,B,176.0,176.0,0.0,NAN,NAN,SIN_NUMERO,NAN,NAN,SIN_NUMERO,NAN,0.0,0.0,0.0,0.0,nan,"Maquina parada por falta de personal, personal fue apoyar a la maquina XRD75",False,20260828-INMACULADA-XRD90U-012-B
1459,20260829,12,61,57,1,3,A,176.0,176.0,0.0,NAN,NAN,SIN_NUMERO,NAN,NAN,SIN_NUMERO,NAN,0.0,0.0,0.0,0.0,nan,Maquina parada por falta de personal,False,20260829-INMACULADA-XRD90U-012-A
1460,20260829,12,61,57,1,3,B,176.0,176.0,0.0,NAN,NAN,SIN_NUMERO,NAN,NAN,SIN_NUMERO,NAN,0.0,0.0,0.0,0.0,nan,"Maquina parada por falta de personal, personal fue apoyar a la maquina XRD75",False,20260829-INMACULADA-XRD90U-012-B
1461,20260830,12,61,57,1,3,A,176.0,176.0,0.0,NAN,NAN,SIN_NUMERO,NAN,NAN,SIN_NUMERO,NAN,0.0,0.0,0.0,0.0,nan,Maquina parada por falta de personal,False,20260830-INMACULADA-XRD90U-012-A
1462,20260830,12,61,57,1,3,B,176.0,176.0,0.0,NAN,NAN,SIN_NUMERO,NAN,NAN,SIN_NUMERO,NAN,0.0,0.0,0.0,0.0,nan,"Maquina parada por falta de personal, personal fue apoyar a la maquina XRD75",False,20260830-INMACULADA-XRD90U-012-B
1463,20260831,12,61,57,1,3,A,176.0,176.0,0.0,NAN,NAN,SIN_NUMERO,NAN,NAN,SIN_NUMERO,NAN,0.0,0.0,5.1,0.0,nan,Se engrasan las partes rotativas de la máquina. Se arma core barrel nuevo con todos los accesorios y se baja con tubería nueva hasta la altura del casing. El personal sale para descansar e ingresar en el turno noche.,False,20260831-INMACULADA-XRD90U-012-A
1464,20260831,12,61,57,374,3,B,176.0,176.0,0.0,HARDCORE,409272,SIN_NUMERO,NUEVA,HARDCORE,2502760,NUEVO,0.0,0.0,0.0,0.0,nan,"Se engrasan las partes rotativas de la máquina. Se procede a bajar la tubería, realizando lavado con mucha dificultad. Se amarra la tubería en varias ocasiones y se logra liberar, saliendo bastante arena del sondaje. Se suspende la tubería en tres oportunidades hasta la altura del casing; faltando cuatro tubos para llegar al tope, ya no baja. Finalmente se logra liberar con dificultad. Se extrae toda la tubería, encontrándose desgastada y con fisuras. Se deja toda la tubería afuera y el sondaje queda colapsado.",False,20260831-INMACULADA-XRD90U-012-B
1465,20260901,12,61,57,258,2,A,0.0,0.0,0.0,NAN,NAN,SIN_NUMERO,NAN,NAN,SIN_NUMERO,NAN,0.0,0.0,0.0,0.0,nan,nan,False,20260901-INMACULADA-XRD90U-012-A
1466,20260901,12,61,74,258,2,B,0.0,0.0,0.0,NAN,NAN,SIN_NUMERO,NAN,NAN,SIN_NUMERO,NAN,0.0,0.0,0.0,0.0,nan,nan,False,20260901-INMACULADA-XRD90U-012-B
1467,20260902,12,61,74,258,2,A,0.0,0.0,0.0,NAN,NAN,SIN_NUMERO,NAN,NAN,SIN_NUMERO,NAN,0.0,0.0,0.0,0.0,nan,nan,False,20260902-INMACULADA-XRD90U-012-A
1468,20260902,12,61,74,258,2,B,0.0,0.0,0.0,NAN,NAN,SIN_NUMERO,NAN,NAN,SIN_NUMERO,NAN,0.0,0.0,0.0,0.0,nan,nan,False,20260902-INMACULADA-XRD90U-012-B
1469,20260903,12,61,74,258,2,A,0.0,0.0,0.0,NAN,NAN,SIN_NUMERO,NAN,NAN,SIN_NUMERO,NAN,0.0,0.0,0.0,0.0,nan,nan,False,20260903-INMACULADA-XRD90U-012-A
1470,20260903,12,61,74,258,2,B,0.0,0.0,0.0,NAN,NAN,SIN_NUMERO,NAN,NAN,SIN_NUMERO,NAN,0.0,0.0,0.0,0.0,nan,nan,False,20260903-INMACULADA-XRD90U-012-B
1471,20260904,12,61,74,258,2,A,0.0,0.0,0.0,NAN,NAN,SIN_NUMERO,NAN,NAN,SIN_NUMERO,NAN,0.0,0.0,0.0,0.0,nan,nan,False,20260904-INMACULADA-XRD90U-012-A
1472,20260904,12,61,74,258,2,B,0.0,0.0,0.0,NAN,NAN,SIN_NUMERO,NAN,NAN,SIN_NUMERO,NAN,0.0,0.0,0.0,0.0,nan,nan,False,20260904-INMACULADA-XRD90U-012-B
1473,20260905,12,61,74,258,2,A,0.0,0.0,0.0,NAN,NAN,SIN_NUMERO,NAN,NAN,SIN_NUMERO,NAN,0.0,0.0,0.0,0.0,nan,nan,False,20260905-INMACULADA-XRD90U-012-A
1474,20260905,12,61,74,258,2,B,0.0,0.0,0.0,NAN,NAN,SIN_NUMERO,NAN,NAN,SIN_NUMERO,NAN,0.0,0.0,0.0,0.0,nan,nan,False,20260905-INMACULADA-XRD90U-012-B
1475,20260906,12,61,74,258,2,A,0.0,0.0,0.0,NAN,NAN,SIN_NUMERO,NAN,NAN,SIN_NUMERO,NAN,0.0,0.0,0.0,0.0,nan,nan,False,20260906-INMACULADA-XRD90U-012-A
1476,20260906,12,61,74,258,2,B,0.0,0.0,0.0,NAN,NAN,SIN_NUMERO,NAN,NAN,SIN_NUMERO,NAN,0.0,0.0,0.0,0.0,nan,nan,False,20260906-INMACULADA-XRD90U-012-B
1477,20260907,12,61,74,258,2,A,0.0,0.0,0.0,NAN,NAN,SIN_NUMERO,NAN,NAN,SIN_NUMERO,NAN,0.0,0.0,0.0,0.0,nan,nan,False,20260907-INMACULADA-XRD90U-012-A
1478,20260907,12,61,74,258,2,B,0.0,0.0,0.0,NAN,NAN,SIN_NUMERO,NAN,NAN,SIN_NUMERO,NAN,0.0,0.0,0.0,0.0,nan,nan,False,20260907-INMACULADA-XRD90U-012-B
1479,20260908,12,61,74,258,2,A,0.0,0.0,0.0,NAN,NAN,SIN_NUMERO,NAN,NAN,SIN_NUMERO,NAN,0.0,0.0,0.0,0.0,nan,nan,False,20260908-INMACULADA-XRD90U-012-A
1480,20260908,12,61,74,258,2,B,0.0,0.0,0.0,NAN,NAN,SIN_NUMERO,NAN,NAN,SIN_NUMERO,NAN,0.0,0.0,0.0,0.0,nan,nan,False,20260908-INMACULADA-XRD90U-012-B
1481,20260909,12,61,74,258,2,A,0.0,0.0,0.0,NAN,NAN,SIN_NUMERO,NAN,NAN,SIN_NUMERO,NAN,0.0,0.0,0.0,0.0,nan,nan,False,20260909-INMACULADA-XRD90U-012-A
1482,20260909,12,61,74,258,2,B,0.0,0.0,0.0,NAN,NAN,SIN_NUMERO,NAN,NAN,SIN_NUMERO,NAN,0.0,0.0,0.0,0.0,nan,nan,False,20260909-INMACULADA-XRD90U-012-B
1483,20260910,12,61,74,258,2,A,0.0,0.0,0.0,NAN,NAN,SIN_NUMERO,NAN,NAN,SIN_NUMERO,NAN,0.0,0.0,0.0,0.0,nan,nan,False,20260910-INMACULADA-XRD90U-012-A
1484,20260910,12,61,74,258,2,B,0.0,0.0,0.0,NAN,NAN,SIN_NUMERO,NAN,NAN,SIN_NUMERO,NAN,0.0,0.0,0.0,0.0,nan,nan,False,20260910-INMACULADA-XRD90U-012-B
1485,20260911,12,61,74,258,2,A,0.0,0.0,0.0,NAN,NAN,SIN_NUMERO,NAN,NAN,SIN_NUMERO,NAN,0.0,0.0,0.0,0.0,nan,nan,False,20260911-INMACULADA-XRD90U-012-A
1486,20260911,12,61,74,258,2,B,0.0,0.0,0.0,NAN,NAN,SIN_NUMERO,NAN,NAN,SIN_NUMERO,NAN,0.0,0.0,0.0,0.0,nan,nan,False,20260911-INMACULADA-XRD90U-012-B
1487,20260912,12,61,74,258,2,A,0.0,0.0,0.0,NAN,NAN,SIN_NUMERO,NAN,NAN,SIN_NUMERO,NAN,0.0,0.0,0.0,0.0,nan,nan,False,20260912-INMACULADA-XRD90U-012-A
1488,20260912,12,61,74,258,2,B,0.0,0.0,0.0,NAN,NAN,SIN_NUMERO,NAN,NAN,SIN_NUMERO,NAN,0.0,0.0,0.0,0.0,nan,nan,False,20260912-INMACULADA-XRD90U-012-B
1489,20260913,12,61,74,258,2,A,0.0,0.0,0.0,NAN,NAN,SIN_NUMERO,NAN,NAN,SIN_NUMERO,NAN,0.0,0.0,0.0,0.0,nan,nan,False,20260913-INMACULADA-XRD90U-012-A
1490,20260913,12,61,74,258,2,B,0.0,0.0,0.0,NAN,NAN,SIN_NUMERO,NAN,NAN,SIN_NUMERO,NAN,0.0,0.0,0.0,0.0,nan,nan,False,20260913-INMACULADA-XRD90U-012-B
1491,20260914,12,61,74,258,2,A,0.0,0.0,0.0,NAN,NAN,SIN_NUMERO,NAN,NAN,SIN_NUMERO,NAN,0.0,0.0,0.0,0.0,nan,nan,False,20260914-INMACULADA-XRD90U-012-A
1492,20260914,12,61,74,258,2,B,0.0,0.0,0.0,NAN,NAN,SIN_NUMERO,NAN,NAN,SIN_NUMERO,NAN,0.0,0.0,0.0,0.0,nan,nan,False,20260914-INMACULADA-XRD90U-012-B
1493,20260915,12,61,74,258,2,A,0.0,0.0,0.0,NAN,NAN,SIN_NUMERO,NAN,NAN,SIN_NUMERO,NAN,0.0,0.0,0.0,0.0,nan,nan,False,20260915-INMACULADA-XRD90U-012-A
1494,20260915,12,61,74,258,2,B,0.0,0.0,0.0,NAN,NAN,SIN_NUMERO,NAN,NAN,SIN_NUMERO,NAN,0.0,0.0,0.0,0.0,nan,nan,False,20260915-INMACULADA-XRD90U-012-B
1495,20260916,12,61,74,258,2,A,0.0,0.0,0.0,NAN,NAN,SIN_NUMERO,NAN,NAN,SIN_NUMERO,NAN,0.0,0.0,0.0,0.0,nan,nan,False,20260916-INMACULADA-XRD90U-012-A
1496,20260916,12,61,74,258,2,B,0.0,0.0,0.0,NAN,NAN,SIN_NUMERO,NAN,NAN,SIN_NUMERO,NAN,0.0,0.0,0.0,0.0,nan,nan,False,20260916-INMACULADA-XRD90U-012-B
1497,20260917,12,61,74,258,2,A,0.0,0.0,0.0,NAN,NAN,SIN_NUMERO,NAN,NAN,SIN_NUMERO,NAN,0.0,0.0,0.0,0.0,nan,nan,False,20260917-INMACULADA-XRD90U-012-A
1498,20260917,12,61,74,258,2,B,0.0,0.0,0.0,NAN,NAN,SIN_NUMERO,NAN,NAN,SIN_NUMERO,NAN,0.0,0.0,0.0,0.0,nan,nan,False,20260917-INMACULADA-XRD90U-012-B
1499,20260918,12,61,74,258,2,A,0.0,0.0,0.0,NAN,NAN,SIN_NUMERO,NAN,NAN,SIN_NUMERO,NAN,0.0,0.0,0.0,0.0,nan,nan,False,20260918-INMACULADA-XRD90U-012-A
1500,20260918,12,61,74,258,2,B,0.0,0.0,0.0,NAN,NAN,SIN_NUMERO,NAN,NAN,SIN_NUMERO,NAN,0.0,0.0,0.0,0.0,nan,nan,False,20260918-INMACULADA-XRD90U-012-B
1501,20260919,12,61,74,258,2,A,0.0,0.0,0.0,NAN,NAN,SIN_NUMERO,NAN,NAN,SIN_NUMERO,NAN,0.0,0.0,0.0,0.0,nan,nan,False,20260919-INMACULADA-XRD90U-012-A
1502,20260919,12,61,74,258,2,B,0.0,0.0,0.0,NAN,NAN,SIN_NUMERO,NAN,NAN,SIN_NUMERO,NAN,0.0,0.0,0.0,0.0,nan,nan,False,20260919-INMACULADA-XRD90U-012-B
1503,20260920,12,61,74,258,2,A,0.0,0.0,0.0,NAN,NAN,SIN_NUMERO,NAN,NAN,SIN_NUMERO,NAN,0.0,0.0,0.0,0.0,nan,nan,False,20260920-INMACULADA-XRD90U-012-A
1504,20260920,12,61,74,258,2,B,0.0,0.0,0.0,NAN,NAN,SIN_NUMERO,NAN,NAN,SIN_NUMERO,NAN,0.0,0.0,0.0,0.0,nan,nan,False,20260920-INMACULADA-XRD90U-012-B
1505,20260921,12,61,74,258,2,A,0.0,0.0,0.0,NAN,NAN,SIN_NUMERO,NAN,NAN,SIN_NUMERO,NAN,0.0,0.0,0.0,0.0,nan,nan,False,20260921-INMACULADA-XRD90U-012-A
1506,20260921,12,61,74,258,2,B,0.0,0.0,0.0,NAN,NAN,SIN_NUMERO,NAN,NAN,SIN_NUMERO,NAN,0.0,0.0,0.0,0.0,nan,nan,False,20260921-INMACULADA-XRD90U-012-B
1507,20260922,12,61,74,258,2,A,0.0,0.0,0.0,NAN,NAN,SIN_NUMERO,NAN,NAN,SIN_NUMERO,NAN,0.0,0.0,0.0,0.0,nan,nan,False,20260922-INMACULADA-XRD90U-012-A
1508,20260922,12,61,74,258,2,B,0.0,0.0,0.0,NAN,NAN,SIN_NUMERO,NAN,NAN,SIN_NUMERO,NAN,0.0,0.0,0.0,0.0,nan,nan,False,20260922-INMACULADA-XRD90U-012-B
1509,20260923,12,61,74,258,2,A,0.0,0.0,0.0,NAN,NAN,SIN_NUMERO,NAN,NAN,SIN_NUMERO,NAN,0.0,0.0,0.0,0.0,nan,nan,False,20260923-INMACULADA-XRD90U-012-A
1510,20260923,12,61,74,258,2,B,0.0,0.0,0.0,NAN,NAN,SIN_NUMERO,NAN,NAN,SIN_NUMERO,NAN,0.0,0.0,0.0,0.0,nan,nan,False,20260923-INMACULADA-XRD90U-012-B
1511,20260924,12,61,74,258,2,A,0.0,0.0,0.0,NAN,NAN,SIN_NUMERO,NAN,NAN,SIN_NUMERO,NAN,0.0,0.0,0.0,0.0,nan,nan,False,20260924-INMACULADA-XRD90U-012-A
1512,20260924,12,61,74,258,2,B,0.0,0.0,0.0,NAN,NAN,SIN_NUMERO,NAN,NAN,SIN_NUMERO,NAN,0.0,0.0,0.0,0.0,nan,nan,False,20260924-INMACULADA-XRD90U-012-B
1513,20260925,12,61,74,258,2,A,0.0,0.0,0.0,NAN,NAN,SIN_NUMERO,NAN,NAN,SIN_NUMERO,NAN,0.0,0.0,0.0,0.0,nan,nan,False,20260925-INMACULADA-XRD90U-012-A
1514,20260925,12,61,74,258,2,B,0.0,0.0,0.0,NAN,NAN,SIN_NUMERO,NAN,NAN,SIN_NUMERO,NAN,0.0,0.0,0.0,0.0,nan,nan,False,20260925-INMACULADA-XRD90U-012-B
1515,20260826,12,58,86,405,3,A,0.0,9.0,9.0,HARDCORE,433337,SIN_NUMERO,USADA,HARDCORE,190162,USADO,0.0,0.0,1.5,0.0,nan,"A inicio de turno se ingresa tarde por falta de movilidad. Se traslada maquina al siguiente punto, se alinea y nivela máquina, se estandariza, se perfora para perno centro, se asegura máquina, se inicia con la perforación. Se llega a su proyectado. Queda todo operativo.",False,20260826-INMACULADA-XRD150USS-004-A
1516,20260826,12,58,93,392,3,B,0.0,9.0,9.0,HARDCORE,433337,SIN_NUMERO,USADA,HARDCORE,190162,USADO,0.0,0.0,0.0,0.0,nan,Se rellena las herramientas de gestión. Se engrasa las partes rotatorias de equipo y accesorios. Se alinea y se nivela en su punto se perfora perno centro y se ancla con la máquina. Se inicia con la perforación se llega a su programa. Se culmina y se desancla la máquina se gira para su traslado. Se desestandariza y se traslada los materiales al siguiente punto. Se traslada la máquina al siguiente punto se alinea y se nivela se perfora perno centro y se ajusta con la máquina se inicia con perforación se llega a su programa y se saca todas las cajas para su evaluación. Se ase orden y limpieza a fin de guardia. Todo operativo.,False,20260826-INMACULADA-XRD150USS-004-B
1517,20260826,12,58,87,392,3,B,0.0,9.0,9.0,HARDCORE,433337,SIN_NUMERO,USADA,HARDCORE,190162,USADO,0.0,0.0,0.0,0.0,nan,Se rellena las herramientas de gestión. Se engrasa las partes rotatorias de equipo y accesorios. Se alinea y se nivela en su punto se perfora perno centro y se ancla con la máquina. Se inicia con la perforación se llega a su programa. Se culmina y se desancla la máquina se gira para su traslado. Se desestandariza y se traslada los materiales al siguiente punto. Se traslada la máquina al siguiente punto se alinea y se nivela se perfora perno centro y se ajusta con la máquina se inicia con perforación se llega a su programa y se saca todas las cajas para su evaluación. Se ase orden y limpieza a fin de guardia. Todo operativo.,False,20260826-INMACULADA-XRD150USS-004-B
1518,20260827,12,58,92,405,3,A,0.0,6.0,6.0,HARDCORE,433337,SIN_NUMERO,USADA,HARDCORE,190162,USADO,0.0,0.0,5.3,0.0,nan,"A inicio de turno se llena herramientas de gestión, eléctrico ilumina cámara. Se mueve maquina al siguiente punto. Mecánico da solución a la guarda de la máquina. Se encuentran cadenas tapadas en el lodo guardas cuando se realiza movimiento. Se alinea y nivela máquina, se estandariza, se perfora para perno centro, se asegura máquina, se inicia con la perforación, se llega a su proyectado. Queda todo operativo.",False,20260827-INMACULADA-XRD150USS-004-A
1519,20260827,12,58,88,392,3,B,0.0,12.0,12.0,HARDCORE,433337,SIN_NUMERO,USADA,HARDCORE,190162,USADO,0.0,0.0,0.0,0.0,nan,"Se llenaron herramientas de gestión, se engrasaron partes rotatorias del equipo y accesorios. Se trasladó, alineó y niveló la máquina. SP26-0410 avanzó 12 m y SP26-0413 avanzó 3 m. Se dejó pendiente continuar el segundo sondaje. Todo operativo.",False,20260827-INMACULADA-XRD150USS-004-B
1520,20260827,12,58,91,392,3,B,0.0,3.0,3.0,HARDCORE,433337,SIN_NUMERO,USADA,HARDCORE,190162,USADO,0.0,0.0,0.0,0.0,nan,"Se llenaron herramientas de gestión, se engrasaron partes rotatorias del equipo y accesorios. Se trasladó, alineó y niveló la máquina. SP26-0410 avanzó 12 m y SP26-0413 avanzó 3 m. Se dejó pendiente continuar el segundo sondaje. Todo operativo.",False,20260827-INMACULADA-XRD150USS-004-B
1521,20260828,12,58,91,392,3,A,3.0,6.0,3.0,HARDCORE,409403,SIN_NUMERO,USADA,HARDCORE,193931,USADO,0.0,0.0,0.9,0.0,nan,"Se rellena las herramientas de gestión, Se engrasa los partes rotatorios de equipo y accesorios. Se continúa con la perforación se llega a su programa y se saca todas las cajas para su evaluación. Después de media guardia se tiene capacitación de seguridad rock drill hasta fin de guardia. Se realiza orden y limpieza a fin de guardia. Todo operativo.",False,20260828-INMACULADA-XRD150USS-004-A
1522,20260828,12,58,89,275,3,B,0.0,12.0,12.0,HARDCORE,433337,SIN_NUMERO,USADA,HARDCORE,190162,USADO,0.0,0.0,0.0,0.0,nan,"A inicio de turno se llena herramientas de gestión. Se engrasa partes móviles, se mueve maquina al siguiente punto se inicia con la perforación terreno fracturado, se gira la maquina SP26-0412 se inicia con la perforación terreno fracturado duro, se llega a su proyecto 6.00 metros, se perfora 3 metros más por que sale cuarzo en la última corrida se deja en 09.00 metros, se estandariza la cámara se tiene visita de seguridad de cía.",False,20260828-INMACULADA-XRD150USS-004-B
1523,20260828,12,58,90,275,3,B,0.0,9.0,9.0,HARDCORE,433337,SIN_NUMERO,USADA,HARDCORE,190162,USADO,0.0,0.0,0.0,0.0,nan,"A inicio de turno se llena herramientas de gestión. Se engrasa partes móviles, se mueve maquina al siguiente punto se inicia con la perforación terreno fracturado, se gira la maquina SP26-0412 se inicia con la perforación terreno fracturado duro, se llega a su proyecto 6.00 metros, se perfora 3 metros más por que sale cuarzo en la última corrida se deja en 09.00 metros, se estandariza la cámara se tiene visita de seguridad de cía.",False,20260828-INMACULADA-XRD150USS-004-B
1524,20260829,12,58,90,392,3,A,9.0,12.0,3.0,HARDCORE,409403,SIN_NUMERO,USADA,HARDCORE,193931,USADO,0.0,0.0,0.6,0.0,Terreno semicompacto,"Se rellena las herramientas de gestión. Se engrasa las partes rotatorios de equipo y accesorios. Se espera la confirmación de sondaje hasta las 9:30 am. Se continúa con la perforación, se llega a su programa y se comunica al supervisor y se espera la evaluación. Se apila todas las tablas y materiales en un solo lugar. Se descarga las barras y se desancla. Se desinstala el equipo y se saca la guarda circular y se deja desestandarizado la cámara. Se hace orden y limpieza a fin de guardia. Todo operativo.",False,20260829-INMACULADA-XRD150USS-004-A
1525,20260829,12,58,89,275,3,B,12.0,12.0,0.0,NAN,NAN,SIN_NUMERO,NAN,NAN,SIN_NUMERO,NAN,0.0,0.0,0.0,0.0,nan,"Se llenaron herramientas de gestión. Se desinstaló el equipo, se posicionó y dejó listo para traslado. Se apoyó al eléctrico en el descenso de cable 440 V y se realizaron 3 viajes con camión para trasladar accesorios y materiales al NV 4150.",False,20260829-INMACULADA-XRD150USS-004-B
1526,20260830,12,58,89,374,3,A,12.0,12.0,0.0,NAN,NAN,SIN_NUMERO,NAN,NAN,SIN_NUMERO,NAN,0.0,0.0,0.0,0.0,nan,"Se trasladaron accesorios del NV 4300 al NV 4150, posteriormente se trasladó la máquina y se apoyó al almacén en la descarga de tubería y accesorios. No se reporta engrase.",False,20260830-INMACULADA-XRD150USS-004-A
1527,20260830,12,58,99,275,3,B,0.0,0.0,0.0,NAN,NAN,SIN_NUMERO,NAN,NAN,SIN_NUMERO,NAN,0.0,0.0,0.0,0.0,nan,Se mueve el equipo al punto y se realiza el entablado de la cámara. Se estandariza aproximadamente el 80% de la cámara. Se presenta falta de ventilación desde las 00:00 hasta las 03:00 h. Se apoya al mecánico con el tendido de cable 440 V.,False,20260830-INMACULADA-XRD150USS-004-B
1528,20260831,12,58,99,1,3,A,0.0,0.0,0.0,NAN,NAN,SIN_NUMERO,NAN,NAN,SIN_NUMERO,NAN,0.0,0.0,0.0,0.0,nan,"Maquina parada por falta de personal, personal fue apoyar a la maquina XRD90U-012",False,20260831-INMACULADA-XRD150USS-004-A
1529,20260831,12,58,99,275,3,B,0.0,0.0,0.0,HARDCORE,409403,SIN_NUMERO,NUEVA,HARDCORE,193931,NUEVO,0.0,0.0,0.0,0.0,nan,"Se engrasan las partes rotatorias. Se ingresa a las 21:30 h por acumulación de CO debido a voladura. Se continúa con la estandarización de la cámara y se termina a las 00:00 h. Se comunica a Seguridad para la liberación de la cámara. Se realiza orden y limpieza y se espera hasta el fin de guardia la liberación por parte de Seguridad de CIA, sin éxito.",False,20260831-INMACULADA-XRD150USS-004-B
1530,20260901,12,58,99,258,2,A,0.0,0.0,0.0,NAN,NAN,SIN_NUMERO,NAN,NAN,SIN_NUMERO,NAN,0.0,0.0,0.0,0.0,nan,nan,False,20260901-INMACULADA-XRD150USS-004-A
1531,20260901,12,58,74,258,2,B,0.0,0.0,0.0,NAN,NAN,SIN_NUMERO,NAN,NAN,SIN_NUMERO,NAN,0.0,0.0,0.0,0.0,nan,nan,False,20260901-INMACULADA-XRD150USS-004-B
1532,20260902,12,58,74,258,2,A,0.0,0.0,0.0,NAN,NAN,SIN_NUMERO,NAN,NAN,SIN_NUMERO,NAN,0.0,0.0,0.0,0.0,nan,nan,False,20260902-INMACULADA-XRD150USS-004-A
1533,20260902,12,58,74,258,2,B,0.0,0.0,0.0,NAN,NAN,SIN_NUMERO,NAN,NAN,SIN_NUMERO,NAN,0.0,0.0,0.0,0.0,nan,nan,False,20260902-INMACULADA-XRD150USS-004-B
1534,20260903,12,58,74,258,2,A,0.0,0.0,0.0,NAN,NAN,SIN_NUMERO,NAN,NAN,SIN_NUMERO,NAN,0.0,0.0,0.0,0.0,nan,nan,False,20260903-INMACULADA-XRD150USS-004-A
1535,20260903,12,58,74,258,2,B,0.0,0.0,0.0,NAN,NAN,SIN_NUMERO,NAN,NAN,SIN_NUMERO,NAN,0.0,0.0,0.0,0.0,nan,nan,False,20260903-INMACULADA-XRD150USS-004-B
1536,20260904,12,58,74,258,2,A,0.0,0.0,0.0,NAN,NAN,SIN_NUMERO,NAN,NAN,SIN_NUMERO,NAN,0.0,0.0,0.0,0.0,nan,nan,False,20260904-INMACULADA-XRD150USS-004-A
1537,20260904,12,58,74,258,2,B,0.0,0.0,0.0,NAN,NAN,SIN_NUMERO,NAN,NAN,SIN_NUMERO,NAN,0.0,0.0,0.0,0.0,nan,nan,False,20260904-INMACULADA-XRD150USS-004-B
1538,20260905,12,58,74,258,2,A,0.0,0.0,0.0,NAN,NAN,SIN_NUMERO,NAN,NAN,SIN_NUMERO,NAN,0.0,0.0,0.0,0.0,nan,nan,False,20260905-INMACULADA-XRD150USS-004-A
1539,20260905,12,58,74,258,2,B,0.0,0.0,0.0,NAN,NAN,SIN_NUMERO,NAN,NAN,SIN_NUMERO,NAN,0.0,0.0,0.0,0.0,nan,nan,False,20260905-INMACULADA-XRD150USS-004-B
1540,20260906,12,58,74,258,2,A,0.0,0.0,0.0,NAN,NAN,SIN_NUMERO,NAN,NAN,SIN_NUMERO,NAN,0.0,0.0,0.0,0.0,nan,nan,False,20260906-INMACULADA-XRD150USS-004-A
1541,20260906,12,58,74,258,2,B,0.0,0.0,0.0,NAN,NAN,SIN_NUMERO,NAN,NAN,SIN_NUMERO,NAN,0.0,0.0,0.0,0.0,nan,nan,False,20260906-INMACULADA-XRD150USS-004-B
1542,20260907,12,58,74,258,2,A,0.0,0.0,0.0,NAN,NAN,SIN_NUMERO,NAN,NAN,SIN_NUMERO,NAN,0.0,0.0,0.0,0.0,nan,nan,False,20260907-INMACULADA-XRD150USS-004-A
1543,20260907,12,58,74,258,2,B,0.0,0.0,0.0,NAN,NAN,SIN_NUMERO,NAN,NAN,SIN_NUMERO,NAN,0.0,0.0,0.0,0.0,nan,nan,False,20260907-INMACULADA-XRD150USS-004-B
1544,20260908,12,58,74,258,2,A,0.0,0.0,0.0,NAN,NAN,SIN_NUMERO,NAN,NAN,SIN_NUMERO,NAN,0.0,0.0,0.0,0.0,nan,nan,False,20260908-INMACULADA-XRD150USS-004-A
1545,20260908,12,58,74,258,2,B,0.0,0.0,0.0,NAN,NAN,SIN_NUMERO,NAN,NAN,SIN_NUMERO,NAN,0.0,0.0,0.0,0.0,nan,nan,False,20260908-INMACULADA-XRD150USS-004-B
1546,20260909,12,58,74,258,2,A,0.0,0.0,0.0,NAN,NAN,SIN_NUMERO,NAN,NAN,SIN_NUMERO,NAN,0.0,0.0,0.0,0.0,nan,nan,False,20260909-INMACULADA-XRD150USS-004-A
1547,20260909,12,58,74,258,2,B,0.0,0.0,0.0,NAN,NAN,SIN_NUMERO,NAN,NAN,SIN_NUMERO,NAN,0.0,0.0,0.0,0.0,nan,nan,False,20260909-INMACULADA-XRD150USS-004-B
1548,20260910,12,58,74,258,2,A,0.0,0.0,0.0,NAN,NAN,SIN_NUMERO,NAN,NAN,SIN_NUMERO,NAN,0.0,0.0,0.0,0.0,nan,nan,False,20260910-INMACULADA-XRD150USS-004-A
1549,20260910,12,58,74,258,2,B,0.0,0.0,0.0,NAN,NAN,SIN_NUMERO,NAN,NAN,SIN_NUMERO,NAN,0.0,0.0,0.0,0.0,nan,nan,False,20260910-INMACULADA-XRD150USS-004-B
1550,20260911,12,58,74,258,2,A,0.0,0.0,0.0,NAN,NAN,SIN_NUMERO,NAN,NAN,SIN_NUMERO,NAN,0.0,0.0,0.0,0.0,nan,nan,False,20260911-INMACULADA-XRD150USS-004-A
1551,20260911,12,58,74,258,2,B,0.0,0.0,0.0,NAN,NAN,SIN_NUMERO,NAN,NAN,SIN_NUMERO,NAN,0.0,0.0,0.0,0.0,nan,nan,False,20260911-INMACULADA-XRD150USS-004-B
1552,20260912,12,58,74,258,2,A,0.0,0.0,0.0,NAN,NAN,SIN_NUMERO,NAN,NAN,SIN_NUMERO,NAN,0.0,0.0,0.0,0.0,nan,nan,False,20260912-INMACULADA-XRD150USS-004-A
1553,20260912,12,58,74,258,2,B,0.0,0.0,0.0,NAN,NAN,SIN_NUMERO,NAN,NAN,SIN_NUMERO,NAN,0.0,0.0,0.0,0.0,nan,nan,False,20260912-INMACULADA-XRD150USS-004-B
1554,20260913,12,58,74,258,2,A,0.0,0.0,0.0,NAN,NAN,SIN_NUMERO,NAN,NAN,SIN_NUMERO,NAN,0.0,0.0,0.0,0.0,nan,nan,False,20260913-INMACULADA-XRD150USS-004-A
1555,20260913,12,58,74,258,2,B,0.0,0.0,0.0,NAN,NAN,SIN_NUMERO,NAN,NAN,SIN_NUMERO,NAN,0.0,0.0,0.0,0.0,nan,nan,False,20260913-INMACULADA-XRD150USS-004-B
1556,20260914,12,58,74,258,2,A,0.0,0.0,0.0,NAN,NAN,SIN_NUMERO,NAN,NAN,SIN_NUMERO,NAN,0.0,0.0,0.0,0.0,nan,nan,False,20260914-INMACULADA-XRD150USS-004-A
1557,20260914,12,58,74,258,2,B,0.0,0.0,0.0,NAN,NAN,SIN_NUMERO,NAN,NAN,SIN_NUMERO,NAN,0.0,0.0,0.0,0.0,nan,nan,False,20260914-INMACULADA-XRD150USS-004-B
1558,20260915,12,58,74,258,2,A,0.0,0.0,0.0,NAN,NAN,SIN_NUMERO,NAN,NAN,SIN_NUMERO,NAN,0.0,0.0,0.0,0.0,nan,nan,False,20260915-INMACULADA-XRD150USS-004-A
1559,20260915,12,58,74,258,2,B,0.0,0.0,0.0,NAN,NAN,SIN_NUMERO,NAN,NAN,SIN_NUMERO,NAN,0.0,0.0,0.0,0.0,nan,nan,False,20260915-INMACULADA-XRD150USS-004-B
1560,20260916,12,58,74,258,2,A,0.0,0.0,0.0,NAN,NAN,SIN_NUMERO,NAN,NAN,SIN_NUMERO,NAN,0.0,0.0,0.0,0.0,nan,nan,False,20260916-INMACULADA-XRD150USS-004-A
1561,20260916,12,58,74,258,2,B,0.0,0.0,0.0,NAN,NAN,SIN_NUMERO,NAN,NAN,SIN_NUMERO,NAN,0.0,0.0,0.0,0.0,nan,nan,False,20260916-INMACULADA-XRD150USS-004-B
1562,20260917,12,58,74,258,2,A,0.0,0.0,0.0,NAN,NAN,SIN_NUMERO,NAN,NAN,SIN_NUMERO,NAN,0.0,0.0,0.0,0.0,nan,nan,False,20260917-INMACULADA-XRD150USS-004-A
1563,20260917,12,58,74,258,2,B,0.0,0.0,0.0,NAN,NAN,SIN_NUMERO,NAN,NAN,SIN_NUMERO,NAN,0.0,0.0,0.0,0.0,nan,nan,False,20260917-INMACULADA-XRD150USS-004-B
1564,20260918,12,58,74,258,2,A,0.0,0.0,0.0,NAN,NAN,SIN_NUMERO,NAN,NAN,SIN_NUMERO,NAN,0.0,0.0,0.0,0.0,nan,nan,False,20260918-INMACULADA-XRD150USS-004-A
1565,20260918,12,58,74,258,2,B,0.0,0.0,0.0,NAN,NAN,SIN_NUMERO,NAN,NAN,SIN_NUMERO,NAN,0.0,0.0,0.0,0.0,nan,nan,False,20260918-INMACULADA-XRD150USS-004-B
1566,20260919,12,58,74,258,2,A,0.0,0.0,0.0,NAN,NAN,SIN_NUMERO,NAN,NAN,SIN_NUMERO,NAN,0.0,0.0,0.0,0.0,nan,nan,False,20260919-INMACULADA-XRD150USS-004-A
1567,20260919,12,58,74,258,2,B,0.0,0.0,0.0,NAN,NAN,SIN_NUMERO,NAN,NAN,SIN_NUMERO,NAN,0.0,0.0,0.0,0.0,nan,nan,False,20260919-INMACULADA-XRD150USS-004-B
1568,20260920,12,58,74,258,2,A,0.0,0.0,0.0,NAN,NAN,SIN_NUMERO,NAN,NAN,SIN_NUMERO,NAN,0.0,0.0,0.0,0.0,nan,nan,False,20260920-INMACULADA-XRD150USS-004-A
1569,20260920,12,58,74,258,2,B,0.0,0.0,0.0,NAN,NAN,SIN_NUMERO,NAN,NAN,SIN_NUMERO,NAN,0.0,0.0,0.0,0.0,nan,nan,False,20260920-INMACULADA-XRD150USS-004-B
1570,20260921,12,58,74,258,2,A,0.0,0.0,0.0,NAN,NAN,SIN_NUMERO,NAN,NAN,SIN_NUMERO,NAN,0.0,0.0,0.0,0.0,nan,nan,False,20260921-INMACULADA-XRD150USS-004-A
1571,20260921,12,58,74,258,2,B,0.0,0.0,0.0,NAN,NAN,SIN_NUMERO,NAN,NAN,SIN_NUMERO,NAN,0.0,0.0,0.0,0.0,nan,nan,False,20260921-INMACULADA-XRD150USS-004-B
1572,20260922,12,58,74,258,2,A,0.0,0.0,0.0,NAN,NAN,SIN_NUMERO,NAN,NAN,SIN_NUMERO,NAN,0.0,0.0,0.0,0.0,nan,nan,False,20260922-INMACULADA-XRD150USS-004-A
1573,20260922,12,58,74,258,2,B,0.0,0.0,0.0,NAN,NAN,SIN_NUMERO,NAN,NAN,SIN_NUMERO,NAN,0.0,0.0,0.0,0.0,nan,nan,False,20260922-INMACULADA-XRD150USS-004-B
1574,20260923,12,58,74,258,2,A,0.0,0.0,0.0,NAN,NAN,SIN_NUMERO,NAN,NAN,SIN_NUMERO,NAN,0.0,0.0,0.0,0.0,nan,nan,False,20260923-INMACULADA-XRD150USS-004-A
1575,20260923,12,58,74,258,2,B,0.0,0.0,0.0,NAN,NAN,SIN_NUMERO,NAN,NAN,SIN_NUMERO,NAN,0.0,0.0,0.0,0.0,nan,nan,False,20260923-INMACULADA-XRD150USS-004-B
1576,20260924,12,58,74,258,2,A,0.0,0.0,0.0,NAN,NAN,SIN_NUMERO,NAN,NAN,SIN_NUMERO,NAN,0.0,0.0,0.0,0.0,nan,nan,False,20260924-INMACULADA-XRD150USS-004-A
1577,20260924,12,58,74,258,2,B,0.0,0.0,0.0,NAN,NAN,SIN_NUMERO,NAN,NAN,SIN_NUMERO,NAN,0.0,0.0,0.0,0.0,nan,nan,False,20260924-INMACULADA-XRD150USS-004-B
1578,20260925,12,58,74,258,2,A,0.0,0.0,0.0,NAN,NAN,SIN_NUMERO,NAN,NAN,SIN_NUMERO,NAN,0.0,0.0,0.0,0.0,nan,nan,False,20260925-INMACULADA-XRD150USS-004-A
1579,20260826,13,65,22,191,2,A,161.1,174.1,13.0,BOYLES BROS,X8,143124,USADO,BOYLES BROS,25617893,USADO,0.0,0.0,5.5,0.0,INTRUSIVO,"A primera hora se capacitacion rimac, luego se continua con la perforacion.",False,20260826-LA ESTRELLA-XRD150U-004-A
1580,20260826,13,65,22,28,2,B,174.1,184.0,9.9,BOYLES BROS,X8,143124,USADO,BOYLES BROS,25617893,USADO,0.0,0.0,0.0,0.0,INTRUSIVO,"A primera hora se capacitacion rimac, luego se ingresa a mina y se continua con la perforacion.",False,20260826-LA ESTRELLA-XRD150U-004-B
1581,20260827,13,65,22,191,2,A,184.0,202.0,18.0,BOYLES BROS,X8,143124,USADO,BOYLES BROS,25617893,USADO,0.0,0.0,8.2,0.0,CALIZA FRACTURADO,"continua con la perforacion, se realiza medicion de desviacion.",False,20260827-LA ESTRELLA-XRD150U-004-A
1582,20260827,13,65,22,28,2,B,202.0,215.6,13.6,BOYLES BROS,X8,143124,USADO,BOYLES BROS,25617893,USADO,0.0,0.0,0.0,0.0,INTRUSIVO,se continua con la prforacion,False,20260827-LA ESTRELLA-XRD150U-004-B
1583,20260828,13,65,22,191,2,A,215.6,227.8,12.2,BOYLES BROS,X8,143124,USADO,BOYLES BROS,25617893,USADO,0.0,0.0,7.4,0.0,CALIZA FRACTURADO,Se realiza medicion de desviacion yse continua con la peroforación.,False,20260828-LA ESTRELLA-XRD150U-004-A
1584,20260828,13,65,22,28,2,B,227.8,239.1,11.3,BOYLES BROS,X8,143124,USADO,BOYLES BROS,25617893,USADO,0.0,0.0,0.0,0.0,INTRUSIVO,se cambia broca y se continua con la perforacioón,False,20260828-LA ESTRELLA-XRD150U-004-B
1585,20260829,13,65,22,191,2,A,239.1,256.1,17.0,BOYLES BROS,X8,143124,USADO,BOYLES BROS,25617893,USADO,0.0,0.0,7.7,0.0,CALIZA FRACTURADO,se continua con la prforacion  sin observaciones,False,20260829-LA ESTRELLA-XRD150U-004-A
1586,20260829,13,65,22,28,2,B,256.1,274.2,18.1,BOYLES BROS,X8,143124,USADO,BOYLES BROS,25617893,USADO,0.0,0.0,0.0,0.0,CALIZA MARMOL,se continua con la perforacion,False,20260829-LA ESTRELLA-XRD150U-004-B
1587,20260830,13,65,22,191,2,A,274.2,287.7,13.5,BOYLES BROS,X8,143124,USADO,BOYLES BROS,25617893,USADO,0.0,0.0,7.2,0.0,CALIZA FRACTURADO,se continua con  la perforacion sin observaciones,False,20260830-LA ESTRELLA-XRD150U-004-A
1588,20260830,13,65,22,28,2,B,287.7,297.9,10.2,BOYLES BROS,X8,143124,USADO,BOYLES BROS,25617893,USADO,0.0,0.0,0.0,0.0,INTRUSIVO,"se acondiciona sondaje, se continua con la perforacion",False,20260830-LA ESTRELLA-XRD150U-004-B
1589,20260831,13,65,22,191,2,A,297.9,305.2,7.3,BOYLES BROS,X8,143124,USADO,BOYLES BROS,25617893,USADO,0.0,0.0,4.8,0.0,CALIZA FRACTURADO,se revisa el cooler y se continua con la perforacion.,False,20260831-LA ESTRELLA-XRD150U-004-A
1590,20260831,13,65,22,28,2,B,305.2,312.7,7.5,BOYLES BROS,X8,143124,USADO,BOYLES BROS,25617893,USADO,0.0,0.0,0.0,0.0,CALIZA FRACTURADO,"se evacua por acumulazion de agua al ingreso de la camara, se continua con la perforacion",False,20260831-LA ESTRELLA-XRD150U-004-B
1591,20260901,13,65,22,258,2,A,0.0,0.0,0.0,NAN,NAN,SIN_NUMERO,NAN,NAN,SIN_NUMERO,NAN,0.0,0.0,0.0,0.0,nan,nan,False,20260901-LA ESTRELLA-XRD150U-004-A
1592,20260901,13,65,75,258,2,B,0.0,0.0,0.0,NAN,NAN,SIN_NUMERO,NAN,NAN,SIN_NUMERO,NAN,0.0,0.0,0.0,0.0,nan,nan,False,20260901-LA ESTRELLA-XRD150U-004-B
1593,20260902,13,65,75,258,2,A,0.0,0.0,0.0,NAN,NAN,SIN_NUMERO,NAN,NAN,SIN_NUMERO,NAN,0.0,0.0,0.0,0.0,nan,nan,False,20260902-LA ESTRELLA-XRD150U-004-A
1594,20260902,13,65,75,258,2,B,0.0,0.0,0.0,NAN,NAN,SIN_NUMERO,NAN,NAN,SIN_NUMERO,NAN,0.0,0.0,0.0,0.0,nan,nan,False,20260902-LA ESTRELLA-XRD150U-004-B
1595,20260903,13,65,75,258,2,A,0.0,0.0,0.0,NAN,NAN,SIN_NUMERO,NAN,NAN,SIN_NUMERO,NAN,0.0,0.0,0.0,0.0,nan,nan,False,20260903-LA ESTRELLA-XRD150U-004-A
1596,20260903,13,65,75,258,2,B,0.0,0.0,0.0,NAN,NAN,SIN_NUMERO,NAN,NAN,SIN_NUMERO,NAN,0.0,0.0,0.0,0.0,nan,nan,False,20260903-LA ESTRELLA-XRD150U-004-B
1597,20260904,13,65,75,258,2,A,0.0,0.0,0.0,NAN,NAN,SIN_NUMERO,NAN,NAN,SIN_NUMERO,NAN,0.0,0.0,0.0,0.0,nan,nan,False,20260904-LA ESTRELLA-XRD150U-004-A
1598,20260904,13,65,75,258,2,B,0.0,0.0,0.0,NAN,NAN,SIN_NUMERO,NAN,NAN,SIN_NUMERO,NAN,0.0,0.0,0.0,0.0,nan,nan,False,20260904-LA ESTRELLA-XRD150U-004-B
1599,20260905,13,65,75,258,2,A,0.0,0.0,0.0,NAN,NAN,SIN_NUMERO,NAN,NAN,SIN_NUMERO,NAN,0.0,0.0,0.0,0.0,nan,nan,False,20260905-LA ESTRELLA-XRD150U-004-A
1600,20260905,13,65,75,258,2,B,0.0,0.0,0.0,NAN,NAN,SIN_NUMERO,NAN,NAN,SIN_NUMERO,NAN,0.0,0.0,0.0,0.0,nan,nan,False,20260905-LA ESTRELLA-XRD150U-004-B
1601,20260906,13,65,75,258,2,A,0.0,0.0,0.0,NAN,NAN,SIN_NUMERO,NAN,NAN,SIN_NUMERO,NAN,0.0,0.0,0.0,0.0,nan,nan,False,20260906-LA ESTRELLA-XRD150U-004-A
1602,20260906,13,65,75,258,2,B,0.0,0.0,0.0,NAN,NAN,SIN_NUMERO,NAN,NAN,SIN_NUMERO,NAN,0.0,0.0,0.0,0.0,nan,nan,False,20260906-LA ESTRELLA-XRD150U-004-B
1603,20260907,13,65,75,258,2,A,0.0,0.0,0.0,NAN,NAN,SIN_NUMERO,NAN,NAN,SIN_NUMERO,NAN,0.0,0.0,0.0,0.0,nan,nan,False,20260907-LA ESTRELLA-XRD150U-004-A
1604,20260907,13,65,75,258,2,B,0.0,0.0,0.0,NAN,NAN,SIN_NUMERO,NAN,NAN,SIN_NUMERO,NAN,0.0,0.0,0.0,0.0,nan,nan,False,20260907-LA ESTRELLA-XRD150U-004-B
1605,20260908,13,65,75,258,2,A,0.0,0.0,0.0,NAN,NAN,SIN_NUMERO,NAN,NAN,SIN_NUMERO,NAN,0.0,0.0,0.0,0.0,nan,nan,False,20260908-LA ESTRELLA-XRD150U-004-A
1606,20260908,13,65,75,258,2,B,0.0,0.0,0.0,NAN,NAN,SIN_NUMERO,NAN,NAN,SIN_NUMERO,NAN,0.0,0.0,0.0,0.0,nan,nan,False,20260908-LA ESTRELLA-XRD150U-004-B
1607,20260909,13,65,75,258,2,A,0.0,0.0,0.0,NAN,NAN,SIN_NUMERO,NAN,NAN,SIN_NUMERO,NAN,0.0,0.0,0.0,0.0,nan,nan,False,20260909-LA ESTRELLA-XRD150U-004-A
1608,20260909,13,65,75,258,2,B,0.0,0.0,0.0,NAN,NAN,SIN_NUMERO,NAN,NAN,SIN_NUMERO,NAN,0.0,0.0,0.0,0.0,nan,nan,False,20260909-LA ESTRELLA-XRD150U-004-B
1609,20260910,13,65,75,258,2,A,0.0,0.0,0.0,NAN,NAN,SIN_NUMERO,NAN,NAN,SIN_NUMERO,NAN,0.0,0.0,0.0,0.0,nan,nan,False,20260910-LA ESTRELLA-XRD150U-004-A
1610,20260910,13,65,75,258,2,B,0.0,0.0,0.0,NAN,NAN,SIN_NUMERO,NAN,NAN,SIN_NUMERO,NAN,0.0,0.0,0.0,0.0,nan,nan,False,20260910-LA ESTRELLA-XRD150U-004-B
1611,20260911,13,65,75,258,2,A,0.0,0.0,0.0,NAN,NAN,SIN_NUMERO,NAN,NAN,SIN_NUMERO,NAN,0.0,0.0,0.0,0.0,nan,nan,False,20260911-LA ESTRELLA-XRD150U-004-A
1612,20260911,13,65,75,258,2,B,0.0,0.0,0.0,NAN,NAN,SIN_NUMERO,NAN,NAN,SIN_NUMERO,NAN,0.0,0.0,0.0,0.0,nan,nan,False,20260911-LA ESTRELLA-XRD150U-004-B
1613,20260912,13,65,75,258,2,A,0.0,0.0,0.0,NAN,NAN,SIN_NUMERO,NAN,NAN,SIN_NUMERO,NAN,0.0,0.0,0.0,0.0,nan,nan,False,20260912-LA ESTRELLA-XRD150U-004-A
1614,20260912,13,65,75,258,2,B,0.0,0.0,0.0,NAN,NAN,SIN_NUMERO,NAN,NAN,SIN_NUMERO,NAN,0.0,0.0,0.0,0.0,nan,nan,False,20260912-LA ESTRELLA-XRD150U-004-B
1615,20260913,13,65,75,258,2,A,0.0,0.0,0.0,NAN,NAN,SIN_NUMERO,NAN,NAN,SIN_NUMERO,NAN,0.0,0.0,0.0,0.0,nan,nan,False,20260913-LA ESTRELLA-XRD150U-004-A
1616,20260913,13,65,75,258,2,B,0.0,0.0,0.0,NAN,NAN,SIN_NUMERO,NAN,NAN,SIN_NUMERO,NAN,0.0,0.0,0.0,0.0,nan,nan,False,20260913-LA ESTRELLA-XRD150U-004-B
1617,20260914,13,65,75,258,2,A,0.0,0.0,0.0,NAN,NAN,SIN_NUMERO,NAN,NAN,SIN_NUMERO,NAN,0.0,0.0,0.0,0.0,nan,nan,False,20260914-LA ESTRELLA-XRD150U-004-A
1618,20260914,13,65,75,258,2,B,0.0,0.0,0.0,NAN,NAN,SIN_NUMERO,NAN,NAN,SIN_NUMERO,NAN,0.0,0.0,0.0,0.0,nan,nan,False,20260914-LA ESTRELLA-XRD150U-004-B
1619,20260915,13,65,75,258,2,A,0.0,0.0,0.0,NAN,NAN,SIN_NUMERO,NAN,NAN,SIN_NUMERO,NAN,0.0,0.0,0.0,0.0,nan,nan,False,20260915-LA ESTRELLA-XRD150U-004-A
1620,20260915,13,65,75,258,2,B,0.0,0.0,0.0,NAN,NAN,SIN_NUMERO,NAN,NAN,SIN_NUMERO,NAN,0.0,0.0,0.0,0.0,nan,nan,False,20260915-LA ESTRELLA-XRD150U-004-B
1621,20260916,13,65,75,258,2,A,0.0,0.0,0.0,NAN,NAN,SIN_NUMERO,NAN,NAN,SIN_NUMERO,NAN,0.0,0.0,0.0,0.0,nan,nan,False,20260916-LA ESTRELLA-XRD150U-004-A
1622,20260916,13,65,75,258,2,B,0.0,0.0,0.0,NAN,NAN,SIN_NUMERO,NAN,NAN,SIN_NUMERO,NAN,0.0,0.0,0.0,0.0,nan,nan,False,20260916-LA ESTRELLA-XRD150U-004-B
1623,20260917,13,65,75,258,2,A,0.0,0.0,0.0,NAN,NAN,SIN_NUMERO,NAN,NAN,SIN_NUMERO,NAN,0.0,0.0,0.0,0.0,nan,nan,False,20260917-LA ESTRELLA-XRD150U-004-A
1624,20260917,13,65,75,258,2,B,0.0,0.0,0.0,NAN,NAN,SIN_NUMERO,NAN,NAN,SIN_NUMERO,NAN,0.0,0.0,0.0,0.0,nan,nan,False,20260917-LA ESTRELLA-XRD150U-004-B
1625,20260918,13,65,75,258,2,A,0.0,0.0,0.0,NAN,NAN,SIN_NUMERO,NAN,NAN,SIN_NUMERO,NAN,0.0,0.0,0.0,0.0,nan,nan,False,20260918-LA ESTRELLA-XRD150U-004-A
1626,20260918,13,65,75,258,2,B,0.0,0.0,0.0,NAN,NAN,SIN_NUMERO,NAN,NAN,SIN_NUMERO,NAN,0.0,0.0,0.0,0.0,nan,nan,False,20260918-LA ESTRELLA-XRD150U-004-B
1627,20260919,13,65,75,258,2,A,0.0,0.0,0.0,NAN,NAN,SIN_NUMERO,NAN,NAN,SIN_NUMERO,NAN,0.0,0.0,0.0,0.0,nan,nan,False,20260919-LA ESTRELLA-XRD150U-004-A
1628,20260919,13,65,75,258,2,B,0.0,0.0,0.0,NAN,NAN,SIN_NUMERO,NAN,NAN,SIN_NUMERO,NAN,0.0,0.0,0.0,0.0,nan,nan,False,20260919-LA ESTRELLA-XRD150U-004-B
1629,20260920,13,65,75,258,2,A,0.0,0.0,0.0,NAN,NAN,SIN_NUMERO,NAN,NAN,SIN_NUMERO,NAN,0.0,0.0,0.0,0.0,nan,nan,False,20260920-LA ESTRELLA-XRD150U-004-A
1630,20260920,13,65,75,258,2,B,0.0,0.0,0.0,NAN,NAN,SIN_NUMERO,NAN,NAN,SIN_NUMERO,NAN,0.0,0.0,0.0,0.0,nan,nan,False,20260920-LA ESTRELLA-XRD150U-004-B
1631,20260921,13,65,75,258,2,A,0.0,0.0,0.0,NAN,NAN,SIN_NUMERO,NAN,NAN,SIN_NUMERO,NAN,0.0,0.0,0.0,0.0,nan,nan,False,20260921-LA ESTRELLA-XRD150U-004-A
1632,20260921,13,65,75,258,2,B,0.0,0.0,0.0,NAN,NAN,SIN_NUMERO,NAN,NAN,SIN_NUMERO,NAN,0.0,0.0,0.0,0.0,nan,nan,False,20260921-LA ESTRELLA-XRD150U-004-B
1633,20260922,13,65,75,258,2,A,0.0,0.0,0.0,NAN,NAN,SIN_NUMERO,NAN,NAN,SIN_NUMERO,NAN,0.0,0.0,0.0,0.0,nan,nan,False,20260922-LA ESTRELLA-XRD150U-004-A
1634,20260922,13,65,75,258,2,B,0.0,0.0,0.0,NAN,NAN,SIN_NUMERO,NAN,NAN,SIN_NUMERO,NAN,0.0,0.0,0.0,0.0,nan,nan,False,20260922-LA ESTRELLA-XRD150U-004-B
1635,20260923,13,65,75,258,2,A,0.0,0.0,0.0,NAN,NAN,SIN_NUMERO,NAN,NAN,SIN_NUMERO,NAN,0.0,0.0,0.0,0.0,nan,nan,False,20260923-LA ESTRELLA-XRD150U-004-A
1636,20260923,13,65,75,258,2,B,0.0,0.0,0.0,NAN,NAN,SIN_NUMERO,NAN,NAN,SIN_NUMERO,NAN,0.0,0.0,0.0,0.0,nan,nan,False,20260923-LA ESTRELLA-XRD150U-004-B
1637,20260924,13,65,75,258,2,A,0.0,0.0,0.0,NAN,NAN,SIN_NUMERO,NAN,NAN,SIN_NUMERO,NAN,0.0,0.0,0.0,0.0,nan,nan,False,20260924-LA ESTRELLA-XRD150U-004-A
1638,20260924,13,65,75,258,2,B,0.0,0.0,0.0,NAN,NAN,SIN_NUMERO,NAN,NAN,SIN_NUMERO,NAN,0.0,0.0,0.0,0.0,nan,nan,False,20260924-LA ESTRELLA-XRD150U-004-B
1639,20260925,13,65,75,258,2,A,0.0,0.0,0.0,NAN,NAN,SIN_NUMERO,NAN,NAN,SIN_NUMERO,NAN,0.0,0.0,0.0,0.0,nan,nan,False,20260925-LA ESTRELLA-XRD150U-004-A
1640,20260925,13,65,75,258,2,B,0.0,0.0,0.0,NAN,NAN,SIN_NUMERO,NAN,NAN,SIN_NUMERO,NAN,0.0,0.0,0.0,0.0,nan,nan,False,20260925-LA ESTRELLA-XRD150U-004-B
1641,20260826,13,66,18,251,2,A,94.1,106.1,12.0,HARDCORE,X8,433170,USADO,HARDCORE,190304,USADO,0.0,0.0,4.3,0.0,CALIZA,"A primera hora se capacitacion rimac, luego se continua con la perforacion.",False,20260826-LA ESTRELLA-XRD150U-006-A
1642,20260826,13,66,18,378,2,B,106.1,121.6,15.5,HARDCORE,X8,433170,USADO,HARDCORE,190304,USADO,0.0,0.0,0.0,0.0,CALIZA,"A primera hora se capacitacion rimac, luego se ingresa a mina y se continua con la perforacion.",False,20260826-LA ESTRELLA-XRD150U-006-B
1643,20260827,13,66,18,251,2,A,121.6,150.7,29.1,HARDCORE,X8,433170,USADO,HARDCORE,190304,USADO,0.0,0.0,7.6,0.0,CUARZO,Topografia realiza el levantamiento y marca el nuevo puento,False,20260827-LA ESTRELLA-XRD150U-006-A
1644,20260827,13,66,19,378,2,B,0.0,24.0,24.0,HARDCORE,X8,433170,USADO,HARDCORE,190304,USADO,0.0,0.0,0.0,0.0,CALIZA,"se hace la medicion de desviacion, desinstalacion e instalacion de maquina y se continua con la perforacion",False,20260827-LA ESTRELLA-XRD150U-006-B
1645,20260828,13,66,20,251,2,A,0.0,36.6,36.6,HARDCORE,X8,433170,NUEVO,HARDCORE,190304,USADO,0.0,0.0,7.4,0.0,CALIZA,"se desinstala para cambio de inclinacion, se coloca perno centro y se continua con la perforacion",False,20260828-LA ESTRELLA-XRD150U-006-A
1646,20260828,13,66,20,378,2,B,36.6,73.1,36.5,HARDCORE,X8,433170,USADO,HARDCORE,190304,USADO,0.0,0.0,0.0,0.0,CALIZA,"No se tiene retorno de agua sale por una grieta, de hace medicion de desviacion y se continua con la perforcion.",False,20260828-LA ESTRELLA-XRD150U-006-B
1647,20260829,13,66,20,251,2,A,73.1,89.2,16.1,HARDCORE,X8,433170,USADO,HARDCORE,190304,USADO,0.0,0.0,6.7,0.0,CALIZA,"se realiza el levantamineto topografico, se acondiciona sondaje para recuperar el retorno de fluidos, sin éxito y se continua con la perforacion.",False,20260829-LA ESTRELLA-XRD150U-006-A
1648,20260829,13,66,20,378,2,B,89.2,98.4,9.2,HARDCORE,X8,433170,USADO,HARDCORE,190304,USADO,0.0,0.0,0.0,0.0,CALIZA,"se espera accesorios de perforacion, se repara cabezal de perforacion, se acondiciona el sondaje y se continua con la perforacion y se hace mantenimiento correctivo.",False,20260829-LA ESTRELLA-XRD150U-006-B
1649,20260830,13,66,20,251,2,A,98.4,115.6,17.2,HARDCORE,X8,433170,USADO,HARDCORE,190304,USADO,0.0,0.0,5.8,0.0,CALIZA,"se realiza medicion de desviacion, se continua con la perforacion",False,20260830-LA ESTRELLA-XRD150U-006-A
1650,20260830,13,66,20,378,2,B,115.6,132.1,16.5,HARDCORE,X8,433170,USADO,HARDCORE,190304,USADO,0.0,0.0,0.0,0.0,CALIZA,falta de agua(3h) se continua con al perforacion.,False,20260830-LA ESTRELLA-XRD150U-006-B
1651,20260831,13,66,20,251,2,A,132.1,140.9,8.8,HARDCORE,X8,433170,USADO,HARDCORE,190304,USADO,0.0,0.0,5.2,0.0,CALIZA,"no se cuenta con agua, se continua con la ´perforacion",False,20260831-LA ESTRELLA-XRD150U-006-A
1652,20260831,13,66,20,378,2,B,140.9,152.3,11.4,HARDCORE,X8,433170,USADO,HARDCORE,190304,USADO,0.0,0.0,0.0,0.0,CUARZO,"se acondiciona zondaje, se cambia eñl motorin y se continua con la perforacion.",False,20260831-LA ESTRELLA-XRD150U-006-B
1653,20260901,13,66,20,258,2,A,0.0,0.0,0.0,NAN,NAN,SIN_NUMERO,NAN,NAN,SIN_NUMERO,NAN,0.0,0.0,0.0,0.0,nan,nan,False,20260901-LA ESTRELLA-XRD150U-006-A
1654,20260901,13,66,75,258,2,B,0.0,0.0,0.0,NAN,NAN,SIN_NUMERO,NAN,NAN,SIN_NUMERO,NAN,0.0,0.0,0.0,0.0,nan,nan,False,20260901-LA ESTRELLA-XRD150U-006-B
1655,20260902,13,66,75,258,2,A,0.0,0.0,0.0,NAN,NAN,SIN_NUMERO,NAN,NAN,SIN_NUMERO,NAN,0.0,0.0,0.0,0.0,nan,nan,False,20260902-LA ESTRELLA-XRD150U-006-A
1656,20260902,13,66,75,258,2,B,0.0,0.0,0.0,NAN,NAN,SIN_NUMERO,NAN,NAN,SIN_NUMERO,NAN,0.0,0.0,0.0,0.0,nan,nan,False,20260902-LA ESTRELLA-XRD150U-006-B
1657,20260903,13,66,75,258,2,A,0.0,0.0,0.0,NAN,NAN,SIN_NUMERO,NAN,NAN,SIN_NUMERO,NAN,0.0,0.0,0.0,0.0,nan,nan,False,20260903-LA ESTRELLA-XRD150U-006-A
1658,20260903,13,66,75,258,2,B,0.0,0.0,0.0,NAN,NAN,SIN_NUMERO,NAN,NAN,SIN_NUMERO,NAN,0.0,0.0,0.0,0.0,nan,nan,False,20260903-LA ESTRELLA-XRD150U-006-B
1659,20260904,13,66,75,258,2,A,0.0,0.0,0.0,NAN,NAN,SIN_NUMERO,NAN,NAN,SIN_NUMERO,NAN,0.0,0.0,0.0,0.0,nan,nan,False,20260904-LA ESTRELLA-XRD150U-006-A
1660,20260904,13,66,75,258,2,B,0.0,0.0,0.0,NAN,NAN,SIN_NUMERO,NAN,NAN,SIN_NUMERO,NAN,0.0,0.0,0.0,0.0,nan,nan,False,20260904-LA ESTRELLA-XRD150U-006-B
1661,20260905,13,66,75,258,2,A,0.0,0.0,0.0,NAN,NAN,SIN_NUMERO,NAN,NAN,SIN_NUMERO,NAN,0.0,0.0,0.0,0.0,nan,nan,False,20260905-LA ESTRELLA-XRD150U-006-A
1662,20260905,13,66,75,258,2,B,0.0,0.0,0.0,NAN,NAN,SIN_NUMERO,NAN,NAN,SIN_NUMERO,NAN,0.0,0.0,0.0,0.0,nan,nan,False,20260905-LA ESTRELLA-XRD150U-006-B
1663,20260906,13,66,75,258,2,A,0.0,0.0,0.0,NAN,NAN,SIN_NUMERO,NAN,NAN,SIN_NUMERO,NAN,0.0,0.0,0.0,0.0,nan,nan,False,20260906-LA ESTRELLA-XRD150U-006-A
1664,20260906,13,66,75,258,2,B,0.0,0.0,0.0,NAN,NAN,SIN_NUMERO,NAN,NAN,SIN_NUMERO,NAN,0.0,0.0,0.0,0.0,nan,nan,False,20260906-LA ESTRELLA-XRD150U-006-B
1665,20260907,13,66,75,258,2,A,0.0,0.0,0.0,NAN,NAN,SIN_NUMERO,NAN,NAN,SIN_NUMERO,NAN,0.0,0.0,0.0,0.0,nan,nan,False,20260907-LA ESTRELLA-XRD150U-006-A
1666,20260907,13,66,75,258,2,B,0.0,0.0,0.0,NAN,NAN,SIN_NUMERO,NAN,NAN,SIN_NUMERO,NAN,0.0,0.0,0.0,0.0,nan,nan,False,20260907-LA ESTRELLA-XRD150U-006-B
1667,20260908,13,66,75,258,2,A,0.0,0.0,0.0,NAN,NAN,SIN_NUMERO,NAN,NAN,SIN_NUMERO,NAN,0.0,0.0,0.0,0.0,nan,nan,False,20260908-LA ESTRELLA-XRD150U-006-A
1668,20260908,13,66,75,258,2,B,0.0,0.0,0.0,NAN,NAN,SIN_NUMERO,NAN,NAN,SIN_NUMERO,NAN,0.0,0.0,0.0,0.0,nan,nan,False,20260908-LA ESTRELLA-XRD150U-006-B
1669,20260909,13,66,75,258,2,A,0.0,0.0,0.0,NAN,NAN,SIN_NUMERO,NAN,NAN,SIN_NUMERO,NAN,0.0,0.0,0.0,0.0,nan,nan,False,20260909-LA ESTRELLA-XRD150U-006-A
1670,20260909,13,66,75,258,2,B,0.0,0.0,0.0,NAN,NAN,SIN_NUMERO,NAN,NAN,SIN_NUMERO,NAN,0.0,0.0,0.0,0.0,nan,nan,False,20260909-LA ESTRELLA-XRD150U-006-B
1671,20260910,13,66,75,258,2,A,0.0,0.0,0.0,NAN,NAN,SIN_NUMERO,NAN,NAN,SIN_NUMERO,NAN,0.0,0.0,0.0,0.0,nan,nan,False,20260910-LA ESTRELLA-XRD150U-006-A
1672,20260910,13,66,75,258,2,B,0.0,0.0,0.0,NAN,NAN,SIN_NUMERO,NAN,NAN,SIN_NUMERO,NAN,0.0,0.0,0.0,0.0,nan,nan,False,20260910-LA ESTRELLA-XRD150U-006-B
1673,20260911,13,66,75,258,2,A,0.0,0.0,0.0,NAN,NAN,SIN_NUMERO,NAN,NAN,SIN_NUMERO,NAN,0.0,0.0,0.0,0.0,nan,nan,False,20260911-LA ESTRELLA-XRD150U-006-A
1674,20260911,13,66,75,258,2,B,0.0,0.0,0.0,NAN,NAN,SIN_NUMERO,NAN,NAN,SIN_NUMERO,NAN,0.0,0.0,0.0,0.0,nan,nan,False,20260911-LA ESTRELLA-XRD150U-006-B
1675,20260912,13,66,75,258,2,A,0.0,0.0,0.0,NAN,NAN,SIN_NUMERO,NAN,NAN,SIN_NUMERO,NAN,0.0,0.0,0.0,0.0,nan,nan,False,20260912-LA ESTRELLA-XRD150U-006-A
1676,20260912,13,66,75,258,2,B,0.0,0.0,0.0,NAN,NAN,SIN_NUMERO,NAN,NAN,SIN_NUMERO,NAN,0.0,0.0,0.0,0.0,nan,nan,False,20260912-LA ESTRELLA-XRD150U-006-B
1677,20260913,13,66,75,258,2,A,0.0,0.0,0.0,NAN,NAN,SIN_NUMERO,NAN,NAN,SIN_NUMERO,NAN,0.0,0.0,0.0,0.0,nan,nan,False,20260913-LA ESTRELLA-XRD150U-006-A
1678,20260913,13,66,75,258,2,B,0.0,0.0,0.0,NAN,NAN,SIN_NUMERO,NAN,NAN,SIN_NUMERO,NAN,0.0,0.0,0.0,0.0,nan,nan,False,20260913-LA ESTRELLA-XRD150U-006-B
1679,20260914,13,66,75,258,2,A,0.0,0.0,0.0,NAN,NAN,SIN_NUMERO,NAN,NAN,SIN_NUMERO,NAN,0.0,0.0,0.0,0.0,nan,nan,False,20260914-LA ESTRELLA-XRD150U-006-A
1680,20260914,13,66,75,258,2,B,0.0,0.0,0.0,NAN,NAN,SIN_NUMERO,NAN,NAN,SIN_NUMERO,NAN,0.0,0.0,0.0,0.0,nan,nan,False,20260914-LA ESTRELLA-XRD150U-006-B
1681,20260915,13,66,75,258,2,A,0.0,0.0,0.0,NAN,NAN,SIN_NUMERO,NAN,NAN,SIN_NUMERO,NAN,0.0,0.0,0.0,0.0,nan,nan,False,20260915-LA ESTRELLA-XRD150U-006-A
1682,20260915,13,66,75,258,2,B,0.0,0.0,0.0,NAN,NAN,SIN_NUMERO,NAN,NAN,SIN_NUMERO,NAN,0.0,0.0,0.0,0.0,nan,nan,False,20260915-LA ESTRELLA-XRD150U-006-B
1683,20260916,13,66,75,258,2,A,0.0,0.0,0.0,NAN,NAN,SIN_NUMERO,NAN,NAN,SIN_NUMERO,NAN,0.0,0.0,0.0,0.0,nan,nan,False,20260916-LA ESTRELLA-XRD150U-006-A
1684,20260916,13,66,75,258,2,B,0.0,0.0,0.0,NAN,NAN,SIN_NUMERO,NAN,NAN,SIN_NUMERO,NAN,0.0,0.0,0.0,0.0,nan,nan,False,20260916-LA ESTRELLA-XRD150U-006-B
1685,20260917,13,66,75,258,2,A,0.0,0.0,0.0,NAN,NAN,SIN_NUMERO,NAN,NAN,SIN_NUMERO,NAN,0.0,0.0,0.0,0.0,nan,nan,False,20260917-LA ESTRELLA-XRD150U-006-A
1686,20260917,13,66,75,258,2,B,0.0,0.0,0.0,NAN,NAN,SIN_NUMERO,NAN,NAN,SIN_NUMERO,NAN,0.0,0.0,0.0,0.0,nan,nan,False,20260917-LA ESTRELLA-XRD150U-006-B
1687,20260918,13,66,75,258,2,A,0.0,0.0,0.0,NAN,NAN,SIN_NUMERO,NAN,NAN,SIN_NUMERO,NAN,0.0,0.0,0.0,0.0,nan,nan,False,20260918-LA ESTRELLA-XRD150U-006-A
1688,20260918,13,66,75,258,2,B,0.0,0.0,0.0,NAN,NAN,SIN_NUMERO,NAN,NAN,SIN_NUMERO,NAN,0.0,0.0,0.0,0.0,nan,nan,False,20260918-LA ESTRELLA-XRD150U-006-B
1689,20260919,13,66,75,258,2,A,0.0,0.0,0.0,NAN,NAN,SIN_NUMERO,NAN,NAN,SIN_NUMERO,NAN,0.0,0.0,0.0,0.0,nan,nan,False,20260919-LA ESTRELLA-XRD150U-006-A
1690,20260919,13,66,75,258,2,B,0.0,0.0,0.0,NAN,NAN,SIN_NUMERO,NAN,NAN,SIN_NUMERO,NAN,0.0,0.0,0.0,0.0,nan,nan,False,20260919-LA ESTRELLA-XRD150U-006-B
1691,20260920,13,66,75,258,2,A,0.0,0.0,0.0,NAN,NAN,SIN_NUMERO,NAN,NAN,SIN_NUMERO,NAN,0.0,0.0,0.0,0.0,nan,nan,False,20260920-LA ESTRELLA-XRD150U-006-A
1692,20260920,13,66,75,258,2,B,0.0,0.0,0.0,NAN,NAN,SIN_NUMERO,NAN,NAN,SIN_NUMERO,NAN,0.0,0.0,0.0,0.0,nan,nan,False,20260920-LA ESTRELLA-XRD150U-006-B
1693,20260921,13,66,75,258,2,A,0.0,0.0,0.0,NAN,NAN,SIN_NUMERO,NAN,NAN,SIN_NUMERO,NAN,0.0,0.0,0.0,0.0,nan,nan,False,20260921-LA ESTRELLA-XRD150U-006-A
1694,20260921,13,66,75,258,2,B,0.0,0.0,0.0,NAN,NAN,SIN_NUMERO,NAN,NAN,SIN_NUMERO,NAN,0.0,0.0,0.0,0.0,nan,nan,False,20260921-LA ESTRELLA-XRD150U-006-B
1695,20260922,13,66,75,258,2,A,0.0,0.0,0.0,NAN,NAN,SIN_NUMERO,NAN,NAN,SIN_NUMERO,NAN,0.0,0.0,0.0,0.0,nan,nan,False,20260922-LA ESTRELLA-XRD150U-006-A
1696,20260922,13,66,75,258,2,B,0.0,0.0,0.0,NAN,NAN,SIN_NUMERO,NAN,NAN,SIN_NUMERO,NAN,0.0,0.0,0.0,0.0,nan,nan,False,20260922-LA ESTRELLA-XRD150U-006-B
1697,20260923,13,66,75,258,2,A,0.0,0.0,0.0,NAN,NAN,SIN_NUMERO,NAN,NAN,SIN_NUMERO,NAN,0.0,0.0,0.0,0.0,nan,nan,False,20260923-LA ESTRELLA-XRD150U-006-A
1698,20260923,13,66,75,258,2,B,0.0,0.0,0.0,NAN,NAN,SIN_NUMERO,NAN,NAN,SIN_NUMERO,NAN,0.0,0.0,0.0,0.0,nan,nan,False,20260923-LA ESTRELLA-XRD150U-006-B
1699,20260924,13,66,75,258,2,A,0.0,0.0,0.0,NAN,NAN,SIN_NUMERO,NAN,NAN,SIN_NUMERO,NAN,0.0,0.0,0.0,0.0,nan,nan,False,20260924-LA ESTRELLA-XRD150U-006-A
1700,20260924,13,66,75,258,2,B,0.0,0.0,0.0,NAN,NAN,SIN_NUMERO,NAN,NAN,SIN_NUMERO,NAN,0.0,0.0,0.0,0.0,nan,nan,False,20260924-LA ESTRELLA-XRD150U-006-B
1701,20260925,13,66,75,258,2,A,0.0,0.0,0.0,NAN,NAN,SIN_NUMERO,NAN,NAN,SIN_NUMERO,NAN,0.0,0.0,0.0,0.0,nan,nan,False,20260925-LA ESTRELLA-XRD150U-006-A
1702,20260925,13,66,75,258,2,B,0.0,0.0,0.0,NAN,NAN,SIN_NUMERO,NAN,NAN,SIN_NUMERO,NAN,0.0,0.0,0.0,0.0,nan,nan,False,20260925-LA ESTRELLA-XRD150U-006-B
1703,20260826,15,73,27,82,1,A,90.67,99.49,8.82,HARDCORE,NG-9,628950,USADO,HARDCORD,185971,USADO,0.0,0.0,2.45,0.0,nan,"Se continúa perforación terreno fracturado, se tiene inconveniente con relay térmico de tablero eléctrico desde 10:30am hasta 1pm, se continúa perforación se culmina longitud de sondaje, se realiza medición de desviación de sondaje, se descarga tubería y se apila en caballete, se mueve máquina a siguiente Punto de perforación, se alinea en azimut y inclinación, se realiza orden y limpieza máquina y accesorios.",False,20260826-RAURA-XRD90USS-004-A
1704,20260826,15,73,29,209,1,B,0.0,18.02,18.02,HARDCORE,NG-9,628950,USADO,HARDCORD,185971,USADO,0.0,0.0,0.0,0.0,nan,"Se rellena las herramientas de gestión, se recoje lama del collarin, se desancla la máquina y se mueve al siguiente punto, se recupera perno centro, se perfora para perno centro y se ancla el equipo de perforación, se estandariza la camara, se da inicio a la perforación con normalidad, se realiza orden y limpieza máquina y accesorios.",False,20260826-RAURA-XRD90USS-004-B
1705,20260827,15,73,29,82,1,A,18.02,40.3,22.28,HARDCORE,NG-9,628950,USADO,HARDCORD,185971,USADO,0.0,0.0,3.84,0.0,nan,"Se rellena las herramientas de gestión, se recoje lama del collarin y se mejora la poza de sedimentacion, se continúa la perforacion con normalidad todo el turno, se realiza orden y limpieza máquina y accesorios.",False,20260827-RAURA-XRD90USS-004-A
1706,20260827,15,73,29,209,1,B,40.3,77.79,37.49,HARDCORE,NG-9,628950,USADO,HARDCORD,185971,USADO,0.0,0.0,0.0,0.0,MARMOL,"Se continúa la perforacion aplicando los parámetros, se mejora la poza de sedimentación.",False,20260827-RAURA-XRD90USS-004-B
1707,20260828,15,73,29,82,1,A,77.79,100.11,22.32,HARDCORE,NG-9,628950,USADO,HARDCORD,185971,USADO,0.0,0.0,5.24,0.0,nan,"Se continúa la perforacion aplicando los parámetros, se realizó engrase de equipo y accesorios de perforacion.",False,20260828-RAURA-XRD90USS-004-A
1708,20260828,15,73,29,209,1,B,100.11,106.39,6.28,HARDCORE,NG-9,628950,USADO,HARDCORD,185971,USADO,0.0,0.0,0.0,0.0,ENDOESCAR,"Se continúa la perforacion aplicando los parámetros, se realizó medición de desviación, se descarga la tubería y se traslada al caballete, se tiene problemas con el tablero eléctrico de la máquina, se mueve la máquina al siguiente punto, se perfora el perno de anclaje, Queda para ajustado el perno de anclaje.",False,20260828-RAURA-XRD90USS-004-B
1709,20260829,15,73,30,82,1,A,0.0,23.86,23.86,HARDCORE,X9,439356,NUEVO,HARDCORD,185971,USADO,0.0,0.0,5.07,0.0,nan,"Se rellena las herramientas de gestión y se ajusta perno centro, se alinea con el alinader, se mejora la poza de sedimentacion, se da inicio a la perforacion, se recoje lama a fin de turno, el mecánico da solución al tema del winche.",False,20260829-RAURA-XRD90USS-004-A
1710,20260829,15,73,30,209,1,B,23.86,53.98,30.12,HARDCORE,X9,439356,USADO,HARDCORD,185971,USADO,0.0,0.0,0.0,0.0,MARMOL,"Se continúa la perforacion aplicando los parámetros, se recoge lama de la poza.",False,20260829-RAURA-XRD90USS-004-B
1711,20260830,15,73,30,82,1,A,53.98,88.32,34.34,HARDCORE,X9,439356,USADO,HARDCORD,185971,USADO,0.0,0.0,6.12,0.0,nan,"Se continúa la perforacion aplicando los parámetros, se recoge lama de la poza.",False,20260830-RAURA-XRD90USS-004-A
1712,20260830,15,73,30,209,1,B,88.32,103.45,15.13,HARDCORE,X9,439356,USADO,HARDCORD,185971,USADO,0.0,0.0,0.0,0.0,ENDOESCAR,"Se continúa la perforacion aplicando los parámetros, se realizó medición de desviación, se descarga la tubería y traslada al caballete, se desancla la máquina y deja en horizontal, se inicia la desinstalación, se recoge lama de la poza.",False,20260830-RAURA-XRD90USS-004-B
1713,20260831,15,73,30,82,2,A,0.0,0.0,0.0,NAN,NAN,SIN_NUMERO,NAN,NAN,SIN_NUMERO,NAN,0.0,0.0,0.0,0.0,nan,"A inicio se rellena las herramientas de gestión, se culmino la estandarización, se culmina el entablado, se realiza orden y limpieza.",False,20260831-RAURA-XRD90USS-004-A
1714,20260831,15,73,32,209,1,B,0.0,22.4,22.4,HARDCORE,X9,439356,USADO,HARDCORD,185971,USADO,0.0,0.0,0.0,0.0,MARMOL,"Se perfora el anclaje, se inicia la perforacion aplicando los parámetros, se recoge lama de la poza.",False,20260831-RAURA-XRD90USS-004-B
1715,20260901,15,73,32,258,2,A,0.0,0.0,0.0,NAN,NAN,SIN_NUMERO,NAN,NAN,SIN_NUMERO,NAN,0.0,0.0,0.0,0.0,nan,nan,False,20260901-RAURA-XRD90USS-004-A
1716,20260901,15,73,77,258,2,B,0.0,0.0,0.0,NAN,NAN,SIN_NUMERO,NAN,NAN,SIN_NUMERO,NAN,0.0,0.0,0.0,0.0,nan,nan,False,20260901-RAURA-XRD90USS-004-B
1717,20260902,15,73,77,258,2,A,0.0,0.0,0.0,NAN,NAN,SIN_NUMERO,NAN,NAN,SIN_NUMERO,NAN,0.0,0.0,0.0,0.0,nan,nan,False,20260902-RAURA-XRD90USS-004-A
1718,20260902,15,73,77,258,2,B,0.0,0.0,0.0,NAN,NAN,SIN_NUMERO,NAN,NAN,SIN_NUMERO,NAN,0.0,0.0,0.0,0.0,nan,nan,False,20260902-RAURA-XRD90USS-004-B
1719,20260903,15,73,77,258,2,A,0.0,0.0,0.0,NAN,NAN,SIN_NUMERO,NAN,NAN,SIN_NUMERO,NAN,0.0,0.0,0.0,0.0,nan,nan,False,20260903-RAURA-XRD90USS-004-A
1720,20260903,15,73,77,258,2,B,0.0,0.0,0.0,NAN,NAN,SIN_NUMERO,NAN,NAN,SIN_NUMERO,NAN,0.0,0.0,0.0,0.0,nan,nan,False,20260903-RAURA-XRD90USS-004-B
1721,20260904,15,73,77,258,2,A,0.0,0.0,0.0,NAN,NAN,SIN_NUMERO,NAN,NAN,SIN_NUMERO,NAN,0.0,0.0,0.0,0.0,nan,nan,False,20260904-RAURA-XRD90USS-004-A
1722,20260904,15,73,77,258,2,B,0.0,0.0,0.0,NAN,NAN,SIN_NUMERO,NAN,NAN,SIN_NUMERO,NAN,0.0,0.0,0.0,0.0,nan,nan,False,20260904-RAURA-XRD90USS-004-B
1723,20260905,15,73,77,258,2,A,0.0,0.0,0.0,NAN,NAN,SIN_NUMERO,NAN,NAN,SIN_NUMERO,NAN,0.0,0.0,0.0,0.0,nan,nan,False,20260905-RAURA-XRD90USS-004-A
1724,20260905,15,73,77,258,2,B,0.0,0.0,0.0,NAN,NAN,SIN_NUMERO,NAN,NAN,SIN_NUMERO,NAN,0.0,0.0,0.0,0.0,nan,nan,False,20260905-RAURA-XRD90USS-004-B
1725,20260906,15,73,77,258,2,A,0.0,0.0,0.0,NAN,NAN,SIN_NUMERO,NAN,NAN,SIN_NUMERO,NAN,0.0,0.0,0.0,0.0,nan,nan,False,20260906-RAURA-XRD90USS-004-A
1726,20260906,15,73,77,258,2,B,0.0,0.0,0.0,NAN,NAN,SIN_NUMERO,NAN,NAN,SIN_NUMERO,NAN,0.0,0.0,0.0,0.0,nan,nan,False,20260906-RAURA-XRD90USS-004-B
1727,20260907,15,73,77,258,2,A,0.0,0.0,0.0,NAN,NAN,SIN_NUMERO,NAN,NAN,SIN_NUMERO,NAN,0.0,0.0,0.0,0.0,nan,nan,False,20260907-RAURA-XRD90USS-004-A
1728,20260907,15,73,77,258,2,B,0.0,0.0,0.0,NAN,NAN,SIN_NUMERO,NAN,NAN,SIN_NUMERO,NAN,0.0,0.0,0.0,0.0,nan,nan,False,20260907-RAURA-XRD90USS-004-B
1729,20260908,15,73,77,258,2,A,0.0,0.0,0.0,NAN,NAN,SIN_NUMERO,NAN,NAN,SIN_NUMERO,NAN,0.0,0.0,0.0,0.0,nan,nan,False,20260908-RAURA-XRD90USS-004-A
1730,20260908,15,73,77,258,2,B,0.0,0.0,0.0,NAN,NAN,SIN_NUMERO,NAN,NAN,SIN_NUMERO,NAN,0.0,0.0,0.0,0.0,nan,nan,False,20260908-RAURA-XRD90USS-004-B
1731,20260909,15,73,77,258,2,A,0.0,0.0,0.0,NAN,NAN,SIN_NUMERO,NAN,NAN,SIN_NUMERO,NAN,0.0,0.0,0.0,0.0,nan,nan,False,20260909-RAURA-XRD90USS-004-A
1732,20260909,15,73,77,258,2,B,0.0,0.0,0.0,NAN,NAN,SIN_NUMERO,NAN,NAN,SIN_NUMERO,NAN,0.0,0.0,0.0,0.0,nan,nan,False,20260909-RAURA-XRD90USS-004-B
1733,20260910,15,73,77,258,2,A,0.0,0.0,0.0,NAN,NAN,SIN_NUMERO,NAN,NAN,SIN_NUMERO,NAN,0.0,0.0,0.0,0.0,nan,nan,False,20260910-RAURA-XRD90USS-004-A
1734,20260910,15,73,77,258,2,B,0.0,0.0,0.0,NAN,NAN,SIN_NUMERO,NAN,NAN,SIN_NUMERO,NAN,0.0,0.0,0.0,0.0,nan,nan,False,20260910-RAURA-XRD90USS-004-B
1735,20260911,15,73,77,258,2,A,0.0,0.0,0.0,NAN,NAN,SIN_NUMERO,NAN,NAN,SIN_NUMERO,NAN,0.0,0.0,0.0,0.0,nan,nan,False,20260911-RAURA-XRD90USS-004-A
1736,20260911,15,73,77,258,2,B,0.0,0.0,0.0,NAN,NAN,SIN_NUMERO,NAN,NAN,SIN_NUMERO,NAN,0.0,0.0,0.0,0.0,nan,nan,False,20260911-RAURA-XRD90USS-004-B
1737,20260912,15,73,77,258,2,A,0.0,0.0,0.0,NAN,NAN,SIN_NUMERO,NAN,NAN,SIN_NUMERO,NAN,0.0,0.0,0.0,0.0,nan,nan,False,20260912-RAURA-XRD90USS-004-A
1738,20260912,15,73,77,258,2,B,0.0,0.0,0.0,NAN,NAN,SIN_NUMERO,NAN,NAN,SIN_NUMERO,NAN,0.0,0.0,0.0,0.0,nan,nan,False,20260912-RAURA-XRD90USS-004-B
1739,20260913,15,73,77,258,2,A,0.0,0.0,0.0,NAN,NAN,SIN_NUMERO,NAN,NAN,SIN_NUMERO,NAN,0.0,0.0,0.0,0.0,nan,nan,False,20260913-RAURA-XRD90USS-004-A
1740,20260913,15,73,77,258,2,B,0.0,0.0,0.0,NAN,NAN,SIN_NUMERO,NAN,NAN,SIN_NUMERO,NAN,0.0,0.0,0.0,0.0,nan,nan,False,20260913-RAURA-XRD90USS-004-B
1741,20260914,15,73,77,258,2,A,0.0,0.0,0.0,NAN,NAN,SIN_NUMERO,NAN,NAN,SIN_NUMERO,NAN,0.0,0.0,0.0,0.0,nan,nan,False,20260914-RAURA-XRD90USS-004-A
1742,20260914,15,73,77,258,2,B,0.0,0.0,0.0,NAN,NAN,SIN_NUMERO,NAN,NAN,SIN_NUMERO,NAN,0.0,0.0,0.0,0.0,nan,nan,False,20260914-RAURA-XRD90USS-004-B
1743,20260915,15,73,77,258,2,A,0.0,0.0,0.0,NAN,NAN,SIN_NUMERO,NAN,NAN,SIN_NUMERO,NAN,0.0,0.0,0.0,0.0,nan,nan,False,20260915-RAURA-XRD90USS-004-A
1744,20260915,15,73,77,258,2,B,0.0,0.0,0.0,NAN,NAN,SIN_NUMERO,NAN,NAN,SIN_NUMERO,NAN,0.0,0.0,0.0,0.0,nan,nan,False,20260915-RAURA-XRD90USS-004-B
1745,20260916,15,73,77,258,2,A,0.0,0.0,0.0,NAN,NAN,SIN_NUMERO,NAN,NAN,SIN_NUMERO,NAN,0.0,0.0,0.0,0.0,nan,nan,False,20260916-RAURA-XRD90USS-004-A
1746,20260916,15,73,77,258,2,B,0.0,0.0,0.0,NAN,NAN,SIN_NUMERO,NAN,NAN,SIN_NUMERO,NAN,0.0,0.0,0.0,0.0,nan,nan,False,20260916-RAURA-XRD90USS-004-B
1747,20260917,15,73,77,258,2,A,0.0,0.0,0.0,NAN,NAN,SIN_NUMERO,NAN,NAN,SIN_NUMERO,NAN,0.0,0.0,0.0,0.0,nan,nan,False,20260917-RAURA-XRD90USS-004-A
1748,20260917,15,73,77,258,2,B,0.0,0.0,0.0,NAN,NAN,SIN_NUMERO,NAN,NAN,SIN_NUMERO,NAN,0.0,0.0,0.0,0.0,nan,nan,False,20260917-RAURA-XRD90USS-004-B
1749,20260918,15,73,77,258,2,A,0.0,0.0,0.0,NAN,NAN,SIN_NUMERO,NAN,NAN,SIN_NUMERO,NAN,0.0,0.0,0.0,0.0,nan,nan,False,20260918-RAURA-XRD90USS-004-A
1750,20260918,15,73,77,258,2,B,0.0,0.0,0.0,NAN,NAN,SIN_NUMERO,NAN,NAN,SIN_NUMERO,NAN,0.0,0.0,0.0,0.0,nan,nan,False,20260918-RAURA-XRD90USS-004-B
1751,20260919,15,73,77,258,2,A,0.0,0.0,0.0,NAN,NAN,SIN_NUMERO,NAN,NAN,SIN_NUMERO,NAN,0.0,0.0,0.0,0.0,nan,nan,False,20260919-RAURA-XRD90USS-004-A
1752,20260919,15,73,77,258,2,B,0.0,0.0,0.0,NAN,NAN,SIN_NUMERO,NAN,NAN,SIN_NUMERO,NAN,0.0,0.0,0.0,0.0,nan,nan,False,20260919-RAURA-XRD90USS-004-B
1753,20260920,15,73,77,258,2,A,0.0,0.0,0.0,NAN,NAN,SIN_NUMERO,NAN,NAN,SIN_NUMERO,NAN,0.0,0.0,0.0,0.0,nan,nan,False,20260920-RAURA-XRD90USS-004-A
1754,20260920,15,73,77,258,2,B,0.0,0.0,0.0,NAN,NAN,SIN_NUMERO,NAN,NAN,SIN_NUMERO,NAN,0.0,0.0,0.0,0.0,nan,nan,False,20260920-RAURA-XRD90USS-004-B
1755,20260921,15,73,77,258,2,A,0.0,0.0,0.0,NAN,NAN,SIN_NUMERO,NAN,NAN,SIN_NUMERO,NAN,0.0,0.0,0.0,0.0,nan,nan,False,20260921-RAURA-XRD90USS-004-A
1756,20260921,15,73,77,258,2,B,0.0,0.0,0.0,NAN,NAN,SIN_NUMERO,NAN,NAN,SIN_NUMERO,NAN,0.0,0.0,0.0,0.0,nan,nan,False,20260921-RAURA-XRD90USS-004-B
1757,20260922,15,73,77,258,2,A,0.0,0.0,0.0,NAN,NAN,SIN_NUMERO,NAN,NAN,SIN_NUMERO,NAN,0.0,0.0,0.0,0.0,nan,nan,False,20260922-RAURA-XRD90USS-004-A
1758,20260922,15,73,77,258,2,B,0.0,0.0,0.0,NAN,NAN,SIN_NUMERO,NAN,NAN,SIN_NUMERO,NAN,0.0,0.0,0.0,0.0,nan,nan,False,20260922-RAURA-XRD90USS-004-B
1759,20260923,15,73,77,258,2,A,0.0,0.0,0.0,NAN,NAN,SIN_NUMERO,NAN,NAN,SIN_NUMERO,NAN,0.0,0.0,0.0,0.0,nan,nan,False,20260923-RAURA-XRD90USS-004-A
1760,20260923,15,73,77,258,2,B,0.0,0.0,0.0,NAN,NAN,SIN_NUMERO,NAN,NAN,SIN_NUMERO,NAN,0.0,0.0,0.0,0.0,nan,nan,False,20260923-RAURA-XRD90USS-004-B
1761,20260924,15,73,77,258,2,A,0.0,0.0,0.0,NAN,NAN,SIN_NUMERO,NAN,NAN,SIN_NUMERO,NAN,0.0,0.0,0.0,0.0,nan,nan,False,20260924-RAURA-XRD90USS-004-A
1762,20260924,15,73,77,258,2,B,0.0,0.0,0.0,NAN,NAN,SIN_NUMERO,NAN,NAN,SIN_NUMERO,NAN,0.0,0.0,0.0,0.0,nan,nan,False,20260924-RAURA-XRD90USS-004-B
1763,20260925,15,73,77,258,2,A,0.0,0.0,0.0,NAN,NAN,SIN_NUMERO,NAN,NAN,SIN_NUMERO,NAN,0.0,0.0,0.0,0.0,nan,nan,False,20260925-RAURA-XRD90USS-004-A
1764,20260925,15,73,77,258,2,B,0.0,0.0,0.0,NAN,NAN,SIN_NUMERO,NAN,NAN,SIN_NUMERO,NAN,0.0,0.0,0.0,0.0,nan,nan,False,20260925-RAURA-XRD90USS-004-B
1765,20260826,15,72,28,395,1,A,33.86,55.8,21.94,HARDCORE,X9,439345,USADO,HARDCORE,147397,USADO,0.0,0.0,6.06,0.0,MARMOL,"Inicio de guardia no se tiene agua, se llama a servicios Mina, servicios da solución a las 9:30am, se acondiciona sondaje terreno fracturado, se continúa perforación terreno fracturado, se inplementa bandejas de contención para caballete de tubería, se realiza orden y limpieza de accesorios, máquina.",False,20260826-RAURA-XRD90USS-001-A
1766,20260826,15,72,28,304,1,B,55.8,0.0,0.0,HARDCORE,X9,439345,USADO,HARDCORE,147397,USADO,0.0,0.0,0.0,0.0,nan,"Inicio de guardia no se tiene personal completo para realizar los trabajos de perforacion diamantina, se apoya a la máquina 150UBT-001.",False,20260826-RAURA-XRD90USS-001-B
1767,20260827,15,72,28,395,1,A,55.8,68.61,12.81,HARDCORE,X9,439345,USADO,HARDCORE,147397,USADO,0.0,0.0,3.97,0.0,MARMOL,"A inicio de guardia se apoya al área de ventilación a instalación de manga, se rellena las herramientas de gestión, se engrasa equipo y accesorios, se continúa la perforacion con normalidad, se deja máquina operativa.",False,20260827-RAURA-XRD90USS-001-A
1768,20260827,15,72,28,304,1,B,68.61,75.06,6.45,HARDCORE,X9,439345,USADO,HARDCORE,147397,USADO,0.0,0.0,0.0,0.0,nan,"Se continúa la perforación aplicando los parámetros, se cambió broca Nueva, se recoge lama de las pozas.",False,20260827-RAURA-XRD90USS-001-B
1769,20260827,15,72,28,304,1,B,75.06,90.43,15.37,HARDCORE,X9,439352,NUEVO,HARDCORE,147397,USADO,0.0,0.0,0.0,0.0,ENDOESCAR,"Se continúa la perforación aplicando los parámetros, se cambió broca Nueva, se recoge lama de las pozas.",False,20260827-RAURA-XRD90USS-001-B
1770,20260828,15,72,28,395,1,A,90.43,106.61,16.18,HARDCORE,X9,439352,USADO,HARDCORE,147397,USADO,0.0,0.0,5.22,0.0,ENDOESCAR,"Se continúa la perforación aplicando los parámetros, el mecánico interviene la bomba de lodos y le da solución, se recoge lama de las pozas.",False,20260828-RAURA-XRD90USS-001-A
1771,20260828,15,72,28,304,1,B,106.61,112.61,6.0,HARDCORE,X9,439352,USADO,HARDCORE,147397,USADO,0.0,0.0,0.0,0.0,nan,"Se continúa la perforación aplicando los parámetros, se realizó medición de desviación, se descarga la tubería y se traslada al caballete, se desentabla para poder mover el panel control y Bob CAT más atrás por el Azimut, e mueve la máquina al siguiente punto, e estandariza la cámara, se Alinea y nivela la máquina dejando listo para perforar el anclaje, se recoge lama de las pozas.",False,20260828-RAURA-XRD90USS-001-B
1772,20260829,15,72,31,395,1,A,0.0,5.58,5.58,HARDCORE,X9,439352,USADO,HARDCORE,147397,USADO,0.0,0.0,5.98,0.0,MARMOL,"A inicio de guardia se alinea y se nivela el equipo de perforación, se saca un paralelo de 0.10cm a la derecha, se perfora perno centro y se ancla el equipo corroborando con equipo, se inicia la perforación, se estandariza la cámara, se realiza orden y limpieza.",False,20260829-RAURA-XRD90USS-001-A
1773,20260829,15,72,31,304,1,B,5.58,27.51,21.93,HARDCORE,X9,439352,USADO,HARDCORE,147397,USADO,0.0,0.0,0.0,0.0,MARMOL,"A inicio se desmonta la guarda circular para hacer soldar en el taller de AESA, se realizó la soldadura y se instala la guarda en la máquina, se continúa la perforación aplicando los parámetros, se recoge lama de las pozas.",False,20260829-RAURA-XRD90USS-001-B
1774,20260830,15,72,31,395,1,A,27.51,0.0,0.0,NAN,NAN,SIN_NUMERO,NAN,NAN,SIN_NUMERO,NAN,0.0,0.0,0.55,0.0,nan,"A inicio se rellena las herramientas de gestión, el mecánico realiza mantenimiento correctivo de la unidad rotación y bomba de lodos, se recoje lama del collarin, se hace pruebas de la unidad de rotación y máquina queda operativa.",False,20260830-RAURA-XRD90USS-001-A
1775,20260830,15,72,31,304,1,B,27.51,52.3,24.79,HARDCORE,X9,439352,USADO,HARDCORE,147397,USADO,0.0,0.0,0.0,0.0,ENDOESCAR,"Se continúa la perforación aplicando los parámetros, se recoge lama de las pozas.",False,20260830-RAURA-XRD90USS-001-B
1776,20260831,15,72,31,395,1,A,52.3,72.58,20.28,HARDCORE,X9,439352,USADO,HARDCORE,147397,USADO,0.0,0.0,4.19,0.0,MARMOL,"Se continúa la perforación aplicando los parámetros, después de media guardia se sale al compartir por el aniversario, se recoge lama de las pozas.",False,20260831-RAURA-XRD90USS-001-A
1777,20260831,15,72,31,304,1,B,72.58,101.17,28.59,HARDCORE,X9,439352,USADO,HARDCORE,147397,USADO,0.0,0.0,0.0,0.0,ENDOESCAR,"Se continúa la perforación aplicando los parámetros, se recoge lama de las pozas, se saca las cajas para su evaluación.",False,20260831-RAURA-XRD90USS-001-B
1778,20260901,15,72,31,258,2,A,0.0,0.0,0.0,NAN,NAN,SIN_NUMERO,NAN,NAN,SIN_NUMERO,NAN,0.0,0.0,0.0,0.0,nan,nan,False,20260901-RAURA-XRD90USS-001-A
1779,20260901,15,72,77,258,2,B,0.0,0.0,0.0,NAN,NAN,SIN_NUMERO,NAN,NAN,SIN_NUMERO,NAN,0.0,0.0,0.0,0.0,nan,nan,False,20260901-RAURA-XRD90USS-001-B
1780,20260902,15,72,77,258,2,A,0.0,0.0,0.0,NAN,NAN,SIN_NUMERO,NAN,NAN,SIN_NUMERO,NAN,0.0,0.0,0.0,0.0,nan,nan,False,20260902-RAURA-XRD90USS-001-A
1781,20260902,15,72,77,258,2,B,0.0,0.0,0.0,NAN,NAN,SIN_NUMERO,NAN,NAN,SIN_NUMERO,NAN,0.0,0.0,0.0,0.0,nan,nan,False,20260902-RAURA-XRD90USS-001-B
1782,20260903,15,72,77,258,2,A,0.0,0.0,0.0,NAN,NAN,SIN_NUMERO,NAN,NAN,SIN_NUMERO,NAN,0.0,0.0,0.0,0.0,nan,nan,False,20260903-RAURA-XRD90USS-001-A
1783,20260903,15,72,77,258,2,B,0.0,0.0,0.0,NAN,NAN,SIN_NUMERO,NAN,NAN,SIN_NUMERO,NAN,0.0,0.0,0.0,0.0,nan,nan,False,20260903-RAURA-XRD90USS-001-B
1784,20260904,15,72,77,258,2,A,0.0,0.0,0.0,NAN,NAN,SIN_NUMERO,NAN,NAN,SIN_NUMERO,NAN,0.0,0.0,0.0,0.0,nan,nan,False,20260904-RAURA-XRD90USS-001-A
1785,20260904,15,72,77,258,2,B,0.0,0.0,0.0,NAN,NAN,SIN_NUMERO,NAN,NAN,SIN_NUMERO,NAN,0.0,0.0,0.0,0.0,nan,nan,False,20260904-RAURA-XRD90USS-001-B
1786,20260905,15,72,77,258,2,A,0.0,0.0,0.0,NAN,NAN,SIN_NUMERO,NAN,NAN,SIN_NUMERO,NAN,0.0,0.0,0.0,0.0,nan,nan,False,20260905-RAURA-XRD90USS-001-A
1787,20260905,15,72,77,258,2,B,0.0,0.0,0.0,NAN,NAN,SIN_NUMERO,NAN,NAN,SIN_NUMERO,NAN,0.0,0.0,0.0,0.0,nan,nan,False,20260905-RAURA-XRD90USS-001-B
1788,20260906,15,72,77,258,2,A,0.0,0.0,0.0,NAN,NAN,SIN_NUMERO,NAN,NAN,SIN_NUMERO,NAN,0.0,0.0,0.0,0.0,nan,nan,False,20260906-RAURA-XRD90USS-001-A
1789,20260906,15,72,77,258,2,B,0.0,0.0,0.0,NAN,NAN,SIN_NUMERO,NAN,NAN,SIN_NUMERO,NAN,0.0,0.0,0.0,0.0,nan,nan,False,20260906-RAURA-XRD90USS-001-B
1790,20260907,15,72,77,258,2,A,0.0,0.0,0.0,NAN,NAN,SIN_NUMERO,NAN,NAN,SIN_NUMERO,NAN,0.0,0.0,0.0,0.0,nan,nan,False,20260907-RAURA-XRD90USS-001-A
1791,20260907,15,72,77,258,2,B,0.0,0.0,0.0,NAN,NAN,SIN_NUMERO,NAN,NAN,SIN_NUMERO,NAN,0.0,0.0,0.0,0.0,nan,nan,False,20260907-RAURA-XRD90USS-001-B
1792,20260908,15,72,77,258,2,A,0.0,0.0,0.0,NAN,NAN,SIN_NUMERO,NAN,NAN,SIN_NUMERO,NAN,0.0,0.0,0.0,0.0,nan,nan,False,20260908-RAURA-XRD90USS-001-A
1793,20260908,15,72,77,258,2,B,0.0,0.0,0.0,NAN,NAN,SIN_NUMERO,NAN,NAN,SIN_NUMERO,NAN,0.0,0.0,0.0,0.0,nan,nan,False,20260908-RAURA-XRD90USS-001-B
1794,20260909,15,72,77,258,2,A,0.0,0.0,0.0,NAN,NAN,SIN_NUMERO,NAN,NAN,SIN_NUMERO,NAN,0.0,0.0,0.0,0.0,nan,nan,False,20260909-RAURA-XRD90USS-001-A
1795,20260909,15,72,77,258,2,B,0.0,0.0,0.0,NAN,NAN,SIN_NUMERO,NAN,NAN,SIN_NUMERO,NAN,0.0,0.0,0.0,0.0,nan,nan,False,20260909-RAURA-XRD90USS-001-B
1796,20260910,15,72,77,258,2,A,0.0,0.0,0.0,NAN,NAN,SIN_NUMERO,NAN,NAN,SIN_NUMERO,NAN,0.0,0.0,0.0,0.0,nan,nan,False,20260910-RAURA-XRD90USS-001-A
1797,20260910,15,72,77,258,2,B,0.0,0.0,0.0,NAN,NAN,SIN_NUMERO,NAN,NAN,SIN_NUMERO,NAN,0.0,0.0,0.0,0.0,nan,nan,False,20260910-RAURA-XRD90USS-001-B
1798,20260911,15,72,77,258,2,A,0.0,0.0,0.0,NAN,NAN,SIN_NUMERO,NAN,NAN,SIN_NUMERO,NAN,0.0,0.0,0.0,0.0,nan,nan,False,20260911-RAURA-XRD90USS-001-A
1799,20260911,15,72,77,258,2,B,0.0,0.0,0.0,NAN,NAN,SIN_NUMERO,NAN,NAN,SIN_NUMERO,NAN,0.0,0.0,0.0,0.0,nan,nan,False,20260911-RAURA-XRD90USS-001-B
1800,20260912,15,72,77,258,2,A,0.0,0.0,0.0,NAN,NAN,SIN_NUMERO,NAN,NAN,SIN_NUMERO,NAN,0.0,0.0,0.0,0.0,nan,nan,False,20260912-RAURA-XRD90USS-001-A
1801,20260912,15,72,77,258,2,B,0.0,0.0,0.0,NAN,NAN,SIN_NUMERO,NAN,NAN,SIN_NUMERO,NAN,0.0,0.0,0.0,0.0,nan,nan,False,20260912-RAURA-XRD90USS-001-B
1802,20260913,15,72,77,258,2,A,0.0,0.0,0.0,NAN,NAN,SIN_NUMERO,NAN,NAN,SIN_NUMERO,NAN,0.0,0.0,0.0,0.0,nan,nan,False,20260913-RAURA-XRD90USS-001-A
1803,20260913,15,72,77,258,2,B,0.0,0.0,0.0,NAN,NAN,SIN_NUMERO,NAN,NAN,SIN_NUMERO,NAN,0.0,0.0,0.0,0.0,nan,nan,False,20260913-RAURA-XRD90USS-001-B
1804,20260914,15,72,77,258,2,A,0.0,0.0,0.0,NAN,NAN,SIN_NUMERO,NAN,NAN,SIN_NUMERO,NAN,0.0,0.0,0.0,0.0,nan,nan,False,20260914-RAURA-XRD90USS-001-A
1805,20260914,15,72,77,258,2,B,0.0,0.0,0.0,NAN,NAN,SIN_NUMERO,NAN,NAN,SIN_NUMERO,NAN,0.0,0.0,0.0,0.0,nan,nan,False,20260914-RAURA-XRD90USS-001-B
1806,20260915,15,72,77,258,2,A,0.0,0.0,0.0,NAN,NAN,SIN_NUMERO,NAN,NAN,SIN_NUMERO,NAN,0.0,0.0,0.0,0.0,nan,nan,False,20260915-RAURA-XRD90USS-001-A
1807,20260915,15,72,77,258,2,B,0.0,0.0,0.0,NAN,NAN,SIN_NUMERO,NAN,NAN,SIN_NUMERO,NAN,0.0,0.0,0.0,0.0,nan,nan,False,20260915-RAURA-XRD90USS-001-B
1808,20260916,15,72,77,258,2,A,0.0,0.0,0.0,NAN,NAN,SIN_NUMERO,NAN,NAN,SIN_NUMERO,NAN,0.0,0.0,0.0,0.0,nan,nan,False,20260916-RAURA-XRD90USS-001-A
1809,20260916,15,72,77,258,2,B,0.0,0.0,0.0,NAN,NAN,SIN_NUMERO,NAN,NAN,SIN_NUMERO,NAN,0.0,0.0,0.0,0.0,nan,nan,False,20260916-RAURA-XRD90USS-001-B
1810,20260917,15,72,77,258,2,A,0.0,0.0,0.0,NAN,NAN,SIN_NUMERO,NAN,NAN,SIN_NUMERO,NAN,0.0,0.0,0.0,0.0,nan,nan,False,20260917-RAURA-XRD90USS-001-A
1811,20260917,15,72,77,258,2,B,0.0,0.0,0.0,NAN,NAN,SIN_NUMERO,NAN,NAN,SIN_NUMERO,NAN,0.0,0.0,0.0,0.0,nan,nan,False,20260917-RAURA-XRD90USS-001-B
1812,20260918,15,72,77,258,2,A,0.0,0.0,0.0,NAN,NAN,SIN_NUMERO,NAN,NAN,SIN_NUMERO,NAN,0.0,0.0,0.0,0.0,nan,nan,False,20260918-RAURA-XRD90USS-001-A
1813,20260918,15,72,77,258,2,B,0.0,0.0,0.0,NAN,NAN,SIN_NUMERO,NAN,NAN,SIN_NUMERO,NAN,0.0,0.0,0.0,0.0,nan,nan,False,20260918-RAURA-XRD90USS-001-B
1814,20260919,15,72,77,258,2,A,0.0,0.0,0.0,NAN,NAN,SIN_NUMERO,NAN,NAN,SIN_NUMERO,NAN,0.0,0.0,0.0,0.0,nan,nan,False,20260919-RAURA-XRD90USS-001-A
1815,20260919,15,72,77,258,2,B,0.0,0.0,0.0,NAN,NAN,SIN_NUMERO,NAN,NAN,SIN_NUMERO,NAN,0.0,0.0,0.0,0.0,nan,nan,False,20260919-RAURA-XRD90USS-001-B
1816,20260920,15,72,77,258,2,A,0.0,0.0,0.0,NAN,NAN,SIN_NUMERO,NAN,NAN,SIN_NUMERO,NAN,0.0,0.0,0.0,0.0,nan,nan,False,20260920-RAURA-XRD90USS-001-A
1817,20260920,15,72,77,258,2,B,0.0,0.0,0.0,NAN,NAN,SIN_NUMERO,NAN,NAN,SIN_NUMERO,NAN,0.0,0.0,0.0,0.0,nan,nan,False,20260920-RAURA-XRD90USS-001-B
1818,20260921,15,72,77,258,2,A,0.0,0.0,0.0,NAN,NAN,SIN_NUMERO,NAN,NAN,SIN_NUMERO,NAN,0.0,0.0,0.0,0.0,nan,nan,False,20260921-RAURA-XRD90USS-001-A
1819,20260921,15,72,77,258,2,B,0.0,0.0,0.0,NAN,NAN,SIN_NUMERO,NAN,NAN,SIN_NUMERO,NAN,0.0,0.0,0.0,0.0,nan,nan,False,20260921-RAURA-XRD90USS-001-B
1820,20260922,15,72,77,258,2,A,0.0,0.0,0.0,NAN,NAN,SIN_NUMERO,NAN,NAN,SIN_NUMERO,NAN,0.0,0.0,0.0,0.0,nan,nan,False,20260922-RAURA-XRD90USS-001-A
1821,20260922,15,72,77,258,2,B,0.0,0.0,0.0,NAN,NAN,SIN_NUMERO,NAN,NAN,SIN_NUMERO,NAN,0.0,0.0,0.0,0.0,nan,nan,False,20260922-RAURA-XRD90USS-001-B
1822,20260923,15,72,77,258,2,A,0.0,0.0,0.0,NAN,NAN,SIN_NUMERO,NAN,NAN,SIN_NUMERO,NAN,0.0,0.0,0.0,0.0,nan,nan,False,20260923-RAURA-XRD90USS-001-A
1823,20260923,15,72,77,258,2,B,0.0,0.0,0.0,NAN,NAN,SIN_NUMERO,NAN,NAN,SIN_NUMERO,NAN,0.0,0.0,0.0,0.0,nan,nan,False,20260923-RAURA-XRD90USS-001-B
1824,20260924,15,72,77,258,2,A,0.0,0.0,0.0,NAN,NAN,SIN_NUMERO,NAN,NAN,SIN_NUMERO,NAN,0.0,0.0,0.0,0.0,nan,nan,False,20260924-RAURA-XRD90USS-001-A
1825,20260924,15,72,77,258,2,B,0.0,0.0,0.0,NAN,NAN,SIN_NUMERO,NAN,NAN,SIN_NUMERO,NAN,0.0,0.0,0.0,0.0,nan,nan,False,20260924-RAURA-XRD90USS-001-B
1826,20260925,15,72,77,258,2,A,0.0,0.0,0.0,NAN,NAN,SIN_NUMERO,NAN,NAN,SIN_NUMERO,NAN,0.0,0.0,0.0,0.0,nan,nan,False,20260925-RAURA-XRD90USS-001-A
1827,20260925,15,72,77,258,2,B,0.0,0.0,0.0,NAN,NAN,SIN_NUMERO,NAN,NAN,SIN_NUMERO,NAN,0.0,0.0,0.0,0.0,nan,nan,False,20260925-RAURA-XRD90USS-001-B
1828,20260826,15,71,77,387,2,A,0.0,0.0,0.0,NAN,NAN,SIN_NUMERO,NAN,NAN,SIN_NUMERO,NAN,0.0,0.0,1.48,0.0,nan,"Se estandariza cámara, máquina y accesorios, se descarga tubería y se apila en caballete, se realiza obturación de sondaje, se coloca packers con dificultad por presión de agua, se hace orden y limpieza máquina y accesorios.",False,20260826-RAURA-XRD150UBT-001-A
1829,20260826,15,71,77,227,2,B,0.0,0.0,0.0,NAN,NAN,SIN_NUMERO,NAN,NAN,SIN_NUMERO,NAN,0.0,0.0,0.0,0.0,nan,"Se estandariza cámara, máquina y accesorios, se obtura el sondaje, se encuentra packer salido, se mueve el equipo de perforación al siguiente punto, se perfora para perno centro y se ancla el equipo de perforación, se corrobora con el equipo y se deja listo para iniciar la perforación, se hace orden y limpieza máquina y accesorios.",False,20260826-RAURA-XRD150UBT-001-B
1830,20260827,15,71,26,387,2,A,0.0,34.33,34.33,HARDCORE,X10,433036,USADO,HARDCORE,482962,USADO,0.0,0.0,5.85,0.0,MARMOL,"Se rellena las herramientas de gestión, se engrasa equipo y accesorios de perforacion, se da inicio a la perforación con normalidad todo el turno, se hace orden y limpieza máquina y accesorios.",False,20260827-RAURA-XRD150UBT-001-A
1831,20260827,15,71,26,227,2,B,34.33,62.0,27.67,HARDCORE,X10,433036,USADO,HARDCORE,482962,USADO,0.0,0.0,0.0,0.0,MARMOL,"Se continúa con la perforación aplicando los parámetros de perforación con una buena dosificación de aditivos, se tiene problemas con la energía eléctrica 440 desde 3:00 am a fin de guardia, se recoge lama de las pozas, se hace orden y limpieza máquina y accesorios.",False,20260827-RAURA-XRD150UBT-001-B
1832,20260828,15,71,26,387,2,A,62.0,93.02,31.02,HARDCORE,X10,433036,USADO,HARDCORE,482962,USADO,0.0,0.0,5.92,0.0,MARMOL,"A inicio de guardia se descarga las barras de perforación para el cambio de barel a 10"", se continúa con la perforación aplicando los parámetros de perforación con una buena dosificación de aditivos, se recoge lama de las pozas, se hace orden y limpieza máquina y accesorios.",False,20260828-RAURA-XRD150UBT-001-A
1833,20260828,15,71,26,227,2,B,93.02,113.45,20.43,HARDCORE,X10,433036,USADO,HARDCORE,482962,USADO,0.0,0.0,0.0,0.0,MARMOL,"Se continúa con la perforación aplicando los parámetros de perforación con una buena dosificación de aditivos, se recoge lama de las pozas, se hace orden y limpieza máquina y accesorios.",False,20260828-RAURA-XRD150UBT-001-B
1834,20260829,15,71,26,387,2,A,113.45,128.96,15.51,HARDCORE,X10,433036,USADO,HARDCORE,482962,USADO,0.0,0.0,6.05,0.0,MARMOL,"Se continúa con la perforación aplicando los parámetros de perforación con una buena dosificación de aditivos, se tiene corte de energía a media guardia, se recoge lama de las pozas, se hace orden y limpieza máquina y accesorios.",False,20260829-RAURA-XRD150UBT-001-A
1835,20260829,15,71,26,227,2,B,128.96,146.04,17.08,HARDCORE,X10,433036,USADO,HARDCORE,482962,USADO,0.0,0.0,0.0,0.0,MARMOL,"Se descarga la tubería por qué se rompió el cable waraline que dejó la guardia anterior, se continúa con la perforación aplicando los parámetros de perforación con una buena dosificación de aditivos, se recoge lama de las pozas, se hace orden y limpieza máquina y accesorios.",False,20260829-RAURA-XRD150UBT-001-B
1836,20260830,15,71,26,387,2,A,146.04,165.67,19.63,HARDCORE,X10,433036,USADO,HARDCORE,482962,USADO,0.0,0.0,6.22,0.0,MARMOL,"Se rellena las herramientas de gestión, se continúa con la perforación aplicando los parámetros de perforación con una buena dosificación de aditivos, se recoge lama de las pozas, se hace orden y limpieza máquina y accesorios.",False,20260830-RAURA-XRD150UBT-001-A
1837,20260830,15,71,26,227,2,B,165.67,177.9,12.23,HARDCORE,X10,433036,USADO,HARDCORE,482962,USADO,0.0,0.0,0.0,0.0,MARMOL,"Se continúa con la perforación aplicando los parámetros de perforación con una buena dosificación de aditivos, se corta nivel friatico 150 galones/ minuto, se recoge lama de las pozas, se hace orden y limpieza máquina y accesorios.",False,20260830-RAURA-XRD150UBT-001-B
1838,20260831,15,71,26,387,2,A,177.9,180.89,2.99,HARDCORE,X10,433036,USADO,HARDCORE,482962,USADO,0.0,0.0,2.95,0.0,MARMOL,"A inicio de guardia el mecánico interviene a la bomba de lodos, se continúa con la perforación aplicando los parámetros de perforación con una buena dosificación de aditivos, se tiene contra presión por el nivel friatico, se recoge lama de las pozas.",False,20260831-RAURA-XRD150UBT-001-A
1839,20260831,15,71,26,227,2,B,180.89,197.86,16.97,HARDCORE,X10,433036,USADO,HARDCORE,482962,USADO,0.0,0.0,0.0,0.0,MARMOL,"Se continúa con la perforación aplicando los parámetros de perforación con una buena dosificación de aditivos, geohidraulica realizó la medición del nivel friatico, se recoge lama de las pozas.",False,20260831-RAURA-XRD150UBT-001-B
1840,20260901,15,71,26,258,2,A,0.0,0.0,0.0,NAN,NAN,SIN_NUMERO,NAN,NAN,SIN_NUMERO,NAN,0.0,0.0,0.0,0.0,nan,nan,False,20260901-RAURA-XRD150UBT-001-A
1841,20260901,15,71,77,258,2,B,0.0,0.0,0.0,NAN,NAN,SIN_NUMERO,NAN,NAN,SIN_NUMERO,NAN,0.0,0.0,0.0,0.0,nan,nan,False,20260901-RAURA-XRD150UBT-001-B
1842,20260902,15,71,77,258,2,A,0.0,0.0,0.0,NAN,NAN,SIN_NUMERO,NAN,NAN,SIN_NUMERO,NAN,0.0,0.0,0.0,0.0,nan,nan,False,20260902-RAURA-XRD150UBT-001-A
1843,20260902,15,71,77,258,2,B,0.0,0.0,0.0,NAN,NAN,SIN_NUMERO,NAN,NAN,SIN_NUMERO,NAN,0.0,0.0,0.0,0.0,nan,nan,False,20260902-RAURA-XRD150UBT-001-B
1844,20260903,15,71,77,258,2,A,0.0,0.0,0.0,NAN,NAN,SIN_NUMERO,NAN,NAN,SIN_NUMERO,NAN,0.0,0.0,0.0,0.0,nan,nan,False,20260903-RAURA-XRD150UBT-001-A
1845,20260903,15,71,77,258,2,B,0.0,0.0,0.0,NAN,NAN,SIN_NUMERO,NAN,NAN,SIN_NUMERO,NAN,0.0,0.0,0.0,0.0,nan,nan,False,20260903-RAURA-XRD150UBT-001-B
1846,20260904,15,71,77,258,2,A,0.0,0.0,0.0,NAN,NAN,SIN_NUMERO,NAN,NAN,SIN_NUMERO,NAN,0.0,0.0,0.0,0.0,nan,nan,False,20260904-RAURA-XRD150UBT-001-A
1847,20260904,15,71,77,258,2,B,0.0,0.0,0.0,NAN,NAN,SIN_NUMERO,NAN,NAN,SIN_NUMERO,NAN,0.0,0.0,0.0,0.0,nan,nan,False,20260904-RAURA-XRD150UBT-001-B
1848,20260905,15,71,77,258,2,A,0.0,0.0,0.0,NAN,NAN,SIN_NUMERO,NAN,NAN,SIN_NUMERO,NAN,0.0,0.0,0.0,0.0,nan,nan,False,20260905-RAURA-XRD150UBT-001-A
1849,20260905,15,71,77,258,2,B,0.0,0.0,0.0,NAN,NAN,SIN_NUMERO,NAN,NAN,SIN_NUMERO,NAN,0.0,0.0,0.0,0.0,nan,nan,False,20260905-RAURA-XRD150UBT-001-B
1850,20260906,15,71,77,258,2,A,0.0,0.0,0.0,NAN,NAN,SIN_NUMERO,NAN,NAN,SIN_NUMERO,NAN,0.0,0.0,0.0,0.0,nan,nan,False,20260906-RAURA-XRD150UBT-001-A
1851,20260906,15,71,77,258,2,B,0.0,0.0,0.0,NAN,NAN,SIN_NUMERO,NAN,NAN,SIN_NUMERO,NAN,0.0,0.0,0.0,0.0,nan,nan,False,20260906-RAURA-XRD150UBT-001-B
1852,20260907,15,71,77,258,2,A,0.0,0.0,0.0,NAN,NAN,SIN_NUMERO,NAN,NAN,SIN_NUMERO,NAN,0.0,0.0,0.0,0.0,nan,nan,False,20260907-RAURA-XRD150UBT-001-A
1853,20260907,15,71,77,258,2,B,0.0,0.0,0.0,NAN,NAN,SIN_NUMERO,NAN,NAN,SIN_NUMERO,NAN,0.0,0.0,0.0,0.0,nan,nan,False,20260907-RAURA-XRD150UBT-001-B
1854,20260908,15,71,77,258,2,A,0.0,0.0,0.0,NAN,NAN,SIN_NUMERO,NAN,NAN,SIN_NUMERO,NAN,0.0,0.0,0.0,0.0,nan,nan,False,20260908-RAURA-XRD150UBT-001-A
1855,20260908,15,71,77,258,2,B,0.0,0.0,0.0,NAN,NAN,SIN_NUMERO,NAN,NAN,SIN_NUMERO,NAN,0.0,0.0,0.0,0.0,nan,nan,False,20260908-RAURA-XRD150UBT-001-B
1856,20260909,15,71,77,258,2,A,0.0,0.0,0.0,NAN,NAN,SIN_NUMERO,NAN,NAN,SIN_NUMERO,NAN,0.0,0.0,0.0,0.0,nan,nan,False,20260909-RAURA-XRD150UBT-001-A
1857,20260909,15,71,77,258,2,B,0.0,0.0,0.0,NAN,NAN,SIN_NUMERO,NAN,NAN,SIN_NUMERO,NAN,0.0,0.0,0.0,0.0,nan,nan,False,20260909-RAURA-XRD150UBT-001-B
1858,20260910,15,71,77,258,2,A,0.0,0.0,0.0,NAN,NAN,SIN_NUMERO,NAN,NAN,SIN_NUMERO,NAN,0.0,0.0,0.0,0.0,nan,nan,False,20260910-RAURA-XRD150UBT-001-A
1859,20260910,15,71,77,258,2,B,0.0,0.0,0.0,NAN,NAN,SIN_NUMERO,NAN,NAN,SIN_NUMERO,NAN,0.0,0.0,0.0,0.0,nan,nan,False,20260910-RAURA-XRD150UBT-001-B
1860,20260911,15,71,77,258,2,A,0.0,0.0,0.0,NAN,NAN,SIN_NUMERO,NAN,NAN,SIN_NUMERO,NAN,0.0,0.0,0.0,0.0,nan,nan,False,20260911-RAURA-XRD150UBT-001-A
1861,20260911,15,71,77,258,2,B,0.0,0.0,0.0,NAN,NAN,SIN_NUMERO,NAN,NAN,SIN_NUMERO,NAN,0.0,0.0,0.0,0.0,nan,nan,False,20260911-RAURA-XRD150UBT-001-B
1862,20260912,15,71,77,258,2,A,0.0,0.0,0.0,NAN,NAN,SIN_NUMERO,NAN,NAN,SIN_NUMERO,NAN,0.0,0.0,0.0,0.0,nan,nan,False,20260912-RAURA-XRD150UBT-001-A
1863,20260912,15,71,77,258,2,B,0.0,0.0,0.0,NAN,NAN,SIN_NUMERO,NAN,NAN,SIN_NUMERO,NAN,0.0,0.0,0.0,0.0,nan,nan,False,20260912-RAURA-XRD150UBT-001-B
1864,20260913,15,71,77,258,2,A,0.0,0.0,0.0,NAN,NAN,SIN_NUMERO,NAN,NAN,SIN_NUMERO,NAN,0.0,0.0,0.0,0.0,nan,nan,False,20260913-RAURA-XRD150UBT-001-A
1865,20260913,15,71,77,258,2,B,0.0,0.0,0.0,NAN,NAN,SIN_NUMERO,NAN,NAN,SIN_NUMERO,NAN,0.0,0.0,0.0,0.0,nan,nan,False,20260913-RAURA-XRD150UBT-001-B
1866,20260914,15,71,77,258,2,A,0.0,0.0,0.0,NAN,NAN,SIN_NUMERO,NAN,NAN,SIN_NUMERO,NAN,0.0,0.0,0.0,0.0,nan,nan,False,20260914-RAURA-XRD150UBT-001-A
1867,20260914,15,71,77,258,2,B,0.0,0.0,0.0,NAN,NAN,SIN_NUMERO,NAN,NAN,SIN_NUMERO,NAN,0.0,0.0,0.0,0.0,nan,nan,False,20260914-RAURA-XRD150UBT-001-B
1868,20260915,15,71,77,258,2,A,0.0,0.0,0.0,NAN,NAN,SIN_NUMERO,NAN,NAN,SIN_NUMERO,NAN,0.0,0.0,0.0,0.0,nan,nan,False,20260915-RAURA-XRD150UBT-001-A
1869,20260915,15,71,77,258,2,B,0.0,0.0,0.0,NAN,NAN,SIN_NUMERO,NAN,NAN,SIN_NUMERO,NAN,0.0,0.0,0.0,0.0,nan,nan,False,20260915-RAURA-XRD150UBT-001-B
1870,20260916,15,71,77,258,2,A,0.0,0.0,0.0,NAN,NAN,SIN_NUMERO,NAN,NAN,SIN_NUMERO,NAN,0.0,0.0,0.0,0.0,nan,nan,False,20260916-RAURA-XRD150UBT-001-A
1871,20260916,15,71,77,258,2,B,0.0,0.0,0.0,NAN,NAN,SIN_NUMERO,NAN,NAN,SIN_NUMERO,NAN,0.0,0.0,0.0,0.0,nan,nan,False,20260916-RAURA-XRD150UBT-001-B
1872,20260917,15,71,77,258,2,A,0.0,0.0,0.0,NAN,NAN,SIN_NUMERO,NAN,NAN,SIN_NUMERO,NAN,0.0,0.0,0.0,0.0,nan,nan,False,20260917-RAURA-XRD150UBT-001-A
1873,20260917,15,71,77,258,2,B,0.0,0.0,0.0,NAN,NAN,SIN_NUMERO,NAN,NAN,SIN_NUMERO,NAN,0.0,0.0,0.0,0.0,nan,nan,False,20260917-RAURA-XRD150UBT-001-B
1874,20260918,15,71,77,258,2,A,0.0,0.0,0.0,NAN,NAN,SIN_NUMERO,NAN,NAN,SIN_NUMERO,NAN,0.0,0.0,0.0,0.0,nan,nan,False,20260918-RAURA-XRD150UBT-001-A
1875,20260918,15,71,77,258,2,B,0.0,0.0,0.0,NAN,NAN,SIN_NUMERO,NAN,NAN,SIN_NUMERO,NAN,0.0,0.0,0.0,0.0,nan,nan,False,20260918-RAURA-XRD150UBT-001-B
1876,20260919,15,71,77,258,2,A,0.0,0.0,0.0,NAN,NAN,SIN_NUMERO,NAN,NAN,SIN_NUMERO,NAN,0.0,0.0,0.0,0.0,nan,nan,False,20260919-RAURA-XRD150UBT-001-A
1877,20260919,15,71,77,258,2,B,0.0,0.0,0.0,NAN,NAN,SIN_NUMERO,NAN,NAN,SIN_NUMERO,NAN,0.0,0.0,0.0,0.0,nan,nan,False,20260919-RAURA-XRD150UBT-001-B
1878,20260920,15,71,77,258,2,A,0.0,0.0,0.0,NAN,NAN,SIN_NUMERO,NAN,NAN,SIN_NUMERO,NAN,0.0,0.0,0.0,0.0,nan,nan,False,20260920-RAURA-XRD150UBT-001-A
1879,20260920,15,71,77,258,2,B,0.0,0.0,0.0,NAN,NAN,SIN_NUMERO,NAN,NAN,SIN_NUMERO,NAN,0.0,0.0,0.0,0.0,nan,nan,False,20260920-RAURA-XRD150UBT-001-B
1880,20260921,15,71,77,258,2,A,0.0,0.0,0.0,NAN,NAN,SIN_NUMERO,NAN,NAN,SIN_NUMERO,NAN,0.0,0.0,0.0,0.0,nan,nan,False,20260921-RAURA-XRD150UBT-001-A
1881,20260921,15,71,77,258,2,B,0.0,0.0,0.0,NAN,NAN,SIN_NUMERO,NAN,NAN,SIN_NUMERO,NAN,0.0,0.0,0.0,0.0,nan,nan,False,20260921-RAURA-XRD150UBT-001-B
1882,20260922,15,71,77,258,2,A,0.0,0.0,0.0,NAN,NAN,SIN_NUMERO,NAN,NAN,SIN_NUMERO,NAN,0.0,0.0,0.0,0.0,nan,nan,False,20260922-RAURA-XRD150UBT-001-A
1883,20260922,15,71,77,258,2,B,0.0,0.0,0.0,NAN,NAN,SIN_NUMERO,NAN,NAN,SIN_NUMERO,NAN,0.0,0.0,0.0,0.0,nan,nan,False,20260922-RAURA-XRD150UBT-001-B
1884,20260923,15,71,77,258,2,A,0.0,0.0,0.0,NAN,NAN,SIN_NUMERO,NAN,NAN,SIN_NUMERO,NAN,0.0,0.0,0.0,0.0,nan,nan,False,20260923-RAURA-XRD150UBT-001-A
1885,20260923,15,71,77,258,2,B,0.0,0.0,0.0,NAN,NAN,SIN_NUMERO,NAN,NAN,SIN_NUMERO,NAN,0.0,0.0,0.0,0.0,nan,nan,False,20260923-RAURA-XRD150UBT-001-B
1886,20260924,15,71,77,258,2,A,0.0,0.0,0.0,NAN,NAN,SIN_NUMERO,NAN,NAN,SIN_NUMERO,NAN,0.0,0.0,0.0,0.0,nan,nan,False,20260924-RAURA-XRD150UBT-001-A
1887,20260924,15,71,77,258,2,B,0.0,0.0,0.0,NAN,NAN,SIN_NUMERO,NAN,NAN,SIN_NUMERO,NAN,0.0,0.0,0.0,0.0,nan,nan,False,20260924-RAURA-XRD150UBT-001-B
1888,20260925,15,71,77,258,2,A,0.0,0.0,0.0,NAN,NAN,SIN_NUMERO,NAN,NAN,SIN_NUMERO,NAN,0.0,0.0,0.0,0.0,nan,nan,False,20260925-RAURA-XRD150UBT-001-A
1889,20260925,15,71,77,258,2,B,0.0,0.0,0.0,NAN,NAN,SIN_NUMERO,NAN,NAN,SIN_NUMERO,NAN,0.0,0.0,0.0,0.0,nan,nan,False,20260925-RAURA-XRD150UBT-001-B
1890,20260826,15,70,25,347,2,A,83.36,95.92,12.56,HARDCORE,X9,439250,USADO,HARDCORE,190313,USADO,0.0,0.0,7.5,0.0,ENDOSCAR FRACTURADO,"Se mejora estandarizacion, orden y limpieza materiales de transito y camara DDH, se desenbona accesorio de recuperación de barras(queposo), se apila tubería y se evacua tubería inoperativo, se continúa perforación aplicando parámetros para terreno Duro fracturado, se acondiciona sondaje terreno muy fracturado, se hace orden y limpieza máquina accesorios.",False,20260826-RAURA-XRD150U-005-A
1891,20260826,15,70,25,223,2,B,95.92,111.15,15.23,HARDCORE,X9,439250,USADO,HARDCORE,190313,USADO,0.0,0.0,0.0,0.0,nan,"Se mejora estandarizacion, orden y limpieza materiales de transito y camara DDH, se continúa perforación aplicando parámetros para terreno Duro fracturado, se tiene problemas con la bomba conexión se repara y se da solución, se acondiciona sondaje terreno muy fracturado, se hace orden y limpieza máquina accesorios.",False,20260826-RAURA-XRD150U-005-B
1892,20260827,15,70,25,347,2,A,111.15,117.83,6.68,HARDCORE,X9,439250,USADO,HARDCORE,190313,USADO,0.0,0.0,3.8,0.0,ENDOSCAR FRACTURADO,"Se rellena las herramientas de gestión, se continúa perforación aplicando parámetros para terreno Duro fracturado, se pierde el retorno a los 117 metros y se atrapa la tubería, se llega recuperar las barras con dificultad, se acondiciona sondaje terreno muy fracturado, se descarga las barras para verificar estado de broca queda descargado las barras, se hace orden y limpieza máquina accesorios.",False,20260827-RAURA-XRD150U-005-A
1893,20260827,15,70,25,223,2,B,117.83,123.85,6.02,HARDCORE,X9,439250,USADO,HARDCORE,190313,USADO,0.0,0.0,0.0,0.0,nan,"A inicio se carga la tubería que dejó la guardia anterior, faltando 18 metros para llegar al tope se ingresa reperforando y acondicionando el sondaje hasta el tope y se recupera el retorno de fluidos con mucha dificultad, se continúa con la perforación aplicando los parámetros de perforación con una buena dosificación de aditivos, se vuelve a perder el retorno en dos oportunidades y se recupera al 100% a fin de turno, se hace orden y limpieza máquina accesorios",False,20260827-RAURA-XRD150U-005-B
1894,20260828,15,70,25,347,2,A,123.85,136.61,12.76,HARDCORE,X9,439250,USADO,HARDCORE,190313,USADO,0.0,0.0,6.9,0.0,ENDOSCAR FRACTURADO,"Por 3 oportunidades se recupera el retorno de fluidos con mucha dificultad, se continúa con la perforación aplicando los parámetros de perforación con una buena dosificación de aditivos, a los 131 m se pasa una grieta dónde se pierde totalmente el retorno se intenta recuperar sin éxito, se hace orden y limpieza máquina accesorios.",False,20260828-RAURA-XRD150U-005-A
1895,20260828,15,70,25,223,2,B,136.61,157.53,20.92,HARDCORE,X9,439250,USADO,HARDCORE,190313,USADO,0.0,0.0,0.0,0.0,nan,"Se continúa con la perforación aplicando los parámetros de perforación con una buena dosificación de aditivos, 0 % de retorno de fluidos de perforación, se hace orden y limpieza máquina accesorios.",False,20260828-RAURA-XRD150U-005-B
1896,20260829,15,70,25,347,2,A,157.53,171.75,14.22,HARDCORE,X9,439250,USADO,HARDCORE,190313,USADO,0.0,0.0,7.7,0.0,ENDOSCAR FRACTURADO,"Se continúa con la perforación aplicando los parámetros de perforación con una buena dosificación de aditivos, 0 % de retorno de fluidos de perforación, en la última corrida se atrapó el tuvo interior al pescar cuando se intentó recuperar se rompe el cable wireline, se hace orden y limpieza máquina accesorios.",False,20260829-RAURA-XRD150U-005-A
1897,20260829,15,70,25,223,2,B,171.75,176.44,4.69,HARDCORE,X9,439254,NUEVO,HARDCORE,190313,USADO,0.0,0.0,0.0,0.0,nan,"Se descarga la tubería con cable por se rompió el cable waraline a los 170.00 metros que dejó la guardia anterior, se verifica que en la tambora del Winche solo habra un aproximado de 210.00 metros, se cargó la tubería, pero faltando 45.00 metros se ingresa reperforando hasta el tope, se estabiliza el sondaje por demasiado Torque, se continúa con la perforación 0 % de retorno de fluidos de perforación, se hace orden y limpieza máquina accesorios.",False,20260829-RAURA-XRD150U-005-B
1898,20260830,15,70,25,347,2,A,176.44,182.63,6.19,HARDCORE,X9,439254,USADO,HARDCORE,190313,USADO,0.0,0.0,5.1,0.0,ENDOSCAR FRACTURADO,"A inicio de turno se tiene inconvenientes para el ingreso a mina por movilidad, se continua la perforación, se tranca el cabezal al pescar y se procede a descargar cableando toda la columna, queda descargada la tubería listo para cargar, se hace orden y limpieza máquina accesorios.",False,20260830-RAURA-XRD150U-005-A
1899,20260830,15,70,25,223,2,B,182.63,189.58,6.95,HARDCORE,X9,439254,USADO,HARDCORE,190313,USADO,0.0,0.0,0.0,0.0,nan,"Se saca el cable waraline de la tubería que han dejado el turno anterior para poder cargar la tubería y reperforar la zona de derrumbe, se cargó la tubería, pero faltando 33.00 metros se ingresa reperforando hasta el tope, se estabiliza el sondaje por demasiado Torque, se continúa con la perforación aplicando los parámetros de perforación con una buena dosificación de aditivos, 0 % de retorno de fluidos de perforación, se hace orden y limpieza máquina accesorios.",False,20260830-RAURA-XRD150U-005-B
1900,20260831,15,70,25,347,2,A,189.58,197.73,8.15,HARDCORE,X9,439254,USADO,HARDCORE,190313,USADO,0.0,0.0,2.3,0.0,ENDOSCAR FRACTURADO,"Se rellena las herramientas de gestión, se continúa con la perforación aplicando los parámetros de perforación con una buena dosificación de aditivos, 0 % de retorno de fluidos de perforación, se sale a media guardia para compartir por el aniversario, se hace orden y limpieza máquina accesorios.",False,20260831-RAURA-XRD150U-005-A
1901,20260831,15,70,25,223,2,B,197.73,205.28,7.55,HARDCORE,X9,439254,USADO,HARDCORE,190313,USADO,0.0,0.0,0.0,0.0,nan,"Se continúa con la perforación aplicando los parámetros de perforación con una buena dosificación de aditivos, 0 % de retorno de fluidos de perforación, se tiene problemas para perforar por demasiado torque, se descarga 15 tubos para acondicionar el sondaje, se ingresa acondicionado los 45 metros con bastante fluidos de perforación.",False,20260831-RAURA-XRD150U-005-B
1902,20260901,15,70,25,258,2,A,0.0,0.0,0.0,NAN,NAN,SIN_NUMERO,NAN,NAN,SIN_NUMERO,NAN,0.0,0.0,0.0,0.0,nan,nan,False,20260901-RAURA-XRD150U-005-A
1903,20260901,15,70,77,258,2,B,0.0,0.0,0.0,NAN,NAN,SIN_NUMERO,NAN,NAN,SIN_NUMERO,NAN,0.0,0.0,0.0,0.0,nan,nan,False,20260901-RAURA-XRD150U-005-B
1904,20260902,15,70,77,258,2,A,0.0,0.0,0.0,NAN,NAN,SIN_NUMERO,NAN,NAN,SIN_NUMERO,NAN,0.0,0.0,0.0,0.0,nan,nan,False,20260902-RAURA-XRD150U-005-A
1905,20260902,15,70,77,258,2,B,0.0,0.0,0.0,NAN,NAN,SIN_NUMERO,NAN,NAN,SIN_NUMERO,NAN,0.0,0.0,0.0,0.0,nan,nan,False,20260902-RAURA-XRD150U-005-B
1906,20260903,15,70,77,258,2,A,0.0,0.0,0.0,NAN,NAN,SIN_NUMERO,NAN,NAN,SIN_NUMERO,NAN,0.0,0.0,0.0,0.0,nan,nan,False,20260903-RAURA-XRD150U-005-A
1907,20260903,15,70,77,258,2,B,0.0,0.0,0.0,NAN,NAN,SIN_NUMERO,NAN,NAN,SIN_NUMERO,NAN,0.0,0.0,0.0,0.0,nan,nan,False,20260903-RAURA-XRD150U-005-B
1908,20260904,15,70,77,258,2,A,0.0,0.0,0.0,NAN,NAN,SIN_NUMERO,NAN,NAN,SIN_NUMERO,NAN,0.0,0.0,0.0,0.0,nan,nan,False,20260904-RAURA-XRD150U-005-A
1909,20260904,15,70,77,258,2,B,0.0,0.0,0.0,NAN,NAN,SIN_NUMERO,NAN,NAN,SIN_NUMERO,NAN,0.0,0.0,0.0,0.0,nan,nan,False,20260904-RAURA-XRD150U-005-B
1910,20260905,15,70,77,258,2,A,0.0,0.0,0.0,NAN,NAN,SIN_NUMERO,NAN,NAN,SIN_NUMERO,NAN,0.0,0.0,0.0,0.0,nan,nan,False,20260905-RAURA-XRD150U-005-A
1911,20260905,15,70,77,258,2,B,0.0,0.0,0.0,NAN,NAN,SIN_NUMERO,NAN,NAN,SIN_NUMERO,NAN,0.0,0.0,0.0,0.0,nan,nan,False,20260905-RAURA-XRD150U-005-B
1912,20260906,15,70,77,258,2,A,0.0,0.0,0.0,NAN,NAN,SIN_NUMERO,NAN,NAN,SIN_NUMERO,NAN,0.0,0.0,0.0,0.0,nan,nan,False,20260906-RAURA-XRD150U-005-A
1913,20260906,15,70,77,258,2,B,0.0,0.0,0.0,NAN,NAN,SIN_NUMERO,NAN,NAN,SIN_NUMERO,NAN,0.0,0.0,0.0,0.0,nan,nan,False,20260906-RAURA-XRD150U-005-B
1914,20260907,15,70,77,258,2,A,0.0,0.0,0.0,NAN,NAN,SIN_NUMERO,NAN,NAN,SIN_NUMERO,NAN,0.0,0.0,0.0,0.0,nan,nan,False,20260907-RAURA-XRD150U-005-A
1915,20260907,15,70,77,258,2,B,0.0,0.0,0.0,NAN,NAN,SIN_NUMERO,NAN,NAN,SIN_NUMERO,NAN,0.0,0.0,0.0,0.0,nan,nan,False,20260907-RAURA-XRD150U-005-B
1916,20260908,15,70,77,258,2,A,0.0,0.0,0.0,NAN,NAN,SIN_NUMERO,NAN,NAN,SIN_NUMERO,NAN,0.0,0.0,0.0,0.0,nan,nan,False,20260908-RAURA-XRD150U-005-A
1917,20260908,15,70,77,258,2,B,0.0,0.0,0.0,NAN,NAN,SIN_NUMERO,NAN,NAN,SIN_NUMERO,NAN,0.0,0.0,0.0,0.0,nan,nan,False,20260908-RAURA-XRD150U-005-B
1918,20260909,15,70,77,258,2,A,0.0,0.0,0.0,NAN,NAN,SIN_NUMERO,NAN,NAN,SIN_NUMERO,NAN,0.0,0.0,0.0,0.0,nan,nan,False,20260909-RAURA-XRD150U-005-A
1919,20260909,15,70,77,258,2,B,0.0,0.0,0.0,NAN,NAN,SIN_NUMERO,NAN,NAN,SIN_NUMERO,NAN,0.0,0.0,0.0,0.0,nan,nan,False,20260909-RAURA-XRD150U-005-B
1920,20260910,15,70,77,258,2,A,0.0,0.0,0.0,NAN,NAN,SIN_NUMERO,NAN,NAN,SIN_NUMERO,NAN,0.0,0.0,0.0,0.0,nan,nan,False,20260910-RAURA-XRD150U-005-A
1921,20260910,15,70,77,258,2,B,0.0,0.0,0.0,NAN,NAN,SIN_NUMERO,NAN,NAN,SIN_NUMERO,NAN,0.0,0.0,0.0,0.0,nan,nan,False,20260910-RAURA-XRD150U-005-B
1922,20260911,15,70,77,258,2,A,0.0,0.0,0.0,NAN,NAN,SIN_NUMERO,NAN,NAN,SIN_NUMERO,NAN,0.0,0.0,0.0,0.0,nan,nan,False,20260911-RAURA-XRD150U-005-A
1923,20260911,15,70,77,258,2,B,0.0,0.0,0.0,NAN,NAN,SIN_NUMERO,NAN,NAN,SIN_NUMERO,NAN,0.0,0.0,0.0,0.0,nan,nan,False,20260911-RAURA-XRD150U-005-B
1924,20260912,15,70,77,258,2,A,0.0,0.0,0.0,NAN,NAN,SIN_NUMERO,NAN,NAN,SIN_NUMERO,NAN,0.0,0.0,0.0,0.0,nan,nan,False,20260912-RAURA-XRD150U-005-A
1925,20260912,15,70,77,258,2,B,0.0,0.0,0.0,NAN,NAN,SIN_NUMERO,NAN,NAN,SIN_NUMERO,NAN,0.0,0.0,0.0,0.0,nan,nan,False,20260912-RAURA-XRD150U-005-B
1926,20260913,15,70,77,258,2,A,0.0,0.0,0.0,NAN,NAN,SIN_NUMERO,NAN,NAN,SIN_NUMERO,NAN,0.0,0.0,0.0,0.0,nan,nan,False,20260913-RAURA-XRD150U-005-A
1927,20260913,15,70,77,258,2,B,0.0,0.0,0.0,NAN,NAN,SIN_NUMERO,NAN,NAN,SIN_NUMERO,NAN,0.0,0.0,0.0,0.0,nan,nan,False,20260913-RAURA-XRD150U-005-B
1928,20260914,15,70,77,258,2,A,0.0,0.0,0.0,NAN,NAN,SIN_NUMERO,NAN,NAN,SIN_NUMERO,NAN,0.0,0.0,0.0,0.0,nan,nan,False,20260914-RAURA-XRD150U-005-A
1929,20260914,15,70,77,258,2,B,0.0,0.0,0.0,NAN,NAN,SIN_NUMERO,NAN,NAN,SIN_NUMERO,NAN,0.0,0.0,0.0,0.0,nan,nan,False,20260914-RAURA-XRD150U-005-B
1930,20260915,15,70,77,258,2,A,0.0,0.0,0.0,NAN,NAN,SIN_NUMERO,NAN,NAN,SIN_NUMERO,NAN,0.0,0.0,0.0,0.0,nan,nan,False,20260915-RAURA-XRD150U-005-A
1931,20260915,15,70,77,258,2,B,0.0,0.0,0.0,NAN,NAN,SIN_NUMERO,NAN,NAN,SIN_NUMERO,NAN,0.0,0.0,0.0,0.0,nan,nan,False,20260915-RAURA-XRD150U-005-B
1932,20260916,15,70,77,258,2,A,0.0,0.0,0.0,NAN,NAN,SIN_NUMERO,NAN,NAN,SIN_NUMERO,NAN,0.0,0.0,0.0,0.0,nan,nan,False,20260916-RAURA-XRD150U-005-A
1933,20260916,15,70,77,258,2,B,0.0,0.0,0.0,NAN,NAN,SIN_NUMERO,NAN,NAN,SIN_NUMERO,NAN,0.0,0.0,0.0,0.0,nan,nan,False,20260916-RAURA-XRD150U-005-B
1934,20260917,15,70,77,258,2,A,0.0,0.0,0.0,NAN,NAN,SIN_NUMERO,NAN,NAN,SIN_NUMERO,NAN,0.0,0.0,0.0,0.0,nan,nan,False,20260917-RAURA-XRD150U-005-A
1935,20260917,15,70,77,258,2,B,0.0,0.0,0.0,NAN,NAN,SIN_NUMERO,NAN,NAN,SIN_NUMERO,NAN,0.0,0.0,0.0,0.0,nan,nan,False,20260917-RAURA-XRD150U-005-B
1936,20260918,15,70,77,258,2,A,0.0,0.0,0.0,NAN,NAN,SIN_NUMERO,NAN,NAN,SIN_NUMERO,NAN,0.0,0.0,0.0,0.0,nan,nan,False,20260918-RAURA-XRD150U-005-A
1937,20260918,15,70,77,258,2,B,0.0,0.0,0.0,NAN,NAN,SIN_NUMERO,NAN,NAN,SIN_NUMERO,NAN,0.0,0.0,0.0,0.0,nan,nan,False,20260918-RAURA-XRD150U-005-B
1938,20260919,15,70,77,258,2,A,0.0,0.0,0.0,NAN,NAN,SIN_NUMERO,NAN,NAN,SIN_NUMERO,NAN,0.0,0.0,0.0,0.0,nan,nan,False,20260919-RAURA-XRD150U-005-A
1939,20260919,15,70,77,258,2,B,0.0,0.0,0.0,NAN,NAN,SIN_NUMERO,NAN,NAN,SIN_NUMERO,NAN,0.0,0.0,0.0,0.0,nan,nan,False,20260919-RAURA-XRD150U-005-B
1940,20260920,15,70,77,258,2,A,0.0,0.0,0.0,NAN,NAN,SIN_NUMERO,NAN,NAN,SIN_NUMERO,NAN,0.0,0.0,0.0,0.0,nan,nan,False,20260920-RAURA-XRD150U-005-A
1941,20260920,15,70,77,258,2,B,0.0,0.0,0.0,NAN,NAN,SIN_NUMERO,NAN,NAN,SIN_NUMERO,NAN,0.0,0.0,0.0,0.0,nan,nan,False,20260920-RAURA-XRD150U-005-B
1942,20260921,15,70,77,258,2,A,0.0,0.0,0.0,NAN,NAN,SIN_NUMERO,NAN,NAN,SIN_NUMERO,NAN,0.0,0.0,0.0,0.0,nan,nan,False,20260921-RAURA-XRD150U-005-A
1943,20260921,15,70,77,258,2,B,0.0,0.0,0.0,NAN,NAN,SIN_NUMERO,NAN,NAN,SIN_NUMERO,NAN,0.0,0.0,0.0,0.0,nan,nan,False,20260921-RAURA-XRD150U-005-B
1944,20260922,15,70,77,258,2,A,0.0,0.0,0.0,NAN,NAN,SIN_NUMERO,NAN,NAN,SIN_NUMERO,NAN,0.0,0.0,0.0,0.0,nan,nan,False,20260922-RAURA-XRD150U-005-A
1945,20260922,15,70,77,258,2,B,0.0,0.0,0.0,NAN,NAN,SIN_NUMERO,NAN,NAN,SIN_NUMERO,NAN,0.0,0.0,0.0,0.0,nan,nan,False,20260922-RAURA-XRD150U-005-B
1946,20260923,15,70,77,258,2,A,0.0,0.0,0.0,NAN,NAN,SIN_NUMERO,NAN,NAN,SIN_NUMERO,NAN,0.0,0.0,0.0,0.0,nan,nan,False,20260923-RAURA-XRD150U-005-A
1947,20260923,15,70,77,258,2,B,0.0,0.0,0.0,NAN,NAN,SIN_NUMERO,NAN,NAN,SIN_NUMERO,NAN,0.0,0.0,0.0,0.0,nan,nan,False,20260923-RAURA-XRD150U-005-B
1948,20260924,15,70,77,258,2,A,0.0,0.0,0.0,NAN,NAN,SIN_NUMERO,NAN,NAN,SIN_NUMERO,NAN,0.0,0.0,0.0,0.0,nan,nan,False,20260924-RAURA-XRD150U-005-A
1949,20260924,15,70,77,258,2,B,0.0,0.0,0.0,NAN,NAN,SIN_NUMERO,NAN,NAN,SIN_NUMERO,NAN,0.0,0.0,0.0,0.0,nan,nan,False,20260924-RAURA-XRD150U-005-B
1950,20260925,15,70,77,258,2,A,0.0,0.0,0.0,NAN,NAN,SIN_NUMERO,NAN,NAN,SIN_NUMERO,NAN,0.0,0.0,0.0,0.0,nan,nan,False,20260925-RAURA-XRD150U-005-A
1951,20260925,15,70,77,258,2,B,0.0,0.0,0.0,NAN,NAN,SIN_NUMERO,NAN,NAN,SIN_NUMERO,NAN,0.0,0.0,0.0,0.0,nan,nan,False,20260925-RAURA-XRD150U-005-B
1952,20260826,17,82,15,185,2,A,140.0,142.0,2.0,HARDCORE,X10,439178,USADO,HARDCORE,193926,USADO,0.0,0.0,5.15,0.0,FRACTURADO,"Se realiza mantto preventivo engrase de maquina 0.5,  se carga la tuberia la tuberia al sondaje estabilizando el sondaje, se continua perforando falla con mucho torque a 4000psi.",False,20260826-SAN CRISTOBAL-XRD90U-023-A
1953,20260826,17,82,15,134,2,B,142.0,144.2,2.2,HARDCORE,X8,139175,USADO,HARDCORE,193926,USADO,0.0,0.0,0.0,0.0,FILITA FRACTURADO,"Se ingresa estabilizando el sondaje, se llega al piso con mucho torque, se continua con la perforacion terreno muy fracturado filita cuarzo, se perfora con torque elevado y presion de agua.",False,20260826-SAN CRISTOBAL-XRD90U-023-B
1954,20260827,17,82,15,185,2,A,144.2,145.5,1.3,HARDCORE,X8,429764,USADO,HARDCORE,193926,USADO,0.0,0.0,5.01,0.0,nan,"Se realiza mantto preventivo engrase de maquina y accesorios 0.5,  se ingresa estabilizando el sondaje con dificultad hasta el tope se continua con la perforacion con torque 4400 PSI, se procede a sacar 3 tubos, para liberar el torque se continua con la perforacion con torque, a fin de guardia  se inicia a descargar para cambio de broca se atrapo la tuberia a los 142 mts,  se intenta recuperar sin exito.",False,20260827-SAN CRISTOBAL-XRD90U-023-A
1955,20260827,17,82,15,134,2,B,145.5,0.0,0.0,NAN,NAN,SIN_NUMERO,NAN,NAN,SIN_NUMERO,NAN,0.0,0.0,0.0,0.0,nan,"Se hace medicion de desviacion final,  se recupera las barras NQ que estaba atrapado con mucha dificultad,  se descarga las barras NQ se procede a descargar las barrasHQ , se mueve la maquina al nuevo punto.",False,20260827-SAN CRISTOBAL-XRD90U-023-B
1956,20260828,17,82,15,185,2,A,0.0,0.0,0.0,NAN,NAN,SIN_NUMERO,NAN,NAN,SIN_NUMERO,NAN,0.0,0.0,4.05,0.0,nan,"Se mueve la maquina, se nivela y se alinea. Se perfora perno de anclaje y se ancla la maquina.",False,20260828-SAN CRISTOBAL-XRD90U-023-A
1957,20260828,17,82,17,134,2,B,0.0,27.15,27.15,HARDCORE,16-09,26020,NUEVO,HARDCORE,198700,USADO,0.0,0.0,0.0,0.0,FILITA FRACTURADO,"Se hace orden y limpieza,  se inicia la perforacion terreno filita compacto por partes fracturado toda la guardia, a fin de guardia queda OK .",False,20260828-SAN CRISTOBAL-XRD90U-023-B
1958,20260829,17,82,17,185,2,A,27.15,0.0,0.0,NAN,NAN,SIN_NUMERO,NAN,NAN,SIN_NUMERO,NAN,0.0,0.0,0.0,0.0,filita,"Se para las operaciones por orden de geologia, ordena evacuar los residuos que estan en la escuelita a los centros de acopio de residuos, se tiene visita de OEFA",False,20260829-SAN CRISTOBAL-XRD90U-023-A
1959,20260829,17,82,78,134,2,B,0.0,0.0,0.0,NAN,NAN,SIN_NUMERO,NAN,NAN,SIN_NUMERO,NAN,0.0,0.0,0.0,0.0,nan,"Se evacua materiales y accesorios de almacen temporal al almacen esculita,  se realiza evacuacion de de residuos.",False,20260829-SAN CRISTOBAL-XRD90U-023-B
1960,20260830,17,82,78,185,2,A,0.0,0.0,0.0,NAN,NAN,SIN_NUMERO,NAN,NAN,SIN_NUMERO,NAN,0.0,0.0,0.0,0.0,nan,nan,False,20260830-SAN CRISTOBAL-XRD90U-023-A
1961,20260830,17,82,78,134,2,B,0.0,0.0,0.0,NAN,NAN,SIN_NUMERO,NAN,NAN,SIN_NUMERO,NAN,0.0,0.0,0.0,0.0,nan,nan,False,20260830-SAN CRISTOBAL-XRD90U-023-B
1962,20260831,17,82,17,185,2,A,48.45,69.6,21.15,HARDCORE,16-09,26020,USADO,HARDCORE,198700,USADO,0.0,0.0,5.79,0.0,FILITA FRACTURADO,"Se realiza mantto preventivo engrase de maquina,  se continua con la perforacion topografia realiza el levantamiento del sondaje, se continua con la perforacion terreno fracturado,",False,20260831-SAN CRISTOBAL-XRD90U-023-A
1963,20260831,17,82,17,134,2,B,69.6,75.35,5.75,HARDCORE,16-09,26020,USADO,HARDCORE,198700,USADO,0.0,0.0,0.0,0.0,CALIZA,"Se rellena Ls herramientas de gestión,  se realiza engrase de máquina se realiza el pare por acumlación de monóxido,  de 10 m a 2 am,  se reporta al centro de control y supervisor,  se continúa co la perforación.  Se realiza medición de desviación. Queda para continuar.",False,20260831-SAN CRISTOBAL-XRD90U-023-B
1964,20260901,17,82,17,258,2,A,75.35,0.0,0.0,NAN,NAN,SIN_NUMERO,NAN,NAN,SIN_NUMERO,NAN,0.0,0.0,0.0,0.0,nan,nan,False,20260901-SAN CRISTOBAL-XRD90U-023-A
1965,20260901,17,82,78,258,2,B,0.0,0.0,0.0,NAN,NAN,SIN_NUMERO,NAN,NAN,SIN_NUMERO,NAN,0.0,0.0,0.0,0.0,nan,nan,False,20260901-SAN CRISTOBAL-XRD90U-023-B
1966,20260902,17,82,78,258,2,A,0.0,0.0,0.0,NAN,NAN,SIN_NUMERO,NAN,NAN,SIN_NUMERO,NAN,0.0,0.0,0.0,0.0,nan,nan,False,20260902-SAN CRISTOBAL-XRD90U-023-A
1967,20260902,17,82,78,258,2,B,0.0,0.0,0.0,NAN,NAN,SIN_NUMERO,NAN,NAN,SIN_NUMERO,NAN,0.0,0.0,0.0,0.0,nan,nan,False,20260902-SAN CRISTOBAL-XRD90U-023-B
1968,20260903,17,82,78,258,2,A,0.0,0.0,0.0,NAN,NAN,SIN_NUMERO,NAN,NAN,SIN_NUMERO,NAN,0.0,0.0,0.0,0.0,nan,nan,False,20260903-SAN CRISTOBAL-XRD90U-023-A
1969,20260903,17,82,78,258,2,B,0.0,0.0,0.0,NAN,NAN,SIN_NUMERO,NAN,NAN,SIN_NUMERO,NAN,0.0,0.0,0.0,0.0,nan,nan,False,20260903-SAN CRISTOBAL-XRD90U-023-B
1970,20260904,17,82,78,258,2,A,0.0,0.0,0.0,NAN,NAN,SIN_NUMERO,NAN,NAN,SIN_NUMERO,NAN,0.0,0.0,0.0,0.0,nan,nan,False,20260904-SAN CRISTOBAL-XRD90U-023-A
1971,20260904,17,82,78,258,2,B,0.0,0.0,0.0,NAN,NAN,SIN_NUMERO,NAN,NAN,SIN_NUMERO,NAN,0.0,0.0,0.0,0.0,nan,nan,False,20260904-SAN CRISTOBAL-XRD90U-023-B
1972,20260905,17,82,78,258,2,A,0.0,0.0,0.0,NAN,NAN,SIN_NUMERO,NAN,NAN,SIN_NUMERO,NAN,0.0,0.0,0.0,0.0,nan,nan,False,20260905-SAN CRISTOBAL-XRD90U-023-A
1973,20260905,17,82,78,258,2,B,0.0,0.0,0.0,NAN,NAN,SIN_NUMERO,NAN,NAN,SIN_NUMERO,NAN,0.0,0.0,0.0,0.0,nan,nan,False,20260905-SAN CRISTOBAL-XRD90U-023-B
1974,20260906,17,82,78,258,2,A,0.0,0.0,0.0,NAN,NAN,SIN_NUMERO,NAN,NAN,SIN_NUMERO,NAN,0.0,0.0,0.0,0.0,nan,nan,False,20260906-SAN CRISTOBAL-XRD90U-023-A
1975,20260906,17,82,78,258,2,B,0.0,0.0,0.0,NAN,NAN,SIN_NUMERO,NAN,NAN,SIN_NUMERO,NAN,0.0,0.0,0.0,0.0,nan,nan,False,20260906-SAN CRISTOBAL-XRD90U-023-B
1976,20260907,17,82,78,258,2,A,0.0,0.0,0.0,NAN,NAN,SIN_NUMERO,NAN,NAN,SIN_NUMERO,NAN,0.0,0.0,0.0,0.0,nan,nan,False,20260907-SAN CRISTOBAL-XRD90U-023-A
1977,20260907,17,82,78,258,2,B,0.0,0.0,0.0,NAN,NAN,SIN_NUMERO,NAN,NAN,SIN_NUMERO,NAN,0.0,0.0,0.0,0.0,nan,nan,False,20260907-SAN CRISTOBAL-XRD90U-023-B
1978,20260908,17,82,78,258,2,A,0.0,0.0,0.0,NAN,NAN,SIN_NUMERO,NAN,NAN,SIN_NUMERO,NAN,0.0,0.0,0.0,0.0,nan,nan,False,20260908-SAN CRISTOBAL-XRD90U-023-A
1979,20260908,17,82,78,258,2,B,0.0,0.0,0.0,NAN,NAN,SIN_NUMERO,NAN,NAN,SIN_NUMERO,NAN,0.0,0.0,0.0,0.0,nan,nan,False,20260908-SAN CRISTOBAL-XRD90U-023-B
1980,20260909,17,82,78,258,2,A,0.0,0.0,0.0,NAN,NAN,SIN_NUMERO,NAN,NAN,SIN_NUMERO,NAN,0.0,0.0,0.0,0.0,nan,nan,False,20260909-SAN CRISTOBAL-XRD90U-023-A
1981,20260909,17,82,78,258,2,B,0.0,0.0,0.0,NAN,NAN,SIN_NUMERO,NAN,NAN,SIN_NUMERO,NAN,0.0,0.0,0.0,0.0,nan,nan,False,20260909-SAN CRISTOBAL-XRD90U-023-B
1982,20260910,17,82,78,258,2,A,0.0,0.0,0.0,NAN,NAN,SIN_NUMERO,NAN,NAN,SIN_NUMERO,NAN,0.0,0.0,0.0,0.0,nan,nan,False,20260910-SAN CRISTOBAL-XRD90U-023-A
1983,20260910,17,82,78,258,2,B,0.0,0.0,0.0,NAN,NAN,SIN_NUMERO,NAN,NAN,SIN_NUMERO,NAN,0.0,0.0,0.0,0.0,nan,nan,False,20260910-SAN CRISTOBAL-XRD90U-023-B
1984,20260911,17,82,78,258,2,A,0.0,0.0,0.0,NAN,NAN,SIN_NUMERO,NAN,NAN,SIN_NUMERO,NAN,0.0,0.0,0.0,0.0,nan,nan,False,20260911-SAN CRISTOBAL-XRD90U-023-A
1985,20260911,17,82,78,258,2,B,0.0,0.0,0.0,NAN,NAN,SIN_NUMERO,NAN,NAN,SIN_NUMERO,NAN,0.0,0.0,0.0,0.0,nan,nan,False,20260911-SAN CRISTOBAL-XRD90U-023-B
1986,20260912,17,82,78,258,2,A,0.0,0.0,0.0,NAN,NAN,SIN_NUMERO,NAN,NAN,SIN_NUMERO,NAN,0.0,0.0,0.0,0.0,nan,nan,False,20260912-SAN CRISTOBAL-XRD90U-023-A
1987,20260912,17,82,78,258,2,B,0.0,0.0,0.0,NAN,NAN,SIN_NUMERO,NAN,NAN,SIN_NUMERO,NAN,0.0,0.0,0.0,0.0,nan,nan,False,20260912-SAN CRISTOBAL-XRD90U-023-B
1988,20260913,17,82,78,258,2,A,0.0,0.0,0.0,NAN,NAN,SIN_NUMERO,NAN,NAN,SIN_NUMERO,NAN,0.0,0.0,0.0,0.0,nan,nan,False,20260913-SAN CRISTOBAL-XRD90U-023-A
1989,20260913,17,82,78,258,2,B,0.0,0.0,0.0,NAN,NAN,SIN_NUMERO,NAN,NAN,SIN_NUMERO,NAN,0.0,0.0,0.0,0.0,nan,nan,False,20260913-SAN CRISTOBAL-XRD90U-023-B
1990,20260914,17,82,78,258,2,A,0.0,0.0,0.0,NAN,NAN,SIN_NUMERO,NAN,NAN,SIN_NUMERO,NAN,0.0,0.0,0.0,0.0,nan,nan,False,20260914-SAN CRISTOBAL-XRD90U-023-A
1991,20260914,17,82,78,258,2,B,0.0,0.0,0.0,NAN,NAN,SIN_NUMERO,NAN,NAN,SIN_NUMERO,NAN,0.0,0.0,0.0,0.0,nan,nan,False,20260914-SAN CRISTOBAL-XRD90U-023-B
1992,20260915,17,82,78,258,2,A,0.0,0.0,0.0,NAN,NAN,SIN_NUMERO,NAN,NAN,SIN_NUMERO,NAN,0.0,0.0,0.0,0.0,nan,nan,False,20260915-SAN CRISTOBAL-XRD90U-023-A
1993,20260915,17,82,78,258,2,B,0.0,0.0,0.0,NAN,NAN,SIN_NUMERO,NAN,NAN,SIN_NUMERO,NAN,0.0,0.0,0.0,0.0,nan,nan,False,20260915-SAN CRISTOBAL-XRD90U-023-B
1994,20260916,17,82,78,258,2,A,0.0,0.0,0.0,NAN,NAN,SIN_NUMERO,NAN,NAN,SIN_NUMERO,NAN,0.0,0.0,0.0,0.0,nan,nan,False,20260916-SAN CRISTOBAL-XRD90U-023-A
1995,20260916,17,82,78,258,2,B,0.0,0.0,0.0,NAN,NAN,SIN_NUMERO,NAN,NAN,SIN_NUMERO,NAN,0.0,0.0,0.0,0.0,nan,nan,False,20260916-SAN CRISTOBAL-XRD90U-023-B
1996,20260917,17,82,78,258,2,A,0.0,0.0,0.0,NAN,NAN,SIN_NUMERO,NAN,NAN,SIN_NUMERO,NAN,0.0,0.0,0.0,0.0,nan,nan,False,20260917-SAN CRISTOBAL-XRD90U-023-A
1997,20260917,17,82,78,258,2,B,0.0,0.0,0.0,NAN,NAN,SIN_NUMERO,NAN,NAN,SIN_NUMERO,NAN,0.0,0.0,0.0,0.0,nan,nan,False,20260917-SAN CRISTOBAL-XRD90U-023-B
1998,20260918,17,82,78,258,2,A,0.0,0.0,0.0,NAN,NAN,SIN_NUMERO,NAN,NAN,SIN_NUMERO,NAN,0.0,0.0,0.0,0.0,nan,nan,False,20260918-SAN CRISTOBAL-XRD90U-023-A
1999,20260918,17,82,78,258,2,B,0.0,0.0,0.0,NAN,NAN,SIN_NUMERO,NAN,NAN,SIN_NUMERO,NAN,0.0,0.0,0.0,0.0,nan,nan,False,20260918-SAN CRISTOBAL-XRD90U-023-B
2000,20260919,17,82,78,258,2,A,0.0,0.0,0.0,NAN,NAN,SIN_NUMERO,NAN,NAN,SIN_NUMERO,NAN,0.0,0.0,0.0,0.0,nan,nan,False,20260919-SAN CRISTOBAL-XRD90U-023-A
2001,20260919,17,82,78,258,2,B,0.0,0.0,0.0,NAN,NAN,SIN_NUMERO,NAN,NAN,SIN_NUMERO,NAN,0.0,0.0,0.0,0.0,nan,nan,False,20260919-SAN CRISTOBAL-XRD90U-023-B
2002,20260920,17,82,78,258,2,A,0.0,0.0,0.0,NAN,NAN,SIN_NUMERO,NAN,NAN,SIN_NUMERO,NAN,0.0,0.0,0.0,0.0,nan,nan,False,20260920-SAN CRISTOBAL-XRD90U-023-A
2003,20260920,17,82,78,258,2,B,0.0,0.0,0.0,NAN,NAN,SIN_NUMERO,NAN,NAN,SIN_NUMERO,NAN,0.0,0.0,0.0,0.0,nan,nan,False,20260920-SAN CRISTOBAL-XRD90U-023-B
2004,20260921,17,82,78,258,2,A,0.0,0.0,0.0,NAN,NAN,SIN_NUMERO,NAN,NAN,SIN_NUMERO,NAN,0.0,0.0,0.0,0.0,nan,nan,False,20260921-SAN CRISTOBAL-XRD90U-023-A
2005,20260921,17,82,78,258,2,B,0.0,0.0,0.0,NAN,NAN,SIN_NUMERO,NAN,NAN,SIN_NUMERO,NAN,0.0,0.0,0.0,0.0,nan,nan,False,20260921-SAN CRISTOBAL-XRD90U-023-B
2006,20260922,17,82,78,258,2,A,0.0,0.0,0.0,NAN,NAN,SIN_NUMERO,NAN,NAN,SIN_NUMERO,NAN,0.0,0.0,0.0,0.0,nan,nan,False,20260922-SAN CRISTOBAL-XRD90U-023-A
2007,20260922,17,82,78,258,2,B,0.0,0.0,0.0,NAN,NAN,SIN_NUMERO,NAN,NAN,SIN_NUMERO,NAN,0.0,0.0,0.0,0.0,nan,nan,False,20260922-SAN CRISTOBAL-XRD90U-023-B
2008,20260923,17,82,78,258,2,A,0.0,0.0,0.0,NAN,NAN,SIN_NUMERO,NAN,NAN,SIN_NUMERO,NAN,0.0,0.0,0.0,0.0,nan,nan,False,20260923-SAN CRISTOBAL-XRD90U-023-A
2009,20260923,17,82,78,258,2,B,0.0,0.0,0.0,NAN,NAN,SIN_NUMERO,NAN,NAN,SIN_NUMERO,NAN,0.0,0.0,0.0,0.0,nan,nan,False,20260923-SAN CRISTOBAL-XRD90U-023-B
2010,20260924,17,82,78,258,2,A,0.0,0.0,0.0,NAN,NAN,SIN_NUMERO,NAN,NAN,SIN_NUMERO,NAN,0.0,0.0,0.0,0.0,nan,nan,False,20260924-SAN CRISTOBAL-XRD90U-023-A
2011,20260924,17,82,78,258,2,B,0.0,0.0,0.0,NAN,NAN,SIN_NUMERO,NAN,NAN,SIN_NUMERO,NAN,0.0,0.0,0.0,0.0,nan,nan,False,20260924-SAN CRISTOBAL-XRD90U-023-B
2012,20260925,17,82,78,258,2,A,0.0,0.0,0.0,NAN,NAN,SIN_NUMERO,NAN,NAN,SIN_NUMERO,NAN,0.0,0.0,0.0,0.0,nan,nan,False,20260925-SAN CRISTOBAL-XRD90U-023-A
2013,20260925,17,82,78,258,2,B,0.0,0.0,0.0,NAN,NAN,SIN_NUMERO,NAN,NAN,SIN_NUMERO,NAN,0.0,0.0,0.0,0.0,nan,nan,False,20260925-SAN CRISTOBAL-XRD90U-023-B
2014,20260826,17,80,16,37,2,A,98.95,121.9,22.95,HARDCORE,X10,260401,USADO,HARDCORE,193471,USADO,0.0,0.0,6.0,0.0,VOLCANICO,"Maquina paralizada por mantto preventivo engrase 0.5, personal de topografia realiza el levantamiento del DDH 040,  se continua con la perforacion se perfora terreno y fracturado,  al final de turno se descarga las barras HQ para cambio de broca.",False,20260826-SAN CRISTOBAL-XRD90U-004-A
2015,20260826,17,80,16,112,2,B,121.9,140.85,18.95,HARDCORE,16-03,26020,NUEVO,HARDCORE,193471,USADO,0.0,0.0,0.0,0.0,FILITA,"Equipo inoperativo por engrase 0.5, se cambia la broca y se carga las barras se continua con la perforacion, se tiene problemas con el pezcador no llego a pezcar, se descarga las barras.",False,20260826-SAN CRISTOBAL-XRD90U-004-B
2016,20260827,17,80,16,37,2,A,140.85,155.7,14.85,HARDCORE,A10,201603,USADA,HARDCORE,193471,USADO,0.0,0.0,7.0,0.0,FRACTURADO,"Maquina paralizada por mantto preventivo,  engrase de maquina 0.5 H,, se cambia el outer tube HQ y se carga las barras, faltando 02 barras para llegar al tope se entra estabilizando el sondaje, se continua con la perforacion se perfora terreno fracturado toda la guardia.",False,20260827-SAN CRISTOBAL-XRD90U-004-A
2017,20260827,17,80,16,112,2,B,155.7,180.4,24.7,HARDCORE,16-03,26020,USADA,HARDCORE,193471,USADO,0.0,0.0,0.0,0.0,FILITA,"Se continua con la perforacion terreno fracturado, orden y limpieza.",False,20260827-SAN CRISTOBAL-XRD90U-004-B
2018,20260828,17,80,16,37,2,A,180.4,200.9,20.5,HARDCORE,A10,201603,USADA,HARDCORE,193471,USADO,0.0,0.0,6.6,0.0,VOLCANICO,"Maquina parada por mantto preventivo 0.5,  se continua con la peforacion terreno duro y fracturado, se tiene bajo caudal de agua toda la guardia.",False,20260828-SAN CRISTOBAL-XRD90U-004-A
2019,20260828,17,80,16,112,2,B,200.9,218.75,17.85,HARDCORE,16-03,26020,USADA,HARDCORE,193471,USADO,0.0,0.0,0.0,0.0,CUARZO,"Se continua con la perforacion terreno fracturado,  se hace orden y limpieza se tiene presion de agua en el sondaje 20gl *min",False,20260828-SAN CRISTOBAL-XRD90U-004-B
2020,20260829,17,80,16,37,2,A,0.0,0.0,0.0,NAN,NAN,SIN_NUMERO,NAN,NAN,SIN_NUMERO,NAN,0.0,0.0,0.0,0.0,nan,"Se para las operaciones por orden de geologia, ordena evacuar los residuos que estan en la escuelita a los centros de acopio de residuos, se tiene visita de OEFA",False,20260829-SAN CRISTOBAL-XRD90U-004-A
2021,20260829,17,80,78,112,2,B,0.0,0.0,0.0,NAN,NAN,SIN_NUMERO,NAN,NAN,SIN_NUMERO,NAN,0.0,0.0,0.0,0.0,nan,"Se evacua materiales y accesorios de almacen temporal al almacen esculita,  se realiza evacuacion de de residuos.",False,20260829-SAN CRISTOBAL-XRD90U-004-B
2022,20260830,17,80,78,37,2,A,0.0,0.0,0.0,NAN,NAN,SIN_NUMERO,NAN,NAN,SIN_NUMERO,NAN,0.0,0.0,0.0,0.0,nan,nan,False,20260830-SAN CRISTOBAL-XRD90U-004-A
2023,20260830,17,80,16,112,2,B,218.75,222.4,3.65,NAN,NAN,SIN_NUMERO,NAN,NAN,SIN_NUMERO,NAN,0.0,0.0,0.0,0.0,nan,"Se descarga las barras rotando para cambiar la broca, se cambia la broca y se carga las barras faltando 3 barras se ingresa lavando el sondaje,  se tiene problemas con fuga de aceite de la manguera D16 del panel al pasamuro, se para las operaciones.",False,20260830-SAN CRISTOBAL-XRD90U-004-B
2024,20260831,17,80,16,37,2,A,222.4,239.2,16.8,HARDCORE,X10,201607,USADA,HARDCORE,193471,USADO,0.0,0.0,6.1,0.0,VOLCANICO,"Manto correctivo de cambio de manguera hidraulica, engrase de maquina,  se continua con la perforacion se perfora terreno duro y fracturado, se perfora con torque elevado, 4000 psi",False,20260831-SAN CRISTOBAL-XRD90U-004-A
2025,20260831,17,80,16,112,2,B,239.2,253.1,13.9,HARDCORE,X10,201607,USADA,HARDCORE,193471,USADO,0.0,0.0,0.0,0.0,CUARZO,"se descrga las barras para estabiliar el sondaje,  se continúa con la perforación terreno duro cuarzo,  máquina inoperativa por engrace,  se hace orden y limpieza.",False,20260831-SAN CRISTOBAL-XRD90U-004-B
2026,20260901,17,80,16,258,2,A,0.0,0.0,0.0,NAN,NAN,SIN_NUMERO,NAN,NAN,SIN_NUMERO,NAN,0.0,0.0,0.0,0.0,nan,nan,False,20260901-SAN CRISTOBAL-XRD90U-004-A
2027,20260901,17,80,78,258,2,B,0.0,0.0,0.0,NAN,NAN,SIN_NUMERO,NAN,NAN,SIN_NUMERO,NAN,0.0,0.0,0.0,0.0,nan,nan,False,20260901-SAN CRISTOBAL-XRD90U-004-B
2028,20260902,17,80,78,258,2,A,0.0,0.0,0.0,NAN,NAN,SIN_NUMERO,NAN,NAN,SIN_NUMERO,NAN,0.0,0.0,0.0,0.0,nan,nan,False,20260902-SAN CRISTOBAL-XRD90U-004-A
2029,20260902,17,80,78,258,2,B,0.0,0.0,0.0,NAN,NAN,SIN_NUMERO,NAN,NAN,SIN_NUMERO,NAN,0.0,0.0,0.0,0.0,nan,nan,False,20260902-SAN CRISTOBAL-XRD90U-004-B
2030,20260903,17,80,78,258,2,A,0.0,0.0,0.0,NAN,NAN,SIN_NUMERO,NAN,NAN,SIN_NUMERO,NAN,0.0,0.0,0.0,0.0,nan,nan,False,20260903-SAN CRISTOBAL-XRD90U-004-A
2031,20260903,17,80,78,258,2,B,0.0,0.0,0.0,NAN,NAN,SIN_NUMERO,NAN,NAN,SIN_NUMERO,NAN,0.0,0.0,0.0,0.0,nan,nan,False,20260903-SAN CRISTOBAL-XRD90U-004-B
2032,20260904,17,80,78,258,2,A,0.0,0.0,0.0,NAN,NAN,SIN_NUMERO,NAN,NAN,SIN_NUMERO,NAN,0.0,0.0,0.0,0.0,nan,nan,False,20260904-SAN CRISTOBAL-XRD90U-004-A
2033,20260904,17,80,78,258,2,B,0.0,0.0,0.0,NAN,NAN,SIN_NUMERO,NAN,NAN,SIN_NUMERO,NAN,0.0,0.0,0.0,0.0,nan,nan,False,20260904-SAN CRISTOBAL-XRD90U-004-B
2034,20260905,17,80,78,258,2,A,0.0,0.0,0.0,NAN,NAN,SIN_NUMERO,NAN,NAN,SIN_NUMERO,NAN,0.0,0.0,0.0,0.0,nan,nan,False,20260905-SAN CRISTOBAL-XRD90U-004-A
2035,20260905,17,80,78,258,2,B,0.0,0.0,0.0,NAN,NAN,SIN_NUMERO,NAN,NAN,SIN_NUMERO,NAN,0.0,0.0,0.0,0.0,nan,nan,False,20260905-SAN CRISTOBAL-XRD90U-004-B
2036,20260906,17,80,78,258,2,A,0.0,0.0,0.0,NAN,NAN,SIN_NUMERO,NAN,NAN,SIN_NUMERO,NAN,0.0,0.0,0.0,0.0,nan,nan,False,20260906-SAN CRISTOBAL-XRD90U-004-A
2037,20260906,17,80,78,258,2,B,0.0,0.0,0.0,NAN,NAN,SIN_NUMERO,NAN,NAN,SIN_NUMERO,NAN,0.0,0.0,0.0,0.0,nan,nan,False,20260906-SAN CRISTOBAL-XRD90U-004-B
2038,20260907,17,80,78,258,2,A,0.0,0.0,0.0,NAN,NAN,SIN_NUMERO,NAN,NAN,SIN_NUMERO,NAN,0.0,0.0,0.0,0.0,nan,nan,False,20260907-SAN CRISTOBAL-XRD90U-004-A
2039,20260907,17,80,78,258,2,B,0.0,0.0,0.0,NAN,NAN,SIN_NUMERO,NAN,NAN,SIN_NUMERO,NAN,0.0,0.0,0.0,0.0,nan,nan,False,20260907-SAN CRISTOBAL-XRD90U-004-B
2040,20260908,17,80,78,258,2,A,0.0,0.0,0.0,NAN,NAN,SIN_NUMERO,NAN,NAN,SIN_NUMERO,NAN,0.0,0.0,0.0,0.0,nan,nan,False,20260908-SAN CRISTOBAL-XRD90U-004-A
2041,20260908,17,80,78,258,2,B,0.0,0.0,0.0,NAN,NAN,SIN_NUMERO,NAN,NAN,SIN_NUMERO,NAN,0.0,0.0,0.0,0.0,nan,nan,False,20260908-SAN CRISTOBAL-XRD90U-004-B
2042,20260909,17,80,78,258,2,A,0.0,0.0,0.0,NAN,NAN,SIN_NUMERO,NAN,NAN,SIN_NUMERO,NAN,0.0,0.0,0.0,0.0,nan,nan,False,20260909-SAN CRISTOBAL-XRD90U-004-A
2043,20260909,17,80,78,258,2,B,0.0,0.0,0.0,NAN,NAN,SIN_NUMERO,NAN,NAN,SIN_NUMERO,NAN,0.0,0.0,0.0,0.0,nan,nan,False,20260909-SAN CRISTOBAL-XRD90U-004-B
2044,20260910,17,80,78,258,2,A,0.0,0.0,0.0,NAN,NAN,SIN_NUMERO,NAN,NAN,SIN_NUMERO,NAN,0.0,0.0,0.0,0.0,nan,nan,False,20260910-SAN CRISTOBAL-XRD90U-004-A
2045,20260910,17,80,78,258,2,B,0.0,0.0,0.0,NAN,NAN,SIN_NUMERO,NAN,NAN,SIN_NUMERO,NAN,0.0,0.0,0.0,0.0,nan,nan,False,20260910-SAN CRISTOBAL-XRD90U-004-B
2046,20260911,17,80,78,258,2,A,0.0,0.0,0.0,NAN,NAN,SIN_NUMERO,NAN,NAN,SIN_NUMERO,NAN,0.0,0.0,0.0,0.0,nan,nan,False,20260911-SAN CRISTOBAL-XRD90U-004-A
2047,20260911,17,80,78,258,2,B,0.0,0.0,0.0,NAN,NAN,SIN_NUMERO,NAN,NAN,SIN_NUMERO,NAN,0.0,0.0,0.0,0.0,nan,nan,False,20260911-SAN CRISTOBAL-XRD90U-004-B
2048,20260912,17,80,78,258,2,A,0.0,0.0,0.0,NAN,NAN,SIN_NUMERO,NAN,NAN,SIN_NUMERO,NAN,0.0,0.0,0.0,0.0,nan,nan,False,20260912-SAN CRISTOBAL-XRD90U-004-A
2049,20260912,17,80,78,258,2,B,0.0,0.0,0.0,NAN,NAN,SIN_NUMERO,NAN,NAN,SIN_NUMERO,NAN,0.0,0.0,0.0,0.0,nan,nan,False,20260912-SAN CRISTOBAL-XRD90U-004-B
2050,20260913,17,80,78,258,2,A,0.0,0.0,0.0,NAN,NAN,SIN_NUMERO,NAN,NAN,SIN_NUMERO,NAN,0.0,0.0,0.0,0.0,nan,nan,False,20260913-SAN CRISTOBAL-XRD90U-004-A
2051,20260913,17,80,78,258,2,B,0.0,0.0,0.0,NAN,NAN,SIN_NUMERO,NAN,NAN,SIN_NUMERO,NAN,0.0,0.0,0.0,0.0,nan,nan,False,20260913-SAN CRISTOBAL-XRD90U-004-B
2052,20260914,17,80,78,258,2,A,0.0,0.0,0.0,NAN,NAN,SIN_NUMERO,NAN,NAN,SIN_NUMERO,NAN,0.0,0.0,0.0,0.0,nan,nan,False,20260914-SAN CRISTOBAL-XRD90U-004-A
2053,20260914,17,80,78,258,2,B,0.0,0.0,0.0,NAN,NAN,SIN_NUMERO,NAN,NAN,SIN_NUMERO,NAN,0.0,0.0,0.0,0.0,nan,nan,False,20260914-SAN CRISTOBAL-XRD90U-004-B
2054,20260915,17,80,78,258,2,A,0.0,0.0,0.0,NAN,NAN,SIN_NUMERO,NAN,NAN,SIN_NUMERO,NAN,0.0,0.0,0.0,0.0,nan,nan,False,20260915-SAN CRISTOBAL-XRD90U-004-A
2055,20260915,17,80,78,258,2,B,0.0,0.0,0.0,NAN,NAN,SIN_NUMERO,NAN,NAN,SIN_NUMERO,NAN,0.0,0.0,0.0,0.0,nan,nan,False,20260915-SAN CRISTOBAL-XRD90U-004-B
2056,20260916,17,80,78,258,2,A,0.0,0.0,0.0,NAN,NAN,SIN_NUMERO,NAN,NAN,SIN_NUMERO,NAN,0.0,0.0,0.0,0.0,nan,nan,False,20260916-SAN CRISTOBAL-XRD90U-004-A
2057,20260916,17,80,78,258,2,B,0.0,0.0,0.0,NAN,NAN,SIN_NUMERO,NAN,NAN,SIN_NUMERO,NAN,0.0,0.0,0.0,0.0,nan,nan,False,20260916-SAN CRISTOBAL-XRD90U-004-B
2058,20260917,17,80,78,258,2,A,0.0,0.0,0.0,NAN,NAN,SIN_NUMERO,NAN,NAN,SIN_NUMERO,NAN,0.0,0.0,0.0,0.0,nan,nan,False,20260917-SAN CRISTOBAL-XRD90U-004-A
2059,20260917,17,80,78,258,2,B,0.0,0.0,0.0,NAN,NAN,SIN_NUMERO,NAN,NAN,SIN_NUMERO,NAN,0.0,0.0,0.0,0.0,nan,nan,False,20260917-SAN CRISTOBAL-XRD90U-004-B
2060,20260918,17,80,78,258,2,A,0.0,0.0,0.0,NAN,NAN,SIN_NUMERO,NAN,NAN,SIN_NUMERO,NAN,0.0,0.0,0.0,0.0,nan,nan,False,20260918-SAN CRISTOBAL-XRD90U-004-A
2061,20260918,17,80,78,258,2,B,0.0,0.0,0.0,NAN,NAN,SIN_NUMERO,NAN,NAN,SIN_NUMERO,NAN,0.0,0.0,0.0,0.0,nan,nan,False,20260918-SAN CRISTOBAL-XRD90U-004-B
2062,20260919,17,80,78,258,2,A,0.0,0.0,0.0,NAN,NAN,SIN_NUMERO,NAN,NAN,SIN_NUMERO,NAN,0.0,0.0,0.0,0.0,nan,nan,False,20260919-SAN CRISTOBAL-XRD90U-004-A
2063,20260919,17,80,78,258,2,B,0.0,0.0,0.0,NAN,NAN,SIN_NUMERO,NAN,NAN,SIN_NUMERO,NAN,0.0,0.0,0.0,0.0,nan,nan,False,20260919-SAN CRISTOBAL-XRD90U-004-B
2064,20260920,17,80,78,258,2,A,0.0,0.0,0.0,NAN,NAN,SIN_NUMERO,NAN,NAN,SIN_NUMERO,NAN,0.0,0.0,0.0,0.0,nan,nan,False,20260920-SAN CRISTOBAL-XRD90U-004-A
2065,20260920,17,80,78,258,2,B,0.0,0.0,0.0,NAN,NAN,SIN_NUMERO,NAN,NAN,SIN_NUMERO,NAN,0.0,0.0,0.0,0.0,nan,nan,False,20260920-SAN CRISTOBAL-XRD90U-004-B
2066,20260921,17,80,78,258,2,A,0.0,0.0,0.0,NAN,NAN,SIN_NUMERO,NAN,NAN,SIN_NUMERO,NAN,0.0,0.0,0.0,0.0,nan,nan,False,20260921-SAN CRISTOBAL-XRD90U-004-A
2067,20260921,17,80,78,258,2,B,0.0,0.0,0.0,NAN,NAN,SIN_NUMERO,NAN,NAN,SIN_NUMERO,NAN,0.0,0.0,0.0,0.0,nan,nan,False,20260921-SAN CRISTOBAL-XRD90U-004-B
2068,20260922,17,80,78,258,2,A,0.0,0.0,0.0,NAN,NAN,SIN_NUMERO,NAN,NAN,SIN_NUMERO,NAN,0.0,0.0,0.0,0.0,nan,nan,False,20260922-SAN CRISTOBAL-XRD90U-004-A
2069,20260922,17,80,78,258,2,B,0.0,0.0,0.0,NAN,NAN,SIN_NUMERO,NAN,NAN,SIN_NUMERO,NAN,0.0,0.0,0.0,0.0,nan,nan,False,20260922-SAN CRISTOBAL-XRD90U-004-B
2070,20260923,17,80,78,258,2,A,0.0,0.0,0.0,NAN,NAN,SIN_NUMERO,NAN,NAN,SIN_NUMERO,NAN,0.0,0.0,0.0,0.0,nan,nan,False,20260923-SAN CRISTOBAL-XRD90U-004-A
2071,20260923,17,80,78,258,2,B,0.0,0.0,0.0,NAN,NAN,SIN_NUMERO,NAN,NAN,SIN_NUMERO,NAN,0.0,0.0,0.0,0.0,nan,nan,False,20260923-SAN CRISTOBAL-XRD90U-004-B
2072,20260924,17,80,78,258,2,A,0.0,0.0,0.0,NAN,NAN,SIN_NUMERO,NAN,NAN,SIN_NUMERO,NAN,0.0,0.0,0.0,0.0,nan,nan,False,20260924-SAN CRISTOBAL-XRD90U-004-A
2073,20260924,17,80,78,258,2,B,0.0,0.0,0.0,NAN,NAN,SIN_NUMERO,NAN,NAN,SIN_NUMERO,NAN,0.0,0.0,0.0,0.0,nan,nan,False,20260924-SAN CRISTOBAL-XRD90U-004-B
2074,20260925,17,80,78,258,2,A,0.0,0.0,0.0,NAN,NAN,SIN_NUMERO,NAN,NAN,SIN_NUMERO,NAN,0.0,0.0,0.0,0.0,nan,nan,False,20260925-SAN CRISTOBAL-XRD90U-004-A
2075,20260925,17,80,78,258,2,B,0.0,0.0,0.0,NAN,NAN,SIN_NUMERO,NAN,NAN,SIN_NUMERO,NAN,0.0,0.0,0.0,0.0,nan,nan,False,20260925-SAN CRISTOBAL-XRD90U-004-B
2076,20260826,17,79,78,44,2,A,0.0,0.0,0.0,NAN,NAN,SIN_NUMERO,NAN,NAN,SIN_NUMERO,NAN,0.0,0.0,0.0,0.0,nan,"Se dsinstala la luminaria y cajas pentapolares de la CA 210 NV 1280 carahuacra hacia la CA 900 NV 1420 SC, se instala luminarias y cajas pentapolares, se ubica la UP.",False,20260826-SAN CRISTOBAL-XRD150U-012-A
2077,20260826,17,79,78,402,2,B,0.0,0.0,0.0,NAN,NAN,SIN_NUMERO,NAN,NAN,SIN_NUMERO,NAN,0.0,0.0,0.0,0.0,nan,"Se mejora la camara con e apoyo del equipo retro escabadora, luego se estandariza la camara colocando 3 paños de madera y los pisos antideslizantes,  se realiza el orden y pimpieza,  queda para continuar con la estandarizacion.",False,20260826-SAN CRISTOBAL-XRD150U-012-B
2078,20260827,17,79,78,44,2,A,0.0,0.0,0.0,NAN,NAN,SIN_NUMERO,NAN,NAN,SIN_NUMERO,NAN,0.0,0.0,0.0,0.0,nan,"Se desinstala los cables pentapolares de la camara 210 1280 carahuacra,  se traslada los cables tablas y accesorios de la camara 210 nv1220 hacia camara 900 1420, sc se continua con la estandarizacion se coloca cable pentapolar en las alcayatas,  se inicia con la instalacion hidraulica.",False,20260827-SAN CRISTOBAL-XRD150U-012-A
2079,20260827,17,79,78,402,2,B,0.0,0.0,0.0,NAN,NAN,SIN_NUMERO,NAN,NAN,SIN_NUMERO,NAN,0.0,0.0,0.0,0.0,nan,Se paraliza por falta de personal.,False,20260827-SAN CRISTOBAL-XRD150U-012-B
2080,20260828,17,79,78,44,2,A,0.0,0.0,0.0,NAN,NAN,SIN_NUMERO,NAN,NAN,SIN_NUMERO,NAN,0.0,0.0,0.0,0.0,nan,"Se continua con la estandarizacion,  se culmina con la instalacion hidraulica,  se coloca la guarda circular al sistema de perforacion.",False,20260828-SAN CRISTOBAL-XRD150U-012-A
2081,20260828,17,79,78,402,2,B,0.0,0.0,0.0,NAN,NAN,SIN_NUMERO,NAN,NAN,SIN_NUMERO,NAN,0.0,0.0,0.0,0.0,nan,Se para las operaciones por falta de personal (problemas de salud ),False,20260828-SAN CRISTOBAL-XRD150U-012-B
2082,20260829,17,79,78,44,2,A,0.0,0.0,0.0,NAN,NAN,SIN_NUMERO,NAN,NAN,SIN_NUMERO,NAN,0.0,0.0,0.0,0.0,nan,"se continua con la estandarizacion, se entabla las camaras, se coloca pisos antideslizantes, se coloca los letreros.",False,20260829-SAN CRISTOBAL-XRD150U-012-A
2083,20260829,17,79,78,402,2,B,0.0,0.0,0.0,NAN,NAN,SIN_NUMERO,NAN,NAN,SIN_NUMERO,NAN,0.0,0.0,0.0,0.0,nan,Parada por falta de personal.,False,20260829-SAN CRISTOBAL-XRD150U-012-B
2084,20260830,17,79,78,44,2,A,0.0,0.0,0.0,NAN,NAN,SIN_NUMERO,NAN,NAN,SIN_NUMERO,NAN,0.0,0.0,0.0,0.0,nan,nan,False,20260830-SAN CRISTOBAL-XRD150U-012-A
2085,20260830,17,79,78,258,2,B,0.0,0.0,0.0,NAN,NAN,SIN_NUMERO,NAN,NAN,SIN_NUMERO,NAN,0.0,0.0,0.0,0.0,nan,Se mantine paralizada las operaciones por falta de personal.,False,20260830-SAN CRISTOBAL-XRD150U-012-B
2086,20260831,17,79,78,44,2,A,0.0,0.0,0.0,NAN,NAN,SIN_NUMERO,NAN,NAN,SIN_NUMERO,NAN,0.0,0.0,0.0,0.0,nan,"Se continua con la estandarizacion, se realiza orden y limpieza.",False,20260831-SAN CRISTOBAL-XRD150U-012-A
2087,20260831,17,79,78,1,2,B,0.0,0.0,0.0,NAN,NAN,SIN_NUMERO,NAN,NAN,SIN_NUMERO,NAN,0.0,0.0,0.0,0.0,nan,se mantiene paralizado por falta de personal.,False,20260831-SAN CRISTOBAL-XRD150U-012-B
2088,20260901,17,79,78,258,2,A,0.0,0.0,0.0,NAN,NAN,SIN_NUMERO,NAN,NAN,SIN_NUMERO,NAN,0.0,0.0,0.0,0.0,nan,nan,False,20260901-SAN CRISTOBAL-XRD150U-012-A
2089,20260901,17,79,78,258,2,B,0.0,0.0,0.0,NAN,NAN,SIN_NUMERO,NAN,NAN,SIN_NUMERO,NAN,0.0,0.0,0.0,0.0,nan,nan,False,20260901-SAN CRISTOBAL-XRD150U-012-B
2090,20260902,17,79,78,258,2,A,0.0,0.0,0.0,NAN,NAN,SIN_NUMERO,NAN,NAN,SIN_NUMERO,NAN,0.0,0.0,0.0,0.0,nan,nan,False,20260902-SAN CRISTOBAL-XRD150U-012-A
2091,20260902,17,79,78,258,2,B,0.0,0.0,0.0,NAN,NAN,SIN_NUMERO,NAN,NAN,SIN_NUMERO,NAN,0.0,0.0,0.0,0.0,nan,nan,False,20260902-SAN CRISTOBAL-XRD150U-012-B
2092,20260903,17,79,78,258,2,A,0.0,0.0,0.0,NAN,NAN,SIN_NUMERO,NAN,NAN,SIN_NUMERO,NAN,0.0,0.0,0.0,0.0,nan,nan,False,20260903-SAN CRISTOBAL-XRD150U-012-A
2093,20260903,17,79,78,258,2,B,0.0,0.0,0.0,NAN,NAN,SIN_NUMERO,NAN,NAN,SIN_NUMERO,NAN,0.0,0.0,0.0,0.0,nan,nan,False,20260903-SAN CRISTOBAL-XRD150U-012-B
2094,20260904,17,79,78,258,2,A,0.0,0.0,0.0,NAN,NAN,SIN_NUMERO,NAN,NAN,SIN_NUMERO,NAN,0.0,0.0,0.0,0.0,nan,nan,False,20260904-SAN CRISTOBAL-XRD150U-012-A
2095,20260904,17,79,78,258,2,B,0.0,0.0,0.0,NAN,NAN,SIN_NUMERO,NAN,NAN,SIN_NUMERO,NAN,0.0,0.0,0.0,0.0,nan,nan,False,20260904-SAN CRISTOBAL-XRD150U-012-B
2096,20260905,17,79,78,258,2,A,0.0,0.0,0.0,NAN,NAN,SIN_NUMERO,NAN,NAN,SIN_NUMERO,NAN,0.0,0.0,0.0,0.0,nan,nan,False,20260905-SAN CRISTOBAL-XRD150U-012-A
2097,20260905,17,79,78,258,2,B,0.0,0.0,0.0,NAN,NAN,SIN_NUMERO,NAN,NAN,SIN_NUMERO,NAN,0.0,0.0,0.0,0.0,nan,nan,False,20260905-SAN CRISTOBAL-XRD150U-012-B
2098,20260906,17,79,78,258,2,A,0.0,0.0,0.0,NAN,NAN,SIN_NUMERO,NAN,NAN,SIN_NUMERO,NAN,0.0,0.0,0.0,0.0,nan,nan,False,20260906-SAN CRISTOBAL-XRD150U-012-A
2099,20260906,17,79,78,258,2,B,0.0,0.0,0.0,NAN,NAN,SIN_NUMERO,NAN,NAN,SIN_NUMERO,NAN,0.0,0.0,0.0,0.0,nan,nan,False,20260906-SAN CRISTOBAL-XRD150U-012-B
2100,20260907,17,79,78,258,2,A,0.0,0.0,0.0,NAN,NAN,SIN_NUMERO,NAN,NAN,SIN_NUMERO,NAN,0.0,0.0,0.0,0.0,nan,nan,False,20260907-SAN CRISTOBAL-XRD150U-012-A
2101,20260907,17,79,78,258,2,B,0.0,0.0,0.0,NAN,NAN,SIN_NUMERO,NAN,NAN,SIN_NUMERO,NAN,0.0,0.0,0.0,0.0,nan,nan,False,20260907-SAN CRISTOBAL-XRD150U-012-B
2102,20260908,17,79,78,258,2,A,0.0,0.0,0.0,NAN,NAN,SIN_NUMERO,NAN,NAN,SIN_NUMERO,NAN,0.0,0.0,0.0,0.0,nan,nan,False,20260908-SAN CRISTOBAL-XRD150U-012-A
2103,20260908,17,79,78,258,2,B,0.0,0.0,0.0,NAN,NAN,SIN_NUMERO,NAN,NAN,SIN_NUMERO,NAN,0.0,0.0,0.0,0.0,nan,nan,False,20260908-SAN CRISTOBAL-XRD150U-012-B
2104,20260909,17,79,78,258,2,A,0.0,0.0,0.0,NAN,NAN,SIN_NUMERO,NAN,NAN,SIN_NUMERO,NAN,0.0,0.0,0.0,0.0,nan,nan,False,20260909-SAN CRISTOBAL-XRD150U-012-A
2105,20260909,17,79,78,258,2,B,0.0,0.0,0.0,NAN,NAN,SIN_NUMERO,NAN,NAN,SIN_NUMERO,NAN,0.0,0.0,0.0,0.0,nan,nan,False,20260909-SAN CRISTOBAL-XRD150U-012-B
2106,20260910,17,79,78,258,2,A,0.0,0.0,0.0,NAN,NAN,SIN_NUMERO,NAN,NAN,SIN_NUMERO,NAN,0.0,0.0,0.0,0.0,nan,nan,False,20260910-SAN CRISTOBAL-XRD150U-012-A
2107,20260910,17,79,78,258,2,B,0.0,0.0,0.0,NAN,NAN,SIN_NUMERO,NAN,NAN,SIN_NUMERO,NAN,0.0,0.0,0.0,0.0,nan,nan,False,20260910-SAN CRISTOBAL-XRD150U-012-B
2108,20260911,17,79,78,258,2,A,0.0,0.0,0.0,NAN,NAN,SIN_NUMERO,NAN,NAN,SIN_NUMERO,NAN,0.0,0.0,0.0,0.0,nan,nan,False,20260911-SAN CRISTOBAL-XRD150U-012-A
2109,20260911,17,79,78,258,2,B,0.0,0.0,0.0,NAN,NAN,SIN_NUMERO,NAN,NAN,SIN_NUMERO,NAN,0.0,0.0,0.0,0.0,nan,nan,False,20260911-SAN CRISTOBAL-XRD150U-012-B
2110,20260912,17,79,78,258,2,A,0.0,0.0,0.0,NAN,NAN,SIN_NUMERO,NAN,NAN,SIN_NUMERO,NAN,0.0,0.0,0.0,0.0,nan,nan,False,20260912-SAN CRISTOBAL-XRD150U-012-A
2111,20260912,17,79,78,258,2,B,0.0,0.0,0.0,NAN,NAN,SIN_NUMERO,NAN,NAN,SIN_NUMERO,NAN,0.0,0.0,0.0,0.0,nan,nan,False,20260912-SAN CRISTOBAL-XRD150U-012-B
2112,20260913,17,79,78,258,2,A,0.0,0.0,0.0,NAN,NAN,SIN_NUMERO,NAN,NAN,SIN_NUMERO,NAN,0.0,0.0,0.0,0.0,nan,nan,False,20260913-SAN CRISTOBAL-XRD150U-012-A
2113,20260913,17,79,78,258,2,B,0.0,0.0,0.0,NAN,NAN,SIN_NUMERO,NAN,NAN,SIN_NUMERO,NAN,0.0,0.0,0.0,0.0,nan,nan,False,20260913-SAN CRISTOBAL-XRD150U-012-B
2114,20260914,17,79,78,258,2,A,0.0,0.0,0.0,NAN,NAN,SIN_NUMERO,NAN,NAN,SIN_NUMERO,NAN,0.0,0.0,0.0,0.0,nan,nan,False,20260914-SAN CRISTOBAL-XRD150U-012-A
2115,20260914,17,79,78,258,2,B,0.0,0.0,0.0,NAN,NAN,SIN_NUMERO,NAN,NAN,SIN_NUMERO,NAN,0.0,0.0,0.0,0.0,nan,nan,False,20260914-SAN CRISTOBAL-XRD150U-012-B
2116,20260915,17,79,78,258,2,A,0.0,0.0,0.0,NAN,NAN,SIN_NUMERO,NAN,NAN,SIN_NUMERO,NAN,0.0,0.0,0.0,0.0,nan,nan,False,20260915-SAN CRISTOBAL-XRD150U-012-A
2117,20260915,17,79,78,258,2,B,0.0,0.0,0.0,NAN,NAN,SIN_NUMERO,NAN,NAN,SIN_NUMERO,NAN,0.0,0.0,0.0,0.0,nan,nan,False,20260915-SAN CRISTOBAL-XRD150U-012-B
2118,20260916,17,79,78,258,2,A,0.0,0.0,0.0,NAN,NAN,SIN_NUMERO,NAN,NAN,SIN_NUMERO,NAN,0.0,0.0,0.0,0.0,nan,nan,False,20260916-SAN CRISTOBAL-XRD150U-012-A
2119,20260916,17,79,78,258,2,B,0.0,0.0,0.0,NAN,NAN,SIN_NUMERO,NAN,NAN,SIN_NUMERO,NAN,0.0,0.0,0.0,0.0,nan,nan,False,20260916-SAN CRISTOBAL-XRD150U-012-B
2120,20260917,17,79,78,258,2,A,0.0,0.0,0.0,NAN,NAN,SIN_NUMERO,NAN,NAN,SIN_NUMERO,NAN,0.0,0.0,0.0,0.0,nan,nan,False,20260917-SAN CRISTOBAL-XRD150U-012-A
2121,20260917,17,79,78,258,2,B,0.0,0.0,0.0,NAN,NAN,SIN_NUMERO,NAN,NAN,SIN_NUMERO,NAN,0.0,0.0,0.0,0.0,nan,nan,False,20260917-SAN CRISTOBAL-XRD150U-012-B
2122,20260918,17,79,78,258,2,A,0.0,0.0,0.0,NAN,NAN,SIN_NUMERO,NAN,NAN,SIN_NUMERO,NAN,0.0,0.0,0.0,0.0,nan,nan,False,20260918-SAN CRISTOBAL-XRD150U-012-A
2123,20260918,17,79,78,258,2,B,0.0,0.0,0.0,NAN,NAN,SIN_NUMERO,NAN,NAN,SIN_NUMERO,NAN,0.0,0.0,0.0,0.0,nan,nan,False,20260918-SAN CRISTOBAL-XRD150U-012-B
2124,20260919,17,79,78,258,2,A,0.0,0.0,0.0,NAN,NAN,SIN_NUMERO,NAN,NAN,SIN_NUMERO,NAN,0.0,0.0,0.0,0.0,nan,nan,False,20260919-SAN CRISTOBAL-XRD150U-012-A
2125,20260919,17,79,78,258,2,B,0.0,0.0,0.0,NAN,NAN,SIN_NUMERO,NAN,NAN,SIN_NUMERO,NAN,0.0,0.0,0.0,0.0,nan,nan,False,20260919-SAN CRISTOBAL-XRD150U-012-B
2126,20260920,17,79,78,258,2,A,0.0,0.0,0.0,NAN,NAN,SIN_NUMERO,NAN,NAN,SIN_NUMERO,NAN,0.0,0.0,0.0,0.0,nan,nan,False,20260920-SAN CRISTOBAL-XRD150U-012-A
2127,20260920,17,79,78,258,2,B,0.0,0.0,0.0,NAN,NAN,SIN_NUMERO,NAN,NAN,SIN_NUMERO,NAN,0.0,0.0,0.0,0.0,nan,nan,False,20260920-SAN CRISTOBAL-XRD150U-012-B
2128,20260921,17,79,78,258,2,A,0.0,0.0,0.0,NAN,NAN,SIN_NUMERO,NAN,NAN,SIN_NUMERO,NAN,0.0,0.0,0.0,0.0,nan,nan,False,20260921-SAN CRISTOBAL-XRD150U-012-A
2129,20260921,17,79,78,258,2,B,0.0,0.0,0.0,NAN,NAN,SIN_NUMERO,NAN,NAN,SIN_NUMERO,NAN,0.0,0.0,0.0,0.0,nan,nan,False,20260921-SAN CRISTOBAL-XRD150U-012-B
2130,20260922,17,79,78,258,2,A,0.0,0.0,0.0,NAN,NAN,SIN_NUMERO,NAN,NAN,SIN_NUMERO,NAN,0.0,0.0,0.0,0.0,nan,nan,False,20260922-SAN CRISTOBAL-XRD150U-012-A
2131,20260922,17,79,78,258,2,B,0.0,0.0,0.0,NAN,NAN,SIN_NUMERO,NAN,NAN,SIN_NUMERO,NAN,0.0,0.0,0.0,0.0,nan,nan,False,20260922-SAN CRISTOBAL-XRD150U-012-B
2132,20260923,17,79,78,258,2,A,0.0,0.0,0.0,NAN,NAN,SIN_NUMERO,NAN,NAN,SIN_NUMERO,NAN,0.0,0.0,0.0,0.0,nan,nan,False,20260923-SAN CRISTOBAL-XRD150U-012-A
2133,20260923,17,79,78,258,2,B,0.0,0.0,0.0,NAN,NAN,SIN_NUMERO,NAN,NAN,SIN_NUMERO,NAN,0.0,0.0,0.0,0.0,nan,nan,False,20260923-SAN CRISTOBAL-XRD150U-012-B
2134,20260924,17,79,78,258,2,A,0.0,0.0,0.0,NAN,NAN,SIN_NUMERO,NAN,NAN,SIN_NUMERO,NAN,0.0,0.0,0.0,0.0,nan,nan,False,20260924-SAN CRISTOBAL-XRD150U-012-A
2135,20260924,17,79,78,258,2,B,0.0,0.0,0.0,NAN,NAN,SIN_NUMERO,NAN,NAN,SIN_NUMERO,NAN,0.0,0.0,0.0,0.0,nan,nan,False,20260924-SAN CRISTOBAL-XRD150U-012-B
2136,20260925,17,79,78,258,2,A,0.0,0.0,0.0,NAN,NAN,SIN_NUMERO,NAN,NAN,SIN_NUMERO,NAN,0.0,0.0,0.0,0.0,nan,nan,False,20260925-SAN CRISTOBAL-XRD150U-012-A
2137,20260925,17,79,78,258,2,B,0.0,0.0,0.0,NAN,NAN,SIN_NUMERO,NAN,NAN,SIN_NUMERO,NAN,0.0,0.0,0.0,0.0,nan,nan,False,20260925-SAN CRISTOBAL-XRD150U-012-B
2138,20260826,17,78,14,11,2,A,170.1,178.3,8.2,HARDCORE,X8,439429,USADA,HARDCORE,193466,USADO,0.0,0.0,7.7,0.0,FRACTURADO,"Se acondiciona el sondaje para recuperar el nivel,  se continua con la perforacion, se descarga barras por enlavamiento, luego se baja tuberia al sondaje,  se perfora para llegar al tope,  luego se continua con la perforacion se inyecta aditivos obturante para recuperar nivel.",False,20260826-SAN CRISTOBAL-DE710ST-001-A
2139,20260826,17,78,14,69,2,B,178.3,186.8,8.5,HARDCORE,X8,439429,USADA,HARDCORE,193466,USADO,0.0,0.0,0.0,0.0,nan,"Se inicia la perforacion terreno fracturado con panizo, se perfora la falla desde los 184.40 hast los 186.80, se eleva el torque a 380psi queda para acondicionar con bentonita granulada,  Se repara bomba chamber 435 se repara cabezal de tubo interior y se recoge lama.",False,20260826-SAN CRISTOBAL-DE710ST-001-B
2140,20260827,17,78,14,11,2,A,186.8,188.5,1.7,HARDCORE,X8,439429,USADA,HARDCORE,193466,USADO,0.0,0.0,6.9,0.0,CALIZA FRAC,"Se acondiciona el sondaje con  bentonita 3/8, luego se continua con la perforacion,  se descarga las barras por presion de agua al momento de perforar, se queda muestra en el barel.",False,20260827-SAN CRISTOBAL-DE710ST-001-A
2141,20260827,17,78,14,69,2,B,188.5,204.0,15.5,HARDCORE,X8,439429,USADA,HARDCORE,193466,USADO,0.0,0.0,0.0,0.0,nan,"Se perfora terreno fracturado y panizo toda la guardia, a final de turno se acondiciona el sondaje con Max Span para mantener el nivel, se esta perforando con torque 320 psi por tema de litologia, roca fracturado y panizo.",False,20260827-SAN CRISTOBAL-DE710ST-001-B
2142,20260828,17,78,14,11,2,A,204.0,217.3,13.3,HARDCORE,X8,439429,USADA,HARDCORE,193466,USADO,0.0,0.0,7.0,0.0,nan,"Se accondiciona el sondaje para mantener el nivel terreno fracturadotoda la guardia, se esta perforando con torque a 3500 psi,  por tema de litologia roca bolones falla,  se continua con la perforacion litologia pirita.",False,20260828-SAN CRISTOBAL-DE710ST-001-A
2143,20260828,17,78,14,69,2,B,217.3,233.8,16.5,HARDCORE,X8,439429,USADA,HARDCORE,193466,USADO,0.0,0.0,0.0,0.0,INACTIVO,"Se acondiciona por torque por torque elevado 400psi, luego se perfora con torque 350psi terreno semi compacto intrusivo hasta fin de truno, al final de turno tambien se acondiciona sondaje para mantener y nivel y bajar el torque.",False,20260828-SAN CRISTOBAL-DE710ST-001-B
2144,20260829,17,78,14,11,2,A,0.0,0.0,0.0,NAN,NAN,SIN_NUMERO,NAN,NAN,SIN_NUMERO,NAN,0.0,0.0,4.8,0.0,nan,"Se realiza la meddicion de desviacion del sondaje, se da por teminado el sondaje,  se realiza medicion de 25 mts  y final, se descarg las barras con presencia  de atrapamiento los 27 pares plantados, 12 pares se atrapa la tuberia HQ, intentando recuperar la tuberia HQ atrapado se deriora 2 barras.",False,20260829-SAN CRISTOBAL-DE710ST-001-A
2145,20260829,17,78,78,69,2,B,0.0,0.0,0.0,NAN,NAN,SIN_NUMERO,NAN,NAN,SIN_NUMERO,NAN,0.0,0.0,0.0,0.0,nan,"Se realiza maniobra con martillo para liberartuberia atrapado liberando con éxito. Se realiza maniobra para recuperar tuberia con cuello atrapamiento, se saca tuberia 66 mts, total 12 pares d e6 metros con dificultad tuberia torqueado, se queda el corel barel HQ .",False,20260829-SAN CRISTOBAL-DE710ST-001-B
2146,20260830,17,78,78,11,2,A,0.0,0.0,0.0,NAN,NAN,SIN_NUMERO,NAN,NAN,SIN_NUMERO,NAN,0.0,0.0,4.8,0.0,nan,"Se realiza el desembonado de tuberia HQ con apoyo de la maquina DE710, se acondiciona el sondaje para retirar tuberia HWT luego se retira las tuberias HWT con mucha dificultad se desinstala el equipo y accesorios de la plataforma, orden y limpieza.",False,20260830-SAN CRISTOBAL-DE710ST-001-A
2147,20260830,17,78,78,69,2,B,0.0,0.0,0.0,NAN,NAN,SIN_NUMERO,NAN,NAN,SIN_NUMERO,NAN,0.0,0.0,0.0,0.0,nan,"Se engrasa unidad de rotación y bomba conection y cabezales de tubo interiores, se traslada tubería hq, nq, hwt, de una plataforma a otro punto, se desinstala carpas geotextil accesorios, cama de tubería, se traslada a otro punto, queda para trasladar maquina perforadora, tina de lodos, refugio de tormenta eléctricas peras, queda para trasladar maquina perforadora, tina de lodos, refugio de tormenta eléctricas peras, luminaria",False,20260830-SAN CRISTOBAL-DE710ST-001-B
2148,20260831,17,78,78,11,2,A,0.0,0.0,0.0,NAN,NAN,SIN_NUMERO,NAN,NAN,SIN_NUMERO,NAN,0.0,0.0,3.0,0.0,nan,"Se realiza el traslado de las peras uno por viaje con la camioneta a plataforma 1,se recoge geomembrana y geotextil, luego se traslada con apoyo de la camioneta,  se desinstala la amquina y accesorios, se desinstala la carpa, lateral de la maquina, se traslada la maquina de 710 con apoyo con apoyo del telemando, a la paltaforma nueva.",False,20260831-SAN CRISTOBAL-DE710ST-001-A
2149,20260831,17,78,78,1,2,B,0.0,0.0,0.0,NAN,NAN,SIN_NUMERO,NAN,NAN,SIN_NUMERO,NAN,0.0,0.0,0.0,0.0,nan,"se realiza limpieza de plataforma,  se desinstala caseta de refugio,  e traslada materiales con apoyo de camión",False,20260831-SAN CRISTOBAL-DE710ST-001-B
2150,20260901,17,78,78,258,2,A,0.0,0.0,0.0,NAN,NAN,SIN_NUMERO,NAN,NAN,SIN_NUMERO,NAN,0.0,0.0,0.0,0.0,nan,nan,False,20260901-SAN CRISTOBAL-DE710ST-001-A
2151,20260901,17,78,78,258,2,B,0.0,0.0,0.0,NAN,NAN,SIN_NUMERO,NAN,NAN,SIN_NUMERO,NAN,0.0,0.0,0.0,0.0,nan,nan,False,20260901-SAN CRISTOBAL-DE710ST-001-B
2152,20260902,17,78,78,258,2,A,0.0,0.0,0.0,NAN,NAN,SIN_NUMERO,NAN,NAN,SIN_NUMERO,NAN,0.0,0.0,0.0,0.0,nan,nan,False,20260902-SAN CRISTOBAL-DE710ST-001-A
2153,20260902,17,78,78,258,2,B,0.0,0.0,0.0,NAN,NAN,SIN_NUMERO,NAN,NAN,SIN_NUMERO,NAN,0.0,0.0,0.0,0.0,nan,nan,False,20260902-SAN CRISTOBAL-DE710ST-001-B
2154,20260903,17,78,78,258,2,A,0.0,0.0,0.0,NAN,NAN,SIN_NUMERO,NAN,NAN,SIN_NUMERO,NAN,0.0,0.0,0.0,0.0,nan,nan,False,20260903-SAN CRISTOBAL-DE710ST-001-A
2155,20260903,17,78,78,258,2,B,0.0,0.0,0.0,NAN,NAN,SIN_NUMERO,NAN,NAN,SIN_NUMERO,NAN,0.0,0.0,0.0,0.0,nan,nan,False,20260903-SAN CRISTOBAL-DE710ST-001-B
2156,20260904,17,78,78,258,2,A,0.0,0.0,0.0,NAN,NAN,SIN_NUMERO,NAN,NAN,SIN_NUMERO,NAN,0.0,0.0,0.0,0.0,nan,nan,False,20260904-SAN CRISTOBAL-DE710ST-001-A
2157,20260904,17,78,78,258,2,B,0.0,0.0,0.0,NAN,NAN,SIN_NUMERO,NAN,NAN,SIN_NUMERO,NAN,0.0,0.0,0.0,0.0,nan,nan,False,20260904-SAN CRISTOBAL-DE710ST-001-B
2158,20260905,17,78,78,258,2,A,0.0,0.0,0.0,NAN,NAN,SIN_NUMERO,NAN,NAN,SIN_NUMERO,NAN,0.0,0.0,0.0,0.0,nan,nan,False,20260905-SAN CRISTOBAL-DE710ST-001-A
2159,20260905,17,78,78,258,2,B,0.0,0.0,0.0,NAN,NAN,SIN_NUMERO,NAN,NAN,SIN_NUMERO,NAN,0.0,0.0,0.0,0.0,nan,nan,False,20260905-SAN CRISTOBAL-DE710ST-001-B
2160,20260906,17,78,78,258,2,A,0.0,0.0,0.0,NAN,NAN,SIN_NUMERO,NAN,NAN,SIN_NUMERO,NAN,0.0,0.0,0.0,0.0,nan,nan,False,20260906-SAN CRISTOBAL-DE710ST-001-A
2161,20260906,17,78,78,258,2,B,0.0,0.0,0.0,NAN,NAN,SIN_NUMERO,NAN,NAN,SIN_NUMERO,NAN,0.0,0.0,0.0,0.0,nan,nan,False,20260906-SAN CRISTOBAL-DE710ST-001-B
2162,20260907,17,78,78,258,2,A,0.0,0.0,0.0,NAN,NAN,SIN_NUMERO,NAN,NAN,SIN_NUMERO,NAN,0.0,0.0,0.0,0.0,nan,nan,False,20260907-SAN CRISTOBAL-DE710ST-001-A
2163,20260907,17,78,78,258,2,B,0.0,0.0,0.0,NAN,NAN,SIN_NUMERO,NAN,NAN,SIN_NUMERO,NAN,0.0,0.0,0.0,0.0,nan,nan,False,20260907-SAN CRISTOBAL-DE710ST-001-B
2164,20260908,17,78,78,258,2,A,0.0,0.0,0.0,NAN,NAN,SIN_NUMERO,NAN,NAN,SIN_NUMERO,NAN,0.0,0.0,0.0,0.0,nan,nan,False,20260908-SAN CRISTOBAL-DE710ST-001-A
2165,20260908,17,78,78,258,2,B,0.0,0.0,0.0,NAN,NAN,SIN_NUMERO,NAN,NAN,SIN_NUMERO,NAN,0.0,0.0,0.0,0.0,nan,nan,False,20260908-SAN CRISTOBAL-DE710ST-001-B
2166,20260909,17,78,78,258,2,A,0.0,0.0,0.0,NAN,NAN,SIN_NUMERO,NAN,NAN,SIN_NUMERO,NAN,0.0,0.0,0.0,0.0,nan,nan,False,20260909-SAN CRISTOBAL-DE710ST-001-A
2167,20260909,17,78,78,258,2,B,0.0,0.0,0.0,NAN,NAN,SIN_NUMERO,NAN,NAN,SIN_NUMERO,NAN,0.0,0.0,0.0,0.0,nan,nan,False,20260909-SAN CRISTOBAL-DE710ST-001-B
2168,20260910,17,78,78,258,2,A,0.0,0.0,0.0,NAN,NAN,SIN_NUMERO,NAN,NAN,SIN_NUMERO,NAN,0.0,0.0,0.0,0.0,nan,nan,False,20260910-SAN CRISTOBAL-DE710ST-001-A
2169,20260910,17,78,78,258,2,B,0.0,0.0,0.0,NAN,NAN,SIN_NUMERO,NAN,NAN,SIN_NUMERO,NAN,0.0,0.0,0.0,0.0,nan,nan,False,20260910-SAN CRISTOBAL-DE710ST-001-B
2170,20260911,17,78,78,258,2,A,0.0,0.0,0.0,NAN,NAN,SIN_NUMERO,NAN,NAN,SIN_NUMERO,NAN,0.0,0.0,0.0,0.0,nan,nan,False,20260911-SAN CRISTOBAL-DE710ST-001-A
2171,20260911,17,78,78,258,2,B,0.0,0.0,0.0,NAN,NAN,SIN_NUMERO,NAN,NAN,SIN_NUMERO,NAN,0.0,0.0,0.0,0.0,nan,nan,False,20260911-SAN CRISTOBAL-DE710ST-001-B
2172,20260912,17,78,78,258,2,A,0.0,0.0,0.0,NAN,NAN,SIN_NUMERO,NAN,NAN,SIN_NUMERO,NAN,0.0,0.0,0.0,0.0,nan,nan,False,20260912-SAN CRISTOBAL-DE710ST-001-A
2173,20260912,17,78,78,258,2,B,0.0,0.0,0.0,NAN,NAN,SIN_NUMERO,NAN,NAN,SIN_NUMERO,NAN,0.0,0.0,0.0,0.0,nan,nan,False,20260912-SAN CRISTOBAL-DE710ST-001-B
2174,20260913,17,78,78,258,2,A,0.0,0.0,0.0,NAN,NAN,SIN_NUMERO,NAN,NAN,SIN_NUMERO,NAN,0.0,0.0,0.0,0.0,nan,nan,False,20260913-SAN CRISTOBAL-DE710ST-001-A
2175,20260913,17,78,78,258,2,B,0.0,0.0,0.0,NAN,NAN,SIN_NUMERO,NAN,NAN,SIN_NUMERO,NAN,0.0,0.0,0.0,0.0,nan,nan,False,20260913-SAN CRISTOBAL-DE710ST-001-B
2176,20260914,17,78,78,258,2,A,0.0,0.0,0.0,NAN,NAN,SIN_NUMERO,NAN,NAN,SIN_NUMERO,NAN,0.0,0.0,0.0,0.0,nan,nan,False,20260914-SAN CRISTOBAL-DE710ST-001-A
2177,20260914,17,78,78,258,2,B,0.0,0.0,0.0,NAN,NAN,SIN_NUMERO,NAN,NAN,SIN_NUMERO,NAN,0.0,0.0,0.0,0.0,nan,nan,False,20260914-SAN CRISTOBAL-DE710ST-001-B
2178,20260915,17,78,78,258,2,A,0.0,0.0,0.0,NAN,NAN,SIN_NUMERO,NAN,NAN,SIN_NUMERO,NAN,0.0,0.0,0.0,0.0,nan,nan,False,20260915-SAN CRISTOBAL-DE710ST-001-A
2179,20260915,17,78,78,258,2,B,0.0,0.0,0.0,NAN,NAN,SIN_NUMERO,NAN,NAN,SIN_NUMERO,NAN,0.0,0.0,0.0,0.0,nan,nan,False,20260915-SAN CRISTOBAL-DE710ST-001-B
2180,20260916,17,78,78,258,2,A,0.0,0.0,0.0,NAN,NAN,SIN_NUMERO,NAN,NAN,SIN_NUMERO,NAN,0.0,0.0,0.0,0.0,nan,nan,False,20260916-SAN CRISTOBAL-DE710ST-001-A
2181,20260916,17,78,78,258,2,B,0.0,0.0,0.0,NAN,NAN,SIN_NUMERO,NAN,NAN,SIN_NUMERO,NAN,0.0,0.0,0.0,0.0,nan,nan,False,20260916-SAN CRISTOBAL-DE710ST-001-B
2182,20260917,17,78,78,258,2,A,0.0,0.0,0.0,NAN,NAN,SIN_NUMERO,NAN,NAN,SIN_NUMERO,NAN,0.0,0.0,0.0,0.0,nan,nan,False,20260917-SAN CRISTOBAL-DE710ST-001-A
2183,20260917,17,78,78,258,2,B,0.0,0.0,0.0,NAN,NAN,SIN_NUMERO,NAN,NAN,SIN_NUMERO,NAN,0.0,0.0,0.0,0.0,nan,nan,False,20260917-SAN CRISTOBAL-DE710ST-001-B
2184,20260918,17,78,78,258,2,A,0.0,0.0,0.0,NAN,NAN,SIN_NUMERO,NAN,NAN,SIN_NUMERO,NAN,0.0,0.0,0.0,0.0,nan,nan,False,20260918-SAN CRISTOBAL-DE710ST-001-A
2185,20260918,17,78,78,258,2,B,0.0,0.0,0.0,NAN,NAN,SIN_NUMERO,NAN,NAN,SIN_NUMERO,NAN,0.0,0.0,0.0,0.0,nan,nan,False,20260918-SAN CRISTOBAL-DE710ST-001-B
2186,20260919,17,78,78,258,2,A,0.0,0.0,0.0,NAN,NAN,SIN_NUMERO,NAN,NAN,SIN_NUMERO,NAN,0.0,0.0,0.0,0.0,nan,nan,False,20260919-SAN CRISTOBAL-DE710ST-001-A
2187,20260919,17,78,78,258,2,B,0.0,0.0,0.0,NAN,NAN,SIN_NUMERO,NAN,NAN,SIN_NUMERO,NAN,0.0,0.0,0.0,0.0,nan,nan,False,20260919-SAN CRISTOBAL-DE710ST-001-B
2188,20260920,17,78,78,258,2,A,0.0,0.0,0.0,NAN,NAN,SIN_NUMERO,NAN,NAN,SIN_NUMERO,NAN,0.0,0.0,0.0,0.0,nan,nan,False,20260920-SAN CRISTOBAL-DE710ST-001-A
2189,20260920,17,78,78,258,2,B,0.0,0.0,0.0,NAN,NAN,SIN_NUMERO,NAN,NAN,SIN_NUMERO,NAN,0.0,0.0,0.0,0.0,nan,nan,False,20260920-SAN CRISTOBAL-DE710ST-001-B
2190,20260921,17,78,78,258,2,A,0.0,0.0,0.0,NAN,NAN,SIN_NUMERO,NAN,NAN,SIN_NUMERO,NAN,0.0,0.0,0.0,0.0,nan,nan,False,20260921-SAN CRISTOBAL-DE710ST-001-A
2191,20260921,17,78,78,258,2,B,0.0,0.0,0.0,NAN,NAN,SIN_NUMERO,NAN,NAN,SIN_NUMERO,NAN,0.0,0.0,0.0,0.0,nan,nan,False,20260921-SAN CRISTOBAL-DE710ST-001-B
2192,20260922,17,78,78,258,2,A,0.0,0.0,0.0,NAN,NAN,SIN_NUMERO,NAN,NAN,SIN_NUMERO,NAN,0.0,0.0,0.0,0.0,nan,nan,False,20260922-SAN CRISTOBAL-DE710ST-001-A
2193,20260922,17,78,78,258,2,B,0.0,0.0,0.0,NAN,NAN,SIN_NUMERO,NAN,NAN,SIN_NUMERO,NAN,0.0,0.0,0.0,0.0,nan,nan,False,20260922-SAN CRISTOBAL-DE710ST-001-B
2194,20260923,17,78,78,258,2,A,0.0,0.0,0.0,NAN,NAN,SIN_NUMERO,NAN,NAN,SIN_NUMERO,NAN,0.0,0.0,0.0,0.0,nan,nan,False,20260923-SAN CRISTOBAL-DE710ST-001-A
2195,20260923,17,78,78,258,2,B,0.0,0.0,0.0,NAN,NAN,SIN_NUMERO,NAN,NAN,SIN_NUMERO,NAN,0.0,0.0,0.0,0.0,nan,nan,False,20260923-SAN CRISTOBAL-DE710ST-001-B
2196,20260924,17,78,78,258,2,A,0.0,0.0,0.0,NAN,NAN,SIN_NUMERO,NAN,NAN,SIN_NUMERO,NAN,0.0,0.0,0.0,0.0,nan,nan,False,20260924-SAN CRISTOBAL-DE710ST-001-A
2197,20260924,17,78,78,258,2,B,0.0,0.0,0.0,NAN,NAN,SIN_NUMERO,NAN,NAN,SIN_NUMERO,NAN,0.0,0.0,0.0,0.0,nan,nan,False,20260924-SAN CRISTOBAL-DE710ST-001-B
2198,20260925,17,78,78,258,2,A,0.0,0.0,0.0,NAN,NAN,SIN_NUMERO,NAN,NAN,SIN_NUMERO,NAN,0.0,0.0,0.0,0.0,nan,nan,False,20260925-SAN CRISTOBAL-DE710ST-001-A
2199,20260925,17,78,78,258,2,B,0.0,0.0,0.0,NAN,NAN,SIN_NUMERO,NAN,NAN,SIN_NUMERO,NAN,0.0,0.0,0.0,0.0,nan,nan,False,20260925-SAN CRISTOBAL-DE710ST-001-B
2200,20260826,18,83,24,108,2,A,32.8,44.2,11.4,HARDCORE,X6,398848,USADO,HARDCORE,190300,USADO,0.0,0.0,8.0,0.0,nan,"SE INICA REPOARTO DE GUARDIA, SE TRASLADA A L PERSONAL , SE PERFORA CON NORMALIDAD",False,20260826-TAMBOJASA-DE710ST-002-A
2201,20260826,18,83,24,145,2,B,44.2,74.75,30.55,HARDCORE,X10,439554,USADO,HARDCORE,190300,NUEVO,0.0,0.0,0.0,0.0,nan,"SE INICIA LLENADO DE IPERC, SE CONTINUA CON LA PERFORACION CON NORMALIDAD",False,20260826-TAMBOJASA-DE710ST-002-B
2202,20260827,18,83,24,108,2,A,74.75,106.65,31.9,HARDCORE,X10,439566,NUEVO,HARDCORE,190300,USADO,0.0,0.0,9.0,0.0,nan,"LLENADO DE HERRAMIENTAS DE GESTION,PLANIFICACION DE TRABAJOS, SE ACONDICIONA SONDAJES, SE CONTINUA CON LA PERFORACION.",False,20260827-TAMBOJASA-DE710ST-002-A
2203,20260827,18,83,24,145,2,B,106.65,129.0,22.35,HARDCORE,X10,439554,USADO,HARDCORE,190300,USADO,0.0,0.0,0.0,0.0,nan,"SE INICIA LLENADO DE IPEC, SE CONTINUA CON LA PERFORACION, LUEGO SE DESCARGA Y CARGA TUBERIA POR CAMBIO DE BROCA Y SE CONTINUA CON LA PERFORACION.",False,20260827-TAMBOJASA-DE710ST-002-B
2204,20260828,18,83,24,108,2,A,129.0,155.1,26.1,HARDCORE,X10,439304,NUEVO,HARDCORE,190300,USADO,0.0,0.0,9.0,0.0,nan,"LLENADO DE HERRAMINETAS DE GESTION, SE ACONDICIONA SONADE,  SE CONTINUA CON LA PERFORACION.",False,20260828-TAMBOJASA-DE710ST-002-A
2205,20260828,18,83,24,145,2,B,155.1,190.7,35.6,HARDCORE,X10,439304,USADO,HARDCORE,190300,USADO,0.0,0.0,0.0,0.0,nan,"SE LLENA DOCUMENTOS DE GESTION, SE COONTINUA CON LA PERFORACION CON NORMALIDAD",False,20260828-TAMBOJASA-DE710ST-002-B
2206,20260829,18,83,24,108,2,A,190.7,209.7,19.0,HARDCORE,X10,459304,NUEVO,HARDCORE,190300,USADO,0.0,0.0,9.0,0.0,nan,"INSPECCION DE PLATAFORMA Y ACCESORIOS, LLENADO DE HERRAMIENTAS DE GESTION,  ACONDICIONAMIENTO DE POZO, SE CONTINUA CON LA PERFORACION.",False,20260829-TAMBOJASA-DE710ST-002-A
2207,20260829,18,83,24,145,2,B,0.0,0.0,0.0,NAN,NAN,SIN_NUMERO,NAN,NAN,SIN_NUMERO,NAN,0.0,0.0,0.0,0.0,nan,TRASLADO DE MAQUINA DE UN PUNTO A OTRO PUNTO,False,20260829-TAMBOJASA-DE710ST-002-B
2208,20260830,18,83,24,108,2,A,0.0,0.0,0.0,NAN,NAN,SIN_NUMERO,NAN,NAN,SIN_NUMERO,NAN,0.0,0.0,0.0,0.0,nan,TRASLADO DE MAQUINA DE UN PUNTO A OTRO PUNTO,False,20260830-TAMBOJASA-DE710ST-002-A
2209,20260830,18,83,24,145,2,B,0.0,0.0,0.0,NAN,NAN,SIN_NUMERO,NAN,NAN,SIN_NUMERO,NAN,0.0,0.0,0.0,0.0,nan,TRASLADO DE MAQUINA DE UN PUNTO A OTRO PUNTO,False,20260830-TAMBOJASA-DE710ST-002-B
2210,20260831,18,83,24,108,2,A,0.0,0.0,0.0,NAN,NAN,SIN_NUMERO,NAN,NAN,SIN_NUMERO,NAN,0.0,0.0,4.0,0.0,nan,ESTANDARIZACION DE MAQUINA EN PUNTO DE TRABAJO,False,20260831-TAMBOJASA-DE710ST-002-A
2211,20260831,18,83,24,145,2,B,0.0,0.0,0.0,NAN,NAN,SIN_NUMERO,NAN,NAN,SIN_NUMERO,NAN,0.0,0.0,0.0,0.0,nan,ESTANDARIZACION DE MAQUINA EN PUNTO DE TRABAJO,False,20260831-TAMBOJASA-DE710ST-002-B
2212,20260901,18,83,24,258,2,A,0.0,0.0,0.0,NAN,NAN,SIN_NUMERO,NAN,NAN,SIN_NUMERO,NAN,0.0,0.0,0.0,0.0,nan,nan,False,20260901-TAMBOJASA-DE710ST-002-A
2213,20260901,18,83,79,258,2,B,0.0,0.0,0.0,NAN,NAN,SIN_NUMERO,NAN,NAN,SIN_NUMERO,NAN,0.0,0.0,0.0,0.0,nan,nan,False,20260901-TAMBOJASA-DE710ST-002-B
2214,20260902,18,83,79,258,2,A,0.0,0.0,0.0,NAN,NAN,SIN_NUMERO,NAN,NAN,SIN_NUMERO,NAN,0.0,0.0,0.0,0.0,nan,nan,False,20260902-TAMBOJASA-DE710ST-002-A
2215,20260902,18,83,79,258,2,B,0.0,0.0,0.0,NAN,NAN,SIN_NUMERO,NAN,NAN,SIN_NUMERO,NAN,0.0,0.0,0.0,0.0,nan,nan,False,20260902-TAMBOJASA-DE710ST-002-B
2216,20260903,18,83,79,258,2,A,0.0,0.0,0.0,NAN,NAN,SIN_NUMERO,NAN,NAN,SIN_NUMERO,NAN,0.0,0.0,0.0,0.0,nan,nan,False,20260903-TAMBOJASA-DE710ST-002-A
2217,20260903,18,83,79,258,2,B,0.0,0.0,0.0,NAN,NAN,SIN_NUMERO,NAN,NAN,SIN_NUMERO,NAN,0.0,0.0,0.0,0.0,nan,nan,False,20260903-TAMBOJASA-DE710ST-002-B
2218,20260904,18,83,79,258,2,A,0.0,0.0,0.0,NAN,NAN,SIN_NUMERO,NAN,NAN,SIN_NUMERO,NAN,0.0,0.0,0.0,0.0,nan,nan,False,20260904-TAMBOJASA-DE710ST-002-A
2219,20260904,18,83,79,258,2,B,0.0,0.0,0.0,NAN,NAN,SIN_NUMERO,NAN,NAN,SIN_NUMERO,NAN,0.0,0.0,0.0,0.0,nan,nan,False,20260904-TAMBOJASA-DE710ST-002-B
2220,20260905,18,83,79,258,2,A,0.0,0.0,0.0,NAN,NAN,SIN_NUMERO,NAN,NAN,SIN_NUMERO,NAN,0.0,0.0,0.0,0.0,nan,nan,False,20260905-TAMBOJASA-DE710ST-002-A
2221,20260905,18,83,79,258,2,B,0.0,0.0,0.0,NAN,NAN,SIN_NUMERO,NAN,NAN,SIN_NUMERO,NAN,0.0,0.0,0.0,0.0,nan,nan,False,20260905-TAMBOJASA-DE710ST-002-B
2222,20260906,18,83,79,258,2,A,0.0,0.0,0.0,NAN,NAN,SIN_NUMERO,NAN,NAN,SIN_NUMERO,NAN,0.0,0.0,0.0,0.0,nan,nan,False,20260906-TAMBOJASA-DE710ST-002-A
2223,20260906,18,83,79,258,2,B,0.0,0.0,0.0,NAN,NAN,SIN_NUMERO,NAN,NAN,SIN_NUMERO,NAN,0.0,0.0,0.0,0.0,nan,nan,False,20260906-TAMBOJASA-DE710ST-002-B
2224,20260907,18,83,79,258,2,A,0.0,0.0,0.0,NAN,NAN,SIN_NUMERO,NAN,NAN,SIN_NUMERO,NAN,0.0,0.0,0.0,0.0,nan,nan,False,20260907-TAMBOJASA-DE710ST-002-A
2225,20260907,18,83,79,258,2,B,0.0,0.0,0.0,NAN,NAN,SIN_NUMERO,NAN,NAN,SIN_NUMERO,NAN,0.0,0.0,0.0,0.0,nan,nan,False,20260907-TAMBOJASA-DE710ST-002-B
2226,20260908,18,83,79,258,2,A,0.0,0.0,0.0,NAN,NAN,SIN_NUMERO,NAN,NAN,SIN_NUMERO,NAN,0.0,0.0,0.0,0.0,nan,nan,False,20260908-TAMBOJASA-DE710ST-002-A
2227,20260908,18,83,79,258,2,B,0.0,0.0,0.0,NAN,NAN,SIN_NUMERO,NAN,NAN,SIN_NUMERO,NAN,0.0,0.0,0.0,0.0,nan,nan,False,20260908-TAMBOJASA-DE710ST-002-B
2228,20260909,18,83,79,258,2,A,0.0,0.0,0.0,NAN,NAN,SIN_NUMERO,NAN,NAN,SIN_NUMERO,NAN,0.0,0.0,0.0,0.0,nan,nan,False,20260909-TAMBOJASA-DE710ST-002-A
2229,20260909,18,83,79,258,2,B,0.0,0.0,0.0,NAN,NAN,SIN_NUMERO,NAN,NAN,SIN_NUMERO,NAN,0.0,0.0,0.0,0.0,nan,nan,False,20260909-TAMBOJASA-DE710ST-002-B
2230,20260910,18,83,79,258,2,A,0.0,0.0,0.0,NAN,NAN,SIN_NUMERO,NAN,NAN,SIN_NUMERO,NAN,0.0,0.0,0.0,0.0,nan,nan,False,20260910-TAMBOJASA-DE710ST-002-A
2231,20260910,18,83,79,258,2,B,0.0,0.0,0.0,NAN,NAN,SIN_NUMERO,NAN,NAN,SIN_NUMERO,NAN,0.0,0.0,0.0,0.0,nan,nan,False,20260910-TAMBOJASA-DE710ST-002-B
2232,20260911,18,83,79,258,2,A,0.0,0.0,0.0,NAN,NAN,SIN_NUMERO,NAN,NAN,SIN_NUMERO,NAN,0.0,0.0,0.0,0.0,nan,nan,False,20260911-TAMBOJASA-DE710ST-002-A
2233,20260911,18,83,79,258,2,B,0.0,0.0,0.0,NAN,NAN,SIN_NUMERO,NAN,NAN,SIN_NUMERO,NAN,0.0,0.0,0.0,0.0,nan,nan,False,20260911-TAMBOJASA-DE710ST-002-B
2234,20260912,18,83,79,258,2,A,0.0,0.0,0.0,NAN,NAN,SIN_NUMERO,NAN,NAN,SIN_NUMERO,NAN,0.0,0.0,0.0,0.0,nan,nan,False,20260912-TAMBOJASA-DE710ST-002-A
2235,20260912,18,83,79,258,2,B,0.0,0.0,0.0,NAN,NAN,SIN_NUMERO,NAN,NAN,SIN_NUMERO,NAN,0.0,0.0,0.0,0.0,nan,nan,False,20260912-TAMBOJASA-DE710ST-002-B
2236,20260913,18,83,79,258,2,A,0.0,0.0,0.0,NAN,NAN,SIN_NUMERO,NAN,NAN,SIN_NUMERO,NAN,0.0,0.0,0.0,0.0,nan,nan,False,20260913-TAMBOJASA-DE710ST-002-A
2237,20260913,18,83,79,258,2,B,0.0,0.0,0.0,NAN,NAN,SIN_NUMERO,NAN,NAN,SIN_NUMERO,NAN,0.0,0.0,0.0,0.0,nan,nan,False,20260913-TAMBOJASA-DE710ST-002-B
2238,20260914,18,83,79,258,2,A,0.0,0.0,0.0,NAN,NAN,SIN_NUMERO,NAN,NAN,SIN_NUMERO,NAN,0.0,0.0,0.0,0.0,nan,nan,False,20260914-TAMBOJASA-DE710ST-002-A
2239,20260914,18,83,79,258,2,B,0.0,0.0,0.0,NAN,NAN,SIN_NUMERO,NAN,NAN,SIN_NUMERO,NAN,0.0,0.0,0.0,0.0,nan,nan,False,20260914-TAMBOJASA-DE710ST-002-B
2240,20260915,18,83,79,258,2,A,0.0,0.0,0.0,NAN,NAN,SIN_NUMERO,NAN,NAN,SIN_NUMERO,NAN,0.0,0.0,0.0,0.0,nan,nan,False,20260915-TAMBOJASA-DE710ST-002-A
2241,20260915,18,83,79,258,2,B,0.0,0.0,0.0,NAN,NAN,SIN_NUMERO,NAN,NAN,SIN_NUMERO,NAN,0.0,0.0,0.0,0.0,nan,nan,False,20260915-TAMBOJASA-DE710ST-002-B
2242,20260916,18,83,79,258,2,A,0.0,0.0,0.0,NAN,NAN,SIN_NUMERO,NAN,NAN,SIN_NUMERO,NAN,0.0,0.0,0.0,0.0,nan,nan,False,20260916-TAMBOJASA-DE710ST-002-A
2243,20260916,18,83,79,258,2,B,0.0,0.0,0.0,NAN,NAN,SIN_NUMERO,NAN,NAN,SIN_NUMERO,NAN,0.0,0.0,0.0,0.0,nan,nan,False,20260916-TAMBOJASA-DE710ST-002-B
2244,20260917,18,83,79,258,2,A,0.0,0.0,0.0,NAN,NAN,SIN_NUMERO,NAN,NAN,SIN_NUMERO,NAN,0.0,0.0,0.0,0.0,nan,nan,False,20260917-TAMBOJASA-DE710ST-002-A
2245,20260917,18,83,79,258,2,B,0.0,0.0,0.0,NAN,NAN,SIN_NUMERO,NAN,NAN,SIN_NUMERO,NAN,0.0,0.0,0.0,0.0,nan,nan,False,20260917-TAMBOJASA-DE710ST-002-B
2246,20260918,18,83,79,258,2,A,0.0,0.0,0.0,NAN,NAN,SIN_NUMERO,NAN,NAN,SIN_NUMERO,NAN,0.0,0.0,0.0,0.0,nan,nan,False,20260918-TAMBOJASA-DE710ST-002-A
2247,20260918,18,83,79,258,2,B,0.0,0.0,0.0,NAN,NAN,SIN_NUMERO,NAN,NAN,SIN_NUMERO,NAN,0.0,0.0,0.0,0.0,nan,nan,False,20260918-TAMBOJASA-DE710ST-002-B
2248,20260919,18,83,79,258,2,A,0.0,0.0,0.0,NAN,NAN,SIN_NUMERO,NAN,NAN,SIN_NUMERO,NAN,0.0,0.0,0.0,0.0,nan,nan,False,20260919-TAMBOJASA-DE710ST-002-A
2249,20260919,18,83,79,258,2,B,0.0,0.0,0.0,NAN,NAN,SIN_NUMERO,NAN,NAN,SIN_NUMERO,NAN,0.0,0.0,0.0,0.0,nan,nan,False,20260919-TAMBOJASA-DE710ST-002-B
2250,20260920,18,83,79,258,2,A,0.0,0.0,0.0,NAN,NAN,SIN_NUMERO,NAN,NAN,SIN_NUMERO,NAN,0.0,0.0,0.0,0.0,nan,nan,False,20260920-TAMBOJASA-DE710ST-002-A
2251,20260920,18,83,79,258,2,B,0.0,0.0,0.0,NAN,NAN,SIN_NUMERO,NAN,NAN,SIN_NUMERO,NAN,0.0,0.0,0.0,0.0,nan,nan,False,20260920-TAMBOJASA-DE710ST-002-B
2252,20260921,18,83,79,258,2,A,0.0,0.0,0.0,NAN,NAN,SIN_NUMERO,NAN,NAN,SIN_NUMERO,NAN,0.0,0.0,0.0,0.0,nan,nan,False,20260921-TAMBOJASA-DE710ST-002-A
2253,20260921,18,83,79,258,2,B,0.0,0.0,0.0,NAN,NAN,SIN_NUMERO,NAN,NAN,SIN_NUMERO,NAN,0.0,0.0,0.0,0.0,nan,nan,False,20260921-TAMBOJASA-DE710ST-002-B
2254,20260922,18,83,79,258,2,A,0.0,0.0,0.0,NAN,NAN,SIN_NUMERO,NAN,NAN,SIN_NUMERO,NAN,0.0,0.0,0.0,0.0,nan,nan,False,20260922-TAMBOJASA-DE710ST-002-A
2255,20260922,18,83,79,258,2,B,0.0,0.0,0.0,NAN,NAN,SIN_NUMERO,NAN,NAN,SIN_NUMERO,NAN,0.0,0.0,0.0,0.0,nan,nan,False,20260922-TAMBOJASA-DE710ST-002-B
2256,20260923,18,83,79,258,2,A,0.0,0.0,0.0,NAN,NAN,SIN_NUMERO,NAN,NAN,SIN_NUMERO,NAN,0.0,0.0,0.0,0.0,nan,nan,False,20260923-TAMBOJASA-DE710ST-002-A
2257,20260923,18,83,79,258,2,B,0.0,0.0,0.0,NAN,NAN,SIN_NUMERO,NAN,NAN,SIN_NUMERO,NAN,0.0,0.0,0.0,0.0,nan,nan,False,20260923-TAMBOJASA-DE710ST-002-B
2258,20260924,18,83,79,258,2,A,0.0,0.0,0.0,NAN,NAN,SIN_NUMERO,NAN,NAN,SIN_NUMERO,NAN,0.0,0.0,0.0,0.0,nan,nan,False,20260924-TAMBOJASA-DE710ST-002-A
2259,20260924,18,83,79,258,2,B,0.0,0.0,0.0,NAN,NAN,SIN_NUMERO,NAN,NAN,SIN_NUMERO,NAN,0.0,0.0,0.0,0.0,nan,nan,False,20260924-TAMBOJASA-DE710ST-002-B
2260,20260925,18,83,79,258,2,A,0.0,0.0,0.0,NAN,NAN,SIN_NUMERO,NAN,NAN,SIN_NUMERO,NAN,0.0,0.0,0.0,0.0,nan,nan,False,20260925-TAMBOJASA-DE710ST-002-A
2261,20260925,18,83,79,258,2,B,0.0,0.0,0.0,NAN,NAN,SIN_NUMERO,NAN,NAN,SIN_NUMERO,NAN,0.0,0.0,0.0,0.0,nan,nan,False,20260925-TAMBOJASA-DE710ST-002-B
2262,20260826,18,84,23,73,2,A,118.5,130.25,11.75,HARDCORE,X10,26020,USADO,HARDCORE,192985,USADO,0.0,0.0,6.8,0.0,nan,"AL INICIO DE TURNO SE ASISTE A LA CHARLA,  DE SEGURIDAD, LUEGO SE TRASLADA DE CAMPAMENTO A LA MINA  Y SE PERFORA CON NORMALIDAD.",False,20260826-TAMBOJASA-XRD150U-009-A
2263,20260826,18,84,23,177,2,B,130.25,140.45,10.2,HARDCORE,X10,26020,USADO,HARDCORE,192985,USADO,0.0,0.0,0.0,0.0,nan,"AL INICIO DE TURNO SE ESPERA VENTILACION, SE PRENDE VENTILADORA, SE INGRESA Y SE ESTANDARIZA SONDAJE Y SE CONTINUA CON LA PERFORACION.",False,20260826-TAMBOJASA-XRD150U-009-B
2264,20260827,18,84,23,73,2,A,140.45,145.1,4.65,HARDCORE,X10,26020,USADO,HARDCORE,182985,USADO,0.0,0.0,2.7,0.0,nan,SE PERTICIPA DE LA CHARLA DE SEGURIDAD LUEGO SE TRASLADA DE CAMPAMENTO MINA - SE RELLENA HERRAMIENTAS DE GESTION  NO SE TIENE AGUA,False,20260827-TAMBOJASA-XRD150U-009-A
2265,20260827,18,84,23,177,2,B,145.1,159.65,14.55,HARDCORE,X10,26020,USADO,HARDCORE,182985,USADO,0.0,0.0,0.0,0.0,nan,"AL INICIO DE TURNO SE ESPERA POR FALTA DE ENERGIA 440 Y ILUMINACION, SE INGRESA Y SE ESTABILIZA SONDAJE Y SE CONTINUA CON LA PERFORACION.",False,20260827-TAMBOJASA-XRD150U-009-B
2266,20260828,18,84,23,73,2,A,159.65,170.25,10.6,HARDCORE,X10,602016,USADO,HARDCORE,182985,USADO,0.0,0.0,7.0,0.0,nan,"AL INICIO DE TURNO E ASISTEA A LA CHARL LUEGO SE TRASLADA A MINA, SE INICIA CON LA PERFORACION,",False,20260828-TAMBOJASA-XRD150U-009-A
2267,20260828,18,84,23,177,2,B,170.25,180.1,9.85,HARDCORE,X10,433050,NUEVO,HARDCORE,182985,USADO,0.0,0.0,0.0,0.0,nan,"AL INICIO DE TURNO SE PRENDE VENTILACION, SEAPILA SACOS DE LAMA Y CUNETA Y SE HACE LIMPIEZA, SE CONTINUA CON LA PERFORACION TERRENO COMPACTO Y DURO.",False,20260828-TAMBOJASA-XRD150U-009-B
2268,20260829,18,84,23,73,2,A,180.1,187.55,7.45,HARDCORE,X10,433050,USADO,HARDCORE,182985,USADO,0.0,0.0,6.5,0.0,nan,"AL INICIO DE TURNO SE ASISTE A LA CHARLA DE SEGURIDAD, LUEGO SE TRASLADA DEL C/M, LUEGO SE RELLENA HERRAMIENTAS DE GESTION, SE INSOECCIONA LA MAQUINA, LUEGO SE ENGRASAY NO SE TIENE AGUA PARA LA PERFORACION DESDE INICIO DE GUARDIA, HASTA LAS 10:00 AM  LUEGO SE ACONDICIONA EL SONDAJE Y SE CONTINUA CON LA PERFORACION Y SE ESTA PERFORANDO TERRENO DURO.",False,20260829-TAMBOJASA-XRD150U-009-A
2269,20260829,18,84,23,177,2,B,187.55,199.3,11.75,HARDCORE,X10,433050,USADO,HARDCORE,182985,USADO,0.0,0.0,0.0,0.0,nan,"AL INICIO DE TURNO SE ESPERA AGUA HASTA LAS 10:30, SE ESTABILIZA SONDAJE Y SE CONTINUA CON LA PERFORACION  TERRECNO DURO Y COMPACTO.",False,20260829-TAMBOJASA-XRD150U-009-B
2270,20260830,18,84,23,73,2,A,199.3,202.4,3.1,HARDCORE,X10,433050,USADO,HARDCORE,182985,USADO,0.0,0.0,2.5,0.0,nan,"AL INICIO DE TURNO SE ASISTE A LA CHARLA DE SEGURIDAD LUEGO SE TRASLADA DE CAMPAMENTO HACIA LA MINA, SE INSPECCIONA LA MAQUINA Y ACCESORIOS, SE ESPERA AGUA PARA LA PERFORACION, LUEGO SE ACONDICIONA EL SONDAJE Y SE CONTINUA CON LA PERFORACION",False,20260830-TAMBOJASA-XRD150U-009-A
2271,20260830,18,84,23,177,2,B,202.4,214.7,12.3,HARDCORE,X10,433050,USADO,HARDCORE,182985,USADO,0.0,0.0,0.0,0.0,nan,"AL INICIO DE TURNO SE CAMBIA ACCESORIOS PESCADOR Y CABEZAL Y SE LUBRICA LA MAQUINA, SE TIENE CORTE DE VENTILACION EN 3 OPERTUNIDADES, SE PERFORA TERRENO COMPACTO, SE TIENE BAJO CAUDAL DE AGUA DE 11:30 A 2 AM",False,20260830-TAMBOJASA-XRD150U-009-B
2272,20260831,18,84,23,73,2,A,214.7,225.55,10.85,HARDCORE,X10,433050,USADO,HARDCORE,182985,USADO,0.0,0.0,7.5,0.0,nan,AL INICIO DE GUARDIA SE ASISTE A LA CHARLA DE SEGURIDAD LUEGO SE TRANLADA DEL C/M SE INSPECCIONA EL AREA DE TRABAJO Y SE CONTINUA CON LA PERFORACION LUEGO SE DESCARGA BARRAS PARA CAMBIO DE BROCA,False,20260831-TAMBOJASA-XRD150U-009-A
2273,20260831,18,84,23,177,2,B,225.55,240.15,14.6,HARDCORE,X10,613491,NUEVO,HARDCORE,182985,USADO,0.0,0.0,0.0,0.0,nan,"AL INICIO DE TURNO SE CAMBIA  CAMBIA ACCESORIOS DE TUBO INTERIOR, SE ESTANDARIZA SONDAJE Y SE CONTINUA CON LA PERFORACION",False,20260831-TAMBOJASA-XRD150U-009-B
2274,20260901,18,84,23,258,2,A,0.0,0.0,0.0,NAN,NAN,SIN_NUMERO,NAN,NAN,SIN_NUMERO,NAN,0.0,0.0,0.0,0.0,nan,nan,False,20260901-TAMBOJASA-XRD150U-009-A
2275,20260901,18,84,79,258,2,B,0.0,0.0,0.0,NAN,NAN,SIN_NUMERO,NAN,NAN,SIN_NUMERO,NAN,0.0,0.0,0.0,0.0,nan,nan,False,20260901-TAMBOJASA-XRD150U-009-B
2276,20260902,18,84,79,258,2,A,0.0,0.0,0.0,NAN,NAN,SIN_NUMERO,NAN,NAN,SIN_NUMERO,NAN,0.0,0.0,0.0,0.0,nan,nan,False,20260902-TAMBOJASA-XRD150U-009-A
2277,20260902,18,84,79,258,2,B,0.0,0.0,0.0,NAN,NAN,SIN_NUMERO,NAN,NAN,SIN_NUMERO,NAN,0.0,0.0,0.0,0.0,nan,nan,False,20260902-TAMBOJASA-XRD150U-009-B
2278,20260903,18,84,79,258,2,A,0.0,0.0,0.0,NAN,NAN,SIN_NUMERO,NAN,NAN,SIN_NUMERO,NAN,0.0,0.0,0.0,0.0,nan,nan,False,20260903-TAMBOJASA-XRD150U-009-A
2279,20260903,18,84,79,258,2,B,0.0,0.0,0.0,NAN,NAN,SIN_NUMERO,NAN,NAN,SIN_NUMERO,NAN,0.0,0.0,0.0,0.0,nan,nan,False,20260903-TAMBOJASA-XRD150U-009-B
2280,20260904,18,84,79,258,2,A,0.0,0.0,0.0,NAN,NAN,SIN_NUMERO,NAN,NAN,SIN_NUMERO,NAN,0.0,0.0,0.0,0.0,nan,nan,False,20260904-TAMBOJASA-XRD150U-009-A
2281,20260904,18,84,79,258,2,B,0.0,0.0,0.0,NAN,NAN,SIN_NUMERO,NAN,NAN,SIN_NUMERO,NAN,0.0,0.0,0.0,0.0,nan,nan,False,20260904-TAMBOJASA-XRD150U-009-B
2282,20260905,18,84,79,258,2,A,0.0,0.0,0.0,NAN,NAN,SIN_NUMERO,NAN,NAN,SIN_NUMERO,NAN,0.0,0.0,0.0,0.0,nan,nan,False,20260905-TAMBOJASA-XRD150U-009-A
2283,20260905,18,84,79,258,2,B,0.0,0.0,0.0,NAN,NAN,SIN_NUMERO,NAN,NAN,SIN_NUMERO,NAN,0.0,0.0,0.0,0.0,nan,nan,False,20260905-TAMBOJASA-XRD150U-009-B
2284,20260906,18,84,79,258,2,A,0.0,0.0,0.0,NAN,NAN,SIN_NUMERO,NAN,NAN,SIN_NUMERO,NAN,0.0,0.0,0.0,0.0,nan,nan,False,20260906-TAMBOJASA-XRD150U-009-A
2285,20260906,18,84,79,258,2,B,0.0,0.0,0.0,NAN,NAN,SIN_NUMERO,NAN,NAN,SIN_NUMERO,NAN,0.0,0.0,0.0,0.0,nan,nan,False,20260906-TAMBOJASA-XRD150U-009-B
2286,20260907,18,84,79,258,2,A,0.0,0.0,0.0,NAN,NAN,SIN_NUMERO,NAN,NAN,SIN_NUMERO,NAN,0.0,0.0,0.0,0.0,nan,nan,False,20260907-TAMBOJASA-XRD150U-009-A
2287,20260907,18,84,79,258,2,B,0.0,0.0,0.0,NAN,NAN,SIN_NUMERO,NAN,NAN,SIN_NUMERO,NAN,0.0,0.0,0.0,0.0,nan,nan,False,20260907-TAMBOJASA-XRD150U-009-B
2288,20260908,18,84,79,258,2,A,0.0,0.0,0.0,NAN,NAN,SIN_NUMERO,NAN,NAN,SIN_NUMERO,NAN,0.0,0.0,0.0,0.0,nan,nan,False,20260908-TAMBOJASA-XRD150U-009-A
2289,20260908,18,84,79,258,2,B,0.0,0.0,0.0,NAN,NAN,SIN_NUMERO,NAN,NAN,SIN_NUMERO,NAN,0.0,0.0,0.0,0.0,nan,nan,False,20260908-TAMBOJASA-XRD150U-009-B
2290,20260909,18,84,79,258,2,A,0.0,0.0,0.0,NAN,NAN,SIN_NUMERO,NAN,NAN,SIN_NUMERO,NAN,0.0,0.0,0.0,0.0,nan,nan,False,20260909-TAMBOJASA-XRD150U-009-A
2291,20260909,18,84,79,258,2,B,0.0,0.0,0.0,NAN,NAN,SIN_NUMERO,NAN,NAN,SIN_NUMERO,NAN,0.0,0.0,0.0,0.0,nan,nan,False,20260909-TAMBOJASA-XRD150U-009-B
2292,20260910,18,84,79,258,2,A,0.0,0.0,0.0,NAN,NAN,SIN_NUMERO,NAN,NAN,SIN_NUMERO,NAN,0.0,0.0,0.0,0.0,nan,nan,False,20260910-TAMBOJASA-XRD150U-009-A
2293,20260910,18,84,79,258,2,B,0.0,0.0,0.0,NAN,NAN,SIN_NUMERO,NAN,NAN,SIN_NUMERO,NAN,0.0,0.0,0.0,0.0,nan,nan,False,20260910-TAMBOJASA-XRD150U-009-B
2294,20260911,18,84,79,258,2,A,0.0,0.0,0.0,NAN,NAN,SIN_NUMERO,NAN,NAN,SIN_NUMERO,NAN,0.0,0.0,0.0,0.0,nan,nan,False,20260911-TAMBOJASA-XRD150U-009-A
2295,20260911,18,84,79,258,2,B,0.0,0.0,0.0,NAN,NAN,SIN_NUMERO,NAN,NAN,SIN_NUMERO,NAN,0.0,0.0,0.0,0.0,nan,nan,False,20260911-TAMBOJASA-XRD150U-009-B
2296,20260912,18,84,79,258,2,A,0.0,0.0,0.0,NAN,NAN,SIN_NUMERO,NAN,NAN,SIN_NUMERO,NAN,0.0,0.0,0.0,0.0,nan,nan,False,20260912-TAMBOJASA-XRD150U-009-A
2297,20260912,18,84,79,258,2,B,0.0,0.0,0.0,NAN,NAN,SIN_NUMERO,NAN,NAN,SIN_NUMERO,NAN,0.0,0.0,0.0,0.0,nan,nan,False,20260912-TAMBOJASA-XRD150U-009-B
2298,20260913,18,84,79,258,2,A,0.0,0.0,0.0,NAN,NAN,SIN_NUMERO,NAN,NAN,SIN_NUMERO,NAN,0.0,0.0,0.0,0.0,nan,nan,False,20260913-TAMBOJASA-XRD150U-009-A
2299,20260913,18,84,79,258,2,B,0.0,0.0,0.0,NAN,NAN,SIN_NUMERO,NAN,NAN,SIN_NUMERO,NAN,0.0,0.0,0.0,0.0,nan,nan,False,20260913-TAMBOJASA-XRD150U-009-B
2300,20260914,18,84,79,258,2,A,0.0,0.0,0.0,NAN,NAN,SIN_NUMERO,NAN,NAN,SIN_NUMERO,NAN,0.0,0.0,0.0,0.0,nan,nan,False,20260914-TAMBOJASA-XRD150U-009-A
2301,20260914,18,84,79,258,2,B,0.0,0.0,0.0,NAN,NAN,SIN_NUMERO,NAN,NAN,SIN_NUMERO,NAN,0.0,0.0,0.0,0.0,nan,nan,False,20260914-TAMBOJASA-XRD150U-009-B
2302,20260915,18,84,79,258,2,A,0.0,0.0,0.0,NAN,NAN,SIN_NUMERO,NAN,NAN,SIN_NUMERO,NAN,0.0,0.0,0.0,0.0,nan,nan,False,20260915-TAMBOJASA-XRD150U-009-A
2303,20260915,18,84,79,258,2,B,0.0,0.0,0.0,NAN,NAN,SIN_NUMERO,NAN,NAN,SIN_NUMERO,NAN,0.0,0.0,0.0,0.0,nan,nan,False,20260915-TAMBOJASA-XRD150U-009-B
2304,20260916,18,84,79,258,2,A,0.0,0.0,0.0,NAN,NAN,SIN_NUMERO,NAN,NAN,SIN_NUMERO,NAN,0.0,0.0,0.0,0.0,nan,nan,False,20260916-TAMBOJASA-XRD150U-009-A
2305,20260916,18,84,79,258,2,B,0.0,0.0,0.0,NAN,NAN,SIN_NUMERO,NAN,NAN,SIN_NUMERO,NAN,0.0,0.0,0.0,0.0,nan,nan,False,20260916-TAMBOJASA-XRD150U-009-B
2306,20260917,18,84,79,258,2,A,0.0,0.0,0.0,NAN,NAN,SIN_NUMERO,NAN,NAN,SIN_NUMERO,NAN,0.0,0.0,0.0,0.0,nan,nan,False,20260917-TAMBOJASA-XRD150U-009-A
2307,20260917,18,84,79,258,2,B,0.0,0.0,0.0,NAN,NAN,SIN_NUMERO,NAN,NAN,SIN_NUMERO,NAN,0.0,0.0,0.0,0.0,nan,nan,False,20260917-TAMBOJASA-XRD150U-009-B
2308,20260918,18,84,79,258,2,A,0.0,0.0,0.0,NAN,NAN,SIN_NUMERO,NAN,NAN,SIN_NUMERO,NAN,0.0,0.0,0.0,0.0,nan,nan,False,20260918-TAMBOJASA-XRD150U-009-A
2309,20260918,18,84,79,258,2,B,0.0,0.0,0.0,NAN,NAN,SIN_NUMERO,NAN,NAN,SIN_NUMERO,NAN,0.0,0.0,0.0,0.0,nan,nan,False,20260918-TAMBOJASA-XRD150U-009-B
2310,20260919,18,84,79,258,2,A,0.0,0.0,0.0,NAN,NAN,SIN_NUMERO,NAN,NAN,SIN_NUMERO,NAN,0.0,0.0,0.0,0.0,nan,nan,False,20260919-TAMBOJASA-XRD150U-009-A
2311,20260919,18,84,79,258,2,B,0.0,0.0,0.0,NAN,NAN,SIN_NUMERO,NAN,NAN,SIN_NUMERO,NAN,0.0,0.0,0.0,0.0,nan,nan,False,20260919-TAMBOJASA-XRD150U-009-B
2312,20260920,18,84,79,258,2,A,0.0,0.0,0.0,NAN,NAN,SIN_NUMERO,NAN,NAN,SIN_NUMERO,NAN,0.0,0.0,0.0,0.0,nan,nan,False,20260920-TAMBOJASA-XRD150U-009-A
2313,20260920,18,84,79,258,2,B,0.0,0.0,0.0,NAN,NAN,SIN_NUMERO,NAN,NAN,SIN_NUMERO,NAN,0.0,0.0,0.0,0.0,nan,nan,False,20260920-TAMBOJASA-XRD150U-009-B
2314,20260921,18,84,79,258,2,A,0.0,0.0,0.0,NAN,NAN,SIN_NUMERO,NAN,NAN,SIN_NUMERO,NAN,0.0,0.0,0.0,0.0,nan,nan,False,20260921-TAMBOJASA-XRD150U-009-A
2315,20260921,18,84,79,258,2,B,0.0,0.0,0.0,NAN,NAN,SIN_NUMERO,NAN,NAN,SIN_NUMERO,NAN,0.0,0.0,0.0,0.0,nan,nan,False,20260921-TAMBOJASA-XRD150U-009-B
2316,20260922,18,84,79,258,2,A,0.0,0.0,0.0,NAN,NAN,SIN_NUMERO,NAN,NAN,SIN_NUMERO,NAN,0.0,0.0,0.0,0.0,nan,nan,False,20260922-TAMBOJASA-XRD150U-009-A
2317,20260922,18,84,79,258,2,B,0.0,0.0,0.0,NAN,NAN,SIN_NUMERO,NAN,NAN,SIN_NUMERO,NAN,0.0,0.0,0.0,0.0,nan,nan,False,20260922-TAMBOJASA-XRD150U-009-B
2318,20260923,18,84,79,258,2,A,0.0,0.0,0.0,NAN,NAN,SIN_NUMERO,NAN,NAN,SIN_NUMERO,NAN,0.0,0.0,0.0,0.0,nan,nan,False,20260923-TAMBOJASA-XRD150U-009-A
2319,20260923,18,84,79,258,2,B,0.0,0.0,0.0,NAN,NAN,SIN_NUMERO,NAN,NAN,SIN_NUMERO,NAN,0.0,0.0,0.0,0.0,nan,nan,False,20260923-TAMBOJASA-XRD150U-009-B
2320,20260924,18,84,79,258,2,A,0.0,0.0,0.0,NAN,NAN,SIN_NUMERO,NAN,NAN,SIN_NUMERO,NAN,0.0,0.0,0.0,0.0,nan,nan,False,20260924-TAMBOJASA-XRD150U-009-A
2321,20260924,18,84,79,258,2,B,0.0,0.0,0.0,NAN,NAN,SIN_NUMERO,NAN,NAN,SIN_NUMERO,NAN,0.0,0.0,0.0,0.0,nan,nan,False,20260924-TAMBOJASA-XRD150U-009-B
2322,20260925,18,84,79,258,2,A,0.0,0.0,0.0,NAN,NAN,SIN_NUMERO,NAN,NAN,SIN_NUMERO,NAN,0.0,0.0,0.0,0.0,nan,nan,False,20260925-TAMBOJASA-XRD150U-009-A
2323,20260925,18,84,79,258,2,B,0.0,0.0,0.0,NAN,NAN,SIN_NUMERO,NAN,NAN,SIN_NUMERO,NAN,0.0,0.0,0.0,0.0,nan,nan,False,20260925-TAMBOJASA-XRD150U-009-B
2324,20260826,19,85,51,31,2,A,271.55,281.1,9.55,HARDCORE,X10,439551,USADO,HARDCORE,198691,USADO,0.0,0.0,6.0,0.0,nan,"✔️Al inicio de guardia se asiste a la charla de seguridad. 
✔️Se hace inspección del área de trabajo y se rellena las herramientas de gestion. 
✔️Se hace mantenimiento preventivo del equipo de perforación. 
- SE ACONDICIONADO EL SONDAJE
✔️se continúa con la. perforación. 
- SE DESCARGA  LAS BARRAS PARA CAMBIO DE BROCA
- SE CARGA CON BROCA NUEVA 
- SE CONTINUA CON LA PERFORACIÓN 
✔️Se realiza orden y limpieza a fin de guardia.",False,20260826-TICLIO-XRD150U-007-A
2325,20260826,19,85,51,376,2,B,281.1,306.45,25.35,HARDCORE,X8,439431,NUEVO,HARDCORE,198691,USADO,0.0,0.0,0.0,0.0,nan,"✔️Al inicio de guardia se asiste a la charla de seguridad. 
✔️Se hace inspección del área de trabajo y se rellena las herramientas de gestion. 
✔️Se hace mantenimiento preventivo del equipo de perforación. 
✔️Se acondiciona el sondaje. 
✔️se continúa con la. perforación. 
✔️Se realiza orden y limpieza a fin de guardia.",False,20260826-TICLIO-XRD150U-007-B
2326,20260827,19,85,51,106,2,A,306.45,320.1,13.65,HARDCORE,X8,439431,USADO,HARDCORE,198691,USADO,0.0,0.0,6.0,0.0,nan,"✔️Al inicio de guardia se asiste a la charla de seguridad. 
✔️Se hace inspección del área de trabajo y se rellena las herramientas de gestion. 
✔️Se hace mantenimiento preventivo del equipo de perforación. 
- SE ACONDICIONADO EL SONDAJE
✔️se continúa con la. perforación. 
- SE CONTINUA CON LA PERFORACIÓN 
- se realiza medición desviación 300 metros (tiro unico overshot)
✔️Se realiza orden y limpieza a fin de guardia.",False,20260827-TICLIO-XRD150U-007-A
2327,20260827,19,85,51,376,2,B,320.1,340.55,20.45,HARDCORE,X8,439431,USADO,HARDCORE,198691,USADO,0.0,0.0,0.0,0.0,nan,"✔️Al inicio de guardia se asiste a la charla de seguridad. 
✔️Se hace inspección del área de trabajo y se rellena las herramientas de gestion. 
✔️Se hace mantenimiento preventivo del equipo de perforación. 
✔️Se acondiciona el sondaje. 
✔️se continúa con la. perforación. 
✔️Se lava el equipo DDH y se realiza orden y limpieza a fin de guardia.",False,20260827-TICLIO-XRD150U-007-B
2328,20260828,19,85,51,216,2,A,340.55,347.05,6.5,HARDCORE,X8,439431,USADO,HARDCORE,198691,USADO,0.0,0.0,6.0,0.0,nan,"✔️Al inicio de guardia se asiste a la charla de seguridad. 
✔️Se hace inspección del área de trabajo y se rellena las herramientas de gestion. 
✔️Se hace mantenimiento preventivo del equipo de perforación. 
✔️Se acondiciona el sondaje. 
✔️se continúa con la. perforación. 
Se corta agua a los 341 un promedio de 5 por 7 segundos .
Se tiene dificultad para cargar tubo interior por la presión de agua.
✏️Se tiene problema con el cable we're line se rompe del empatado. Se procede a descargar con dificultad hasta encontrar el cable. Se deja para continuar por falta de tiempo.",False,20260828-TICLIO-XRD150U-007-A
2329,20260828,19,85,51,106,2,B,347.05,347.05,0.0,HARDCORE,X8,439431,USADO,HARDCORE,198691,USADO,0.0,0.0,0.0,0.0,nan,✔️ NO SE REALIZAN TRABAJOS POR NO TENER SUPERVISOR DE GUARDIA NOCHE.,False,20260828-TICLIO-XRD150U-007-B
2330,20260829,19,85,51,216,2,A,347.05,347.05,0.0,HARDCORE,X8,439431,USADO,HARDCORE,198691,USADO,0.0,0.0,0.0,0.0,nan,"✔️Al inicio de guardia se asiste a la charla de seguridad. 
✔️Se hace inspección del área de trabajo y se rellena las herramientas de gestion. 
✔️Se hace mantenimiento preventivo del equipo de perforación. 
✔️Se descarga la tubería.
✔️ Se traslado a su respectivo caballete seleccionado tuberías en mal estado.
✏️Se sale a superficie para apoyar descarga tubería de NQ que llegó de lima y cargar tubería usadas, escalinatas, guardas.",False,20260829-TICLIO-XRD150U-007-A
2331,20260829,19,85,51,106,2,B,347.05,347.05,0.0,HARDCORE,X10,439431,USADO,HARDCORE,198691,USADO,0.0,0.0,0.0,0.0,nan,✔️Al inicio de guardia se asiste a la charla de seguridad.,False,20260829-TICLIO-XRD150U-007-B
2332,20260830,19,85,52,216,2,A,0.0,0.0,0.0,HARDCORE,X10,439563,NUEVO,HARDCORE,198699,NUEVO,0.0,0.0,0.0,0.0,nan,"✔️Al inicio de guardia se asiste a la charla de seguridad. 
✔️Se hace inspección del área de trabajo y se rellena las herramientas de gestion. 
✔️Se hace mantenimiento de máquina.... cabezales... guardas de seguridad.
✔️se pone clavos en punto.
✔️ Se alinea la máquina a su Azimut....Se pone en su angulo y se perfora para perno centro de 1.50 se tiene problema con el terreno suelto.
Se perfora 2.50 se mete el perno y no sujeta... se vuelve a sacar y se opta perforar 3 metros queda para continuar 
✏️Se realiza orden y limpieza.
 
LITOLOGIA: terreno suelto por la voladura",False,20260830-TICLIO-XRD150U-007-A
2333,20260830,19,85,52,106,2,B,0.0,29.35,29.35,HARDCORE,X10,439563,USADO,HARDCORE,198699,USADO,0.0,0.0,0.0,0.0,nan,"✔️Al inicio de guardia se asiste a la charla de seguridad. 
✔️Se hace inspección del área de trabajo y se rellena las herramientas de gestion. 
✔️Se hace mantenimiento de máquina. Mecánico cambia el pin de la rotacion
✔️ Se coloca perno de anclaje se ajusta y se ancla la máquina  
✔️ Se inicia con la perforacion
✔️ Se va el retorno a los 8.55mts se inyecta aditivos y se recupera el retorno ..... A los 25 mts se va nuevamente el retorno se inyecta aditivos y no se logra recuperar el retorno",False,20260830-TICLIO-XRD150U-007-B
2334,20260831,19,85,52,216,2,A,29.35,62.4,33.05,HARDCORE,X10,439563,USADO,HARDCORE,198699,NUEVO,0.0,0.0,8.0,0.0,nan,"✔️Al inicio de guardia se asiste a la charla de seguridad. 
✔️Se hace inspección del área de trabajo y se rellena las herramientas de gestion. 
✔️Se realiza mantto maquinaria y accesorios de perforación 
✔️ Se acondiciona el sondaje y se cotinua con la perforación. 
✔️ Se inyecta lodo pesado por terreno fracturado. 
✔️ Se acondiciona el taladro para la guardia netrante. y se realiza orden y limpieza",False,20260831-TICLIO-XRD150U-007-A
2335,20260831,19,85,52,106,2,B,62.4,96.6,34.2,HARDCORE,X10,439563,USADO,HARDCORE,198699,USADO,0.0,0.0,0.0,0.0,nan,"✔️Al inicio de guardia se asiste a la charla de seguridad. 
✔️Se hace inspección del área de trabajo y se rellena las herramientas de gestion. 
✔️Se hace mantenimiento de máquina.
✔️ Se continúa con la perforación litologia caliza cal8za panizo
✔️ Se hace medición de 23 y 50 metros 
✏️Se realiza orden y limpieza.",False,20260831-TICLIO-XRD150U-007-B
2336,20260901,19,85,52,258,2,A,0.0,0.0,0.0,NAN,NAN,SIN_NUMERO,NAN,NAN,SIN_NUMERO,NAN,0.0,0.0,0.0,0.0,nan,nan,False,20260901-TICLIO-XRD150U-007-A
2337,20260901,19,85,80,258,2,B,0.0,0.0,0.0,NAN,NAN,SIN_NUMERO,NAN,NAN,SIN_NUMERO,NAN,0.0,0.0,0.0,0.0,nan,nan,False,20260901-TICLIO-XRD150U-007-B
2338,20260902,19,85,80,258,2,A,0.0,0.0,0.0,NAN,NAN,SIN_NUMERO,NAN,NAN,SIN_NUMERO,NAN,0.0,0.0,0.0,0.0,nan,nan,False,20260902-TICLIO-XRD150U-007-A
2339,20260902,19,85,80,258,2,B,0.0,0.0,0.0,NAN,NAN,SIN_NUMERO,NAN,NAN,SIN_NUMERO,NAN,0.0,0.0,0.0,0.0,nan,nan,False,20260902-TICLIO-XRD150U-007-B
2340,20260903,19,85,80,258,2,A,0.0,0.0,0.0,NAN,NAN,SIN_NUMERO,NAN,NAN,SIN_NUMERO,NAN,0.0,0.0,0.0,0.0,nan,nan,False,20260903-TICLIO-XRD150U-007-A
2341,20260903,19,85,80,258,2,B,0.0,0.0,0.0,NAN,NAN,SIN_NUMERO,NAN,NAN,SIN_NUMERO,NAN,0.0,0.0,0.0,0.0,nan,nan,False,20260903-TICLIO-XRD150U-007-B
2342,20260904,19,85,80,258,2,A,0.0,0.0,0.0,NAN,NAN,SIN_NUMERO,NAN,NAN,SIN_NUMERO,NAN,0.0,0.0,0.0,0.0,nan,nan,False,20260904-TICLIO-XRD150U-007-A
2343,20260904,19,85,80,258,2,B,0.0,0.0,0.0,NAN,NAN,SIN_NUMERO,NAN,NAN,SIN_NUMERO,NAN,0.0,0.0,0.0,0.0,nan,nan,False,20260904-TICLIO-XRD150U-007-B
2344,20260905,19,85,80,258,2,A,0.0,0.0,0.0,NAN,NAN,SIN_NUMERO,NAN,NAN,SIN_NUMERO,NAN,0.0,0.0,0.0,0.0,nan,nan,False,20260905-TICLIO-XRD150U-007-A
2345,20260905,19,85,80,258,2,B,0.0,0.0,0.0,NAN,NAN,SIN_NUMERO,NAN,NAN,SIN_NUMERO,NAN,0.0,0.0,0.0,0.0,nan,nan,False,20260905-TICLIO-XRD150U-007-B
2346,20260906,19,85,80,258,2,A,0.0,0.0,0.0,NAN,NAN,SIN_NUMERO,NAN,NAN,SIN_NUMERO,NAN,0.0,0.0,0.0,0.0,nan,nan,False,20260906-TICLIO-XRD150U-007-A
2347,20260906,19,85,80,258,2,B,0.0,0.0,0.0,NAN,NAN,SIN_NUMERO,NAN,NAN,SIN_NUMERO,NAN,0.0,0.0,0.0,0.0,nan,nan,False,20260906-TICLIO-XRD150U-007-B
2348,20260907,19,85,80,258,2,A,0.0,0.0,0.0,NAN,NAN,SIN_NUMERO,NAN,NAN,SIN_NUMERO,NAN,0.0,0.0,0.0,0.0,nan,nan,False,20260907-TICLIO-XRD150U-007-A
2349,20260907,19,85,80,258,2,B,0.0,0.0,0.0,NAN,NAN,SIN_NUMERO,NAN,NAN,SIN_NUMERO,NAN,0.0,0.0,0.0,0.0,nan,nan,False,20260907-TICLIO-XRD150U-007-B
2350,20260908,19,85,80,258,2,A,0.0,0.0,0.0,NAN,NAN,SIN_NUMERO,NAN,NAN,SIN_NUMERO,NAN,0.0,0.0,0.0,0.0,nan,nan,False,20260908-TICLIO-XRD150U-007-A
2351,20260908,19,85,80,258,2,B,0.0,0.0,0.0,NAN,NAN,SIN_NUMERO,NAN,NAN,SIN_NUMERO,NAN,0.0,0.0,0.0,0.0,nan,nan,False,20260908-TICLIO-XRD150U-007-B
2352,20260909,19,85,80,258,2,A,0.0,0.0,0.0,NAN,NAN,SIN_NUMERO,NAN,NAN,SIN_NUMERO,NAN,0.0,0.0,0.0,0.0,nan,nan,False,20260909-TICLIO-XRD150U-007-A
2353,20260909,19,85,80,258,2,B,0.0,0.0,0.0,NAN,NAN,SIN_NUMERO,NAN,NAN,SIN_NUMERO,NAN,0.0,0.0,0.0,0.0,nan,nan,False,20260909-TICLIO-XRD150U-007-B
2354,20260910,19,85,80,258,2,A,0.0,0.0,0.0,NAN,NAN,SIN_NUMERO,NAN,NAN,SIN_NUMERO,NAN,0.0,0.0,0.0,0.0,nan,nan,False,20260910-TICLIO-XRD150U-007-A
2355,20260910,19,85,80,258,2,B,0.0,0.0,0.0,NAN,NAN,SIN_NUMERO,NAN,NAN,SIN_NUMERO,NAN,0.0,0.0,0.0,0.0,nan,nan,False,20260910-TICLIO-XRD150U-007-B
2356,20260911,19,85,80,258,2,A,0.0,0.0,0.0,NAN,NAN,SIN_NUMERO,NAN,NAN,SIN_NUMERO,NAN,0.0,0.0,0.0,0.0,nan,nan,False,20260911-TICLIO-XRD150U-007-A
2357,20260911,19,85,80,258,2,B,0.0,0.0,0.0,NAN,NAN,SIN_NUMERO,NAN,NAN,SIN_NUMERO,NAN,0.0,0.0,0.0,0.0,nan,nan,False,20260911-TICLIO-XRD150U-007-B
2358,20260912,19,85,80,258,2,A,0.0,0.0,0.0,NAN,NAN,SIN_NUMERO,NAN,NAN,SIN_NUMERO,NAN,0.0,0.0,0.0,0.0,nan,nan,False,20260912-TICLIO-XRD150U-007-A
2359,20260912,19,85,80,258,2,B,0.0,0.0,0.0,NAN,NAN,SIN_NUMERO,NAN,NAN,SIN_NUMERO,NAN,0.0,0.0,0.0,0.0,nan,nan,False,20260912-TICLIO-XRD150U-007-B
2360,20260913,19,85,80,258,2,A,0.0,0.0,0.0,NAN,NAN,SIN_NUMERO,NAN,NAN,SIN_NUMERO,NAN,0.0,0.0,0.0,0.0,nan,nan,False,20260913-TICLIO-XRD150U-007-A
2361,20260913,19,85,80,258,2,B,0.0,0.0,0.0,NAN,NAN,SIN_NUMERO,NAN,NAN,SIN_NUMERO,NAN,0.0,0.0,0.0,0.0,nan,nan,False,20260913-TICLIO-XRD150U-007-B
2362,20260914,19,85,80,258,2,A,0.0,0.0,0.0,NAN,NAN,SIN_NUMERO,NAN,NAN,SIN_NUMERO,NAN,0.0,0.0,0.0,0.0,nan,nan,False,20260914-TICLIO-XRD150U-007-A
2363,20260914,19,85,80,258,2,B,0.0,0.0,0.0,NAN,NAN,SIN_NUMERO,NAN,NAN,SIN_NUMERO,NAN,0.0,0.0,0.0,0.0,nan,nan,False,20260914-TICLIO-XRD150U-007-B
2364,20260915,19,85,80,258,2,A,0.0,0.0,0.0,NAN,NAN,SIN_NUMERO,NAN,NAN,SIN_NUMERO,NAN,0.0,0.0,0.0,0.0,nan,nan,False,20260915-TICLIO-XRD150U-007-A
2365,20260915,19,85,80,258,2,B,0.0,0.0,0.0,NAN,NAN,SIN_NUMERO,NAN,NAN,SIN_NUMERO,NAN,0.0,0.0,0.0,0.0,nan,nan,False,20260915-TICLIO-XRD150U-007-B
2366,20260916,19,85,80,258,2,A,0.0,0.0,0.0,NAN,NAN,SIN_NUMERO,NAN,NAN,SIN_NUMERO,NAN,0.0,0.0,0.0,0.0,nan,nan,False,20260916-TICLIO-XRD150U-007-A
2367,20260916,19,85,80,258,2,B,0.0,0.0,0.0,NAN,NAN,SIN_NUMERO,NAN,NAN,SIN_NUMERO,NAN,0.0,0.0,0.0,0.0,nan,nan,False,20260916-TICLIO-XRD150U-007-B
2368,20260917,19,85,80,258,2,A,0.0,0.0,0.0,NAN,NAN,SIN_NUMERO,NAN,NAN,SIN_NUMERO,NAN,0.0,0.0,0.0,0.0,nan,nan,False,20260917-TICLIO-XRD150U-007-A
2369,20260917,19,85,80,258,2,B,0.0,0.0,0.0,NAN,NAN,SIN_NUMERO,NAN,NAN,SIN_NUMERO,NAN,0.0,0.0,0.0,0.0,nan,nan,False,20260917-TICLIO-XRD150U-007-B
2370,20260918,19,85,80,258,2,A,0.0,0.0,0.0,NAN,NAN,SIN_NUMERO,NAN,NAN,SIN_NUMERO,NAN,0.0,0.0,0.0,0.0,nan,nan,False,20260918-TICLIO-XRD150U-007-A
2371,20260918,19,85,80,258,2,B,0.0,0.0,0.0,NAN,NAN,SIN_NUMERO,NAN,NAN,SIN_NUMERO,NAN,0.0,0.0,0.0,0.0,nan,nan,False,20260918-TICLIO-XRD150U-007-B
2372,20260919,19,85,80,258,2,A,0.0,0.0,0.0,NAN,NAN,SIN_NUMERO,NAN,NAN,SIN_NUMERO,NAN,0.0,0.0,0.0,0.0,nan,nan,False,20260919-TICLIO-XRD150U-007-A
2373,20260919,19,85,80,258,2,B,0.0,0.0,0.0,NAN,NAN,SIN_NUMERO,NAN,NAN,SIN_NUMERO,NAN,0.0,0.0,0.0,0.0,nan,nan,False,20260919-TICLIO-XRD150U-007-B
2374,20260920,19,85,80,258,2,A,0.0,0.0,0.0,NAN,NAN,SIN_NUMERO,NAN,NAN,SIN_NUMERO,NAN,0.0,0.0,0.0,0.0,nan,nan,False,20260920-TICLIO-XRD150U-007-A
2375,20260920,19,85,80,258,2,B,0.0,0.0,0.0,NAN,NAN,SIN_NUMERO,NAN,NAN,SIN_NUMERO,NAN,0.0,0.0,0.0,0.0,nan,nan,False,20260920-TICLIO-XRD150U-007-B
2376,20260921,19,85,80,258,2,A,0.0,0.0,0.0,NAN,NAN,SIN_NUMERO,NAN,NAN,SIN_NUMERO,NAN,0.0,0.0,0.0,0.0,nan,nan,False,20260921-TICLIO-XRD150U-007-A
2377,20260921,19,85,80,258,2,B,0.0,0.0,0.0,NAN,NAN,SIN_NUMERO,NAN,NAN,SIN_NUMERO,NAN,0.0,0.0,0.0,0.0,nan,nan,False,20260921-TICLIO-XRD150U-007-B
2378,20260922,19,85,80,258,2,A,0.0,0.0,0.0,NAN,NAN,SIN_NUMERO,NAN,NAN,SIN_NUMERO,NAN,0.0,0.0,0.0,0.0,nan,nan,False,20260922-TICLIO-XRD150U-007-A
2379,20260922,19,85,80,258,2,B,0.0,0.0,0.0,NAN,NAN,SIN_NUMERO,NAN,NAN,SIN_NUMERO,NAN,0.0,0.0,0.0,0.0,nan,nan,False,20260922-TICLIO-XRD150U-007-B
2380,20260923,19,85,80,258,2,A,0.0,0.0,0.0,NAN,NAN,SIN_NUMERO,NAN,NAN,SIN_NUMERO,NAN,0.0,0.0,0.0,0.0,nan,nan,False,20260923-TICLIO-XRD150U-007-A
2381,20260923,19,85,80,258,2,B,0.0,0.0,0.0,NAN,NAN,SIN_NUMERO,NAN,NAN,SIN_NUMERO,NAN,0.0,0.0,0.0,0.0,nan,nan,False,20260923-TICLIO-XRD150U-007-B
2382,20260924,19,85,80,258,2,A,0.0,0.0,0.0,NAN,NAN,SIN_NUMERO,NAN,NAN,SIN_NUMERO,NAN,0.0,0.0,0.0,0.0,nan,nan,False,20260924-TICLIO-XRD150U-007-A
2383,20260924,19,85,80,258,2,B,0.0,0.0,0.0,NAN,NAN,SIN_NUMERO,NAN,NAN,SIN_NUMERO,NAN,0.0,0.0,0.0,0.0,nan,nan,False,20260924-TICLIO-XRD150U-007-B
2384,20260925,19,85,80,258,2,A,0.0,0.0,0.0,NAN,NAN,SIN_NUMERO,NAN,NAN,SIN_NUMERO,NAN,0.0,0.0,0.0,0.0,nan,nan,False,20260925-TICLIO-XRD150U-007-A
2385,20260925,19,85,80,258,2,B,0.0,0.0,0.0,NAN,NAN,SIN_NUMERO,NAN,NAN,SIN_NUMERO,NAN,0.0,0.0,0.0,0.0,nan,nan,False,20260925-TICLIO-XRD150U-007-B
2386,20260826,20,89,119,122,1,A,74.3,119.15,44.85,HARDCORE,X8,426752,USADA,HARDCORE,185987,USADO,0.0,0.0,6.0,0.0,MARGA GRIS,Se acondiciona el sondaje  secontinua con la perforacion terreno marga gris se realiza orden y limpieza camara de perforacion,False,20260826-YAULIYACU-XRD50USS-003-A
2387,20260826,20,89,119,298,1,B,119.15,144.75,25.6,HARDCORE,X8,426746,NUEVA,HARDCORE,185987,USADO,0.0,0.0,0.0,0.0,MARGA GRIS FRACTURADO,Se acondiciona el sondaje.Se continua con la perforacion terreno marga gris fracturado.,False,20260826-YAULIYACU-XRD50USS-003-B
2388,20260827,20,89,119,122,1,A,144.75,176.6,31.85,HARDCORE,X8,426746,USADA,HARDCORE,185987,USADO,0.0,0.0,6.0,0.0,MARGA GRIS,Se acondiciona el sondaje.Se continua con la perforacion terreno marga gris,False,20260827-YAULIYACU-XRD50USS-003-A
2389,20260827,20,89,119,298,1,B,176.6,205.2,28.6,HARDCORE,X8,426746,USADA,HARDCORE,185987,USADO,0.0,0.0,0.0,0.0,MARGA GRIS FRACTURADO,Se acondiciona el sondaje.e continua con la perforacion terreno marga gris fracturado,False,20260827-YAULIYACU-XRD50USS-003-B
2390,20260828,20,89,119,122,1,A,205.2,232.4,27.2,HARDCORE,X8,426746,USADA,HARDCORE,185987,USADO,0.0,0.0,6.0,0.0,MARGA GRIS,Se acondiciona el sondaje. Se continua con la perforacion terreno marga gris,False,20260828-YAULIYACU-XRD50USS-003-A
2391,20260828,20,89,119,298,1,B,232.4,253.05,20.65,HARDCORE,X8,426746,USADA,HARDCORE,185987,USADO,0.0,0.0,0.0,0.0,MARGA GRIS FRACTURADO,Se acondiciona el sondaje.Se continua con la perforacion terreno marga gris fracturado,False,20260828-YAULIYACU-XRD50USS-003-B
2392,20260829,20,89,119,122,1,A,253.05,274.5,21.45,HARDCORE,X8,426746,USADA,HARDCORE,185987,USADO,0.0,0.0,6.0,0.0,MARGA GRIS,Se acondiciona el sondaje.Se continua con la perforacion terreno marga gris fracturado.Se realiza órden y limpieza de cámara.,False,20260829-YAULIYACU-XRD50USS-003-A
2393,20260829,20,89,119,298,1,B,274.5,280.6,6.1,HARDCORE,X8,426746,USADA,HARDCORE,185987,USADO,0.0,0.0,0.0,0.0,MARGA GRIS,No hubo agua desde inicio de guardia se hace seguimiento sin éxito y a las 2.40 llega el agua.Se acondiciona el sondaje.Se continua con la perforacion terreno marga gris fracturado,False,20260829-YAULIYACU-XRD50USS-003-B
2394,20260830,20,89,119,122,1,A,280.6,292.0,11.4,HARDCORE,X8,426746,USADA,HARDCORE,185987,USADO,0.0,0.0,4.0,0.0,MARGA GRIS,"Se acondiciona el sondaje. Se continua con la perforacion terreno marga gris fracturado ,Se realiza órden y limpieza de cámara.",False,20260830-YAULIYACU-XRD50USS-003-A
2395,20260830,20,89,119,298,1,B,292.0,298.25,6.25,HARDCORE,X8,426746,USADA,HARDCORE,185987,USADO,0.0,0.0,0.0,0.0,MARGA GRIS,Se realiza medicion de desviación de sondeje.Se acondiciona el sondaje.Se continua con la perforacion terreno marga gris fracturado,False,20260830-YAULIYACU-XRD50USS-003-B
2396,20260831,20,89,119,122,1,A,298.25,310.35,12.1,HARDCORE,X8,426746,USADA,HARDCORE,185987,USADO,0.0,0.0,5.0,0.0,MARGA GRIS,Se acondiciona el sondaje.Se continua con la perforacion terreno marga gris fracturado . Se realiza órden y limpieza de cámara.,False,20260831-YAULIYACU-XRD50USS-003-A
2397,20260831,20,89,119,298,1,B,310.35,0.0,0.0,HARDCORE,X8,426746,USADA,HARDCORE,185987,USADO,0.0,0.0,0.0,0.0,nan,"Se procede a descargar las barras de perforación y se apila en su caballete.Se desancla, se retira plataforma y se procede a mover el equipo al siguiente punto.e nivela y se pone en su rumbo. Se perfora para perno centro y se ancla el equipo y se arma la plataforma. Y se estandariza",False,20260831-YAULIYACU-XRD50USS-003-B
2398,20260901,20,89,119,258,2,A,0.0,0.0,0.0,NAN,NAN,SIN_NUMERO,NAN,NAN,SIN_NUMERO,NAN,0.0,0.0,0.0,0.0,nan,nan,False,20260901-YAULIYACU-XRD50USS-003-A
2399,20260901,20,89,81,258,2,B,0.0,0.0,0.0,NAN,NAN,SIN_NUMERO,NAN,NAN,SIN_NUMERO,NAN,0.0,0.0,0.0,0.0,nan,nan,False,20260901-YAULIYACU-XRD50USS-003-B
2400,20260902,20,89,81,258,2,A,0.0,0.0,0.0,NAN,NAN,SIN_NUMERO,NAN,NAN,SIN_NUMERO,NAN,0.0,0.0,0.0,0.0,nan,nan,False,20260902-YAULIYACU-XRD50USS-003-A
2401,20260902,20,89,81,258,2,B,0.0,0.0,0.0,NAN,NAN,SIN_NUMERO,NAN,NAN,SIN_NUMERO,NAN,0.0,0.0,0.0,0.0,nan,nan,False,20260902-YAULIYACU-XRD50USS-003-B
2402,20260903,20,89,81,258,2,A,0.0,0.0,0.0,NAN,NAN,SIN_NUMERO,NAN,NAN,SIN_NUMERO,NAN,0.0,0.0,0.0,0.0,nan,nan,False,20260903-YAULIYACU-XRD50USS-003-A
2403,20260903,20,89,81,258,2,B,0.0,0.0,0.0,NAN,NAN,SIN_NUMERO,NAN,NAN,SIN_NUMERO,NAN,0.0,0.0,0.0,0.0,nan,nan,False,20260903-YAULIYACU-XRD50USS-003-B
2404,20260904,20,89,81,258,2,A,0.0,0.0,0.0,NAN,NAN,SIN_NUMERO,NAN,NAN,SIN_NUMERO,NAN,0.0,0.0,0.0,0.0,nan,nan,False,20260904-YAULIYACU-XRD50USS-003-A
2405,20260904,20,89,81,258,2,B,0.0,0.0,0.0,NAN,NAN,SIN_NUMERO,NAN,NAN,SIN_NUMERO,NAN,0.0,0.0,0.0,0.0,nan,nan,False,20260904-YAULIYACU-XRD50USS-003-B
2406,20260905,20,89,81,258,2,A,0.0,0.0,0.0,NAN,NAN,SIN_NUMERO,NAN,NAN,SIN_NUMERO,NAN,0.0,0.0,0.0,0.0,nan,nan,False,20260905-YAULIYACU-XRD50USS-003-A
2407,20260905,20,89,81,258,2,B,0.0,0.0,0.0,NAN,NAN,SIN_NUMERO,NAN,NAN,SIN_NUMERO,NAN,0.0,0.0,0.0,0.0,nan,nan,False,20260905-YAULIYACU-XRD50USS-003-B
2408,20260906,20,89,81,258,2,A,0.0,0.0,0.0,NAN,NAN,SIN_NUMERO,NAN,NAN,SIN_NUMERO,NAN,0.0,0.0,0.0,0.0,nan,nan,False,20260906-YAULIYACU-XRD50USS-003-A
2409,20260906,20,89,81,258,2,B,0.0,0.0,0.0,NAN,NAN,SIN_NUMERO,NAN,NAN,SIN_NUMERO,NAN,0.0,0.0,0.0,0.0,nan,nan,False,20260906-YAULIYACU-XRD50USS-003-B
2410,20260907,20,89,81,258,2,A,0.0,0.0,0.0,NAN,NAN,SIN_NUMERO,NAN,NAN,SIN_NUMERO,NAN,0.0,0.0,0.0,0.0,nan,nan,False,20260907-YAULIYACU-XRD50USS-003-A
2411,20260907,20,89,81,258,2,B,0.0,0.0,0.0,NAN,NAN,SIN_NUMERO,NAN,NAN,SIN_NUMERO,NAN,0.0,0.0,0.0,0.0,nan,nan,False,20260907-YAULIYACU-XRD50USS-003-B
2412,20260908,20,89,81,258,2,A,0.0,0.0,0.0,NAN,NAN,SIN_NUMERO,NAN,NAN,SIN_NUMERO,NAN,0.0,0.0,0.0,0.0,nan,nan,False,20260908-YAULIYACU-XRD50USS-003-A
2413,20260908,20,89,81,258,2,B,0.0,0.0,0.0,NAN,NAN,SIN_NUMERO,NAN,NAN,SIN_NUMERO,NAN,0.0,0.0,0.0,0.0,nan,nan,False,20260908-YAULIYACU-XRD50USS-003-B
2414,20260909,20,89,81,258,2,A,0.0,0.0,0.0,NAN,NAN,SIN_NUMERO,NAN,NAN,SIN_NUMERO,NAN,0.0,0.0,0.0,0.0,nan,nan,False,20260909-YAULIYACU-XRD50USS-003-A
2415,20260909,20,89,81,258,2,B,0.0,0.0,0.0,NAN,NAN,SIN_NUMERO,NAN,NAN,SIN_NUMERO,NAN,0.0,0.0,0.0,0.0,nan,nan,False,20260909-YAULIYACU-XRD50USS-003-B
2416,20260910,20,89,81,258,2,A,0.0,0.0,0.0,NAN,NAN,SIN_NUMERO,NAN,NAN,SIN_NUMERO,NAN,0.0,0.0,0.0,0.0,nan,nan,False,20260910-YAULIYACU-XRD50USS-003-A
2417,20260910,20,89,81,258,2,B,0.0,0.0,0.0,NAN,NAN,SIN_NUMERO,NAN,NAN,SIN_NUMERO,NAN,0.0,0.0,0.0,0.0,nan,nan,False,20260910-YAULIYACU-XRD50USS-003-B
2418,20260911,20,89,81,258,2,A,0.0,0.0,0.0,NAN,NAN,SIN_NUMERO,NAN,NAN,SIN_NUMERO,NAN,0.0,0.0,0.0,0.0,nan,nan,False,20260911-YAULIYACU-XRD50USS-003-A
2419,20260911,20,89,81,258,2,B,0.0,0.0,0.0,NAN,NAN,SIN_NUMERO,NAN,NAN,SIN_NUMERO,NAN,0.0,0.0,0.0,0.0,nan,nan,False,20260911-YAULIYACU-XRD50USS-003-B
2420,20260912,20,89,81,258,2,A,0.0,0.0,0.0,NAN,NAN,SIN_NUMERO,NAN,NAN,SIN_NUMERO,NAN,0.0,0.0,0.0,0.0,nan,nan,False,20260912-YAULIYACU-XRD50USS-003-A
2421,20260912,20,89,81,258,2,B,0.0,0.0,0.0,NAN,NAN,SIN_NUMERO,NAN,NAN,SIN_NUMERO,NAN,0.0,0.0,0.0,0.0,nan,nan,False,20260912-YAULIYACU-XRD50USS-003-B
2422,20260913,20,89,81,258,2,A,0.0,0.0,0.0,NAN,NAN,SIN_NUMERO,NAN,NAN,SIN_NUMERO,NAN,0.0,0.0,0.0,0.0,nan,nan,False,20260913-YAULIYACU-XRD50USS-003-A
2423,20260913,20,89,81,258,2,B,0.0,0.0,0.0,NAN,NAN,SIN_NUMERO,NAN,NAN,SIN_NUMERO,NAN,0.0,0.0,0.0,0.0,nan,nan,False,20260913-YAULIYACU-XRD50USS-003-B
2424,20260914,20,89,81,258,2,A,0.0,0.0,0.0,NAN,NAN,SIN_NUMERO,NAN,NAN,SIN_NUMERO,NAN,0.0,0.0,0.0,0.0,nan,nan,False,20260914-YAULIYACU-XRD50USS-003-A
2425,20260914,20,89,81,258,2,B,0.0,0.0,0.0,NAN,NAN,SIN_NUMERO,NAN,NAN,SIN_NUMERO,NAN,0.0,0.0,0.0,0.0,nan,nan,False,20260914-YAULIYACU-XRD50USS-003-B
2426,20260915,20,89,81,258,2,A,0.0,0.0,0.0,NAN,NAN,SIN_NUMERO,NAN,NAN,SIN_NUMERO,NAN,0.0,0.0,0.0,0.0,nan,nan,False,20260915-YAULIYACU-XRD50USS-003-A
2427,20260915,20,89,81,258,2,B,0.0,0.0,0.0,NAN,NAN,SIN_NUMERO,NAN,NAN,SIN_NUMERO,NAN,0.0,0.0,0.0,0.0,nan,nan,False,20260915-YAULIYACU-XRD50USS-003-B
2428,20260916,20,89,81,258,2,A,0.0,0.0,0.0,NAN,NAN,SIN_NUMERO,NAN,NAN,SIN_NUMERO,NAN,0.0,0.0,0.0,0.0,nan,nan,False,20260916-YAULIYACU-XRD50USS-003-A
2429,20260916,20,89,81,258,2,B,0.0,0.0,0.0,NAN,NAN,SIN_NUMERO,NAN,NAN,SIN_NUMERO,NAN,0.0,0.0,0.0,0.0,nan,nan,False,20260916-YAULIYACU-XRD50USS-003-B
2430,20260917,20,89,81,258,2,A,0.0,0.0,0.0,NAN,NAN,SIN_NUMERO,NAN,NAN,SIN_NUMERO,NAN,0.0,0.0,0.0,0.0,nan,nan,False,20260917-YAULIYACU-XRD50USS-003-A
2431,20260917,20,89,81,258,2,B,0.0,0.0,0.0,NAN,NAN,SIN_NUMERO,NAN,NAN,SIN_NUMERO,NAN,0.0,0.0,0.0,0.0,nan,nan,False,20260917-YAULIYACU-XRD50USS-003-B
2432,20260918,20,89,81,258,2,A,0.0,0.0,0.0,NAN,NAN,SIN_NUMERO,NAN,NAN,SIN_NUMERO,NAN,0.0,0.0,0.0,0.0,nan,nan,False,20260918-YAULIYACU-XRD50USS-003-A
2433,20260918,20,89,81,258,2,B,0.0,0.0,0.0,NAN,NAN,SIN_NUMERO,NAN,NAN,SIN_NUMERO,NAN,0.0,0.0,0.0,0.0,nan,nan,False,20260918-YAULIYACU-XRD50USS-003-B
2434,20260919,20,89,81,258,2,A,0.0,0.0,0.0,NAN,NAN,SIN_NUMERO,NAN,NAN,SIN_NUMERO,NAN,0.0,0.0,0.0,0.0,nan,nan,False,20260919-YAULIYACU-XRD50USS-003-A
2435,20260919,20,89,81,258,2,B,0.0,0.0,0.0,NAN,NAN,SIN_NUMERO,NAN,NAN,SIN_NUMERO,NAN,0.0,0.0,0.0,0.0,nan,nan,False,20260919-YAULIYACU-XRD50USS-003-B
2436,20260920,20,89,81,258,2,A,0.0,0.0,0.0,NAN,NAN,SIN_NUMERO,NAN,NAN,SIN_NUMERO,NAN,0.0,0.0,0.0,0.0,nan,nan,False,20260920-YAULIYACU-XRD50USS-003-A
2437,20260920,20,89,81,258,2,B,0.0,0.0,0.0,NAN,NAN,SIN_NUMERO,NAN,NAN,SIN_NUMERO,NAN,0.0,0.0,0.0,0.0,nan,nan,False,20260920-YAULIYACU-XRD50USS-003-B
2438,20260921,20,89,81,258,2,A,0.0,0.0,0.0,NAN,NAN,SIN_NUMERO,NAN,NAN,SIN_NUMERO,NAN,0.0,0.0,0.0,0.0,nan,nan,False,20260921-YAULIYACU-XRD50USS-003-A
2439,20260921,20,89,81,258,2,B,0.0,0.0,0.0,NAN,NAN,SIN_NUMERO,NAN,NAN,SIN_NUMERO,NAN,0.0,0.0,0.0,0.0,nan,nan,False,20260921-YAULIYACU-XRD50USS-003-B
2440,20260922,20,89,81,258,2,A,0.0,0.0,0.0,NAN,NAN,SIN_NUMERO,NAN,NAN,SIN_NUMERO,NAN,0.0,0.0,0.0,0.0,nan,nan,False,20260922-YAULIYACU-XRD50USS-003-A
2441,20260922,20,89,81,258,2,B,0.0,0.0,0.0,NAN,NAN,SIN_NUMERO,NAN,NAN,SIN_NUMERO,NAN,0.0,0.0,0.0,0.0,nan,nan,False,20260922-YAULIYACU-XRD50USS-003-B
2442,20260923,20,89,81,258,2,A,0.0,0.0,0.0,NAN,NAN,SIN_NUMERO,NAN,NAN,SIN_NUMERO,NAN,0.0,0.0,0.0,0.0,nan,nan,False,20260923-YAULIYACU-XRD50USS-003-A
2443,20260923,20,89,81,258,2,B,0.0,0.0,0.0,NAN,NAN,SIN_NUMERO,NAN,NAN,SIN_NUMERO,NAN,0.0,0.0,0.0,0.0,nan,nan,False,20260923-YAULIYACU-XRD50USS-003-B
2444,20260924,20,89,81,258,2,A,0.0,0.0,0.0,NAN,NAN,SIN_NUMERO,NAN,NAN,SIN_NUMERO,NAN,0.0,0.0,0.0,0.0,nan,nan,False,20260924-YAULIYACU-XRD50USS-003-A
2445,20260924,20,89,81,258,2,B,0.0,0.0,0.0,NAN,NAN,SIN_NUMERO,NAN,NAN,SIN_NUMERO,NAN,0.0,0.0,0.0,0.0,nan,nan,False,20260924-YAULIYACU-XRD50USS-003-B
2446,20260925,20,89,81,258,2,A,0.0,0.0,0.0,NAN,NAN,SIN_NUMERO,NAN,NAN,SIN_NUMERO,NAN,0.0,0.0,0.0,0.0,nan,nan,False,20260925-YAULIYACU-XRD50USS-003-A
2447,20260925,20,89,81,258,2,B,0.0,0.0,0.0,NAN,NAN,SIN_NUMERO,NAN,NAN,SIN_NUMERO,NAN,0.0,0.0,0.0,0.0,nan,nan,False,20260925-YAULIYACU-XRD50USS-003-B
2448,20260826,20,90,120,354,1,A,14.75,41.3,26.55,HARDCORE,X8,433071,USADO,HARDCORE,185980,USADO,0.0,0.0,4.0,0.0,MARGA GRIS,"Se continua con la perforacion, falta de agua desde  1.30pm asta fin de guardia  se  realiza orden",False,20260826-YAULIYACU-XRD50USS-00T-A
2449,20260826,20,90,120,30,1,B,41.3,52.8,11.5,HARDCORE,X8,433071,USADO,HARDCORE,185980,USADO,0.0,0.0,0.0,0.0,marga gris semi compacto fracturado,se acondiciona el sondaje y se continua con la perforación se corta marga gris semi compacto y partes fracturado,False,20260826-YAULIYACU-XRD50USS-00T-B
2450,20260827,20,90,120,354,1,A,52.8,69.15,16.35,HARDCORE,X8,433071,USADO,HARDCORE,185980,USADO,0.0,0.0,3.0,0.0,MARGA GRIS,"se acondiciona el sondaje y se continua con la perforación se corta marga gris semi compacto y partes fracturado , bajo caudal de agua toda la guaradia",False,20260827-YAULIYACU-XRD50USS-00T-A
2451,20260827,20,90,120,30,1,B,69.15,85.75,16.6,HARDCORE,X8,433071,USADO,HARDCORE,185980,USADO,0.0,0.0,0.0,0.0,marga gris semi compacto fracturado,se acondiciona el sondaje y se continua con la perforación se corta marga gris semi compacto,False,20260827-YAULIYACU-XRD50USS-00T-B
2452,20260828,20,90,120,354,1,A,85.75,117.0,31.25,HARDCORE,X8,433071,USADO,HARDCORE,185980,USADO,0.0,0.0,6.0,0.0,marga gris,"se acondiciona el sondaje y se continua con la perforación marga gris compacto y semi fracturado , se culmina con el sondaje  número 11 se llega a lo proyectado,se saca toda las cajas para su evaluación",False,20260828-YAULIYACU-XRD50USS-00T-A
2453,20260828,20,90,120,30,1,B,117.0,131.4,14.4,HARDCORE,X8,433071,USADO,HARDCORE,185980,USADO,0.0,0.0,0.0,0.0,marga gris semi compacto fracturado,"se acondiciona el sondaje y se continua con la perforación se corta marga gris semi compacto  y partes fracturado,bajo caudal de agua toda la guaradia  no se tiene agua de 1:30 am a 3:00am  guaradia",False,20260828-YAULIYACU-XRD50USS-00T-B
2454,20260829,20,90,120,354,1,A,0.0,0.0,0.0,HARDCORE,X8,433071,USADO,HARDCORE,185980,USADO,0.0,0.0,3.0,0.0,nan,"a inicio de guardia se tiene problemas con el equipo de medición se sale a superficie a cargar la batería luego se ingresa y se ase la medición de desviación ,Luego se descarga tubería y se pone en su caballete, Se desancla la máquina ,se desantadariza la cámara",False,20260829-YAULIYACU-XRD50USS-00T-A
2455,20260829,20,90,120,30,1,B,0.0,3.85,3.85,HARDCORE,X8,433071,USADO,HARDCORE,185980,USADO,0.0,0.0,0.0,0.0,marga gris semi compacto fracturado,"se perfora perno de anclaje y se ancla la maquina, se acondiciona el sondaje y se inicia con la perforación se corta marga gris semi compacto.bajo caudal de agua toda la guaradia  no se tiene agua de 3:00 am a 4:00am  guaradia",False,20260829-YAULIYACU-XRD50USS-00T-B
2456,20260830,20,90,120,354,1,A,3.85,25.45,21.6,HARDCORE,X8,433071,USADO,HARDCORE,185980,USADO,0.0,0.0,4.0,0.0,marga gris,"se acondiciona el sondaje y se continua con la perforación se corta marga gris semi compacto ,se  realiza orden y limpieza  la camara y acccesorios",False,20260830-YAULIYACU-XRD50USS-00T-A
2457,20260830,20,90,120,30,1,B,25.45,45.55,20.1,HARDCORE,X8,433071,USADO,HARDCORE,185980,USADO,0.0,0.0,0.0,0.0,marga gris semi compacto fracturado,se acondiciona el sondaje y se continua con la perforación se corta marga gris semi compacto bajo caudal de agua toda la guaradia.no se tiene agua de 9:00 pm a 10:00pm  guardia,False,20260830-YAULIYACU-XRD50USS-00T-B
2458,20260831,20,90,120,354,1,A,45.55,77.95,32.4,HARDCORE,X8,433071,USADO,HARDCORE,185980,USADO,0.0,0.0,6.0,0.0,marga gris,"se acondiciona el sondaje y se continua con la perforación se corta marga gris semi compacto y fracturado , se  realiza orden y  limpieza  la camara y acccesorios",False,20260831-YAULIYACU-XRD50USS-00T-A
2459,20260831,20,90,120,30,1,B,77.95,98.75,20.8,HARDCORE,X8,433071,USADO,HARDCORE,185980,USADO,0.0,0.0,0.0,0.0,marga gris semi compacto fracturado,"se acondiciona el sondaje y se continua con la perforación se corta marga gris semi compacto y partes fracturado, bajo caudal de agua toda la guardia ,no se tiene agua de 3:00 am fin de guaradia, se  realiza orden y  limpieza  la camarra y acccesorios no se cuenta con ayudante",False,20260831-YAULIYACU-XRD50USS-00T-B
2460,20260901,20,90,120,258,2,A,0.0,0.0,0.0,NAN,NAN,SIN_NUMERO,NAN,NAN,SIN_NUMERO,NAN,0.0,0.0,0.0,0.0,nan,nan,False,20260901-YAULIYACU-XRD50USS-00T-A
2461,20260901,20,90,81,258,2,B,0.0,0.0,0.0,NAN,NAN,SIN_NUMERO,NAN,NAN,SIN_NUMERO,NAN,0.0,0.0,0.0,0.0,nan,nan,False,20260901-YAULIYACU-XRD50USS-00T-B
2462,20260902,20,90,81,258,2,A,0.0,0.0,0.0,NAN,NAN,SIN_NUMERO,NAN,NAN,SIN_NUMERO,NAN,0.0,0.0,0.0,0.0,nan,nan,False,20260902-YAULIYACU-XRD50USS-00T-A
2463,20260902,20,90,81,258,2,B,0.0,0.0,0.0,NAN,NAN,SIN_NUMERO,NAN,NAN,SIN_NUMERO,NAN,0.0,0.0,0.0,0.0,nan,nan,False,20260902-YAULIYACU-XRD50USS-00T-B
2464,20260903,20,90,81,258,2,A,0.0,0.0,0.0,NAN,NAN,SIN_NUMERO,NAN,NAN,SIN_NUMERO,NAN,0.0,0.0,0.0,0.0,nan,nan,False,20260903-YAULIYACU-XRD50USS-00T-A
2465,20260903,20,90,81,258,2,B,0.0,0.0,0.0,NAN,NAN,SIN_NUMERO,NAN,NAN,SIN_NUMERO,NAN,0.0,0.0,0.0,0.0,nan,nan,False,20260903-YAULIYACU-XRD50USS-00T-B
2466,20260904,20,90,81,258,2,A,0.0,0.0,0.0,NAN,NAN,SIN_NUMERO,NAN,NAN,SIN_NUMERO,NAN,0.0,0.0,0.0,0.0,nan,nan,False,20260904-YAULIYACU-XRD50USS-00T-A
2467,20260904,20,90,81,258,2,B,0.0,0.0,0.0,NAN,NAN,SIN_NUMERO,NAN,NAN,SIN_NUMERO,NAN,0.0,0.0,0.0,0.0,nan,nan,False,20260904-YAULIYACU-XRD50USS-00T-B
2468,20260905,20,90,81,258,2,A,0.0,0.0,0.0,NAN,NAN,SIN_NUMERO,NAN,NAN,SIN_NUMERO,NAN,0.0,0.0,0.0,0.0,nan,nan,False,20260905-YAULIYACU-XRD50USS-00T-A
2469,20260905,20,90,81,258,2,B,0.0,0.0,0.0,NAN,NAN,SIN_NUMERO,NAN,NAN,SIN_NUMERO,NAN,0.0,0.0,0.0,0.0,nan,nan,False,20260905-YAULIYACU-XRD50USS-00T-B
2470,20260906,20,90,81,258,2,A,0.0,0.0,0.0,NAN,NAN,SIN_NUMERO,NAN,NAN,SIN_NUMERO,NAN,0.0,0.0,0.0,0.0,nan,nan,False,20260906-YAULIYACU-XRD50USS-00T-A
2471,20260906,20,90,81,258,2,B,0.0,0.0,0.0,NAN,NAN,SIN_NUMERO,NAN,NAN,SIN_NUMERO,NAN,0.0,0.0,0.0,0.0,nan,nan,False,20260906-YAULIYACU-XRD50USS-00T-B
2472,20260907,20,90,81,258,2,A,0.0,0.0,0.0,NAN,NAN,SIN_NUMERO,NAN,NAN,SIN_NUMERO,NAN,0.0,0.0,0.0,0.0,nan,nan,False,20260907-YAULIYACU-XRD50USS-00T-A
2473,20260907,20,90,81,258,2,B,0.0,0.0,0.0,NAN,NAN,SIN_NUMERO,NAN,NAN,SIN_NUMERO,NAN,0.0,0.0,0.0,0.0,nan,nan,False,20260907-YAULIYACU-XRD50USS-00T-B
2474,20260908,20,90,81,258,2,A,0.0,0.0,0.0,NAN,NAN,SIN_NUMERO,NAN,NAN,SIN_NUMERO,NAN,0.0,0.0,0.0,0.0,nan,nan,False,20260908-YAULIYACU-XRD50USS-00T-A
2475,20260908,20,90,81,258,2,B,0.0,0.0,0.0,NAN,NAN,SIN_NUMERO,NAN,NAN,SIN_NUMERO,NAN,0.0,0.0,0.0,0.0,nan,nan,False,20260908-YAULIYACU-XRD50USS-00T-B
2476,20260909,20,90,81,258,2,A,0.0,0.0,0.0,NAN,NAN,SIN_NUMERO,NAN,NAN,SIN_NUMERO,NAN,0.0,0.0,0.0,0.0,nan,nan,False,20260909-YAULIYACU-XRD50USS-00T-A
2477,20260909,20,90,81,258,2,B,0.0,0.0,0.0,NAN,NAN,SIN_NUMERO,NAN,NAN,SIN_NUMERO,NAN,0.0,0.0,0.0,0.0,nan,nan,False,20260909-YAULIYACU-XRD50USS-00T-B
2478,20260910,20,90,81,258,2,A,0.0,0.0,0.0,NAN,NAN,SIN_NUMERO,NAN,NAN,SIN_NUMERO,NAN,0.0,0.0,0.0,0.0,nan,nan,False,20260910-YAULIYACU-XRD50USS-00T-A
2479,20260910,20,90,81,258,2,B,0.0,0.0,0.0,NAN,NAN,SIN_NUMERO,NAN,NAN,SIN_NUMERO,NAN,0.0,0.0,0.0,0.0,nan,nan,False,20260910-YAULIYACU-XRD50USS-00T-B
2480,20260911,20,90,81,258,2,A,0.0,0.0,0.0,NAN,NAN,SIN_NUMERO,NAN,NAN,SIN_NUMERO,NAN,0.0,0.0,0.0,0.0,nan,nan,False,20260911-YAULIYACU-XRD50USS-00T-A
2481,20260911,20,90,81,258,2,B,0.0,0.0,0.0,NAN,NAN,SIN_NUMERO,NAN,NAN,SIN_NUMERO,NAN,0.0,0.0,0.0,0.0,nan,nan,False,20260911-YAULIYACU-XRD50USS-00T-B
2482,20260912,20,90,81,258,2,A,0.0,0.0,0.0,NAN,NAN,SIN_NUMERO,NAN,NAN,SIN_NUMERO,NAN,0.0,0.0,0.0,0.0,nan,nan,False,20260912-YAULIYACU-XRD50USS-00T-A
2483,20260912,20,90,81,258,2,B,0.0,0.0,0.0,NAN,NAN,SIN_NUMERO,NAN,NAN,SIN_NUMERO,NAN,0.0,0.0,0.0,0.0,nan,nan,False,20260912-YAULIYACU-XRD50USS-00T-B
2484,20260913,20,90,81,258,2,A,0.0,0.0,0.0,NAN,NAN,SIN_NUMERO,NAN,NAN,SIN_NUMERO,NAN,0.0,0.0,0.0,0.0,nan,nan,False,20260913-YAULIYACU-XRD50USS-00T-A
2485,20260913,20,90,81,258,2,B,0.0,0.0,0.0,NAN,NAN,SIN_NUMERO,NAN,NAN,SIN_NUMERO,NAN,0.0,0.0,0.0,0.0,nan,nan,False,20260913-YAULIYACU-XRD50USS-00T-B
2486,20260914,20,90,81,258,2,A,0.0,0.0,0.0,NAN,NAN,SIN_NUMERO,NAN,NAN,SIN_NUMERO,NAN,0.0,0.0,0.0,0.0,nan,nan,False,20260914-YAULIYACU-XRD50USS-00T-A
2487,20260914,20,90,81,258,2,B,0.0,0.0,0.0,NAN,NAN,SIN_NUMERO,NAN,NAN,SIN_NUMERO,NAN,0.0,0.0,0.0,0.0,nan,nan,False,20260914-YAULIYACU-XRD50USS-00T-B
2488,20260915,20,90,81,258,2,A,0.0,0.0,0.0,NAN,NAN,SIN_NUMERO,NAN,NAN,SIN_NUMERO,NAN,0.0,0.0,0.0,0.0,nan,nan,False,20260915-YAULIYACU-XRD50USS-00T-A
2489,20260915,20,90,81,258,2,B,0.0,0.0,0.0,NAN,NAN,SIN_NUMERO,NAN,NAN,SIN_NUMERO,NAN,0.0,0.0,0.0,0.0,nan,nan,False,20260915-YAULIYACU-XRD50USS-00T-B
2490,20260916,20,90,81,258,2,A,0.0,0.0,0.0,NAN,NAN,SIN_NUMERO,NAN,NAN,SIN_NUMERO,NAN,0.0,0.0,0.0,0.0,nan,nan,False,20260916-YAULIYACU-XRD50USS-00T-A
2491,20260916,20,90,81,258,2,B,0.0,0.0,0.0,NAN,NAN,SIN_NUMERO,NAN,NAN,SIN_NUMERO,NAN,0.0,0.0,0.0,0.0,nan,nan,False,20260916-YAULIYACU-XRD50USS-00T-B
2492,20260917,20,90,81,258,2,A,0.0,0.0,0.0,NAN,NAN,SIN_NUMERO,NAN,NAN,SIN_NUMERO,NAN,0.0,0.0,0.0,0.0,nan,nan,False,20260917-YAULIYACU-XRD50USS-00T-A
2493,20260917,20,90,81,258,2,B,0.0,0.0,0.0,NAN,NAN,SIN_NUMERO,NAN,NAN,SIN_NUMERO,NAN,0.0,0.0,0.0,0.0,nan,nan,False,20260917-YAULIYACU-XRD50USS-00T-B
2494,20260918,20,90,81,258,2,A,0.0,0.0,0.0,NAN,NAN,SIN_NUMERO,NAN,NAN,SIN_NUMERO,NAN,0.0,0.0,0.0,0.0,nan,nan,False,20260918-YAULIYACU-XRD50USS-00T-A
2495,20260918,20,90,81,258,2,B,0.0,0.0,0.0,NAN,NAN,SIN_NUMERO,NAN,NAN,SIN_NUMERO,NAN,0.0,0.0,0.0,0.0,nan,nan,False,20260918-YAULIYACU-XRD50USS-00T-B
2496,20260919,20,90,81,258,2,A,0.0,0.0,0.0,NAN,NAN,SIN_NUMERO,NAN,NAN,SIN_NUMERO,NAN,0.0,0.0,0.0,0.0,nan,nan,False,20260919-YAULIYACU-XRD50USS-00T-A
2497,20260919,20,90,81,258,2,B,0.0,0.0,0.0,NAN,NAN,SIN_NUMERO,NAN,NAN,SIN_NUMERO,NAN,0.0,0.0,0.0,0.0,nan,nan,False,20260919-YAULIYACU-XRD50USS-00T-B
2498,20260920,20,90,81,258,2,A,0.0,0.0,0.0,NAN,NAN,SIN_NUMERO,NAN,NAN,SIN_NUMERO,NAN,0.0,0.0,0.0,0.0,nan,nan,False,20260920-YAULIYACU-XRD50USS-00T-A
2499,20260920,20,90,81,258,2,B,0.0,0.0,0.0,NAN,NAN,SIN_NUMERO,NAN,NAN,SIN_NUMERO,NAN,0.0,0.0,0.0,0.0,nan,nan,False,20260920-YAULIYACU-XRD50USS-00T-B
2500,20260921,20,90,81,258,2,A,0.0,0.0,0.0,NAN,NAN,SIN_NUMERO,NAN,NAN,SIN_NUMERO,NAN,0.0,0.0,0.0,0.0,nan,nan,False,20260921-YAULIYACU-XRD50USS-00T-A
2501,20260921,20,90,81,258,2,B,0.0,0.0,0.0,NAN,NAN,SIN_NUMERO,NAN,NAN,SIN_NUMERO,NAN,0.0,0.0,0.0,0.0,nan,nan,False,20260921-YAULIYACU-XRD50USS-00T-B
2502,20260922,20,90,81,258,2,A,0.0,0.0,0.0,NAN,NAN,SIN_NUMERO,NAN,NAN,SIN_NUMERO,NAN,0.0,0.0,0.0,0.0,nan,nan,False,20260922-YAULIYACU-XRD50USS-00T-A
2503,20260922,20,90,81,258,2,B,0.0,0.0,0.0,NAN,NAN,SIN_NUMERO,NAN,NAN,SIN_NUMERO,NAN,0.0,0.0,0.0,0.0,nan,nan,False,20260922-YAULIYACU-XRD50USS-00T-B
2504,20260923,20,90,81,258,2,A,0.0,0.0,0.0,NAN,NAN,SIN_NUMERO,NAN,NAN,SIN_NUMERO,NAN,0.0,0.0,0.0,0.0,nan,nan,False,20260923-YAULIYACU-XRD50USS-00T-A
2505,20260923,20,90,81,258,2,B,0.0,0.0,0.0,NAN,NAN,SIN_NUMERO,NAN,NAN,SIN_NUMERO,NAN,0.0,0.0,0.0,0.0,nan,nan,False,20260923-YAULIYACU-XRD50USS-00T-B
2506,20260924,20,90,81,258,2,A,0.0,0.0,0.0,NAN,NAN,SIN_NUMERO,NAN,NAN,SIN_NUMERO,NAN,0.0,0.0,0.0,0.0,nan,nan,False,20260924-YAULIYACU-XRD50USS-00T-A
2507,20260924,20,90,81,258,2,B,0.0,0.0,0.0,NAN,NAN,SIN_NUMERO,NAN,NAN,SIN_NUMERO,NAN,0.0,0.0,0.0,0.0,nan,nan,False,20260924-YAULIYACU-XRD50USS-00T-B
2508,20260925,20,90,81,258,2,A,0.0,0.0,0.0,NAN,NAN,SIN_NUMERO,NAN,NAN,SIN_NUMERO,NAN,0.0,0.0,0.0,0.0,nan,nan,False,20260925-YAULIYACU-XRD50USS-00T-A
2509,20260925,20,90,81,258,2,B,0.0,0.0,0.0,NAN,NAN,SIN_NUMERO,NAN,NAN,SIN_NUMERO,NAN,0.0,0.0,0.0,0.0,nan,nan,False,20260925-YAULIYACU-XRD50USS-00T-B
2510,20260826,20,87,55,294,2,A,181.45,181.45,0.0,HARDCORE,X10,SIN_NUMERO,USADO,HARDCORE,190315,USADO,0.0,0.0,0.0,0.0,nan,No se ingresa a la camara por la auditoria y falta de ventilacion.,False,20260826-YAULIYACU-XRD125USS-001-A
2511,20260826,20,87,55,264,2,B,181.45,202.5,21.05,HARDCORE,X10,SIN_NUMERO,USADO,HARDCORE,190315,USADO,0.0,0.0,0.0,0.0,MARGA GRIS SEMI COMPACTO,"Se continua con la perforación. Se realiza la medición de nivel freatico inicio y salida ,Se realiza la prueba lefrank",False,20260826-YAULIYACU-XRD125USS-001-B
2512,20260827,20,87,55,294,2,A,202.5,217.25,14.75,HARDCORE,X10,SIN_NUMERO,USADO,HARDCORE,190315,USADO,0.0,0.0,5.0,0.0,MARGA GRIS SEMI COMPACTO,"Se continua con la perforación en terreno fracturado por partes semi compacto,Se corta mineral de 215.15 a 217.25.Se realiza la medición de nivel freatico inicio y salida,e arma el caudalimetro",False,20260827-YAULIYACU-XRD125USS-001-A
2513,20260827,20,87,55,264,2,B,217.25,232.2,14.95,HARDCORE,X10,SIN_NUMERO,USADO,HARDCORE,190315,USADO,0.0,0.0,0.0,0.0,marga gris fracturado,"Se continua con la perforación con normalidad ,Se realiza la medición de nivel freatico inicio, media guardia y salida ,Se realiza el ensayo de LEFRANC constante",False,20260827-YAULIYACU-XRD125USS-001-B
2514,20260828,20,87,55,294,2,A,232.2,236.9,4.7,HARDCORE,X8,433165,USADO,HARDCORE,190315,USADO,0.0,0.0,6.0,0.0,marga gris fracturado,"Se continua con la perforación, en la primera corrida se termina la broca. se descarga la tubería para cambio de broca.se vuelve a cargar la tubería con broca   usado .se continúa con la perforación ,Se pierde el retorno, nivel 0, Se realiza la medición de nivel freatico al inicio y final de guardia",False,20260828-YAULIYACU-XRD125USS-001-A
2515,20260828,20,87,55,264,2,B,236.9,241.5,4.6,HARDCORE,X8,433165,USADO,HARDCORE,190315,USADO,0.0,0.0,0.0,0.0,marga gris fracturado,"Se encontro la maquina la tubería rosaba con el guía busing y no se podía meter el tubo interior con el pescador por ser pozo seco .Se trata de alinear la maquina y se continua con la perforación, se tiene problemas con el cable wireline, se procede a descargar la tubería y se rompe el hilo del perno de anclaje. Se desinstala la maquina y se extrae el perno de anclaje para su cambio. Queda para descargar, tubería",False,20260828-YAULIYACU-XRD125USS-001-B
2516,20260829,20,87,55,294,2,A,241.5,241.5,0.0,HARDCORE,X8,433165,USADO,HARDCORE,190315,USADO,0.0,0.0,5.0,0.0,nan,"Al inicio se encuentra el perno de anclaje roto, Se recupera el perno de anclaje con mucha dificultad por q la máquina se encuentra desalineado,Se alinea la máquina, se coloca nuevo perno central, se ancla y se instala la máquina,Se procede a descargar toda la tubería para recuperar el tubo interior y el pescador q dejo la guardia anterior. Se descarga toda la tubería con dificultad, se encuentra los tubos torqueados,Se logra recuperar el tubo interior y pescador,Queda para cargar la tubería",False,20260829-YAULIYACU-XRD125USS-001-A
2517,20260829,20,87,55,264,2,B,241.5,250.3,8.8,HARDCORE,X8,433165,USADO,HARDCORE,190315,USADO,0.0,0.0,0.0,0.0,marga gris fracturado,"Se carga toda la tubería   Se continua con la perforación ,Se hace la médicion del nivel freatico inició y final , Se realiza la medición de desviación del sondaje Se llega al objetivo todo normal",False,20260829-YAULIYACU-XRD125USS-001-B
2518,20260830,20,87,55,294,2,A,250.3,0.0,0.0,NAN,NAN,SIN_NUMERO,NAN,NAN,SIN_NUMERO,NAN,0.0,0.0,2.0,0.0,nan,Se engrasa el equipo y accesorios   Se descarga toda la tubería   Se vuelve a cargar la tubería con casing shoe,False,20260830-YAULIYACU-XRD125USS-001-A
2519,20260830,20,87,55,264,2,B,0.0,0.0,0.0,NAN,NAN,SIN_NUMERO,NAN,NAN,SIN_NUMERO,NAN,0.0,0.0,0.0,0.0,nan,"se instala tuberia de pvc para el pisometro, se realizaprueba de nivel friatico inicio y final",False,20260830-YAULIYACU-XRD125USS-001-B
2520,20260831,20,87,55,294,2,A,0.0,0.0,0.0,NAN,NAN,SIN_NUMERO,NAN,NAN,SIN_NUMERO,NAN,0.0,0.0,1.0,0.0,nan,"Se descarga toda la tubería de HQ, Se continúa con la instalación del piezometro,Se llena al sondaje:gravilla bentonita granulada,Se prepara el grouting y se inyecta al sondajeQueda para continuar…",False,20260831-YAULIYACU-XRD125USS-001-A
2521,20260831,20,87,55,264,2,B,0.0,0.0,0.0,NAN,NAN,SIN_NUMERO,NAN,NAN,SIN_NUMERO,NAN,0.0,0.0,0.0,0.0,nan,"Se continua con la instalación del piezometro desde 10.p.m hasta 11p.m,Se termins la instalación del piezometro ,Se desisntala la maquina y se reacomoda el esquí de la maquina para realizar el traslado y se ubica para poder cargar con el bocat ,Se desisntala parte delas mangueras hidráulicas Se rehubica las tinas de lodos, bomba, mixer y el panel de mandos. Queda para continuar la desisntalacion.",False,20260831-YAULIYACU-XRD125USS-001-B
2522,20260901,20,87,55,258,2,A,0.0,0.0,0.0,NAN,NAN,SIN_NUMERO,NAN,NAN,SIN_NUMERO,NAN,0.0,0.0,0.0,0.0,nan,nan,False,20260901-YAULIYACU-XRD125USS-001-A
2523,20260901,20,87,81,258,2,B,0.0,0.0,0.0,NAN,NAN,SIN_NUMERO,NAN,NAN,SIN_NUMERO,NAN,0.0,0.0,0.0,0.0,nan,nan,False,20260901-YAULIYACU-XRD125USS-001-B
2524,20260902,20,87,81,258,2,A,0.0,0.0,0.0,NAN,NAN,SIN_NUMERO,NAN,NAN,SIN_NUMERO,NAN,0.0,0.0,0.0,0.0,nan,nan,False,20260902-YAULIYACU-XRD125USS-001-A
2525,20260902,20,87,81,258,2,B,0.0,0.0,0.0,NAN,NAN,SIN_NUMERO,NAN,NAN,SIN_NUMERO,NAN,0.0,0.0,0.0,0.0,nan,nan,False,20260902-YAULIYACU-XRD125USS-001-B
2526,20260903,20,87,81,258,2,A,0.0,0.0,0.0,NAN,NAN,SIN_NUMERO,NAN,NAN,SIN_NUMERO,NAN,0.0,0.0,0.0,0.0,nan,nan,False,20260903-YAULIYACU-XRD125USS-001-A
2527,20260903,20,87,81,258,2,B,0.0,0.0,0.0,NAN,NAN,SIN_NUMERO,NAN,NAN,SIN_NUMERO,NAN,0.0,0.0,0.0,0.0,nan,nan,False,20260903-YAULIYACU-XRD125USS-001-B
2528,20260904,20,87,81,258,2,A,0.0,0.0,0.0,NAN,NAN,SIN_NUMERO,NAN,NAN,SIN_NUMERO,NAN,0.0,0.0,0.0,0.0,nan,nan,False,20260904-YAULIYACU-XRD125USS-001-A
2529,20260904,20,87,81,258,2,B,0.0,0.0,0.0,NAN,NAN,SIN_NUMERO,NAN,NAN,SIN_NUMERO,NAN,0.0,0.0,0.0,0.0,nan,nan,False,20260904-YAULIYACU-XRD125USS-001-B
2530,20260905,20,87,81,258,2,A,0.0,0.0,0.0,NAN,NAN,SIN_NUMERO,NAN,NAN,SIN_NUMERO,NAN,0.0,0.0,0.0,0.0,nan,nan,False,20260905-YAULIYACU-XRD125USS-001-A
2531,20260905,20,87,81,258,2,B,0.0,0.0,0.0,NAN,NAN,SIN_NUMERO,NAN,NAN,SIN_NUMERO,NAN,0.0,0.0,0.0,0.0,nan,nan,False,20260905-YAULIYACU-XRD125USS-001-B
2532,20260906,20,87,81,258,2,A,0.0,0.0,0.0,NAN,NAN,SIN_NUMERO,NAN,NAN,SIN_NUMERO,NAN,0.0,0.0,0.0,0.0,nan,nan,False,20260906-YAULIYACU-XRD125USS-001-A
2533,20260906,20,87,81,258,2,B,0.0,0.0,0.0,NAN,NAN,SIN_NUMERO,NAN,NAN,SIN_NUMERO,NAN,0.0,0.0,0.0,0.0,nan,nan,False,20260906-YAULIYACU-XRD125USS-001-B
2534,20260907,20,87,81,258,2,A,0.0,0.0,0.0,NAN,NAN,SIN_NUMERO,NAN,NAN,SIN_NUMERO,NAN,0.0,0.0,0.0,0.0,nan,nan,False,20260907-YAULIYACU-XRD125USS-001-A
2535,20260907,20,87,81,258,2,B,0.0,0.0,0.0,NAN,NAN,SIN_NUMERO,NAN,NAN,SIN_NUMERO,NAN,0.0,0.0,0.0,0.0,nan,nan,False,20260907-YAULIYACU-XRD125USS-001-B
2536,20260908,20,87,81,258,2,A,0.0,0.0,0.0,NAN,NAN,SIN_NUMERO,NAN,NAN,SIN_NUMERO,NAN,0.0,0.0,0.0,0.0,nan,nan,False,20260908-YAULIYACU-XRD125USS-001-A
2537,20260908,20,87,81,258,2,B,0.0,0.0,0.0,NAN,NAN,SIN_NUMERO,NAN,NAN,SIN_NUMERO,NAN,0.0,0.0,0.0,0.0,nan,nan,False,20260908-YAULIYACU-XRD125USS-001-B
2538,20260909,20,87,81,258,2,A,0.0,0.0,0.0,NAN,NAN,SIN_NUMERO,NAN,NAN,SIN_NUMERO,NAN,0.0,0.0,0.0,0.0,nan,nan,False,20260909-YAULIYACU-XRD125USS-001-A
2539,20260909,20,87,81,258,2,B,0.0,0.0,0.0,NAN,NAN,SIN_NUMERO,NAN,NAN,SIN_NUMERO,NAN,0.0,0.0,0.0,0.0,nan,nan,False,20260909-YAULIYACU-XRD125USS-001-B
2540,20260910,20,87,81,258,2,A,0.0,0.0,0.0,NAN,NAN,SIN_NUMERO,NAN,NAN,SIN_NUMERO,NAN,0.0,0.0,0.0,0.0,nan,nan,False,20260910-YAULIYACU-XRD125USS-001-A
2541,20260910,20,87,81,258,2,B,0.0,0.0,0.0,NAN,NAN,SIN_NUMERO,NAN,NAN,SIN_NUMERO,NAN,0.0,0.0,0.0,0.0,nan,nan,False,20260910-YAULIYACU-XRD125USS-001-B
2542,20260911,20,87,81,258,2,A,0.0,0.0,0.0,NAN,NAN,SIN_NUMERO,NAN,NAN,SIN_NUMERO,NAN,0.0,0.0,0.0,0.0,nan,nan,False,20260911-YAULIYACU-XRD125USS-001-A
2543,20260911,20,87,81,258,2,B,0.0,0.0,0.0,NAN,NAN,SIN_NUMERO,NAN,NAN,SIN_NUMERO,NAN,0.0,0.0,0.0,0.0,nan,nan,False,20260911-YAULIYACU-XRD125USS-001-B
2544,20260912,20,87,81,258,2,A,0.0,0.0,0.0,NAN,NAN,SIN_NUMERO,NAN,NAN,SIN_NUMERO,NAN,0.0,0.0,0.0,0.0,nan,nan,False,20260912-YAULIYACU-XRD125USS-001-A
2545,20260912,20,87,81,258,2,B,0.0,0.0,0.0,NAN,NAN,SIN_NUMERO,NAN,NAN,SIN_NUMERO,NAN,0.0,0.0,0.0,0.0,nan,nan,False,20260912-YAULIYACU-XRD125USS-001-B
2546,20260913,20,87,81,258,2,A,0.0,0.0,0.0,NAN,NAN,SIN_NUMERO,NAN,NAN,SIN_NUMERO,NAN,0.0,0.0,0.0,0.0,nan,nan,False,20260913-YAULIYACU-XRD125USS-001-A
2547,20260913,20,87,81,258,2,B,0.0,0.0,0.0,NAN,NAN,SIN_NUMERO,NAN,NAN,SIN_NUMERO,NAN,0.0,0.0,0.0,0.0,nan,nan,False,20260913-YAULIYACU-XRD125USS-001-B
2548,20260914,20,87,81,258,2,A,0.0,0.0,0.0,NAN,NAN,SIN_NUMERO,NAN,NAN,SIN_NUMERO,NAN,0.0,0.0,0.0,0.0,nan,nan,False,20260914-YAULIYACU-XRD125USS-001-A
2549,20260914,20,87,81,258,2,B,0.0,0.0,0.0,NAN,NAN,SIN_NUMERO,NAN,NAN,SIN_NUMERO,NAN,0.0,0.0,0.0,0.0,nan,nan,False,20260914-YAULIYACU-XRD125USS-001-B
2550,20260915,20,87,81,258,2,A,0.0,0.0,0.0,NAN,NAN,SIN_NUMERO,NAN,NAN,SIN_NUMERO,NAN,0.0,0.0,0.0,0.0,nan,nan,False,20260915-YAULIYACU-XRD125USS-001-A
2551,20260915,20,87,81,258,2,B,0.0,0.0,0.0,NAN,NAN,SIN_NUMERO,NAN,NAN,SIN_NUMERO,NAN,0.0,0.0,0.0,0.0,nan,nan,False,20260915-YAULIYACU-XRD125USS-001-B
2552,20260916,20,87,81,258,2,A,0.0,0.0,0.0,NAN,NAN,SIN_NUMERO,NAN,NAN,SIN_NUMERO,NAN,0.0,0.0,0.0,0.0,nan,nan,False,20260916-YAULIYACU-XRD125USS-001-A
2553,20260916,20,87,81,258,2,B,0.0,0.0,0.0,NAN,NAN,SIN_NUMERO,NAN,NAN,SIN_NUMERO,NAN,0.0,0.0,0.0,0.0,nan,nan,False,20260916-YAULIYACU-XRD125USS-001-B
2554,20260917,20,87,81,258,2,A,0.0,0.0,0.0,NAN,NAN,SIN_NUMERO,NAN,NAN,SIN_NUMERO,NAN,0.0,0.0,0.0,0.0,nan,nan,False,20260917-YAULIYACU-XRD125USS-001-A
2555,20260917,20,87,81,258,2,B,0.0,0.0,0.0,NAN,NAN,SIN_NUMERO,NAN,NAN,SIN_NUMERO,NAN,0.0,0.0,0.0,0.0,nan,nan,False,20260917-YAULIYACU-XRD125USS-001-B
2556,20260918,20,87,81,258,2,A,0.0,0.0,0.0,NAN,NAN,SIN_NUMERO,NAN,NAN,SIN_NUMERO,NAN,0.0,0.0,0.0,0.0,nan,nan,False,20260918-YAULIYACU-XRD125USS-001-A
2557,20260918,20,87,81,258,2,B,0.0,0.0,0.0,NAN,NAN,SIN_NUMERO,NAN,NAN,SIN_NUMERO,NAN,0.0,0.0,0.0,0.0,nan,nan,False,20260918-YAULIYACU-XRD125USS-001-B
2558,20260919,20,87,81,258,2,A,0.0,0.0,0.0,NAN,NAN,SIN_NUMERO,NAN,NAN,SIN_NUMERO,NAN,0.0,0.0,0.0,0.0,nan,nan,False,20260919-YAULIYACU-XRD125USS-001-A
2559,20260919,20,87,81,258,2,B,0.0,0.0,0.0,NAN,NAN,SIN_NUMERO,NAN,NAN,SIN_NUMERO,NAN,0.0,0.0,0.0,0.0,nan,nan,False,20260919-YAULIYACU-XRD125USS-001-B
2560,20260920,20,87,81,258,2,A,0.0,0.0,0.0,NAN,NAN,SIN_NUMERO,NAN,NAN,SIN_NUMERO,NAN,0.0,0.0,0.0,0.0,nan,nan,False,20260920-YAULIYACU-XRD125USS-001-A
2561,20260920,20,87,81,258,2,B,0.0,0.0,0.0,NAN,NAN,SIN_NUMERO,NAN,NAN,SIN_NUMERO,NAN,0.0,0.0,0.0,0.0,nan,nan,False,20260920-YAULIYACU-XRD125USS-001-B
2562,20260921,20,87,81,258,2,A,0.0,0.0,0.0,NAN,NAN,SIN_NUMERO,NAN,NAN,SIN_NUMERO,NAN,0.0,0.0,0.0,0.0,nan,nan,False,20260921-YAULIYACU-XRD125USS-001-A
2563,20260921,20,87,81,258,2,B,0.0,0.0,0.0,NAN,NAN,SIN_NUMERO,NAN,NAN,SIN_NUMERO,NAN,0.0,0.0,0.0,0.0,nan,nan,False,20260921-YAULIYACU-XRD125USS-001-B
2564,20260922,20,87,81,258,2,A,0.0,0.0,0.0,NAN,NAN,SIN_NUMERO,NAN,NAN,SIN_NUMERO,NAN,0.0,0.0,0.0,0.0,nan,nan,False,20260922-YAULIYACU-XRD125USS-001-A
2565,20260922,20,87,81,258,2,B,0.0,0.0,0.0,NAN,NAN,SIN_NUMERO,NAN,NAN,SIN_NUMERO,NAN,0.0,0.0,0.0,0.0,nan,nan,False,20260922-YAULIYACU-XRD125USS-001-B
2566,20260923,20,87,81,258,2,A,0.0,0.0,0.0,NAN,NAN,SIN_NUMERO,NAN,NAN,SIN_NUMERO,NAN,0.0,0.0,0.0,0.0,nan,nan,False,20260923-YAULIYACU-XRD125USS-001-A
2567,20260923,20,87,81,258,2,B,0.0,0.0,0.0,NAN,NAN,SIN_NUMERO,NAN,NAN,SIN_NUMERO,NAN,0.0,0.0,0.0,0.0,nan,nan,False,20260923-YAULIYACU-XRD125USS-001-B
2568,20260924,20,87,81,258,2,A,0.0,0.0,0.0,NAN,NAN,SIN_NUMERO,NAN,NAN,SIN_NUMERO,NAN,0.0,0.0,0.0,0.0,nan,nan,False,20260924-YAULIYACU-XRD125USS-001-A
2569,20260924,20,87,81,258,2,B,0.0,0.0,0.0,NAN,NAN,SIN_NUMERO,NAN,NAN,SIN_NUMERO,NAN,0.0,0.0,0.0,0.0,nan,nan,False,20260924-YAULIYACU-XRD125USS-001-B
2570,20260925,20,87,81,258,2,A,0.0,0.0,0.0,NAN,NAN,SIN_NUMERO,NAN,NAN,SIN_NUMERO,NAN,0.0,0.0,0.0,0.0,nan,nan,False,20260925-YAULIYACU-XRD125USS-001-A
2571,20260925,20,87,81,258,2,B,0.0,0.0,0.0,NAN,NAN,SIN_NUMERO,NAN,NAN,SIN_NUMERO,NAN,0.0,0.0,0.0,0.0,nan,nan,False,20260925-YAULIYACU-XRD125USS-001-B
2572,20260826,21,93,53,154,2,A,104.8,113.2,8.4,BOYLES,9UP,403844,USADO,HARDCORE,181845,USADO,0.0,0.0,5.0,0.0,Iintrusivo,"A inicio de guardia se asiste a la reunión de Gcom.
 se ingresa a mina donde se inspecciona camara ddh
 Se rellena las  herramientas de gestión 
 se acondiciona el sondaje 
 se continúa con la perforación (terreno fracturado)
 a los 107.90 mtrs se tiene atrapamiento de tuberia , se tiene problemas para liberar tuberia hasta medio dia 
se procede a descargar la tuberia , continuamente se baja la tuberia acondicionando hasta el tope 
 continua con la perforacion (terreno fracturado )
se instala la bomba  por parte de la contrata pegama
se recoje 10 sacos de lama",False,20260826-YAURICOCHA-XRD150USS-001-A
2573,20260826,21,93,53,301,2,B,113.2,130.6,17.4,BOYLES,9UP,403844,USADO,HARDCORE,181845,USADO,0.0,0.0,0.0,0.0,Iintrusivo,"A inicio de guardia se asiste a la reunión de Gcom
 se ingresa a mina donde se inspecciona camara ddh
 Se rellena las  herramientas de gestión 
se encuentra la tuberia atrapada se realiza maniobras se logra recuperar con dificultad 
se suspende 2 tubos mas y se baja acondicionando los 4 tubos 
se llega al tope y se continua con la perforacion con presion de agua
De 113.20 hasta 126.00 intrusivo
126.00  hasta 127.00  skar alterado
127.00 hasta  130.60  intrusivo alterado
 a fin de turno se suspende 2 tubos",False,20260826-YAURICOCHA-XRD150USS-001-B
2574,20260827,21,93,53,154,2,A,130.6,130.6,0.0,HARDCORE,X10,429652,NUEVO,HARDCORE,181845,USADO,0.0,0.0,1.0,0.0,nan,"A inicio de guardia se asiste a Reunión Gcom luego se ingresa a mina y se rellena las herramientas de gestión
Topografía hace el marcado de 4 puntos luego se descarga las barras se desancla la maquina se desistala se mueve el panel control al otro hastial y se aproxima la maquina al siguiente punto #03 se desentabla un paño se sube más alto y se hace el drenaje con sacos de lama
 Se junta 50 sacos de lama",False,20260827-YAURICOCHA-XRD150USS-001-A
2575,20260827,21,93,54,128,2,B,0.0,13.4,13.4,HARDCORE,X10,429652,USADO,HARDCORE,181845,USADO,0.0,0.0,0.0,0.0,SCAR,"A inicio de guardia se asiste a la reunión de Gcom
 se ingresa a mina donde se inspecciona camara ddh
 Se rellena las  herramientas de gestión 
se continua con el movimiento de equipo al punto 3
 se nivela, se alinea, se perfora perno centro  se ancla el equipo y se estandariza
se inicia con la perforacion
De 0.00 hasta 13.40 skar
 a fin de turno se realiza orden y limpiza",False,20260827-YAURICOCHA-XRD150USS-001-B
2576,20260828,21,93,54,154,2,A,13.4,47.9,34.5,HARDCORE,X10,429652,USADO,HARDCORE,181845,USADO,0.0,0.0,6.0,0.0,SCAR,"Se realizó el rellenado de herramientas de gestión.
Se verifico las condiciones de trabajo.
 Se realizó seguimiento a los equipo ddh.
 Se realizó engrasado general del equipo.
 Se realizó el cambio del guiador bushing de la prensa de barras.
 Se realizó el acondicionado del los conectores del sensor de la guarda de la unidad de rotación dejando operativo.",False,20260828-YAURICOCHA-XRD150USS-001-A
2577,20260828,21,93,54,128,2,B,47.9,67.3,19.4,HARDCORE,X10,429652,USADO,HARDCORE,181845,USADO,0.0,0.0,0.0,0.0,SCAR,"A inicio de guardia se asiste a la reunión de Gcom
 se ingresa se inspecciona camara ddh
 Se rellena las  herramientas de gestión 
se continua con la perforacion en el tramo de oxido hace presion de agua se trabaja acondicionando
De 47.90 hasta 54.80 skar  
54.80  hasta 67.30 caliza con oxido 
 a fin de turno se acondiciona el sondaje
 se  realiza orden y limpiza",False,20260828-YAURICOCHA-XRD150USS-001-B
2578,20260829,21,93,54,154,2,A,67.3,82.2,14.9,HARDCORE,X10,429652,USADO,HARDCORE,181845,USADO,0.0,0.0,5.0,0.0,SCAR,"A inicio de guardia se asiste a Reunión Gcom luego se ingresa a mina y 
se rellena las herramientas de gestión se
Se engrasa equipo y accesorios se acondiciona el sondaje y continua con la perforación a los 67.50
 se corta agua se mide el caudal 18 litros por 8 segundos luego
 se continua con la perforación final de turno hace presión y
 se procede a descargar las barras esta quedando para cargar con broca nueva",False,20260829-YAURICOCHA-XRD150USS-001-A
2579,20260829,21,93,54,128,2,B,82.2,84.3,2.1,HARDCORE,NG9A,819037,USADO,HARDCORE,181845,USADO,0.0,0.0,0.0,0.0,SCAR,"A inicio de guardia se asiste a la reunión de Gcom
 Se rellena las  herramientas de gestión 
se cambia la broca y se carga la tuberia
faltando 10 tubos se baja acondicionando con torque elevado y presion de agua
faltando 7 tubos para llegar al tope se tiene problemas de atrapamiento
se realiza maniobras se logra liberar la tuberia con dificultad
se continua acondicionando  se llega al tope  y se continua con la perforacion
De 82.20 hasta 84.30 caliza fracturado
 se  realiza orden y limpiza",False,20260829-YAURICOCHA-XRD150USS-001-B
2580,20260830,21,93,54,154,2,A,84.3,103.2,18.9,HARDCORE,NG9A,819037,USADO,HARDCORE,181845,USADO,0.0,0.0,5.0,0.0,nan,"A inicio de guardia se asiste a Reunión Gcom luego se ingresa a mina y
se rellena las herramientas de gestión se
Se engrasa equipo y accesorios se repara la bomba conexión 
se acondiciona el sondaje y se continua con la perforación con normalidad",False,20260830-YAURICOCHA-XRD150USS-001-A
2581,20260830,21,93,54,128,2,B,103.2,127.0,23.8,HARDCORE,NG9A,819037,USADO,HARDCORE,181845,USADO,0.0,0.0,0.0,0.0,nan,"A inicio de guardia se asiste a la reunión de Gcom
 Se rellena las  herramientas de gestión 
se continua con la perforacion con normalidad
De 103.80 hasta 107.10 mineral 
107 10  hasta 110.70 caliza
110.70 hasta 111.50 skar
111.50 hasta 126 00 mineral
126.00 hasta 127.00 skar
 se  realiza orden y limpiza",False,20260830-YAURICOCHA-XRD150USS-001-B
2582,20260831,21,93,54,154,2,A,127.0,147.0,20.0,HARDCORE,NG9A,819037,USADO,HARDCORE,181845,USADO,0.0,0.0,5.0,0.0,nan,"A inicio de guardia se asiste a Reunión Gcom luego se ingresa a mina y se rellena las herramientas de gestión 
Se engrasa equipo y accesorios
Se acondiciona el sondaje y se continua con la perforación 
 De 10:30 am hasta 11:30 am no se cuenta con agua luego se continua con la perforación",False,20260831-YAURICOCHA-XRD150USS-001-A
2583,20260831,21,93,54,128,2,B,0.0,16.3,16.3,HARDCORE,NG9A,819037,USADO,HARDCORE,181845,USADO,0.0,0.0,0.0,0.0,nan,"A inicio de guardia se asiste a la reunión de Gcom
 Se rellena las   herramientas de gestión 
se descarga la tubería y se apila en su caballete
se desancla el equipo y se mueve al siguiente punto 
se alinea se nivela se perfora perno centro y se inicia con la perforación
LITOLOGIA. 
SKAR de 0 a 16.30",False,20260831-YAURICOCHA-XRD150USS-001-B
2584,20260901,21,93,54,258,2,A,0.0,0.0,0.0,NAN,NAN,SIN_NUMERO,NAN,NAN,SIN_NUMERO,NAN,0.0,0.0,0.0,0.0,nan,nan,False,20260901-YAURICOCHA-XRD150USS-001-A
2585,20260901,21,93,82,258,2,B,0.0,0.0,0.0,NAN,NAN,SIN_NUMERO,NAN,NAN,SIN_NUMERO,NAN,0.0,0.0,0.0,0.0,nan,nan,False,20260901-YAURICOCHA-XRD150USS-001-B
2586,20260902,21,93,82,258,2,A,0.0,0.0,0.0,NAN,NAN,SIN_NUMERO,NAN,NAN,SIN_NUMERO,NAN,0.0,0.0,0.0,0.0,nan,nan,False,20260902-YAURICOCHA-XRD150USS-001-A
2587,20260902,21,93,82,258,2,B,0.0,0.0,0.0,NAN,NAN,SIN_NUMERO,NAN,NAN,SIN_NUMERO,NAN,0.0,0.0,0.0,0.0,nan,nan,False,20260902-YAURICOCHA-XRD150USS-001-B
2588,20260903,21,93,82,258,2,A,0.0,0.0,0.0,NAN,NAN,SIN_NUMERO,NAN,NAN,SIN_NUMERO,NAN,0.0,0.0,0.0,0.0,nan,nan,False,20260903-YAURICOCHA-XRD150USS-001-A
2589,20260903,21,93,82,258,2,B,0.0,0.0,0.0,NAN,NAN,SIN_NUMERO,NAN,NAN,SIN_NUMERO,NAN,0.0,0.0,0.0,0.0,nan,nan,False,20260903-YAURICOCHA-XRD150USS-001-B
2590,20260904,21,93,82,258,2,A,0.0,0.0,0.0,NAN,NAN,SIN_NUMERO,NAN,NAN,SIN_NUMERO,NAN,0.0,0.0,0.0,0.0,nan,nan,False,20260904-YAURICOCHA-XRD150USS-001-A
2591,20260904,21,93,82,258,2,B,0.0,0.0,0.0,NAN,NAN,SIN_NUMERO,NAN,NAN,SIN_NUMERO,NAN,0.0,0.0,0.0,0.0,nan,nan,False,20260904-YAURICOCHA-XRD150USS-001-B
2592,20260905,21,93,82,258,2,A,0.0,0.0,0.0,NAN,NAN,SIN_NUMERO,NAN,NAN,SIN_NUMERO,NAN,0.0,0.0,0.0,0.0,nan,nan,False,20260905-YAURICOCHA-XRD150USS-001-A
2593,20260905,21,93,82,258,2,B,0.0,0.0,0.0,NAN,NAN,SIN_NUMERO,NAN,NAN,SIN_NUMERO,NAN,0.0,0.0,0.0,0.0,nan,nan,False,20260905-YAURICOCHA-XRD150USS-001-B
2594,20260906,21,93,82,258,2,A,0.0,0.0,0.0,NAN,NAN,SIN_NUMERO,NAN,NAN,SIN_NUMERO,NAN,0.0,0.0,0.0,0.0,nan,nan,False,20260906-YAURICOCHA-XRD150USS-001-A
2595,20260906,21,93,82,258,2,B,0.0,0.0,0.0,NAN,NAN,SIN_NUMERO,NAN,NAN,SIN_NUMERO,NAN,0.0,0.0,0.0,0.0,nan,nan,False,20260906-YAURICOCHA-XRD150USS-001-B
2596,20260907,21,93,82,258,2,A,0.0,0.0,0.0,NAN,NAN,SIN_NUMERO,NAN,NAN,SIN_NUMERO,NAN,0.0,0.0,0.0,0.0,nan,nan,False,20260907-YAURICOCHA-XRD150USS-001-A
2597,20260907,21,93,82,258,2,B,0.0,0.0,0.0,NAN,NAN,SIN_NUMERO,NAN,NAN,SIN_NUMERO,NAN,0.0,0.0,0.0,0.0,nan,nan,False,20260907-YAURICOCHA-XRD150USS-001-B
2598,20260908,21,93,82,258,2,A,0.0,0.0,0.0,NAN,NAN,SIN_NUMERO,NAN,NAN,SIN_NUMERO,NAN,0.0,0.0,0.0,0.0,nan,nan,False,20260908-YAURICOCHA-XRD150USS-001-A
2599,20260908,21,93,82,258,2,B,0.0,0.0,0.0,NAN,NAN,SIN_NUMERO,NAN,NAN,SIN_NUMERO,NAN,0.0,0.0,0.0,0.0,nan,nan,False,20260908-YAURICOCHA-XRD150USS-001-B
2600,20260909,21,93,82,258,2,A,0.0,0.0,0.0,NAN,NAN,SIN_NUMERO,NAN,NAN,SIN_NUMERO,NAN,0.0,0.0,0.0,0.0,nan,nan,False,20260909-YAURICOCHA-XRD150USS-001-A
2601,20260909,21,93,82,258,2,B,0.0,0.0,0.0,NAN,NAN,SIN_NUMERO,NAN,NAN,SIN_NUMERO,NAN,0.0,0.0,0.0,0.0,nan,nan,False,20260909-YAURICOCHA-XRD150USS-001-B
2602,20260910,21,93,82,258,2,A,0.0,0.0,0.0,NAN,NAN,SIN_NUMERO,NAN,NAN,SIN_NUMERO,NAN,0.0,0.0,0.0,0.0,nan,nan,False,20260910-YAURICOCHA-XRD150USS-001-A
2603,20260910,21,93,82,258,2,B,0.0,0.0,0.0,NAN,NAN,SIN_NUMERO,NAN,NAN,SIN_NUMERO,NAN,0.0,0.0,0.0,0.0,nan,nan,False,20260910-YAURICOCHA-XRD150USS-001-B
2604,20260911,21,93,82,258,2,A,0.0,0.0,0.0,NAN,NAN,SIN_NUMERO,NAN,NAN,SIN_NUMERO,NAN,0.0,0.0,0.0,0.0,nan,nan,False,20260911-YAURICOCHA-XRD150USS-001-A
2605,20260911,21,93,82,258,2,B,0.0,0.0,0.0,NAN,NAN,SIN_NUMERO,NAN,NAN,SIN_NUMERO,NAN,0.0,0.0,0.0,0.0,nan,nan,False,20260911-YAURICOCHA-XRD150USS-001-B
2606,20260912,21,93,82,258,2,A,0.0,0.0,0.0,NAN,NAN,SIN_NUMERO,NAN,NAN,SIN_NUMERO,NAN,0.0,0.0,0.0,0.0,nan,nan,False,20260912-YAURICOCHA-XRD150USS-001-A
2607,20260912,21,93,82,258,2,B,0.0,0.0,0.0,NAN,NAN,SIN_NUMERO,NAN,NAN,SIN_NUMERO,NAN,0.0,0.0,0.0,0.0,nan,nan,False,20260912-YAURICOCHA-XRD150USS-001-B
2608,20260913,21,93,82,258,2,A,0.0,0.0,0.0,NAN,NAN,SIN_NUMERO,NAN,NAN,SIN_NUMERO,NAN,0.0,0.0,0.0,0.0,nan,nan,False,20260913-YAURICOCHA-XRD150USS-001-A
2609,20260913,21,93,82,258,2,B,0.0,0.0,0.0,NAN,NAN,SIN_NUMERO,NAN,NAN,SIN_NUMERO,NAN,0.0,0.0,0.0,0.0,nan,nan,False,20260913-YAURICOCHA-XRD150USS-001-B
2610,20260914,21,93,82,258,2,A,0.0,0.0,0.0,NAN,NAN,SIN_NUMERO,NAN,NAN,SIN_NUMERO,NAN,0.0,0.0,0.0,0.0,nan,nan,False,20260914-YAURICOCHA-XRD150USS-001-A
2611,20260914,21,93,82,258,2,B,0.0,0.0,0.0,NAN,NAN,SIN_NUMERO,NAN,NAN,SIN_NUMERO,NAN,0.0,0.0,0.0,0.0,nan,nan,False,20260914-YAURICOCHA-XRD150USS-001-B
2612,20260915,21,93,82,258,2,A,0.0,0.0,0.0,NAN,NAN,SIN_NUMERO,NAN,NAN,SIN_NUMERO,NAN,0.0,0.0,0.0,0.0,nan,nan,False,20260915-YAURICOCHA-XRD150USS-001-A
2613,20260915,21,93,82,258,2,B,0.0,0.0,0.0,NAN,NAN,SIN_NUMERO,NAN,NAN,SIN_NUMERO,NAN,0.0,0.0,0.0,0.0,nan,nan,False,20260915-YAURICOCHA-XRD150USS-001-B
2614,20260916,21,93,82,258,2,A,0.0,0.0,0.0,NAN,NAN,SIN_NUMERO,NAN,NAN,SIN_NUMERO,NAN,0.0,0.0,0.0,0.0,nan,nan,False,20260916-YAURICOCHA-XRD150USS-001-A
2615,20260916,21,93,82,258,2,B,0.0,0.0,0.0,NAN,NAN,SIN_NUMERO,NAN,NAN,SIN_NUMERO,NAN,0.0,0.0,0.0,0.0,nan,nan,False,20260916-YAURICOCHA-XRD150USS-001-B
2616,20260917,21,93,82,258,2,A,0.0,0.0,0.0,NAN,NAN,SIN_NUMERO,NAN,NAN,SIN_NUMERO,NAN,0.0,0.0,0.0,0.0,nan,nan,False,20260917-YAURICOCHA-XRD150USS-001-A
2617,20260917,21,93,82,258,2,B,0.0,0.0,0.0,NAN,NAN,SIN_NUMERO,NAN,NAN,SIN_NUMERO,NAN,0.0,0.0,0.0,0.0,nan,nan,False,20260917-YAURICOCHA-XRD150USS-001-B
2618,20260918,21,93,82,258,2,A,0.0,0.0,0.0,NAN,NAN,SIN_NUMERO,NAN,NAN,SIN_NUMERO,NAN,0.0,0.0,0.0,0.0,nan,nan,False,20260918-YAURICOCHA-XRD150USS-001-A
2619,20260918,21,93,82,258,2,B,0.0,0.0,0.0,NAN,NAN,SIN_NUMERO,NAN,NAN,SIN_NUMERO,NAN,0.0,0.0,0.0,0.0,nan,nan,False,20260918-YAURICOCHA-XRD150USS-001-B
2620,20260919,21,93,82,258,2,A,0.0,0.0,0.0,NAN,NAN,SIN_NUMERO,NAN,NAN,SIN_NUMERO,NAN,0.0,0.0,0.0,0.0,nan,nan,False,20260919-YAURICOCHA-XRD150USS-001-A
2621,20260919,21,93,82,258,2,B,0.0,0.0,0.0,NAN,NAN,SIN_NUMERO,NAN,NAN,SIN_NUMERO,NAN,0.0,0.0,0.0,0.0,nan,nan,False,20260919-YAURICOCHA-XRD150USS-001-B
2622,20260920,21,93,82,258,2,A,0.0,0.0,0.0,NAN,NAN,SIN_NUMERO,NAN,NAN,SIN_NUMERO,NAN,0.0,0.0,0.0,0.0,nan,nan,False,20260920-YAURICOCHA-XRD150USS-001-A
2623,20260920,21,93,82,258,2,B,0.0,0.0,0.0,NAN,NAN,SIN_NUMERO,NAN,NAN,SIN_NUMERO,NAN,0.0,0.0,0.0,0.0,nan,nan,False,20260920-YAURICOCHA-XRD150USS-001-B
2624,20260921,21,93,82,258,2,A,0.0,0.0,0.0,NAN,NAN,SIN_NUMERO,NAN,NAN,SIN_NUMERO,NAN,0.0,0.0,0.0,0.0,nan,nan,False,20260921-YAURICOCHA-XRD150USS-001-A
2625,20260921,21,93,82,258,2,B,0.0,0.0,0.0,NAN,NAN,SIN_NUMERO,NAN,NAN,SIN_NUMERO,NAN,0.0,0.0,0.0,0.0,nan,nan,False,20260921-YAURICOCHA-XRD150USS-001-B
2626,20260922,21,93,82,258,2,A,0.0,0.0,0.0,NAN,NAN,SIN_NUMERO,NAN,NAN,SIN_NUMERO,NAN,0.0,0.0,0.0,0.0,nan,nan,False,20260922-YAURICOCHA-XRD150USS-001-A
2627,20260922,21,93,82,258,2,B,0.0,0.0,0.0,NAN,NAN,SIN_NUMERO,NAN,NAN,SIN_NUMERO,NAN,0.0,0.0,0.0,0.0,nan,nan,False,20260922-YAURICOCHA-XRD150USS-001-B
2628,20260923,21,93,82,258,2,A,0.0,0.0,0.0,NAN,NAN,SIN_NUMERO,NAN,NAN,SIN_NUMERO,NAN,0.0,0.0,0.0,0.0,nan,nan,False,20260923-YAURICOCHA-XRD150USS-001-A
2629,20260923,21,93,82,258,2,B,0.0,0.0,0.0,NAN,NAN,SIN_NUMERO,NAN,NAN,SIN_NUMERO,NAN,0.0,0.0,0.0,0.0,nan,nan,False,20260923-YAURICOCHA-XRD150USS-001-B
2630,20260924,21,93,82,258,2,A,0.0,0.0,0.0,NAN,NAN,SIN_NUMERO,NAN,NAN,SIN_NUMERO,NAN,0.0,0.0,0.0,0.0,nan,nan,False,20260924-YAURICOCHA-XRD150USS-001-A
2631,20260924,21,93,82,258,2,B,0.0,0.0,0.0,NAN,NAN,SIN_NUMERO,NAN,NAN,SIN_NUMERO,NAN,0.0,0.0,0.0,0.0,nan,nan,False,20260924-YAURICOCHA-XRD150USS-001-B
2632,20260925,21,93,82,258,2,A,0.0,0.0,0.0,NAN,NAN,SIN_NUMERO,NAN,NAN,SIN_NUMERO,NAN,0.0,0.0,0.0,0.0,nan,nan,False,20260925-YAURICOCHA-XRD150USS-001-A
2633,20260925,21,93,82,258,2,B,0.0,0.0,0.0,NAN,NAN,SIN_NUMERO,NAN,NAN,SIN_NUMERO,NAN,0.0,0.0,0.0,0.0,nan,nan,False,20260925-YAURICOCHA-XRD150USS-001-B
2634,20260826,21,91,64,173,2,A,66.1,86.2,20.1,HARDCORE,X8,256032,USADO,HARDCORE,190239,USADO,0.0,0.0,7.0,0.0,nan,"A inicio de guardia se asiste a la reunión de Gcom
 se rellena las herramientas de gestión 
 Se  continúa con la perforación 
 Se perfora caliza fracturado 
 se cordina con supervisión de pegama para la conexión de tubería de la bomba  y se para la perforación por falta de tubería de la bomba de la poza hacia minera su poza",False,20260826-YAURICOCHA-XRD150U-011-A
2635,20260826,21,91,64,170,2,B,86.2,99.8,13.6,HARDCORE,X8,256032,USADO,HARDCORE,190239,USADO,0.0,0.0,0.0,0.0,nan,"A inicio de guardia se asiste a la reunión de Gcom
 se rellena las herramientas de gestión 
 Por coordinación con hidrogeología se espero hasta las 11 pm para poder iniciar con la perforación en una hora muerta por no contar con tubería de drenaje 
 Se apoya a servicios en el tendido de tubería de drenaje hasta las 12 pm 
Se instaló la tubería de drenaje y se continúa con la perforación 
 Se hace orden y limpieza",False,20260826-YAURICOCHA-XRD150U-011-B
2636,20260827,21,91,64,242,2,A,99.8,125.9,26.1,HARDCORE,X8,256032,USADO,HARDCORE,190239,USADO,0.0,0.0,7.8,0.0,nan,"A inicio de guardia se asiste a la reunión de Gcom
 se rellena las herramientas de gestión 
 se realiza monitoreo de gases
 A primera hora se tiene visita del 8ng Marlon arenas 
 Se continúa con la perfección hasta fin de guardia sin novedad
Queda para seguir con las operaciones",False,20260827-YAURICOCHA-XRD150U-011-A
2637,20260827,21,91,64,170,2,B,125.9,143.1,17.2,HARDCORE,X8,256032,USADO,HARDCORE,190239,USADO,0.0,0.0,0.0,0.0,nan,"A inicio de guardia se asiste a la reunión de Gcom
 se rellena las herramientas de gestión 
 se realiza monitoreo de gases
 Se continúa con la perfección hasta fin de guardia sin novedad
Queda para seguir con las operaciones",False,20260827-YAURICOCHA-XRD150U-011-B
2638,20260828,21,91,64,198,2,A,143.1,149.9,6.8,HARDCORE,X8,256032,USADO,HARDCORE,190239,USADO,0.0,0.0,3.0,0.0,nan,"A inicio de guardia se asiste a la reunión de Gcom
 se rellena las herramientas de gestión 
 se acondiciona sondaje,
 Se  proced ea descargar tuberia para cambio de broca.
 Se hace levantamiento topografico",False,20260828-YAURICOCHA-XRD150U-011-A
2639,20260828,21,91,64,170,2,B,149.9,166.9,17.0,HARDCORE,X8,433038,USADO,HARDCORE,190239,USADO,0.0,0.0,0.0,0.0,nan,"A inicio de turno se llena herramientas de gestion 
Se engrasa componentes, se comienza a cargar los tubos   de HQ para recuperar el barel, 
en el segundo intento se recupera con mucha dificultad y se encuentra la broca descoronada y se vuelve a cargar con broca nueva,
se comiena co la perforacion con normalidad
Queda todo operativo al final de turno.",False,20260828-YAURICOCHA-XRD150U-011-B
2640,20260829,21,91,64,198,2,A,166.9,166.9,0.0,HARDCORE,X8,433038,USADO,HARDCORE,190239,USADO,0.0,0.0,5.0,0.0,nan,"A inicio de guardia se asiste a la reunión de Gcom
 se rellena las herramientas de gestión 
 se realiza monitoreo de gases
maquina paralizada por falta de personal",False,20260829-YAURICOCHA-XRD150U-011-A
2641,20260829,21,91,64,170,2,B,166.9,178.7,11.8,HARDCORE,X8,433038,USADO,HARDCORE,190239,USADO,0.0,0.0,0.0,0.0,nan,"se continúa con la perforación todo con normalidad
por orden de supervisión se para la perforación 
se procede a descargar la tubería  y se traslado a su caballete,
se procede a desanclar la máquina y se desarma las estructuras  y se mueve al medio ,
queda para desinstalar sistema hidraulico.",False,20260829-YAURICOCHA-XRD150U-011-B
2642,20260830,21,91,64,198,2,A,0.0,0.0,0.0,NAN,NAN,SIN_NUMERO,NAN,NAN,SIN_NUMERO,NAN,0.0,0.0,0.0,0.0,nan,"A inicio de guardia se asiste a la reunión de Gcom
 se rellena las herramientas de gestión 
hace desinstalacion de camara y se traslada materiales
Se  se realiza monitoreo de gases",False,20260830-YAURICOCHA-XRD150U-011-A
2643,20260830,21,91,82,170,2,B,0.0,0.0,0.0,NAN,NAN,SIN_NUMERO,NAN,NAN,SIN_NUMERO,NAN,0.0,0.0,0.0,0.0,nan,"* nicio de turno se rellena las herramientas de gestión 
* ⁠luego se traslada la tubería al fondo para liberar espacio 
* ⁠luego se enrolla las mangueras hidráulicas al panel de mando 
* ⁠luego se recupera las mangueras de agua de entrada y salida de la unidad de poder 
* ⁠luego se desentabla la cámara por completo 
* ⁠luego se traslada 2 viajes de estructura serca ala cámara DDH 
* ⁠espera de cámara DDH",False,20260830-YAURICOCHA-XRD150U-011-B
2644,20260831,21,91,82,198,2,A,0.0,0.0,0.0,NAN,NAN,SIN_NUMERO,NAN,NAN,SIN_NUMERO,NAN,0.0,0.0,0.0,0.0,nan,"⁠inicio de turno se rellena herramientas de gestion
se verifica condiciones de trabajo
 Traslado de materiales con camioneta
traslado de equipo, unidad poder , panel control, bomba chamber ,tablas , tuberia NQ , cubil con mangueras de agua ,caja de herramientas",False,20260831-YAURICOCHA-XRD150U-011-A
2645,20260831,21,91,82,170,2,B,0.0,0.0,0.0,NAN,NAN,SIN_NUMERO,NAN,NAN,SIN_NUMERO,NAN,0.0,0.0,0.0,0.0,nan,"A inicio de guardia se asiste a Reunión Gcom luego se ingresa a mina y se rellena las herramientas de gestión 
se coordina con manto electrónico para energizar la cámara y se apoya colocar al alcayatas  y se tiende cable 440  a si al nicho  
se coloca tablero eléctrico manteniendo menciona que va regresar  para energizar el tablero electrónico, y no regresa 
 luego se coloca Sinta led  toda la cámara  DDH luego se tiende la boa  de la unidad de poder y  
se procede a entablar un paño de tabla  y se reubica la unidad de poder con mucha dificultad",False,20260831-YAURICOCHA-XRD150U-011-B
2646,20260901,21,91,82,258,2,A,0.0,0.0,0.0,NAN,NAN,SIN_NUMERO,NAN,NAN,SIN_NUMERO,NAN,0.0,0.0,0.0,0.0,nan,nan,False,20260901-YAURICOCHA-XRD150U-011-A
2647,20260901,21,91,82,258,2,B,0.0,0.0,0.0,NAN,NAN,SIN_NUMERO,NAN,NAN,SIN_NUMERO,NAN,0.0,0.0,0.0,0.0,nan,nan,False,20260901-YAURICOCHA-XRD150U-011-B
2648,20260902,21,91,82,258,2,A,0.0,0.0,0.0,NAN,NAN,SIN_NUMERO,NAN,NAN,SIN_NUMERO,NAN,0.0,0.0,0.0,0.0,nan,nan,False,20260902-YAURICOCHA-XRD150U-011-A
2649,20260902,21,91,82,258,2,B,0.0,0.0,0.0,NAN,NAN,SIN_NUMERO,NAN,NAN,SIN_NUMERO,NAN,0.0,0.0,0.0,0.0,nan,nan,False,20260902-YAURICOCHA-XRD150U-011-B
2650,20260903,21,91,82,258,2,A,0.0,0.0,0.0,NAN,NAN,SIN_NUMERO,NAN,NAN,SIN_NUMERO,NAN,0.0,0.0,0.0,0.0,nan,nan,False,20260903-YAURICOCHA-XRD150U-011-A
2651,20260903,21,91,82,258,2,B,0.0,0.0,0.0,NAN,NAN,SIN_NUMERO,NAN,NAN,SIN_NUMERO,NAN,0.0,0.0,0.0,0.0,nan,nan,False,20260903-YAURICOCHA-XRD150U-011-B
2652,20260904,21,91,82,258,2,A,0.0,0.0,0.0,NAN,NAN,SIN_NUMERO,NAN,NAN,SIN_NUMERO,NAN,0.0,0.0,0.0,0.0,nan,nan,False,20260904-YAURICOCHA-XRD150U-011-A
2653,20260904,21,91,82,258,2,B,0.0,0.0,0.0,NAN,NAN,SIN_NUMERO,NAN,NAN,SIN_NUMERO,NAN,0.0,0.0,0.0,0.0,nan,nan,False,20260904-YAURICOCHA-XRD150U-011-B
2654,20260905,21,91,82,258,2,A,0.0,0.0,0.0,NAN,NAN,SIN_NUMERO,NAN,NAN,SIN_NUMERO,NAN,0.0,0.0,0.0,0.0,nan,nan,False,20260905-YAURICOCHA-XRD150U-011-A
2655,20260905,21,91,82,258,2,B,0.0,0.0,0.0,NAN,NAN,SIN_NUMERO,NAN,NAN,SIN_NUMERO,NAN,0.0,0.0,0.0,0.0,nan,nan,False,20260905-YAURICOCHA-XRD150U-011-B
2656,20260906,21,91,82,258,2,A,0.0,0.0,0.0,NAN,NAN,SIN_NUMERO,NAN,NAN,SIN_NUMERO,NAN,0.0,0.0,0.0,0.0,nan,nan,False,20260906-YAURICOCHA-XRD150U-011-A
2657,20260906,21,91,82,258,2,B,0.0,0.0,0.0,NAN,NAN,SIN_NUMERO,NAN,NAN,SIN_NUMERO,NAN,0.0,0.0,0.0,0.0,nan,nan,False,20260906-YAURICOCHA-XRD150U-011-B
2658,20260907,21,91,82,258,2,A,0.0,0.0,0.0,NAN,NAN,SIN_NUMERO,NAN,NAN,SIN_NUMERO,NAN,0.0,0.0,0.0,0.0,nan,nan,False,20260907-YAURICOCHA-XRD150U-011-A
2659,20260907,21,91,82,258,2,B,0.0,0.0,0.0,NAN,NAN,SIN_NUMERO,NAN,NAN,SIN_NUMERO,NAN,0.0,0.0,0.0,0.0,nan,nan,False,20260907-YAURICOCHA-XRD150U-011-B
2660,20260908,21,91,82,258,2,A,0.0,0.0,0.0,NAN,NAN,SIN_NUMERO,NAN,NAN,SIN_NUMERO,NAN,0.0,0.0,0.0,0.0,nan,nan,False,20260908-YAURICOCHA-XRD150U-011-A
2661,20260908,21,91,82,258,2,B,0.0,0.0,0.0,NAN,NAN,SIN_NUMERO,NAN,NAN,SIN_NUMERO,NAN,0.0,0.0,0.0,0.0,nan,nan,False,20260908-YAURICOCHA-XRD150U-011-B
2662,20260909,21,91,82,258,2,A,0.0,0.0,0.0,NAN,NAN,SIN_NUMERO,NAN,NAN,SIN_NUMERO,NAN,0.0,0.0,0.0,0.0,nan,nan,False,20260909-YAURICOCHA-XRD150U-011-A
2663,20260909,21,91,82,258,2,B,0.0,0.0,0.0,NAN,NAN,SIN_NUMERO,NAN,NAN,SIN_NUMERO,NAN,0.0,0.0,0.0,0.0,nan,nan,False,20260909-YAURICOCHA-XRD150U-011-B
2664,20260910,21,91,82,258,2,A,0.0,0.0,0.0,NAN,NAN,SIN_NUMERO,NAN,NAN,SIN_NUMERO,NAN,0.0,0.0,0.0,0.0,nan,nan,False,20260910-YAURICOCHA-XRD150U-011-A
2665,20260910,21,91,82,258,2,B,0.0,0.0,0.0,NAN,NAN,SIN_NUMERO,NAN,NAN,SIN_NUMERO,NAN,0.0,0.0,0.0,0.0,nan,nan,False,20260910-YAURICOCHA-XRD150U-011-B
2666,20260911,21,91,82,258,2,A,0.0,0.0,0.0,NAN,NAN,SIN_NUMERO,NAN,NAN,SIN_NUMERO,NAN,0.0,0.0,0.0,0.0,nan,nan,False,20260911-YAURICOCHA-XRD150U-011-A
2667,20260911,21,91,82,258,2,B,0.0,0.0,0.0,NAN,NAN,SIN_NUMERO,NAN,NAN,SIN_NUMERO,NAN,0.0,0.0,0.0,0.0,nan,nan,False,20260911-YAURICOCHA-XRD150U-011-B
2668,20260912,21,91,82,258,2,A,0.0,0.0,0.0,NAN,NAN,SIN_NUMERO,NAN,NAN,SIN_NUMERO,NAN,0.0,0.0,0.0,0.0,nan,nan,False,20260912-YAURICOCHA-XRD150U-011-A
2669,20260912,21,91,82,258,2,B,0.0,0.0,0.0,NAN,NAN,SIN_NUMERO,NAN,NAN,SIN_NUMERO,NAN,0.0,0.0,0.0,0.0,nan,nan,False,20260912-YAURICOCHA-XRD150U-011-B
2670,20260913,21,91,82,258,2,A,0.0,0.0,0.0,NAN,NAN,SIN_NUMERO,NAN,NAN,SIN_NUMERO,NAN,0.0,0.0,0.0,0.0,nan,nan,False,20260913-YAURICOCHA-XRD150U-011-A
2671,20260913,21,91,82,258,2,B,0.0,0.0,0.0,NAN,NAN,SIN_NUMERO,NAN,NAN,SIN_NUMERO,NAN,0.0,0.0,0.0,0.0,nan,nan,False,20260913-YAURICOCHA-XRD150U-011-B
2672,20260914,21,91,82,258,2,A,0.0,0.0,0.0,NAN,NAN,SIN_NUMERO,NAN,NAN,SIN_NUMERO,NAN,0.0,0.0,0.0,0.0,nan,nan,False,20260914-YAURICOCHA-XRD150U-011-A
2673,20260914,21,91,82,258,2,B,0.0,0.0,0.0,NAN,NAN,SIN_NUMERO,NAN,NAN,SIN_NUMERO,NAN,0.0,0.0,0.0,0.0,nan,nan,False,20260914-YAURICOCHA-XRD150U-011-B
2674,20260915,21,91,82,258,2,A,0.0,0.0,0.0,NAN,NAN,SIN_NUMERO,NAN,NAN,SIN_NUMERO,NAN,0.0,0.0,0.0,0.0,nan,nan,False,20260915-YAURICOCHA-XRD150U-011-A
2675,20260915,21,91,82,258,2,B,0.0,0.0,0.0,NAN,NAN,SIN_NUMERO,NAN,NAN,SIN_NUMERO,NAN,0.0,0.0,0.0,0.0,nan,nan,False,20260915-YAURICOCHA-XRD150U-011-B
2676,20260916,21,91,82,258,2,A,0.0,0.0,0.0,NAN,NAN,SIN_NUMERO,NAN,NAN,SIN_NUMERO,NAN,0.0,0.0,0.0,0.0,nan,nan,False,20260916-YAURICOCHA-XRD150U-011-A
2677,20260916,21,91,82,258,2,B,0.0,0.0,0.0,NAN,NAN,SIN_NUMERO,NAN,NAN,SIN_NUMERO,NAN,0.0,0.0,0.0,0.0,nan,nan,False,20260916-YAURICOCHA-XRD150U-011-B
2678,20260917,21,91,82,258,2,A,0.0,0.0,0.0,NAN,NAN,SIN_NUMERO,NAN,NAN,SIN_NUMERO,NAN,0.0,0.0,0.0,0.0,nan,nan,False,20260917-YAURICOCHA-XRD150U-011-A
2679,20260917,21,91,82,258,2,B,0.0,0.0,0.0,NAN,NAN,SIN_NUMERO,NAN,NAN,SIN_NUMERO,NAN,0.0,0.0,0.0,0.0,nan,nan,False,20260917-YAURICOCHA-XRD150U-011-B
2680,20260918,21,91,82,258,2,A,0.0,0.0,0.0,NAN,NAN,SIN_NUMERO,NAN,NAN,SIN_NUMERO,NAN,0.0,0.0,0.0,0.0,nan,nan,False,20260918-YAURICOCHA-XRD150U-011-A
2681,20260918,21,91,82,258,2,B,0.0,0.0,0.0,NAN,NAN,SIN_NUMERO,NAN,NAN,SIN_NUMERO,NAN,0.0,0.0,0.0,0.0,nan,nan,False,20260918-YAURICOCHA-XRD150U-011-B
2682,20260919,21,91,82,258,2,A,0.0,0.0,0.0,NAN,NAN,SIN_NUMERO,NAN,NAN,SIN_NUMERO,NAN,0.0,0.0,0.0,0.0,nan,nan,False,20260919-YAURICOCHA-XRD150U-011-A
2683,20260919,21,91,82,258,2,B,0.0,0.0,0.0,NAN,NAN,SIN_NUMERO,NAN,NAN,SIN_NUMERO,NAN,0.0,0.0,0.0,0.0,nan,nan,False,20260919-YAURICOCHA-XRD150U-011-B
2684,20260920,21,91,82,258,2,A,0.0,0.0,0.0,NAN,NAN,SIN_NUMERO,NAN,NAN,SIN_NUMERO,NAN,0.0,0.0,0.0,0.0,nan,nan,False,20260920-YAURICOCHA-XRD150U-011-A
2685,20260920,21,91,82,258,2,B,0.0,0.0,0.0,NAN,NAN,SIN_NUMERO,NAN,NAN,SIN_NUMERO,NAN,0.0,0.0,0.0,0.0,nan,nan,False,20260920-YAURICOCHA-XRD150U-011-B
2686,20260921,21,91,82,258,2,A,0.0,0.0,0.0,NAN,NAN,SIN_NUMERO,NAN,NAN,SIN_NUMERO,NAN,0.0,0.0,0.0,0.0,nan,nan,False,20260921-YAURICOCHA-XRD150U-011-A
2687,20260921,21,91,82,258,2,B,0.0,0.0,0.0,NAN,NAN,SIN_NUMERO,NAN,NAN,SIN_NUMERO,NAN,0.0,0.0,0.0,0.0,nan,nan,False,20260921-YAURICOCHA-XRD150U-011-B
2688,20260922,21,91,82,258,2,A,0.0,0.0,0.0,NAN,NAN,SIN_NUMERO,NAN,NAN,SIN_NUMERO,NAN,0.0,0.0,0.0,0.0,nan,nan,False,20260922-YAURICOCHA-XRD150U-011-A
2689,20260922,21,91,82,258,2,B,0.0,0.0,0.0,NAN,NAN,SIN_NUMERO,NAN,NAN,SIN_NUMERO,NAN,0.0,0.0,0.0,0.0,nan,nan,False,20260922-YAURICOCHA-XRD150U-011-B
2690,20260923,21,91,82,258,2,A,0.0,0.0,0.0,NAN,NAN,SIN_NUMERO,NAN,NAN,SIN_NUMERO,NAN,0.0,0.0,0.0,0.0,nan,nan,False,20260923-YAURICOCHA-XRD150U-011-A
2691,20260923,21,91,82,258,2,B,0.0,0.0,0.0,NAN,NAN,SIN_NUMERO,NAN,NAN,SIN_NUMERO,NAN,0.0,0.0,0.0,0.0,nan,nan,False,20260923-YAURICOCHA-XRD150U-011-B
2692,20260924,21,91,82,258,2,A,0.0,0.0,0.0,NAN,NAN,SIN_NUMERO,NAN,NAN,SIN_NUMERO,NAN,0.0,0.0,0.0,0.0,nan,nan,False,20260924-YAURICOCHA-XRD150U-011-A
2693,20260924,21,91,82,258,2,B,0.0,0.0,0.0,NAN,NAN,SIN_NUMERO,NAN,NAN,SIN_NUMERO,NAN,0.0,0.0,0.0,0.0,nan,nan,False,20260924-YAURICOCHA-XRD150U-011-B
2694,20260925,21,91,82,258,2,A,0.0,0.0,0.0,NAN,NAN,SIN_NUMERO,NAN,NAN,SIN_NUMERO,NAN,0.0,0.0,0.0,0.0,nan,nan,False,20260925-YAURICOCHA-XRD150U-011-A
2695,20260925,21,91,82,258,2,B,0.0,0.0,0.0,NAN,NAN,SIN_NUMERO,NAN,NAN,SIN_NUMERO,NAN,0.0,0.0,0.0,0.0,nan,nan,False,20260925-YAURICOCHA-XRD150U-011-B
2696,20260826,8,40,4,169,3,A,142.3,149.5,7.2,HARDCORE,X8,439180,USADO,HARDCORE,190340,USADO,0.0,0.0,5.8,0.0,PIZARRA FRACTURADO,"Se aumenta cable wireline, se continúa con la perforación terreno pizarra fracturado.",False,20260826-COBRIZA-XRD50UFDR-001-A
2697,20260826,8,40,4,257,3,B,149.5,161.3,11.8,HARDCORE,X8,439180,USADO,HARDCORE,190340,USADO,0.0,0.0,0.0,0.0,PIZARRA FRACTURADO,Se continúa con la perforación terreno pizarra fracturado,False,20260826-COBRIZA-XRD50UFDR-001-B
2698,20260827,8,40,9,169,1,A,0.0,0.0,0.0,NAN,NAN,SIN_NUMERO,NAN,NAN,SIN_NUMERO,NAN,0.0,0.0,5.3,0.0,nan,"Se descarga tuberias de NQ,  se desinstala equipo, se cambia de punto, se alinea a su azimut.",False,20260827-COBRIZA-XRD50UFDR-001-A
2699,20260827,8,40,9,257,1,B,0.0,10.2,10.2,HARDCORE,X8,433069,NUEVO,HARDCORE,185991,USADO,0.0,0.0,0.0,0.0,PIZARRA FRACTURADO,"Se instala máquina, se inicia con la perforación terreno pizarra fracturado, se tiene problemas con el rod holder  y la maquina se apaga cada rato, él mecanico interviene, el scoop ingresa a limpiar.",False,20260827-COBRIZA-XRD50UFDR-001-B
2700,20260828,8,40,9,169,1,A,10.2,39.4,29.2,HARDCORE,X8,433069,USADO,HARDCORE,185991,USADO,0.0,0.0,6.0,0.0,PIZARRA FRACTURADO,"Se continúa con la perforación terreno pizarra fracturado, se realiza desate de rocas.",False,20260828-COBRIZA-XRD50UFDR-001-A
2701,20260828,8,40,9,257,1,B,39.4,74.6,35.2,HARDCORE,X8,433069,USADO,HARDCORE,184591,USADO,0.0,0.0,0.0,0.0,PIZARRA FRACTURADO,"Se continúa con la perforaciónn terreno pizarra fracturado y pizarra mineralizado, se descarga tuberia para hechar grasa por que no hay retorno de agua.",False,20260828-COBRIZA-XRD50UFDR-001-B
2702,20260829,8,40,9,169,1,A,74.6,85.0,10.4,HARDCORE,X8,433069,USADO,HARDCORE,184591,USADO,0.0,0.0,5.8,0.0,PIZARRA FRACTURADO,"Se continúa con la perforación terreno pizarra fracturado,",False,20260829-COBRIZA-XRD50UFDR-001-A
2703,20260829,8,40,10,257,1,B,0.0,16.4,16.4,HARDCORE,X8,433069,USADO,HARDCORE,184591,USADO,0.0,0.0,0.0,0.0,PIZARRA FRACTURADO,"Se descarga la tubería y se lleva a caballete, se desintala la máquina y se mueve al siguiente punto, se coloca en su ángulo, se perfora perno central y se inicia la perforación",False,20260829-COBRIZA-XRD50UFDR-001-B
2704,20260830,8,40,10,169,1,A,16.4,51.4,35.0,HARDCORE,X8,433069,USADO,HARDCORE,184591,USADO,0.0,0.0,5.6,0.0,PIZARRA FRACTURADO,"Se prepara fluido para acondicionar sondaje, se continúa la perforación terreno pizarra",False,20260830-COBRIZA-XRD50UFDR-001-A
2705,20260830,8,40,10,257,1,B,51.4,83.0,31.6,HARDCORE,X8,433069,USADO,HARDCORE,184591,USADO,0.0,0.0,0.0,0.0,PIZARRA FRACTURADO,"Se prepara fluido para acondicionar sondaje, se continúa la perforación terreno pizarra y mineral",False,20260830-COBRIZA-XRD50UFDR-001-B
2706,20260831,8,40,10,169,1,A,83.0,103.0,20.0,HARDCORE,X8,426766,NUEVO,HARDCORE,184591,USADO,0.0,0.0,6.4,0.0,PIZARRA FRACTURADO,"Se continúa la perforación con normalidad terreno pizarra fracturado, se descarga tubería para cambio de broca  nueva",False,20260831-COBRIZA-XRD50UFDR-001-A
2707,20260831,8,40,10,257,1,B,0.0,0.0,0.0,NAN,NAN,SIN_NUMERO,NAN,NAN,SIN_NUMERO,NAN,0.0,0.0,0.0,0.0,nan,"Se realiza medición de desviación, se descarga tubería, se desinstala la máquina, se retira todo el entablado y se enrrolla cable electrico",False,20260831-COBRIZA-XRD50UFDR-001-B
2708,20260901,8,40,10,258,2,A,0.0,0.0,0.0,NAN,NAN,SIN_NUMERO,NAN,NAN,SIN_NUMERO,NAN,0.0,0.0,0.0,0.0,nan,nan,False,20260901-COBRIZA-XRD50UFDR-001-A
2709,20260901,8,40,70,258,2,B,0.0,0.0,0.0,NAN,NAN,SIN_NUMERO,NAN,NAN,SIN_NUMERO,NAN,0.0,0.0,0.0,0.0,nan,nan,False,20260901-COBRIZA-XRD50UFDR-001-B
2710,20260902,8,40,70,258,2,A,0.0,0.0,0.0,NAN,NAN,SIN_NUMERO,NAN,NAN,SIN_NUMERO,NAN,0.0,0.0,0.0,0.0,nan,nan,False,20260902-COBRIZA-XRD50UFDR-001-A
2711,20260902,8,40,70,258,2,B,0.0,0.0,0.0,NAN,NAN,SIN_NUMERO,NAN,NAN,SIN_NUMERO,NAN,0.0,0.0,0.0,0.0,nan,nan,False,20260902-COBRIZA-XRD50UFDR-001-B
2712,20260903,8,40,70,258,2,A,0.0,0.0,0.0,NAN,NAN,SIN_NUMERO,NAN,NAN,SIN_NUMERO,NAN,0.0,0.0,0.0,0.0,nan,nan,False,20260903-COBRIZA-XRD50UFDR-001-A
2713,20260903,8,40,70,258,2,B,0.0,0.0,0.0,NAN,NAN,SIN_NUMERO,NAN,NAN,SIN_NUMERO,NAN,0.0,0.0,0.0,0.0,nan,nan,False,20260903-COBRIZA-XRD50UFDR-001-B
2714,20260904,8,40,70,258,2,A,0.0,0.0,0.0,NAN,NAN,SIN_NUMERO,NAN,NAN,SIN_NUMERO,NAN,0.0,0.0,0.0,0.0,nan,nan,False,20260904-COBRIZA-XRD50UFDR-001-A
2715,20260904,8,40,70,258,2,B,0.0,0.0,0.0,NAN,NAN,SIN_NUMERO,NAN,NAN,SIN_NUMERO,NAN,0.0,0.0,0.0,0.0,nan,nan,False,20260904-COBRIZA-XRD50UFDR-001-B
2716,20260905,8,40,70,258,2,A,0.0,0.0,0.0,NAN,NAN,SIN_NUMERO,NAN,NAN,SIN_NUMERO,NAN,0.0,0.0,0.0,0.0,nan,nan,False,20260905-COBRIZA-XRD50UFDR-001-A
2717,20260905,8,40,70,258,2,B,0.0,0.0,0.0,NAN,NAN,SIN_NUMERO,NAN,NAN,SIN_NUMERO,NAN,0.0,0.0,0.0,0.0,nan,nan,False,20260905-COBRIZA-XRD50UFDR-001-B
2718,20260906,8,40,70,258,2,A,0.0,0.0,0.0,NAN,NAN,SIN_NUMERO,NAN,NAN,SIN_NUMERO,NAN,0.0,0.0,0.0,0.0,nan,nan,False,20260906-COBRIZA-XRD50UFDR-001-A
2719,20260906,8,40,70,258,2,B,0.0,0.0,0.0,NAN,NAN,SIN_NUMERO,NAN,NAN,SIN_NUMERO,NAN,0.0,0.0,0.0,0.0,nan,nan,False,20260906-COBRIZA-XRD50UFDR-001-B
2720,20260907,8,40,70,258,2,A,0.0,0.0,0.0,NAN,NAN,SIN_NUMERO,NAN,NAN,SIN_NUMERO,NAN,0.0,0.0,0.0,0.0,nan,nan,False,20260907-COBRIZA-XRD50UFDR-001-A
2721,20260907,8,40,70,258,2,B,0.0,0.0,0.0,NAN,NAN,SIN_NUMERO,NAN,NAN,SIN_NUMERO,NAN,0.0,0.0,0.0,0.0,nan,nan,False,20260907-COBRIZA-XRD50UFDR-001-B
2722,20260908,8,40,70,258,2,A,0.0,0.0,0.0,NAN,NAN,SIN_NUMERO,NAN,NAN,SIN_NUMERO,NAN,0.0,0.0,0.0,0.0,nan,nan,False,20260908-COBRIZA-XRD50UFDR-001-A
2723,20260908,8,40,70,258,2,B,0.0,0.0,0.0,NAN,NAN,SIN_NUMERO,NAN,NAN,SIN_NUMERO,NAN,0.0,0.0,0.0,0.0,nan,nan,False,20260908-COBRIZA-XRD50UFDR-001-B
2724,20260909,8,40,70,258,2,A,0.0,0.0,0.0,NAN,NAN,SIN_NUMERO,NAN,NAN,SIN_NUMERO,NAN,0.0,0.0,0.0,0.0,nan,nan,False,20260909-COBRIZA-XRD50UFDR-001-A
2725,20260909,8,40,70,258,2,B,0.0,0.0,0.0,NAN,NAN,SIN_NUMERO,NAN,NAN,SIN_NUMERO,NAN,0.0,0.0,0.0,0.0,nan,nan,False,20260909-COBRIZA-XRD50UFDR-001-B
2726,20260910,8,40,70,258,2,A,0.0,0.0,0.0,NAN,NAN,SIN_NUMERO,NAN,NAN,SIN_NUMERO,NAN,0.0,0.0,0.0,0.0,nan,nan,False,20260910-COBRIZA-XRD50UFDR-001-A
2727,20260910,8,40,70,258,2,B,0.0,0.0,0.0,NAN,NAN,SIN_NUMERO,NAN,NAN,SIN_NUMERO,NAN,0.0,0.0,0.0,0.0,nan,nan,False,20260910-COBRIZA-XRD50UFDR-001-B
2728,20260911,8,40,70,258,2,A,0.0,0.0,0.0,NAN,NAN,SIN_NUMERO,NAN,NAN,SIN_NUMERO,NAN,0.0,0.0,0.0,0.0,nan,nan,False,20260911-COBRIZA-XRD50UFDR-001-A
2729,20260911,8,40,70,258,2,B,0.0,0.0,0.0,NAN,NAN,SIN_NUMERO,NAN,NAN,SIN_NUMERO,NAN,0.0,0.0,0.0,0.0,nan,nan,False,20260911-COBRIZA-XRD50UFDR-001-B
2730,20260912,8,40,70,258,2,A,0.0,0.0,0.0,NAN,NAN,SIN_NUMERO,NAN,NAN,SIN_NUMERO,NAN,0.0,0.0,0.0,0.0,nan,nan,False,20260912-COBRIZA-XRD50UFDR-001-A
2731,20260912,8,40,70,258,2,B,0.0,0.0,0.0,NAN,NAN,SIN_NUMERO,NAN,NAN,SIN_NUMERO,NAN,0.0,0.0,0.0,0.0,nan,nan,False,20260912-COBRIZA-XRD50UFDR-001-B
2732,20260913,8,40,70,258,2,A,0.0,0.0,0.0,NAN,NAN,SIN_NUMERO,NAN,NAN,SIN_NUMERO,NAN,0.0,0.0,0.0,0.0,nan,nan,False,20260913-COBRIZA-XRD50UFDR-001-A
2733,20260913,8,40,70,258,2,B,0.0,0.0,0.0,NAN,NAN,SIN_NUMERO,NAN,NAN,SIN_NUMERO,NAN,0.0,0.0,0.0,0.0,nan,nan,False,20260913-COBRIZA-XRD50UFDR-001-B
2734,20260914,8,40,70,258,2,A,0.0,0.0,0.0,NAN,NAN,SIN_NUMERO,NAN,NAN,SIN_NUMERO,NAN,0.0,0.0,0.0,0.0,nan,nan,False,20260914-COBRIZA-XRD50UFDR-001-A
2735,20260914,8,40,70,258,2,B,0.0,0.0,0.0,NAN,NAN,SIN_NUMERO,NAN,NAN,SIN_NUMERO,NAN,0.0,0.0,0.0,0.0,nan,nan,False,20260914-COBRIZA-XRD50UFDR-001-B
2736,20260915,8,40,70,258,2,A,0.0,0.0,0.0,NAN,NAN,SIN_NUMERO,NAN,NAN,SIN_NUMERO,NAN,0.0,0.0,0.0,0.0,nan,nan,False,20260915-COBRIZA-XRD50UFDR-001-A
2737,20260915,8,40,70,258,2,B,0.0,0.0,0.0,NAN,NAN,SIN_NUMERO,NAN,NAN,SIN_NUMERO,NAN,0.0,0.0,0.0,0.0,nan,nan,False,20260915-COBRIZA-XRD50UFDR-001-B
2738,20260916,8,40,70,258,2,A,0.0,0.0,0.0,NAN,NAN,SIN_NUMERO,NAN,NAN,SIN_NUMERO,NAN,0.0,0.0,0.0,0.0,nan,nan,False,20260916-COBRIZA-XRD50UFDR-001-A
2739,20260916,8,40,70,258,2,B,0.0,0.0,0.0,NAN,NAN,SIN_NUMERO,NAN,NAN,SIN_NUMERO,NAN,0.0,0.0,0.0,0.0,nan,nan,False,20260916-COBRIZA-XRD50UFDR-001-B
2740,20260917,8,40,70,258,2,A,0.0,0.0,0.0,NAN,NAN,SIN_NUMERO,NAN,NAN,SIN_NUMERO,NAN,0.0,0.0,0.0,0.0,nan,nan,False,20260917-COBRIZA-XRD50UFDR-001-A
2741,20260917,8,40,70,258,2,B,0.0,0.0,0.0,NAN,NAN,SIN_NUMERO,NAN,NAN,SIN_NUMERO,NAN,0.0,0.0,0.0,0.0,nan,nan,False,20260917-COBRIZA-XRD50UFDR-001-B
2742,20260918,8,40,70,258,2,A,0.0,0.0,0.0,NAN,NAN,SIN_NUMERO,NAN,NAN,SIN_NUMERO,NAN,0.0,0.0,0.0,0.0,nan,nan,False,20260918-COBRIZA-XRD50UFDR-001-A
2743,20260918,8,40,70,258,2,B,0.0,0.0,0.0,NAN,NAN,SIN_NUMERO,NAN,NAN,SIN_NUMERO,NAN,0.0,0.0,0.0,0.0,nan,nan,False,20260918-COBRIZA-XRD50UFDR-001-B
2744,20260919,8,40,70,258,2,A,0.0,0.0,0.0,NAN,NAN,SIN_NUMERO,NAN,NAN,SIN_NUMERO,NAN,0.0,0.0,0.0,0.0,nan,nan,False,20260919-COBRIZA-XRD50UFDR-001-A
2745,20260919,8,40,70,258,2,B,0.0,0.0,0.0,NAN,NAN,SIN_NUMERO,NAN,NAN,SIN_NUMERO,NAN,0.0,0.0,0.0,0.0,nan,nan,False,20260919-COBRIZA-XRD50UFDR-001-B
2746,20260920,8,40,70,258,2,A,0.0,0.0,0.0,NAN,NAN,SIN_NUMERO,NAN,NAN,SIN_NUMERO,NAN,0.0,0.0,0.0,0.0,nan,nan,False,20260920-COBRIZA-XRD50UFDR-001-A
2747,20260920,8,40,70,258,2,B,0.0,0.0,0.0,NAN,NAN,SIN_NUMERO,NAN,NAN,SIN_NUMERO,NAN,0.0,0.0,0.0,0.0,nan,nan,False,20260920-COBRIZA-XRD50UFDR-001-B
2748,20260921,8,40,70,258,2,A,0.0,0.0,0.0,NAN,NAN,SIN_NUMERO,NAN,NAN,SIN_NUMERO,NAN,0.0,0.0,0.0,0.0,nan,nan,False,20260921-COBRIZA-XRD50UFDR-001-A
2749,20260921,8,40,70,258,2,B,0.0,0.0,0.0,NAN,NAN,SIN_NUMERO,NAN,NAN,SIN_NUMERO,NAN,0.0,0.0,0.0,0.0,nan,nan,False,20260921-COBRIZA-XRD50UFDR-001-B
2750,20260922,8,40,70,258,2,A,0.0,0.0,0.0,NAN,NAN,SIN_NUMERO,NAN,NAN,SIN_NUMERO,NAN,0.0,0.0,0.0,0.0,nan,nan,False,20260922-COBRIZA-XRD50UFDR-001-A
2751,20260922,8,40,70,258,2,B,0.0,0.0,0.0,NAN,NAN,SIN_NUMERO,NAN,NAN,SIN_NUMERO,NAN,0.0,0.0,0.0,0.0,nan,nan,False,20260922-COBRIZA-XRD50UFDR-001-B
2752,20260923,8,40,70,258,2,A,0.0,0.0,0.0,NAN,NAN,SIN_NUMERO,NAN,NAN,SIN_NUMERO,NAN,0.0,0.0,0.0,0.0,nan,nan,False,20260923-COBRIZA-XRD50UFDR-001-A
2753,20260923,8,40,70,258,2,B,0.0,0.0,0.0,NAN,NAN,SIN_NUMERO,NAN,NAN,SIN_NUMERO,NAN,0.0,0.0,0.0,0.0,nan,nan,False,20260923-COBRIZA-XRD50UFDR-001-B
2754,20260924,8,40,70,258,2,A,0.0,0.0,0.0,NAN,NAN,SIN_NUMERO,NAN,NAN,SIN_NUMERO,NAN,0.0,0.0,0.0,0.0,nan,nan,False,20260924-COBRIZA-XRD50UFDR-001-A
2755,20260924,8,40,70,258,2,B,0.0,0.0,0.0,NAN,NAN,SIN_NUMERO,NAN,NAN,SIN_NUMERO,NAN,0.0,0.0,0.0,0.0,nan,nan,False,20260924-COBRIZA-XRD50UFDR-001-B
2756,20260925,8,40,70,258,2,A,0.0,0.0,0.0,NAN,NAN,SIN_NUMERO,NAN,NAN,SIN_NUMERO,NAN,0.0,0.0,0.0,0.0,nan,nan,False,20260925-COBRIZA-XRD50UFDR-001-A
2757,20260925,8,40,70,258,2,B,0.0,0.0,0.0,NAN,NAN,SIN_NUMERO,NAN,NAN,SIN_NUMERO,NAN,0.0,0.0,0.0,0.0,nan,nan,False,20260925-COBRIZA-XRD50UFDR-001-B
2758,20260826,8,34,7,68,1,A,0.0,7.9,7.9,HARDCORE,X8,433068,USADO,HARDCORE,185969,USADO,0.0,0.0,4.1,0.0,MINERAL,"Se descarga tuberia y se coloca en caballetes, se desinstala maquina, se cambia de punto, se perfora para perno central, se inicia con la perforación.",False,20260826-COBRIZA-XLM75UFDR-003-A
2759,20260826,8,34,7,34,1,B,7.9,22.5,14.6,HARDCORE,X8,433068,USADO,HARDCORE,185969,USADO,0.0,0.0,0.0,0.0,PIZARRA MUY FRACTURADO,"Se continúa con la perforación terreno pizarra fracturado, se tiene problemas con la unidad de rotación fuga de aceite hidraulico, se acondiciona manometro de agua.",False,20260826-COBRIZA-XLM75UFDR-003-B
2760,20260827,8,34,7,68,1,A,22.5,42.1,19.6,HARDCORE,X8,433068,USADO,HARDCORE,185969,USADO,0.0,0.0,6.6,0.0,PIZARRA MUY FRACTURADO,Se continúa con la perforación terreno pizarra muy fracturado.,False,20260827-COBRIZA-XLM75UFDR-003-A
2761,20260827,8,34,7,34,1,B,42.1,54.6,12.5,HARDCORE,X8,426763,NUEVO,HARDCORE,185969,USADO,0.0,0.0,0.0,0.0,PIZARRA MUY FRACTURADO,"Se carga tuberias con broca nueva, se continúa con la perforación terreno pizarra miuy fracturado, se hcae maniobras de tuberias por problemas de cabezal.",False,20260827-COBRIZA-XLM75UFDR-003-B
2762,20260828,8,34,7,68,1,A,54.6,70.0,15.4,HARDCORE,X8,426763,USADO,HARDCORE,185969,USADO,0.0,0.0,6.7,0.0,PIZARRA MUY FRACTURADO,Se continúa con normalidad la perforación terreno pizarra muy fracturado.,False,20260828-COBRIZA-XLM75UFDR-003-A
2763,20260828,8,34,7,34,1,B,70.0,100.5,30.5,HARDCORE,X8,426763,USADO,HARDCORE,185969,USADO,0.0,0.0,0.0,0.0,PIZARRA/MINERALIZADO,"Se continúa con la perforación terreno pizarra y mineralizado, se hace maniobras para evaluar broca.",False,20260828-COBRIZA-XLM75UFDR-003-B
2764,20260829,8,34,7,68,1,A,100.5,129.0,28.5,HARDCORE,X8,426763,USADO,HARDCORE,185969,USADO,0.0,0.0,7.0,0.0,PIZARRA FRACTURADO,Se continúa con normalidad la perforación terreno mineral,False,20260829-COBRIZA-XLM75UFDR-003-A
2765,20260829,8,34,7,34,1,B,129.0,154.5,25.5,HARDCORE,X8,426763,USADO,HARDCORE,185969,USADO,0.0,0.0,0.0,0.0,PIZARRA FRACTURADO,"Se prepara fluido para acondicionar sondaje, se continúa la perforación terreno pizarra",False,20260829-COBRIZA-XLM75UFDR-003-B
2766,20260830,8,34,11,68,1,A,0.0,15.5,15.5,HARDCORE,X10,2602018,NUEVO,HARDCORE,185969,USADO,0.0,0.0,4.7,0.0,MINERAL,"Mecánico realiza cambio de manguera, se realiza medición de desviación, se descarga tubería, se coloca en su rumbo, se perfora perno de anclaje y se inicia la perforación",False,20260830-COBRIZA-XLM75UFDR-003-A
2767,20260830,8,34,11,34,1,B,15.5,36.5,21.0,HARDCORE,X10,2602018,USADO,HARDCORE,185969,USADO,0.0,0.0,0.0,0.0,PIZARRA FRACTURADO,"Se prepara fluido para acondicionar sondaje, se continúa la perforación terreno pizarra, mecánico realiza cambio de spool de bomba de agua, se limpia cuneta de lodos",False,20260830-COBRIZA-XLM75UFDR-003-B
2768,20260831,8,34,11,68,1,A,36.5,59.6,23.1,HARDCORE,X10,2602018,USADO,HARDCORE,185969,USADO,0.0,0.0,6.6,0.0,PIZARRA MUY FRACTURADO,Se continúa la perforación con normalidad terreno pizarra muy fracturado,False,20260831-COBRIZA-XLM75UFDR-003-A
2769,20260831,8,34,11,34,1,B,59.6,69.3,9.7,HARDCORE,X10,2602018,USADO,HARDCORE,185969,USADO,0.0,0.0,0.0,0.0,PIZARRA MUY FRACTURADO,"Se descarga tubería para el cambio de broca, se carga tubería , se estabiliza sondaje y se continúa la perforación terreno pizarra fracturado, se deja descargado la tubería para revisar broca",False,20260831-COBRIZA-XLM75UFDR-003-B
2770,20260901,8,34,11,258,2,A,0.0,0.0,0.0,NAN,NAN,SIN_NUMERO,NAN,NAN,SIN_NUMERO,NAN,0.0,0.0,0.0,0.0,nan,nan,False,20260901-COBRIZA-XLM75UFDR-003-A
2771,20260901,8,34,70,258,2,B,0.0,0.0,0.0,NAN,NAN,SIN_NUMERO,NAN,NAN,SIN_NUMERO,NAN,0.0,0.0,0.0,0.0,nan,nan,False,20260901-COBRIZA-XLM75UFDR-003-B
2772,20260902,8,34,70,258,2,A,0.0,0.0,0.0,NAN,NAN,SIN_NUMERO,NAN,NAN,SIN_NUMERO,NAN,0.0,0.0,0.0,0.0,nan,nan,False,20260902-COBRIZA-XLM75UFDR-003-A
2773,20260902,8,34,70,258,2,B,0.0,0.0,0.0,NAN,NAN,SIN_NUMERO,NAN,NAN,SIN_NUMERO,NAN,0.0,0.0,0.0,0.0,nan,nan,False,20260902-COBRIZA-XLM75UFDR-003-B
2774,20260903,8,34,70,258,2,A,0.0,0.0,0.0,NAN,NAN,SIN_NUMERO,NAN,NAN,SIN_NUMERO,NAN,0.0,0.0,0.0,0.0,nan,nan,False,20260903-COBRIZA-XLM75UFDR-003-A
2775,20260903,8,34,70,258,2,B,0.0,0.0,0.0,NAN,NAN,SIN_NUMERO,NAN,NAN,SIN_NUMERO,NAN,0.0,0.0,0.0,0.0,nan,nan,False,20260903-COBRIZA-XLM75UFDR-003-B
2776,20260904,8,34,70,258,2,A,0.0,0.0,0.0,NAN,NAN,SIN_NUMERO,NAN,NAN,SIN_NUMERO,NAN,0.0,0.0,0.0,0.0,nan,nan,False,20260904-COBRIZA-XLM75UFDR-003-A
2777,20260904,8,34,70,258,2,B,0.0,0.0,0.0,NAN,NAN,SIN_NUMERO,NAN,NAN,SIN_NUMERO,NAN,0.0,0.0,0.0,0.0,nan,nan,False,20260904-COBRIZA-XLM75UFDR-003-B
2778,20260905,8,34,70,258,2,A,0.0,0.0,0.0,NAN,NAN,SIN_NUMERO,NAN,NAN,SIN_NUMERO,NAN,0.0,0.0,0.0,0.0,nan,nan,False,20260905-COBRIZA-XLM75UFDR-003-A
2779,20260905,8,34,70,258,2,B,0.0,0.0,0.0,NAN,NAN,SIN_NUMERO,NAN,NAN,SIN_NUMERO,NAN,0.0,0.0,0.0,0.0,nan,nan,False,20260905-COBRIZA-XLM75UFDR-003-B
2780,20260906,8,34,70,258,2,A,0.0,0.0,0.0,NAN,NAN,SIN_NUMERO,NAN,NAN,SIN_NUMERO,NAN,0.0,0.0,0.0,0.0,nan,nan,False,20260906-COBRIZA-XLM75UFDR-003-A
2781,20260906,8,34,70,258,2,B,0.0,0.0,0.0,NAN,NAN,SIN_NUMERO,NAN,NAN,SIN_NUMERO,NAN,0.0,0.0,0.0,0.0,nan,nan,False,20260906-COBRIZA-XLM75UFDR-003-B
2782,20260907,8,34,70,258,2,A,0.0,0.0,0.0,NAN,NAN,SIN_NUMERO,NAN,NAN,SIN_NUMERO,NAN,0.0,0.0,0.0,0.0,nan,nan,False,20260907-COBRIZA-XLM75UFDR-003-A
2783,20260907,8,34,70,258,2,B,0.0,0.0,0.0,NAN,NAN,SIN_NUMERO,NAN,NAN,SIN_NUMERO,NAN,0.0,0.0,0.0,0.0,nan,nan,False,20260907-COBRIZA-XLM75UFDR-003-B
2784,20260908,8,34,70,258,2,A,0.0,0.0,0.0,NAN,NAN,SIN_NUMERO,NAN,NAN,SIN_NUMERO,NAN,0.0,0.0,0.0,0.0,nan,nan,False,20260908-COBRIZA-XLM75UFDR-003-A
2785,20260908,8,34,70,258,2,B,0.0,0.0,0.0,NAN,NAN,SIN_NUMERO,NAN,NAN,SIN_NUMERO,NAN,0.0,0.0,0.0,0.0,nan,nan,False,20260908-COBRIZA-XLM75UFDR-003-B
2786,20260909,8,34,70,258,2,A,0.0,0.0,0.0,NAN,NAN,SIN_NUMERO,NAN,NAN,SIN_NUMERO,NAN,0.0,0.0,0.0,0.0,nan,nan,False,20260909-COBRIZA-XLM75UFDR-003-A
2787,20260909,8,34,70,258,2,B,0.0,0.0,0.0,NAN,NAN,SIN_NUMERO,NAN,NAN,SIN_NUMERO,NAN,0.0,0.0,0.0,0.0,nan,nan,False,20260909-COBRIZA-XLM75UFDR-003-B
2788,20260910,8,34,70,258,2,A,0.0,0.0,0.0,NAN,NAN,SIN_NUMERO,NAN,NAN,SIN_NUMERO,NAN,0.0,0.0,0.0,0.0,nan,nan,False,20260910-COBRIZA-XLM75UFDR-003-A
2789,20260910,8,34,70,258,2,B,0.0,0.0,0.0,NAN,NAN,SIN_NUMERO,NAN,NAN,SIN_NUMERO,NAN,0.0,0.0,0.0,0.0,nan,nan,False,20260910-COBRIZA-XLM75UFDR-003-B
2790,20260911,8,34,70,258,2,A,0.0,0.0,0.0,NAN,NAN,SIN_NUMERO,NAN,NAN,SIN_NUMERO,NAN,0.0,0.0,0.0,0.0,nan,nan,False,20260911-COBRIZA-XLM75UFDR-003-A
2791,20260911,8,34,70,258,2,B,0.0,0.0,0.0,NAN,NAN,SIN_NUMERO,NAN,NAN,SIN_NUMERO,NAN,0.0,0.0,0.0,0.0,nan,nan,False,20260911-COBRIZA-XLM75UFDR-003-B
2792,20260912,8,34,70,258,2,A,0.0,0.0,0.0,NAN,NAN,SIN_NUMERO,NAN,NAN,SIN_NUMERO,NAN,0.0,0.0,0.0,0.0,nan,nan,False,20260912-COBRIZA-XLM75UFDR-003-A
2793,20260912,8,34,70,258,2,B,0.0,0.0,0.0,NAN,NAN,SIN_NUMERO,NAN,NAN,SIN_NUMERO,NAN,0.0,0.0,0.0,0.0,nan,nan,False,20260912-COBRIZA-XLM75UFDR-003-B
2794,20260913,8,34,70,258,2,A,0.0,0.0,0.0,NAN,NAN,SIN_NUMERO,NAN,NAN,SIN_NUMERO,NAN,0.0,0.0,0.0,0.0,nan,nan,False,20260913-COBRIZA-XLM75UFDR-003-A
2795,20260913,8,34,70,258,2,B,0.0,0.0,0.0,NAN,NAN,SIN_NUMERO,NAN,NAN,SIN_NUMERO,NAN,0.0,0.0,0.0,0.0,nan,nan,False,20260913-COBRIZA-XLM75UFDR-003-B
2796,20260914,8,34,70,258,2,A,0.0,0.0,0.0,NAN,NAN,SIN_NUMERO,NAN,NAN,SIN_NUMERO,NAN,0.0,0.0,0.0,0.0,nan,nan,False,20260914-COBRIZA-XLM75UFDR-003-A
2797,20260914,8,34,70,258,2,B,0.0,0.0,0.0,NAN,NAN,SIN_NUMERO,NAN,NAN,SIN_NUMERO,NAN,0.0,0.0,0.0,0.0,nan,nan,False,20260914-COBRIZA-XLM75UFDR-003-B
2798,20260915,8,34,70,258,2,A,0.0,0.0,0.0,NAN,NAN,SIN_NUMERO,NAN,NAN,SIN_NUMERO,NAN,0.0,0.0,0.0,0.0,nan,nan,False,20260915-COBRIZA-XLM75UFDR-003-A
2799,20260915,8,34,70,258,2,B,0.0,0.0,0.0,NAN,NAN,SIN_NUMERO,NAN,NAN,SIN_NUMERO,NAN,0.0,0.0,0.0,0.0,nan,nan,False,20260915-COBRIZA-XLM75UFDR-003-B
2800,20260916,8,34,70,258,2,A,0.0,0.0,0.0,NAN,NAN,SIN_NUMERO,NAN,NAN,SIN_NUMERO,NAN,0.0,0.0,0.0,0.0,nan,nan,False,20260916-COBRIZA-XLM75UFDR-003-A
2801,20260916,8,34,70,258,2,B,0.0,0.0,0.0,NAN,NAN,SIN_NUMERO,NAN,NAN,SIN_NUMERO,NAN,0.0,0.0,0.0,0.0,nan,nan,False,20260916-COBRIZA-XLM75UFDR-003-B
2802,20260917,8,34,70,258,2,A,0.0,0.0,0.0,NAN,NAN,SIN_NUMERO,NAN,NAN,SIN_NUMERO,NAN,0.0,0.0,0.0,0.0,nan,nan,False,20260917-COBRIZA-XLM75UFDR-003-A
2803,20260917,8,34,70,258,2,B,0.0,0.0,0.0,NAN,NAN,SIN_NUMERO,NAN,NAN,SIN_NUMERO,NAN,0.0,0.0,0.0,0.0,nan,nan,False,20260917-COBRIZA-XLM75UFDR-003-B
2804,20260918,8,34,70,258,2,A,0.0,0.0,0.0,NAN,NAN,SIN_NUMERO,NAN,NAN,SIN_NUMERO,NAN,0.0,0.0,0.0,0.0,nan,nan,False,20260918-COBRIZA-XLM75UFDR-003-A
2805,20260918,8,34,70,258,2,B,0.0,0.0,0.0,NAN,NAN,SIN_NUMERO,NAN,NAN,SIN_NUMERO,NAN,0.0,0.0,0.0,0.0,nan,nan,False,20260918-COBRIZA-XLM75UFDR-003-B
2806,20260919,8,34,70,258,2,A,0.0,0.0,0.0,NAN,NAN,SIN_NUMERO,NAN,NAN,SIN_NUMERO,NAN,0.0,0.0,0.0,0.0,nan,nan,False,20260919-COBRIZA-XLM75UFDR-003-A
2807,20260919,8,34,70,258,2,B,0.0,0.0,0.0,NAN,NAN,SIN_NUMERO,NAN,NAN,SIN_NUMERO,NAN,0.0,0.0,0.0,0.0,nan,nan,False,20260919-COBRIZA-XLM75UFDR-003-B
2808,20260920,8,34,70,258,2,A,0.0,0.0,0.0,NAN,NAN,SIN_NUMERO,NAN,NAN,SIN_NUMERO,NAN,0.0,0.0,0.0,0.0,nan,nan,False,20260920-COBRIZA-XLM75UFDR-003-A
2809,20260920,8,34,70,258,2,B,0.0,0.0,0.0,NAN,NAN,SIN_NUMERO,NAN,NAN,SIN_NUMERO,NAN,0.0,0.0,0.0,0.0,nan,nan,False,20260920-COBRIZA-XLM75UFDR-003-B
2810,20260921,8,34,70,258,2,A,0.0,0.0,0.0,NAN,NAN,SIN_NUMERO,NAN,NAN,SIN_NUMERO,NAN,0.0,0.0,0.0,0.0,nan,nan,False,20260921-COBRIZA-XLM75UFDR-003-A
2811,20260921,8,34,70,258,2,B,0.0,0.0,0.0,NAN,NAN,SIN_NUMERO,NAN,NAN,SIN_NUMERO,NAN,0.0,0.0,0.0,0.0,nan,nan,False,20260921-COBRIZA-XLM75UFDR-003-B
2812,20260922,8,34,70,258,2,A,0.0,0.0,0.0,NAN,NAN,SIN_NUMERO,NAN,NAN,SIN_NUMERO,NAN,0.0,0.0,0.0,0.0,nan,nan,False,20260922-COBRIZA-XLM75UFDR-003-A
2813,20260922,8,34,70,258,2,B,0.0,0.0,0.0,NAN,NAN,SIN_NUMERO,NAN,NAN,SIN_NUMERO,NAN,0.0,0.0,0.0,0.0,nan,nan,False,20260922-COBRIZA-XLM75UFDR-003-B
2814,20260923,8,34,70,258,2,A,0.0,0.0,0.0,NAN,NAN,SIN_NUMERO,NAN,NAN,SIN_NUMERO,NAN,0.0,0.0,0.0,0.0,nan,nan,False,20260923-COBRIZA-XLM75UFDR-003-A
2815,20260923,8,34,70,258,2,B,0.0,0.0,0.0,NAN,NAN,SIN_NUMERO,NAN,NAN,SIN_NUMERO,NAN,0.0,0.0,0.0,0.0,nan,nan,False,20260923-COBRIZA-XLM75UFDR-003-B
2816,20260924,8,34,70,258,2,A,0.0,0.0,0.0,NAN,NAN,SIN_NUMERO,NAN,NAN,SIN_NUMERO,NAN,0.0,0.0,0.0,0.0,nan,nan,False,20260924-COBRIZA-XLM75UFDR-003-A
2817,20260924,8,34,70,258,2,B,0.0,0.0,0.0,NAN,NAN,SIN_NUMERO,NAN,NAN,SIN_NUMERO,NAN,0.0,0.0,0.0,0.0,nan,nan,False,20260924-COBRIZA-XLM75UFDR-003-B
2818,20260925,8,34,70,258,2,A,0.0,0.0,0.0,NAN,NAN,SIN_NUMERO,NAN,NAN,SIN_NUMERO,NAN,0.0,0.0,0.0,0.0,nan,nan,False,20260925-COBRIZA-XLM75UFDR-003-A
2819,20260925,8,34,70,258,2,B,0.0,0.0,0.0,NAN,NAN,SIN_NUMERO,NAN,NAN,SIN_NUMERO,NAN,0.0,0.0,0.0,0.0,nan,nan,False,20260925-COBRIZA-XLM75UFDR-003-B
2820,20260826,8,42,8,67,2,A,0.0,0.0,0.0,HARDCORE,X10,433204,USADO,HARDCORE,181829,USADO,0.0,0.0,1.65,0.0,nan,"Se realiza medición de desviación, se descarga tuberias de NQ, se evacua por acumulación de monoxido y polvo, se retira casing de HQ.",False,20260826-COBRIZA-XRD80USS-006-A
2821,20260826,8,42,8,358,2,B,0.0,0.0,0.0,NAN,NAN,SIN_NUMERO,NAN,NAN,SIN_NUMERO,NAN,0.0,0.0,0.0,0.0,nan,"Se cambio de punto, se saca un paralelo de 2.70 m., se perfora para perno central, se estandariza la cámara.",False,20260826-COBRIZA-XRD80USS-006-B
2822,20260827,8,42,8,67,2,A,0.0,21.0,21.0,HARDCORE,X8,433172,NUEVO,HARDCORE,182965,USADO,0.0,0.0,5.91,0.0,PIZARRA MUY FRACTURADO,"Se continúa con la perforación con corel barel, se llega al terreno arenisca y se decsarga y carga tuberia, con tricono, se evacua por ingreso de scoop.",False,20260827-COBRIZA-XRD80USS-006-A
2823,20260827,8,42,8,358,2,B,21.0,27.0,6.0,HARDCORE,X8,433172,USADO,HARDCORE,182965,USADO,0.0,0.0,0.0,0.0,TRICONO,"Se carga tuberia con broca nueva, se asienta casing HQ hasta los 21 mt., se carga tuberia de NQ con tricono , se continúa con la perforación con tricono , se cambia mordaza de HQ, se evacua por acumulacion d epolvo.",False,20260827-COBRIZA-XRD80USS-006-B
2824,20260828,8,42,8,67,3,A,27.0,48.0,21.0,HARDCORE,X10,433204,USADO,HARDCORE,181829,USADO,0.0,0.0,4.6,0.0,PIZARRA MUY FRACTURADO,"Se rima el HQ hasta el collar , se continúa con la perforación con tricono terreno arenisca suelto.",False,20260828-COBRIZA-XRD80USS-006-A
2825,20260828,8,42,8,358,3,B,48.0,60.0,12.0,HARDCORE,X10,433204,USADO,HARDCORE,181829,USADO,0.0,0.0,0.0,0.0,TRICONO,"Se rima casing HQ desde 24 m a 39 m, se continúa perforado con tricono.",False,20260828-COBRIZA-XRD80USS-006-B
2826,20260829,8,42,8,67,2,A,60.0,73.1,13.1,HARDCORE,X8,433172,USADO,HARDCORE,182965,USADO,0.0,0.0,6.54,0.0,PIZARRA FRACTURADO,"Se descarga tricono con NQ y se carga con broca barel, se continúa con la perforación terreno pizarra fracturado.",False,20260829-COBRIZA-XRD80USS-006-A
2827,20260829,8,42,8,67,3,A,73.1,73.1,0.0,HARDCORE,X8,433234,NUEVO,HARDCORE,181829,USADO,0.0,0.0,0.0,0.0,nan,"Se descarga tricono con NQ y se carga con broca barel, se continúa con la perforación terreno pizarra fracturado.",False,20260829-COBRIZA-XRD80USS-006-A
2828,20260829,8,42,8,358,3,B,73.1,84.7,11.6,HARDCORE,X8,439181,NUEVO,HARDCORE,181829,USADO,0.0,0.0,0.0,0.0,PIZARRA FRACTURADO,"Se descarga tubería para cmabio de broca por desgaste, se carga tubería con broca nueva, se continúa la perforación terreno pizarra fracturado, a fin de guardia se deja descargado la tubería",False,20260829-COBRIZA-XRD80USS-006-B
2829,20260830,8,42,8,67,3,A,84.7,101.0,16.3,HARDCORE,X8,439181,USADO,HARDCORE,181829,USADO,0.0,0.0,5.84,0.0,PIZARRA MUY FRACTURADO,"Se carga la tubería y se continúa la perforación terreno pizarra muy fracturado, se evacúa de la cámara por acumulación de polvo mi monoxido",False,20260830-COBRIZA-XRD80USS-006-A
2830,20260830,8,42,8,358,3,B,101.0,135.1,34.1,HARDCORE,X8,439181,USADO,HARDCORE,181829,USADO,0.0,0.0,0.0,0.0,PIZARRA FRACTURADO,"Se acondiciona sondaje y se continúa la perforación, problemas con el rod holder, y mecanico cambia valvula  de bola, se mueve casing",False,20260830-COBRIZA-XRD80USS-006-B
2831,20260831,8,42,8,67,3,A,135.1,152.9,17.8,HARDCORE,X8,439181,USADO,HARDCORE,181829,USADO,0.0,0.0,5.46,0.0,PIZARRA FRACTURADO,"Se continúa la perforación terreno mineral, se pasa una falla a los 152m, se pierde retorno al 100%, se descarga las tuberías por presión de agua y se evidencia broca desgastado",False,20260831-COBRIZA-XRD80USS-006-A
2832,20260831,8,42,8,358,3,B,152.9,158.1,5.2,HARDCORE,X8,439181,USADO,HARDCORE,181829,USADO,0.0,0.0,0.0,0.0,PIZARRA FRACTURADO,"Se carga tubería con broca usada para recuperar dientes y cuerpo de la broca, se realiza maniobras de tubería, se acondiciona sondaje y se continúa la perforación",False,20260831-COBRIZA-XRD80USS-006-B
2833,20260901,8,42,8,258,2,A,0.0,0.0,0.0,NAN,NAN,SIN_NUMERO,NAN,NAN,SIN_NUMERO,NAN,0.0,0.0,0.0,0.0,nan,nan,False,20260901-COBRIZA-XRD80USS-006-A
2834,20260901,8,42,70,258,2,B,0.0,0.0,0.0,NAN,NAN,SIN_NUMERO,NAN,NAN,SIN_NUMERO,NAN,0.0,0.0,0.0,0.0,nan,nan,False,20260901-COBRIZA-XRD80USS-006-B
2835,20260902,8,42,70,258,2,A,0.0,0.0,0.0,NAN,NAN,SIN_NUMERO,NAN,NAN,SIN_NUMERO,NAN,0.0,0.0,0.0,0.0,nan,nan,False,20260902-COBRIZA-XRD80USS-006-A
2836,20260902,8,42,70,258,2,B,0.0,0.0,0.0,NAN,NAN,SIN_NUMERO,NAN,NAN,SIN_NUMERO,NAN,0.0,0.0,0.0,0.0,nan,nan,False,20260902-COBRIZA-XRD80USS-006-B
2837,20260903,8,42,70,258,2,A,0.0,0.0,0.0,NAN,NAN,SIN_NUMERO,NAN,NAN,SIN_NUMERO,NAN,0.0,0.0,0.0,0.0,nan,nan,False,20260903-COBRIZA-XRD80USS-006-A
2838,20260903,8,42,70,258,2,B,0.0,0.0,0.0,NAN,NAN,SIN_NUMERO,NAN,NAN,SIN_NUMERO,NAN,0.0,0.0,0.0,0.0,nan,nan,False,20260903-COBRIZA-XRD80USS-006-B
2839,20260904,8,42,70,258,2,A,0.0,0.0,0.0,NAN,NAN,SIN_NUMERO,NAN,NAN,SIN_NUMERO,NAN,0.0,0.0,0.0,0.0,nan,nan,False,20260904-COBRIZA-XRD80USS-006-A
2840,20260904,8,42,70,258,2,B,0.0,0.0,0.0,NAN,NAN,SIN_NUMERO,NAN,NAN,SIN_NUMERO,NAN,0.0,0.0,0.0,0.0,nan,nan,False,20260904-COBRIZA-XRD80USS-006-B
2841,20260905,8,42,70,258,2,A,0.0,0.0,0.0,NAN,NAN,SIN_NUMERO,NAN,NAN,SIN_NUMERO,NAN,0.0,0.0,0.0,0.0,nan,nan,False,20260905-COBRIZA-XRD80USS-006-A
2842,20260905,8,42,70,258,2,B,0.0,0.0,0.0,NAN,NAN,SIN_NUMERO,NAN,NAN,SIN_NUMERO,NAN,0.0,0.0,0.0,0.0,nan,nan,False,20260905-COBRIZA-XRD80USS-006-B
2843,20260906,8,42,70,258,2,A,0.0,0.0,0.0,NAN,NAN,SIN_NUMERO,NAN,NAN,SIN_NUMERO,NAN,0.0,0.0,0.0,0.0,nan,nan,False,20260906-COBRIZA-XRD80USS-006-A
2844,20260906,8,42,70,258,2,B,0.0,0.0,0.0,NAN,NAN,SIN_NUMERO,NAN,NAN,SIN_NUMERO,NAN,0.0,0.0,0.0,0.0,nan,nan,False,20260906-COBRIZA-XRD80USS-006-B
2845,20260907,8,42,70,258,2,A,0.0,0.0,0.0,NAN,NAN,SIN_NUMERO,NAN,NAN,SIN_NUMERO,NAN,0.0,0.0,0.0,0.0,nan,nan,False,20260907-COBRIZA-XRD80USS-006-A
2846,20260907,8,42,70,258,2,B,0.0,0.0,0.0,NAN,NAN,SIN_NUMERO,NAN,NAN,SIN_NUMERO,NAN,0.0,0.0,0.0,0.0,nan,nan,False,20260907-COBRIZA-XRD80USS-006-B
2847,20260908,8,42,70,258,2,A,0.0,0.0,0.0,NAN,NAN,SIN_NUMERO,NAN,NAN,SIN_NUMERO,NAN,0.0,0.0,0.0,0.0,nan,nan,False,20260908-COBRIZA-XRD80USS-006-A
2848,20260908,8,42,70,258,2,B,0.0,0.0,0.0,NAN,NAN,SIN_NUMERO,NAN,NAN,SIN_NUMERO,NAN,0.0,0.0,0.0,0.0,nan,nan,False,20260908-COBRIZA-XRD80USS-006-B
2849,20260909,8,42,70,258,2,A,0.0,0.0,0.0,NAN,NAN,SIN_NUMERO,NAN,NAN,SIN_NUMERO,NAN,0.0,0.0,0.0,0.0,nan,nan,False,20260909-COBRIZA-XRD80USS-006-A
2850,20260909,8,42,70,258,2,B,0.0,0.0,0.0,NAN,NAN,SIN_NUMERO,NAN,NAN,SIN_NUMERO,NAN,0.0,0.0,0.0,0.0,nan,nan,False,20260909-COBRIZA-XRD80USS-006-B
2851,20260910,8,42,70,258,2,A,0.0,0.0,0.0,NAN,NAN,SIN_NUMERO,NAN,NAN,SIN_NUMERO,NAN,0.0,0.0,0.0,0.0,nan,nan,False,20260910-COBRIZA-XRD80USS-006-A
2852,20260910,8,42,70,258,2,B,0.0,0.0,0.0,NAN,NAN,SIN_NUMERO,NAN,NAN,SIN_NUMERO,NAN,0.0,0.0,0.0,0.0,nan,nan,False,20260910-COBRIZA-XRD80USS-006-B
2853,20260911,8,42,70,258,2,A,0.0,0.0,0.0,NAN,NAN,SIN_NUMERO,NAN,NAN,SIN_NUMERO,NAN,0.0,0.0,0.0,0.0,nan,nan,False,20260911-COBRIZA-XRD80USS-006-A
2854,20260911,8,42,70,258,2,B,0.0,0.0,0.0,NAN,NAN,SIN_NUMERO,NAN,NAN,SIN_NUMERO,NAN,0.0,0.0,0.0,0.0,nan,nan,False,20260911-COBRIZA-XRD80USS-006-B
2855,20260912,8,42,70,258,2,A,0.0,0.0,0.0,NAN,NAN,SIN_NUMERO,NAN,NAN,SIN_NUMERO,NAN,0.0,0.0,0.0,0.0,nan,nan,False,20260912-COBRIZA-XRD80USS-006-A
2856,20260912,8,42,70,258,2,B,0.0,0.0,0.0,NAN,NAN,SIN_NUMERO,NAN,NAN,SIN_NUMERO,NAN,0.0,0.0,0.0,0.0,nan,nan,False,20260912-COBRIZA-XRD80USS-006-B
2857,20260913,8,42,70,258,2,A,0.0,0.0,0.0,NAN,NAN,SIN_NUMERO,NAN,NAN,SIN_NUMERO,NAN,0.0,0.0,0.0,0.0,nan,nan,False,20260913-COBRIZA-XRD80USS-006-A
2858,20260913,8,42,70,258,2,B,0.0,0.0,0.0,NAN,NAN,SIN_NUMERO,NAN,NAN,SIN_NUMERO,NAN,0.0,0.0,0.0,0.0,nan,nan,False,20260913-COBRIZA-XRD80USS-006-B
2859,20260914,8,42,70,258,2,A,0.0,0.0,0.0,NAN,NAN,SIN_NUMERO,NAN,NAN,SIN_NUMERO,NAN,0.0,0.0,0.0,0.0,nan,nan,False,20260914-COBRIZA-XRD80USS-006-A
2860,20260914,8,42,70,258,2,B,0.0,0.0,0.0,NAN,NAN,SIN_NUMERO,NAN,NAN,SIN_NUMERO,NAN,0.0,0.0,0.0,0.0,nan,nan,False,20260914-COBRIZA-XRD80USS-006-B
2861,20260915,8,42,70,258,2,A,0.0,0.0,0.0,NAN,NAN,SIN_NUMERO,NAN,NAN,SIN_NUMERO,NAN,0.0,0.0,0.0,0.0,nan,nan,False,20260915-COBRIZA-XRD80USS-006-A
2862,20260915,8,42,70,258,2,B,0.0,0.0,0.0,NAN,NAN,SIN_NUMERO,NAN,NAN,SIN_NUMERO,NAN,0.0,0.0,0.0,0.0,nan,nan,False,20260915-COBRIZA-XRD80USS-006-B
2863,20260916,8,42,70,258,2,A,0.0,0.0,0.0,NAN,NAN,SIN_NUMERO,NAN,NAN,SIN_NUMERO,NAN,0.0,0.0,0.0,0.0,nan,nan,False,20260916-COBRIZA-XRD80USS-006-A
2864,20260916,8,42,70,258,2,B,0.0,0.0,0.0,NAN,NAN,SIN_NUMERO,NAN,NAN,SIN_NUMERO,NAN,0.0,0.0,0.0,0.0,nan,nan,False,20260916-COBRIZA-XRD80USS-006-B
2865,20260917,8,42,70,258,2,A,0.0,0.0,0.0,NAN,NAN,SIN_NUMERO,NAN,NAN,SIN_NUMERO,NAN,0.0,0.0,0.0,0.0,nan,nan,False,20260917-COBRIZA-XRD80USS-006-A
2866,20260917,8,42,70,258,2,B,0.0,0.0,0.0,NAN,NAN,SIN_NUMERO,NAN,NAN,SIN_NUMERO,NAN,0.0,0.0,0.0,0.0,nan,nan,False,20260917-COBRIZA-XRD80USS-006-B
2867,20260918,8,42,70,258,2,A,0.0,0.0,0.0,NAN,NAN,SIN_NUMERO,NAN,NAN,SIN_NUMERO,NAN,0.0,0.0,0.0,0.0,nan,nan,False,20260918-COBRIZA-XRD80USS-006-A
2868,20260918,8,42,70,258,2,B,0.0,0.0,0.0,NAN,NAN,SIN_NUMERO,NAN,NAN,SIN_NUMERO,NAN,0.0,0.0,0.0,0.0,nan,nan,False,20260918-COBRIZA-XRD80USS-006-B
2869,20260919,8,42,70,258,2,A,0.0,0.0,0.0,NAN,NAN,SIN_NUMERO,NAN,NAN,SIN_NUMERO,NAN,0.0,0.0,0.0,0.0,nan,nan,False,20260919-COBRIZA-XRD80USS-006-A
2870,20260919,8,42,70,258,2,B,0.0,0.0,0.0,NAN,NAN,SIN_NUMERO,NAN,NAN,SIN_NUMERO,NAN,0.0,0.0,0.0,0.0,nan,nan,False,20260919-COBRIZA-XRD80USS-006-B
2871,20260920,8,42,70,258,2,A,0.0,0.0,0.0,NAN,NAN,SIN_NUMERO,NAN,NAN,SIN_NUMERO,NAN,0.0,0.0,0.0,0.0,nan,nan,False,20260920-COBRIZA-XRD80USS-006-A
2872,20260920,8,42,70,258,2,B,0.0,0.0,0.0,NAN,NAN,SIN_NUMERO,NAN,NAN,SIN_NUMERO,NAN,0.0,0.0,0.0,0.0,nan,nan,False,20260920-COBRIZA-XRD80USS-006-B
2873,20260921,8,42,70,258,2,A,0.0,0.0,0.0,NAN,NAN,SIN_NUMERO,NAN,NAN,SIN_NUMERO,NAN,0.0,0.0,0.0,0.0,nan,nan,False,20260921-COBRIZA-XRD80USS-006-A
2874,20260921,8,42,70,258,2,B,0.0,0.0,0.0,NAN,NAN,SIN_NUMERO,NAN,NAN,SIN_NUMERO,NAN,0.0,0.0,0.0,0.0,nan,nan,False,20260921-COBRIZA-XRD80USS-006-B
2875,20260922,8,42,70,258,2,A,0.0,0.0,0.0,NAN,NAN,SIN_NUMERO,NAN,NAN,SIN_NUMERO,NAN,0.0,0.0,0.0,0.0,nan,nan,False,20260922-COBRIZA-XRD80USS-006-A
2876,20260922,8,42,70,258,2,B,0.0,0.0,0.0,NAN,NAN,SIN_NUMERO,NAN,NAN,SIN_NUMERO,NAN,0.0,0.0,0.0,0.0,nan,nan,False,20260922-COBRIZA-XRD80USS-006-B
2877,20260923,8,42,70,258,2,A,0.0,0.0,0.0,NAN,NAN,SIN_NUMERO,NAN,NAN,SIN_NUMERO,NAN,0.0,0.0,0.0,0.0,nan,nan,False,20260923-COBRIZA-XRD80USS-006-A
2878,20260923,8,42,70,258,2,B,0.0,0.0,0.0,NAN,NAN,SIN_NUMERO,NAN,NAN,SIN_NUMERO,NAN,0.0,0.0,0.0,0.0,nan,nan,False,20260923-COBRIZA-XRD80USS-006-B
2879,20260924,8,42,70,258,2,A,0.0,0.0,0.0,NAN,NAN,SIN_NUMERO,NAN,NAN,SIN_NUMERO,NAN,0.0,0.0,0.0,0.0,nan,nan,False,20260924-COBRIZA-XRD80USS-006-A
2880,20260924,8,42,70,258,2,B,0.0,0.0,0.0,NAN,NAN,SIN_NUMERO,NAN,NAN,SIN_NUMERO,NAN,0.0,0.0,0.0,0.0,nan,nan,False,20260924-COBRIZA-XRD80USS-006-B
2881,20260925,8,42,70,258,2,A,0.0,0.0,0.0,NAN,NAN,SIN_NUMERO,NAN,NAN,SIN_NUMERO,NAN,0.0,0.0,0.0,0.0,nan,nan,False,20260925-COBRIZA-XRD80USS-006-A
2882,20260925,8,42,70,258,2,B,0.0,0.0,0.0,NAN,NAN,SIN_NUMERO,NAN,NAN,SIN_NUMERO,NAN,0.0,0.0,0.0,0.0,nan,nan,False,20260925-COBRIZA-XRD80USS-006-B
2883,20260826,8,36,6,302,3,A,39.0,49.3,10.3,HARDCORE,X8,439179,USADO,HARDCORE,194479,USADO,0.0,0.0,2.0,0.0,nan,"Se continúa con la perforación terreno pizarra fracturado, se tiene problemas con el sistema hidraulico hasta fin de guardia.",False,20260826-COBRIZA-XRD125USS-001-A
2884,20260826,8,36,6,247,3,B,49.3,61.2,11.9,HARDCORE,X8,439179,USADO,HARDCORE,194479,USADO,0.0,0.0,0.0,0.0,PIZAZRRA FRACTURADO,"él mencanico realiza mantenimiento correctivo de la bomba hydraulico, se continúa con la perforación terreno pizarra fracturado.",False,20260826-COBRIZA-XRD125USS-001-B
2885,20260827,8,36,6,302,3,A,61.2,82.5,21.3,HARDCORE,X8,439179,USADO,HARDCORE,194479,USADO,0.0,0.0,6.0,0.0,PIZAZRRA FRACTURADO,"Se continúa con la perforación terreno pizarra fracturado, se realiza desate de rocas.",False,20260827-COBRIZA-XRD125USS-001-A
2886,20260827,8,36,6,247,3,B,82.5,104.3,21.8,HARDCORE,X8,439179,USADO,HARDCORE,194479,USADO,0.0,0.0,0.0,0.0,PIZARRA FRACTURADO,"Se tiene problemas de agua hasta las 2:30 am , se continúa con la perforación terreno pizarra fracturado.",False,20260827-COBRIZA-XRD125USS-001-B
2887,20260828,8,36,6,302,3,A,104.3,113.8,9.5,HARDCORE,X8,439179,USADO,HARDCORE,194479,USADO,0.0,0.0,2.7,0.0,PIZARRA FRACTURADO,"Se tiene cortes de agua por 3 horas, se continúa con la perforación terreno pizarra fracturado.",False,20260828-COBRIZA-XRD125USS-001-A
2888,20260828,8,36,6,247,3,B,113.8,127.1,13.3,HARDCORE,X8,439179,USADO,HARDCORE,194479,USADO,0.0,0.0,0.0,0.0,PIZARRA FRACTURADO,"No se tuvo agua hasta las 2 am, se apoaya a servicios a dar solución, se contiúa con la perforación teereno pizarra fracturado.",False,20260828-COBRIZA-XRD125USS-001-B
2889,20260829,8,36,6,302,3,A,127.1,141.7,14.6,HARDCORE,X8,439179,USADO,HARDCORE,194479,USADO,0.0,0.0,6.0,0.0,PIZARRA FRACTURADO,"Se continúa con la perforación terreno pizarra fracturado, se descarga tuberia para cambio de broca.",False,20260829-COBRIZA-XRD125USS-001-A
2890,20260829,8,36,6,247,3,B,141.7,168.0,26.3,HARDCORE,X8,433340,NUEVO,HARDCORE,194479,USADO,0.0,0.0,0.0,0.0,PIZARRA FRACTURADO/MINERAL,"Se carga tubería, se llega al tope y se continúa la perforación terreno pizarra, a partir de los 151m se corta terreno mineral",False,20260829-COBRIZA-XRD125USS-001-B
2891,20260830,8,36,6,302,3,A,168.0,196.4,28.4,HARDCORE,X8,433340,USADO,HARDCORE,194479,USADO,0.0,0.0,5.9,0.0,MINERAL/PIZARRA FRACTURADO,Se continúa la perforación terreno mineralizado hasta los 183.5m y luego pizarra fracturado,False,20260830-COBRIZA-XRD125USS-001-A
2892,20260830,8,36,12,247,3,B,0.0,0.0,0.0,HARDCORE,X8,433340,USADO,HARDCORE,194479,USADO,0.0,0.0,0.0,0.0,nan,"Se descarga tubería y se traslada a caballete, se mueve a su punto y se coloca en paralelo  por estar pegado al astial pero aun falta espacio y máquina queda en horizontal",False,20260830-COBRIZA-XRD125USS-001-B
2893,20260831,8,36,12,302,3,A,0.0,0.0,0.0,NAN,NAN,SIN_NUMERO,NAN,NAN,SIN_NUMERO,NAN,0.0,0.0,0.3,0.0,nan,"Se mueve la maquina al pto 34, no cierra la guarda en la inclinación, se tiene problemas en el espacio para el trabajo de los ayudantes, se requiere replanteo de punto",False,20260831-COBRIZA-XRD125USS-001-A
2894,20260831,8,36,12,247,3,B,0.0,7.8,7.8,HARDCORE,X8,433340,USADO,HARDCORE,194479,USADO,0.0,0.0,0.0,0.0,PIZARRA FRACTURADO,"Se alinea la máquina , se saca un paralelo , se estandariza cámara y se hace orden y limpieza, se perfora perno central y se inicia la perforación",False,20260831-COBRIZA-XRD125USS-001-B
2895,20260901,8,36,12,258,2,A,0.0,0.0,0.0,NAN,NAN,SIN_NUMERO,NAN,NAN,SIN_NUMERO,NAN,0.0,0.0,0.0,0.0,nan,nan,False,20260901-COBRIZA-XRD125USS-001-A
2896,20260901,8,36,70,258,2,B,0.0,0.0,0.0,NAN,NAN,SIN_NUMERO,NAN,NAN,SIN_NUMERO,NAN,0.0,0.0,0.0,0.0,nan,nan,False,20260901-COBRIZA-XRD125USS-001-B
2897,20260902,8,36,70,258,2,A,0.0,0.0,0.0,NAN,NAN,SIN_NUMERO,NAN,NAN,SIN_NUMERO,NAN,0.0,0.0,0.0,0.0,nan,nan,False,20260902-COBRIZA-XRD125USS-001-A
2898,20260902,8,36,70,258,2,B,0.0,0.0,0.0,NAN,NAN,SIN_NUMERO,NAN,NAN,SIN_NUMERO,NAN,0.0,0.0,0.0,0.0,nan,nan,False,20260902-COBRIZA-XRD125USS-001-B
2899,20260903,8,36,70,258,2,A,0.0,0.0,0.0,NAN,NAN,SIN_NUMERO,NAN,NAN,SIN_NUMERO,NAN,0.0,0.0,0.0,0.0,nan,nan,False,20260903-COBRIZA-XRD125USS-001-A
2900,20260903,8,36,70,258,2,B,0.0,0.0,0.0,NAN,NAN,SIN_NUMERO,NAN,NAN,SIN_NUMERO,NAN,0.0,0.0,0.0,0.0,nan,nan,False,20260903-COBRIZA-XRD125USS-001-B
2901,20260904,8,36,70,258,2,A,0.0,0.0,0.0,NAN,NAN,SIN_NUMERO,NAN,NAN,SIN_NUMERO,NAN,0.0,0.0,0.0,0.0,nan,nan,False,20260904-COBRIZA-XRD125USS-001-A
2902,20260904,8,36,70,258,2,B,0.0,0.0,0.0,NAN,NAN,SIN_NUMERO,NAN,NAN,SIN_NUMERO,NAN,0.0,0.0,0.0,0.0,nan,nan,False,20260904-COBRIZA-XRD125USS-001-B
2903,20260905,8,36,70,258,2,A,0.0,0.0,0.0,NAN,NAN,SIN_NUMERO,NAN,NAN,SIN_NUMERO,NAN,0.0,0.0,0.0,0.0,nan,nan,False,20260905-COBRIZA-XRD125USS-001-A
2904,20260905,8,36,70,258,2,B,0.0,0.0,0.0,NAN,NAN,SIN_NUMERO,NAN,NAN,SIN_NUMERO,NAN,0.0,0.0,0.0,0.0,nan,nan,False,20260905-COBRIZA-XRD125USS-001-B
2905,20260906,8,36,70,258,2,A,0.0,0.0,0.0,NAN,NAN,SIN_NUMERO,NAN,NAN,SIN_NUMERO,NAN,0.0,0.0,0.0,0.0,nan,nan,False,20260906-COBRIZA-XRD125USS-001-A
2906,20260906,8,36,70,258,2,B,0.0,0.0,0.0,NAN,NAN,SIN_NUMERO,NAN,NAN,SIN_NUMERO,NAN,0.0,0.0,0.0,0.0,nan,nan,False,20260906-COBRIZA-XRD125USS-001-B
2907,20260907,8,36,70,258,2,A,0.0,0.0,0.0,NAN,NAN,SIN_NUMERO,NAN,NAN,SIN_NUMERO,NAN,0.0,0.0,0.0,0.0,nan,nan,False,20260907-COBRIZA-XRD125USS-001-A
2908,20260907,8,36,70,258,2,B,0.0,0.0,0.0,NAN,NAN,SIN_NUMERO,NAN,NAN,SIN_NUMERO,NAN,0.0,0.0,0.0,0.0,nan,nan,False,20260907-COBRIZA-XRD125USS-001-B
2909,20260908,8,36,70,258,2,A,0.0,0.0,0.0,NAN,NAN,SIN_NUMERO,NAN,NAN,SIN_NUMERO,NAN,0.0,0.0,0.0,0.0,nan,nan,False,20260908-COBRIZA-XRD125USS-001-A
2910,20260908,8,36,70,258,2,B,0.0,0.0,0.0,NAN,NAN,SIN_NUMERO,NAN,NAN,SIN_NUMERO,NAN,0.0,0.0,0.0,0.0,nan,nan,False,20260908-COBRIZA-XRD125USS-001-B
2911,20260909,8,36,70,258,2,A,0.0,0.0,0.0,NAN,NAN,SIN_NUMERO,NAN,NAN,SIN_NUMERO,NAN,0.0,0.0,0.0,0.0,nan,nan,False,20260909-COBRIZA-XRD125USS-001-A
2912,20260909,8,36,70,258,2,B,0.0,0.0,0.0,NAN,NAN,SIN_NUMERO,NAN,NAN,SIN_NUMERO,NAN,0.0,0.0,0.0,0.0,nan,nan,False,20260909-COBRIZA-XRD125USS-001-B
2913,20260910,8,36,70,258,2,A,0.0,0.0,0.0,NAN,NAN,SIN_NUMERO,NAN,NAN,SIN_NUMERO,NAN,0.0,0.0,0.0,0.0,nan,nan,False,20260910-COBRIZA-XRD125USS-001-A
2914,20260910,8,36,70,258,2,B,0.0,0.0,0.0,NAN,NAN,SIN_NUMERO,NAN,NAN,SIN_NUMERO,NAN,0.0,0.0,0.0,0.0,nan,nan,False,20260910-COBRIZA-XRD125USS-001-B
2915,20260911,8,36,70,258,2,A,0.0,0.0,0.0,NAN,NAN,SIN_NUMERO,NAN,NAN,SIN_NUMERO,NAN,0.0,0.0,0.0,0.0,nan,nan,False,20260911-COBRIZA-XRD125USS-001-A
2916,20260911,8,36,70,258,2,B,0.0,0.0,0.0,NAN,NAN,SIN_NUMERO,NAN,NAN,SIN_NUMERO,NAN,0.0,0.0,0.0,0.0,nan,nan,False,20260911-COBRIZA-XRD125USS-001-B
2917,20260912,8,36,70,258,2,A,0.0,0.0,0.0,NAN,NAN,SIN_NUMERO,NAN,NAN,SIN_NUMERO,NAN,0.0,0.0,0.0,0.0,nan,nan,False,20260912-COBRIZA-XRD125USS-001-A
2918,20260912,8,36,70,258,2,B,0.0,0.0,0.0,NAN,NAN,SIN_NUMERO,NAN,NAN,SIN_NUMERO,NAN,0.0,0.0,0.0,0.0,nan,nan,False,20260912-COBRIZA-XRD125USS-001-B
2919,20260913,8,36,70,258,2,A,0.0,0.0,0.0,NAN,NAN,SIN_NUMERO,NAN,NAN,SIN_NUMERO,NAN,0.0,0.0,0.0,0.0,nan,nan,False,20260913-COBRIZA-XRD125USS-001-A
2920,20260913,8,36,70,258,2,B,0.0,0.0,0.0,NAN,NAN,SIN_NUMERO,NAN,NAN,SIN_NUMERO,NAN,0.0,0.0,0.0,0.0,nan,nan,False,20260913-COBRIZA-XRD125USS-001-B
2921,20260914,8,36,70,258,2,A,0.0,0.0,0.0,NAN,NAN,SIN_NUMERO,NAN,NAN,SIN_NUMERO,NAN,0.0,0.0,0.0,0.0,nan,nan,False,20260914-COBRIZA-XRD125USS-001-A
2922,20260914,8,36,70,258,2,B,0.0,0.0,0.0,NAN,NAN,SIN_NUMERO,NAN,NAN,SIN_NUMERO,NAN,0.0,0.0,0.0,0.0,nan,nan,False,20260914-COBRIZA-XRD125USS-001-B
2923,20260915,8,36,70,258,2,A,0.0,0.0,0.0,NAN,NAN,SIN_NUMERO,NAN,NAN,SIN_NUMERO,NAN,0.0,0.0,0.0,0.0,nan,nan,False,20260915-COBRIZA-XRD125USS-001-A
2924,20260915,8,36,70,258,2,B,0.0,0.0,0.0,NAN,NAN,SIN_NUMERO,NAN,NAN,SIN_NUMERO,NAN,0.0,0.0,0.0,0.0,nan,nan,False,20260915-COBRIZA-XRD125USS-001-B
2925,20260916,8,36,70,258,2,A,0.0,0.0,0.0,NAN,NAN,SIN_NUMERO,NAN,NAN,SIN_NUMERO,NAN,0.0,0.0,0.0,0.0,nan,nan,False,20260916-COBRIZA-XRD125USS-001-A
2926,20260916,8,36,70,258,2,B,0.0,0.0,0.0,NAN,NAN,SIN_NUMERO,NAN,NAN,SIN_NUMERO,NAN,0.0,0.0,0.0,0.0,nan,nan,False,20260916-COBRIZA-XRD125USS-001-B
2927,20260917,8,36,70,258,2,A,0.0,0.0,0.0,NAN,NAN,SIN_NUMERO,NAN,NAN,SIN_NUMERO,NAN,0.0,0.0,0.0,0.0,nan,nan,False,20260917-COBRIZA-XRD125USS-001-A
2928,20260917,8,36,70,258,2,B,0.0,0.0,0.0,NAN,NAN,SIN_NUMERO,NAN,NAN,SIN_NUMERO,NAN,0.0,0.0,0.0,0.0,nan,nan,False,20260917-COBRIZA-XRD125USS-001-B
2929,20260918,8,36,70,258,2,A,0.0,0.0,0.0,NAN,NAN,SIN_NUMERO,NAN,NAN,SIN_NUMERO,NAN,0.0,0.0,0.0,0.0,nan,nan,False,20260918-COBRIZA-XRD125USS-001-A
2930,20260918,8,36,70,258,2,B,0.0,0.0,0.0,NAN,NAN,SIN_NUMERO,NAN,NAN,SIN_NUMERO,NAN,0.0,0.0,0.0,0.0,nan,nan,False,20260918-COBRIZA-XRD125USS-001-B
2931,20260919,8,36,70,258,2,A,0.0,0.0,0.0,NAN,NAN,SIN_NUMERO,NAN,NAN,SIN_NUMERO,NAN,0.0,0.0,0.0,0.0,nan,nan,False,20260919-COBRIZA-XRD125USS-001-A
2932,20260919,8,36,70,258,2,B,0.0,0.0,0.0,NAN,NAN,SIN_NUMERO,NAN,NAN,SIN_NUMERO,NAN,0.0,0.0,0.0,0.0,nan,nan,False,20260919-COBRIZA-XRD125USS-001-B
2933,20260920,8,36,70,258,2,A,0.0,0.0,0.0,NAN,NAN,SIN_NUMERO,NAN,NAN,SIN_NUMERO,NAN,0.0,0.0,0.0,0.0,nan,nan,False,20260920-COBRIZA-XRD125USS-001-A
2934,20260920,8,36,70,258,2,B,0.0,0.0,0.0,NAN,NAN,SIN_NUMERO,NAN,NAN,SIN_NUMERO,NAN,0.0,0.0,0.0,0.0,nan,nan,False,20260920-COBRIZA-XRD125USS-001-B
2935,20260921,8,36,70,258,2,A,0.0,0.0,0.0,NAN,NAN,SIN_NUMERO,NAN,NAN,SIN_NUMERO,NAN,0.0,0.0,0.0,0.0,nan,nan,False,20260921-COBRIZA-XRD125USS-001-A
2936,20260921,8,36,70,258,2,B,0.0,0.0,0.0,NAN,NAN,SIN_NUMERO,NAN,NAN,SIN_NUMERO,NAN,0.0,0.0,0.0,0.0,nan,nan,False,20260921-COBRIZA-XRD125USS-001-B
2937,20260922,8,36,70,258,2,A,0.0,0.0,0.0,NAN,NAN,SIN_NUMERO,NAN,NAN,SIN_NUMERO,NAN,0.0,0.0,0.0,0.0,nan,nan,False,20260922-COBRIZA-XRD125USS-001-A
2938,20260922,8,36,70,258,2,B,0.0,0.0,0.0,NAN,NAN,SIN_NUMERO,NAN,NAN,SIN_NUMERO,NAN,0.0,0.0,0.0,0.0,nan,nan,False,20260922-COBRIZA-XRD125USS-001-B
2939,20260923,8,36,70,258,2,A,0.0,0.0,0.0,NAN,NAN,SIN_NUMERO,NAN,NAN,SIN_NUMERO,NAN,0.0,0.0,0.0,0.0,nan,nan,False,20260923-COBRIZA-XRD125USS-001-A
2940,20260923,8,36,70,258,2,B,0.0,0.0,0.0,NAN,NAN,SIN_NUMERO,NAN,NAN,SIN_NUMERO,NAN,0.0,0.0,0.0,0.0,nan,nan,False,20260923-COBRIZA-XRD125USS-001-B
2941,20260924,8,36,70,258,2,A,0.0,0.0,0.0,NAN,NAN,SIN_NUMERO,NAN,NAN,SIN_NUMERO,NAN,0.0,0.0,0.0,0.0,nan,nan,False,20260924-COBRIZA-XRD125USS-001-A
2942,20260924,8,36,70,258,2,B,0.0,0.0,0.0,NAN,NAN,SIN_NUMERO,NAN,NAN,SIN_NUMERO,NAN,0.0,0.0,0.0,0.0,nan,nan,False,20260924-COBRIZA-XRD125USS-001-B
2943,20260925,8,36,70,258,2,A,0.0,0.0,0.0,NAN,NAN,SIN_NUMERO,NAN,NAN,SIN_NUMERO,NAN,0.0,0.0,0.0,0.0,nan,nan,False,20260925-COBRIZA-XRD125USS-001-A
2944,20260925,8,36,70,258,2,B,0.0,0.0,0.0,NAN,NAN,SIN_NUMERO,NAN,NAN,SIN_NUMERO,NAN,0.0,0.0,0.0,0.0,nan,nan,False,20260925-COBRIZA-XRD125USS-001-B
2945,20260826,8,37,5,208,2,A,93.9,124.6,30.7,HARDCORE,X8,412609,USADO,HARDCORE,190310,USADO,0.0,0.0,5.6,0.0,PIZARRA FRACTURADO,"Se continúa con la perforación terreno pizarra fracturado, se tiene problemas con accesorios de cabezal.",False,20260826-COBRIZA-XRD150U-008-A
2946,20260826,8,37,5,321,2,B,124.6,136.0,11.4,HARDCORE,X8,412609,USADO,HARDCORE,190310,USADO,0.0,0.0,0.0,0.0,PIZARRA FRACTURADO,Se continúa con la perforación terreno pizarra fracturado.,False,20260826-COBRIZA-XRD150U-008-B
2947,20260827,8,37,5,208,2,A,136.0,143.7,7.7,HARDCORE,X8,412609,USADO,HARDCORE,190310,USADO,0.0,0.0,2.9,0.0,PIZARRA FRACTURADO,"Falta de energia electrica hasta las 4:00 pm, se continúa con la perforación terreno pizarra fracturado, se tiene visita de ocp y osinerming.",False,20260827-COBRIZA-XRD150U-008-A
2948,20260827,8,37,5,321,2,B,143.7,150.3,6.6,HARDCORE,X8,433174,NUEVO,HARDCORE,190310,USADO,0.0,0.0,0.0,0.0,PIZARRA FRACTURADO,"Se continúa con la perforación terreno pizarra fracturado, se descarga tuberia para cambio de broca",False,20260827-COBRIZA-XRD150U-008-B
2949,20260828,8,37,5,208,2,A,150.3,153.9,3.6,HARDCORE,X8,433174,USADO,HARDCORE,190310,USADO,0.0,0.0,1.6,0.0,PIZARRA,"Se continúa con la perforación terreno pizarra, él mecanico interviene por mantenimiento de la unidad de rotación.",False,20260828-COBRIZA-XRD150U-008-A
2950,20260828,8,37,5,321,2,B,153.9,168.1,14.2,HARDCORE,X8,433174,USADO,HARDCORE,190310,USADO,0.0,0.0,0.0,0.0,PIZARRA FRACTURADO,Se continúa con la perforación terreno pizarra frcturado.,False,20260828-COBRIZA-XRD150U-008-B
2951,20260829,8,37,5,208,2,A,168.1,198.2,30.1,HARDCORE,X8,433174,USADO,HARDCORE,190310,USADO,0.0,0.0,6.3,0.0,PIZARRA MINERAL,Se continúa con la perforación terreno pizarra y mineral,False,20260829-COBRIZA-XRD150U-008-A
2952,20260829,8,37,5,321,2,B,198.2,223.5,25.3,HARDCORE,X8,433174,USADO,HARDCORE,190310,USADO,0.0,0.0,0.0,0.0,PIZARRA MINERAL,"Se prepara fluido para acondicionar sondaje, se continúa la perforación terreno pizarra y mineral",False,20260829-COBRIZA-XRD150U-008-B
2953,20260830,8,37,5,208,2,A,223.5,233.9,10.4,HARDCORE,X8,433174,USADO,HARDCORE,190310,USADO,0.0,0.0,4.5,0.0,PIZARRA,"Se continúa la perforación y dan por finalizado, se realiza medición de desviación, se descarga tubería, se desinstala equipo y se coloca en horizontal",False,20260830-COBRIZA-XRD150U-008-A
2954,20260830,8,37,13,321,2,B,0.0,0.0,0.0,HARDCORE,X8,433174,USADO,HARDCORE,190310,USADO,0.0,0.0,0.0,0.0,nan,"Se coloca máquina en siguiente punto, se perfora perno de anclaje, se estandariza cámara al 90%",False,20260830-COBRIZA-XRD150U-008-B
2955,20260831,8,37,13,208,2,A,0.0,0.0,0.0,NAN,NAN,SIN_NUMERO,NAN,NAN,SIN_NUMERO,NAN,0.0,0.0,0.0,0.0,nan,"Se reporta falta de arrancador de ventiladora, se para las operaciones, se apoya al entablado de la máquina 125",False,20260831-COBRIZA-XRD150U-008-A
2956,20260831,8,37,13,321,2,B,0.0,9.0,9.0,HARDCORE,X8,433175,NUEVO,HARDCORE,190310,USADO,0.0,0.0,0.0,0.0,PIZARRA FRACTURADO,Se continúa la perforación terreno pizarra fracturado,False,20260831-COBRIZA-XRD150U-008-B
2957,20260901,8,37,13,258,2,A,0.0,0.0,0.0,NAN,NAN,SIN_NUMERO,NAN,NAN,SIN_NUMERO,NAN,0.0,0.0,0.0,0.0,nan,nan,False,20260901-COBRIZA-XRD150U-008-A
2958,20260901,8,37,70,258,2,B,0.0,0.0,0.0,NAN,NAN,SIN_NUMERO,NAN,NAN,SIN_NUMERO,NAN,0.0,0.0,0.0,0.0,nan,nan,False,20260901-COBRIZA-XRD150U-008-B
2959,20260902,8,37,70,258,2,A,0.0,0.0,0.0,NAN,NAN,SIN_NUMERO,NAN,NAN,SIN_NUMERO,NAN,0.0,0.0,0.0,0.0,nan,nan,False,20260902-COBRIZA-XRD150U-008-A
2960,20260902,8,37,70,258,2,B,0.0,0.0,0.0,NAN,NAN,SIN_NUMERO,NAN,NAN,SIN_NUMERO,NAN,0.0,0.0,0.0,0.0,nan,nan,False,20260902-COBRIZA-XRD150U-008-B
2961,20260903,8,37,70,258,2,A,0.0,0.0,0.0,NAN,NAN,SIN_NUMERO,NAN,NAN,SIN_NUMERO,NAN,0.0,0.0,0.0,0.0,nan,nan,False,20260903-COBRIZA-XRD150U-008-A
2962,20260903,8,37,70,258,2,B,0.0,0.0,0.0,NAN,NAN,SIN_NUMERO,NAN,NAN,SIN_NUMERO,NAN,0.0,0.0,0.0,0.0,nan,nan,False,20260903-COBRIZA-XRD150U-008-B
2963,20260904,8,37,70,258,2,A,0.0,0.0,0.0,NAN,NAN,SIN_NUMERO,NAN,NAN,SIN_NUMERO,NAN,0.0,0.0,0.0,0.0,nan,nan,False,20260904-COBRIZA-XRD150U-008-A
2964,20260904,8,37,70,258,2,B,0.0,0.0,0.0,NAN,NAN,SIN_NUMERO,NAN,NAN,SIN_NUMERO,NAN,0.0,0.0,0.0,0.0,nan,nan,False,20260904-COBRIZA-XRD150U-008-B
2965,20260905,8,37,70,258,2,A,0.0,0.0,0.0,NAN,NAN,SIN_NUMERO,NAN,NAN,SIN_NUMERO,NAN,0.0,0.0,0.0,0.0,nan,nan,False,20260905-COBRIZA-XRD150U-008-A
2966,20260905,8,37,70,258,2,B,0.0,0.0,0.0,NAN,NAN,SIN_NUMERO,NAN,NAN,SIN_NUMERO,NAN,0.0,0.0,0.0,0.0,nan,nan,False,20260905-COBRIZA-XRD150U-008-B
2967,20260906,8,37,70,258,2,A,0.0,0.0,0.0,NAN,NAN,SIN_NUMERO,NAN,NAN,SIN_NUMERO,NAN,0.0,0.0,0.0,0.0,nan,nan,False,20260906-COBRIZA-XRD150U-008-A
2968,20260906,8,37,70,258,2,B,0.0,0.0,0.0,NAN,NAN,SIN_NUMERO,NAN,NAN,SIN_NUMERO,NAN,0.0,0.0,0.0,0.0,nan,nan,False,20260906-COBRIZA-XRD150U-008-B
2969,20260907,8,37,70,258,2,A,0.0,0.0,0.0,NAN,NAN,SIN_NUMERO,NAN,NAN,SIN_NUMERO,NAN,0.0,0.0,0.0,0.0,nan,nan,False,20260907-COBRIZA-XRD150U-008-A
2970,20260907,8,37,70,258,2,B,0.0,0.0,0.0,NAN,NAN,SIN_NUMERO,NAN,NAN,SIN_NUMERO,NAN,0.0,0.0,0.0,0.0,nan,nan,False,20260907-COBRIZA-XRD150U-008-B
2971,20260908,8,37,70,258,2,A,0.0,0.0,0.0,NAN,NAN,SIN_NUMERO,NAN,NAN,SIN_NUMERO,NAN,0.0,0.0,0.0,0.0,nan,nan,False,20260908-COBRIZA-XRD150U-008-A
2972,20260908,8,37,70,258,2,B,0.0,0.0,0.0,NAN,NAN,SIN_NUMERO,NAN,NAN,SIN_NUMERO,NAN,0.0,0.0,0.0,0.0,nan,nan,False,20260908-COBRIZA-XRD150U-008-B
2973,20260909,8,37,70,258,2,A,0.0,0.0,0.0,NAN,NAN,SIN_NUMERO,NAN,NAN,SIN_NUMERO,NAN,0.0,0.0,0.0,0.0,nan,nan,False,20260909-COBRIZA-XRD150U-008-A
2974,20260909,8,37,70,258,2,B,0.0,0.0,0.0,NAN,NAN,SIN_NUMERO,NAN,NAN,SIN_NUMERO,NAN,0.0,0.0,0.0,0.0,nan,nan,False,20260909-COBRIZA-XRD150U-008-B
2975,20260910,8,37,70,258,2,A,0.0,0.0,0.0,NAN,NAN,SIN_NUMERO,NAN,NAN,SIN_NUMERO,NAN,0.0,0.0,0.0,0.0,nan,nan,False,20260910-COBRIZA-XRD150U-008-A
2976,20260910,8,37,70,258,2,B,0.0,0.0,0.0,NAN,NAN,SIN_NUMERO,NAN,NAN,SIN_NUMERO,NAN,0.0,0.0,0.0,0.0,nan,nan,False,20260910-COBRIZA-XRD150U-008-B
2977,20260911,8,37,70,258,2,A,0.0,0.0,0.0,NAN,NAN,SIN_NUMERO,NAN,NAN,SIN_NUMERO,NAN,0.0,0.0,0.0,0.0,nan,nan,False,20260911-COBRIZA-XRD150U-008-A
2978,20260911,8,37,70,258,2,B,0.0,0.0,0.0,NAN,NAN,SIN_NUMERO,NAN,NAN,SIN_NUMERO,NAN,0.0,0.0,0.0,0.0,nan,nan,False,20260911-COBRIZA-XRD150U-008-B
2979,20260912,8,37,70,258,2,A,0.0,0.0,0.0,NAN,NAN,SIN_NUMERO,NAN,NAN,SIN_NUMERO,NAN,0.0,0.0,0.0,0.0,nan,nan,False,20260912-COBRIZA-XRD150U-008-A
2980,20260912,8,37,70,258,2,B,0.0,0.0,0.0,NAN,NAN,SIN_NUMERO,NAN,NAN,SIN_NUMERO,NAN,0.0,0.0,0.0,0.0,nan,nan,False,20260912-COBRIZA-XRD150U-008-B
2981,20260913,8,37,70,258,2,A,0.0,0.0,0.0,NAN,NAN,SIN_NUMERO,NAN,NAN,SIN_NUMERO,NAN,0.0,0.0,0.0,0.0,nan,nan,False,20260913-COBRIZA-XRD150U-008-A
2982,20260913,8,37,70,258,2,B,0.0,0.0,0.0,NAN,NAN,SIN_NUMERO,NAN,NAN,SIN_NUMERO,NAN,0.0,0.0,0.0,0.0,nan,nan,False,20260913-COBRIZA-XRD150U-008-B
2983,20260914,8,37,70,258,2,A,0.0,0.0,0.0,NAN,NAN,SIN_NUMERO,NAN,NAN,SIN_NUMERO,NAN,0.0,0.0,0.0,0.0,nan,nan,False,20260914-COBRIZA-XRD150U-008-A
2984,20260914,8,37,70,258,2,B,0.0,0.0,0.0,NAN,NAN,SIN_NUMERO,NAN,NAN,SIN_NUMERO,NAN,0.0,0.0,0.0,0.0,nan,nan,False,20260914-COBRIZA-XRD150U-008-B
2985,20260915,8,37,70,258,2,A,0.0,0.0,0.0,NAN,NAN,SIN_NUMERO,NAN,NAN,SIN_NUMERO,NAN,0.0,0.0,0.0,0.0,nan,nan,False,20260915-COBRIZA-XRD150U-008-A
2986,20260915,8,37,70,258,2,B,0.0,0.0,0.0,NAN,NAN,SIN_NUMERO,NAN,NAN,SIN_NUMERO,NAN,0.0,0.0,0.0,0.0,nan,nan,False,20260915-COBRIZA-XRD150U-008-B
2987,20260916,8,37,70,258,2,A,0.0,0.0,0.0,NAN,NAN,SIN_NUMERO,NAN,NAN,SIN_NUMERO,NAN,0.0,0.0,0.0,0.0,nan,nan,False,20260916-COBRIZA-XRD150U-008-A
2988,20260916,8,37,70,258,2,B,0.0,0.0,0.0,NAN,NAN,SIN_NUMERO,NAN,NAN,SIN_NUMERO,NAN,0.0,0.0,0.0,0.0,nan,nan,False,20260916-COBRIZA-XRD150U-008-B
2989,20260917,8,37,70,258,2,A,0.0,0.0,0.0,NAN,NAN,SIN_NUMERO,NAN,NAN,SIN_NUMERO,NAN,0.0,0.0,0.0,0.0,nan,nan,False,20260917-COBRIZA-XRD150U-008-A
2990,20260917,8,37,70,258,2,B,0.0,0.0,0.0,NAN,NAN,SIN_NUMERO,NAN,NAN,SIN_NUMERO,NAN,0.0,0.0,0.0,0.0,nan,nan,False,20260917-COBRIZA-XRD150U-008-B
2991,20260918,8,37,70,258,2,A,0.0,0.0,0.0,NAN,NAN,SIN_NUMERO,NAN,NAN,SIN_NUMERO,NAN,0.0,0.0,0.0,0.0,nan,nan,False,20260918-COBRIZA-XRD150U-008-A
2992,20260918,8,37,70,258,2,B,0.0,0.0,0.0,NAN,NAN,SIN_NUMERO,NAN,NAN,SIN_NUMERO,NAN,0.0,0.0,0.0,0.0,nan,nan,False,20260918-COBRIZA-XRD150U-008-B
2993,20260919,8,37,70,258,2,A,0.0,0.0,0.0,NAN,NAN,SIN_NUMERO,NAN,NAN,SIN_NUMERO,NAN,0.0,0.0,0.0,0.0,nan,nan,False,20260919-COBRIZA-XRD150U-008-A
2994,20260919,8,37,70,258,2,B,0.0,0.0,0.0,NAN,NAN,SIN_NUMERO,NAN,NAN,SIN_NUMERO,NAN,0.0,0.0,0.0,0.0,nan,nan,False,20260919-COBRIZA-XRD150U-008-B
2995,20260920,8,37,70,258,2,A,0.0,0.0,0.0,NAN,NAN,SIN_NUMERO,NAN,NAN,SIN_NUMERO,NAN,0.0,0.0,0.0,0.0,nan,nan,False,20260920-COBRIZA-XRD150U-008-A
2996,20260920,8,37,70,258,2,B,0.0,0.0,0.0,NAN,NAN,SIN_NUMERO,NAN,NAN,SIN_NUMERO,NAN,0.0,0.0,0.0,0.0,nan,nan,False,20260920-COBRIZA-XRD150U-008-B
2997,20260921,8,37,70,258,2,A,0.0,0.0,0.0,NAN,NAN,SIN_NUMERO,NAN,NAN,SIN_NUMERO,NAN,0.0,0.0,0.0,0.0,nan,nan,False,20260921-COBRIZA-XRD150U-008-A
2998,20260921,8,37,70,258,2,B,0.0,0.0,0.0,NAN,NAN,SIN_NUMERO,NAN,NAN,SIN_NUMERO,NAN,0.0,0.0,0.0,0.0,nan,nan,False,20260921-COBRIZA-XRD150U-008-B
2999,20260922,8,37,70,258,2,A,0.0,0.0,0.0,NAN,NAN,SIN_NUMERO,NAN,NAN,SIN_NUMERO,NAN,0.0,0.0,0.0,0.0,nan,nan,False,20260922-COBRIZA-XRD150U-008-A
3000,20260922,8,37,70,258,2,B,0.0,0.0,0.0,NAN,NAN,SIN_NUMERO,NAN,NAN,SIN_NUMERO,NAN,0.0,0.0,0.0,0.0,nan,nan,False,20260922-COBRIZA-XRD150U-008-B
3001,20260923,8,37,70,258,2,A,0.0,0.0,0.0,NAN,NAN,SIN_NUMERO,NAN,NAN,SIN_NUMERO,NAN,0.0,0.0,0.0,0.0,nan,nan,False,20260923-COBRIZA-XRD150U-008-A
3002,20260923,8,37,70,258,2,B,0.0,0.0,0.0,NAN,NAN,SIN_NUMERO,NAN,NAN,SIN_NUMERO,NAN,0.0,0.0,0.0,0.0,nan,nan,False,20260923-COBRIZA-XRD150U-008-B
3003,20260924,8,37,70,258,2,A,0.0,0.0,0.0,NAN,NAN,SIN_NUMERO,NAN,NAN,SIN_NUMERO,NAN,0.0,0.0,0.0,0.0,nan,nan,False,20260924-COBRIZA-XRD150U-008-A
3004,20260924,8,37,70,258,2,B,0.0,0.0,0.0,NAN,NAN,SIN_NUMERO,NAN,NAN,SIN_NUMERO,NAN,0.0,0.0,0.0,0.0,nan,nan,False,20260924-COBRIZA-XRD150U-008-B
3005,20260925,8,37,70,258,2,A,0.0,0.0,0.0,NAN,NAN,SIN_NUMERO,NAN,NAN,SIN_NUMERO,NAN,0.0,0.0,0.0,0.0,nan,nan,False,20260925-COBRIZA-XRD150U-008-A
3006,20260925,8,37,70,258,2,B,0.0,0.0,0.0,NAN,NAN,SIN_NUMERO,NAN,NAN,SIN_NUMERO,NAN,0.0,0.0,0.0,0.0,nan,nan,False,20260925-COBRIZA-XRD150U-008-B
3007,20260826,14,69,61,291,2,A,239.7,241.0,1.3,HARDCORE,X8,412629,USADO,HARDCORE,127711,USADO,0.0,0.0,5.0,0.0,nan,"A inicio de guardia se tiene parada de seguridad por la parte de alpayana luego se ingresa , se rellena Iperc , luego se engrasa la maquina y accesorios , se realiza la prueba del nievel freatico , luego se realiza el ensayo de lugeon se cambia la tambora de la maquina , se continua con la perforacion , orden y limpieza.",False,20260826-MOROCOCHA-XRD90USS-005-A
3008,20260826,14,69,61,161,2,B,241.0,248.5,7.5,HARDCORE,X8,412629,USADO,HARDCORE,127711,USADO,0.0,0.0,0.0,0.0,nan,"A inicio de guardia  se rellena Iperc , luego se engrasa la maquina y accesorios ,  a la primera corrida se tiene problemas con la manguera hidraulica del panel  de control , se para las operaciones , se acondiciona de otra maquina y luego secontinua con la perforacion terreno  duro.",False,20260826-MOROCOCHA-XRD90USS-005-B
3009,20260827,14,69,61,291,2,A,248.5,254.8,6.3,HARDCORE,X10,433017,USADO,HARDCORE,127711,USADO,0.0,0.0,4.7,0.0,nan,"A inicio de guardia se rellena Iperc , luego se enrasa la maquina y accesorios , se continua con la perforacion terreno duro , se descarga las tuberias  para cambiarbroca se cambia la broca , se carga tuberia y se continua con la perforacion .",False,20260827-MOROCOCHA-XRD90USS-005-A
3010,20260827,14,69,61,130,2,B,0.0,0.0,0.0,NAN,NAN,SIN_NUMERO,NAN,NAN,SIN_NUMERO,NAN,0.0,0.0,0.0,0.0,nan,Falta de personal,False,20260827-MOROCOCHA-XRD90USS-005-B
3011,20260828,14,69,61,116,2,B,254.8,263.8,9.0,HARDCORE,X10,433017,USADO,HARDCORE,127711,USADO,0.0,0.0,5.0,0.0,nan,"Al inicio de guardia se realiza llenado de herramientas de gestion , se realiza el engrase de maquina y accesorios , lavado de sondaje y se continua con la perforacion con torque elevado , se realiza la mediicon o pruebade nive friatico.",False,20260828-MOROCOCHA-XRD90USS-005-B
3012,20260828,14,69,61,130,2,B,0.0,0.0,0.0,NAN,NAN,SIN_NUMERO,NAN,NAN,SIN_NUMERO,NAN,0.0,0.0,0.0,0.0,nan,Falta de personal,False,20260828-MOROCOCHA-XRD90USS-005-B
3013,20260829,14,69,61,155,2,A,263.8,269.8,6.0,HARDCORE,X10,433017,USADO,HARDCORE,127711,USADO,0.0,0.0,6.0,0.0,nan,"Al inicio de turno se rellena las herramientas de gestion , se engrasa la maquina y accesorios , se descarga 5 tubos para realizar la prueba de nivel friatico y se acondiciona los accesorios para realizar las pruebas de lugeon desde 249.8 mts hasta 263.8 mts PZ-01.cod-01 AZ-80 DIP -20 , se carga l atuberia y se continua perforando con dificultad .",False,20260829-MOROCOCHA-XRD90USS-005-A
3014,20260829,14,69,61,130,2,B,0.0,0.0,0.0,NAN,NAN,SIN_NUMERO,NAN,NAN,SIN_NUMERO,NAN,0.0,0.0,0.0,0.0,nan,Falta de personal,False,20260829-MOROCOCHA-XRD90USS-005-B
3015,20260830,14,69,61,155,2,A,269.8,280.5,10.7,HARDCORE,X10,433017,USADO,HARDCORE,127711,USADO,0.0,0.0,5.0,0.0,nan,Al inicio se rellena herramientas de gestión se engrasa la maquina y accesorios  se realiza la prueba del nivel friatico al inicio de turno se continua perforando terreno volcanico duro hasta fin de turno se realiza orden y limpieza.,False,20260830-MOROCOCHA-XRD90USS-005-A
3016,20260830,14,69,61,130,2,B,0.0,0.0,0.0,NAN,NAN,SIN_NUMERO,NAN,NAN,SIN_NUMERO,NAN,0.0,0.0,0.0,0.0,nan,Falta de personal,False,20260830-MOROCOCHA-XRD90USS-005-B
3017,20260831,14,69,61,155,2,A,280.5,288.7,8.2,HARDCORE,X10,433017,USADO,HARDCORE,127711,USADO,0.0,0.0,5.0,0.0,nan,"Al inicio de guardia se rellena las herramientas de gestion se engrasa la maquina y accesorios , el mecanico realiza el mantenimiento preventivo y correctivo de la bomba de lodos y se continua con la perforacion terreno duro fracturado.",False,20260831-MOROCOCHA-XRD90USS-005-A
3018,20260831,14,69,61,258,2,B,288.7,0.0,0.0,NAN,NAN,SIN_NUMERO,NAN,NAN,SIN_NUMERO,NAN,0.0,0.0,0.0,0.0,nan,Falta de personal,False,20260831-MOROCOCHA-XRD90USS-005-B
3019,20260901,14,69,61,258,2,A,0.0,0.0,0.0,NAN,NAN,SIN_NUMERO,NAN,NAN,SIN_NUMERO,NAN,0.0,0.0,0.0,0.0,nan,nan,False,20260901-MOROCOCHA-XRD90USS-005-A
3020,20260901,14,69,76,258,2,B,0.0,0.0,0.0,NAN,NAN,SIN_NUMERO,NAN,NAN,SIN_NUMERO,NAN,0.0,0.0,0.0,0.0,nan,nan,False,20260901-MOROCOCHA-XRD90USS-005-B
3021,20260902,14,69,76,258,2,A,0.0,0.0,0.0,NAN,NAN,SIN_NUMERO,NAN,NAN,SIN_NUMERO,NAN,0.0,0.0,0.0,0.0,nan,nan,False,20260902-MOROCOCHA-XRD90USS-005-A
3022,20260902,14,69,76,258,2,B,0.0,0.0,0.0,NAN,NAN,SIN_NUMERO,NAN,NAN,SIN_NUMERO,NAN,0.0,0.0,0.0,0.0,nan,nan,False,20260902-MOROCOCHA-XRD90USS-005-B
3023,20260903,14,69,76,258,2,A,0.0,0.0,0.0,NAN,NAN,SIN_NUMERO,NAN,NAN,SIN_NUMERO,NAN,0.0,0.0,0.0,0.0,nan,nan,False,20260903-MOROCOCHA-XRD90USS-005-A
3024,20260903,14,69,76,258,2,B,0.0,0.0,0.0,NAN,NAN,SIN_NUMERO,NAN,NAN,SIN_NUMERO,NAN,0.0,0.0,0.0,0.0,nan,nan,False,20260903-MOROCOCHA-XRD90USS-005-B
3025,20260904,14,69,76,258,2,A,0.0,0.0,0.0,NAN,NAN,SIN_NUMERO,NAN,NAN,SIN_NUMERO,NAN,0.0,0.0,0.0,0.0,nan,nan,False,20260904-MOROCOCHA-XRD90USS-005-A
3026,20260904,14,69,76,258,2,B,0.0,0.0,0.0,NAN,NAN,SIN_NUMERO,NAN,NAN,SIN_NUMERO,NAN,0.0,0.0,0.0,0.0,nan,nan,False,20260904-MOROCOCHA-XRD90USS-005-B
3027,20260905,14,69,76,258,2,A,0.0,0.0,0.0,NAN,NAN,SIN_NUMERO,NAN,NAN,SIN_NUMERO,NAN,0.0,0.0,0.0,0.0,nan,nan,False,20260905-MOROCOCHA-XRD90USS-005-A
3028,20260905,14,69,76,258,2,B,0.0,0.0,0.0,NAN,NAN,SIN_NUMERO,NAN,NAN,SIN_NUMERO,NAN,0.0,0.0,0.0,0.0,nan,nan,False,20260905-MOROCOCHA-XRD90USS-005-B
3029,20260906,14,69,76,258,2,A,0.0,0.0,0.0,NAN,NAN,SIN_NUMERO,NAN,NAN,SIN_NUMERO,NAN,0.0,0.0,0.0,0.0,nan,nan,False,20260906-MOROCOCHA-XRD90USS-005-A
3030,20260906,14,69,76,258,2,B,0.0,0.0,0.0,NAN,NAN,SIN_NUMERO,NAN,NAN,SIN_NUMERO,NAN,0.0,0.0,0.0,0.0,nan,nan,False,20260906-MOROCOCHA-XRD90USS-005-B
3031,20260907,14,69,76,258,2,A,0.0,0.0,0.0,NAN,NAN,SIN_NUMERO,NAN,NAN,SIN_NUMERO,NAN,0.0,0.0,0.0,0.0,nan,nan,False,20260907-MOROCOCHA-XRD90USS-005-A
3032,20260907,14,69,76,258,2,B,0.0,0.0,0.0,NAN,NAN,SIN_NUMERO,NAN,NAN,SIN_NUMERO,NAN,0.0,0.0,0.0,0.0,nan,nan,False,20260907-MOROCOCHA-XRD90USS-005-B
3033,20260908,14,69,76,258,2,A,0.0,0.0,0.0,NAN,NAN,SIN_NUMERO,NAN,NAN,SIN_NUMERO,NAN,0.0,0.0,0.0,0.0,nan,nan,False,20260908-MOROCOCHA-XRD90USS-005-A
3034,20260908,14,69,76,258,2,B,0.0,0.0,0.0,NAN,NAN,SIN_NUMERO,NAN,NAN,SIN_NUMERO,NAN,0.0,0.0,0.0,0.0,nan,nan,False,20260908-MOROCOCHA-XRD90USS-005-B
3035,20260909,14,69,76,258,2,A,0.0,0.0,0.0,NAN,NAN,SIN_NUMERO,NAN,NAN,SIN_NUMERO,NAN,0.0,0.0,0.0,0.0,nan,nan,False,20260909-MOROCOCHA-XRD90USS-005-A
3036,20260909,14,69,76,258,2,B,0.0,0.0,0.0,NAN,NAN,SIN_NUMERO,NAN,NAN,SIN_NUMERO,NAN,0.0,0.0,0.0,0.0,nan,nan,False,20260909-MOROCOCHA-XRD90USS-005-B
3037,20260910,14,69,76,258,2,A,0.0,0.0,0.0,NAN,NAN,SIN_NUMERO,NAN,NAN,SIN_NUMERO,NAN,0.0,0.0,0.0,0.0,nan,nan,False,20260910-MOROCOCHA-XRD90USS-005-A
3038,20260910,14,69,76,258,2,B,0.0,0.0,0.0,NAN,NAN,SIN_NUMERO,NAN,NAN,SIN_NUMERO,NAN,0.0,0.0,0.0,0.0,nan,nan,False,20260910-MOROCOCHA-XRD90USS-005-B
3039,20260911,14,69,76,258,2,A,0.0,0.0,0.0,NAN,NAN,SIN_NUMERO,NAN,NAN,SIN_NUMERO,NAN,0.0,0.0,0.0,0.0,nan,nan,False,20260911-MOROCOCHA-XRD90USS-005-A
3040,20260911,14,69,76,258,2,B,0.0,0.0,0.0,NAN,NAN,SIN_NUMERO,NAN,NAN,SIN_NUMERO,NAN,0.0,0.0,0.0,0.0,nan,nan,False,20260911-MOROCOCHA-XRD90USS-005-B
3041,20260912,14,69,76,258,2,A,0.0,0.0,0.0,NAN,NAN,SIN_NUMERO,NAN,NAN,SIN_NUMERO,NAN,0.0,0.0,0.0,0.0,nan,nan,False,20260912-MOROCOCHA-XRD90USS-005-A
3042,20260912,14,69,76,258,2,B,0.0,0.0,0.0,NAN,NAN,SIN_NUMERO,NAN,NAN,SIN_NUMERO,NAN,0.0,0.0,0.0,0.0,nan,nan,False,20260912-MOROCOCHA-XRD90USS-005-B
3043,20260913,14,69,76,258,2,A,0.0,0.0,0.0,NAN,NAN,SIN_NUMERO,NAN,NAN,SIN_NUMERO,NAN,0.0,0.0,0.0,0.0,nan,nan,False,20260913-MOROCOCHA-XRD90USS-005-A
3044,20260913,14,69,76,258,2,B,0.0,0.0,0.0,NAN,NAN,SIN_NUMERO,NAN,NAN,SIN_NUMERO,NAN,0.0,0.0,0.0,0.0,nan,nan,False,20260913-MOROCOCHA-XRD90USS-005-B
3045,20260914,14,69,76,258,2,A,0.0,0.0,0.0,NAN,NAN,SIN_NUMERO,NAN,NAN,SIN_NUMERO,NAN,0.0,0.0,0.0,0.0,nan,nan,False,20260914-MOROCOCHA-XRD90USS-005-A
3046,20260914,14,69,76,258,2,B,0.0,0.0,0.0,NAN,NAN,SIN_NUMERO,NAN,NAN,SIN_NUMERO,NAN,0.0,0.0,0.0,0.0,nan,nan,False,20260914-MOROCOCHA-XRD90USS-005-B
3047,20260915,14,69,76,258,2,A,0.0,0.0,0.0,NAN,NAN,SIN_NUMERO,NAN,NAN,SIN_NUMERO,NAN,0.0,0.0,0.0,0.0,nan,nan,False,20260915-MOROCOCHA-XRD90USS-005-A
3048,20260915,14,69,76,258,2,B,0.0,0.0,0.0,NAN,NAN,SIN_NUMERO,NAN,NAN,SIN_NUMERO,NAN,0.0,0.0,0.0,0.0,nan,nan,False,20260915-MOROCOCHA-XRD90USS-005-B
3049,20260916,14,69,76,258,2,A,0.0,0.0,0.0,NAN,NAN,SIN_NUMERO,NAN,NAN,SIN_NUMERO,NAN,0.0,0.0,0.0,0.0,nan,nan,False,20260916-MOROCOCHA-XRD90USS-005-A
3050,20260916,14,69,76,258,2,B,0.0,0.0,0.0,NAN,NAN,SIN_NUMERO,NAN,NAN,SIN_NUMERO,NAN,0.0,0.0,0.0,0.0,nan,nan,False,20260916-MOROCOCHA-XRD90USS-005-B
3051,20260917,14,69,76,258,2,A,0.0,0.0,0.0,NAN,NAN,SIN_NUMERO,NAN,NAN,SIN_NUMERO,NAN,0.0,0.0,0.0,0.0,nan,nan,False,20260917-MOROCOCHA-XRD90USS-005-A
3052,20260917,14,69,76,258,2,B,0.0,0.0,0.0,NAN,NAN,SIN_NUMERO,NAN,NAN,SIN_NUMERO,NAN,0.0,0.0,0.0,0.0,nan,nan,False,20260917-MOROCOCHA-XRD90USS-005-B
3053,20260918,14,69,76,258,2,A,0.0,0.0,0.0,NAN,NAN,SIN_NUMERO,NAN,NAN,SIN_NUMERO,NAN,0.0,0.0,0.0,0.0,nan,nan,False,20260918-MOROCOCHA-XRD90USS-005-A
3054,20260918,14,69,76,258,2,B,0.0,0.0,0.0,NAN,NAN,SIN_NUMERO,NAN,NAN,SIN_NUMERO,NAN,0.0,0.0,0.0,0.0,nan,nan,False,20260918-MOROCOCHA-XRD90USS-005-B
3055,20260919,14,69,76,258,2,A,0.0,0.0,0.0,NAN,NAN,SIN_NUMERO,NAN,NAN,SIN_NUMERO,NAN,0.0,0.0,0.0,0.0,nan,nan,False,20260919-MOROCOCHA-XRD90USS-005-A
3056,20260919,14,69,76,258,2,B,0.0,0.0,0.0,NAN,NAN,SIN_NUMERO,NAN,NAN,SIN_NUMERO,NAN,0.0,0.0,0.0,0.0,nan,nan,False,20260919-MOROCOCHA-XRD90USS-005-B
3057,20260920,14,69,76,258,2,A,0.0,0.0,0.0,NAN,NAN,SIN_NUMERO,NAN,NAN,SIN_NUMERO,NAN,0.0,0.0,0.0,0.0,nan,nan,False,20260920-MOROCOCHA-XRD90USS-005-A
3058,20260920,14,69,76,258,2,B,0.0,0.0,0.0,NAN,NAN,SIN_NUMERO,NAN,NAN,SIN_NUMERO,NAN,0.0,0.0,0.0,0.0,nan,nan,False,20260920-MOROCOCHA-XRD90USS-005-B
3059,20260921,14,69,76,258,2,A,0.0,0.0,0.0,NAN,NAN,SIN_NUMERO,NAN,NAN,SIN_NUMERO,NAN,0.0,0.0,0.0,0.0,nan,nan,False,20260921-MOROCOCHA-XRD90USS-005-A
3060,20260921,14,69,76,258,2,B,0.0,0.0,0.0,NAN,NAN,SIN_NUMERO,NAN,NAN,SIN_NUMERO,NAN,0.0,0.0,0.0,0.0,nan,nan,False,20260921-MOROCOCHA-XRD90USS-005-B
3061,20260922,14,69,76,258,2,A,0.0,0.0,0.0,NAN,NAN,SIN_NUMERO,NAN,NAN,SIN_NUMERO,NAN,0.0,0.0,0.0,0.0,nan,nan,False,20260922-MOROCOCHA-XRD90USS-005-A
3062,20260922,14,69,76,258,2,B,0.0,0.0,0.0,NAN,NAN,SIN_NUMERO,NAN,NAN,SIN_NUMERO,NAN,0.0,0.0,0.0,0.0,nan,nan,False,20260922-MOROCOCHA-XRD90USS-005-B
3063,20260923,14,69,76,258,2,A,0.0,0.0,0.0,NAN,NAN,SIN_NUMERO,NAN,NAN,SIN_NUMERO,NAN,0.0,0.0,0.0,0.0,nan,nan,False,20260923-MOROCOCHA-XRD90USS-005-A
3064,20260923,14,69,76,258,2,B,0.0,0.0,0.0,NAN,NAN,SIN_NUMERO,NAN,NAN,SIN_NUMERO,NAN,0.0,0.0,0.0,0.0,nan,nan,False,20260923-MOROCOCHA-XRD90USS-005-B
3065,20260924,14,69,76,258,2,A,0.0,0.0,0.0,NAN,NAN,SIN_NUMERO,NAN,NAN,SIN_NUMERO,NAN,0.0,0.0,0.0,0.0,nan,nan,False,20260924-MOROCOCHA-XRD90USS-005-A
3066,20260924,14,69,76,258,2,B,0.0,0.0,0.0,NAN,NAN,SIN_NUMERO,NAN,NAN,SIN_NUMERO,NAN,0.0,0.0,0.0,0.0,nan,nan,False,20260924-MOROCOCHA-XRD90USS-005-B
3067,20260925,14,69,76,258,2,A,0.0,0.0,0.0,NAN,NAN,SIN_NUMERO,NAN,NAN,SIN_NUMERO,NAN,0.0,0.0,0.0,0.0,nan,nan,False,20260925-MOROCOCHA-XRD90USS-005-A
3068,20260925,14,69,76,258,2,B,0.0,0.0,0.0,NAN,NAN,SIN_NUMERO,NAN,NAN,SIN_NUMERO,NAN,0.0,0.0,0.0,0.0,nan,nan,False,20260925-MOROCOCHA-XRD90USS-005-B
3069,20260826,14,67,63,130,3,A,100.95,100.95,0.0,NAN,NAN,SIN_NUMERO,NAN,NAN,SIN_NUMERO,NAN,0.0,0.0,0.0,0.0,nan,Falta de personal,False,20260826-MOROCOCHA-XRD150USS-002-A
3070,20260826,14,67,63,49,3,B,100.95,131.55,30.6,BOYLES,NG-9AA,634848,USADO,HARDCORE,193925,USADO,0.0,0.0,0.0,0.0,Volcanico,"Se ingresa porpique y se hace monitoreo de gases , se rellena herramientas de gestion y seengrasa la maquina y accesorios , se prepara fluidos para la perforacion , se instala toda la estructura del winche wereline hecho por la maquina XRD-90 , se inicia con la perforación terreno semi compacto.",False,20260826-MOROCOCHA-XRD150USS-002-B
3071,20260827,14,67,63,130,2,A,0.0,0.0,0.0,NAN,NAN,SIN_NUMERO,NAN,NAN,SIN_NUMERO,NAN,0.0,0.0,0.0,0.0,nan,Falta de personal,False,20260827-MOROCOCHA-XRD150USS-002-A
3072,20260827,14,67,63,49,3,B,131.55,169.7,38.15,BOYLES,NG-9AA,634848,USADO,HARDCORE,193925,USADO,0.0,0.0,0.0,0.0,Volcanico,"A inicio de turno se rellena las herramientas de gestión , se hace monitoreo de gases , se engrasa la maquina y accesorios , se prepara fluidos de perforación luego se estabiliza el pozo , se da inicio con la perforación con normalidad terreno semi compacto , se perfora sin retorno de agua toda la guardia.",False,20260827-MOROCOCHA-XRD150USS-002-B
3073,20260828,14,67,63,130,2,A,0.0,0.0,0.0,NAN,NAN,SIN_NUMERO,NAN,NAN,SIN_NUMERO,NAN,0.0,0.0,0.0,0.0,nan,Falta de personal,False,20260828-MOROCOCHA-XRD150USS-002-A
3074,20260828,14,67,63,292,3,B,169.7,186.0,16.3,BOYLES,NG-9AA,634848,USADO,HARDCORE,193925,USADO,0.0,0.0,0.0,0.0,Fracturado,"A inicio se rellena Iperc , luego se engrasa la maquina y accesorios , luego se continua con la perforación terreno fracturado , a fin de guardia se realiza orden y limpieza.",False,20260828-MOROCOCHA-XRD150USS-002-B
3075,20260829,14,67,63,130,2,A,0.0,0.0,0.0,NAN,NAN,SIN_NUMERO,NAN,NAN,SIN_NUMERO,NAN,0.0,0.0,0.0,0.0,nan,Falta de personal,False,20260829-MOROCOCHA-XRD150USS-002-A
3076,20260829,14,67,63,292,3,B,186.0,190.2,4.2,BOYLES,NG-9AA,634848,USADO,HARDCORE,193925,USADO,0.0,0.0,0.0,0.0,Fracturado,"A inicio se rellena Iperc , luego se engrasa la maquina y accesorios ,se encuentra atrapado tuberia y se logra recuperar con dificultad y se descarga para verificar la broca y se carga acondicionando el sondaje tubo por tubo  , desde 150 hasta llega al tope , se evacua por exceso de manoxido de 2:00 a.m hasta 3:00 a.m , se continua con la perforación terreno fracturado.",False,20260829-MOROCOCHA-XRD150USS-002-B
3077,20260830,14,67,63,258,2,A,0.0,0.0,0.0,NAN,NAN,SIN_NUMERO,NAN,NAN,SIN_NUMERO,NAN,0.0,0.0,0.0,0.0,nan,Falta de personal,False,20260830-MOROCOCHA-XRD150USS-002-A
3078,20260830,14,67,63,292,3,B,190.2,202.0,11.8,BOYLES,NG-9AA,634848,USADO,HARDCORE,193925,USADO,0.0,0.0,0.0,0.0,nan,"Al inicio de guardia se rellena IPERC luego se ingresa la maquina y accesorios. Luego se continua con la perforaciòn terreno fracturado se descarga las tuberias y de cambia broca y se carga y se continua con la `perforaciòn, se realiza orden y limpieza.",False,20260830-MOROCOCHA-XRD150USS-002-B
3079,20260831,14,67,63,258,2,A,0.0,0.0,0.0,NAN,NAN,SIN_NUMERO,NAN,NAN,SIN_NUMERO,NAN,0.0,0.0,0.0,0.0,nan,nan,False,20260831-MOROCOCHA-XRD150USS-002-A
3080,20260831,14,67,76,258,2,B,0.0,0.0,0.0,NAN,NAN,SIN_NUMERO,NAN,NAN,SIN_NUMERO,NAN,0.0,0.0,0.0,0.0,nan,nan,False,20260831-MOROCOCHA-XRD150USS-002-B
3081,20260901,14,67,76,258,2,A,0.0,0.0,0.0,NAN,NAN,SIN_NUMERO,NAN,NAN,SIN_NUMERO,NAN,0.0,0.0,0.0,0.0,nan,nan,False,20260901-MOROCOCHA-XRD150USS-002-A
3082,20260901,14,67,76,258,2,B,0.0,0.0,0.0,NAN,NAN,SIN_NUMERO,NAN,NAN,SIN_NUMERO,NAN,0.0,0.0,0.0,0.0,nan,nan,False,20260901-MOROCOCHA-XRD150USS-002-B
3083,20260902,14,67,76,258,2,A,0.0,0.0,0.0,NAN,NAN,SIN_NUMERO,NAN,NAN,SIN_NUMERO,NAN,0.0,0.0,0.0,0.0,nan,nan,False,20260902-MOROCOCHA-XRD150USS-002-A
3084,20260902,14,67,76,258,2,B,0.0,0.0,0.0,NAN,NAN,SIN_NUMERO,NAN,NAN,SIN_NUMERO,NAN,0.0,0.0,0.0,0.0,nan,nan,False,20260902-MOROCOCHA-XRD150USS-002-B
3085,20260903,14,67,76,258,2,A,0.0,0.0,0.0,NAN,NAN,SIN_NUMERO,NAN,NAN,SIN_NUMERO,NAN,0.0,0.0,0.0,0.0,nan,nan,False,20260903-MOROCOCHA-XRD150USS-002-A
3086,20260903,14,67,76,258,2,B,0.0,0.0,0.0,NAN,NAN,SIN_NUMERO,NAN,NAN,SIN_NUMERO,NAN,0.0,0.0,0.0,0.0,nan,nan,False,20260903-MOROCOCHA-XRD150USS-002-B
3087,20260904,14,67,76,258,2,A,0.0,0.0,0.0,NAN,NAN,SIN_NUMERO,NAN,NAN,SIN_NUMERO,NAN,0.0,0.0,0.0,0.0,nan,nan,False,20260904-MOROCOCHA-XRD150USS-002-A
3088,20260904,14,67,76,258,2,B,0.0,0.0,0.0,NAN,NAN,SIN_NUMERO,NAN,NAN,SIN_NUMERO,NAN,0.0,0.0,0.0,0.0,nan,nan,False,20260904-MOROCOCHA-XRD150USS-002-B
3089,20260905,14,67,76,258,2,A,0.0,0.0,0.0,NAN,NAN,SIN_NUMERO,NAN,NAN,SIN_NUMERO,NAN,0.0,0.0,0.0,0.0,nan,nan,False,20260905-MOROCOCHA-XRD150USS-002-A
3090,20260905,14,67,76,258,2,B,0.0,0.0,0.0,NAN,NAN,SIN_NUMERO,NAN,NAN,SIN_NUMERO,NAN,0.0,0.0,0.0,0.0,nan,nan,False,20260905-MOROCOCHA-XRD150USS-002-B
3091,20260906,14,67,76,258,2,A,0.0,0.0,0.0,NAN,NAN,SIN_NUMERO,NAN,NAN,SIN_NUMERO,NAN,0.0,0.0,0.0,0.0,nan,nan,False,20260906-MOROCOCHA-XRD150USS-002-A
3092,20260906,14,67,76,258,2,B,0.0,0.0,0.0,NAN,NAN,SIN_NUMERO,NAN,NAN,SIN_NUMERO,NAN,0.0,0.0,0.0,0.0,nan,nan,False,20260906-MOROCOCHA-XRD150USS-002-B
3093,20260907,14,67,76,258,2,A,0.0,0.0,0.0,NAN,NAN,SIN_NUMERO,NAN,NAN,SIN_NUMERO,NAN,0.0,0.0,0.0,0.0,nan,nan,False,20260907-MOROCOCHA-XRD150USS-002-A
3094,20260907,14,67,76,258,2,B,0.0,0.0,0.0,NAN,NAN,SIN_NUMERO,NAN,NAN,SIN_NUMERO,NAN,0.0,0.0,0.0,0.0,nan,nan,False,20260907-MOROCOCHA-XRD150USS-002-B
3095,20260908,14,67,76,258,2,A,0.0,0.0,0.0,NAN,NAN,SIN_NUMERO,NAN,NAN,SIN_NUMERO,NAN,0.0,0.0,0.0,0.0,nan,nan,False,20260908-MOROCOCHA-XRD150USS-002-A
3096,20260908,14,67,76,258,2,B,0.0,0.0,0.0,NAN,NAN,SIN_NUMERO,NAN,NAN,SIN_NUMERO,NAN,0.0,0.0,0.0,0.0,nan,nan,False,20260908-MOROCOCHA-XRD150USS-002-B
3097,20260909,14,67,76,258,2,A,0.0,0.0,0.0,NAN,NAN,SIN_NUMERO,NAN,NAN,SIN_NUMERO,NAN,0.0,0.0,0.0,0.0,nan,nan,False,20260909-MOROCOCHA-XRD150USS-002-A
3098,20260909,14,67,76,258,2,B,0.0,0.0,0.0,NAN,NAN,SIN_NUMERO,NAN,NAN,SIN_NUMERO,NAN,0.0,0.0,0.0,0.0,nan,nan,False,20260909-MOROCOCHA-XRD150USS-002-B
3099,20260910,14,67,76,258,2,A,0.0,0.0,0.0,NAN,NAN,SIN_NUMERO,NAN,NAN,SIN_NUMERO,NAN,0.0,0.0,0.0,0.0,nan,nan,False,20260910-MOROCOCHA-XRD150USS-002-A
3100,20260910,14,67,76,258,2,B,0.0,0.0,0.0,NAN,NAN,SIN_NUMERO,NAN,NAN,SIN_NUMERO,NAN,0.0,0.0,0.0,0.0,nan,nan,False,20260910-MOROCOCHA-XRD150USS-002-B
3101,20260911,14,67,76,258,2,A,0.0,0.0,0.0,NAN,NAN,SIN_NUMERO,NAN,NAN,SIN_NUMERO,NAN,0.0,0.0,0.0,0.0,nan,nan,False,20260911-MOROCOCHA-XRD150USS-002-A
3102,20260911,14,67,76,258,2,B,0.0,0.0,0.0,NAN,NAN,SIN_NUMERO,NAN,NAN,SIN_NUMERO,NAN,0.0,0.0,0.0,0.0,nan,nan,False,20260911-MOROCOCHA-XRD150USS-002-B
3103,20260912,14,67,76,258,2,A,0.0,0.0,0.0,NAN,NAN,SIN_NUMERO,NAN,NAN,SIN_NUMERO,NAN,0.0,0.0,0.0,0.0,nan,nan,False,20260912-MOROCOCHA-XRD150USS-002-A
3104,20260912,14,67,76,258,2,B,0.0,0.0,0.0,NAN,NAN,SIN_NUMERO,NAN,NAN,SIN_NUMERO,NAN,0.0,0.0,0.0,0.0,nan,nan,False,20260912-MOROCOCHA-XRD150USS-002-B
3105,20260913,14,67,76,258,2,A,0.0,0.0,0.0,NAN,NAN,SIN_NUMERO,NAN,NAN,SIN_NUMERO,NAN,0.0,0.0,0.0,0.0,nan,nan,False,20260913-MOROCOCHA-XRD150USS-002-A
3106,20260913,14,67,76,258,2,B,0.0,0.0,0.0,NAN,NAN,SIN_NUMERO,NAN,NAN,SIN_NUMERO,NAN,0.0,0.0,0.0,0.0,nan,nan,False,20260913-MOROCOCHA-XRD150USS-002-B
3107,20260914,14,67,76,258,2,A,0.0,0.0,0.0,NAN,NAN,SIN_NUMERO,NAN,NAN,SIN_NUMERO,NAN,0.0,0.0,0.0,0.0,nan,nan,False,20260914-MOROCOCHA-XRD150USS-002-A
3108,20260914,14,67,76,258,2,B,0.0,0.0,0.0,NAN,NAN,SIN_NUMERO,NAN,NAN,SIN_NUMERO,NAN,0.0,0.0,0.0,0.0,nan,nan,False,20260914-MOROCOCHA-XRD150USS-002-B
3109,20260915,14,67,76,258,2,A,0.0,0.0,0.0,NAN,NAN,SIN_NUMERO,NAN,NAN,SIN_NUMERO,NAN,0.0,0.0,0.0,0.0,nan,nan,False,20260915-MOROCOCHA-XRD150USS-002-A
3110,20260915,14,67,76,258,2,B,0.0,0.0,0.0,NAN,NAN,SIN_NUMERO,NAN,NAN,SIN_NUMERO,NAN,0.0,0.0,0.0,0.0,nan,nan,False,20260915-MOROCOCHA-XRD150USS-002-B
3111,20260916,14,67,76,258,2,A,0.0,0.0,0.0,NAN,NAN,SIN_NUMERO,NAN,NAN,SIN_NUMERO,NAN,0.0,0.0,0.0,0.0,nan,nan,False,20260916-MOROCOCHA-XRD150USS-002-A
3112,20260916,14,67,76,258,2,B,0.0,0.0,0.0,NAN,NAN,SIN_NUMERO,NAN,NAN,SIN_NUMERO,NAN,0.0,0.0,0.0,0.0,nan,nan,False,20260916-MOROCOCHA-XRD150USS-002-B
3113,20260917,14,67,76,258,2,A,0.0,0.0,0.0,NAN,NAN,SIN_NUMERO,NAN,NAN,SIN_NUMERO,NAN,0.0,0.0,0.0,0.0,nan,nan,False,20260917-MOROCOCHA-XRD150USS-002-A
3114,20260917,14,67,76,258,2,B,0.0,0.0,0.0,NAN,NAN,SIN_NUMERO,NAN,NAN,SIN_NUMERO,NAN,0.0,0.0,0.0,0.0,nan,nan,False,20260917-MOROCOCHA-XRD150USS-002-B
3115,20260918,14,67,76,258,2,A,0.0,0.0,0.0,NAN,NAN,SIN_NUMERO,NAN,NAN,SIN_NUMERO,NAN,0.0,0.0,0.0,0.0,nan,nan,False,20260918-MOROCOCHA-XRD150USS-002-A
3116,20260918,14,67,76,258,2,B,0.0,0.0,0.0,NAN,NAN,SIN_NUMERO,NAN,NAN,SIN_NUMERO,NAN,0.0,0.0,0.0,0.0,nan,nan,False,20260918-MOROCOCHA-XRD150USS-002-B
3117,20260919,14,67,76,258,2,A,0.0,0.0,0.0,NAN,NAN,SIN_NUMERO,NAN,NAN,SIN_NUMERO,NAN,0.0,0.0,0.0,0.0,nan,nan,False,20260919-MOROCOCHA-XRD150USS-002-A
3118,20260919,14,67,76,258,2,B,0.0,0.0,0.0,NAN,NAN,SIN_NUMERO,NAN,NAN,SIN_NUMERO,NAN,0.0,0.0,0.0,0.0,nan,nan,False,20260919-MOROCOCHA-XRD150USS-002-B
3119,20260920,14,67,76,258,2,A,0.0,0.0,0.0,NAN,NAN,SIN_NUMERO,NAN,NAN,SIN_NUMERO,NAN,0.0,0.0,0.0,0.0,nan,nan,False,20260920-MOROCOCHA-XRD150USS-002-A
3120,20260920,14,67,76,258,2,B,0.0,0.0,0.0,NAN,NAN,SIN_NUMERO,NAN,NAN,SIN_NUMERO,NAN,0.0,0.0,0.0,0.0,nan,nan,False,20260920-MOROCOCHA-XRD150USS-002-B
3121,20260921,14,67,76,258,2,A,0.0,0.0,0.0,NAN,NAN,SIN_NUMERO,NAN,NAN,SIN_NUMERO,NAN,0.0,0.0,0.0,0.0,nan,nan,False,20260921-MOROCOCHA-XRD150USS-002-A
3122,20260921,14,67,76,258,2,B,0.0,0.0,0.0,NAN,NAN,SIN_NUMERO,NAN,NAN,SIN_NUMERO,NAN,0.0,0.0,0.0,0.0,nan,nan,False,20260921-MOROCOCHA-XRD150USS-002-B
3123,20260922,14,67,76,258,2,A,0.0,0.0,0.0,NAN,NAN,SIN_NUMERO,NAN,NAN,SIN_NUMERO,NAN,0.0,0.0,0.0,0.0,nan,nan,False,20260922-MOROCOCHA-XRD150USS-002-A
3124,20260922,14,67,76,258,2,B,0.0,0.0,0.0,NAN,NAN,SIN_NUMERO,NAN,NAN,SIN_NUMERO,NAN,0.0,0.0,0.0,0.0,nan,nan,False,20260922-MOROCOCHA-XRD150USS-002-B
3125,20260923,14,67,76,258,2,A,0.0,0.0,0.0,NAN,NAN,SIN_NUMERO,NAN,NAN,SIN_NUMERO,NAN,0.0,0.0,0.0,0.0,nan,nan,False,20260923-MOROCOCHA-XRD150USS-002-A
3126,20260923,14,67,76,258,2,B,0.0,0.0,0.0,NAN,NAN,SIN_NUMERO,NAN,NAN,SIN_NUMERO,NAN,0.0,0.0,0.0,0.0,nan,nan,False,20260923-MOROCOCHA-XRD150USS-002-B
3127,20260924,14,67,76,258,2,A,0.0,0.0,0.0,NAN,NAN,SIN_NUMERO,NAN,NAN,SIN_NUMERO,NAN,0.0,0.0,0.0,0.0,nan,nan,False,20260924-MOROCOCHA-XRD150USS-002-A
3128,20260924,14,67,76,258,2,B,0.0,0.0,0.0,NAN,NAN,SIN_NUMERO,NAN,NAN,SIN_NUMERO,NAN,0.0,0.0,0.0,0.0,nan,nan,False,20260924-MOROCOCHA-XRD150USS-002-B
3129,20260925,14,67,76,258,2,A,0.0,0.0,0.0,NAN,NAN,SIN_NUMERO,NAN,NAN,SIN_NUMERO,NAN,0.0,0.0,0.0,0.0,nan,nan,False,20260925-MOROCOCHA-XRD150USS-002-A
3130,20260925,14,67,76,258,2,B,0.0,0.0,0.0,NAN,NAN,SIN_NUMERO,NAN,NAN,SIN_NUMERO,NAN,0.0,0.0,0.0,0.0,nan,nan,False,20260925-MOROCOCHA-XRD150USS-002-B
3131,20260826,14,68,76,258,2,A,0.0,0.0,0.0,NAN,NAN,SIN_NUMERO,NAN,NAN,SIN_NUMERO,NAN,0.0,0.0,0.0,0.0,nan,Falta de personal,False,20260826-MOROCOCHA-XRD80USS-011-A
3132,20260826,14,68,76,258,2,B,0.0,0.0,0.0,NAN,NAN,SIN_NUMERO,NAN,NAN,SIN_NUMERO,NAN,0.0,0.0,0.0,0.0,nan,Falta de personal,False,20260826-MOROCOCHA-XRD80USS-011-B
3133,20260827,14,68,76,258,2,A,0.0,0.0,0.0,NAN,NAN,SIN_NUMERO,NAN,NAN,SIN_NUMERO,NAN,0.0,0.0,0.0,0.0,nan,Falta de personal,False,20260827-MOROCOCHA-XRD80USS-011-A
3134,20260827,14,68,62,160,3,B,0.0,0.0,0.0,NAN,NAN,SIN_NUMERO,NAN,NAN,SIN_NUMERO,NAN,0.0,0.0,0.0,0.0,nan,"A inicio de guardia se realiza monitoreo de gases y se llena las herramientas de gestión , se traslada tuberia HQ a la nueva camara de la XRD -80 , se desantabla y se hace espacio para mover el botcat , se monta la maquina a la botcat , listo para el traslado.",False,20260827-MOROCOCHA-XRD80USS-011-B
3135,20260828,14,68,62,155,3,A,0.0,0.0,0.0,NAN,NAN,SIN_NUMERO,NAN,NAN,SIN_NUMERO,NAN,0.0,0.0,0.0,0.0,nan,"Al inicio de guardia se rellena las herramientas de gestion y se evacua por mucho monoxido , desde 9:00 hasta 12:00 p.m , luego se ingres se recoge el cable electrico y se posiciona el panel de mando , luego se procede con el traslado a la nueva camara , maquina operativa.",False,20260828-MOROCOCHA-XRD80USS-011-A
3136,20260828,14,68,62,258,2,B,0.0,0.0,0.0,NAN,NAN,SIN_NUMERO,NAN,NAN,SIN_NUMERO,NAN,0.0,0.0,0.0,0.0,nan,Falta de personal,False,20260828-MOROCOCHA-XRD80USS-011-B
3137,20260829,14,68,62,258,2,A,0.0,0.0,0.0,NAN,NAN,SIN_NUMERO,NAN,NAN,SIN_NUMERO,NAN,0.0,0.0,0.0,0.0,nan,Falta de personal,False,20260829-MOROCOCHA-XRD80USS-011-A
3138,20260829,14,68,62,116,3,B,0.0,0.0,0.0,NAN,NAN,SIN_NUMERO,NAN,NAN,SIN_NUMERO,NAN,0.0,0.0,0.0,0.0,nan,"A inicio de guardia se realiza herramientas de gestión , se realiza el traslado de materiales accesorios de perforación se traslada de la camara cx 426 a mina central.",False,20260829-MOROCOCHA-XRD80USS-011-B
3139,20260830,14,68,62,258,2,A,0.0,0.0,0.0,NAN,NAN,SIN_NUMERO,NAN,NAN,SIN_NUMERO,NAN,0.0,0.0,0.0,0.0,nan,Falta de personal,False,20260830-MOROCOCHA-XRD80USS-011-A
3140,20260830,14,68,62,116,3,B,0.0,0.0,0.0,NAN,NAN,SIN_NUMERO,NAN,NAN,SIN_NUMERO,NAN,0.0,0.0,0.0,0.0,nan,"Se llena herramientas de gestiòn, se recupera luminaria y bomba sumergible de la 42 nv. 46, y se traslada a la nueva camara, Se realiza desmontado de la maquina de perforaciòn, se realiza tendido de cable 440.",False,20260830-MOROCOCHA-XRD80USS-011-B
3141,20260831,14,68,62,258,2,A,0.0,0.0,0.0,NAN,NAN,SIN_NUMERO,NAN,NAN,SIN_NUMERO,NAN,0.0,0.0,0.0,0.0,nan,nan,False,20260831-MOROCOCHA-XRD80USS-011-A
3142,20260831,14,68,76,258,2,B,0.0,0.0,0.0,NAN,NAN,SIN_NUMERO,NAN,NAN,SIN_NUMERO,NAN,0.0,0.0,0.0,0.0,nan,nan,False,20260831-MOROCOCHA-XRD80USS-011-B
3143,20260901,14,68,76,258,2,A,0.0,0.0,0.0,NAN,NAN,SIN_NUMERO,NAN,NAN,SIN_NUMERO,NAN,0.0,0.0,0.0,0.0,nan,nan,False,20260901-MOROCOCHA-XRD80USS-011-A
3144,20260901,14,68,76,258,2,B,0.0,0.0,0.0,NAN,NAN,SIN_NUMERO,NAN,NAN,SIN_NUMERO,NAN,0.0,0.0,0.0,0.0,nan,nan,False,20260901-MOROCOCHA-XRD80USS-011-B
3145,20260902,14,68,76,258,2,A,0.0,0.0,0.0,NAN,NAN,SIN_NUMERO,NAN,NAN,SIN_NUMERO,NAN,0.0,0.0,0.0,0.0,nan,nan,False,20260902-MOROCOCHA-XRD80USS-011-A
3146,20260902,14,68,76,258,2,B,0.0,0.0,0.0,NAN,NAN,SIN_NUMERO,NAN,NAN,SIN_NUMERO,NAN,0.0,0.0,0.0,0.0,nan,nan,False,20260902-MOROCOCHA-XRD80USS-011-B
3147,20260903,14,68,76,258,2,A,0.0,0.0,0.0,NAN,NAN,SIN_NUMERO,NAN,NAN,SIN_NUMERO,NAN,0.0,0.0,0.0,0.0,nan,nan,False,20260903-MOROCOCHA-XRD80USS-011-A
3148,20260903,14,68,76,258,2,B,0.0,0.0,0.0,NAN,NAN,SIN_NUMERO,NAN,NAN,SIN_NUMERO,NAN,0.0,0.0,0.0,0.0,nan,nan,False,20260903-MOROCOCHA-XRD80USS-011-B
3149,20260904,14,68,76,258,2,A,0.0,0.0,0.0,NAN,NAN,SIN_NUMERO,NAN,NAN,SIN_NUMERO,NAN,0.0,0.0,0.0,0.0,nan,nan,False,20260904-MOROCOCHA-XRD80USS-011-A
3150,20260904,14,68,76,258,2,B,0.0,0.0,0.0,NAN,NAN,SIN_NUMERO,NAN,NAN,SIN_NUMERO,NAN,0.0,0.0,0.0,0.0,nan,nan,False,20260904-MOROCOCHA-XRD80USS-011-B
3151,20260905,14,68,76,258,2,A,0.0,0.0,0.0,NAN,NAN,SIN_NUMERO,NAN,NAN,SIN_NUMERO,NAN,0.0,0.0,0.0,0.0,nan,nan,False,20260905-MOROCOCHA-XRD80USS-011-A
3152,20260905,14,68,76,258,2,B,0.0,0.0,0.0,NAN,NAN,SIN_NUMERO,NAN,NAN,SIN_NUMERO,NAN,0.0,0.0,0.0,0.0,nan,nan,False,20260905-MOROCOCHA-XRD80USS-011-B
3153,20260906,14,68,76,258,2,A,0.0,0.0,0.0,NAN,NAN,SIN_NUMERO,NAN,NAN,SIN_NUMERO,NAN,0.0,0.0,0.0,0.0,nan,nan,False,20260906-MOROCOCHA-XRD80USS-011-A
3154,20260906,14,68,76,258,2,B,0.0,0.0,0.0,NAN,NAN,SIN_NUMERO,NAN,NAN,SIN_NUMERO,NAN,0.0,0.0,0.0,0.0,nan,nan,False,20260906-MOROCOCHA-XRD80USS-011-B
3155,20260907,14,68,76,258,2,A,0.0,0.0,0.0,NAN,NAN,SIN_NUMERO,NAN,NAN,SIN_NUMERO,NAN,0.0,0.0,0.0,0.0,nan,nan,False,20260907-MOROCOCHA-XRD80USS-011-A
3156,20260907,14,68,76,258,2,B,0.0,0.0,0.0,NAN,NAN,SIN_NUMERO,NAN,NAN,SIN_NUMERO,NAN,0.0,0.0,0.0,0.0,nan,nan,False,20260907-MOROCOCHA-XRD80USS-011-B
3157,20260908,14,68,76,258,2,A,0.0,0.0,0.0,NAN,NAN,SIN_NUMERO,NAN,NAN,SIN_NUMERO,NAN,0.0,0.0,0.0,0.0,nan,nan,False,20260908-MOROCOCHA-XRD80USS-011-A
3158,20260908,14,68,76,258,2,B,0.0,0.0,0.0,NAN,NAN,SIN_NUMERO,NAN,NAN,SIN_NUMERO,NAN,0.0,0.0,0.0,0.0,nan,nan,False,20260908-MOROCOCHA-XRD80USS-011-B
3159,20260909,14,68,76,258,2,A,0.0,0.0,0.0,NAN,NAN,SIN_NUMERO,NAN,NAN,SIN_NUMERO,NAN,0.0,0.0,0.0,0.0,nan,nan,False,20260909-MOROCOCHA-XRD80USS-011-A
3160,20260909,14,68,76,258,2,B,0.0,0.0,0.0,NAN,NAN,SIN_NUMERO,NAN,NAN,SIN_NUMERO,NAN,0.0,0.0,0.0,0.0,nan,nan,False,20260909-MOROCOCHA-XRD80USS-011-B
3161,20260910,14,68,76,258,2,A,0.0,0.0,0.0,NAN,NAN,SIN_NUMERO,NAN,NAN,SIN_NUMERO,NAN,0.0,0.0,0.0,0.0,nan,nan,False,20260910-MOROCOCHA-XRD80USS-011-A
3162,20260910,14,68,76,258,2,B,0.0,0.0,0.0,NAN,NAN,SIN_NUMERO,NAN,NAN,SIN_NUMERO,NAN,0.0,0.0,0.0,0.0,nan,nan,False,20260910-MOROCOCHA-XRD80USS-011-B
3163,20260911,14,68,76,258,2,A,0.0,0.0,0.0,NAN,NAN,SIN_NUMERO,NAN,NAN,SIN_NUMERO,NAN,0.0,0.0,0.0,0.0,nan,nan,False,20260911-MOROCOCHA-XRD80USS-011-A
3164,20260911,14,68,76,258,2,B,0.0,0.0,0.0,NAN,NAN,SIN_NUMERO,NAN,NAN,SIN_NUMERO,NAN,0.0,0.0,0.0,0.0,nan,nan,False,20260911-MOROCOCHA-XRD80USS-011-B
3165,20260912,14,68,76,258,2,A,0.0,0.0,0.0,NAN,NAN,SIN_NUMERO,NAN,NAN,SIN_NUMERO,NAN,0.0,0.0,0.0,0.0,nan,nan,False,20260912-MOROCOCHA-XRD80USS-011-A
3166,20260912,14,68,76,258,2,B,0.0,0.0,0.0,NAN,NAN,SIN_NUMERO,NAN,NAN,SIN_NUMERO,NAN,0.0,0.0,0.0,0.0,nan,nan,False,20260912-MOROCOCHA-XRD80USS-011-B
3167,20260913,14,68,76,258,2,A,0.0,0.0,0.0,NAN,NAN,SIN_NUMERO,NAN,NAN,SIN_NUMERO,NAN,0.0,0.0,0.0,0.0,nan,nan,False,20260913-MOROCOCHA-XRD80USS-011-A
3168,20260913,14,68,76,258,2,B,0.0,0.0,0.0,NAN,NAN,SIN_NUMERO,NAN,NAN,SIN_NUMERO,NAN,0.0,0.0,0.0,0.0,nan,nan,False,20260913-MOROCOCHA-XRD80USS-011-B
3169,20260914,14,68,76,258,2,A,0.0,0.0,0.0,NAN,NAN,SIN_NUMERO,NAN,NAN,SIN_NUMERO,NAN,0.0,0.0,0.0,0.0,nan,nan,False,20260914-MOROCOCHA-XRD80USS-011-A
3170,20260914,14,68,76,258,2,B,0.0,0.0,0.0,NAN,NAN,SIN_NUMERO,NAN,NAN,SIN_NUMERO,NAN,0.0,0.0,0.0,0.0,nan,nan,False,20260914-MOROCOCHA-XRD80USS-011-B
3171,20260915,14,68,76,258,2,A,0.0,0.0,0.0,NAN,NAN,SIN_NUMERO,NAN,NAN,SIN_NUMERO,NAN,0.0,0.0,0.0,0.0,nan,nan,False,20260915-MOROCOCHA-XRD80USS-011-A
3172,20260915,14,68,76,258,2,B,0.0,0.0,0.0,NAN,NAN,SIN_NUMERO,NAN,NAN,SIN_NUMERO,NAN,0.0,0.0,0.0,0.0,nan,nan,False,20260915-MOROCOCHA-XRD80USS-011-B
3173,20260916,14,68,76,258,2,A,0.0,0.0,0.0,NAN,NAN,SIN_NUMERO,NAN,NAN,SIN_NUMERO,NAN,0.0,0.0,0.0,0.0,nan,nan,False,20260916-MOROCOCHA-XRD80USS-011-A
3174,20260916,14,68,76,258,2,B,0.0,0.0,0.0,NAN,NAN,SIN_NUMERO,NAN,NAN,SIN_NUMERO,NAN,0.0,0.0,0.0,0.0,nan,nan,False,20260916-MOROCOCHA-XRD80USS-011-B
3175,20260917,14,68,76,258,2,A,0.0,0.0,0.0,NAN,NAN,SIN_NUMERO,NAN,NAN,SIN_NUMERO,NAN,0.0,0.0,0.0,0.0,nan,nan,False,20260917-MOROCOCHA-XRD80USS-011-A
3176,20260917,14,68,76,258,2,B,0.0,0.0,0.0,NAN,NAN,SIN_NUMERO,NAN,NAN,SIN_NUMERO,NAN,0.0,0.0,0.0,0.0,nan,nan,False,20260917-MOROCOCHA-XRD80USS-011-B
3177,20260918,14,68,76,258,2,A,0.0,0.0,0.0,NAN,NAN,SIN_NUMERO,NAN,NAN,SIN_NUMERO,NAN,0.0,0.0,0.0,0.0,nan,nan,False,20260918-MOROCOCHA-XRD80USS-011-A
3178,20260918,14,68,76,258,2,B,0.0,0.0,0.0,NAN,NAN,SIN_NUMERO,NAN,NAN,SIN_NUMERO,NAN,0.0,0.0,0.0,0.0,nan,nan,False,20260918-MOROCOCHA-XRD80USS-011-B
3179,20260919,14,68,76,258,2,A,0.0,0.0,0.0,NAN,NAN,SIN_NUMERO,NAN,NAN,SIN_NUMERO,NAN,0.0,0.0,0.0,0.0,nan,nan,False,20260919-MOROCOCHA-XRD80USS-011-A
3180,20260919,14,68,76,258,2,B,0.0,0.0,0.0,NAN,NAN,SIN_NUMERO,NAN,NAN,SIN_NUMERO,NAN,0.0,0.0,0.0,0.0,nan,nan,False,20260919-MOROCOCHA-XRD80USS-011-B
3181,20260920,14,68,76,258,2,A,0.0,0.0,0.0,NAN,NAN,SIN_NUMERO,NAN,NAN,SIN_NUMERO,NAN,0.0,0.0,0.0,0.0,nan,nan,False,20260920-MOROCOCHA-XRD80USS-011-A
3182,20260920,14,68,76,258,2,B,0.0,0.0,0.0,NAN,NAN,SIN_NUMERO,NAN,NAN,SIN_NUMERO,NAN,0.0,0.0,0.0,0.0,nan,nan,False,20260920-MOROCOCHA-XRD80USS-011-B
3183,20260921,14,68,76,258,2,A,0.0,0.0,0.0,NAN,NAN,SIN_NUMERO,NAN,NAN,SIN_NUMERO,NAN,0.0,0.0,0.0,0.0,nan,nan,False,20260921-MOROCOCHA-XRD80USS-011-A
3184,20260921,14,68,76,258,2,B,0.0,0.0,0.0,NAN,NAN,SIN_NUMERO,NAN,NAN,SIN_NUMERO,NAN,0.0,0.0,0.0,0.0,nan,nan,False,20260921-MOROCOCHA-XRD80USS-011-B
3185,20260922,14,68,76,258,2,A,0.0,0.0,0.0,NAN,NAN,SIN_NUMERO,NAN,NAN,SIN_NUMERO,NAN,0.0,0.0,0.0,0.0,nan,nan,False,20260922-MOROCOCHA-XRD80USS-011-A
3186,20260922,14,68,76,258,2,B,0.0,0.0,0.0,NAN,NAN,SIN_NUMERO,NAN,NAN,SIN_NUMERO,NAN,0.0,0.0,0.0,0.0,nan,nan,False,20260922-MOROCOCHA-XRD80USS-011-B
3187,20260923,14,68,76,258,2,A,0.0,0.0,0.0,NAN,NAN,SIN_NUMERO,NAN,NAN,SIN_NUMERO,NAN,0.0,0.0,0.0,0.0,nan,nan,False,20260923-MOROCOCHA-XRD80USS-011-A
3188,20260923,14,68,76,258,2,B,0.0,0.0,0.0,NAN,NAN,SIN_NUMERO,NAN,NAN,SIN_NUMERO,NAN,0.0,0.0,0.0,0.0,nan,nan,False,20260923-MOROCOCHA-XRD80USS-011-B
3189,20260924,14,68,76,258,2,A,0.0,0.0,0.0,NAN,NAN,SIN_NUMERO,NAN,NAN,SIN_NUMERO,NAN,0.0,0.0,0.0,0.0,nan,nan,False,20260924-MOROCOCHA-XRD80USS-011-A
3190,20260924,14,68,76,258,2,B,0.0,0.0,0.0,NAN,NAN,SIN_NUMERO,NAN,NAN,SIN_NUMERO,NAN,0.0,0.0,0.0,0.0,nan,nan,False,20260924-MOROCOCHA-XRD80USS-011-B
3191,20260925,14,68,76,258,2,A,0.0,0.0,0.0,NAN,NAN,SIN_NUMERO,NAN,NAN,SIN_NUMERO,NAN,0.0,0.0,0.0,0.0,nan,nan,False,20260925-MOROCOCHA-XRD80USS-011-A
3192,20260925,14,68,76,258,2,B,0.0,0.0,0.0,NAN,NAN,SIN_NUMERO,NAN,NAN,SIN_NUMERO,NAN,0.0,0.0,0.0,0.0,nan,nan,False,20260925-MOROCOCHA-XRD80USS-011-B
3193,20260826,4,18,67,111,2,A,0.0,0.0,0.0,NAN,NAN,SIN_NUMERO,NAN,NAN,SIN_NUMERO,NAN,0.0,0.0,2.1,0.0,nan,"Se estandariza la cámara, se ancla la máquina, se evacua por CO2 elevado hasta fin de guardía.",False,20260826-CATALINA HUANCA-XRD50U-003-A
3194,20260826,4,18,110,78,1,B,0.0,3.2,3.2,HARDCORE,X4,433158,USADO,HARDCORE,185992,USADO,0.0,0.0,0.0,0.0,Arenisca,"Inicio de guardia capacitación con bienestar spcial RD, perfora perno de anclaje, se ancla la máquina, se culmina con la estandarización y inicia con la perforación terreno arenisca.",False,20260826-CATALINA HUANCA-XRD50U-003-B
3195,20260827,4,18,110,382,1,A,3.2,25.2,22.0,HARDCORE,X4,433158,USADO,HARDCORE,185965,NUEVO,0.0,0.0,10.8,0.0,Arenisca,Inicio de guardia capacitación con bienestar social RD y perfora terreno arenisca.,False,20260827-CATALINA HUANCA-XRD50U-003-A
3196,20260827,4,18,110,78,1,B,25.2,53.2,28.0,HARDCORE,X4,433158,USADO,HARDCORE,185965,USADO,0.0,0.0,0.0,0.0,Arenisca con falla,Perfora terreno arenisca con falla.,False,20260827-CATALINA HUANCA-XRD50U-003-B
3197,20260828,4,18,110,382,1,A,53.2,76.0,22.8,HARDCORE,X4,433158,USADO,HARDCORE,185965,USADO,0.0,0.0,12.1,0.0,Arenisca,Perfora terreno arenisca y se evacua de la cámara por CO2 elevado.,False,20260828-CATALINA HUANCA-XRD50U-003-A
3198,20260828,4,18,110,78,1,B,76.0,86.1,10.1,HARDCORE,X4,433158,USADO,HARDCORE,185965,USADO,0.0,0.0,0.0,0.0,Arenisca,Se raliza cambio de broca y perfora terreno arenisca.,False,20260828-CATALINA HUANCA-XRD50U-003-B
3199,20260828,4,18,110,78,1,B,86.1,93.2,7.1,HARDCORE,X8,439680,NUEVO,HARDCORE,185965,USADO,0.0,0.0,0.0,0.0,Arenisca,Se raliza cambio de broca y perfora terreno arenisca.,False,20260828-CATALINA HUANCA-XRD50U-003-B
3200,20260829,4,18,110,382,1,A,93.2,105.2,12.0,HARDCORE,X8,439680,USADO,HARDCORE,185965,USADO,0.0,0.0,6.3,0.0,Arenisca,"Se perfora terreno arenisca, se descarga las barras de perforación por problemas de cabezal.",False,20260829-CATALINA HUANCA-XRD50U-003-A
3201,20260829,4,18,110,78,2,B,0.0,0.0,0.0,NAN,NAN,SIN_NUMERO,NAN,NAN,SIN_NUMERO,NAN,0.0,0.0,0.0,0.0,nan,"Medición de desviación fin de sondaje, movimiento de equipos de perforación al nuevo punto y se inicia la estandarización.",False,20260829-CATALINA HUANCA-XRD50U-003-B
3202,20260830,4,18,112,382,1,A,0.0,3.1,3.1,HARDCORE,X8,439680,USADO,HARDCORE,185965,USADO,0.0,0.0,9.2,0.0,Arenisca,"Mantto. Correctivo de guarda de seguridad, se mueve la máquina y se inicia con la perforación terreno arenisca.",False,20260830-CATALINA HUANCA-XRD50U-003-A
3203,20260830,4,18,112,78,1,B,3.1,22.0,18.9,HARDCORE,X8,439680,USADO,HARDCORE,185965,USADO,0.0,0.0,0.0,0.0,Arenisca panisado,Perfora terreno arenisca panisado y se perfora acondicionando la poza.,False,20260830-CATALINA HUANCA-XRD50U-003-B
3204,20260831,4,18,112,382,1,A,22.0,53.9,31.9,HARDCORE,X8,439680,USADO,HARDCORE,185965,USADO,0.0,0.0,13.4,0.0,Arenisca,Perfora terreno arenisca.,False,20260831-CATALINA HUANCA-XRD50U-003-A
3205,20260831,4,18,112,78,1,B,53.9,87.9,34.0,HARDCORE,X8,439680,USADO,HARDCORE,185965,USADO,0.0,0.0,0.0,0.0,Arenisca,Perfora terreno arenisca y se perfora acondicionando la poza.,False,20260831-CATALINA HUANCA-XRD50U-003-B
3206,20260901,4,18,112,258,2,A,87.9,0.0,0.0,NAN,NAN,SIN_NUMERO,NAN,NAN,SIN_NUMERO,NAN,0.0,0.0,0.0,0.0,nan,nan,False,20260901-CATALINA HUANCA-XRD50U-003-A
3207,20260901,4,18,67,258,2,B,0.0,0.0,0.0,NAN,NAN,SIN_NUMERO,NAN,NAN,SIN_NUMERO,NAN,0.0,0.0,0.0,0.0,nan,nan,False,20260901-CATALINA HUANCA-XRD50U-003-B
3208,20260902,4,18,67,258,2,A,0.0,0.0,0.0,NAN,NAN,SIN_NUMERO,NAN,NAN,SIN_NUMERO,NAN,0.0,0.0,0.0,0.0,nan,nan,False,20260902-CATALINA HUANCA-XRD50U-003-A
3209,20260902,4,18,67,258,2,B,0.0,0.0,0.0,NAN,NAN,SIN_NUMERO,NAN,NAN,SIN_NUMERO,NAN,0.0,0.0,0.0,0.0,nan,nan,False,20260902-CATALINA HUANCA-XRD50U-003-B
3210,20260903,4,18,67,258,2,A,0.0,0.0,0.0,NAN,NAN,SIN_NUMERO,NAN,NAN,SIN_NUMERO,NAN,0.0,0.0,0.0,0.0,nan,nan,False,20260903-CATALINA HUANCA-XRD50U-003-A
3211,20260903,4,18,67,258,2,B,0.0,0.0,0.0,NAN,NAN,SIN_NUMERO,NAN,NAN,SIN_NUMERO,NAN,0.0,0.0,0.0,0.0,nan,nan,False,20260903-CATALINA HUANCA-XRD50U-003-B
3212,20260904,4,18,67,258,2,A,0.0,0.0,0.0,NAN,NAN,SIN_NUMERO,NAN,NAN,SIN_NUMERO,NAN,0.0,0.0,0.0,0.0,nan,nan,False,20260904-CATALINA HUANCA-XRD50U-003-A
3213,20260904,4,18,67,258,2,B,0.0,0.0,0.0,NAN,NAN,SIN_NUMERO,NAN,NAN,SIN_NUMERO,NAN,0.0,0.0,0.0,0.0,nan,nan,False,20260904-CATALINA HUANCA-XRD50U-003-B
3214,20260905,4,18,67,258,2,A,0.0,0.0,0.0,NAN,NAN,SIN_NUMERO,NAN,NAN,SIN_NUMERO,NAN,0.0,0.0,0.0,0.0,nan,nan,False,20260905-CATALINA HUANCA-XRD50U-003-A
3215,20260905,4,18,67,258,2,B,0.0,0.0,0.0,NAN,NAN,SIN_NUMERO,NAN,NAN,SIN_NUMERO,NAN,0.0,0.0,0.0,0.0,nan,nan,False,20260905-CATALINA HUANCA-XRD50U-003-B
3216,20260906,4,18,67,258,2,A,0.0,0.0,0.0,NAN,NAN,SIN_NUMERO,NAN,NAN,SIN_NUMERO,NAN,0.0,0.0,0.0,0.0,nan,nan,False,20260906-CATALINA HUANCA-XRD50U-003-A
3217,20260906,4,18,67,258,2,B,0.0,0.0,0.0,NAN,NAN,SIN_NUMERO,NAN,NAN,SIN_NUMERO,NAN,0.0,0.0,0.0,0.0,nan,nan,False,20260906-CATALINA HUANCA-XRD50U-003-B
3218,20260907,4,18,67,258,2,A,0.0,0.0,0.0,NAN,NAN,SIN_NUMERO,NAN,NAN,SIN_NUMERO,NAN,0.0,0.0,0.0,0.0,nan,nan,False,20260907-CATALINA HUANCA-XRD50U-003-A
3219,20260907,4,18,67,258,2,B,0.0,0.0,0.0,NAN,NAN,SIN_NUMERO,NAN,NAN,SIN_NUMERO,NAN,0.0,0.0,0.0,0.0,nan,nan,False,20260907-CATALINA HUANCA-XRD50U-003-B
3220,20260908,4,18,67,258,2,A,0.0,0.0,0.0,NAN,NAN,SIN_NUMERO,NAN,NAN,SIN_NUMERO,NAN,0.0,0.0,0.0,0.0,nan,nan,False,20260908-CATALINA HUANCA-XRD50U-003-A
3221,20260908,4,18,67,258,2,B,0.0,0.0,0.0,NAN,NAN,SIN_NUMERO,NAN,NAN,SIN_NUMERO,NAN,0.0,0.0,0.0,0.0,nan,nan,False,20260908-CATALINA HUANCA-XRD50U-003-B
3222,20260909,4,18,67,258,2,A,0.0,0.0,0.0,NAN,NAN,SIN_NUMERO,NAN,NAN,SIN_NUMERO,NAN,0.0,0.0,0.0,0.0,nan,nan,False,20260909-CATALINA HUANCA-XRD50U-003-A
3223,20260909,4,18,67,258,2,B,0.0,0.0,0.0,NAN,NAN,SIN_NUMERO,NAN,NAN,SIN_NUMERO,NAN,0.0,0.0,0.0,0.0,nan,nan,False,20260909-CATALINA HUANCA-XRD50U-003-B
3224,20260910,4,18,67,258,2,A,0.0,0.0,0.0,NAN,NAN,SIN_NUMERO,NAN,NAN,SIN_NUMERO,NAN,0.0,0.0,0.0,0.0,nan,nan,False,20260910-CATALINA HUANCA-XRD50U-003-A
3225,20260910,4,18,67,258,2,B,0.0,0.0,0.0,NAN,NAN,SIN_NUMERO,NAN,NAN,SIN_NUMERO,NAN,0.0,0.0,0.0,0.0,nan,nan,False,20260910-CATALINA HUANCA-XRD50U-003-B
3226,20260911,4,18,67,258,2,A,0.0,0.0,0.0,NAN,NAN,SIN_NUMERO,NAN,NAN,SIN_NUMERO,NAN,0.0,0.0,0.0,0.0,nan,nan,False,20260911-CATALINA HUANCA-XRD50U-003-A
3227,20260911,4,18,67,258,2,B,0.0,0.0,0.0,NAN,NAN,SIN_NUMERO,NAN,NAN,SIN_NUMERO,NAN,0.0,0.0,0.0,0.0,nan,nan,False,20260911-CATALINA HUANCA-XRD50U-003-B
3228,20260912,4,18,67,258,2,A,0.0,0.0,0.0,NAN,NAN,SIN_NUMERO,NAN,NAN,SIN_NUMERO,NAN,0.0,0.0,0.0,0.0,nan,nan,False,20260912-CATALINA HUANCA-XRD50U-003-A
3229,20260912,4,18,67,258,2,B,0.0,0.0,0.0,NAN,NAN,SIN_NUMERO,NAN,NAN,SIN_NUMERO,NAN,0.0,0.0,0.0,0.0,nan,nan,False,20260912-CATALINA HUANCA-XRD50U-003-B
3230,20260913,4,18,67,258,2,A,0.0,0.0,0.0,NAN,NAN,SIN_NUMERO,NAN,NAN,SIN_NUMERO,NAN,0.0,0.0,0.0,0.0,nan,nan,False,20260913-CATALINA HUANCA-XRD50U-003-A
3231,20260913,4,18,67,258,2,B,0.0,0.0,0.0,NAN,NAN,SIN_NUMERO,NAN,NAN,SIN_NUMERO,NAN,0.0,0.0,0.0,0.0,nan,nan,False,20260913-CATALINA HUANCA-XRD50U-003-B
3232,20260914,4,18,67,258,2,A,0.0,0.0,0.0,NAN,NAN,SIN_NUMERO,NAN,NAN,SIN_NUMERO,NAN,0.0,0.0,0.0,0.0,nan,nan,False,20260914-CATALINA HUANCA-XRD50U-003-A
3233,20260914,4,18,67,258,2,B,0.0,0.0,0.0,NAN,NAN,SIN_NUMERO,NAN,NAN,SIN_NUMERO,NAN,0.0,0.0,0.0,0.0,nan,nan,False,20260914-CATALINA HUANCA-XRD50U-003-B
3234,20260915,4,18,67,258,2,A,0.0,0.0,0.0,NAN,NAN,SIN_NUMERO,NAN,NAN,SIN_NUMERO,NAN,0.0,0.0,0.0,0.0,nan,nan,False,20260915-CATALINA HUANCA-XRD50U-003-A
3235,20260915,4,18,67,258,2,B,0.0,0.0,0.0,NAN,NAN,SIN_NUMERO,NAN,NAN,SIN_NUMERO,NAN,0.0,0.0,0.0,0.0,nan,nan,False,20260915-CATALINA HUANCA-XRD50U-003-B
3236,20260916,4,18,67,258,2,A,0.0,0.0,0.0,NAN,NAN,SIN_NUMERO,NAN,NAN,SIN_NUMERO,NAN,0.0,0.0,0.0,0.0,nan,nan,False,20260916-CATALINA HUANCA-XRD50U-003-A
3237,20260916,4,18,67,258,2,B,0.0,0.0,0.0,NAN,NAN,SIN_NUMERO,NAN,NAN,SIN_NUMERO,NAN,0.0,0.0,0.0,0.0,nan,nan,False,20260916-CATALINA HUANCA-XRD50U-003-B
3238,20260917,4,18,67,258,2,A,0.0,0.0,0.0,NAN,NAN,SIN_NUMERO,NAN,NAN,SIN_NUMERO,NAN,0.0,0.0,0.0,0.0,nan,nan,False,20260917-CATALINA HUANCA-XRD50U-003-A
3239,20260917,4,18,67,258,2,B,0.0,0.0,0.0,NAN,NAN,SIN_NUMERO,NAN,NAN,SIN_NUMERO,NAN,0.0,0.0,0.0,0.0,nan,nan,False,20260917-CATALINA HUANCA-XRD50U-003-B
3240,20260918,4,18,67,258,2,A,0.0,0.0,0.0,NAN,NAN,SIN_NUMERO,NAN,NAN,SIN_NUMERO,NAN,0.0,0.0,0.0,0.0,nan,nan,False,20260918-CATALINA HUANCA-XRD50U-003-A
3241,20260918,4,18,67,258,2,B,0.0,0.0,0.0,NAN,NAN,SIN_NUMERO,NAN,NAN,SIN_NUMERO,NAN,0.0,0.0,0.0,0.0,nan,nan,False,20260918-CATALINA HUANCA-XRD50U-003-B
3242,20260919,4,18,67,258,2,A,0.0,0.0,0.0,NAN,NAN,SIN_NUMERO,NAN,NAN,SIN_NUMERO,NAN,0.0,0.0,0.0,0.0,nan,nan,False,20260919-CATALINA HUANCA-XRD50U-003-A
3243,20260919,4,18,67,258,2,B,0.0,0.0,0.0,NAN,NAN,SIN_NUMERO,NAN,NAN,SIN_NUMERO,NAN,0.0,0.0,0.0,0.0,nan,nan,False,20260919-CATALINA HUANCA-XRD50U-003-B
3244,20260920,4,18,67,258,2,A,0.0,0.0,0.0,NAN,NAN,SIN_NUMERO,NAN,NAN,SIN_NUMERO,NAN,0.0,0.0,0.0,0.0,nan,nan,False,20260920-CATALINA HUANCA-XRD50U-003-A
3245,20260920,4,18,67,258,2,B,0.0,0.0,0.0,NAN,NAN,SIN_NUMERO,NAN,NAN,SIN_NUMERO,NAN,0.0,0.0,0.0,0.0,nan,nan,False,20260920-CATALINA HUANCA-XRD50U-003-B
3246,20260921,4,18,67,258,2,A,0.0,0.0,0.0,NAN,NAN,SIN_NUMERO,NAN,NAN,SIN_NUMERO,NAN,0.0,0.0,0.0,0.0,nan,nan,False,20260921-CATALINA HUANCA-XRD50U-003-A
3247,20260921,4,18,67,258,2,B,0.0,0.0,0.0,NAN,NAN,SIN_NUMERO,NAN,NAN,SIN_NUMERO,NAN,0.0,0.0,0.0,0.0,nan,nan,False,20260921-CATALINA HUANCA-XRD50U-003-B
3248,20260922,4,18,67,258,2,A,0.0,0.0,0.0,NAN,NAN,SIN_NUMERO,NAN,NAN,SIN_NUMERO,NAN,0.0,0.0,0.0,0.0,nan,nan,False,20260922-CATALINA HUANCA-XRD50U-003-A
3249,20260922,4,18,67,258,2,B,0.0,0.0,0.0,NAN,NAN,SIN_NUMERO,NAN,NAN,SIN_NUMERO,NAN,0.0,0.0,0.0,0.0,nan,nan,False,20260922-CATALINA HUANCA-XRD50U-003-B
3250,20260923,4,18,67,258,2,A,0.0,0.0,0.0,NAN,NAN,SIN_NUMERO,NAN,NAN,SIN_NUMERO,NAN,0.0,0.0,0.0,0.0,nan,nan,False,20260923-CATALINA HUANCA-XRD50U-003-A
3251,20260923,4,18,67,258,2,B,0.0,0.0,0.0,NAN,NAN,SIN_NUMERO,NAN,NAN,SIN_NUMERO,NAN,0.0,0.0,0.0,0.0,nan,nan,False,20260923-CATALINA HUANCA-XRD50U-003-B
3252,20260924,4,18,67,258,2,A,0.0,0.0,0.0,NAN,NAN,SIN_NUMERO,NAN,NAN,SIN_NUMERO,NAN,0.0,0.0,0.0,0.0,nan,nan,False,20260924-CATALINA HUANCA-XRD50U-003-A
3253,20260924,4,18,67,258,2,B,0.0,0.0,0.0,NAN,NAN,SIN_NUMERO,NAN,NAN,SIN_NUMERO,NAN,0.0,0.0,0.0,0.0,nan,nan,False,20260924-CATALINA HUANCA-XRD50U-003-B
3254,20260925,4,18,67,258,2,A,0.0,0.0,0.0,NAN,NAN,SIN_NUMERO,NAN,NAN,SIN_NUMERO,NAN,0.0,0.0,0.0,0.0,nan,nan,False,20260925-CATALINA HUANCA-XRD50U-003-A
3255,20260925,4,18,67,258,2,B,0.0,0.0,0.0,NAN,NAN,SIN_NUMERO,NAN,NAN,SIN_NUMERO,NAN,0.0,0.0,0.0,0.0,nan,nan,False,20260925-CATALINA HUANCA-XRD50U-003-B
3256,20260826,4,19,107,319,1,A,89.1,102.4,13.3,HARDCORE,X8,439678,NUEVO,HARDCORE,185968,USADO,0.0,0.0,10.38,0.0,Fracturado conglomerado,"Inicio de guardia capacitación con bienestar spcial RD, se realiza cambio de broca y perfora terreno fracturado conglomerado.",False,20260826-CATALINA HUANCA-XRD50USS-004-A
3257,20260826,4,19,107,92,1,B,102.4,118.1,15.7,HARDCORE,X8,439678,USARIO,HARDCORE,185968,USADO,0.0,0.0,0.0,0.0,Duro conglomerado,Inicio de guardia capacitación con bienestar spcial RD y perfora terreno duro conglomerado.,False,20260826-CATALINA HUANCA-XRD50USS-004-B
3258,20260827,4,19,107,26,1,A,118.1,132.0,13.9,HARDCORE,X8,439684,NUEVO,HARDCORE,185968,USADO,0.0,0.0,8.55,0.0,Conglomerado,Se realiza cambio de broca y perfora terreno conglomerado.,False,20260827-CATALINA HUANCA-XRD50USS-004-A
3259,20260827,4,19,107,92,1,B,132.0,145.4,13.4,HARDCORE,X8,439684,USARIO,HARDCORE,185968,USADO,0.0,0.0,0.0,0.0,Duro conglomerado,Inicio de guardia apoya a la maq. 125 despues de las 11 p.m. inicia la perforación terreno duro conglomerado.,False,20260827-CATALINA HUANCA-XRD50USS-004-B
3260,20260828,4,19,107,26,1,A,145.4,164.2,18.8,HARDCORE,X8,439644,NUEVO,HARDCORE,185968,USADO,0.0,0.0,6.73,0.0,Conglomerado,Se realiza cambio de bomba y perfora terreno conglomerado.,False,20260828-CATALINA HUANCA-XRD50USS-004-A
3261,20260828,4,19,107,92,1,B,164.2,164.2,0.0,NAN,NAN,SIN_NUMERO,NAN,NAN,SIN_NUMERO,NAN,0.0,0.0,0.0,0.0,nan,Máquina paralizada por falta de personal (ayudante con DM),False,20260828-CATALINA HUANCA-XRD50USS-004-B
3262,20260829,4,19,107,26,1,A,164.2,180.0,15.8,HARDCORE,X8,439644,USADO,HARDCORE,185968,USADO,0.0,0.0,8.5,0.0,Conglomerado,Perfora terreno conglomerado.,False,20260829-CATALINA HUANCA-XRD50USS-004-A
3263,20260829,4,19,107,92,1,B,180.0,182.6,2.6,HARDCORE,X8,439644,USADO,HARDCORE,185968,USADO,0.0,0.0,0.0,0.0,nan,Se perfora una corrida para bajar el cable wireline y no continúa perforando por falta de personal ayudante.,False,20260829-CATALINA HUANCA-XRD50USS-004-B
3264,20260830,4,19,107,26,1,A,182.6,185.3,2.7,HARDCORE,X8,439644,USADO,HARDCORE,185968,USADO,0.0,0.0,5.0,0.0,Conglomerado fracturado,Inicio de guardia se tiene problemas con el Over Shot y se continúa con la perforación terreno conglomerado fracturado.,False,20260830-CATALINA HUANCA-XRD50USS-004-A
3265,20260830,4,19,107,92,1,B,185.3,185.3,0.0,NAN,NAN,SIN_NUMERO,NAN,NAN,SIN_NUMERO,NAN,0.0,0.0,0.0,0.0,nan,Máquina paralizada por falta de personal ayudante.,False,20260830-CATALINA HUANCA-XRD50USS-004-B
3266,20260831,4,19,107,26,1,A,185.3,195.6,10.3,HARDCORE,X8,439683,NUEVO,HARDCORE,185968,USADO,0.0,0.0,12.79,0.0,Canglomerado fracturado,Se realiza cambio de broca y perfora terreno canglomerado fracturado.,False,20260831-CATALINA HUANCA-XRD50USS-004-A
3267,20260831,4,19,107,92,1,B,195.6,204.8,9.2,HARDCORE,X8,439683,USADO,HARDCORE,185968,USADO,0.0,0.0,0.0,0.0,Fracturado conglomerado,Se perfora terreno fracturado conglomerado y se presenta inconvenientes con el cable wireline.,False,20260831-CATALINA HUANCA-XRD50USS-004-B
3268,20260901,4,19,107,258,2,A,204.8,0.0,0.0,NAN,NAN,SIN_NUMERO,NAN,NAN,SIN_NUMERO,NAN,0.0,0.0,0.0,0.0,nan,nan,False,20260901-CATALINA HUANCA-XRD50USS-004-A
3269,20260901,4,19,67,258,2,B,0.0,0.0,0.0,NAN,NAN,SIN_NUMERO,NAN,NAN,SIN_NUMERO,NAN,0.0,0.0,0.0,0.0,nan,nan,False,20260901-CATALINA HUANCA-XRD50USS-004-B
3270,20260902,4,19,67,258,2,A,0.0,0.0,0.0,NAN,NAN,SIN_NUMERO,NAN,NAN,SIN_NUMERO,NAN,0.0,0.0,0.0,0.0,nan,nan,False,20260902-CATALINA HUANCA-XRD50USS-004-A
3271,20260902,4,19,67,258,2,B,0.0,0.0,0.0,NAN,NAN,SIN_NUMERO,NAN,NAN,SIN_NUMERO,NAN,0.0,0.0,0.0,0.0,nan,nan,False,20260902-CATALINA HUANCA-XRD50USS-004-B
3272,20260903,4,19,67,258,2,A,0.0,0.0,0.0,NAN,NAN,SIN_NUMERO,NAN,NAN,SIN_NUMERO,NAN,0.0,0.0,0.0,0.0,nan,nan,False,20260903-CATALINA HUANCA-XRD50USS-004-A
3273,20260903,4,19,67,258,2,B,0.0,0.0,0.0,NAN,NAN,SIN_NUMERO,NAN,NAN,SIN_NUMERO,NAN,0.0,0.0,0.0,0.0,nan,nan,False,20260903-CATALINA HUANCA-XRD50USS-004-B
3274,20260904,4,19,67,258,2,A,0.0,0.0,0.0,NAN,NAN,SIN_NUMERO,NAN,NAN,SIN_NUMERO,NAN,0.0,0.0,0.0,0.0,nan,nan,False,20260904-CATALINA HUANCA-XRD50USS-004-A
3275,20260904,4,19,67,258,2,B,0.0,0.0,0.0,NAN,NAN,SIN_NUMERO,NAN,NAN,SIN_NUMERO,NAN,0.0,0.0,0.0,0.0,nan,nan,False,20260904-CATALINA HUANCA-XRD50USS-004-B
3276,20260905,4,19,67,258,2,A,0.0,0.0,0.0,NAN,NAN,SIN_NUMERO,NAN,NAN,SIN_NUMERO,NAN,0.0,0.0,0.0,0.0,nan,nan,False,20260905-CATALINA HUANCA-XRD50USS-004-A
3277,20260905,4,19,67,258,2,B,0.0,0.0,0.0,NAN,NAN,SIN_NUMERO,NAN,NAN,SIN_NUMERO,NAN,0.0,0.0,0.0,0.0,nan,nan,False,20260905-CATALINA HUANCA-XRD50USS-004-B
3278,20260906,4,19,67,258,2,A,0.0,0.0,0.0,NAN,NAN,SIN_NUMERO,NAN,NAN,SIN_NUMERO,NAN,0.0,0.0,0.0,0.0,nan,nan,False,20260906-CATALINA HUANCA-XRD50USS-004-A
3279,20260906,4,19,67,258,2,B,0.0,0.0,0.0,NAN,NAN,SIN_NUMERO,NAN,NAN,SIN_NUMERO,NAN,0.0,0.0,0.0,0.0,nan,nan,False,20260906-CATALINA HUANCA-XRD50USS-004-B
3280,20260907,4,19,67,258,2,A,0.0,0.0,0.0,NAN,NAN,SIN_NUMERO,NAN,NAN,SIN_NUMERO,NAN,0.0,0.0,0.0,0.0,nan,nan,False,20260907-CATALINA HUANCA-XRD50USS-004-A
3281,20260907,4,19,67,258,2,B,0.0,0.0,0.0,NAN,NAN,SIN_NUMERO,NAN,NAN,SIN_NUMERO,NAN,0.0,0.0,0.0,0.0,nan,nan,False,20260907-CATALINA HUANCA-XRD50USS-004-B
3282,20260908,4,19,67,258,2,A,0.0,0.0,0.0,NAN,NAN,SIN_NUMERO,NAN,NAN,SIN_NUMERO,NAN,0.0,0.0,0.0,0.0,nan,nan,False,20260908-CATALINA HUANCA-XRD50USS-004-A
3283,20260908,4,19,67,258,2,B,0.0,0.0,0.0,NAN,NAN,SIN_NUMERO,NAN,NAN,SIN_NUMERO,NAN,0.0,0.0,0.0,0.0,nan,nan,False,20260908-CATALINA HUANCA-XRD50USS-004-B
3284,20260909,4,19,67,258,2,A,0.0,0.0,0.0,NAN,NAN,SIN_NUMERO,NAN,NAN,SIN_NUMERO,NAN,0.0,0.0,0.0,0.0,nan,nan,False,20260909-CATALINA HUANCA-XRD50USS-004-A
3285,20260909,4,19,67,258,2,B,0.0,0.0,0.0,NAN,NAN,SIN_NUMERO,NAN,NAN,SIN_NUMERO,NAN,0.0,0.0,0.0,0.0,nan,nan,False,20260909-CATALINA HUANCA-XRD50USS-004-B
3286,20260910,4,19,67,258,2,A,0.0,0.0,0.0,NAN,NAN,SIN_NUMERO,NAN,NAN,SIN_NUMERO,NAN,0.0,0.0,0.0,0.0,nan,nan,False,20260910-CATALINA HUANCA-XRD50USS-004-A
3287,20260910,4,19,67,258,2,B,0.0,0.0,0.0,NAN,NAN,SIN_NUMERO,NAN,NAN,SIN_NUMERO,NAN,0.0,0.0,0.0,0.0,nan,nan,False,20260910-CATALINA HUANCA-XRD50USS-004-B
3288,20260911,4,19,67,258,2,A,0.0,0.0,0.0,NAN,NAN,SIN_NUMERO,NAN,NAN,SIN_NUMERO,NAN,0.0,0.0,0.0,0.0,nan,nan,False,20260911-CATALINA HUANCA-XRD50USS-004-A
3289,20260911,4,19,67,258,2,B,0.0,0.0,0.0,NAN,NAN,SIN_NUMERO,NAN,NAN,SIN_NUMERO,NAN,0.0,0.0,0.0,0.0,nan,nan,False,20260911-CATALINA HUANCA-XRD50USS-004-B
3290,20260912,4,19,67,258,2,A,0.0,0.0,0.0,NAN,NAN,SIN_NUMERO,NAN,NAN,SIN_NUMERO,NAN,0.0,0.0,0.0,0.0,nan,nan,False,20260912-CATALINA HUANCA-XRD50USS-004-A
3291,20260912,4,19,67,258,2,B,0.0,0.0,0.0,NAN,NAN,SIN_NUMERO,NAN,NAN,SIN_NUMERO,NAN,0.0,0.0,0.0,0.0,nan,nan,False,20260912-CATALINA HUANCA-XRD50USS-004-B
3292,20260913,4,19,67,258,2,A,0.0,0.0,0.0,NAN,NAN,SIN_NUMERO,NAN,NAN,SIN_NUMERO,NAN,0.0,0.0,0.0,0.0,nan,nan,False,20260913-CATALINA HUANCA-XRD50USS-004-A
3293,20260913,4,19,67,258,2,B,0.0,0.0,0.0,NAN,NAN,SIN_NUMERO,NAN,NAN,SIN_NUMERO,NAN,0.0,0.0,0.0,0.0,nan,nan,False,20260913-CATALINA HUANCA-XRD50USS-004-B
3294,20260914,4,19,67,258,2,A,0.0,0.0,0.0,NAN,NAN,SIN_NUMERO,NAN,NAN,SIN_NUMERO,NAN,0.0,0.0,0.0,0.0,nan,nan,False,20260914-CATALINA HUANCA-XRD50USS-004-A
3295,20260914,4,19,67,258,2,B,0.0,0.0,0.0,NAN,NAN,SIN_NUMERO,NAN,NAN,SIN_NUMERO,NAN,0.0,0.0,0.0,0.0,nan,nan,False,20260914-CATALINA HUANCA-XRD50USS-004-B
3296,20260915,4,19,67,258,2,A,0.0,0.0,0.0,NAN,NAN,SIN_NUMERO,NAN,NAN,SIN_NUMERO,NAN,0.0,0.0,0.0,0.0,nan,nan,False,20260915-CATALINA HUANCA-XRD50USS-004-A
3297,20260915,4,19,67,258,2,B,0.0,0.0,0.0,NAN,NAN,SIN_NUMERO,NAN,NAN,SIN_NUMERO,NAN,0.0,0.0,0.0,0.0,nan,nan,False,20260915-CATALINA HUANCA-XRD50USS-004-B
3298,20260916,4,19,67,258,2,A,0.0,0.0,0.0,NAN,NAN,SIN_NUMERO,NAN,NAN,SIN_NUMERO,NAN,0.0,0.0,0.0,0.0,nan,nan,False,20260916-CATALINA HUANCA-XRD50USS-004-A
3299,20260916,4,19,67,258,2,B,0.0,0.0,0.0,NAN,NAN,SIN_NUMERO,NAN,NAN,SIN_NUMERO,NAN,0.0,0.0,0.0,0.0,nan,nan,False,20260916-CATALINA HUANCA-XRD50USS-004-B
3300,20260917,4,19,67,258,2,A,0.0,0.0,0.0,NAN,NAN,SIN_NUMERO,NAN,NAN,SIN_NUMERO,NAN,0.0,0.0,0.0,0.0,nan,nan,False,20260917-CATALINA HUANCA-XRD50USS-004-A
3301,20260917,4,19,67,258,2,B,0.0,0.0,0.0,NAN,NAN,SIN_NUMERO,NAN,NAN,SIN_NUMERO,NAN,0.0,0.0,0.0,0.0,nan,nan,False,20260917-CATALINA HUANCA-XRD50USS-004-B
3302,20260918,4,19,67,258,2,A,0.0,0.0,0.0,NAN,NAN,SIN_NUMERO,NAN,NAN,SIN_NUMERO,NAN,0.0,0.0,0.0,0.0,nan,nan,False,20260918-CATALINA HUANCA-XRD50USS-004-A
3303,20260918,4,19,67,258,2,B,0.0,0.0,0.0,NAN,NAN,SIN_NUMERO,NAN,NAN,SIN_NUMERO,NAN,0.0,0.0,0.0,0.0,nan,nan,False,20260918-CATALINA HUANCA-XRD50USS-004-B
3304,20260919,4,19,67,258,2,A,0.0,0.0,0.0,NAN,NAN,SIN_NUMERO,NAN,NAN,SIN_NUMERO,NAN,0.0,0.0,0.0,0.0,nan,nan,False,20260919-CATALINA HUANCA-XRD50USS-004-A
3305,20260919,4,19,67,258,2,B,0.0,0.0,0.0,NAN,NAN,SIN_NUMERO,NAN,NAN,SIN_NUMERO,NAN,0.0,0.0,0.0,0.0,nan,nan,False,20260919-CATALINA HUANCA-XRD50USS-004-B
3306,20260920,4,19,67,258,2,A,0.0,0.0,0.0,NAN,NAN,SIN_NUMERO,NAN,NAN,SIN_NUMERO,NAN,0.0,0.0,0.0,0.0,nan,nan,False,20260920-CATALINA HUANCA-XRD50USS-004-A
3307,20260920,4,19,67,258,2,B,0.0,0.0,0.0,NAN,NAN,SIN_NUMERO,NAN,NAN,SIN_NUMERO,NAN,0.0,0.0,0.0,0.0,nan,nan,False,20260920-CATALINA HUANCA-XRD50USS-004-B
3308,20260921,4,19,67,258,2,A,0.0,0.0,0.0,NAN,NAN,SIN_NUMERO,NAN,NAN,SIN_NUMERO,NAN,0.0,0.0,0.0,0.0,nan,nan,False,20260921-CATALINA HUANCA-XRD50USS-004-A
3309,20260921,4,19,67,258,2,B,0.0,0.0,0.0,NAN,NAN,SIN_NUMERO,NAN,NAN,SIN_NUMERO,NAN,0.0,0.0,0.0,0.0,nan,nan,False,20260921-CATALINA HUANCA-XRD50USS-004-B
3310,20260922,4,19,67,258,2,A,0.0,0.0,0.0,NAN,NAN,SIN_NUMERO,NAN,NAN,SIN_NUMERO,NAN,0.0,0.0,0.0,0.0,nan,nan,False,20260922-CATALINA HUANCA-XRD50USS-004-A
3311,20260922,4,19,67,258,2,B,0.0,0.0,0.0,NAN,NAN,SIN_NUMERO,NAN,NAN,SIN_NUMERO,NAN,0.0,0.0,0.0,0.0,nan,nan,False,20260922-CATALINA HUANCA-XRD50USS-004-B
3312,20260923,4,19,67,258,2,A,0.0,0.0,0.0,NAN,NAN,SIN_NUMERO,NAN,NAN,SIN_NUMERO,NAN,0.0,0.0,0.0,0.0,nan,nan,False,20260923-CATALINA HUANCA-XRD50USS-004-A
3313,20260923,4,19,67,258,2,B,0.0,0.0,0.0,NAN,NAN,SIN_NUMERO,NAN,NAN,SIN_NUMERO,NAN,0.0,0.0,0.0,0.0,nan,nan,False,20260923-CATALINA HUANCA-XRD50USS-004-B
3314,20260924,4,19,67,258,2,A,0.0,0.0,0.0,NAN,NAN,SIN_NUMERO,NAN,NAN,SIN_NUMERO,NAN,0.0,0.0,0.0,0.0,nan,nan,False,20260924-CATALINA HUANCA-XRD50USS-004-A
3315,20260924,4,19,67,258,2,B,0.0,0.0,0.0,NAN,NAN,SIN_NUMERO,NAN,NAN,SIN_NUMERO,NAN,0.0,0.0,0.0,0.0,nan,nan,False,20260924-CATALINA HUANCA-XRD50USS-004-B
3316,20260925,4,19,67,258,2,A,0.0,0.0,0.0,NAN,NAN,SIN_NUMERO,NAN,NAN,SIN_NUMERO,NAN,0.0,0.0,0.0,0.0,nan,nan,False,20260925-CATALINA HUANCA-XRD50USS-004-A
3317,20260925,4,19,67,258,2,B,0.0,0.0,0.0,NAN,NAN,SIN_NUMERO,NAN,NAN,SIN_NUMERO,NAN,0.0,0.0,0.0,0.0,nan,nan,False,20260925-CATALINA HUANCA-XRD50USS-004-B
3318,20260826,4,14,106,330,1,A,159.6,168.1,8.5,HARDCORE,X4,433157,USADO,HARDCORE,185973,USADO,0.0,0.0,10.4,0.0,Caliza mineralizado,Inicio de guardia capacitación con bienestar spcial RD y perfora terreno caliza mineralizado.,False,20260826-CATALINA HUANCA-XRD100U-001-A
3319,20260826,4,14,106,343,1,B,168.1,189.1,21.0,HARDCORE,X4,433157,USADO,HARDCORE,185973,USADO,0.0,0.0,0.0,0.0,Arenisca mineralizado,"Inicio de guardia capacitación con bienestar spcial R, perfora terreno arenisca mineralizado y se perfora con dificultad por no tener retorno de agua 0%.",False,20260826-CATALINA HUANCA-XRD100U-001-B
3320,20260827,4,14,106,396,1,A,189.1,200.0,10.9,HARDCORE,X4,433157,USADO,HARDCORE,185973,USADO,0.0,0.0,4.8,0.0,Conglomerado,Inicio de guardia capacitación con bienestar social RD y perfora terreno conglomerado.,False,20260827-CATALINA HUANCA-XRD100U-001-A
3321,20260827,4,14,106,343,2,B,0.0,0.0,0.0,NAN,NAN,SIN_NUMERO,NAN,NAN,SIN_NUMERO,NAN,0.0,0.0,0.0,0.0,nan,"Finaliza el sondaje, se realiza medición de desviación, desinstalacion hidráulica y se traslada los accesorios a la siguiente cámara.",False,20260827-CATALINA HUANCA-XRD100U-001-B
3322,20260828,4,14,106,396,2,A,0.0,0.0,0.0,NAN,NAN,SIN_NUMERO,NAN,NAN,SIN_NUMERO,NAN,0.0,0.0,0.0,0.0,nan,"Se traslada los accesorios, se traslada la máquina y equipos de perforaración a la nueva cámara.",False,20260828-CATALINA HUANCA-XRD100U-001-A
3323,20260828,4,14,67,343,2,B,0.0,0.0,0.0,NAN,NAN,SIN_NUMERO,NAN,NAN,SIN_NUMERO,NAN,0.0,0.0,0.0,0.0,nan,"Inicia la estandarización de la cámara, se apoya en el tendido de cable, los electricistas energizan la máquina pendiente iluminación de la cámara.",False,20260828-CATALINA HUANCA-XRD100U-001-B
3324,20260829,4,14,67,396,2,A,0.0,0.0,0.0,NAN,NAN,SIN_NUMERO,NAN,NAN,SIN_NUMERO,NAN,0.0,0.0,10.8,0.0,nan,"Movimiento de máquina, se nivela y alinea la máquina, se ancla la máquina así mismo se estandariza la cámara.",False,20260829-CATALINA HUANCA-XRD100U-001-A
3325,20260829,4,14,111,343,1,B,0.0,25.2,25.2,HARDCORE,X8,439675,NUEVO,HARDCORE,185973,USADO,0.0,0.0,0.0,0.0,Conglomerado,"Se culmina con la estandarización de la cámara, traslado de la bomba sumergible y inicia con la perforación terreno conglomerado.",False,20260829-CATALINA HUANCA-XRD100U-001-B
3326,20260830,4,14,111,396,1,A,25.2,44.8,19.6,HARDCORE,X4,439262,NUEVO,HARDCORE,185973,USADO,0.0,0.0,12.4,0.0,Conglomerado,Perfora terreno conglomerado.,False,20260830-CATALINA HUANCA-XRD100U-001-A
3327,20260830,4,14,111,343,1,B,44.8,66.9,22.1,HARDCORE,X8,439681,NUEVO,HARDCORE,185973,USADO,0.0,0.0,0.0,0.0,Conglomerado,Perfora terreno conglomerado y se realiza la conexión de la tubería con la bomba sumergible.,False,20260830-CATALINA HUANCA-XRD100U-001-B
3328,20260831,4,14,111,396,1,A,66.9,74.5,7.6,HARDCORE,X8,439681,USADO,HARDCORE,185973,USADO,0.0,0.0,14.1,0.0,Conglomerado,Se realiza cambio de broca y perfora terreno canglomerado.,False,20260831-CATALINA HUANCA-XRD100U-001-A
3329,20260831,4,14,111,396,1,A,74.5,86.8,12.3,HARDCORE,X8,439682,NUEVO,HARDCORE,185973,USADO,0.0,0.0,0.0,0.0,Conglomerado,Se realiza cambio de broca y perfora terreno canglomerado.,False,20260831-CATALINA HUANCA-XRD100U-001-A
3330,20260831,4,14,111,343,1,B,86.8,108.1,21.3,HARDCORE,X8,439682,USADO,HARDCORE,185973,USADO,0.0,0.0,0.0,0.0,Conglomerado,Se realiza cambio de broca y perfora terreno canglomerado.,False,20260831-CATALINA HUANCA-XRD100U-001-B
3331,20260831,4,14,111,343,1,B,108.1,110.4,2.3,HARDCORE,X8,439685,NUEVO,HARDCORE,185973,USADO,0.0,0.0,0.0,0.0,Conglomerado,Se realiza cambio de broca y perfora terreno canglomerado.,False,20260831-CATALINA HUANCA-XRD100U-001-B
3332,20260901,4,14,111,258,2,A,110.4,0.0,0.0,NAN,NAN,SIN_NUMERO,NAN,NAN,SIN_NUMERO,NAN,0.0,0.0,0.0,0.0,nan,nan,False,20260901-CATALINA HUANCA-XRD100U-001-A
3333,20260901,4,14,67,258,2,B,0.0,0.0,0.0,NAN,NAN,SIN_NUMERO,NAN,NAN,SIN_NUMERO,NAN,0.0,0.0,0.0,0.0,nan,nan,False,20260901-CATALINA HUANCA-XRD100U-001-B
3334,20260902,4,14,67,258,2,A,0.0,0.0,0.0,NAN,NAN,SIN_NUMERO,NAN,NAN,SIN_NUMERO,NAN,0.0,0.0,0.0,0.0,nan,nan,False,20260902-CATALINA HUANCA-XRD100U-001-A
3335,20260902,4,14,67,258,2,B,0.0,0.0,0.0,NAN,NAN,SIN_NUMERO,NAN,NAN,SIN_NUMERO,NAN,0.0,0.0,0.0,0.0,nan,nan,False,20260902-CATALINA HUANCA-XRD100U-001-B
3336,20260903,4,14,67,258,2,A,0.0,0.0,0.0,NAN,NAN,SIN_NUMERO,NAN,NAN,SIN_NUMERO,NAN,0.0,0.0,0.0,0.0,nan,nan,False,20260903-CATALINA HUANCA-XRD100U-001-A
3337,20260903,4,14,67,258,2,B,0.0,0.0,0.0,NAN,NAN,SIN_NUMERO,NAN,NAN,SIN_NUMERO,NAN,0.0,0.0,0.0,0.0,nan,nan,False,20260903-CATALINA HUANCA-XRD100U-001-B
3338,20260904,4,14,67,258,2,A,0.0,0.0,0.0,NAN,NAN,SIN_NUMERO,NAN,NAN,SIN_NUMERO,NAN,0.0,0.0,0.0,0.0,nan,nan,False,20260904-CATALINA HUANCA-XRD100U-001-A
3339,20260904,4,14,67,258,2,B,0.0,0.0,0.0,NAN,NAN,SIN_NUMERO,NAN,NAN,SIN_NUMERO,NAN,0.0,0.0,0.0,0.0,nan,nan,False,20260904-CATALINA HUANCA-XRD100U-001-B
3340,20260905,4,14,67,258,2,A,0.0,0.0,0.0,NAN,NAN,SIN_NUMERO,NAN,NAN,SIN_NUMERO,NAN,0.0,0.0,0.0,0.0,nan,nan,False,20260905-CATALINA HUANCA-XRD100U-001-A
3341,20260905,4,14,67,258,2,B,0.0,0.0,0.0,NAN,NAN,SIN_NUMERO,NAN,NAN,SIN_NUMERO,NAN,0.0,0.0,0.0,0.0,nan,nan,False,20260905-CATALINA HUANCA-XRD100U-001-B
3342,20260906,4,14,67,258,2,A,0.0,0.0,0.0,NAN,NAN,SIN_NUMERO,NAN,NAN,SIN_NUMERO,NAN,0.0,0.0,0.0,0.0,nan,nan,False,20260906-CATALINA HUANCA-XRD100U-001-A
3343,20260906,4,14,67,258,2,B,0.0,0.0,0.0,NAN,NAN,SIN_NUMERO,NAN,NAN,SIN_NUMERO,NAN,0.0,0.0,0.0,0.0,nan,nan,False,20260906-CATALINA HUANCA-XRD100U-001-B
3344,20260907,4,14,67,258,2,A,0.0,0.0,0.0,NAN,NAN,SIN_NUMERO,NAN,NAN,SIN_NUMERO,NAN,0.0,0.0,0.0,0.0,nan,nan,False,20260907-CATALINA HUANCA-XRD100U-001-A
3345,20260907,4,14,67,258,2,B,0.0,0.0,0.0,NAN,NAN,SIN_NUMERO,NAN,NAN,SIN_NUMERO,NAN,0.0,0.0,0.0,0.0,nan,nan,False,20260907-CATALINA HUANCA-XRD100U-001-B
3346,20260908,4,14,67,258,2,A,0.0,0.0,0.0,NAN,NAN,SIN_NUMERO,NAN,NAN,SIN_NUMERO,NAN,0.0,0.0,0.0,0.0,nan,nan,False,20260908-CATALINA HUANCA-XRD100U-001-A
3347,20260908,4,14,67,258,2,B,0.0,0.0,0.0,NAN,NAN,SIN_NUMERO,NAN,NAN,SIN_NUMERO,NAN,0.0,0.0,0.0,0.0,nan,nan,False,20260908-CATALINA HUANCA-XRD100U-001-B
3348,20260909,4,14,67,258,2,A,0.0,0.0,0.0,NAN,NAN,SIN_NUMERO,NAN,NAN,SIN_NUMERO,NAN,0.0,0.0,0.0,0.0,nan,nan,False,20260909-CATALINA HUANCA-XRD100U-001-A
3349,20260909,4,14,67,258,2,B,0.0,0.0,0.0,NAN,NAN,SIN_NUMERO,NAN,NAN,SIN_NUMERO,NAN,0.0,0.0,0.0,0.0,nan,nan,False,20260909-CATALINA HUANCA-XRD100U-001-B
3350,20260910,4,14,67,258,2,A,0.0,0.0,0.0,NAN,NAN,SIN_NUMERO,NAN,NAN,SIN_NUMERO,NAN,0.0,0.0,0.0,0.0,nan,nan,False,20260910-CATALINA HUANCA-XRD100U-001-A
3351,20260910,4,14,67,258,2,B,0.0,0.0,0.0,NAN,NAN,SIN_NUMERO,NAN,NAN,SIN_NUMERO,NAN,0.0,0.0,0.0,0.0,nan,nan,False,20260910-CATALINA HUANCA-XRD100U-001-B
3352,20260911,4,14,67,258,2,A,0.0,0.0,0.0,NAN,NAN,SIN_NUMERO,NAN,NAN,SIN_NUMERO,NAN,0.0,0.0,0.0,0.0,nan,nan,False,20260911-CATALINA HUANCA-XRD100U-001-A
3353,20260911,4,14,67,258,2,B,0.0,0.0,0.0,NAN,NAN,SIN_NUMERO,NAN,NAN,SIN_NUMERO,NAN,0.0,0.0,0.0,0.0,nan,nan,False,20260911-CATALINA HUANCA-XRD100U-001-B
3354,20260912,4,14,67,258,2,A,0.0,0.0,0.0,NAN,NAN,SIN_NUMERO,NAN,NAN,SIN_NUMERO,NAN,0.0,0.0,0.0,0.0,nan,nan,False,20260912-CATALINA HUANCA-XRD100U-001-A
3355,20260912,4,14,67,258,2,B,0.0,0.0,0.0,NAN,NAN,SIN_NUMERO,NAN,NAN,SIN_NUMERO,NAN,0.0,0.0,0.0,0.0,nan,nan,False,20260912-CATALINA HUANCA-XRD100U-001-B
3356,20260913,4,14,67,258,2,A,0.0,0.0,0.0,NAN,NAN,SIN_NUMERO,NAN,NAN,SIN_NUMERO,NAN,0.0,0.0,0.0,0.0,nan,nan,False,20260913-CATALINA HUANCA-XRD100U-001-A
3357,20260913,4,14,67,258,2,B,0.0,0.0,0.0,NAN,NAN,SIN_NUMERO,NAN,NAN,SIN_NUMERO,NAN,0.0,0.0,0.0,0.0,nan,nan,False,20260913-CATALINA HUANCA-XRD100U-001-B
3358,20260914,4,14,67,258,2,A,0.0,0.0,0.0,NAN,NAN,SIN_NUMERO,NAN,NAN,SIN_NUMERO,NAN,0.0,0.0,0.0,0.0,nan,nan,False,20260914-CATALINA HUANCA-XRD100U-001-A
3359,20260914,4,14,67,258,2,B,0.0,0.0,0.0,NAN,NAN,SIN_NUMERO,NAN,NAN,SIN_NUMERO,NAN,0.0,0.0,0.0,0.0,nan,nan,False,20260914-CATALINA HUANCA-XRD100U-001-B
3360,20260915,4,14,67,258,2,A,0.0,0.0,0.0,NAN,NAN,SIN_NUMERO,NAN,NAN,SIN_NUMERO,NAN,0.0,0.0,0.0,0.0,nan,nan,False,20260915-CATALINA HUANCA-XRD100U-001-A
3361,20260915,4,14,67,258,2,B,0.0,0.0,0.0,NAN,NAN,SIN_NUMERO,NAN,NAN,SIN_NUMERO,NAN,0.0,0.0,0.0,0.0,nan,nan,False,20260915-CATALINA HUANCA-XRD100U-001-B
3362,20260916,4,14,67,258,2,A,0.0,0.0,0.0,NAN,NAN,SIN_NUMERO,NAN,NAN,SIN_NUMERO,NAN,0.0,0.0,0.0,0.0,nan,nan,False,20260916-CATALINA HUANCA-XRD100U-001-A
3363,20260916,4,14,67,258,2,B,0.0,0.0,0.0,NAN,NAN,SIN_NUMERO,NAN,NAN,SIN_NUMERO,NAN,0.0,0.0,0.0,0.0,nan,nan,False,20260916-CATALINA HUANCA-XRD100U-001-B
3364,20260917,4,14,67,258,2,A,0.0,0.0,0.0,NAN,NAN,SIN_NUMERO,NAN,NAN,SIN_NUMERO,NAN,0.0,0.0,0.0,0.0,nan,nan,False,20260917-CATALINA HUANCA-XRD100U-001-A
3365,20260917,4,14,67,258,2,B,0.0,0.0,0.0,NAN,NAN,SIN_NUMERO,NAN,NAN,SIN_NUMERO,NAN,0.0,0.0,0.0,0.0,nan,nan,False,20260917-CATALINA HUANCA-XRD100U-001-B
3366,20260918,4,14,67,258,2,A,0.0,0.0,0.0,NAN,NAN,SIN_NUMERO,NAN,NAN,SIN_NUMERO,NAN,0.0,0.0,0.0,0.0,nan,nan,False,20260918-CATALINA HUANCA-XRD100U-001-A
3367,20260918,4,14,67,258,2,B,0.0,0.0,0.0,NAN,NAN,SIN_NUMERO,NAN,NAN,SIN_NUMERO,NAN,0.0,0.0,0.0,0.0,nan,nan,False,20260918-CATALINA HUANCA-XRD100U-001-B
3368,20260919,4,14,67,258,2,A,0.0,0.0,0.0,NAN,NAN,SIN_NUMERO,NAN,NAN,SIN_NUMERO,NAN,0.0,0.0,0.0,0.0,nan,nan,False,20260919-CATALINA HUANCA-XRD100U-001-A
3369,20260919,4,14,67,258,2,B,0.0,0.0,0.0,NAN,NAN,SIN_NUMERO,NAN,NAN,SIN_NUMERO,NAN,0.0,0.0,0.0,0.0,nan,nan,False,20260919-CATALINA HUANCA-XRD100U-001-B
3370,20260920,4,14,67,258,2,A,0.0,0.0,0.0,NAN,NAN,SIN_NUMERO,NAN,NAN,SIN_NUMERO,NAN,0.0,0.0,0.0,0.0,nan,nan,False,20260920-CATALINA HUANCA-XRD100U-001-A
3371,20260920,4,14,67,258,2,B,0.0,0.0,0.0,NAN,NAN,SIN_NUMERO,NAN,NAN,SIN_NUMERO,NAN,0.0,0.0,0.0,0.0,nan,nan,False,20260920-CATALINA HUANCA-XRD100U-001-B
3372,20260921,4,14,67,258,2,A,0.0,0.0,0.0,NAN,NAN,SIN_NUMERO,NAN,NAN,SIN_NUMERO,NAN,0.0,0.0,0.0,0.0,nan,nan,False,20260921-CATALINA HUANCA-XRD100U-001-A
3373,20260921,4,14,67,258,2,B,0.0,0.0,0.0,NAN,NAN,SIN_NUMERO,NAN,NAN,SIN_NUMERO,NAN,0.0,0.0,0.0,0.0,nan,nan,False,20260921-CATALINA HUANCA-XRD100U-001-B
3374,20260922,4,14,67,258,2,A,0.0,0.0,0.0,NAN,NAN,SIN_NUMERO,NAN,NAN,SIN_NUMERO,NAN,0.0,0.0,0.0,0.0,nan,nan,False,20260922-CATALINA HUANCA-XRD100U-001-A
3375,20260922,4,14,67,258,2,B,0.0,0.0,0.0,NAN,NAN,SIN_NUMERO,NAN,NAN,SIN_NUMERO,NAN,0.0,0.0,0.0,0.0,nan,nan,False,20260922-CATALINA HUANCA-XRD100U-001-B
3376,20260923,4,14,67,258,2,A,0.0,0.0,0.0,NAN,NAN,SIN_NUMERO,NAN,NAN,SIN_NUMERO,NAN,0.0,0.0,0.0,0.0,nan,nan,False,20260923-CATALINA HUANCA-XRD100U-001-A
3377,20260923,4,14,67,258,2,B,0.0,0.0,0.0,NAN,NAN,SIN_NUMERO,NAN,NAN,SIN_NUMERO,NAN,0.0,0.0,0.0,0.0,nan,nan,False,20260923-CATALINA HUANCA-XRD100U-001-B
3378,20260924,4,14,67,258,2,A,0.0,0.0,0.0,NAN,NAN,SIN_NUMERO,NAN,NAN,SIN_NUMERO,NAN,0.0,0.0,0.0,0.0,nan,nan,False,20260924-CATALINA HUANCA-XRD100U-001-A
3379,20260924,4,14,67,258,2,B,0.0,0.0,0.0,NAN,NAN,SIN_NUMERO,NAN,NAN,SIN_NUMERO,NAN,0.0,0.0,0.0,0.0,nan,nan,False,20260924-CATALINA HUANCA-XRD100U-001-B
3380,20260925,4,14,67,258,2,A,0.0,0.0,0.0,NAN,NAN,SIN_NUMERO,NAN,NAN,SIN_NUMERO,NAN,0.0,0.0,0.0,0.0,nan,nan,False,20260925-CATALINA HUANCA-XRD100U-001-A
3381,20260925,4,14,67,258,2,B,0.0,0.0,0.0,NAN,NAN,SIN_NUMERO,NAN,NAN,SIN_NUMERO,NAN,0.0,0.0,0.0,0.0,nan,nan,False,20260925-CATALINA HUANCA-XRD100U-001-B
3382,20260826,4,21,108,404,3,A,71.8,87.8,16.0,BOYLES,NG7,536768,USADO,HARDCORE,190163,USADO,0.0,0.0,10.7,0.0,Muy fracturado arenisca,Perfora terreno muy fracturado arenisca.,False,20260826-CATALINA HUANCA-XRD90U-005-A
3383,20260826,4,21,108,389,3,B,87.8,106.3,18.5,BOYLES,NG7,536768,USADO,HARDCORE,190163,USADO,0.0,0.0,0.0,0.0,Caliza,Inicio de guardia capacitación con bienestar spcial RD y perfora terreno caliza.,False,20260826-CATALINA HUANCA-XRD90U-005-B
3384,20260827,4,21,108,74,3,A,106.3,116.3,10.0,BOYLES,NG7,536781,NUEVO,HARDCORE,190163,USADO,0.0,0.0,4.8,0.0,Arenisca fracturado,"Inicio de guardia capacitación con bienestar social RD, se realiza cambio de broca y se perfora terreno arenisca fracturado.",False,20260827-CATALINA HUANCA-XRD90U-005-A
3385,20260827,4,21,108,389,2,B,0.0,0.0,0.0,NAN,NAN,SIN_NUMERO,NAN,NAN,SIN_NUMERO,NAN,0.0,0.0,0.0,0.0,nan,"Finaliza el sondaje, se realiza medición de desviación, desisinstalacion del sistema hidráulico y se estandariza la cámara",False,20260827-CATALINA HUANCA-XRD90U-005-B
3386,20260828,4,21,108,74,2,A,0.0,0.0,0.0,NAN,NAN,SIN_NUMERO,NAN,NAN,SIN_NUMERO,NAN,0.0,0.0,0.0,0.0,nan,"Desinstalación de sistema eléctrico, traslado de accesorios y mixer a la nueva cámara.",False,20260828-CATALINA HUANCA-XRD90U-005-A
3387,20260828,4,21,67,389,2,B,0.0,0.0,0.0,NAN,NAN,SIN_NUMERO,NAN,NAN,SIN_NUMERO,NAN,0.0,0.0,0.0,0.0,nan,"Se traslada unidad de rotación, pawer pack, panel de mando, bomba de lodo y se inicia con la estandarización de la cámara.",False,20260828-CATALINA HUANCA-XRD90U-005-B
3388,20260829,4,21,67,74,2,A,0.0,0.0,0.0,NAN,NAN,SIN_NUMERO,NAN,NAN,SIN_NUMERO,NAN,0.0,0.0,4.2,0.0,nan,"Se continúa con la estandarización de la cámara, se realiza instalación hidráulica y colocado de guarda de la máquina.",False,20260829-CATALINA HUANCA-XRD90U-005-A
3389,20260829,4,21,67,389,2,B,0.0,0.0,0.0,NAN,NAN,SIN_NUMERO,NAN,NAN,SIN_NUMERO,NAN,0.0,0.0,0.0,0.0,nan,"Se traslada 50 tuberias HQ a la cámara, se mueve la máquina al nuevo punto, se alinea y nivela la máquina, se perfora perno centro.",False,20260829-CATALINA HUANCA-XRD90U-005-B
3390,20260830,4,21,67,74,2,A,0.0,0.0,0.0,NAN,NAN,SIN_NUMERO,NAN,NAN,SIN_NUMERO,NAN,0.0,0.0,7.6,0.0,nan,"Se ancla la máquina, se estandariza la cámara, se tiene problemas con el anclaje y se mueve la máquina para corregir el anclaje.",False,20260830-CATALINA HUANCA-XRD90U-005-A
3391,20260830,4,21,113,389,2,B,0.0,10.0,10.0,HARDCORE,X8,429805,NUEVO,HARDCORE,182964,NUEVO,0.0,0.0,0.0,0.0,Caliza fracturado,Se perfora perno centro y inicia la perforación terreno caliza fracturado.,False,20260830-CATALINA HUANCA-XRD90U-005-B
3392,20260831,4,21,113,74,2,A,10.0,30.3,20.3,HARDCORE,X8,429805,USADO,HARDCORE,182964,USADO,0.0,0.0,11.7,0.0,Arenisca,Perfora terreno arenisca.,False,20260831-CATALINA HUANCA-XRD90U-005-A
3393,20260831,4,21,113,389,2,B,30.3,50.9,20.6,HARDCORE,X8,429805,USADO,HARDCORE,182964,USADO,0.0,0.0,0.0,0.0,Caliza fracturado,Se sienta casing HQ con dificultad y se perfora terreno caliza fracturado.,False,20260831-CATALINA HUANCA-XRD90U-005-B
3394,20260901,4,21,113,258,2,A,50.9,0.0,0.0,NAN,NAN,SIN_NUMERO,NAN,NAN,SIN_NUMERO,NAN,0.0,0.0,0.0,0.0,nan,nan,False,20260901-CATALINA HUANCA-XRD90U-005-A
3395,20260901,4,21,67,258,2,B,0.0,0.0,0.0,NAN,NAN,SIN_NUMERO,NAN,NAN,SIN_NUMERO,NAN,0.0,0.0,0.0,0.0,nan,nan,False,20260901-CATALINA HUANCA-XRD90U-005-B
3396,20260902,4,21,67,258,2,A,0.0,0.0,0.0,NAN,NAN,SIN_NUMERO,NAN,NAN,SIN_NUMERO,NAN,0.0,0.0,0.0,0.0,nan,nan,False,20260902-CATALINA HUANCA-XRD90U-005-A
3397,20260902,4,21,67,258,2,B,0.0,0.0,0.0,NAN,NAN,SIN_NUMERO,NAN,NAN,SIN_NUMERO,NAN,0.0,0.0,0.0,0.0,nan,nan,False,20260902-CATALINA HUANCA-XRD90U-005-B
3398,20260903,4,21,67,258,2,A,0.0,0.0,0.0,NAN,NAN,SIN_NUMERO,NAN,NAN,SIN_NUMERO,NAN,0.0,0.0,0.0,0.0,nan,nan,False,20260903-CATALINA HUANCA-XRD90U-005-A
3399,20260903,4,21,67,258,2,B,0.0,0.0,0.0,NAN,NAN,SIN_NUMERO,NAN,NAN,SIN_NUMERO,NAN,0.0,0.0,0.0,0.0,nan,nan,False,20260903-CATALINA HUANCA-XRD90U-005-B
3400,20260904,4,21,67,258,2,A,0.0,0.0,0.0,NAN,NAN,SIN_NUMERO,NAN,NAN,SIN_NUMERO,NAN,0.0,0.0,0.0,0.0,nan,nan,False,20260904-CATALINA HUANCA-XRD90U-005-A
3401,20260904,4,21,67,258,2,B,0.0,0.0,0.0,NAN,NAN,SIN_NUMERO,NAN,NAN,SIN_NUMERO,NAN,0.0,0.0,0.0,0.0,nan,nan,False,20260904-CATALINA HUANCA-XRD90U-005-B
3402,20260905,4,21,67,258,2,A,0.0,0.0,0.0,NAN,NAN,SIN_NUMERO,NAN,NAN,SIN_NUMERO,NAN,0.0,0.0,0.0,0.0,nan,nan,False,20260905-CATALINA HUANCA-XRD90U-005-A
3403,20260905,4,21,67,258,2,B,0.0,0.0,0.0,NAN,NAN,SIN_NUMERO,NAN,NAN,SIN_NUMERO,NAN,0.0,0.0,0.0,0.0,nan,nan,False,20260905-CATALINA HUANCA-XRD90U-005-B
3404,20260906,4,21,67,258,2,A,0.0,0.0,0.0,NAN,NAN,SIN_NUMERO,NAN,NAN,SIN_NUMERO,NAN,0.0,0.0,0.0,0.0,nan,nan,False,20260906-CATALINA HUANCA-XRD90U-005-A
3405,20260906,4,21,67,258,2,B,0.0,0.0,0.0,NAN,NAN,SIN_NUMERO,NAN,NAN,SIN_NUMERO,NAN,0.0,0.0,0.0,0.0,nan,nan,False,20260906-CATALINA HUANCA-XRD90U-005-B
3406,20260907,4,21,67,258,2,A,0.0,0.0,0.0,NAN,NAN,SIN_NUMERO,NAN,NAN,SIN_NUMERO,NAN,0.0,0.0,0.0,0.0,nan,nan,False,20260907-CATALINA HUANCA-XRD90U-005-A
3407,20260907,4,21,67,258,2,B,0.0,0.0,0.0,NAN,NAN,SIN_NUMERO,NAN,NAN,SIN_NUMERO,NAN,0.0,0.0,0.0,0.0,nan,nan,False,20260907-CATALINA HUANCA-XRD90U-005-B
3408,20260908,4,21,67,258,2,A,0.0,0.0,0.0,NAN,NAN,SIN_NUMERO,NAN,NAN,SIN_NUMERO,NAN,0.0,0.0,0.0,0.0,nan,nan,False,20260908-CATALINA HUANCA-XRD90U-005-A
3409,20260908,4,21,67,258,2,B,0.0,0.0,0.0,NAN,NAN,SIN_NUMERO,NAN,NAN,SIN_NUMERO,NAN,0.0,0.0,0.0,0.0,nan,nan,False,20260908-CATALINA HUANCA-XRD90U-005-B
3410,20260909,4,21,67,258,2,A,0.0,0.0,0.0,NAN,NAN,SIN_NUMERO,NAN,NAN,SIN_NUMERO,NAN,0.0,0.0,0.0,0.0,nan,nan,False,20260909-CATALINA HUANCA-XRD90U-005-A
3411,20260909,4,21,67,258,2,B,0.0,0.0,0.0,NAN,NAN,SIN_NUMERO,NAN,NAN,SIN_NUMERO,NAN,0.0,0.0,0.0,0.0,nan,nan,False,20260909-CATALINA HUANCA-XRD90U-005-B
3412,20260910,4,21,67,258,2,A,0.0,0.0,0.0,NAN,NAN,SIN_NUMERO,NAN,NAN,SIN_NUMERO,NAN,0.0,0.0,0.0,0.0,nan,nan,False,20260910-CATALINA HUANCA-XRD90U-005-A
3413,20260910,4,21,67,258,2,B,0.0,0.0,0.0,NAN,NAN,SIN_NUMERO,NAN,NAN,SIN_NUMERO,NAN,0.0,0.0,0.0,0.0,nan,nan,False,20260910-CATALINA HUANCA-XRD90U-005-B
3414,20260911,4,21,67,258,2,A,0.0,0.0,0.0,NAN,NAN,SIN_NUMERO,NAN,NAN,SIN_NUMERO,NAN,0.0,0.0,0.0,0.0,nan,nan,False,20260911-CATALINA HUANCA-XRD90U-005-A
3415,20260911,4,21,67,258,2,B,0.0,0.0,0.0,NAN,NAN,SIN_NUMERO,NAN,NAN,SIN_NUMERO,NAN,0.0,0.0,0.0,0.0,nan,nan,False,20260911-CATALINA HUANCA-XRD90U-005-B
3416,20260912,4,21,67,258,2,A,0.0,0.0,0.0,NAN,NAN,SIN_NUMERO,NAN,NAN,SIN_NUMERO,NAN,0.0,0.0,0.0,0.0,nan,nan,False,20260912-CATALINA HUANCA-XRD90U-005-A
3417,20260912,4,21,67,258,2,B,0.0,0.0,0.0,NAN,NAN,SIN_NUMERO,NAN,NAN,SIN_NUMERO,NAN,0.0,0.0,0.0,0.0,nan,nan,False,20260912-CATALINA HUANCA-XRD90U-005-B
3418,20260913,4,21,67,258,2,A,0.0,0.0,0.0,NAN,NAN,SIN_NUMERO,NAN,NAN,SIN_NUMERO,NAN,0.0,0.0,0.0,0.0,nan,nan,False,20260913-CATALINA HUANCA-XRD90U-005-A
3419,20260913,4,21,67,258,2,B,0.0,0.0,0.0,NAN,NAN,SIN_NUMERO,NAN,NAN,SIN_NUMERO,NAN,0.0,0.0,0.0,0.0,nan,nan,False,20260913-CATALINA HUANCA-XRD90U-005-B
3420,20260914,4,21,67,258,2,A,0.0,0.0,0.0,NAN,NAN,SIN_NUMERO,NAN,NAN,SIN_NUMERO,NAN,0.0,0.0,0.0,0.0,nan,nan,False,20260914-CATALINA HUANCA-XRD90U-005-A
3421,20260914,4,21,67,258,2,B,0.0,0.0,0.0,NAN,NAN,SIN_NUMERO,NAN,NAN,SIN_NUMERO,NAN,0.0,0.0,0.0,0.0,nan,nan,False,20260914-CATALINA HUANCA-XRD90U-005-B
3422,20260915,4,21,67,258,2,A,0.0,0.0,0.0,NAN,NAN,SIN_NUMERO,NAN,NAN,SIN_NUMERO,NAN,0.0,0.0,0.0,0.0,nan,nan,False,20260915-CATALINA HUANCA-XRD90U-005-A
3423,20260915,4,21,67,258,2,B,0.0,0.0,0.0,NAN,NAN,SIN_NUMERO,NAN,NAN,SIN_NUMERO,NAN,0.0,0.0,0.0,0.0,nan,nan,False,20260915-CATALINA HUANCA-XRD90U-005-B
3424,20260916,4,21,67,258,2,A,0.0,0.0,0.0,NAN,NAN,SIN_NUMERO,NAN,NAN,SIN_NUMERO,NAN,0.0,0.0,0.0,0.0,nan,nan,False,20260916-CATALINA HUANCA-XRD90U-005-A
3425,20260916,4,21,67,258,2,B,0.0,0.0,0.0,NAN,NAN,SIN_NUMERO,NAN,NAN,SIN_NUMERO,NAN,0.0,0.0,0.0,0.0,nan,nan,False,20260916-CATALINA HUANCA-XRD90U-005-B
3426,20260917,4,21,67,258,2,A,0.0,0.0,0.0,NAN,NAN,SIN_NUMERO,NAN,NAN,SIN_NUMERO,NAN,0.0,0.0,0.0,0.0,nan,nan,False,20260917-CATALINA HUANCA-XRD90U-005-A
3427,20260917,4,21,67,258,2,B,0.0,0.0,0.0,NAN,NAN,SIN_NUMERO,NAN,NAN,SIN_NUMERO,NAN,0.0,0.0,0.0,0.0,nan,nan,False,20260917-CATALINA HUANCA-XRD90U-005-B
3428,20260918,4,21,67,258,2,A,0.0,0.0,0.0,NAN,NAN,SIN_NUMERO,NAN,NAN,SIN_NUMERO,NAN,0.0,0.0,0.0,0.0,nan,nan,False,20260918-CATALINA HUANCA-XRD90U-005-A
3429,20260918,4,21,67,258,2,B,0.0,0.0,0.0,NAN,NAN,SIN_NUMERO,NAN,NAN,SIN_NUMERO,NAN,0.0,0.0,0.0,0.0,nan,nan,False,20260918-CATALINA HUANCA-XRD90U-005-B
3430,20260919,4,21,67,258,2,A,0.0,0.0,0.0,NAN,NAN,SIN_NUMERO,NAN,NAN,SIN_NUMERO,NAN,0.0,0.0,0.0,0.0,nan,nan,False,20260919-CATALINA HUANCA-XRD90U-005-A
3431,20260919,4,21,67,258,2,B,0.0,0.0,0.0,NAN,NAN,SIN_NUMERO,NAN,NAN,SIN_NUMERO,NAN,0.0,0.0,0.0,0.0,nan,nan,False,20260919-CATALINA HUANCA-XRD90U-005-B
3432,20260920,4,21,67,258,2,A,0.0,0.0,0.0,NAN,NAN,SIN_NUMERO,NAN,NAN,SIN_NUMERO,NAN,0.0,0.0,0.0,0.0,nan,nan,False,20260920-CATALINA HUANCA-XRD90U-005-A
3433,20260920,4,21,67,258,2,B,0.0,0.0,0.0,NAN,NAN,SIN_NUMERO,NAN,NAN,SIN_NUMERO,NAN,0.0,0.0,0.0,0.0,nan,nan,False,20260920-CATALINA HUANCA-XRD90U-005-B
3434,20260921,4,21,67,258,2,A,0.0,0.0,0.0,NAN,NAN,SIN_NUMERO,NAN,NAN,SIN_NUMERO,NAN,0.0,0.0,0.0,0.0,nan,nan,False,20260921-CATALINA HUANCA-XRD90U-005-A
3435,20260921,4,21,67,258,2,B,0.0,0.0,0.0,NAN,NAN,SIN_NUMERO,NAN,NAN,SIN_NUMERO,NAN,0.0,0.0,0.0,0.0,nan,nan,False,20260921-CATALINA HUANCA-XRD90U-005-B
3436,20260922,4,21,67,258,2,A,0.0,0.0,0.0,NAN,NAN,SIN_NUMERO,NAN,NAN,SIN_NUMERO,NAN,0.0,0.0,0.0,0.0,nan,nan,False,20260922-CATALINA HUANCA-XRD90U-005-A
3437,20260922,4,21,67,258,2,B,0.0,0.0,0.0,NAN,NAN,SIN_NUMERO,NAN,NAN,SIN_NUMERO,NAN,0.0,0.0,0.0,0.0,nan,nan,False,20260922-CATALINA HUANCA-XRD90U-005-B
3438,20260923,4,21,67,258,2,A,0.0,0.0,0.0,NAN,NAN,SIN_NUMERO,NAN,NAN,SIN_NUMERO,NAN,0.0,0.0,0.0,0.0,nan,nan,False,20260923-CATALINA HUANCA-XRD90U-005-A
3439,20260923,4,21,67,258,2,B,0.0,0.0,0.0,NAN,NAN,SIN_NUMERO,NAN,NAN,SIN_NUMERO,NAN,0.0,0.0,0.0,0.0,nan,nan,False,20260923-CATALINA HUANCA-XRD90U-005-B
3440,20260924,4,21,67,258,2,A,0.0,0.0,0.0,NAN,NAN,SIN_NUMERO,NAN,NAN,SIN_NUMERO,NAN,0.0,0.0,0.0,0.0,nan,nan,False,20260924-CATALINA HUANCA-XRD90U-005-A
3441,20260924,4,21,67,258,2,B,0.0,0.0,0.0,NAN,NAN,SIN_NUMERO,NAN,NAN,SIN_NUMERO,NAN,0.0,0.0,0.0,0.0,nan,nan,False,20260924-CATALINA HUANCA-XRD90U-005-B
3442,20260925,4,21,67,258,2,A,0.0,0.0,0.0,NAN,NAN,SIN_NUMERO,NAN,NAN,SIN_NUMERO,NAN,0.0,0.0,0.0,0.0,nan,nan,False,20260925-CATALINA HUANCA-XRD90U-005-A
3443,20260925,4,21,67,258,2,B,0.0,0.0,0.0,NAN,NAN,SIN_NUMERO,NAN,NAN,SIN_NUMERO,NAN,0.0,0.0,0.0,0.0,nan,nan,False,20260925-CATALINA HUANCA-XRD90U-005-B
3444,20260826,4,16,109,243,3,A,58.1,58.1,0.0,NAN,NAN,SIN_NUMERO,NAN,NAN,SIN_NUMERO,NAN,0.0,0.0,6.0,0.0,nan,Perforista y ayudante EMO periodico programado hoy 26/08,False,20260826-CATALINA HUANCA-XRD125USS-001-A
3445,20260826,4,16,109,171,3,B,58.1,70.2,12.1,HARDCORE,X4,412721,NUEVO,HARDCORE,193933,NUEVO,0.0,0.0,0.0,0.0,Caliza fracturado,"Inicio de guardia capacitación con bienestar spcial RD, se realiza cambio de broca y perfora terreno caliza fracturado.",False,20260826-CATALINA HUANCA-XRD125USS-001-B
3446,20260827,4,16,109,244,3,A,70.2,77.6,7.4,HARDCORE,X4,412721,USADO,HARDCORE,193933,USADO,0.0,0.0,11.0,0.0,Caliza muy fracturado,"Inicio de guardia capacitación con bienestar social RD, perfora terreno caliza muy fracturado, se perfora lavando y acondicionando el sondaje.",False,20260827-CATALINA HUANCA-XRD125USS-001-A
3447,20260827,4,16,109,171,3,B,77.6,97.5,19.9,HARDCORE,X4,412721,USADO,HARDCORE,193933,USADO,0.0,0.0,0.0,0.0,Caliza fracturado,Perfora terreno caliza fracturado y se acondiciona sondaje en cada corrida.,False,20260827-CATALINA HUANCA-XRD125USS-001-B
3448,20260828,4,16,109,244,3,A,97.5,115.7,18.2,HARDCORE,X4,412721,USADO,HARDCORE,193933,USADO,0.0,0.0,13.0,0.0,Caliza fracturado,Perfora terreno caliza fracturado.,False,20260828-CATALINA HUANCA-XRD125USS-001-A
3449,20260828,4,16,109,171,3,B,115.7,129.9,14.2,HARDCORE,X4,412721,USADO,HARDCORE,193933,USADO,0.0,0.0,0.0,0.0,Caliza fracturado mineralizado,Perfora terreno caliza fracturado mineralizado y se acondiciona sondaje en cada corrida.,False,20260828-CATALINA HUANCA-XRD125USS-001-B
3450,20260829,4,16,109,244,3,A,129.9,143.6,13.7,HARDCORE,X4,412721,USADO,HARDCORE,193933,USADO,0.0,0.0,10.0,0.0,Caliza compacta fracturado,"Perfora terreno caliza compacta fracturado, a las 10:00 a.m. se realiza simulacro hasta 12:00 p.m. y continúa con la perforación.",False,20260829-CATALINA HUANCA-XRD125USS-001-A
3451,20260829,4,16,109,171,3,B,143.6,161.8,18.2,HARDCORE,X4,412721,USADO,HARDCORE,193933,USADO,0.0,0.0,0.0,0.0,Caliza fracturado duro,Perfora terreno caliza fracturado duro y se acondiciona sondaje en cada corrida.,False,20260829-CATALINA HUANCA-XRD125USS-001-B
3452,20260830,4,16,109,244,3,A,161.8,171.1,9.3,HARDCORE,X4,412721,USADO,HARDCORE,193933,USADO,0.0,0.0,8.0,0.0,Caliza compacto,"Perfora terreno caliza compacto, se presenta problemas con la manguera hidráulica N° 6 y N°8 mecánico de turno le da solución.",False,20260830-CATALINA HUANCA-XRD125USS-001-A
3453,20260830,4,16,109,171,2,B,0.0,0.0,0.0,NAN,NAN,SIN_NUMERO,NAN,NAN,SIN_NUMERO,NAN,0.0,0.0,0.0,0.0,nan,"Se realiza medición de desviación, se obtura el sondaje se desancla la máquina, mecánico realiza cambio de retende chuck y se realiza movimiento de la máquina.",False,20260830-CATALINA HUANCA-XRD125USS-001-B
3454,20260831,4,16,114,244,3,A,0.0,8.8,8.8,HARDCORE,X4,426935,NUEVO,HARDCORE,193933,USADO,0.0,0.0,5.0,0.0,Conglomerado fracturado arenisca,"Se posiciona y se alinea la máquina, se perfora perno centro y se estandariza la cámara, se inicia con la perforación terreno conglomerado fracturado arenisca.",False,20260831-CATALINA HUANCA-XRD125USS-001-A
3455,20260831,4,16,114,171,3,B,8.8,8.8,0.0,NAN,NAN,SIN_NUMERO,NAN,NAN,SIN_NUMERO,NAN,0.0,0.0,0.0,0.0,nan,"Se paraliza la máquina por falta de personal ayudante de la máquina bobcat, ayudante apoya en la bobcat y perforista en otras máquinas.",False,20260831-CATALINA HUANCA-XRD125USS-001-B
3456,20260901,4,16,114,258,2,A,8.8,0.0,0.0,NAN,NAN,SIN_NUMERO,NAN,NAN,SIN_NUMERO,NAN,0.0,0.0,0.0,0.0,nan,nan,False,20260901-CATALINA HUANCA-XRD125USS-001-A
3457,20260901,4,16,67,258,2,B,0.0,0.0,0.0,NAN,NAN,SIN_NUMERO,NAN,NAN,SIN_NUMERO,NAN,0.0,0.0,0.0,0.0,nan,nan,False,20260901-CATALINA HUANCA-XRD125USS-001-B
3458,20260902,4,16,67,258,2,A,0.0,0.0,0.0,NAN,NAN,SIN_NUMERO,NAN,NAN,SIN_NUMERO,NAN,0.0,0.0,0.0,0.0,nan,nan,False,20260902-CATALINA HUANCA-XRD125USS-001-A
3459,20260902,4,16,67,258,2,B,0.0,0.0,0.0,NAN,NAN,SIN_NUMERO,NAN,NAN,SIN_NUMERO,NAN,0.0,0.0,0.0,0.0,nan,nan,False,20260902-CATALINA HUANCA-XRD125USS-001-B
3460,20260903,4,16,67,258,2,A,0.0,0.0,0.0,NAN,NAN,SIN_NUMERO,NAN,NAN,SIN_NUMERO,NAN,0.0,0.0,0.0,0.0,nan,nan,False,20260903-CATALINA HUANCA-XRD125USS-001-A
3461,20260903,4,16,67,258,2,B,0.0,0.0,0.0,NAN,NAN,SIN_NUMERO,NAN,NAN,SIN_NUMERO,NAN,0.0,0.0,0.0,0.0,nan,nan,False,20260903-CATALINA HUANCA-XRD125USS-001-B
3462,20260904,4,16,67,258,2,A,0.0,0.0,0.0,NAN,NAN,SIN_NUMERO,NAN,NAN,SIN_NUMERO,NAN,0.0,0.0,0.0,0.0,nan,nan,False,20260904-CATALINA HUANCA-XRD125USS-001-A
3463,20260904,4,16,67,258,2,B,0.0,0.0,0.0,NAN,NAN,SIN_NUMERO,NAN,NAN,SIN_NUMERO,NAN,0.0,0.0,0.0,0.0,nan,nan,False,20260904-CATALINA HUANCA-XRD125USS-001-B
3464,20260905,4,16,67,258,2,A,0.0,0.0,0.0,NAN,NAN,SIN_NUMERO,NAN,NAN,SIN_NUMERO,NAN,0.0,0.0,0.0,0.0,nan,nan,False,20260905-CATALINA HUANCA-XRD125USS-001-A
3465,20260905,4,16,67,258,2,B,0.0,0.0,0.0,NAN,NAN,SIN_NUMERO,NAN,NAN,SIN_NUMERO,NAN,0.0,0.0,0.0,0.0,nan,nan,False,20260905-CATALINA HUANCA-XRD125USS-001-B
3466,20260906,4,16,67,258,2,A,0.0,0.0,0.0,NAN,NAN,SIN_NUMERO,NAN,NAN,SIN_NUMERO,NAN,0.0,0.0,0.0,0.0,nan,nan,False,20260906-CATALINA HUANCA-XRD125USS-001-A
3467,20260906,4,16,67,258,2,B,0.0,0.0,0.0,NAN,NAN,SIN_NUMERO,NAN,NAN,SIN_NUMERO,NAN,0.0,0.0,0.0,0.0,nan,nan,False,20260906-CATALINA HUANCA-XRD125USS-001-B
3468,20260907,4,16,67,258,2,A,0.0,0.0,0.0,NAN,NAN,SIN_NUMERO,NAN,NAN,SIN_NUMERO,NAN,0.0,0.0,0.0,0.0,nan,nan,False,20260907-CATALINA HUANCA-XRD125USS-001-A
3469,20260907,4,16,67,258,2,B,0.0,0.0,0.0,NAN,NAN,SIN_NUMERO,NAN,NAN,SIN_NUMERO,NAN,0.0,0.0,0.0,0.0,nan,nan,False,20260907-CATALINA HUANCA-XRD125USS-001-B
3470,20260908,4,16,67,258,2,A,0.0,0.0,0.0,NAN,NAN,SIN_NUMERO,NAN,NAN,SIN_NUMERO,NAN,0.0,0.0,0.0,0.0,nan,nan,False,20260908-CATALINA HUANCA-XRD125USS-001-A
3471,20260908,4,16,67,258,2,B,0.0,0.0,0.0,NAN,NAN,SIN_NUMERO,NAN,NAN,SIN_NUMERO,NAN,0.0,0.0,0.0,0.0,nan,nan,False,20260908-CATALINA HUANCA-XRD125USS-001-B
3472,20260909,4,16,67,258,2,A,0.0,0.0,0.0,NAN,NAN,SIN_NUMERO,NAN,NAN,SIN_NUMERO,NAN,0.0,0.0,0.0,0.0,nan,nan,False,20260909-CATALINA HUANCA-XRD125USS-001-A
3473,20260909,4,16,67,258,2,B,0.0,0.0,0.0,NAN,NAN,SIN_NUMERO,NAN,NAN,SIN_NUMERO,NAN,0.0,0.0,0.0,0.0,nan,nan,False,20260909-CATALINA HUANCA-XRD125USS-001-B
3474,20260910,4,16,67,258,2,A,0.0,0.0,0.0,NAN,NAN,SIN_NUMERO,NAN,NAN,SIN_NUMERO,NAN,0.0,0.0,0.0,0.0,nan,nan,False,20260910-CATALINA HUANCA-XRD125USS-001-A
3475,20260910,4,16,67,258,2,B,0.0,0.0,0.0,NAN,NAN,SIN_NUMERO,NAN,NAN,SIN_NUMERO,NAN,0.0,0.0,0.0,0.0,nan,nan,False,20260910-CATALINA HUANCA-XRD125USS-001-B
3476,20260911,4,16,67,258,2,A,0.0,0.0,0.0,NAN,NAN,SIN_NUMERO,NAN,NAN,SIN_NUMERO,NAN,0.0,0.0,0.0,0.0,nan,nan,False,20260911-CATALINA HUANCA-XRD125USS-001-A
3477,20260911,4,16,67,258,2,B,0.0,0.0,0.0,NAN,NAN,SIN_NUMERO,NAN,NAN,SIN_NUMERO,NAN,0.0,0.0,0.0,0.0,nan,nan,False,20260911-CATALINA HUANCA-XRD125USS-001-B
3478,20260912,4,16,67,258,2,A,0.0,0.0,0.0,NAN,NAN,SIN_NUMERO,NAN,NAN,SIN_NUMERO,NAN,0.0,0.0,0.0,0.0,nan,nan,False,20260912-CATALINA HUANCA-XRD125USS-001-A
3479,20260912,4,16,67,258,2,B,0.0,0.0,0.0,NAN,NAN,SIN_NUMERO,NAN,NAN,SIN_NUMERO,NAN,0.0,0.0,0.0,0.0,nan,nan,False,20260912-CATALINA HUANCA-XRD125USS-001-B
3480,20260913,4,16,67,258,2,A,0.0,0.0,0.0,NAN,NAN,SIN_NUMERO,NAN,NAN,SIN_NUMERO,NAN,0.0,0.0,0.0,0.0,nan,nan,False,20260913-CATALINA HUANCA-XRD125USS-001-A
3481,20260913,4,16,67,258,2,B,0.0,0.0,0.0,NAN,NAN,SIN_NUMERO,NAN,NAN,SIN_NUMERO,NAN,0.0,0.0,0.0,0.0,nan,nan,False,20260913-CATALINA HUANCA-XRD125USS-001-B
3482,20260914,4,16,67,258,2,A,0.0,0.0,0.0,NAN,NAN,SIN_NUMERO,NAN,NAN,SIN_NUMERO,NAN,0.0,0.0,0.0,0.0,nan,nan,False,20260914-CATALINA HUANCA-XRD125USS-001-A
3483,20260914,4,16,67,258,2,B,0.0,0.0,0.0,NAN,NAN,SIN_NUMERO,NAN,NAN,SIN_NUMERO,NAN,0.0,0.0,0.0,0.0,nan,nan,False,20260914-CATALINA HUANCA-XRD125USS-001-B
3484,20260915,4,16,67,258,2,A,0.0,0.0,0.0,NAN,NAN,SIN_NUMERO,NAN,NAN,SIN_NUMERO,NAN,0.0,0.0,0.0,0.0,nan,nan,False,20260915-CATALINA HUANCA-XRD125USS-001-A
3485,20260915,4,16,67,258,2,B,0.0,0.0,0.0,NAN,NAN,SIN_NUMERO,NAN,NAN,SIN_NUMERO,NAN,0.0,0.0,0.0,0.0,nan,nan,False,20260915-CATALINA HUANCA-XRD125USS-001-B
3486,20260916,4,16,67,258,2,A,0.0,0.0,0.0,NAN,NAN,SIN_NUMERO,NAN,NAN,SIN_NUMERO,NAN,0.0,0.0,0.0,0.0,nan,nan,False,20260916-CATALINA HUANCA-XRD125USS-001-A
3487,20260916,4,16,67,258,2,B,0.0,0.0,0.0,NAN,NAN,SIN_NUMERO,NAN,NAN,SIN_NUMERO,NAN,0.0,0.0,0.0,0.0,nan,nan,False,20260916-CATALINA HUANCA-XRD125USS-001-B
3488,20260917,4,16,67,258,2,A,0.0,0.0,0.0,NAN,NAN,SIN_NUMERO,NAN,NAN,SIN_NUMERO,NAN,0.0,0.0,0.0,0.0,nan,nan,False,20260917-CATALINA HUANCA-XRD125USS-001-A
3489,20260917,4,16,67,258,2,B,0.0,0.0,0.0,NAN,NAN,SIN_NUMERO,NAN,NAN,SIN_NUMERO,NAN,0.0,0.0,0.0,0.0,nan,nan,False,20260917-CATALINA HUANCA-XRD125USS-001-B
3490,20260918,4,16,67,258,2,A,0.0,0.0,0.0,NAN,NAN,SIN_NUMERO,NAN,NAN,SIN_NUMERO,NAN,0.0,0.0,0.0,0.0,nan,nan,False,20260918-CATALINA HUANCA-XRD125USS-001-A
3491,20260918,4,16,67,258,2,B,0.0,0.0,0.0,NAN,NAN,SIN_NUMERO,NAN,NAN,SIN_NUMERO,NAN,0.0,0.0,0.0,0.0,nan,nan,False,20260918-CATALINA HUANCA-XRD125USS-001-B
3492,20260919,4,16,67,258,2,A,0.0,0.0,0.0,NAN,NAN,SIN_NUMERO,NAN,NAN,SIN_NUMERO,NAN,0.0,0.0,0.0,0.0,nan,nan,False,20260919-CATALINA HUANCA-XRD125USS-001-A
3493,20260919,4,16,67,258,2,B,0.0,0.0,0.0,NAN,NAN,SIN_NUMERO,NAN,NAN,SIN_NUMERO,NAN,0.0,0.0,0.0,0.0,nan,nan,False,20260919-CATALINA HUANCA-XRD125USS-001-B
3494,20260920,4,16,67,258,2,A,0.0,0.0,0.0,NAN,NAN,SIN_NUMERO,NAN,NAN,SIN_NUMERO,NAN,0.0,0.0,0.0,0.0,nan,nan,False,20260920-CATALINA HUANCA-XRD125USS-001-A
3495,20260920,4,16,67,258,2,B,0.0,0.0,0.0,NAN,NAN,SIN_NUMERO,NAN,NAN,SIN_NUMERO,NAN,0.0,0.0,0.0,0.0,nan,nan,False,20260920-CATALINA HUANCA-XRD125USS-001-B
3496,20260921,4,16,67,258,2,A,0.0,0.0,0.0,NAN,NAN,SIN_NUMERO,NAN,NAN,SIN_NUMERO,NAN,0.0,0.0,0.0,0.0,nan,nan,False,20260921-CATALINA HUANCA-XRD125USS-001-A
3497,20260921,4,16,67,258,2,B,0.0,0.0,0.0,NAN,NAN,SIN_NUMERO,NAN,NAN,SIN_NUMERO,NAN,0.0,0.0,0.0,0.0,nan,nan,False,20260921-CATALINA HUANCA-XRD125USS-001-B
3498,20260922,4,16,67,258,2,A,0.0,0.0,0.0,NAN,NAN,SIN_NUMERO,NAN,NAN,SIN_NUMERO,NAN,0.0,0.0,0.0,0.0,nan,nan,False,20260922-CATALINA HUANCA-XRD125USS-001-A
3499,20260922,4,16,67,258,2,B,0.0,0.0,0.0,NAN,NAN,SIN_NUMERO,NAN,NAN,SIN_NUMERO,NAN,0.0,0.0,0.0,0.0,nan,nan,False,20260922-CATALINA HUANCA-XRD125USS-001-B
3500,20260923,4,16,67,258,2,A,0.0,0.0,0.0,NAN,NAN,SIN_NUMERO,NAN,NAN,SIN_NUMERO,NAN,0.0,0.0,0.0,0.0,nan,nan,False,20260923-CATALINA HUANCA-XRD125USS-001-A
3501,20260923,4,16,67,258,2,B,0.0,0.0,0.0,NAN,NAN,SIN_NUMERO,NAN,NAN,SIN_NUMERO,NAN,0.0,0.0,0.0,0.0,nan,nan,False,20260923-CATALINA HUANCA-XRD125USS-001-B
3502,20260924,4,16,67,258,2,A,0.0,0.0,0.0,NAN,NAN,SIN_NUMERO,NAN,NAN,SIN_NUMERO,NAN,0.0,0.0,0.0,0.0,nan,nan,False,20260924-CATALINA HUANCA-XRD125USS-001-A
3503,20260924,4,16,67,258,2,B,0.0,0.0,0.0,NAN,NAN,SIN_NUMERO,NAN,NAN,SIN_NUMERO,NAN,0.0,0.0,0.0,0.0,nan,nan,False,20260924-CATALINA HUANCA-XRD125USS-001-B
3504,20260925,4,16,67,258,2,A,0.0,0.0,0.0,NAN,NAN,SIN_NUMERO,NAN,NAN,SIN_NUMERO,NAN,0.0,0.0,0.0,0.0,nan,nan,False,20260925-CATALINA HUANCA-XRD125USS-001-A
3505,20260925,4,16,67,258,2,B,0.0,0.0,0.0,NAN,NAN,SIN_NUMERO,NAN,NAN,SIN_NUMERO,NAN,0.0,0.0,0.0,0.0,nan,nan,False,20260925-CATALINA HUANCA-XRD125USS-001-B
