hora_evento_id,calendario_sk,contrato_sk,equipo_sk,actividad_sk,turno_guardia,horas_reportadas,es_cobrable,categoria_disponibilidad,id_clave_unica
1,20260826,2,8,55,A,2.0,False,Stand By Inoperativo,20260826-ANDAYCHAGUA-XRD80USS-010-A
2,20260826,2,8,58,A,2.0,False,Stand By Inoperativo,20260826-ANDAYCHAGUA-XRD80USS-010-A
3,20260826,2,8,59,A,1.0,False,Stand By Inoperativo,20260826-ANDAYCHAGUA-XRD80USS-010-A
4,20260826,2,8,60,A,7.0,False,Stand By Inoperativo,20260826-ANDAYCHAGUA-XRD80USS-010-A
5,20260826,2,8,1,B,4.5,True,Tiempo Efectivo - Operativo,20260826-ANDAYCHAGUA-XRD80USS-010-B
6,20260826,2,8,5,B,0.5,False,Mantenimiento,20260826-ANDAYCHAGUA-XRD80USS-010-B
7,20260826,2,8,8,B,0.5,True,Stand By Operativo,20260826-ANDAYCHAGUA-XRD80USS-010-B
8,20260826,2,8,9,B,0.5,True,Stand By Operativo,20260826-ANDAYCHAGUA-XRD80USS-010-B
9,20260826,2,8,47,B,0.5,False,Stand By Inoperativo,20260826-ANDAYCHAGUA-XRD80USS-010-B
10,20260826,2,8,55,B,2.5,False,Stand By Inoperativo,20260826-ANDAYCHAGUA-XRD80USS-010-B
11,20260826,2,8,58,B,2.0,False,Stand By Inoperativo,20260826-ANDAYCHAGUA-XRD80USS-010-B
12,20260826,2,8,59,B,1.0,False,Stand By Inoperativo,20260826-ANDAYCHAGUA-XRD80USS-010-B
13,20260827,2,8,55,A,2.0,False,Stand By Inoperativo,20260827-ANDAYCHAGUA-XRD80USS-010-A
14,20260827,2,8,58,A,2.0,False,Stand By Inoperativo,20260827-ANDAYCHAGUA-XRD80USS-010-A
15,20260827,2,8,59,A,1.0,False,Stand By Inoperativo,20260827-ANDAYCHAGUA-XRD80USS-010-A
16,20260827,2,8,60,A,7.0,False,Stand By Inoperativo,20260827-ANDAYCHAGUA-XRD80USS-010-A
17,20260827,2,8,1,B,4.0,True,Tiempo Efectivo - Operativo,20260827-ANDAYCHAGUA-XRD80USS-010-B
18,20260827,2,8,5,B,0.5,False,Mantenimiento,20260827-ANDAYCHAGUA-XRD80USS-010-B
19,20260827,2,8,8,B,0.5,True,Stand By Operativo,20260827-ANDAYCHAGUA-XRD80USS-010-B
20,20260827,2,8,16,B,1.0,True,Stand By Operativo,20260827-ANDAYCHAGUA-XRD80USS-010-B
21,20260827,2,8,47,B,1.0,False,Stand By Inoperativo,20260827-ANDAYCHAGUA-XRD80USS-010-B
22,20260827,2,8,55,B,2.0,False,Stand By Inoperativo,20260827-ANDAYCHAGUA-XRD80USS-010-B
23,20260827,2,8,58,B,2.0,False,Stand By Inoperativo,20260827-ANDAYCHAGUA-XRD80USS-010-B
24,20260827,2,8,59,B,1.0,False,Stand By Inoperativo,20260827-ANDAYCHAGUA-XRD80USS-010-B
25,20260828,2,8,1,A,4.0,True,Tiempo Efectivo - Operativo,20260828-ANDAYCHAGUA-XRD80USS-010-A
26,20260828,2,8,5,A,0.5,False,Mantenimiento,20260828-ANDAYCHAGUA-XRD80USS-010-A
27,20260828,2,8,8,A,0.5,True,Stand By Operativo,20260828-ANDAYCHAGUA-XRD80USS-010-A
28,20260828,2,8,47,A,0.5,False,Stand By Inoperativo,20260828-ANDAYCHAGUA-XRD80USS-010-A
29,20260828,2,8,55,A,1.5,False,Stand By Inoperativo,20260828-ANDAYCHAGUA-XRD80USS-010-A
30,20260828,2,8,58,A,3.0,False,Stand By Inoperativo,20260828-ANDAYCHAGUA-XRD80USS-010-A
31,20260828,2,8,59,A,2.0,False,Stand By Inoperativo,20260828-ANDAYCHAGUA-XRD80USS-010-A
32,20260828,2,8,1,B,6.0,True,Tiempo Efectivo - Operativo,20260828-ANDAYCHAGUA-XRD80USS-010-B
33,20260828,2,8,5,B,0.5,False,Mantenimiento,20260828-ANDAYCHAGUA-XRD80USS-010-B
34,20260828,2,8,16,B,0.5,True,Stand By Operativo,20260828-ANDAYCHAGUA-XRD80USS-010-B
35,20260828,2,8,55,B,2.0,False,Stand By Inoperativo,20260828-ANDAYCHAGUA-XRD80USS-010-B
36,20260828,2,8,58,B,2.0,False,Stand By Inoperativo,20260828-ANDAYCHAGUA-XRD80USS-010-B
37,20260828,2,8,59,B,1.0,False,Stand By Inoperativo,20260828-ANDAYCHAGUA-XRD80USS-010-B
38,20260829,2,8,1,A,4.0,True,Tiempo Efectivo - Operativo,20260829-ANDAYCHAGUA-XRD80USS-010-A
39,20260829,2,8,5,A,0.5,False,Mantenimiento,20260829-ANDAYCHAGUA-XRD80USS-010-A
40,20260829,2,8,8,A,0.5,True,Stand By Operativo,20260829-ANDAYCHAGUA-XRD80USS-010-A
41,20260829,2,8,47,A,0.5,False,Stand By Inoperativo,20260829-ANDAYCHAGUA-XRD80USS-010-A
42,20260829,2,8,55,A,2.5,False,Stand By Inoperativo,20260829-ANDAYCHAGUA-XRD80USS-010-A
43,20260829,2,8,58,A,2.0,False,Stand By Inoperativo,20260829-ANDAYCHAGUA-XRD80USS-010-A
44,20260829,2,8,59,A,2.0,False,Stand By Inoperativo,20260829-ANDAYCHAGUA-XRD80USS-010-A
45,20260829,2,8,1,B,5.0,True,Tiempo Efectivo - Operativo,20260829-ANDAYCHAGUA-XRD80USS-010-B
46,20260829,2,8,5,B,0.5,False,Mantenimiento,20260829-ANDAYCHAGUA-XRD80USS-010-B
47,20260829,2,8,9,B,1.5,True,Stand By Operativo,20260829-ANDAYCHAGUA-XRD80USS-010-B
48,20260829,2,8,55,B,2.0,False,Stand By Inoperativo,20260829-ANDAYCHAGUA-XRD80USS-010-B
49,20260829,2,8,58,B,2.0,False,Stand By Inoperativo,20260829-ANDAYCHAGUA-XRD80USS-010-B
50,20260829,2,8,59,B,1.0,False,Stand By Inoperativo,20260829-ANDAYCHAGUA-XRD80USS-010-B
51,20260830,2,8,55,A,3.0,False,Stand By Inoperativo,20260830-ANDAYCHAGUA-XRD80USS-010-A
52,20260830,2,8,58,A,1.0,False,Stand By Inoperativo,20260830-ANDAYCHAGUA-XRD80USS-010-A
53,20260830,2,8,69,A,8.0,True,Stand By Cliente,20260830-ANDAYCHAGUA-XRD80USS-010-A
54,20260830,2,8,1,B,5.5,True,Tiempo Efectivo - Operativo,20260830-ANDAYCHAGUA-XRD80USS-010-B
55,20260830,2,8,5,B,0.5,False,Mantenimiento,20260830-ANDAYCHAGUA-XRD80USS-010-B
56,20260830,2,8,47,B,0.5,False,Stand By Inoperativo,20260830-ANDAYCHAGUA-XRD80USS-010-B
57,20260830,2,8,48,B,0.5,False,Stand By Inoperativo,20260830-ANDAYCHAGUA-XRD80USS-010-B
58,20260830,2,8,55,B,2.0,False,Stand By Inoperativo,20260830-ANDAYCHAGUA-XRD80USS-010-B
59,20260830,2,8,58,B,2.0,False,Stand By Inoperativo,20260830-ANDAYCHAGUA-XRD80USS-010-B
60,20260830,2,8,59,B,1.0,False,Stand By Inoperativo,20260830-ANDAYCHAGUA-XRD80USS-010-B
61,20260831,2,8,1,A,4.0,True,Tiempo Efectivo - Operativo,20260831-ANDAYCHAGUA-XRD80USS-010-A
62,20260831,2,8,5,A,0.5,False,Mantenimiento,20260831-ANDAYCHAGUA-XRD80USS-010-A
63,20260831,2,8,8,A,0.5,True,Stand By Operativo,20260831-ANDAYCHAGUA-XRD80USS-010-A
64,20260831,2,8,47,A,0.5,False,Stand By Inoperativo,20260831-ANDAYCHAGUA-XRD80USS-010-A
65,20260831,2,8,55,A,2.5,False,Stand By Inoperativo,20260831-ANDAYCHAGUA-XRD80USS-010-A
66,20260831,2,8,58,A,3.0,False,Stand By Inoperativo,20260831-ANDAYCHAGUA-XRD80USS-010-A
67,20260831,2,8,59,A,1.0,False,Stand By Inoperativo,20260831-ANDAYCHAGUA-XRD80USS-010-A
68,20260831,2,8,1,B,4.0,True,Tiempo Efectivo - Operativo,20260831-ANDAYCHAGUA-XRD80USS-010-B
69,20260831,2,8,5,B,0.5,False,Mantenimiento,20260831-ANDAYCHAGUA-XRD80USS-010-B
70,20260831,2,8,9,B,2.5,True,Stand By Operativo,20260831-ANDAYCHAGUA-XRD80USS-010-B
71,20260831,2,8,55,B,2.0,False,Stand By Inoperativo,20260831-ANDAYCHAGUA-XRD80USS-010-B
72,20260831,2,8,58,B,2.0,False,Stand By Inoperativo,20260831-ANDAYCHAGUA-XRD80USS-010-B
73,20260831,2,8,59,B,1.0,False,Stand By Inoperativo,20260831-ANDAYCHAGUA-XRD80USS-010-B
74,20260826,2,7,1,A,6.0,True,Tiempo Efectivo - Operativo,20260826-ANDAYCHAGUA-XRD150U-001-A
75,20260826,2,7,5,A,0.5,False,Mantenimiento,20260826-ANDAYCHAGUA-XRD150U-001-A
76,20260826,2,7,16,A,0.5,True,Stand By Operativo,20260826-ANDAYCHAGUA-XRD150U-001-A
77,20260826,2,7,55,A,2.0,False,Stand By Inoperativo,20260826-ANDAYCHAGUA-XRD150U-001-A
78,20260826,2,7,58,A,2.0,False,Stand By Inoperativo,20260826-ANDAYCHAGUA-XRD150U-001-A
79,20260826,2,7,59,A,1.0,False,Stand By Inoperativo,20260826-ANDAYCHAGUA-XRD150U-001-A
80,20260826,2,7,1,B,4.5,True,Tiempo Efectivo - Operativo,20260826-ANDAYCHAGUA-XRD150U-001-B
81,20260826,2,7,5,B,0.5,False,Mantenimiento,20260826-ANDAYCHAGUA-XRD150U-001-B
82,20260826,2,7,47,B,0.5,False,Stand By Inoperativo,20260826-ANDAYCHAGUA-XRD150U-001-B
83,20260826,2,7,55,B,2.5,False,Stand By Inoperativo,20260826-ANDAYCHAGUA-XRD150U-001-B
84,20260826,2,7,58,B,2.0,False,Stand By Inoperativo,20260826-ANDAYCHAGUA-XRD150U-001-B
85,20260826,2,7,59,B,1.0,False,Stand By Inoperativo,20260826-ANDAYCHAGUA-XRD150U-001-B
86,20260826,2,7,69,B,1.0,True,Stand By Cliente,20260826-ANDAYCHAGUA-XRD150U-001-B
87,20260827,2,7,1,A,6.0,True,Tiempo Efectivo - Operativo,20260827-ANDAYCHAGUA-XRD150U-001-A
88,20260827,2,7,5,A,0.5,False,Mantenimiento,20260827-ANDAYCHAGUA-XRD150U-001-A
89,20260827,2,7,16,A,0.5,True,Stand By Operativo,20260827-ANDAYCHAGUA-XRD150U-001-A
90,20260827,2,7,55,A,2.0,False,Stand By Inoperativo,20260827-ANDAYCHAGUA-XRD150U-001-A
91,20260827,2,7,58,A,2.0,False,Stand By Inoperativo,20260827-ANDAYCHAGUA-XRD150U-001-A
92,20260827,2,7,59,A,1.0,False,Stand By Inoperativo,20260827-ANDAYCHAGUA-XRD150U-001-A
93,20260827,2,7,1,B,3.0,True,Tiempo Efectivo - Operativo,20260827-ANDAYCHAGUA-XRD150U-001-B
94,20260827,2,7,5,B,0.5,False,Mantenimiento,20260827-ANDAYCHAGUA-XRD150U-001-B
95,20260827,2,7,18,B,1.0,True,Stand By Operativo,20260827-ANDAYCHAGUA-XRD150U-001-B
96,20260827,2,7,20,B,1.0,True,Stand By Operativo,20260827-ANDAYCHAGUA-XRD150U-001-B
97,20260827,2,7,47,B,0.5,False,Stand By Inoperativo,20260827-ANDAYCHAGUA-XRD150U-001-B
98,20260827,2,7,48,B,0.5,False,Stand By Inoperativo,20260827-ANDAYCHAGUA-XRD150U-001-B
99,20260827,2,7,52,B,0.5,False,Stand By Inoperativo,20260827-ANDAYCHAGUA-XRD150U-001-B
100,20260827,2,7,55,B,2.0,False,Stand By Inoperativo,20260827-ANDAYCHAGUA-XRD150U-001-B
101,20260827,2,7,58,B,2.0,False,Stand By Inoperativo,20260827-ANDAYCHAGUA-XRD150U-001-B
102,20260827,2,7,59,B,1.0,False,Stand By Inoperativo,20260827-ANDAYCHAGUA-XRD150U-001-B
103,20260828,2,7,1,A,4.5,True,Tiempo Efectivo - Operativo,20260828-ANDAYCHAGUA-XRD150U-001-A
104,20260828,2,7,5,A,0.5,False,Mantenimiento,20260828-ANDAYCHAGUA-XRD150U-001-A
105,20260828,2,7,47,A,0.5,False,Stand By Inoperativo,20260828-ANDAYCHAGUA-XRD150U-001-A
106,20260828,2,7,55,A,2.5,False,Stand By Inoperativo,20260828-ANDAYCHAGUA-XRD150U-001-A
107,20260828,2,7,58,A,3.0,False,Stand By Inoperativo,20260828-ANDAYCHAGUA-XRD150U-001-A
108,20260828,2,7,59,A,1.0,False,Stand By Inoperativo,20260828-ANDAYCHAGUA-XRD150U-001-A
109,20260828,2,7,1,B,6.0,True,Tiempo Efectivo - Operativo,20260828-ANDAYCHAGUA-XRD150U-001-B
110,20260828,2,7,5,B,0.5,False,Mantenimiento,20260828-ANDAYCHAGUA-XRD150U-001-B
111,20260828,2,7,16,B,0.5,True,Stand By Operativo,20260828-ANDAYCHAGUA-XRD150U-001-B
112,20260828,2,7,55,B,2.0,False,Stand By Inoperativo,20260828-ANDAYCHAGUA-XRD150U-001-B
113,20260828,2,7,58,B,2.0,False,Stand By Inoperativo,20260828-ANDAYCHAGUA-XRD150U-001-B
114,20260828,2,7,59,B,1.0,False,Stand By Inoperativo,20260828-ANDAYCHAGUA-XRD150U-001-B
115,20260829,2,7,1,A,5.0,True,Tiempo Efectivo - Operativo,20260829-ANDAYCHAGUA-XRD150U-001-A
116,20260829,2,7,5,A,0.5,False,Mantenimiento,20260829-ANDAYCHAGUA-XRD150U-001-A
117,20260829,2,7,55,A,2.5,False,Stand By Inoperativo,20260829-ANDAYCHAGUA-XRD150U-001-A
118,20260829,2,7,58,A,3.0,False,Stand By Inoperativo,20260829-ANDAYCHAGUA-XRD150U-001-A
119,20260829,2,7,59,A,1.0,False,Stand By Inoperativo,20260829-ANDAYCHAGUA-XRD150U-001-A
120,20260829,2,7,1,B,6.0,True,Tiempo Efectivo - Operativo,20260829-ANDAYCHAGUA-XRD150U-001-B
121,20260829,2,7,5,B,0.5,False,Mantenimiento,20260829-ANDAYCHAGUA-XRD150U-001-B
122,20260829,2,7,16,B,0.5,True,Stand By Operativo,20260829-ANDAYCHAGUA-XRD150U-001-B
123,20260829,2,7,55,B,2.0,False,Stand By Inoperativo,20260829-ANDAYCHAGUA-XRD150U-001-B
124,20260829,2,7,58,B,2.0,False,Stand By Inoperativo,20260829-ANDAYCHAGUA-XRD150U-001-B
125,20260829,2,7,59,B,1.0,False,Stand By Inoperativo,20260829-ANDAYCHAGUA-XRD150U-001-B
126,20260830,2,7,55,A,2.0,False,Stand By Inoperativo,20260830-ANDAYCHAGUA-XRD150U-001-A
127,20260830,2,7,58,A,1.0,False,Stand By Inoperativo,20260830-ANDAYCHAGUA-XRD150U-001-A
128,20260830,2,7,59,A,1.0,False,Stand By Inoperativo,20260830-ANDAYCHAGUA-XRD150U-001-A
129,20260830,2,7,69,A,8.0,True,Stand By Cliente,20260830-ANDAYCHAGUA-XRD150U-001-A
130,20260830,2,7,5,B,0.5,False,Mantenimiento,20260830-ANDAYCHAGUA-XRD150U-001-B
131,20260830,2,7,9,B,1.5,True,Stand By Operativo,20260830-ANDAYCHAGUA-XRD150U-001-B
132,20260830,2,7,16,B,0.5,True,Stand By Operativo,20260830-ANDAYCHAGUA-XRD150U-001-B
133,20260830,2,7,18,B,2.5,True,Stand By Operativo,20260830-ANDAYCHAGUA-XRD150U-001-B
134,20260830,2,7,19,B,1.0,True,Stand By Operativo,20260830-ANDAYCHAGUA-XRD150U-001-B
135,20260830,2,7,47,B,0.5,False,Stand By Inoperativo,20260830-ANDAYCHAGUA-XRD150U-001-B
136,20260830,2,7,48,B,0.5,False,Stand By Inoperativo,20260830-ANDAYCHAGUA-XRD150U-001-B
137,20260830,2,7,55,B,2.0,False,Stand By Inoperativo,20260830-ANDAYCHAGUA-XRD150U-001-B
138,20260830,2,7,58,B,2.0,False,Stand By Inoperativo,20260830-ANDAYCHAGUA-XRD150U-001-B
139,20260830,2,7,59,B,1.0,False,Stand By Inoperativo,20260830-ANDAYCHAGUA-XRD150U-001-B
140,20260831,2,7,1,A,3.5,True,Tiempo Efectivo - Operativo,20260831-ANDAYCHAGUA-XRD150U-001-A
141,20260831,2,7,5,A,0.5,False,Mantenimiento,20260831-ANDAYCHAGUA-XRD150U-001-A
142,20260831,2,7,19,A,0.5,True,Stand By Operativo,20260831-ANDAYCHAGUA-XRD150U-001-A
143,20260831,2,7,47,A,1.0,False,Stand By Inoperativo,20260831-ANDAYCHAGUA-XRD150U-001-A
144,20260831,2,7,55,A,2.5,False,Stand By Inoperativo,20260831-ANDAYCHAGUA-XRD150U-001-A
145,20260831,2,7,58,A,3.0,False,Stand By Inoperativo,20260831-ANDAYCHAGUA-XRD150U-001-A
146,20260831,2,7,59,A,1.0,False,Stand By Inoperativo,20260831-ANDAYCHAGUA-XRD150U-001-A
147,20260831,2,7,1,B,6.0,True,Tiempo Efectivo - Operativo,20260831-ANDAYCHAGUA-XRD150U-001-B
148,20260831,2,7,5,B,0.5,False,Mantenimiento,20260831-ANDAYCHAGUA-XRD150U-001-B
149,20260831,2,7,48,B,0.5,False,Stand By Inoperativo,20260831-ANDAYCHAGUA-XRD150U-001-B
150,20260831,2,7,55,B,2.0,False,Stand By Inoperativo,20260831-ANDAYCHAGUA-XRD150U-001-B
151,20260831,2,7,58,B,2.0,False,Stand By Inoperativo,20260831-ANDAYCHAGUA-XRD150U-001-B
152,20260831,2,7,59,B,1.0,False,Stand By Inoperativo,20260831-ANDAYCHAGUA-XRD150U-001-B
153,20260826,2,5,1,A,6.0,True,Tiempo Efectivo - Operativo,20260826-ANDAYCHAGUA-LF90D ST-002-A
154,20260826,2,5,5,A,0.5,False,Mantenimiento,20260826-ANDAYCHAGUA-LF90D ST-002-A
155,20260826,2,5,8,A,0.5,True,Stand By Operativo,20260826-ANDAYCHAGUA-LF90D ST-002-A
156,20260826,2,5,23,A,1.0,True,Stand By Operativo,20260826-ANDAYCHAGUA-LF90D ST-002-A
157,20260826,2,5,47,A,0.5,False,Stand By Inoperativo,20260826-ANDAYCHAGUA-LF90D ST-002-A
158,20260826,2,5,55,A,1.5,False,Stand By Inoperativo,20260826-ANDAYCHAGUA-LF90D ST-002-A
159,20260826,2,5,58,A,1.0,False,Stand By Inoperativo,20260826-ANDAYCHAGUA-LF90D ST-002-A
160,20260826,2,5,59,A,1.0,False,Stand By Inoperativo,20260826-ANDAYCHAGUA-LF90D ST-002-A
161,20260826,2,5,1,B,6.0,True,Tiempo Efectivo - Operativo,20260826-ANDAYCHAGUA-LF90D ST-002-B
162,20260826,2,5,5,B,0.5,False,Mantenimiento,20260826-ANDAYCHAGUA-LF90D ST-002-B
163,20260826,2,5,7,B,1.0,True,Stand By Operativo,20260826-ANDAYCHAGUA-LF90D ST-002-B
164,20260826,2,5,8,B,0.5,True,Stand By Operativo,20260826-ANDAYCHAGUA-LF90D ST-002-B
165,20260826,2,5,47,B,0.5,False,Stand By Inoperativo,20260826-ANDAYCHAGUA-LF90D ST-002-B
166,20260826,2,5,55,B,1.5,False,Stand By Inoperativo,20260826-ANDAYCHAGUA-LF90D ST-002-B
167,20260826,2,5,58,B,1.0,False,Stand By Inoperativo,20260826-ANDAYCHAGUA-LF90D ST-002-B
168,20260826,2,5,59,B,1.0,False,Stand By Inoperativo,20260826-ANDAYCHAGUA-LF90D ST-002-B
169,20260827,2,5,1,A,4.0,True,Tiempo Efectivo - Operativo,20260827-ANDAYCHAGUA-LF90D ST-002-A
170,20260827,2,5,5,A,0.5,False,Mantenimiento,20260827-ANDAYCHAGUA-LF90D ST-002-A
171,20260827,2,5,7,A,1.0,True,Stand By Operativo,20260827-ANDAYCHAGUA-LF90D ST-002-A
172,20260827,2,5,8,A,0.5,True,Stand By Operativo,20260827-ANDAYCHAGUA-LF90D ST-002-A
173,20260827,2,5,9,A,1.5,True,Stand By Operativo,20260827-ANDAYCHAGUA-LF90D ST-002-A
174,20260827,2,5,16,A,0.5,True,Stand By Operativo,20260827-ANDAYCHAGUA-LF90D ST-002-A
175,20260827,2,5,47,A,0.5,False,Stand By Inoperativo,20260827-ANDAYCHAGUA-LF90D ST-002-A
176,20260827,2,5,55,A,1.5,False,Stand By Inoperativo,20260827-ANDAYCHAGUA-LF90D ST-002-A
177,20260827,2,5,58,A,1.0,False,Stand By Inoperativo,20260827-ANDAYCHAGUA-LF90D ST-002-A
178,20260827,2,5,59,A,1.0,False,Stand By Inoperativo,20260827-ANDAYCHAGUA-LF90D ST-002-A
179,20260827,2,5,1,B,3.0,True,Tiempo Efectivo - Operativo,20260827-ANDAYCHAGUA-LF90D ST-002-B
180,20260827,2,5,5,B,0.5,False,Mantenimiento,20260827-ANDAYCHAGUA-LF90D ST-002-B
181,20260827,2,5,7,B,1.0,True,Stand By Operativo,20260827-ANDAYCHAGUA-LF90D ST-002-B
182,20260827,2,5,8,B,0.5,True,Stand By Operativo,20260827-ANDAYCHAGUA-LF90D ST-002-B
183,20260827,2,5,9,B,2.5,True,Stand By Operativo,20260827-ANDAYCHAGUA-LF90D ST-002-B
184,20260827,2,5,47,B,1.0,False,Stand By Inoperativo,20260827-ANDAYCHAGUA-LF90D ST-002-B
185,20260827,2,5,55,B,1.5,False,Stand By Inoperativo,20260827-ANDAYCHAGUA-LF90D ST-002-B
186,20260827,2,5,58,B,1.0,False,Stand By Inoperativo,20260827-ANDAYCHAGUA-LF90D ST-002-B
187,20260827,2,5,59,B,1.0,False,Stand By Inoperativo,20260827-ANDAYCHAGUA-LF90D ST-002-B
188,20260828,2,5,47,A,0.5,False,Stand By Inoperativo,20260828-ANDAYCHAGUA-LF90D ST-002-A
189,20260828,2,5,55,A,2.0,False,Stand By Inoperativo,20260828-ANDAYCHAGUA-LF90D ST-002-A
190,20260828,2,5,58,A,1.0,False,Stand By Inoperativo,20260828-ANDAYCHAGUA-LF90D ST-002-A
191,20260828,2,5,59,A,1.0,False,Stand By Inoperativo,20260828-ANDAYCHAGUA-LF90D ST-002-A
192,20260828,2,5,60,A,7.5,False,Stand By Inoperativo,20260828-ANDAYCHAGUA-LF90D ST-002-A
193,20260828,2,5,1,B,6.0,True,Tiempo Efectivo - Operativo,20260828-ANDAYCHAGUA-LF90D ST-002-B
194,20260828,2,5,5,B,0.5,False,Mantenimiento,20260828-ANDAYCHAGUA-LF90D ST-002-B
195,20260828,2,5,7,B,1.0,True,Stand By Operativo,20260828-ANDAYCHAGUA-LF90D ST-002-B
196,20260828,2,5,8,B,0.5,True,Stand By Operativo,20260828-ANDAYCHAGUA-LF90D ST-002-B
197,20260828,2,5,47,B,0.5,False,Stand By Inoperativo,20260828-ANDAYCHAGUA-LF90D ST-002-B
198,20260828,2,5,55,B,1.5,False,Stand By Inoperativo,20260828-ANDAYCHAGUA-LF90D ST-002-B
199,20260828,2,5,58,B,1.0,False,Stand By Inoperativo,20260828-ANDAYCHAGUA-LF90D ST-002-B
200,20260828,2,5,59,B,1.0,False,Stand By Inoperativo,20260828-ANDAYCHAGUA-LF90D ST-002-B
201,20260829,2,5,1,A,4.0,True,Tiempo Efectivo - Operativo,20260829-ANDAYCHAGUA-LF90D ST-002-A
202,20260829,2,5,5,A,0.5,False,Mantenimiento,20260829-ANDAYCHAGUA-LF90D ST-002-A
203,20260829,2,5,7,A,2.0,True,Stand By Operativo,20260829-ANDAYCHAGUA-LF90D ST-002-A
204,20260829,2,5,8,A,0.5,True,Stand By Operativo,20260829-ANDAYCHAGUA-LF90D ST-002-A
205,20260829,2,5,10,A,0.5,True,Stand By Operativo,20260829-ANDAYCHAGUA-LF90D ST-002-A
206,20260829,2,5,47,A,0.5,False,Stand By Inoperativo,20260829-ANDAYCHAGUA-LF90D ST-002-A
207,20260829,2,5,55,A,2.0,False,Stand By Inoperativo,20260829-ANDAYCHAGUA-LF90D ST-002-A
208,20260829,2,5,58,A,1.0,False,Stand By Inoperativo,20260829-ANDAYCHAGUA-LF90D ST-002-A
209,20260829,2,5,59,A,1.0,False,Stand By Inoperativo,20260829-ANDAYCHAGUA-LF90D ST-002-A
210,20260829,2,5,1,B,2.5,True,Tiempo Efectivo - Operativo,20260829-ANDAYCHAGUA-LF90D ST-002-B
211,20260829,2,5,5,B,1.5,False,Mantenimiento,20260829-ANDAYCHAGUA-LF90D ST-002-B
212,20260829,2,5,6,B,1.5,False,Mantenimiento,20260829-ANDAYCHAGUA-LF90D ST-002-B
213,20260829,2,5,7,B,1.0,True,Stand By Operativo,20260829-ANDAYCHAGUA-LF90D ST-002-B
214,20260829,2,5,8,B,0.5,True,Stand By Operativo,20260829-ANDAYCHAGUA-LF90D ST-002-B
215,20260829,2,5,10,B,1.0,True,Stand By Operativo,20260829-ANDAYCHAGUA-LF90D ST-002-B
216,20260829,2,5,47,B,0.5,False,Stand By Inoperativo,20260829-ANDAYCHAGUA-LF90D ST-002-B
217,20260829,2,5,55,B,1.5,False,Stand By Inoperativo,20260829-ANDAYCHAGUA-LF90D ST-002-B
218,20260829,2,5,58,B,1.0,False,Stand By Inoperativo,20260829-ANDAYCHAGUA-LF90D ST-002-B
219,20260829,2,5,59,B,1.0,False,Stand By Inoperativo,20260829-ANDAYCHAGUA-LF90D ST-002-B
220,20260830,2,5,5,A,0.5,False,Mantenimiento,20260830-ANDAYCHAGUA-LF90D ST-002-A
221,20260830,2,5,7,A,1.5,True,Stand By Operativo,20260830-ANDAYCHAGUA-LF90D ST-002-A
222,20260830,2,5,8,A,0.5,True,Stand By Operativo,20260830-ANDAYCHAGUA-LF90D ST-002-A
223,20260830,2,5,10,A,1.5,True,Stand By Operativo,20260830-ANDAYCHAGUA-LF90D ST-002-A
224,20260830,2,5,47,A,1.5,False,Stand By Inoperativo,20260830-ANDAYCHAGUA-LF90D ST-002-A
225,20260830,2,5,48,A,0.5,False,Stand By Inoperativo,20260830-ANDAYCHAGUA-LF90D ST-002-A
226,20260830,2,5,55,A,2.0,False,Stand By Inoperativo,20260830-ANDAYCHAGUA-LF90D ST-002-A
227,20260830,2,5,58,A,1.0,False,Stand By Inoperativo,20260830-ANDAYCHAGUA-LF90D ST-002-A
228,20260830,2,5,59,A,1.0,False,Stand By Inoperativo,20260830-ANDAYCHAGUA-LF90D ST-002-A
229,20260830,2,5,68,A,2.0,True,Stand By Cliente,20260830-ANDAYCHAGUA-LF90D ST-002-A
230,20260830,2,5,1,B,4.0,True,Tiempo Efectivo - Operativo,20260830-ANDAYCHAGUA-LF90D ST-002-B
231,20260830,2,5,5,B,1.5,False,Mantenimiento,20260830-ANDAYCHAGUA-LF90D ST-002-B
232,20260830,2,5,7,B,1.0,True,Stand By Operativo,20260830-ANDAYCHAGUA-LF90D ST-002-B
233,20260830,2,5,8,B,0.5,True,Stand By Operativo,20260830-ANDAYCHAGUA-LF90D ST-002-B
234,20260830,2,5,10,B,1.0,True,Stand By Operativo,20260830-ANDAYCHAGUA-LF90D ST-002-B
235,20260830,2,5,47,B,0.5,False,Stand By Inoperativo,20260830-ANDAYCHAGUA-LF90D ST-002-B
236,20260830,2,5,55,B,1.5,False,Stand By Inoperativo,20260830-ANDAYCHAGUA-LF90D ST-002-B
237,20260830,2,5,58,B,1.0,False,Stand By Inoperativo,20260830-ANDAYCHAGUA-LF90D ST-002-B
238,20260830,2,5,59,B,1.0,False,Stand By Inoperativo,20260830-ANDAYCHAGUA-LF90D ST-002-B
239,20260831,2,5,5,A,0.5,False,Mantenimiento,20260831-ANDAYCHAGUA-LF90D ST-002-A
240,20260831,2,5,7,A,1.5,True,Stand By Operativo,20260831-ANDAYCHAGUA-LF90D ST-002-A
241,20260831,2,5,8,A,0.5,True,Stand By Operativo,20260831-ANDAYCHAGUA-LF90D ST-002-A
242,20260831,2,5,9,A,5.5,True,Stand By Operativo,20260831-ANDAYCHAGUA-LF90D ST-002-A
243,20260831,2,5,47,A,0.5,False,Stand By Inoperativo,20260831-ANDAYCHAGUA-LF90D ST-002-A
244,20260831,2,5,55,A,1.5,False,Stand By Inoperativo,20260831-ANDAYCHAGUA-LF90D ST-002-A
245,20260831,2,5,58,A,1.0,False,Stand By Inoperativo,20260831-ANDAYCHAGUA-LF90D ST-002-A
246,20260831,2,5,59,A,1.0,False,Stand By Inoperativo,20260831-ANDAYCHAGUA-LF90D ST-002-A
247,20260831,2,5,5,B,0.5,False,Mantenimiento,20260831-ANDAYCHAGUA-LF90D ST-002-B
248,20260831,2,5,7,B,4.0,True,Stand By Operativo,20260831-ANDAYCHAGUA-LF90D ST-002-B
249,20260831,2,5,9,B,3.5,True,Stand By Operativo,20260831-ANDAYCHAGUA-LF90D ST-002-B
250,20260831,2,5,47,B,0.5,False,Stand By Inoperativo,20260831-ANDAYCHAGUA-LF90D ST-002-B
251,20260831,2,5,55,B,1.5,False,Stand By Inoperativo,20260831-ANDAYCHAGUA-LF90D ST-002-B
252,20260831,2,5,58,B,1.0,False,Stand By Inoperativo,20260831-ANDAYCHAGUA-LF90D ST-002-B
253,20260831,2,5,59,B,1.0,False,Stand By Inoperativo,20260831-ANDAYCHAGUA-LF90D ST-002-B
254,20260826,1,2,1,A,5.0,True,Tiempo Efectivo - Operativo,20260826-AMERICANA-XRD50U-002-A
255,20260826,1,2,5,A,0.5,False,Mantenimiento,20260826-AMERICANA-XRD50U-002-A
256,20260826,1,2,9,A,1.0,True,Stand By Operativo,20260826-AMERICANA-XRD50U-002-A
257,20260826,1,2,47,A,0.5,False,Stand By Inoperativo,20260826-AMERICANA-XRD50U-002-A
258,20260826,1,2,55,A,1.0,False,Stand By Inoperativo,20260826-AMERICANA-XRD50U-002-A
259,20260826,1,2,58,A,3.0,False,Stand By Inoperativo,20260826-AMERICANA-XRD50U-002-A
260,20260826,1,2,59,A,1.0,False,Stand By Inoperativo,20260826-AMERICANA-XRD50U-002-A
261,20260826,1,2,1,B,5.0,True,Tiempo Efectivo - Operativo,20260826-AMERICANA-XRD50U-002-B
262,20260826,1,2,46,B,1.0,False,Stand By Inoperativo,20260826-AMERICANA-XRD50U-002-B
263,20260826,1,2,47,B,1.0,False,Stand By Inoperativo,20260826-AMERICANA-XRD50U-002-B
264,20260826,1,2,55,B,1.0,False,Stand By Inoperativo,20260826-AMERICANA-XRD50U-002-B
265,20260826,1,2,58,B,3.0,False,Stand By Inoperativo,20260826-AMERICANA-XRD50U-002-B
266,20260826,1,2,59,B,1.0,False,Stand By Inoperativo,20260826-AMERICANA-XRD50U-002-B
267,20260827,1,2,1,A,6.0,True,Tiempo Efectivo - Operativo,20260827-AMERICANA-XRD50U-002-A
268,20260827,1,2,5,A,0.5,False,Mantenimiento,20260827-AMERICANA-XRD50U-002-A
269,20260827,1,2,55,A,1.0,False,Stand By Inoperativo,20260827-AMERICANA-XRD50U-002-A
270,20260827,1,2,58,A,3.0,False,Stand By Inoperativo,20260827-AMERICANA-XRD50U-002-A
271,20260827,1,2,59,A,1.5,False,Stand By Inoperativo,20260827-AMERICANA-XRD50U-002-A
272,20260827,1,2,1,B,2.5,True,Tiempo Efectivo - Operativo,20260827-AMERICANA-XRD50U-002-B
273,20260827,1,2,5,B,0.5,False,Mantenimiento,20260827-AMERICANA-XRD50U-002-B
274,20260827,1,2,7,B,0.5,True,Stand By Operativo,20260827-AMERICANA-XRD50U-002-B
275,20260827,1,2,8,B,0.5,True,Stand By Operativo,20260827-AMERICANA-XRD50U-002-B
276,20260827,1,2,9,B,1.0,True,Stand By Operativo,20260827-AMERICANA-XRD50U-002-B
277,20260827,1,2,47,B,1.0,False,Stand By Inoperativo,20260827-AMERICANA-XRD50U-002-B
278,20260827,1,2,55,B,2.0,False,Stand By Inoperativo,20260827-AMERICANA-XRD50U-002-B
279,20260827,1,2,58,B,3.0,False,Stand By Inoperativo,20260827-AMERICANA-XRD50U-002-B
280,20260827,1,2,59,B,1.0,False,Stand By Inoperativo,20260827-AMERICANA-XRD50U-002-B
281,20260828,1,2,1,A,3.0,True,Tiempo Efectivo - Operativo,20260828-AMERICANA-XRD50U-002-A
282,20260828,1,2,5,A,0.5,False,Mantenimiento,20260828-AMERICANA-XRD50U-002-A
283,20260828,1,2,50,A,1.5,False,Stand By Inoperativo,20260828-AMERICANA-XRD50U-002-A
284,20260828,1,2,53,A,1.5,False,Stand By Inoperativo,20260828-AMERICANA-XRD50U-002-A
285,20260828,1,2,55,A,1.0,False,Stand By Inoperativo,20260828-AMERICANA-XRD50U-002-A
286,20260828,1,2,58,A,3.0,False,Stand By Inoperativo,20260828-AMERICANA-XRD50U-002-A
287,20260828,1,2,59,A,1.5,False,Stand By Inoperativo,20260828-AMERICANA-XRD50U-002-A
288,20260828,1,2,1,B,2.0,True,Tiempo Efectivo - Operativo,20260828-AMERICANA-XRD50U-002-B
289,20260828,1,2,5,B,0.5,False,Mantenimiento,20260828-AMERICANA-XRD50U-002-B
290,20260828,1,2,20,B,1.0,True,Stand By Operativo,20260828-AMERICANA-XRD50U-002-B
291,20260828,1,2,47,B,0.5,False,Stand By Inoperativo,20260828-AMERICANA-XRD50U-002-B
292,20260828,1,2,50,B,3.0,False,Stand By Inoperativo,20260828-AMERICANA-XRD50U-002-B
293,20260828,1,2,55,B,1.0,False,Stand By Inoperativo,20260828-AMERICANA-XRD50U-002-B
294,20260828,1,2,58,B,3.0,False,Stand By Inoperativo,20260828-AMERICANA-XRD50U-002-B
295,20260828,1,2,59,B,1.0,False,Stand By Inoperativo,20260828-AMERICANA-XRD50U-002-B
296,20260829,1,2,1,A,5.0,True,Tiempo Efectivo - Operativo,20260829-AMERICANA-XRD50U-002-A
297,20260829,1,2,5,A,0.5,False,Mantenimiento,20260829-AMERICANA-XRD50U-002-A
298,20260829,1,2,16,A,0.5,True,Stand By Operativo,20260829-AMERICANA-XRD50U-002-A
299,20260829,1,2,47,A,0.5,False,Stand By Inoperativo,20260829-AMERICANA-XRD50U-002-A
300,20260829,1,2,55,A,1.0,False,Stand By Inoperativo,20260829-AMERICANA-XRD50U-002-A
301,20260829,1,2,58,A,3.0,False,Stand By Inoperativo,20260829-AMERICANA-XRD50U-002-A
302,20260829,1,2,59,A,1.5,False,Stand By Inoperativo,20260829-AMERICANA-XRD50U-002-A
303,20260829,1,2,5,B,0.5,False,Mantenimiento,20260829-AMERICANA-XRD50U-002-B
304,20260829,1,2,9,B,1.0,True,Stand By Operativo,20260829-AMERICANA-XRD50U-002-B
305,20260829,1,2,50,B,2.0,False,Stand By Inoperativo,20260829-AMERICANA-XRD50U-002-B
306,20260829,1,2,55,B,3.0,False,Stand By Inoperativo,20260829-AMERICANA-XRD50U-002-B
307,20260829,1,2,58,B,3.0,False,Stand By Inoperativo,20260829-AMERICANA-XRD50U-002-B
308,20260829,1,2,59,B,1.0,False,Stand By Inoperativo,20260829-AMERICANA-XRD50U-002-B
309,20260829,1,2,69,B,1.5,True,Stand By Cliente,20260829-AMERICANA-XRD50U-002-B
310,20260830,1,2,9,A,1.0,True,Stand By Operativo,20260830-AMERICANA-XRD50U-002-A
311,20260830,1,2,50,A,1.0,False,Stand By Inoperativo,20260830-AMERICANA-XRD50U-002-A
312,20260830,1,2,52,A,2.0,False,Stand By Inoperativo,20260830-AMERICANA-XRD50U-002-A
313,20260830,1,2,53,A,3.0,False,Stand By Inoperativo,20260830-AMERICANA-XRD50U-002-A
314,20260830,1,2,55,A,1.0,False,Stand By Inoperativo,20260830-AMERICANA-XRD50U-002-A
315,20260830,1,2,58,A,3.0,False,Stand By Inoperativo,20260830-AMERICANA-XRD50U-002-A
316,20260830,1,2,59,A,1.0,False,Stand By Inoperativo,20260830-AMERICANA-XRD50U-002-A
317,20260830,1,2,46,B,0.5,False,Stand By Inoperativo,20260830-AMERICANA-XRD50U-002-B
318,20260830,1,2,47,B,1.0,False,Stand By Inoperativo,20260830-AMERICANA-XRD50U-002-B
319,20260830,1,2,53,B,5.5,False,Stand By Inoperativo,20260830-AMERICANA-XRD50U-002-B
320,20260830,1,2,55,B,1.0,False,Stand By Inoperativo,20260830-AMERICANA-XRD50U-002-B
321,20260830,1,2,58,B,3.0,False,Stand By Inoperativo,20260830-AMERICANA-XRD50U-002-B
322,20260830,1,2,59,B,1.0,False,Stand By Inoperativo,20260830-AMERICANA-XRD50U-002-B
323,20260831,1,2,5,A,0.5,False,Mantenimiento,20260831-AMERICANA-XRD50U-002-A
324,20260831,1,2,50,A,4.0,False,Stand By Inoperativo,20260831-AMERICANA-XRD50U-002-A
325,20260831,1,2,53,A,2.0,False,Stand By Inoperativo,20260831-AMERICANA-XRD50U-002-A
326,20260831,1,2,55,A,1.0,False,Stand By Inoperativo,20260831-AMERICANA-XRD50U-002-A
327,20260831,1,2,58,A,3.0,False,Stand By Inoperativo,20260831-AMERICANA-XRD50U-002-A
328,20260831,1,2,59,A,1.5,False,Stand By Inoperativo,20260831-AMERICANA-XRD50U-002-A
329,20260831,1,2,1,B,4.0,True,Tiempo Efectivo - Operativo,20260831-AMERICANA-XRD50U-002-B
330,20260831,1,2,5,B,0.5,False,Mantenimiento,20260831-AMERICANA-XRD50U-002-B
331,20260831,1,2,9,B,0.5,True,Stand By Operativo,20260831-AMERICANA-XRD50U-002-B
332,20260831,1,2,20,B,1.0,True,Stand By Operativo,20260831-AMERICANA-XRD50U-002-B
333,20260831,1,2,47,B,1.0,False,Stand By Inoperativo,20260831-AMERICANA-XRD50U-002-B
334,20260831,1,2,55,B,1.0,False,Stand By Inoperativo,20260831-AMERICANA-XRD50U-002-B
335,20260831,1,2,58,B,3.0,False,Stand By Inoperativo,20260831-AMERICANA-XRD50U-002-B
336,20260831,1,2,59,B,1.0,False,Stand By Inoperativo,20260831-AMERICANA-XRD50U-002-B
337,20260826,1,3,16,A,3.0,True,Stand By Operativo,20260826-AMERICANA-XRD50USS-001-A
338,20260826,1,3,52,A,0.5,False,Stand By Inoperativo,20260826-AMERICANA-XRD50USS-001-A
339,20260826,1,3,53,A,3.0,False,Stand By Inoperativo,20260826-AMERICANA-XRD50USS-001-A
340,20260826,1,3,55,A,1.5,False,Stand By Inoperativo,20260826-AMERICANA-XRD50USS-001-A
341,20260826,1,3,58,A,3.0,False,Stand By Inoperativo,20260826-AMERICANA-XRD50USS-001-A
342,20260826,1,3,59,A,1.0,False,Stand By Inoperativo,20260826-AMERICANA-XRD50USS-001-A
343,20260826,1,3,9,B,3.0,True,Stand By Operativo,20260826-AMERICANA-XRD50USS-001-B
344,20260826,1,3,53,B,4.0,False,Stand By Inoperativo,20260826-AMERICANA-XRD50USS-001-B
345,20260826,1,3,55,B,1.0,False,Stand By Inoperativo,20260826-AMERICANA-XRD50USS-001-B
346,20260826,1,3,58,B,3.0,False,Stand By Inoperativo,20260826-AMERICANA-XRD50USS-001-B
347,20260826,1,3,59,B,1.0,False,Stand By Inoperativo,20260826-AMERICANA-XRD50USS-001-B
348,20260827,1,3,47,A,0.5,False,Stand By Inoperativo,20260827-AMERICANA-XRD50USS-001-A
349,20260827,1,3,50,A,4.0,False,Stand By Inoperativo,20260827-AMERICANA-XRD50USS-001-A
350,20260827,1,3,51,A,3.0,False,Stand By Inoperativo,20260827-AMERICANA-XRD50USS-001-A
351,20260827,1,3,55,A,0.5,False,Stand By Inoperativo,20260827-AMERICANA-XRD50USS-001-A
352,20260827,1,3,58,A,3.0,False,Stand By Inoperativo,20260827-AMERICANA-XRD50USS-001-A
353,20260827,1,3,59,A,1.0,False,Stand By Inoperativo,20260827-AMERICANA-XRD50USS-001-A
354,20260827,1,3,1,B,5.0,True,Tiempo Efectivo - Operativo,20260827-AMERICANA-XRD50USS-001-B
355,20260827,1,3,5,B,0.5,False,Mantenimiento,20260827-AMERICANA-XRD50USS-001-B
356,20260827,1,3,7,B,0.5,True,Stand By Operativo,20260827-AMERICANA-XRD50USS-001-B
357,20260827,1,3,8,B,0.5,True,Stand By Operativo,20260827-AMERICANA-XRD50USS-001-B
358,20260827,1,3,20,B,1.0,True,Stand By Operativo,20260827-AMERICANA-XRD50USS-001-B
359,20260827,1,3,55,B,1.5,False,Stand By Inoperativo,20260827-AMERICANA-XRD50USS-001-B
360,20260827,1,3,58,B,2.0,False,Stand By Inoperativo,20260827-AMERICANA-XRD50USS-001-B
361,20260827,1,3,59,B,1.0,False,Stand By Inoperativo,20260827-AMERICANA-XRD50USS-001-B
362,20260828,1,3,1,A,4.0,True,Tiempo Efectivo - Operativo,20260828-AMERICANA-XRD50USS-001-A
363,20260828,1,3,5,A,0.5,False,Mantenimiento,20260828-AMERICANA-XRD50USS-001-A
364,20260828,1,3,6,A,0.5,False,Mantenimiento,20260828-AMERICANA-XRD50USS-001-A
365,20260828,1,3,8,A,0.5,True,Stand By Operativo,20260828-AMERICANA-XRD50USS-001-A
366,20260828,1,3,9,A,0.5,True,Stand By Operativo,20260828-AMERICANA-XRD50USS-001-A
367,20260828,1,3,46,A,1.0,False,Stand By Inoperativo,20260828-AMERICANA-XRD50USS-001-A
368,20260828,1,3,47,A,0.5,False,Stand By Inoperativo,20260828-AMERICANA-XRD50USS-001-A
369,20260828,1,3,55,A,0.5,False,Stand By Inoperativo,20260828-AMERICANA-XRD50USS-001-A
370,20260828,1,3,58,A,3.0,False,Stand By Inoperativo,20260828-AMERICANA-XRD50USS-001-A
371,20260828,1,3,59,A,1.0,False,Stand By Inoperativo,20260828-AMERICANA-XRD50USS-001-A
372,20260828,1,3,1,B,4.0,True,Tiempo Efectivo - Operativo,20260828-AMERICANA-XRD50USS-001-B
373,20260828,1,3,5,B,0.5,False,Mantenimiento,20260828-AMERICANA-XRD50USS-001-B
374,20260828,1,3,7,B,0.5,True,Stand By Operativo,20260828-AMERICANA-XRD50USS-001-B
375,20260828,1,3,8,B,0.5,True,Stand By Operativo,20260828-AMERICANA-XRD50USS-001-B
376,20260828,1,3,47,B,1.0,False,Stand By Inoperativo,20260828-AMERICANA-XRD50USS-001-B
377,20260828,1,3,55,B,1.5,False,Stand By Inoperativo,20260828-AMERICANA-XRD50USS-001-B
378,20260828,1,3,58,B,3.0,False,Stand By Inoperativo,20260828-AMERICANA-XRD50USS-001-B
379,20260828,1,3,59,B,1.0,False,Stand By Inoperativo,20260828-AMERICANA-XRD50USS-001-B
380,20260829,1,3,1,A,5.0,True,Tiempo Efectivo - Operativo,20260829-AMERICANA-XRD50USS-001-A
381,20260829,1,3,5,A,0.5,False,Mantenimiento,20260829-AMERICANA-XRD50USS-001-A
382,20260829,1,3,9,A,1.0,True,Stand By Operativo,20260829-AMERICANA-XRD50USS-001-A
383,20260829,1,3,47,A,1.0,False,Stand By Inoperativo,20260829-AMERICANA-XRD50USS-001-A
384,20260829,1,3,55,A,0.5,False,Stand By Inoperativo,20260829-AMERICANA-XRD50USS-001-A
385,20260829,1,3,58,A,3.0,False,Stand By Inoperativo,20260829-AMERICANA-XRD50USS-001-A
386,20260829,1,3,59,A,1.0,False,Stand By Inoperativo,20260829-AMERICANA-XRD50USS-001-A
387,20260829,1,3,1,B,5.0,True,Tiempo Efectivo - Operativo,20260829-AMERICANA-XRD50USS-001-B
388,20260829,1,3,5,B,0.5,False,Mantenimiento,20260829-AMERICANA-XRD50USS-001-B
389,20260829,1,3,7,B,0.5,True,Stand By Operativo,20260829-AMERICANA-XRD50USS-001-B
390,20260829,1,3,8,B,0.5,True,Stand By Operativo,20260829-AMERICANA-XRD50USS-001-B
391,20260829,1,3,55,B,1.5,False,Stand By Inoperativo,20260829-AMERICANA-XRD50USS-001-B
392,20260829,1,3,58,B,3.0,False,Stand By Inoperativo,20260829-AMERICANA-XRD50USS-001-B
393,20260829,1,3,59,B,1.0,False,Stand By Inoperativo,20260829-AMERICANA-XRD50USS-001-B
394,20260830,1,3,1,A,4.0,True,Tiempo Efectivo - Operativo,20260830-AMERICANA-XRD50USS-001-A
395,20260830,1,3,5,A,0.5,False,Mantenimiento,20260830-AMERICANA-XRD50USS-001-A
396,20260830,1,3,6,A,0.5,False,Mantenimiento,20260830-AMERICANA-XRD50USS-001-A
397,20260830,1,3,7,A,0.5,True,Stand By Operativo,20260830-AMERICANA-XRD50USS-001-A
398,20260830,1,3,8,A,0.5,True,Stand By Operativo,20260830-AMERICANA-XRD50USS-001-A
399,20260830,1,3,47,A,1.5,False,Stand By Inoperativo,20260830-AMERICANA-XRD50USS-001-A
400,20260830,1,3,55,A,0.5,False,Stand By Inoperativo,20260830-AMERICANA-XRD50USS-001-A
401,20260830,1,3,58,A,3.0,False,Stand By Inoperativo,20260830-AMERICANA-XRD50USS-001-A
402,20260830,1,3,59,A,1.0,False,Stand By Inoperativo,20260830-AMERICANA-XRD50USS-001-A
403,20260830,1,3,1,B,5.0,True,Tiempo Efectivo - Operativo,20260830-AMERICANA-XRD50USS-001-B
404,20260830,1,3,5,B,0.5,False,Mantenimiento,20260830-AMERICANA-XRD50USS-001-B
405,20260830,1,3,7,B,0.5,True,Stand By Operativo,20260830-AMERICANA-XRD50USS-001-B
406,20260830,1,3,8,B,0.5,True,Stand By Operativo,20260830-AMERICANA-XRD50USS-001-B
407,20260830,1,3,55,B,1.5,False,Stand By Inoperativo,20260830-AMERICANA-XRD50USS-001-B
408,20260830,1,3,58,B,3.0,False,Stand By Inoperativo,20260830-AMERICANA-XRD50USS-001-B
409,20260830,1,3,59,B,1.0,False,Stand By Inoperativo,20260830-AMERICANA-XRD50USS-001-B
410,20260831,1,3,1,A,4.0,True,Tiempo Efectivo - Operativo,20260831-AMERICANA-XRD50USS-001-A
411,20260831,1,3,5,A,0.5,False,Mantenimiento,20260831-AMERICANA-XRD50USS-001-A
412,20260831,1,3,6,A,0.5,False,Mantenimiento,20260831-AMERICANA-XRD50USS-001-A
413,20260831,1,3,7,A,0.5,True,Stand By Operativo,20260831-AMERICANA-XRD50USS-001-A
414,20260831,1,3,8,A,0.5,True,Stand By Operativo,20260831-AMERICANA-XRD50USS-001-A
415,20260831,1,3,9,A,1.0,True,Stand By Operativo,20260831-AMERICANA-XRD50USS-001-A
416,20260831,1,3,47,A,0.5,False,Stand By Inoperativo,20260831-AMERICANA-XRD50USS-001-A
417,20260831,1,3,55,A,0.5,False,Stand By Inoperativo,20260831-AMERICANA-XRD50USS-001-A
418,20260831,1,3,58,A,3.0,False,Stand By Inoperativo,20260831-AMERICANA-XRD50USS-001-A
419,20260831,1,3,59,A,1.0,False,Stand By Inoperativo,20260831-AMERICANA-XRD50USS-001-A
420,20260831,1,3,1,B,5.0,True,Tiempo Efectivo - Operativo,20260831-AMERICANA-XRD50USS-001-B
421,20260831,1,3,5,B,0.5,False,Mantenimiento,20260831-AMERICANA-XRD50USS-001-B
422,20260831,1,3,7,B,0.5,True,Stand By Operativo,20260831-AMERICANA-XRD50USS-001-B
423,20260831,1,3,8,B,0.5,True,Stand By Operativo,20260831-AMERICANA-XRD50USS-001-B
424,20260831,1,3,9,B,0.5,True,Stand By Operativo,20260831-AMERICANA-XRD50USS-001-B
425,20260831,1,3,47,B,1.0,False,Stand By Inoperativo,20260831-AMERICANA-XRD50USS-001-B
426,20260831,1,3,55,B,1.0,False,Stand By Inoperativo,20260831-AMERICANA-XRD50USS-001-B
427,20260831,1,3,58,B,2.0,False,Stand By Inoperativo,20260831-AMERICANA-XRD50USS-001-B
428,20260831,1,3,59,B,1.0,False,Stand By Inoperativo,20260831-AMERICANA-XRD50USS-001-B
429,20260826,5,23,5,A,0.5,False,Mantenimiento,20260826-CERRO-XRD150U-002-A
430,20260826,5,23,14,A,1.5,True,Stand By Operativo,20260826-CERRO-XRD150U-002-A
431,20260826,5,23,16,A,1.0,True,Stand By Operativo,20260826-CERRO-XRD150U-002-A
432,20260826,5,23,18,A,3.5,True,Stand By Operativo,20260826-CERRO-XRD150U-002-A
433,20260826,5,23,47,A,0.5,False,Stand By Inoperativo,20260826-CERRO-XRD150U-002-A
434,20260826,5,23,50,A,2.0,False,Stand By Inoperativo,20260826-CERRO-XRD150U-002-A
435,20260826,5,23,55,A,0.5,False,Stand By Inoperativo,20260826-CERRO-XRD150U-002-A
436,20260826,5,23,58,A,1.5,False,Stand By Inoperativo,20260826-CERRO-XRD150U-002-A
437,20260826,5,23,59,A,1.0,False,Stand By Inoperativo,20260826-CERRO-XRD150U-002-A
438,20260826,5,23,1,B,5.0,True,Tiempo Efectivo - Operativo,20260826-CERRO-XRD150U-002-B
439,20260826,5,23,5,B,0.5,False,Mantenimiento,20260826-CERRO-XRD150U-002-B
440,20260826,5,23,19,B,2.5,True,Stand By Operativo,20260826-CERRO-XRD150U-002-B
441,20260826,5,23,47,B,0.5,False,Stand By Inoperativo,20260826-CERRO-XRD150U-002-B
442,20260826,5,23,50,B,1.0,False,Stand By Inoperativo,20260826-CERRO-XRD150U-002-B
443,20260826,5,23,55,B,0.5,False,Stand By Inoperativo,20260826-CERRO-XRD150U-002-B
444,20260826,5,23,58,B,1.0,False,Stand By Inoperativo,20260826-CERRO-XRD150U-002-B
445,20260826,5,23,59,B,1.0,False,Stand By Inoperativo,20260826-CERRO-XRD150U-002-B
446,20260827,5,23,1,A,5.5,True,Tiempo Efectivo - Operativo,20260827-CERRO-XRD150U-002-A
447,20260827,5,23,5,A,0.5,False,Mantenimiento,20260827-CERRO-XRD150U-002-A
448,20260827,5,23,7,A,0.5,True,Stand By Operativo,20260827-CERRO-XRD150U-002-A
449,20260827,5,23,8,A,0.5,True,Stand By Operativo,20260827-CERRO-XRD150U-002-A
450,20260827,5,23,9,A,0.5,True,Stand By Operativo,20260827-CERRO-XRD150U-002-A
451,20260827,5,23,47,A,1.0,False,Stand By Inoperativo,20260827-CERRO-XRD150U-002-A
452,20260827,5,23,55,A,1.0,False,Stand By Inoperativo,20260827-CERRO-XRD150U-002-A
453,20260827,5,23,58,A,1.5,False,Stand By Inoperativo,20260827-CERRO-XRD150U-002-A
454,20260827,5,23,59,A,1.0,False,Stand By Inoperativo,20260827-CERRO-XRD150U-002-A
455,20260827,5,23,1,B,6.0,True,Tiempo Efectivo - Operativo,20260827-CERRO-XRD150U-002-B
456,20260827,5,23,5,B,0.5,False,Mantenimiento,20260827-CERRO-XRD150U-002-B
457,20260827,5,23,7,B,1.0,True,Stand By Operativo,20260827-CERRO-XRD150U-002-B
458,20260827,5,23,9,B,0.5,True,Stand By Operativo,20260827-CERRO-XRD150U-002-B
459,20260827,5,23,10,B,1.0,True,Stand By Operativo,20260827-CERRO-XRD150U-002-B
460,20260827,5,23,47,B,0.5,False,Stand By Inoperativo,20260827-CERRO-XRD150U-002-B
461,20260827,5,23,55,B,0.5,False,Stand By Inoperativo,20260827-CERRO-XRD150U-002-B
462,20260827,5,23,58,B,1.0,False,Stand By Inoperativo,20260827-CERRO-XRD150U-002-B
463,20260827,5,23,59,B,1.0,False,Stand By Inoperativo,20260827-CERRO-XRD150U-002-B
464,20260828,5,23,1,A,5.0,True,Tiempo Efectivo - Operativo,20260828-CERRO-XRD150U-002-A
465,20260828,5,23,5,A,0.5,False,Mantenimiento,20260828-CERRO-XRD150U-002-A
466,20260828,5,23,7,A,0.5,True,Stand By Operativo,20260828-CERRO-XRD150U-002-A
467,20260828,5,23,8,A,0.5,True,Stand By Operativo,20260828-CERRO-XRD150U-002-A
468,20260828,5,23,9,A,0.5,True,Stand By Operativo,20260828-CERRO-XRD150U-002-A
469,20260828,5,23,47,A,0.5,False,Stand By Inoperativo,20260828-CERRO-XRD150U-002-A
470,20260828,5,23,58,A,1.5,False,Stand By Inoperativo,20260828-CERRO-XRD150U-002-A
471,20260828,5,23,59,A,1.0,False,Stand By Inoperativo,20260828-CERRO-XRD150U-002-A
472,20260828,5,23,75,A,2.0,True,Stand By Cliente,20260828-CERRO-XRD150U-002-A
473,20260828,5,23,60,B,12.0,False,Stand By Inoperativo,20260828-CERRO-XRD150U-002-B
474,20260829,5,23,1,A,5.0,True,Tiempo Efectivo - Operativo,20260829-CERRO-XRD150U-002-A
475,20260829,5,23,6,A,1.0,False,Mantenimiento,20260829-CERRO-XRD150U-002-A
476,20260829,5,23,8,A,1.0,True,Stand By Operativo,20260829-CERRO-XRD150U-002-A
477,20260829,5,23,9,A,0.5,True,Stand By Operativo,20260829-CERRO-XRD150U-002-A
478,20260829,5,23,10,A,1.0,True,Stand By Operativo,20260829-CERRO-XRD150U-002-A
479,20260829,5,23,47,A,0.5,False,Stand By Inoperativo,20260829-CERRO-XRD150U-002-A
480,20260829,5,23,55,A,0.5,False,Stand By Inoperativo,20260829-CERRO-XRD150U-002-A
481,20260829,5,23,58,A,1.5,False,Stand By Inoperativo,20260829-CERRO-XRD150U-002-A
482,20260829,5,23,59,A,1.0,False,Stand By Inoperativo,20260829-CERRO-XRD150U-002-A
483,20260829,5,23,5,B,1.0,False,Mantenimiento,20260829-CERRO-XRD150U-002-B
484,20260829,5,23,47,B,1.0,False,Stand By Inoperativo,20260829-CERRO-XRD150U-002-B
485,20260829,5,23,55,B,2.0,False,Stand By Inoperativo,20260829-CERRO-XRD150U-002-B
486,20260829,5,23,58,B,1.0,False,Stand By Inoperativo,20260829-CERRO-XRD150U-002-B
487,20260829,5,23,59,B,1.0,False,Stand By Inoperativo,20260829-CERRO-XRD150U-002-B
488,20260829,5,23,60,B,6.0,False,Stand By Inoperativo,20260829-CERRO-XRD150U-002-B
489,20260830,5,23,60,A,12.0,False,Stand By Inoperativo,20260830-CERRO-XRD150U-002-A
490,20260830,5,23,1,B,3.0,True,Tiempo Efectivo - Operativo,20260830-CERRO-XRD150U-002-B
491,20260830,5,23,5,B,0.5,False,Mantenimiento,20260830-CERRO-XRD150U-002-B
492,20260830,5,23,7,B,1.0,True,Stand By Operativo,20260830-CERRO-XRD150U-002-B
493,20260830,5,23,8,B,0.5,True,Stand By Operativo,20260830-CERRO-XRD150U-002-B
494,20260830,5,23,9,B,0.5,True,Stand By Operativo,20260830-CERRO-XRD150U-002-B
495,20260830,5,23,10,B,1.0,True,Stand By Operativo,20260830-CERRO-XRD150U-002-B
496,20260830,5,23,47,B,1.0,False,Stand By Inoperativo,20260830-CERRO-XRD150U-002-B
497,20260830,5,23,55,B,0.5,False,Stand By Inoperativo,20260830-CERRO-XRD150U-002-B
498,20260830,5,23,58,B,1.0,False,Stand By Inoperativo,20260830-CERRO-XRD150U-002-B
499,20260830,5,23,59,B,1.0,False,Stand By Inoperativo,20260830-CERRO-XRD150U-002-B
500,20260830,5,23,70,B,2.0,True,Stand By Cliente,20260830-CERRO-XRD150U-002-B
501,20260831,5,23,47,A,7.0,False,Stand By Inoperativo,20260831-CERRO-XRD150U-002-A
502,20260831,5,23,48,A,2.0,False,Stand By Inoperativo,20260831-CERRO-XRD150U-002-A
503,20260831,5,23,55,A,0.5,False,Stand By Inoperativo,20260831-CERRO-XRD150U-002-A
504,20260831,5,23,58,A,1.5,False,Stand By Inoperativo,20260831-CERRO-XRD150U-002-A
505,20260831,5,23,59,A,1.0,False,Stand By Inoperativo,20260831-CERRO-XRD150U-002-A
506,20260831,5,23,1,B,2.5,True,Tiempo Efectivo - Operativo,20260831-CERRO-XRD150U-002-B
507,20260831,5,23,5,B,0.5,False,Mantenimiento,20260831-CERRO-XRD150U-002-B
508,20260831,5,23,10,B,2.0,True,Stand By Operativo,20260831-CERRO-XRD150U-002-B
509,20260831,5,23,15,B,4.0,True,Stand By Operativo,20260831-CERRO-XRD150U-002-B
510,20260831,5,23,47,B,0.5,False,Stand By Inoperativo,20260831-CERRO-XRD150U-002-B
511,20260831,5,23,55,B,0.5,False,Stand By Inoperativo,20260831-CERRO-XRD150U-002-B
512,20260831,5,23,58,B,1.0,False,Stand By Inoperativo,20260831-CERRO-XRD150U-002-B
513,20260831,5,23,59,B,1.0,False,Stand By Inoperativo,20260831-CERRO-XRD150U-002-B
514,20260826,7,32,1,A,2.5,True,Tiempo Efectivo - Operativo,20260826-CHUNGAR-XRD90U-021-A
515,20260826,7,32,5,A,0.5,False,Mantenimiento,20260826-CHUNGAR-XRD90U-021-A
516,20260826,7,32,6,A,1.0,False,Mantenimiento,20260826-CHUNGAR-XRD90U-021-A
517,20260826,7,32,8,A,0.5,True,Stand By Operativo,20260826-CHUNGAR-XRD90U-021-A
518,20260826,7,32,55,A,1.5,False,Stand By Inoperativo,20260826-CHUNGAR-XRD90U-021-A
519,20260826,7,32,58,A,3.0,False,Stand By Inoperativo,20260826-CHUNGAR-XRD90U-021-A
520,20260826,7,32,59,A,1.0,False,Stand By Inoperativo,20260826-CHUNGAR-XRD90U-021-A
521,20260826,7,32,82,A,2.0,True,Stand By Cliente,20260826-CHUNGAR-XRD90U-021-A
522,20260826,7,32,1,B,2.0,True,Tiempo Efectivo - Operativo,20260826-CHUNGAR-XRD90U-021-B
523,20260826,7,32,5,B,0.5,False,Mantenimiento,20260826-CHUNGAR-XRD90U-021-B
524,20260826,7,32,7,B,0.5,True,Stand By Operativo,20260826-CHUNGAR-XRD90U-021-B
525,20260826,7,32,8,B,0.5,True,Stand By Operativo,20260826-CHUNGAR-XRD90U-021-B
526,20260826,7,32,9,B,0.5,True,Stand By Operativo,20260826-CHUNGAR-XRD90U-021-B
527,20260826,7,32,47,B,0.5,False,Stand By Inoperativo,20260826-CHUNGAR-XRD90U-021-B
528,20260826,7,32,53,B,1.0,False,Stand By Inoperativo,20260826-CHUNGAR-XRD90U-021-B
529,20260826,7,32,55,B,1.5,False,Stand By Inoperativo,20260826-CHUNGAR-XRD90U-021-B
530,20260826,7,32,58,B,2.5,False,Stand By Inoperativo,20260826-CHUNGAR-XRD90U-021-B
531,20260826,7,32,59,B,1.0,False,Stand By Inoperativo,20260826-CHUNGAR-XRD90U-021-B
532,20260826,7,32,82,B,1.5,True,Stand By Cliente,20260826-CHUNGAR-XRD90U-021-B
533,20260827,7,32,1,A,2.0,True,Tiempo Efectivo - Operativo,20260827-CHUNGAR-XRD90U-021-A
534,20260827,7,32,5,A,2.0,False,Mantenimiento,20260827-CHUNGAR-XRD90U-021-A
535,20260827,7,32,8,A,0.5,True,Stand By Operativo,20260827-CHUNGAR-XRD90U-021-A
536,20260827,7,32,47,A,0.5,False,Stand By Inoperativo,20260827-CHUNGAR-XRD90U-021-A
537,20260827,7,32,55,A,1.5,False,Stand By Inoperativo,20260827-CHUNGAR-XRD90U-021-A
538,20260827,7,32,58,A,2.5,False,Stand By Inoperativo,20260827-CHUNGAR-XRD90U-021-A
539,20260827,7,32,59,A,1.0,False,Stand By Inoperativo,20260827-CHUNGAR-XRD90U-021-A
540,20260827,7,32,82,A,2.0,True,Stand By Cliente,20260827-CHUNGAR-XRD90U-021-A
541,20260827,7,32,1,B,2.0,True,Tiempo Efectivo - Operativo,20260827-CHUNGAR-XRD90U-021-B
542,20260827,7,32,5,B,0.5,False,Mantenimiento,20260827-CHUNGAR-XRD90U-021-B
543,20260827,7,32,7,B,0.5,True,Stand By Operativo,20260827-CHUNGAR-XRD90U-021-B
544,20260827,7,32,9,B,2.0,True,Stand By Operativo,20260827-CHUNGAR-XRD90U-021-B
545,20260827,7,32,14,B,2.0,True,Stand By Operativo,20260827-CHUNGAR-XRD90U-021-B
546,20260827,7,32,55,B,1.5,False,Stand By Inoperativo,20260827-CHUNGAR-XRD90U-021-B
547,20260827,7,32,58,B,2.5,False,Stand By Inoperativo,20260827-CHUNGAR-XRD90U-021-B
548,20260827,7,32,59,B,1.0,False,Stand By Inoperativo,20260827-CHUNGAR-XRD90U-021-B
549,20260828,7,32,1,A,4.5,True,Tiempo Efectivo - Operativo,20260828-CHUNGAR-XRD90U-021-A
550,20260828,7,32,5,A,0.5,False,Mantenimiento,20260828-CHUNGAR-XRD90U-021-A
551,20260828,7,32,8,A,0.5,True,Stand By Operativo,20260828-CHUNGAR-XRD90U-021-A
552,20260828,7,32,16,A,1.0,True,Stand By Operativo,20260828-CHUNGAR-XRD90U-021-A
553,20260828,7,32,47,A,0.5,False,Stand By Inoperativo,20260828-CHUNGAR-XRD90U-021-A
554,20260828,7,32,55,A,1.5,False,Stand By Inoperativo,20260828-CHUNGAR-XRD90U-021-A
555,20260828,7,32,58,A,2.5,False,Stand By Inoperativo,20260828-CHUNGAR-XRD90U-021-A
556,20260828,7,32,59,A,1.0,False,Stand By Inoperativo,20260828-CHUNGAR-XRD90U-021-A
557,20260828,7,32,1,B,2.5,True,Tiempo Efectivo - Operativo,20260828-CHUNGAR-XRD90U-021-B
558,20260828,7,32,4,B,2.0,True,Tiempo Efectivo - Operativo,20260828-CHUNGAR-XRD90U-021-B
559,20260828,7,32,5,B,0.5,False,Mantenimiento,20260828-CHUNGAR-XRD90U-021-B
560,20260828,7,32,7,B,0.5,True,Stand By Operativo,20260828-CHUNGAR-XRD90U-021-B
561,20260828,7,32,8,B,0.5,True,Stand By Operativo,20260828-CHUNGAR-XRD90U-021-B
562,20260828,7,32,9,B,1.0,True,Stand By Operativo,20260828-CHUNGAR-XRD90U-021-B
563,20260828,7,32,55,B,1.5,False,Stand By Inoperativo,20260828-CHUNGAR-XRD90U-021-B
564,20260828,7,32,58,B,2.5,False,Stand By Inoperativo,20260828-CHUNGAR-XRD90U-021-B
565,20260828,7,32,59,B,1.0,False,Stand By Inoperativo,20260828-CHUNGAR-XRD90U-021-B
566,20260829,7,32,1,A,2.0,True,Tiempo Efectivo - Operativo,20260829-CHUNGAR-XRD90U-021-A
567,20260829,7,32,5,A,0.5,False,Mantenimiento,20260829-CHUNGAR-XRD90U-021-A
568,20260829,7,32,8,A,0.5,True,Stand By Operativo,20260829-CHUNGAR-XRD90U-021-A
569,20260829,7,32,9,A,1.0,True,Stand By Operativo,20260829-CHUNGAR-XRD90U-021-A
570,20260829,7,32,16,A,1.0,True,Stand By Operativo,20260829-CHUNGAR-XRD90U-021-A
571,20260829,7,32,23,A,1.5,True,Stand By Operativo,20260829-CHUNGAR-XRD90U-021-A
572,20260829,7,32,47,A,0.5,False,Stand By Inoperativo,20260829-CHUNGAR-XRD90U-021-A
573,20260829,7,32,55,A,1.5,False,Stand By Inoperativo,20260829-CHUNGAR-XRD90U-021-A
574,20260829,7,32,58,A,2.5,False,Stand By Inoperativo,20260829-CHUNGAR-XRD90U-021-A
575,20260829,7,32,59,A,1.0,False,Stand By Inoperativo,20260829-CHUNGAR-XRD90U-021-A
576,20260829,7,32,8,B,0.5,True,Stand By Operativo,20260829-CHUNGAR-XRD90U-021-B
577,20260829,7,32,18,B,1.5,True,Stand By Operativo,20260829-CHUNGAR-XRD90U-021-B
578,20260829,7,32,19,B,2.0,True,Stand By Operativo,20260829-CHUNGAR-XRD90U-021-B
579,20260829,7,32,47,B,0.5,False,Stand By Inoperativo,20260829-CHUNGAR-XRD90U-021-B
580,20260829,7,32,55,B,1.5,False,Stand By Inoperativo,20260829-CHUNGAR-XRD90U-021-B
581,20260829,7,32,58,B,3.0,False,Stand By Inoperativo,20260829-CHUNGAR-XRD90U-021-B
582,20260829,7,32,59,B,1.0,False,Stand By Inoperativo,20260829-CHUNGAR-XRD90U-021-B
583,20260829,7,32,69,B,2.0,True,Stand By Cliente,20260829-CHUNGAR-XRD90U-021-B
584,20260830,7,32,47,A,1.0,False,Stand By Inoperativo,20260830-CHUNGAR-XRD90U-021-A
585,20260830,7,32,55,A,1.5,False,Stand By Inoperativo,20260830-CHUNGAR-XRD90U-021-A
586,20260830,7,32,58,A,2.5,False,Stand By Inoperativo,20260830-CHUNGAR-XRD90U-021-A
587,20260830,7,32,59,A,1.0,False,Stand By Inoperativo,20260830-CHUNGAR-XRD90U-021-A
588,20260830,7,32,70,A,6.0,True,Stand By Cliente,20260830-CHUNGAR-XRD90U-021-A
589,20260830,7,32,70,B,12.0,True,Stand By Cliente,20260830-CHUNGAR-XRD90U-021-B
590,20260831,7,32,47,A,1.0,False,Stand By Inoperativo,20260831-CHUNGAR-XRD90U-021-A
591,20260831,7,32,55,A,1.5,False,Stand By Inoperativo,20260831-CHUNGAR-XRD90U-021-A
592,20260831,7,32,58,A,2.5,False,Stand By Inoperativo,20260831-CHUNGAR-XRD90U-021-A
593,20260831,7,32,59,A,1.0,False,Stand By Inoperativo,20260831-CHUNGAR-XRD90U-021-A
594,20260831,7,32,70,A,6.0,True,Stand By Cliente,20260831-CHUNGAR-XRD90U-021-A
595,20260831,7,32,5,B,0.5,False,Mantenimiento,20260831-CHUNGAR-XRD90U-021-B
596,20260831,7,32,8,B,0.5,True,Stand By Operativo,20260831-CHUNGAR-XRD90U-021-B
597,20260831,7,32,14,B,2.5,True,Stand By Operativo,20260831-CHUNGAR-XRD90U-021-B
598,20260831,7,32,19,B,1.0,True,Stand By Operativo,20260831-CHUNGAR-XRD90U-021-B
599,20260831,7,32,22,B,1.0,True,Stand By Operativo,20260831-CHUNGAR-XRD90U-021-B
600,20260831,7,32,55,B,1.5,False,Stand By Inoperativo,20260831-CHUNGAR-XRD90U-021-B
601,20260831,7,32,58,B,2.5,False,Stand By Inoperativo,20260831-CHUNGAR-XRD90U-021-B
602,20260831,7,32,59,B,1.0,False,Stand By Inoperativo,20260831-CHUNGAR-XRD90U-021-B
603,20260831,7,32,70,B,1.5,True,Stand By Cliente,20260831-CHUNGAR-XRD90U-021-B
604,20260826,7,26,1,A,4.0,True,Tiempo Efectivo - Operativo,20260826-CHUNGAR-LM90U-001-A
605,20260826,7,26,16,A,0.5,True,Stand By Operativo,20260826-CHUNGAR-LM90U-001-A
606,20260826,7,26,55,A,1.5,False,Stand By Inoperativo,20260826-CHUNGAR-LM90U-001-A
607,20260826,7,26,58,A,3.0,False,Stand By Inoperativo,20260826-CHUNGAR-LM90U-001-A
608,20260826,7,26,59,A,1.0,False,Stand By Inoperativo,20260826-CHUNGAR-LM90U-001-A
609,20260826,7,26,82,A,2.0,True,Stand By Cliente,20260826-CHUNGAR-LM90U-001-A
610,20260826,7,26,1,A,1.5,True,Tiempo Efectivo - Operativo,20260826-CHUNGAR-LM90U-001-A
611,20260826,7,26,5,A,0.5,False,Mantenimiento,20260826-CHUNGAR-LM90U-001-A
612,20260826,7,26,7,A,0.5,True,Stand By Operativo,20260826-CHUNGAR-LM90U-001-A
613,20260826,7,26,47,A,1.0,False,Stand By Inoperativo,20260826-CHUNGAR-LM90U-001-A
614,20260826,7,26,55,A,1.5,False,Stand By Inoperativo,20260826-CHUNGAR-LM90U-001-A
615,20260826,7,26,58,A,2.5,False,Stand By Inoperativo,20260826-CHUNGAR-LM90U-001-A
616,20260826,7,26,59,A,1.0,False,Stand By Inoperativo,20260826-CHUNGAR-LM90U-001-A
617,20260826,7,26,68,A,2.0,True,Stand By Cliente,20260826-CHUNGAR-LM90U-001-A
618,20260826,7,26,82,A,1.5,True,Stand By Cliente,20260826-CHUNGAR-LM90U-001-A
619,20260827,7,26,1,A,4.0,True,Tiempo Efectivo - Operativo,20260827-CHUNGAR-LM90U-001-A
620,20260827,7,26,8,A,0.5,True,Stand By Operativo,20260827-CHUNGAR-LM90U-001-A
621,20260827,7,26,47,A,0.5,False,Stand By Inoperativo,20260827-CHUNGAR-LM90U-001-A
622,20260827,7,26,55,A,1.5,False,Stand By Inoperativo,20260827-CHUNGAR-LM90U-001-A
623,20260827,7,26,58,A,2.5,False,Stand By Inoperativo,20260827-CHUNGAR-LM90U-001-A
624,20260827,7,26,59,A,1.0,False,Stand By Inoperativo,20260827-CHUNGAR-LM90U-001-A
625,20260827,7,26,82,A,2.0,True,Stand By Cliente,20260827-CHUNGAR-LM90U-001-A
626,20260827,7,26,1,B,6.0,True,Tiempo Efectivo - Operativo,20260827-CHUNGAR-LM90U-001-B
627,20260827,7,26,8,B,0.5,True,Stand By Operativo,20260827-CHUNGAR-LM90U-001-B
628,20260827,7,26,55,B,1.5,False,Stand By Inoperativo,20260827-CHUNGAR-LM90U-001-B
629,20260827,7,26,58,B,2.5,False,Stand By Inoperativo,20260827-CHUNGAR-LM90U-001-B
630,20260827,7,26,59,B,1.0,False,Stand By Inoperativo,20260827-CHUNGAR-LM90U-001-B
631,20260827,7,26,78,B,0.5,True,Stand By Cliente,20260827-CHUNGAR-LM90U-001-B
632,20260828,7,26,1,A,5.0,True,Tiempo Efectivo - Operativo,20260828-CHUNGAR-LM90U-001-A
633,20260828,7,26,7,A,0.5,True,Stand By Operativo,20260828-CHUNGAR-LM90U-001-A
634,20260828,7,26,8,A,0.5,True,Stand By Operativo,20260828-CHUNGAR-LM90U-001-A
635,20260828,7,26,47,A,1.0,False,Stand By Inoperativo,20260828-CHUNGAR-LM90U-001-A
636,20260828,7,26,55,A,1.5,False,Stand By Inoperativo,20260828-CHUNGAR-LM90U-001-A
637,20260828,7,26,58,A,2.5,False,Stand By Inoperativo,20260828-CHUNGAR-LM90U-001-A
638,20260828,7,26,59,A,1.0,False,Stand By Inoperativo,20260828-CHUNGAR-LM90U-001-A
639,20260828,7,26,1,B,6.0,True,Tiempo Efectivo - Operativo,20260828-CHUNGAR-LM90U-001-B
640,20260828,7,26,7,B,0.5,True,Stand By Operativo,20260828-CHUNGAR-LM90U-001-B
641,20260828,7,26,8,B,0.5,True,Stand By Operativo,20260828-CHUNGAR-LM90U-001-B
642,20260828,7,26,55,B,1.5,False,Stand By Inoperativo,20260828-CHUNGAR-LM90U-001-B
643,20260828,7,26,58,B,2.5,False,Stand By Inoperativo,20260828-CHUNGAR-LM90U-001-B
644,20260828,7,26,59,B,1.0,False,Stand By Inoperativo,20260828-CHUNGAR-LM90U-001-B
645,20260829,7,26,1,A,4.0,True,Tiempo Efectivo - Operativo,20260829-CHUNGAR-LM90U-001-A
646,20260829,7,26,6,A,1.5,False,Mantenimiento,20260829-CHUNGAR-LM90U-001-A
647,20260829,7,26,7,A,0.5,True,Stand By Operativo,20260829-CHUNGAR-LM90U-001-A
648,20260829,7,26,8,A,0.5,True,Stand By Operativo,20260829-CHUNGAR-LM90U-001-A
649,20260829,7,26,47,A,0.5,False,Stand By Inoperativo,20260829-CHUNGAR-LM90U-001-A
650,20260829,7,26,55,A,1.5,False,Stand By Inoperativo,20260829-CHUNGAR-LM90U-001-A
651,20260829,7,26,58,A,2.5,False,Stand By Inoperativo,20260829-CHUNGAR-LM90U-001-A
652,20260829,7,26,59,A,1.0,False,Stand By Inoperativo,20260829-CHUNGAR-LM90U-001-A
653,20260829,7,26,1,B,5.0,True,Tiempo Efectivo - Operativo,20260829-CHUNGAR-LM90U-001-B
654,20260829,7,26,5,B,0.5,False,Mantenimiento,20260829-CHUNGAR-LM90U-001-B
655,20260829,7,26,7,B,0.5,True,Stand By Operativo,20260829-CHUNGAR-LM90U-001-B
656,20260829,7,26,16,B,0.5,True,Stand By Operativo,20260829-CHUNGAR-LM90U-001-B
657,20260829,7,26,47,B,0.5,False,Stand By Inoperativo,20260829-CHUNGAR-LM90U-001-B
658,20260829,7,26,55,B,1.5,False,Stand By Inoperativo,20260829-CHUNGAR-LM90U-001-B
659,20260829,7,26,58,B,2.5,False,Stand By Inoperativo,20260829-CHUNGAR-LM90U-001-B
660,20260829,7,26,59,B,1.0,False,Stand By Inoperativo,20260829-CHUNGAR-LM90U-001-B
661,20260830,7,26,9,A,1.0,True,Stand By Operativo,20260830-CHUNGAR-LM90U-001-A
662,20260830,7,26,16,A,1.5,True,Stand By Operativo,20260830-CHUNGAR-LM90U-001-A
663,20260830,7,26,18,A,1.0,True,Stand By Operativo,20260830-CHUNGAR-LM90U-001-A
664,20260830,7,26,47,A,0.5,False,Stand By Inoperativo,20260830-CHUNGAR-LM90U-001-A
665,20260830,7,26,50,A,2.5,False,Stand By Inoperativo,20260830-CHUNGAR-LM90U-001-A
666,20260830,7,26,52,A,0.5,False,Stand By Inoperativo,20260830-CHUNGAR-LM90U-001-A
667,20260830,7,26,55,A,1.5,False,Stand By Inoperativo,20260830-CHUNGAR-LM90U-001-A
668,20260830,7,26,58,A,2.5,False,Stand By Inoperativo,20260830-CHUNGAR-LM90U-001-A
669,20260830,7,26,59,A,1.0,False,Stand By Inoperativo,20260830-CHUNGAR-LM90U-001-A
670,20260830,7,26,5,B,0.5,False,Mantenimiento,20260830-CHUNGAR-LM90U-001-B
671,20260830,7,26,19,B,5.5,True,Stand By Operativo,20260830-CHUNGAR-LM90U-001-B
672,20260830,7,26,47,B,0.5,False,Stand By Inoperativo,20260830-CHUNGAR-LM90U-001-B
673,20260830,7,26,52,B,0.5,False,Stand By Inoperativo,20260830-CHUNGAR-LM90U-001-B
674,20260830,7,26,55,B,1.5,False,Stand By Inoperativo,20260830-CHUNGAR-LM90U-001-B
675,20260830,7,26,58,B,2.5,False,Stand By Inoperativo,20260830-CHUNGAR-LM90U-001-B
676,20260830,7,26,59,B,1.0,False,Stand By Inoperativo,20260830-CHUNGAR-LM90U-001-B
677,20260831,7,26,1,A,1.5,True,Tiempo Efectivo - Operativo,20260831-CHUNGAR-LM90U-001-A
678,20260831,7,26,5,A,0.5,False,Mantenimiento,20260831-CHUNGAR-LM90U-001-A
679,20260831,7,26,7,A,0.5,True,Stand By Operativo,20260831-CHUNGAR-LM90U-001-A
680,20260831,7,26,19,A,4.0,True,Stand By Operativo,20260831-CHUNGAR-LM90U-001-A
681,20260831,7,26,50,A,1.5,False,Stand By Inoperativo,20260831-CHUNGAR-LM90U-001-A
682,20260831,7,26,55,A,1.5,False,Stand By Inoperativo,20260831-CHUNGAR-LM90U-001-A
683,20260831,7,26,58,A,2.5,False,Stand By Inoperativo,20260831-CHUNGAR-LM90U-001-A
684,20260831,7,26,1,B,5.5,True,Tiempo Efectivo - Operativo,20260831-CHUNGAR-LM90U-001-B
685,20260831,7,26,5,B,1.0,False,Mantenimiento,20260831-CHUNGAR-LM90U-001-B
686,20260831,7,26,7,B,0.5,True,Stand By Operativo,20260831-CHUNGAR-LM90U-001-B
687,20260831,7,26,55,B,1.5,False,Stand By Inoperativo,20260831-CHUNGAR-LM90U-001-B
688,20260831,7,26,58,B,2.5,False,Stand By Inoperativo,20260831-CHUNGAR-LM90U-001-B
689,20260831,7,26,59,B,1.0,False,Stand By Inoperativo,20260831-CHUNGAR-LM90U-001-B
690,20260826,7,33,1,A,2.5,True,Tiempo Efectivo - Operativo,20260826-CHUNGAR-XRD90USS-003-A
691,20260826,7,33,5,A,0.5,False,Mantenimiento,20260826-CHUNGAR-XRD90USS-003-A
692,20260826,7,33,7,A,0.5,True,Stand By Operativo,20260826-CHUNGAR-XRD90USS-003-A
693,20260826,7,33,8,A,0.5,True,Stand By Operativo,20260826-CHUNGAR-XRD90USS-003-A
694,20260826,7,33,16,A,0.5,True,Stand By Operativo,20260826-CHUNGAR-XRD90USS-003-A
695,20260826,7,33,47,A,0.5,False,Stand By Inoperativo,20260826-CHUNGAR-XRD90USS-003-A
696,20260826,7,33,55,A,1.5,False,Stand By Inoperativo,20260826-CHUNGAR-XRD90USS-003-A
697,20260826,7,33,58,A,2.5,False,Stand By Inoperativo,20260826-CHUNGAR-XRD90USS-003-A
698,20260826,7,33,59,A,1.0,False,Stand By Inoperativo,20260826-CHUNGAR-XRD90USS-003-A
699,20260826,7,33,82,A,2.0,True,Stand By Cliente,20260826-CHUNGAR-XRD90USS-003-A
700,20260826,7,33,1,B,4.0,True,Tiempo Efectivo - Operativo,20260826-CHUNGAR-XRD90USS-003-B
701,20260826,7,33,5,B,0.5,False,Mantenimiento,20260826-CHUNGAR-XRD90USS-003-B
702,20260826,7,33,7,B,0.5,True,Stand By Operativo,20260826-CHUNGAR-XRD90USS-003-B
703,20260826,7,33,8,B,0.5,True,Stand By Operativo,20260826-CHUNGAR-XRD90USS-003-B
704,20260826,7,33,55,B,1.5,False,Stand By Inoperativo,20260826-CHUNGAR-XRD90USS-003-B
705,20260826,7,33,58,B,2.5,False,Stand By Inoperativo,20260826-CHUNGAR-XRD90USS-003-B
706,20260826,7,33,59,B,1.0,False,Stand By Inoperativo,20260826-CHUNGAR-XRD90USS-003-B
707,20260826,7,33,82,B,1.5,True,Stand By Cliente,20260826-CHUNGAR-XRD90USS-003-B
708,20260827,7,33,1,A,2.5,True,Tiempo Efectivo - Operativo,20260827-CHUNGAR-XRD90USS-003-A
709,20260827,7,33,5,A,0.5,False,Mantenimiento,20260827-CHUNGAR-XRD90USS-003-A
710,20260827,7,33,7,A,1.0,True,Stand By Operativo,20260827-CHUNGAR-XRD90USS-003-A
711,20260827,7,33,47,A,0.5,False,Stand By Inoperativo,20260827-CHUNGAR-XRD90USS-003-A
712,20260827,7,33,55,A,1.5,False,Stand By Inoperativo,20260827-CHUNGAR-XRD90USS-003-A
713,20260827,7,33,58,A,3.0,False,Stand By Inoperativo,20260827-CHUNGAR-XRD90USS-003-A
714,20260827,7,33,59,A,1.0,False,Stand By Inoperativo,20260827-CHUNGAR-XRD90USS-003-A
715,20260827,7,33,82,A,2.0,True,Stand By Cliente,20260827-CHUNGAR-XRD90USS-003-A
716,20260827,7,33,1,B,4.5,True,Tiempo Efectivo - Operativo,20260827-CHUNGAR-XRD90USS-003-B
717,20260827,7,33,5,B,0.5,False,Mantenimiento,20260827-CHUNGAR-XRD90USS-003-B
718,20260827,7,33,7,B,0.5,True,Stand By Operativo,20260827-CHUNGAR-XRD90USS-003-B
719,20260827,7,33,8,B,0.5,True,Stand By Operativo,20260827-CHUNGAR-XRD90USS-003-B
720,20260827,7,33,47,B,1.0,False,Stand By Inoperativo,20260827-CHUNGAR-XRD90USS-003-B
721,20260827,7,33,55,B,1.5,False,Stand By Inoperativo,20260827-CHUNGAR-XRD90USS-003-B
722,20260827,7,33,58,B,2.5,False,Stand By Inoperativo,20260827-CHUNGAR-XRD90USS-003-B
723,20260827,7,33,59,B,1.0,False,Stand By Inoperativo,20260827-CHUNGAR-XRD90USS-003-B
724,20260828,7,33,9,A,1.0,True,Stand By Operativo,20260828-CHUNGAR-XRD90USS-003-A
725,20260828,7,33,16,A,1.0,True,Stand By Operativo,20260828-CHUNGAR-XRD90USS-003-A
726,20260828,7,33,18,A,1.5,True,Stand By Operativo,20260828-CHUNGAR-XRD90USS-003-A
727,20260828,7,33,50,A,2.0,False,Stand By Inoperativo,20260828-CHUNGAR-XRD90USS-003-A
728,20260828,7,33,52,A,1.5,False,Stand By Inoperativo,20260828-CHUNGAR-XRD90USS-003-A
729,20260828,7,33,55,A,1.5,False,Stand By Inoperativo,20260828-CHUNGAR-XRD90USS-003-A
730,20260828,7,33,58,A,2.5,False,Stand By Inoperativo,20260828-CHUNGAR-XRD90USS-003-A
731,20260828,7,33,59,A,1.0,False,Stand By Inoperativo,20260828-CHUNGAR-XRD90USS-003-A
732,20260828,7,33,1,B,0.5,True,Tiempo Efectivo - Operativo,20260828-CHUNGAR-XRD90USS-003-B
733,20260828,7,33,5,B,0.5,False,Mantenimiento,20260828-CHUNGAR-XRD90USS-003-B
734,20260828,7,33,8,B,0.5,True,Stand By Operativo,20260828-CHUNGAR-XRD90USS-003-B
735,20260828,7,33,18,B,1.0,True,Stand By Operativo,20260828-CHUNGAR-XRD90USS-003-B
736,20260828,7,33,19,B,2.0,True,Stand By Operativo,20260828-CHUNGAR-XRD90USS-003-B
737,20260828,7,33,47,B,0.5,False,Stand By Inoperativo,20260828-CHUNGAR-XRD90USS-003-B
738,20260828,7,33,50,B,2.5,False,Stand By Inoperativo,20260828-CHUNGAR-XRD90USS-003-B
739,20260828,7,33,55,B,1.5,False,Stand By Inoperativo,20260828-CHUNGAR-XRD90USS-003-B
740,20260828,7,33,58,B,2.0,False,Stand By Inoperativo,20260828-CHUNGAR-XRD90USS-003-B
741,20260828,7,33,59,B,1.0,False,Stand By Inoperativo,20260828-CHUNGAR-XRD90USS-003-B
742,20260829,7,33,1,A,4.5,True,Tiempo Efectivo - Operativo,20260829-CHUNGAR-XRD90USS-003-A
743,20260829,7,33,5,A,0.5,False,Mantenimiento,20260829-CHUNGAR-XRD90USS-003-A
744,20260829,7,33,7,A,0.5,True,Stand By Operativo,20260829-CHUNGAR-XRD90USS-003-A
745,20260829,7,33,8,A,0.5,True,Stand By Operativo,20260829-CHUNGAR-XRD90USS-003-A
746,20260829,7,33,47,A,1.0,False,Stand By Inoperativo,20260829-CHUNGAR-XRD90USS-003-A
747,20260829,7,33,55,A,1.5,False,Stand By Inoperativo,20260829-CHUNGAR-XRD90USS-003-A
748,20260829,7,33,58,A,2.5,False,Stand By Inoperativo,20260829-CHUNGAR-XRD90USS-003-A
749,20260829,7,33,59,A,1.0,False,Stand By Inoperativo,20260829-CHUNGAR-XRD90USS-003-A
750,20260829,7,33,1,B,4.5,True,Tiempo Efectivo - Operativo,20260829-CHUNGAR-XRD90USS-003-B
751,20260829,7,33,5,B,0.5,False,Mantenimiento,20260829-CHUNGAR-XRD90USS-003-B
752,20260829,7,33,7,B,0.5,True,Stand By Operativo,20260829-CHUNGAR-XRD90USS-003-B
753,20260829,7,33,8,B,0.5,True,Stand By Operativo,20260829-CHUNGAR-XRD90USS-003-B
754,20260829,7,33,16,B,0.5,True,Stand By Operativo,20260829-CHUNGAR-XRD90USS-003-B
755,20260829,7,33,47,B,0.5,False,Stand By Inoperativo,20260829-CHUNGAR-XRD90USS-003-B
756,20260829,7,33,55,B,1.5,False,Stand By Inoperativo,20260829-CHUNGAR-XRD90USS-003-B
757,20260829,7,33,58,B,2.5,False,Stand By Inoperativo,20260829-CHUNGAR-XRD90USS-003-B
758,20260829,7,33,59,B,1.0,False,Stand By Inoperativo,20260829-CHUNGAR-XRD90USS-003-B
759,20260830,7,33,1,A,3.0,True,Tiempo Efectivo - Operativo,20260830-CHUNGAR-XRD90USS-003-A
760,20260830,7,33,5,A,0.5,False,Mantenimiento,20260830-CHUNGAR-XRD90USS-003-A
761,20260830,7,33,7,A,0.5,True,Stand By Operativo,20260830-CHUNGAR-XRD90USS-003-A
762,20260830,7,33,8,A,0.5,True,Stand By Operativo,20260830-CHUNGAR-XRD90USS-003-A
763,20260830,7,33,47,A,1.0,False,Stand By Inoperativo,20260830-CHUNGAR-XRD90USS-003-A
764,20260830,7,33,55,A,1.5,False,Stand By Inoperativo,20260830-CHUNGAR-XRD90USS-003-A
765,20260830,7,33,58,A,2.5,False,Stand By Inoperativo,20260830-CHUNGAR-XRD90USS-003-A
766,20260830,7,33,59,A,1.0,False,Stand By Inoperativo,20260830-CHUNGAR-XRD90USS-003-A
767,20260830,7,33,68,A,1.0,True,Stand By Cliente,20260830-CHUNGAR-XRD90USS-003-A
768,20260830,7,33,78,A,0.5,True,Stand By Cliente,20260830-CHUNGAR-XRD90USS-003-A
769,20260830,7,33,1,B,4.0,True,Tiempo Efectivo - Operativo,20260830-CHUNGAR-XRD90USS-003-B
770,20260830,7,33,5,B,0.5,False,Mantenimiento,20260830-CHUNGAR-XRD90USS-003-B
771,20260830,7,33,7,B,0.5,True,Stand By Operativo,20260830-CHUNGAR-XRD90USS-003-B
772,20260830,7,33,8,B,0.5,True,Stand By Operativo,20260830-CHUNGAR-XRD90USS-003-B
773,20260830,7,33,10,B,0.5,True,Stand By Operativo,20260830-CHUNGAR-XRD90USS-003-B
774,20260830,7,33,47,B,1.0,False,Stand By Inoperativo,20260830-CHUNGAR-XRD90USS-003-B
775,20260830,7,33,55,B,1.5,False,Stand By Inoperativo,20260830-CHUNGAR-XRD90USS-003-B
776,20260830,7,33,58,B,2.5,False,Stand By Inoperativo,20260830-CHUNGAR-XRD90USS-003-B
777,20260830,7,33,59,B,1.0,False,Stand By Inoperativo,20260830-CHUNGAR-XRD90USS-003-B
778,20260831,7,33,1,A,2.5,True,Tiempo Efectivo - Operativo,20260831-CHUNGAR-XRD90USS-003-A
779,20260831,7,33,5,A,0.5,False,Mantenimiento,20260831-CHUNGAR-XRD90USS-003-A
780,20260831,7,33,7,A,0.5,True,Stand By Operativo,20260831-CHUNGAR-XRD90USS-003-A
781,20260831,7,33,8,A,0.5,True,Stand By Operativo,20260831-CHUNGAR-XRD90USS-003-A
782,20260831,7,33,9,A,1.0,True,Stand By Operativo,20260831-CHUNGAR-XRD90USS-003-A
783,20260831,7,33,47,A,1.0,False,Stand By Inoperativo,20260831-CHUNGAR-XRD90USS-003-A
784,20260831,7,33,55,A,1.5,False,Stand By Inoperativo,20260831-CHUNGAR-XRD90USS-003-A
785,20260831,7,33,57,A,1.0,False,Stand By Inoperativo,20260831-CHUNGAR-XRD90USS-003-A
786,20260831,7,33,58,A,2.5,False,Stand By Inoperativo,20260831-CHUNGAR-XRD90USS-003-A
787,20260831,7,33,59,A,1.0,False,Stand By Inoperativo,20260831-CHUNGAR-XRD90USS-003-A
788,20260831,7,33,1,B,4.0,True,Tiempo Efectivo - Operativo,20260831-CHUNGAR-XRD90USS-003-B
789,20260831,7,33,5,B,0.5,False,Mantenimiento,20260831-CHUNGAR-XRD90USS-003-B
790,20260831,7,33,7,B,0.5,True,Stand By Operativo,20260831-CHUNGAR-XRD90USS-003-B
791,20260831,7,33,8,B,0.5,True,Stand By Operativo,20260831-CHUNGAR-XRD90USS-003-B
792,20260831,7,33,9,B,1.0,True,Stand By Operativo,20260831-CHUNGAR-XRD90USS-003-B
793,20260831,7,33,47,B,0.5,False,Stand By Inoperativo,20260831-CHUNGAR-XRD90USS-003-B
794,20260831,7,33,55,B,1.5,False,Stand By Inoperativo,20260831-CHUNGAR-XRD90USS-003-B
795,20260831,7,33,58,B,2.5,False,Stand By Inoperativo,20260831-CHUNGAR-XRD90USS-003-B
796,20260831,7,33,59,B,1.0,False,Stand By Inoperativo,20260831-CHUNGAR-XRD90USS-003-B
797,20260826,7,29,60,A,12.0,False,Stand By Inoperativo,20260826-CHUNGAR-XRD150USS-005-A
798,20260826,7,29,47,B,0.5,False,Stand By Inoperativo,20260826-CHUNGAR-XRD150USS-005-B
799,20260826,7,29,55,B,1.5,False,Stand By Inoperativo,20260826-CHUNGAR-XRD150USS-005-B
800,20260826,7,29,58,B,2.0,False,Stand By Inoperativo,20260826-CHUNGAR-XRD150USS-005-B
801,20260826,7,29,59,B,1.0,False,Stand By Inoperativo,20260826-CHUNGAR-XRD150USS-005-B
802,20260826,7,29,60,B,5.5,False,Stand By Inoperativo,20260826-CHUNGAR-XRD150USS-005-B
803,20260826,7,29,82,B,1.5,True,Stand By Cliente,20260826-CHUNGAR-XRD150USS-005-B
804,20260827,7,29,47,A,1.0,False,Stand By Inoperativo,20260827-CHUNGAR-XRD150USS-005-A
805,20260827,7,29,52,A,1.5,False,Stand By Inoperativo,20260827-CHUNGAR-XRD150USS-005-A
806,20260827,7,29,53,A,2.0,False,Stand By Inoperativo,20260827-CHUNGAR-XRD150USS-005-A
807,20260827,7,29,55,A,1.5,False,Stand By Inoperativo,20260827-CHUNGAR-XRD150USS-005-A
808,20260827,7,29,58,A,3.0,False,Stand By Inoperativo,20260827-CHUNGAR-XRD150USS-005-A
809,20260827,7,29,59,A,1.0,False,Stand By Inoperativo,20260827-CHUNGAR-XRD150USS-005-A
810,20260827,7,29,82,A,2.0,True,Stand By Cliente,20260827-CHUNGAR-XRD150USS-005-A
811,20260827,7,29,60,B,12.0,False,Stand By Inoperativo,20260827-CHUNGAR-XRD150USS-005-B
812,20260828,7,29,47,A,1.0,False,Stand By Inoperativo,20260828-CHUNGAR-XRD150USS-005-A
813,20260828,7,29,50,A,4.5,False,Stand By Inoperativo,20260828-CHUNGAR-XRD150USS-005-A
814,20260828,7,29,53,A,1.5,False,Stand By Inoperativo,20260828-CHUNGAR-XRD150USS-005-A
815,20260828,7,29,55,A,1.5,False,Stand By Inoperativo,20260828-CHUNGAR-XRD150USS-005-A
816,20260828,7,29,58,A,2.5,False,Stand By Inoperativo,20260828-CHUNGAR-XRD150USS-005-A
817,20260828,7,29,59,A,1.0,False,Stand By Inoperativo,20260828-CHUNGAR-XRD150USS-005-A
818,20260828,7,29,60,B,12.0,False,Stand By Inoperativo,20260828-CHUNGAR-XRD150USS-005-B
819,20260829,7,29,18,A,1.5,True,Stand By Operativo,20260829-CHUNGAR-XRD150USS-005-A
820,20260829,7,29,47,A,1.0,False,Stand By Inoperativo,20260829-CHUNGAR-XRD150USS-005-A
821,20260829,7,29,50,A,3.5,False,Stand By Inoperativo,20260829-CHUNGAR-XRD150USS-005-A
822,20260829,7,29,52,A,1.0,False,Stand By Inoperativo,20260829-CHUNGAR-XRD150USS-005-A
823,20260829,7,29,55,A,1.5,False,Stand By Inoperativo,20260829-CHUNGAR-XRD150USS-005-A
824,20260829,7,29,58,A,2.5,False,Stand By Inoperativo,20260829-CHUNGAR-XRD150USS-005-A
825,20260829,7,29,59,A,1.0,False,Stand By Inoperativo,20260829-CHUNGAR-XRD150USS-005-A
826,20260829,7,29,60,B,12.0,False,Stand By Inoperativo,20260829-CHUNGAR-XRD150USS-005-B
827,20260830,7,29,47,A,1.0,False,Stand By Inoperativo,20260830-CHUNGAR-XRD150USS-005-A
828,20260830,7,29,50,A,4.5,False,Stand By Inoperativo,20260830-CHUNGAR-XRD150USS-005-A
829,20260830,7,29,53,A,1.5,False,Stand By Inoperativo,20260830-CHUNGAR-XRD150USS-005-A
830,20260830,7,29,55,A,1.5,False,Stand By Inoperativo,20260830-CHUNGAR-XRD150USS-005-A
831,20260830,7,29,58,A,2.5,False,Stand By Inoperativo,20260830-CHUNGAR-XRD150USS-005-A
832,20260830,7,29,59,A,1.0,False,Stand By Inoperativo,20260830-CHUNGAR-XRD150USS-005-A
833,20260830,7,29,5,B,0.5,False,Mantenimiento,20260830-CHUNGAR-XRD150USS-005-B
834,20260830,7,29,8,B,0.5,True,Stand By Operativo,20260830-CHUNGAR-XRD150USS-005-B
835,20260830,7,29,18,B,1.5,True,Stand By Operativo,20260830-CHUNGAR-XRD150USS-005-B
836,20260830,7,29,19,B,2.5,True,Stand By Operativo,20260830-CHUNGAR-XRD150USS-005-B
837,20260830,7,29,47,B,0.5,False,Stand By Inoperativo,20260830-CHUNGAR-XRD150USS-005-B
838,20260830,7,29,50,B,1.5,False,Stand By Inoperativo,20260830-CHUNGAR-XRD150USS-005-B
839,20260830,7,29,55,B,1.5,False,Stand By Inoperativo,20260830-CHUNGAR-XRD150USS-005-B
840,20260830,7,29,58,B,2.5,False,Stand By Inoperativo,20260830-CHUNGAR-XRD150USS-005-B
841,20260830,7,29,59,B,1.0,False,Stand By Inoperativo,20260830-CHUNGAR-XRD150USS-005-B
842,20260831,7,29,1,A,2.5,True,Tiempo Efectivo - Operativo,20260831-CHUNGAR-XRD150USS-005-A
843,20260831,7,29,7,A,0.5,True,Stand By Operativo,20260831-CHUNGAR-XRD150USS-005-A
844,20260831,7,29,19,A,1.5,True,Stand By Operativo,20260831-CHUNGAR-XRD150USS-005-A
845,20260831,7,29,47,A,1.0,False,Stand By Inoperativo,20260831-CHUNGAR-XRD150USS-005-A
846,20260831,7,29,51,A,1.5,False,Stand By Inoperativo,20260831-CHUNGAR-XRD150USS-005-A
847,20260831,7,29,55,A,1.5,False,Stand By Inoperativo,20260831-CHUNGAR-XRD150USS-005-A
848,20260831,7,29,58,A,2.5,False,Stand By Inoperativo,20260831-CHUNGAR-XRD150USS-005-A
849,20260831,7,29,59,A,1.0,False,Stand By Inoperativo,20260831-CHUNGAR-XRD150USS-005-A
850,20260831,7,29,60,B,12.0,False,Stand By Inoperativo,20260831-CHUNGAR-XRD150USS-005-B
851,20260826,7,27,1,A,0.5,True,Tiempo Efectivo - Operativo,20260826-CHUNGAR-XRD120U-001-A
852,20260826,7,27,5,A,0.5,False,Mantenimiento,20260826-CHUNGAR-XRD120U-001-A
853,20260826,7,27,8,A,0.5,True,Stand By Operativo,20260826-CHUNGAR-XRD120U-001-A
854,20260826,7,27,11,A,3.5,True,Stand By Operativo,20260826-CHUNGAR-XRD120U-001-A
855,20260826,7,27,47,A,0.5,False,Stand By Inoperativo,20260826-CHUNGAR-XRD120U-001-A
856,20260826,7,27,55,A,1.5,False,Stand By Inoperativo,20260826-CHUNGAR-XRD120U-001-A
857,20260826,7,27,58,A,2.0,False,Stand By Inoperativo,20260826-CHUNGAR-XRD120U-001-A
858,20260826,7,27,59,A,1.0,False,Stand By Inoperativo,20260826-CHUNGAR-XRD120U-001-A
859,20260826,7,27,82,A,2.0,True,Stand By Cliente,20260826-CHUNGAR-XRD120U-001-A
860,20260826,7,27,3,B,1.5,True,Tiempo Efectivo - Operativo,20260826-CHUNGAR-XRD120U-001-B
861,20260826,7,27,4,B,1.5,True,Tiempo Efectivo - Operativo,20260826-CHUNGAR-XRD120U-001-B
862,20260826,7,27,5,B,0.5,False,Mantenimiento,20260826-CHUNGAR-XRD120U-001-B
863,20260826,7,27,47,B,2.0,False,Stand By Inoperativo,20260826-CHUNGAR-XRD120U-001-B
864,20260826,7,27,55,B,1.5,False,Stand By Inoperativo,20260826-CHUNGAR-XRD120U-001-B
865,20260826,7,27,58,B,2.0,False,Stand By Inoperativo,20260826-CHUNGAR-XRD120U-001-B
866,20260826,7,27,59,B,1.0,False,Stand By Inoperativo,20260826-CHUNGAR-XRD120U-001-B
867,20260826,7,27,82,B,2.0,True,Stand By Cliente,20260826-CHUNGAR-XRD120U-001-B
868,20260827,7,27,5,A,0.5,False,Mantenimiento,20260827-CHUNGAR-XRD120U-001-A
869,20260827,7,27,7,A,1.0,True,Stand By Operativo,20260827-CHUNGAR-XRD120U-001-A
870,20260827,7,27,47,A,1.0,False,Stand By Inoperativo,20260827-CHUNGAR-XRD120U-001-A
871,20260827,7,27,53,A,3.0,False,Stand By Inoperativo,20260827-CHUNGAR-XRD120U-001-A
872,20260827,7,27,55,A,1.5,False,Stand By Inoperativo,20260827-CHUNGAR-XRD120U-001-A
873,20260827,7,27,58,A,2.0,False,Stand By Inoperativo,20260827-CHUNGAR-XRD120U-001-A
874,20260827,7,27,59,A,1.0,False,Stand By Inoperativo,20260827-CHUNGAR-XRD120U-001-A
875,20260827,7,27,82,A,2.0,True,Stand By Cliente,20260827-CHUNGAR-XRD120U-001-A
876,20260827,7,27,5,B,1.0,False,Mantenimiento,20260827-CHUNGAR-XRD120U-001-B
877,20260827,7,27,9,B,1.5,True,Stand By Operativo,20260827-CHUNGAR-XRD120U-001-B
878,20260827,7,27,47,B,1.0,False,Stand By Inoperativo,20260827-CHUNGAR-XRD120U-001-B
879,20260827,7,27,53,B,2.5,False,Stand By Inoperativo,20260827-CHUNGAR-XRD120U-001-B
880,20260827,7,27,55,B,1.5,False,Stand By Inoperativo,20260827-CHUNGAR-XRD120U-001-B
881,20260827,7,27,58,B,2.5,False,Stand By Inoperativo,20260827-CHUNGAR-XRD120U-001-B
882,20260827,7,27,59,B,1.0,False,Stand By Inoperativo,20260827-CHUNGAR-XRD120U-001-B
883,20260827,7,27,62,B,1.0,False,Stand By Inoperativo,20260827-CHUNGAR-XRD120U-001-B
884,20260828,7,27,1,A,3.5,True,Tiempo Efectivo - Operativo,20260828-CHUNGAR-XRD120U-001-A
885,20260828,7,27,5,A,0.5,False,Mantenimiento,20260828-CHUNGAR-XRD120U-001-A
886,20260828,7,27,7,A,1.0,True,Stand By Operativo,20260828-CHUNGAR-XRD120U-001-A
887,20260828,7,27,9,A,1.5,True,Stand By Operativo,20260828-CHUNGAR-XRD120U-001-A
888,20260828,7,27,47,A,1.0,False,Stand By Inoperativo,20260828-CHUNGAR-XRD120U-001-A
889,20260828,7,27,55,A,1.5,False,Stand By Inoperativo,20260828-CHUNGAR-XRD120U-001-A
890,20260828,7,27,58,A,2.0,False,Stand By Inoperativo,20260828-CHUNGAR-XRD120U-001-A
891,20260828,7,27,59,A,1.0,False,Stand By Inoperativo,20260828-CHUNGAR-XRD120U-001-A
892,20260828,7,27,1,B,5.0,True,Tiempo Efectivo - Operativo,20260828-CHUNGAR-XRD120U-001-B
893,20260828,7,27,7,B,1.0,True,Stand By Operativo,20260828-CHUNGAR-XRD120U-001-B
894,20260828,7,27,8,B,1.0,True,Stand By Operativo,20260828-CHUNGAR-XRD120U-001-B
895,20260828,7,27,47,B,0.5,False,Stand By Inoperativo,20260828-CHUNGAR-XRD120U-001-B
896,20260828,7,27,55,B,1.5,False,Stand By Inoperativo,20260828-CHUNGAR-XRD120U-001-B
897,20260828,7,27,58,B,2.0,False,Stand By Inoperativo,20260828-CHUNGAR-XRD120U-001-B
898,20260828,7,27,59,B,1.0,False,Stand By Inoperativo,20260828-CHUNGAR-XRD120U-001-B
899,20260829,7,27,1,A,4.0,True,Tiempo Efectivo - Operativo,20260829-CHUNGAR-XRD120U-001-A
900,20260829,7,27,5,A,0.5,False,Mantenimiento,20260829-CHUNGAR-XRD120U-001-A
901,20260829,7,27,6,A,2.0,False,Mantenimiento,20260829-CHUNGAR-XRD120U-001-A
902,20260829,7,27,7,A,0.5,True,Stand By Operativo,20260829-CHUNGAR-XRD120U-001-A
903,20260829,7,27,8,A,0.5,True,Stand By Operativo,20260829-CHUNGAR-XRD120U-001-A
904,20260829,7,27,55,A,1.5,False,Stand By Inoperativo,20260829-CHUNGAR-XRD120U-001-A
905,20260829,7,27,58,A,2.0,False,Stand By Inoperativo,20260829-CHUNGAR-XRD120U-001-A
906,20260829,7,27,59,A,1.0,False,Stand By Inoperativo,20260829-CHUNGAR-XRD120U-001-A
907,20260829,7,27,1,B,5.5,True,Tiempo Efectivo - Operativo,20260829-CHUNGAR-XRD120U-001-B
908,20260829,7,27,5,B,0.5,False,Mantenimiento,20260829-CHUNGAR-XRD120U-001-B
909,20260829,7,27,6,B,0.5,False,Mantenimiento,20260829-CHUNGAR-XRD120U-001-B
910,20260829,7,27,7,B,0.5,True,Stand By Operativo,20260829-CHUNGAR-XRD120U-001-B
911,20260829,7,27,47,B,0.5,False,Stand By Inoperativo,20260829-CHUNGAR-XRD120U-001-B
912,20260829,7,27,55,B,1.5,False,Stand By Inoperativo,20260829-CHUNGAR-XRD120U-001-B
913,20260829,7,27,58,B,2.0,False,Stand By Inoperativo,20260829-CHUNGAR-XRD120U-001-B
914,20260829,7,27,59,B,1.0,False,Stand By Inoperativo,20260829-CHUNGAR-XRD120U-001-B
915,20260830,7,27,5,A,0.5,False,Mantenimiento,20260830-CHUNGAR-XRD120U-001-A
916,20260830,7,27,7,A,0.5,True,Stand By Operativo,20260830-CHUNGAR-XRD120U-001-A
917,20260830,7,27,9,A,3.5,True,Stand By Operativo,20260830-CHUNGAR-XRD120U-001-A
918,20260830,7,27,47,A,3.0,False,Stand By Inoperativo,20260830-CHUNGAR-XRD120U-001-A
919,20260830,7,27,55,A,1.5,False,Stand By Inoperativo,20260830-CHUNGAR-XRD120U-001-A
920,20260830,7,27,58,A,2.0,False,Stand By Inoperativo,20260830-CHUNGAR-XRD120U-001-A
921,20260830,7,27,59,A,1.0,False,Stand By Inoperativo,20260830-CHUNGAR-XRD120U-001-A
922,20260830,7,27,1,B,5.5,True,Tiempo Efectivo - Operativo,20260830-CHUNGAR-XRD120U-001-B
923,20260830,7,27,7,B,0.5,True,Stand By Operativo,20260830-CHUNGAR-XRD120U-001-B
924,20260830,7,27,9,B,1.0,True,Stand By Operativo,20260830-CHUNGAR-XRD120U-001-B
925,20260830,7,27,47,B,0.5,False,Stand By Inoperativo,20260830-CHUNGAR-XRD120U-001-B
926,20260830,7,27,55,B,1.5,False,Stand By Inoperativo,20260830-CHUNGAR-XRD120U-001-B
927,20260830,7,27,58,B,2.0,False,Stand By Inoperativo,20260830-CHUNGAR-XRD120U-001-B
928,20260830,7,27,59,B,1.0,False,Stand By Inoperativo,20260830-CHUNGAR-XRD120U-001-B
929,20260831,7,27,1,A,4.5,True,Tiempo Efectivo - Operativo,20260831-CHUNGAR-XRD120U-001-A
930,20260831,7,27,5,A,0.5,False,Mantenimiento,20260831-CHUNGAR-XRD120U-001-A
931,20260831,7,27,7,A,0.5,True,Stand By Operativo,20260831-CHUNGAR-XRD120U-001-A
932,20260831,7,27,8,A,0.5,True,Stand By Operativo,20260831-CHUNGAR-XRD120U-001-A
933,20260831,7,27,16,A,1.5,True,Stand By Operativo,20260831-CHUNGAR-XRD120U-001-A
934,20260831,7,27,55,A,1.5,False,Stand By Inoperativo,20260831-CHUNGAR-XRD120U-001-A
935,20260831,7,27,58,A,2.0,False,Stand By Inoperativo,20260831-CHUNGAR-XRD120U-001-A
936,20260831,7,27,59,A,1.0,False,Stand By Inoperativo,20260831-CHUNGAR-XRD120U-001-A
937,20260831,7,27,1,B,1.0,True,Tiempo Efectivo - Operativo,20260831-CHUNGAR-XRD120U-001-B
938,20260831,7,27,5,B,0.5,False,Mantenimiento,20260831-CHUNGAR-XRD120U-001-B
939,20260831,7,27,7,B,0.5,True,Stand By Operativo,20260831-CHUNGAR-XRD120U-001-B
940,20260831,7,27,9,B,3.0,True,Stand By Operativo,20260831-CHUNGAR-XRD120U-001-B
941,20260831,7,27,47,B,0.5,False,Stand By Inoperativo,20260831-CHUNGAR-XRD120U-001-B
942,20260831,7,27,55,B,1.5,False,Stand By Inoperativo,20260831-CHUNGAR-XRD120U-001-B
943,20260831,7,27,57,B,2.0,False,Stand By Inoperativo,20260831-CHUNGAR-XRD120U-001-B
944,20260831,7,27,58,B,2.0,False,Stand By Inoperativo,20260831-CHUNGAR-XRD120U-001-B
945,20260831,7,27,59,B,1.0,False,Stand By Inoperativo,20260831-CHUNGAR-XRD120U-001-B
946,20260826,7,25,1,A,4.0,True,Tiempo Efectivo - Operativo,20260826-CHUNGAR-LM110U-001-A
947,20260826,7,25,7,A,0.5,True,Stand By Operativo,20260826-CHUNGAR-LM110U-001-A
948,20260826,7,25,8,A,0.5,True,Stand By Operativo,20260826-CHUNGAR-LM110U-001-A
949,20260826,7,25,55,A,1.5,False,Stand By Inoperativo,20260826-CHUNGAR-LM110U-001-A
950,20260826,7,25,58,A,2.5,False,Stand By Inoperativo,20260826-CHUNGAR-LM110U-001-A
951,20260826,7,25,59,A,1.0,False,Stand By Inoperativo,20260826-CHUNGAR-LM110U-001-A
952,20260826,7,25,82,A,2.0,True,Stand By Cliente,20260826-CHUNGAR-LM110U-001-A
953,20260826,7,25,1,B,3.0,True,Tiempo Efectivo - Operativo,20260826-CHUNGAR-LM110U-001-B
954,20260826,7,25,5,B,0.5,False,Mantenimiento,20260826-CHUNGAR-LM110U-001-B
955,20260826,7,25,7,B,0.5,True,Stand By Operativo,20260826-CHUNGAR-LM110U-001-B
956,20260826,7,25,8,B,0.5,True,Stand By Operativo,20260826-CHUNGAR-LM110U-001-B
957,20260826,7,25,9,B,1.0,True,Stand By Operativo,20260826-CHUNGAR-LM110U-001-B
958,20260826,7,25,55,B,1.5,False,Stand By Inoperativo,20260826-CHUNGAR-LM110U-001-B
959,20260826,7,25,58,B,2.0,False,Stand By Inoperativo,20260826-CHUNGAR-LM110U-001-B
960,20260826,7,25,59,B,1.0,False,Stand By Inoperativo,20260826-CHUNGAR-LM110U-001-B
961,20260826,7,25,82,B,2.0,True,Stand By Cliente,20260826-CHUNGAR-LM110U-001-B
962,20260827,7,25,1,A,1.5,True,Tiempo Efectivo - Operativo,20260827-CHUNGAR-LM110U-001-A
963,20260827,7,25,7,A,0.5,True,Stand By Operativo,20260827-CHUNGAR-LM110U-001-A
964,20260827,7,25,8,A,0.5,True,Stand By Operativo,20260827-CHUNGAR-LM110U-001-A
965,20260827,7,25,9,A,0.5,True,Stand By Operativo,20260827-CHUNGAR-LM110U-001-A
966,20260827,7,25,47,A,2.5,False,Stand By Inoperativo,20260827-CHUNGAR-LM110U-001-A
967,20260827,7,25,55,A,1.5,False,Stand By Inoperativo,20260827-CHUNGAR-LM110U-001-A
968,20260827,7,25,58,A,2.0,False,Stand By Inoperativo,20260827-CHUNGAR-LM110U-001-A
969,20260827,7,25,59,A,1.0,False,Stand By Inoperativo,20260827-CHUNGAR-LM110U-001-A
970,20260827,7,25,82,A,2.0,True,Stand By Cliente,20260827-CHUNGAR-LM110U-001-A
971,20260827,7,25,1,B,3.5,True,Tiempo Efectivo - Operativo,20260827-CHUNGAR-LM110U-001-B
972,20260827,7,25,5,B,0.5,False,Mantenimiento,20260827-CHUNGAR-LM110U-001-B
973,20260827,7,25,7,B,0.5,True,Stand By Operativo,20260827-CHUNGAR-LM110U-001-B
974,20260827,7,25,8,B,0.5,True,Stand By Operativo,20260827-CHUNGAR-LM110U-001-B
975,20260827,7,25,47,B,1.0,False,Stand By Inoperativo,20260827-CHUNGAR-LM110U-001-B
976,20260827,7,25,55,B,1.5,False,Stand By Inoperativo,20260827-CHUNGAR-LM110U-001-B
977,20260827,7,25,58,B,2.5,False,Stand By Inoperativo,20260827-CHUNGAR-LM110U-001-B
978,20260827,7,25,59,B,1.0,False,Stand By Inoperativo,20260827-CHUNGAR-LM110U-001-B
979,20260827,7,25,68,B,1.0,True,Stand By Cliente,20260827-CHUNGAR-LM110U-001-B
980,20260828,7,25,9,A,1.0,True,Stand By Operativo,20260828-CHUNGAR-LM110U-001-A
981,20260828,7,25,16,A,1.5,True,Stand By Operativo,20260828-CHUNGAR-LM110U-001-A
982,20260828,7,25,18,A,1.5,True,Stand By Operativo,20260828-CHUNGAR-LM110U-001-A
983,20260828,7,25,23,A,2.0,True,Stand By Operativo,20260828-CHUNGAR-LM110U-001-A
984,20260828,7,25,47,A,1.5,False,Stand By Inoperativo,20260828-CHUNGAR-LM110U-001-A
985,20260828,7,25,55,A,1.5,False,Stand By Inoperativo,20260828-CHUNGAR-LM110U-001-A
986,20260828,7,25,58,A,2.0,False,Stand By Inoperativo,20260828-CHUNGAR-LM110U-001-A
987,20260828,7,25,59,A,1.0,False,Stand By Inoperativo,20260828-CHUNGAR-LM110U-001-A
988,20260828,7,25,1,B,3.0,True,Tiempo Efectivo - Operativo,20260828-CHUNGAR-LM110U-001-B
989,20260828,7,25,5,B,0.5,False,Mantenimiento,20260828-CHUNGAR-LM110U-001-B
990,20260828,7,25,8,B,0.5,True,Stand By Operativo,20260828-CHUNGAR-LM110U-001-B
991,20260828,7,25,19,B,1.5,True,Stand By Operativo,20260828-CHUNGAR-LM110U-001-B
992,20260828,7,25,47,B,0.5,False,Stand By Inoperativo,20260828-CHUNGAR-LM110U-001-B
993,20260828,7,25,50,B,0.5,False,Stand By Inoperativo,20260828-CHUNGAR-LM110U-001-B
994,20260828,7,25,55,B,1.5,False,Stand By Inoperativo,20260828-CHUNGAR-LM110U-001-B
995,20260828,7,25,58,B,2.0,False,Stand By Inoperativo,20260828-CHUNGAR-LM110U-001-B
996,20260828,7,25,59,B,1.0,False,Stand By Inoperativo,20260828-CHUNGAR-LM110U-001-B
997,20260828,7,25,68,B,1.0,True,Stand By Cliente,20260828-CHUNGAR-LM110U-001-B
998,20260829,7,25,1,A,3.5,True,Tiempo Efectivo - Operativo,20260829-CHUNGAR-LM110U-001-A
999,20260829,7,25,5,A,0.5,False,Mantenimiento,20260829-CHUNGAR-LM110U-001-A
1000,20260829,7,25,8,A,0.5,True,Stand By Operativo,20260829-CHUNGAR-LM110U-001-A
1001,20260829,7,25,10,A,1.0,True,Stand By Operativo,20260829-CHUNGAR-LM110U-001-A
1002,20260829,7,25,47,A,1.5,False,Stand By Inoperativo,20260829-CHUNGAR-LM110U-001-A
1003,20260829,7,25,55,A,1.5,False,Stand By Inoperativo,20260829-CHUNGAR-LM110U-001-A
1004,20260829,7,25,58,A,2.5,False,Stand By Inoperativo,20260829-CHUNGAR-LM110U-001-A
1005,20260829,7,25,59,A,1.0,False,Stand By Inoperativo,20260829-CHUNGAR-LM110U-001-A
1006,20260829,7,25,1,B,5.0,True,Tiempo Efectivo - Operativo,20260829-CHUNGAR-LM110U-001-B
1007,20260829,7,25,5,B,0.5,False,Mantenimiento,20260829-CHUNGAR-LM110U-001-B
1008,20260829,7,25,7,B,0.5,True,Stand By Operativo,20260829-CHUNGAR-LM110U-001-B
1009,20260829,7,25,8,B,0.5,True,Stand By Operativo,20260829-CHUNGAR-LM110U-001-B
1010,20260829,7,25,47,B,0.5,False,Stand By Inoperativo,20260829-CHUNGAR-LM110U-001-B
1011,20260829,7,25,55,B,1.5,False,Stand By Inoperativo,20260829-CHUNGAR-LM110U-001-B
1012,20260829,7,25,58,B,2.5,False,Stand By Inoperativo,20260829-CHUNGAR-LM110U-001-B
1013,20260829,7,25,59,B,1.0,False,Stand By Inoperativo,20260829-CHUNGAR-LM110U-001-B
1014,20260830,7,25,1,A,4.0,True,Tiempo Efectivo - Operativo,20260830-CHUNGAR-LM110U-001-A
1015,20260830,7,25,8,A,0.5,True,Stand By Operativo,20260830-CHUNGAR-LM110U-001-A
1016,20260830,7,25,10,A,1.0,True,Stand By Operativo,20260830-CHUNGAR-LM110U-001-A
1017,20260830,7,25,16,A,0.5,True,Stand By Operativo,20260830-CHUNGAR-LM110U-001-A
1018,20260830,7,25,47,A,1.5,False,Stand By Inoperativo,20260830-CHUNGAR-LM110U-001-A
1019,20260830,7,25,55,A,1.5,False,Stand By Inoperativo,20260830-CHUNGAR-LM110U-001-A
1020,20260830,7,25,58,A,2.0,False,Stand By Inoperativo,20260830-CHUNGAR-LM110U-001-A
1021,20260830,7,25,59,A,1.0,False,Stand By Inoperativo,20260830-CHUNGAR-LM110U-001-A
1022,20260830,7,25,1,B,4.5,True,Tiempo Efectivo - Operativo,20260830-CHUNGAR-LM110U-001-B
1023,20260830,7,25,5,B,0.5,False,Mantenimiento,20260830-CHUNGAR-LM110U-001-B
1024,20260830,7,25,7,B,0.5,True,Stand By Operativo,20260830-CHUNGAR-LM110U-001-B
1025,20260830,7,25,47,B,0.5,False,Stand By Inoperativo,20260830-CHUNGAR-LM110U-001-B
1026,20260830,7,25,55,B,1.5,False,Stand By Inoperativo,20260830-CHUNGAR-LM110U-001-B
1027,20260830,7,25,58,B,2.5,False,Stand By Inoperativo,20260830-CHUNGAR-LM110U-001-B
1028,20260830,7,25,59,B,1.0,False,Stand By Inoperativo,20260830-CHUNGAR-LM110U-001-B
1029,20260830,7,25,62,B,1.0,False,Stand By Inoperativo,20260830-CHUNGAR-LM110U-001-B
1030,20260831,7,25,1,A,3.0,True,Tiempo Efectivo - Operativo,20260831-CHUNGAR-LM110U-001-A
1031,20260831,7,25,8,A,0.5,True,Stand By Operativo,20260831-CHUNGAR-LM110U-001-A
1032,20260831,7,25,14,A,1.5,True,Stand By Operativo,20260831-CHUNGAR-LM110U-001-A
1033,20260831,7,25,16,A,1.0,True,Stand By Operativo,20260831-CHUNGAR-LM110U-001-A
1034,20260831,7,25,47,A,1.5,False,Stand By Inoperativo,20260831-CHUNGAR-LM110U-001-A
1035,20260831,7,25,55,A,1.5,False,Stand By Inoperativo,20260831-CHUNGAR-LM110U-001-A
1036,20260831,7,25,58,A,2.0,False,Stand By Inoperativo,20260831-CHUNGAR-LM110U-001-A
1037,20260831,7,25,59,A,1.0,False,Stand By Inoperativo,20260831-CHUNGAR-LM110U-001-A
1038,20260831,7,25,5,B,0.5,False,Mantenimiento,20260831-CHUNGAR-LM110U-001-B
1039,20260831,7,25,9,B,1.5,True,Stand By Operativo,20260831-CHUNGAR-LM110U-001-B
1040,20260831,7,25,18,B,2.5,True,Stand By Operativo,20260831-CHUNGAR-LM110U-001-B
1041,20260831,7,25,23,B,2.5,True,Stand By Operativo,20260831-CHUNGAR-LM110U-001-B
1042,20260831,7,25,47,B,0.5,False,Stand By Inoperativo,20260831-CHUNGAR-LM110U-001-B
1043,20260831,7,25,55,B,1.5,False,Stand By Inoperativo,20260831-CHUNGAR-LM110U-001-B
1044,20260831,7,25,58,B,2.0,False,Stand By Inoperativo,20260831-CHUNGAR-LM110U-001-B
1045,20260831,7,25,59,B,1.0,False,Stand By Inoperativo,20260831-CHUNGAR-LM110U-001-B
1046,20260826,9,44,1,A,2.0,True,Tiempo Efectivo - Operativo,20260826-COLQUISIRI-XRD80USS-012-A
1047,20260826,9,44,5,A,0.5,False,Mantenimiento,20260826-COLQUISIRI-XRD80USS-012-A
1048,20260826,9,44,6,A,4.5,False,Mantenimiento,20260826-COLQUISIRI-XRD80USS-012-A
1049,20260826,9,44,7,A,0.5,True,Stand By Operativo,20260826-COLQUISIRI-XRD80USS-012-A
1050,20260826,9,44,8,A,0.5,True,Stand By Operativo,20260826-COLQUISIRI-XRD80USS-012-A
1051,20260826,9,44,9,A,0.5,True,Stand By Operativo,20260826-COLQUISIRI-XRD80USS-012-A
1052,20260826,9,44,48,A,0.5,False,Stand By Inoperativo,20260826-COLQUISIRI-XRD80USS-012-A
1053,20260826,9,44,55,A,1.0,False,Stand By Inoperativo,20260826-COLQUISIRI-XRD80USS-012-A
1054,20260826,9,44,58,A,1.0,False,Stand By Inoperativo,20260826-COLQUISIRI-XRD80USS-012-A
1055,20260826,9,44,59,A,1.0,False,Stand By Inoperativo,20260826-COLQUISIRI-XRD80USS-012-A
1056,20260826,9,44,1,B,6.5,True,Tiempo Efectivo - Operativo,20260826-COLQUISIRI-XRD80USS-012-B
1057,20260826,9,44,5,B,0.5,False,Mantenimiento,20260826-COLQUISIRI-XRD80USS-012-B
1058,20260826,9,44,9,B,1.5,True,Stand By Operativo,20260826-COLQUISIRI-XRD80USS-012-B
1059,20260826,9,44,47,B,0.5,False,Stand By Inoperativo,20260826-COLQUISIRI-XRD80USS-012-B
1060,20260826,9,44,55,B,1.0,False,Stand By Inoperativo,20260826-COLQUISIRI-XRD80USS-012-B
1061,20260826,9,44,58,B,1.0,False,Stand By Inoperativo,20260826-COLQUISIRI-XRD80USS-012-B
1062,20260826,9,44,59,B,1.0,False,Stand By Inoperativo,20260826-COLQUISIRI-XRD80USS-012-B
1063,20260827,9,44,1,A,3.5,True,Tiempo Efectivo - Operativo,20260827-COLQUISIRI-XRD80USS-012-A
1064,20260827,9,44,5,A,0.5,False,Mantenimiento,20260827-COLQUISIRI-XRD80USS-012-A
1065,20260827,9,44,7,A,0.5,True,Stand By Operativo,20260827-COLQUISIRI-XRD80USS-012-A
1066,20260827,9,44,8,A,0.5,True,Stand By Operativo,20260827-COLQUISIRI-XRD80USS-012-A
1067,20260827,9,44,9,A,1.0,True,Stand By Operativo,20260827-COLQUISIRI-XRD80USS-012-A
1068,20260827,9,44,48,A,3.0,False,Stand By Inoperativo,20260827-COLQUISIRI-XRD80USS-012-A
1069,20260827,9,44,55,A,1.0,False,Stand By Inoperativo,20260827-COLQUISIRI-XRD80USS-012-A
1070,20260827,9,44,58,A,1.0,False,Stand By Inoperativo,20260827-COLQUISIRI-XRD80USS-012-A
1071,20260827,9,44,59,A,1.0,False,Stand By Inoperativo,20260827-COLQUISIRI-XRD80USS-012-A
1072,20260827,9,44,1,B,5.0,True,Tiempo Efectivo - Operativo,20260827-COLQUISIRI-XRD80USS-012-B
1073,20260827,9,44,5,B,0.5,False,Mantenimiento,20260827-COLQUISIRI-XRD80USS-012-B
1074,20260827,9,44,7,B,0.5,True,Stand By Operativo,20260827-COLQUISIRI-XRD80USS-012-B
1075,20260827,9,44,8,B,0.5,True,Stand By Operativo,20260827-COLQUISIRI-XRD80USS-012-B
1076,20260827,9,44,9,B,1.0,True,Stand By Operativo,20260827-COLQUISIRI-XRD80USS-012-B
1077,20260827,9,44,47,B,0.5,False,Stand By Inoperativo,20260827-COLQUISIRI-XRD80USS-012-B
1078,20260827,9,44,48,B,1.0,False,Stand By Inoperativo,20260827-COLQUISIRI-XRD80USS-012-B
1079,20260827,9,44,55,B,1.0,False,Stand By Inoperativo,20260827-COLQUISIRI-XRD80USS-012-B
1080,20260827,9,44,58,B,1.0,False,Stand By Inoperativo,20260827-COLQUISIRI-XRD80USS-012-B
1081,20260827,9,44,59,B,1.0,False,Stand By Inoperativo,20260827-COLQUISIRI-XRD80USS-012-B
1082,20260828,9,44,5,A,0.5,False,Mantenimiento,20260828-COLQUISIRI-XRD80USS-012-A
1083,20260828,9,44,6,A,7.0,False,Mantenimiento,20260828-COLQUISIRI-XRD80USS-012-A
1084,20260828,9,44,48,A,1.5,False,Stand By Inoperativo,20260828-COLQUISIRI-XRD80USS-012-A
1085,20260828,9,44,55,A,1.0,False,Stand By Inoperativo,20260828-COLQUISIRI-XRD80USS-012-A
1086,20260828,9,44,58,A,1.0,False,Stand By Inoperativo,20260828-COLQUISIRI-XRD80USS-012-A
1087,20260828,9,44,59,A,1.0,False,Stand By Inoperativo,20260828-COLQUISIRI-XRD80USS-012-A
1088,20260828,9,44,1,B,5.5,True,Tiempo Efectivo - Operativo,20260828-COLQUISIRI-XRD80USS-012-B
1089,20260828,9,44,5,B,0.5,False,Mantenimiento,20260828-COLQUISIRI-XRD80USS-012-B
1090,20260828,9,44,7,B,0.5,True,Stand By Operativo,20260828-COLQUISIRI-XRD80USS-012-B
1091,20260828,9,44,8,B,0.5,True,Stand By Operativo,20260828-COLQUISIRI-XRD80USS-012-B
1092,20260828,9,44,9,B,1.0,True,Stand By Operativo,20260828-COLQUISIRI-XRD80USS-012-B
1093,20260828,9,44,48,B,1.0,False,Stand By Inoperativo,20260828-COLQUISIRI-XRD80USS-012-B
1094,20260828,9,44,55,B,1.0,False,Stand By Inoperativo,20260828-COLQUISIRI-XRD80USS-012-B
1095,20260828,9,44,58,B,1.0,False,Stand By Inoperativo,20260828-COLQUISIRI-XRD80USS-012-B
1096,20260828,9,44,59,B,1.0,False,Stand By Inoperativo,20260828-COLQUISIRI-XRD80USS-012-B
1097,20260829,9,44,1,A,5.0,True,Tiempo Efectivo - Operativo,20260829-COLQUISIRI-XRD80USS-012-A
1098,20260829,9,44,5,A,0.5,False,Mantenimiento,20260829-COLQUISIRI-XRD80USS-012-A
1099,20260829,9,44,7,A,0.5,True,Stand By Operativo,20260829-COLQUISIRI-XRD80USS-012-A
1100,20260829,9,44,8,A,0.5,True,Stand By Operativo,20260829-COLQUISIRI-XRD80USS-012-A
1101,20260829,9,44,9,A,1.0,True,Stand By Operativo,20260829-COLQUISIRI-XRD80USS-012-A
1102,20260829,9,44,47,A,0.5,False,Stand By Inoperativo,20260829-COLQUISIRI-XRD80USS-012-A
1103,20260829,9,44,48,A,1.0,False,Stand By Inoperativo,20260829-COLQUISIRI-XRD80USS-012-A
1104,20260829,9,44,55,A,1.0,False,Stand By Inoperativo,20260829-COLQUISIRI-XRD80USS-012-A
1105,20260829,9,44,58,A,1.0,False,Stand By Inoperativo,20260829-COLQUISIRI-XRD80USS-012-A
1106,20260829,9,44,59,A,1.0,False,Stand By Inoperativo,20260829-COLQUISIRI-XRD80USS-012-A
1107,20260829,9,44,1,B,4.5,True,Tiempo Efectivo - Operativo,20260829-COLQUISIRI-XRD80USS-012-B
1108,20260829,9,44,5,B,0.5,False,Mantenimiento,20260829-COLQUISIRI-XRD80USS-012-B
1109,20260829,9,44,7,B,0.5,True,Stand By Operativo,20260829-COLQUISIRI-XRD80USS-012-B
1110,20260829,9,44,8,B,0.5,True,Stand By Operativo,20260829-COLQUISIRI-XRD80USS-012-B
1111,20260829,9,44,9,B,2.0,True,Stand By Operativo,20260829-COLQUISIRI-XRD80USS-012-B
1112,20260829,9,44,48,B,1.0,False,Stand By Inoperativo,20260829-COLQUISIRI-XRD80USS-012-B
1113,20260829,9,44,55,B,1.0,False,Stand By Inoperativo,20260829-COLQUISIRI-XRD80USS-012-B
1114,20260829,9,44,58,B,1.0,False,Stand By Inoperativo,20260829-COLQUISIRI-XRD80USS-012-B
1115,20260829,9,44,59,B,1.0,False,Stand By Inoperativo,20260829-COLQUISIRI-XRD80USS-012-B
1116,20260830,9,44,1,A,5.5,True,Tiempo Efectivo - Operativo,20260830-COLQUISIRI-XRD80USS-012-A
1117,20260830,9,44,5,A,0.5,False,Mantenimiento,20260830-COLQUISIRI-XRD80USS-012-A
1118,20260830,9,44,7,A,0.5,True,Stand By Operativo,20260830-COLQUISIRI-XRD80USS-012-A
1119,20260830,9,44,8,A,0.5,True,Stand By Operativo,20260830-COLQUISIRI-XRD80USS-012-A
1120,20260830,9,44,9,A,1.0,True,Stand By Operativo,20260830-COLQUISIRI-XRD80USS-012-A
1121,20260830,9,44,48,A,1.0,False,Stand By Inoperativo,20260830-COLQUISIRI-XRD80USS-012-A
1122,20260830,9,44,55,A,1.0,False,Stand By Inoperativo,20260830-COLQUISIRI-XRD80USS-012-A
1123,20260830,9,44,58,A,1.0,False,Stand By Inoperativo,20260830-COLQUISIRI-XRD80USS-012-A
1124,20260830,9,44,59,A,1.0,False,Stand By Inoperativo,20260830-COLQUISIRI-XRD80USS-012-A
1125,20260830,9,44,6,B,9.0,False,Mantenimiento,20260830-COLQUISIRI-XRD80USS-012-B
1126,20260830,9,44,47,B,0.5,False,Stand By Inoperativo,20260830-COLQUISIRI-XRD80USS-012-B
1127,20260830,9,44,48,B,0.5,False,Stand By Inoperativo,20260830-COLQUISIRI-XRD80USS-012-B
1128,20260830,9,44,58,B,1.0,False,Stand By Inoperativo,20260830-COLQUISIRI-XRD80USS-012-B
1129,20260830,9,44,59,B,1.0,False,Stand By Inoperativo,20260830-COLQUISIRI-XRD80USS-012-B
1130,20260831,9,44,6,A,7.5,False,Mantenimiento,20260831-COLQUISIRI-XRD80USS-012-A
1131,20260831,9,44,47,A,0.5,False,Stand By Inoperativo,20260831-COLQUISIRI-XRD80USS-012-A
1132,20260831,9,44,48,A,1.0,False,Stand By Inoperativo,20260831-COLQUISIRI-XRD80USS-012-A
1133,20260831,9,44,55,A,1.0,False,Stand By Inoperativo,20260831-COLQUISIRI-XRD80USS-012-A
1134,20260831,9,44,58,A,1.0,False,Stand By Inoperativo,20260831-COLQUISIRI-XRD80USS-012-A
1135,20260831,9,44,59,A,1.0,False,Stand By Inoperativo,20260831-COLQUISIRI-XRD80USS-012-A
1136,20260831,9,44,1,B,4.5,True,Tiempo Efectivo - Operativo,20260831-COLQUISIRI-XRD80USS-012-B
1137,20260831,9,44,5,B,0.5,False,Mantenimiento,20260831-COLQUISIRI-XRD80USS-012-B
1138,20260831,9,44,6,B,1.0,False,Mantenimiento,20260831-COLQUISIRI-XRD80USS-012-B
1139,20260831,9,44,7,B,0.5,True,Stand By Operativo,20260831-COLQUISIRI-XRD80USS-012-B
1140,20260831,9,44,8,B,0.5,True,Stand By Operativo,20260831-COLQUISIRI-XRD80USS-012-B
1141,20260831,9,44,9,B,1.0,True,Stand By Operativo,20260831-COLQUISIRI-XRD80USS-012-B
1142,20260831,9,44,48,B,1.0,False,Stand By Inoperativo,20260831-COLQUISIRI-XRD80USS-012-B
1143,20260831,9,44,55,B,1.0,False,Stand By Inoperativo,20260831-COLQUISIRI-XRD80USS-012-B
1144,20260831,9,44,58,B,1.0,False,Stand By Inoperativo,20260831-COLQUISIRI-XRD80USS-012-B
1145,20260831,9,44,59,B,1.0,False,Stand By Inoperativo,20260831-COLQUISIRI-XRD80USS-012-B
1146,20260826,10,51,1,A,0.5,True,Tiempo Efectivo - Operativo,20260826-CONDESTABLE-XRD80ITH-001-A
1147,20260826,10,51,5,A,0.5,False,Mantenimiento,20260826-CONDESTABLE-XRD80ITH-001-A
1148,20260826,10,51,8,A,0.5,True,Stand By Operativo,20260826-CONDESTABLE-XRD80ITH-001-A
1149,20260826,10,51,9,A,0.5,True,Stand By Operativo,20260826-CONDESTABLE-XRD80ITH-001-A
1150,20260826,10,51,46,A,1.0,False,Stand By Inoperativo,20260826-CONDESTABLE-XRD80ITH-001-A
1151,20260826,10,51,47,A,1.0,False,Stand By Inoperativo,20260826-CONDESTABLE-XRD80ITH-001-A
1152,20260826,10,51,52,A,1.5,False,Stand By Inoperativo,20260826-CONDESTABLE-XRD80ITH-001-A
1153,20260826,10,51,53,A,3.0,False,Stand By Inoperativo,20260826-CONDESTABLE-XRD80ITH-001-A
1154,20260826,10,51,55,A,0.5,False,Stand By Inoperativo,20260826-CONDESTABLE-XRD80ITH-001-A
1155,20260826,10,51,58,A,2.0,False,Stand By Inoperativo,20260826-CONDESTABLE-XRD80ITH-001-A
1156,20260826,10,51,59,A,1.0,False,Stand By Inoperativo,20260826-CONDESTABLE-XRD80ITH-001-A
1157,20260828,10,51,5,A,0.5,False,Mantenimiento,20260828-CONDESTABLE-XRD80ITH-001-A
1158,20260828,10,51,46,A,0.5,False,Stand By Inoperativo,20260828-CONDESTABLE-XRD80ITH-001-A
1159,20260828,10,51,47,A,1.0,False,Stand By Inoperativo,20260828-CONDESTABLE-XRD80ITH-001-A
1160,20260828,10,51,50,A,3.0,False,Stand By Inoperativo,20260828-CONDESTABLE-XRD80ITH-001-A
1161,20260828,10,51,51,A,0.5,False,Stand By Inoperativo,20260828-CONDESTABLE-XRD80ITH-001-A
1162,20260828,10,51,52,A,1.0,False,Stand By Inoperativo,20260828-CONDESTABLE-XRD80ITH-001-A
1163,20260828,10,51,53,A,2.0,False,Stand By Inoperativo,20260828-CONDESTABLE-XRD80ITH-001-A
1164,20260828,10,51,55,A,0.5,False,Stand By Inoperativo,20260828-CONDESTABLE-XRD80ITH-001-A
1165,20260828,10,51,58,A,2.0,False,Stand By Inoperativo,20260828-CONDESTABLE-XRD80ITH-001-A
1166,20260828,10,51,59,A,1.0,False,Stand By Inoperativo,20260828-CONDESTABLE-XRD80ITH-001-A
1167,20260828,10,51,1,B,6.0,True,Tiempo Efectivo - Operativo,20260828-CONDESTABLE-XRD80ITH-001-B
1168,20260828,10,51,5,B,0.5,False,Mantenimiento,20260828-CONDESTABLE-XRD80ITH-001-B
1169,20260828,10,51,18,B,1.0,True,Stand By Operativo,20260828-CONDESTABLE-XRD80ITH-001-B
1170,20260828,10,51,46,B,0.5,False,Stand By Inoperativo,20260828-CONDESTABLE-XRD80ITH-001-B
1171,20260828,10,51,47,B,0.5,False,Stand By Inoperativo,20260828-CONDESTABLE-XRD80ITH-001-B
1172,20260828,10,51,55,B,0.5,False,Stand By Inoperativo,20260828-CONDESTABLE-XRD80ITH-001-B
1173,20260828,10,51,58,B,2.0,False,Stand By Inoperativo,20260828-CONDESTABLE-XRD80ITH-001-B
1174,20260828,10,51,59,B,1.0,False,Stand By Inoperativo,20260828-CONDESTABLE-XRD80ITH-001-B
1175,20260831,10,51,1,A,6.0,True,Tiempo Efectivo - Operativo,20260831-CONDESTABLE-XRD80ITH-001-A
1176,20260831,10,51,5,A,0.5,False,Mantenimiento,20260831-CONDESTABLE-XRD80ITH-001-A
1177,20260831,10,51,9,A,0.5,True,Stand By Operativo,20260831-CONDESTABLE-XRD80ITH-001-A
1178,20260831,10,51,18,A,0.5,True,Stand By Operativo,20260831-CONDESTABLE-XRD80ITH-001-A
1179,20260831,10,51,46,A,0.5,False,Stand By Inoperativo,20260831-CONDESTABLE-XRD80ITH-001-A
1180,20260831,10,51,47,A,0.5,False,Stand By Inoperativo,20260831-CONDESTABLE-XRD80ITH-001-A
1181,20260831,10,51,55,A,0.5,False,Stand By Inoperativo,20260831-CONDESTABLE-XRD80ITH-001-A
1182,20260831,10,51,58,A,2.0,False,Stand By Inoperativo,20260831-CONDESTABLE-XRD80ITH-001-A
1183,20260831,10,51,59,A,1.0,False,Stand By Inoperativo,20260831-CONDESTABLE-XRD80ITH-001-A
1184,20260831,10,51,1,B,5.5,True,Tiempo Efectivo - Operativo,20260831-CONDESTABLE-XRD80ITH-001-B
1185,20260831,10,51,5,B,0.5,False,Mantenimiento,20260831-CONDESTABLE-XRD80ITH-001-B
1186,20260831,10,51,9,B,0.5,True,Stand By Operativo,20260831-CONDESTABLE-XRD80ITH-001-B
1187,20260831,10,51,18,B,1.0,True,Stand By Operativo,20260831-CONDESTABLE-XRD80ITH-001-B
1188,20260831,10,51,46,B,0.5,False,Stand By Inoperativo,20260831-CONDESTABLE-XRD80ITH-001-B
1189,20260831,10,51,47,B,0.5,False,Stand By Inoperativo,20260831-CONDESTABLE-XRD80ITH-001-B
1190,20260831,10,51,55,B,0.5,False,Stand By Inoperativo,20260831-CONDESTABLE-XRD80ITH-001-B
1191,20260831,10,51,58,B,2.0,False,Stand By Inoperativo,20260831-CONDESTABLE-XRD80ITH-001-B
1192,20260831,10,51,59,B,1.0,False,Stand By Inoperativo,20260831-CONDESTABLE-XRD80ITH-001-B
1193,20260826,10,46,1,A,3.0,True,Tiempo Efectivo - Operativo,20260826-CONDESTABLE-XLM75UFDR-002-A
1194,20260826,10,46,5,A,1.0,False,Mantenimiento,20260826-CONDESTABLE-XLM75UFDR-002-A
1195,20260826,10,46,8,A,0.5,True,Stand By Operativo,20260826-CONDESTABLE-XLM75UFDR-002-A
1196,20260826,10,46,9,A,1.5,True,Stand By Operativo,20260826-CONDESTABLE-XLM75UFDR-002-A
1197,20260826,10,46,46,A,1.0,False,Stand By Inoperativo,20260826-CONDESTABLE-XLM75UFDR-002-A
1198,20260826,10,46,47,A,1.0,False,Stand By Inoperativo,20260826-CONDESTABLE-XLM75UFDR-002-A
1199,20260826,10,46,48,A,1.0,False,Stand By Inoperativo,20260826-CONDESTABLE-XLM75UFDR-002-A
1200,20260826,10,46,58,A,2.0,False,Stand By Inoperativo,20260826-CONDESTABLE-XLM75UFDR-002-A
1201,20260826,10,46,59,A,1.0,False,Stand By Inoperativo,20260826-CONDESTABLE-XLM75UFDR-002-A
1202,20260826,10,46,1,B,4.0,True,Tiempo Efectivo - Operativo,20260826-CONDESTABLE-XLM75UFDR-002-B
1203,20260826,10,46,5,B,1.0,False,Mantenimiento,20260826-CONDESTABLE-XLM75UFDR-002-B
1204,20260826,10,46,7,B,0.5,True,Stand By Operativo,20260826-CONDESTABLE-XLM75UFDR-002-B
1205,20260826,10,46,8,B,0.5,True,Stand By Operativo,20260826-CONDESTABLE-XLM75UFDR-002-B
1206,20260826,10,46,9,B,0.5,True,Stand By Operativo,20260826-CONDESTABLE-XLM75UFDR-002-B
1207,20260826,10,46,47,B,1.0,False,Stand By Inoperativo,20260826-CONDESTABLE-XLM75UFDR-002-B
1208,20260826,10,46,48,B,1.0,False,Stand By Inoperativo,20260826-CONDESTABLE-XLM75UFDR-002-B
1209,20260826,10,46,55,B,0.5,False,Stand By Inoperativo,20260826-CONDESTABLE-XLM75UFDR-002-B
1210,20260826,10,46,58,B,2.0,False,Stand By Inoperativo,20260826-CONDESTABLE-XLM75UFDR-002-B
1211,20260826,10,46,59,B,1.0,False,Stand By Inoperativo,20260826-CONDESTABLE-XLM75UFDR-002-B
1212,20260827,10,46,1,A,5.0,True,Tiempo Efectivo - Operativo,20260827-CONDESTABLE-XLM75UFDR-002-A
1213,20260827,10,46,6,A,2.0,False,Mantenimiento,20260827-CONDESTABLE-XLM75UFDR-002-A
1214,20260827,10,46,7,A,0.5,True,Stand By Operativo,20260827-CONDESTABLE-XLM75UFDR-002-A
1215,20260827,10,46,8,A,0.5,True,Stand By Operativo,20260827-CONDESTABLE-XLM75UFDR-002-A
1216,20260827,10,46,9,A,0.5,True,Stand By Operativo,20260827-CONDESTABLE-XLM75UFDR-002-A
1217,20260827,10,46,46,A,0.5,False,Stand By Inoperativo,20260827-CONDESTABLE-XLM75UFDR-002-A
1218,20260827,10,46,47,A,0.5,False,Stand By Inoperativo,20260827-CONDESTABLE-XLM75UFDR-002-A
1219,20260827,10,46,48,A,0.5,False,Stand By Inoperativo,20260827-CONDESTABLE-XLM75UFDR-002-A
1220,20260827,10,46,58,A,1.0,False,Stand By Inoperativo,20260827-CONDESTABLE-XLM75UFDR-002-A
1221,20260827,10,46,59,A,1.0,False,Stand By Inoperativo,20260827-CONDESTABLE-XLM75UFDR-002-A
1222,20260827,10,46,1,B,4.0,True,Tiempo Efectivo - Operativo,20260827-CONDESTABLE-XLM75UFDR-002-B
1223,20260827,10,46,5,B,1.0,False,Mantenimiento,20260827-CONDESTABLE-XLM75UFDR-002-B
1224,20260827,10,46,7,B,0.5,True,Stand By Operativo,20260827-CONDESTABLE-XLM75UFDR-002-B
1225,20260827,10,46,9,B,1.5,True,Stand By Operativo,20260827-CONDESTABLE-XLM75UFDR-002-B
1226,20260827,10,46,46,B,1.0,False,Stand By Inoperativo,20260827-CONDESTABLE-XLM75UFDR-002-B
1227,20260827,10,46,47,B,0.5,False,Stand By Inoperativo,20260827-CONDESTABLE-XLM75UFDR-002-B
1228,20260827,10,46,48,B,0.5,False,Stand By Inoperativo,20260827-CONDESTABLE-XLM75UFDR-002-B
1229,20260827,10,46,58,B,2.0,False,Stand By Inoperativo,20260827-CONDESTABLE-XLM75UFDR-002-B
1230,20260827,10,46,59,B,1.0,False,Stand By Inoperativo,20260827-CONDESTABLE-XLM75UFDR-002-B
1231,20260828,10,46,1,A,5.0,True,Tiempo Efectivo - Operativo,20260828-CONDESTABLE-XLM75UFDR-002-A
1232,20260828,10,46,6,A,1.0,False,Mantenimiento,20260828-CONDESTABLE-XLM75UFDR-002-A
1233,20260828,10,46,7,A,0.5,True,Stand By Operativo,20260828-CONDESTABLE-XLM75UFDR-002-A
1234,20260828,10,46,8,A,0.5,True,Stand By Operativo,20260828-CONDESTABLE-XLM75UFDR-002-A
1235,20260828,10,46,9,A,0.5,True,Stand By Operativo,20260828-CONDESTABLE-XLM75UFDR-002-A
1236,20260828,10,46,16,A,1.0,True,Stand By Operativo,20260828-CONDESTABLE-XLM75UFDR-002-A
1237,20260828,10,46,46,A,0.5,False,Stand By Inoperativo,20260828-CONDESTABLE-XLM75UFDR-002-A
1238,20260828,10,46,47,A,0.5,False,Stand By Inoperativo,20260828-CONDESTABLE-XLM75UFDR-002-A
1239,20260828,10,46,48,A,0.5,False,Stand By Inoperativo,20260828-CONDESTABLE-XLM75UFDR-002-A
1240,20260828,10,46,58,A,1.0,False,Stand By Inoperativo,20260828-CONDESTABLE-XLM75UFDR-002-A
1241,20260828,10,46,59,A,1.0,False,Stand By Inoperativo,20260828-CONDESTABLE-XLM75UFDR-002-A
1242,20260828,10,46,6,B,6.0,False,Mantenimiento,20260828-CONDESTABLE-XLM75UFDR-002-B
1243,20260828,10,46,18,B,0.5,True,Stand By Operativo,20260828-CONDESTABLE-XLM75UFDR-002-B
1244,20260828,10,46,20,B,1.0,True,Stand By Operativo,20260828-CONDESTABLE-XLM75UFDR-002-B
1245,20260828,10,46,46,B,1.0,False,Stand By Inoperativo,20260828-CONDESTABLE-XLM75UFDR-002-B
1246,20260828,10,46,47,B,0.5,False,Stand By Inoperativo,20260828-CONDESTABLE-XLM75UFDR-002-B
1247,20260828,10,46,58,B,2.0,False,Stand By Inoperativo,20260828-CONDESTABLE-XLM75UFDR-002-B
1248,20260828,10,46,59,B,1.0,False,Stand By Inoperativo,20260828-CONDESTABLE-XLM75UFDR-002-B
1249,20260829,10,46,1,A,6.0,True,Tiempo Efectivo - Operativo,20260829-CONDESTABLE-XLM75UFDR-002-A
1250,20260829,10,46,6,A,1.0,False,Mantenimiento,20260829-CONDESTABLE-XLM75UFDR-002-A
1251,20260829,10,46,7,A,0.5,True,Stand By Operativo,20260829-CONDESTABLE-XLM75UFDR-002-A
1252,20260829,10,46,8,A,0.5,True,Stand By Operativo,20260829-CONDESTABLE-XLM75UFDR-002-A
1253,20260829,10,46,9,A,0.5,True,Stand By Operativo,20260829-CONDESTABLE-XLM75UFDR-002-A
1254,20260829,10,46,46,A,0.5,False,Stand By Inoperativo,20260829-CONDESTABLE-XLM75UFDR-002-A
1255,20260829,10,46,47,A,0.5,False,Stand By Inoperativo,20260829-CONDESTABLE-XLM75UFDR-002-A
1256,20260829,10,46,48,A,0.5,False,Stand By Inoperativo,20260829-CONDESTABLE-XLM75UFDR-002-A
1257,20260829,10,46,58,A,1.0,False,Stand By Inoperativo,20260829-CONDESTABLE-XLM75UFDR-002-A
1258,20260829,10,46,59,A,1.0,False,Stand By Inoperativo,20260829-CONDESTABLE-XLM75UFDR-002-A
1259,20260829,10,46,1,B,6.0,True,Tiempo Efectivo - Operativo,20260829-CONDESTABLE-XLM75UFDR-002-B
1260,20260829,10,46,5,B,1.0,False,Mantenimiento,20260829-CONDESTABLE-XLM75UFDR-002-B
1261,20260829,10,46,8,B,0.5,True,Stand By Operativo,20260829-CONDESTABLE-XLM75UFDR-002-B
1262,20260829,10,46,9,B,0.5,True,Stand By Operativo,20260829-CONDESTABLE-XLM75UFDR-002-B
1263,20260829,10,46,46,B,0.5,False,Stand By Inoperativo,20260829-CONDESTABLE-XLM75UFDR-002-B
1264,20260829,10,46,48,B,0.5,False,Stand By Inoperativo,20260829-CONDESTABLE-XLM75UFDR-002-B
1265,20260829,10,46,58,B,2.0,False,Stand By Inoperativo,20260829-CONDESTABLE-XLM75UFDR-002-B
1266,20260829,10,46,59,B,1.0,False,Stand By Inoperativo,20260829-CONDESTABLE-XLM75UFDR-002-B
1267,20260830,10,46,1,A,6.0,True,Tiempo Efectivo - Operativo,20260830-CONDESTABLE-XLM75UFDR-002-A
1268,20260830,10,46,7,A,0.5,True,Stand By Operativo,20260830-CONDESTABLE-XLM75UFDR-002-A
1269,20260830,10,46,9,A,0.5,True,Stand By Operativo,20260830-CONDESTABLE-XLM75UFDR-002-A
1270,20260830,10,46,16,A,0.5,True,Stand By Operativo,20260830-CONDESTABLE-XLM75UFDR-002-A
1271,20260830,10,46,46,A,0.5,False,Stand By Inoperativo,20260830-CONDESTABLE-XLM75UFDR-002-A
1272,20260830,10,46,47,A,0.5,False,Stand By Inoperativo,20260830-CONDESTABLE-XLM75UFDR-002-A
1273,20260830,10,46,48,A,0.5,False,Stand By Inoperativo,20260830-CONDESTABLE-XLM75UFDR-002-A
1274,20260830,10,46,55,A,1.0,False,Stand By Inoperativo,20260830-CONDESTABLE-XLM75UFDR-002-A
1275,20260830,10,46,58,A,1.0,False,Stand By Inoperativo,20260830-CONDESTABLE-XLM75UFDR-002-A
1276,20260830,10,46,59,A,1.0,False,Stand By Inoperativo,20260830-CONDESTABLE-XLM75UFDR-002-A
1277,20260830,10,46,1,B,5.5,True,Tiempo Efectivo - Operativo,20260830-CONDESTABLE-XLM75UFDR-002-B
1278,20260830,10,46,8,B,1.0,True,Stand By Operativo,20260830-CONDESTABLE-XLM75UFDR-002-B
1279,20260830,10,46,9,B,0.5,True,Stand By Operativo,20260830-CONDESTABLE-XLM75UFDR-002-B
1280,20260830,10,46,47,B,1.0,False,Stand By Inoperativo,20260830-CONDESTABLE-XLM75UFDR-002-B
1281,20260830,10,46,48,B,1.0,False,Stand By Inoperativo,20260830-CONDESTABLE-XLM75UFDR-002-B
1282,20260830,10,46,58,B,2.0,False,Stand By Inoperativo,20260830-CONDESTABLE-XLM75UFDR-002-B
1283,20260830,10,46,59,B,1.0,False,Stand By Inoperativo,20260830-CONDESTABLE-XLM75UFDR-002-B
1284,20260831,10,46,1,A,6.0,True,Tiempo Efectivo - Operativo,20260831-CONDESTABLE-XLM75UFDR-002-A
1285,20260831,10,46,7,A,0.5,True,Stand By Operativo,20260831-CONDESTABLE-XLM75UFDR-002-A
1286,20260831,10,46,8,A,0.5,True,Stand By Operativo,20260831-CONDESTABLE-XLM75UFDR-002-A
1287,20260831,10,46,9,A,1.0,True,Stand By Operativo,20260831-CONDESTABLE-XLM75UFDR-002-A
1288,20260831,10,46,46,A,0.5,False,Stand By Inoperativo,20260831-CONDESTABLE-XLM75UFDR-002-A
1289,20260831,10,46,47,A,0.5,False,Stand By Inoperativo,20260831-CONDESTABLE-XLM75UFDR-002-A
1290,20260831,10,46,48,A,0.5,False,Stand By Inoperativo,20260831-CONDESTABLE-XLM75UFDR-002-A
1291,20260831,10,46,55,A,0.5,False,Stand By Inoperativo,20260831-CONDESTABLE-XLM75UFDR-002-A
1292,20260831,10,46,58,A,1.0,False,Stand By Inoperativo,20260831-CONDESTABLE-XLM75UFDR-002-A
1293,20260831,10,46,59,A,1.0,False,Stand By Inoperativo,20260831-CONDESTABLE-XLM75UFDR-002-A
1294,20260831,10,46,1,B,4.0,True,Tiempo Efectivo - Operativo,20260831-CONDESTABLE-XLM75UFDR-002-B
1295,20260831,10,46,2,B,1.5,True,Tiempo Efectivo - Operativo,20260831-CONDESTABLE-XLM75UFDR-002-B
1296,20260831,10,46,5,B,1.0,False,Mantenimiento,20260831-CONDESTABLE-XLM75UFDR-002-B
1297,20260831,10,46,8,B,0.5,True,Stand By Operativo,20260831-CONDESTABLE-XLM75UFDR-002-B
1298,20260831,10,46,9,B,1.0,True,Stand By Operativo,20260831-CONDESTABLE-XLM75UFDR-002-B
1299,20260831,10,46,46,B,0.5,False,Stand By Inoperativo,20260831-CONDESTABLE-XLM75UFDR-002-B
1300,20260831,10,46,48,B,0.5,False,Stand By Inoperativo,20260831-CONDESTABLE-XLM75UFDR-002-B
1301,20260831,10,46,58,B,2.0,False,Stand By Inoperativo,20260831-CONDESTABLE-XLM75UFDR-002-B
1302,20260831,10,46,59,B,1.0,False,Stand By Inoperativo,20260831-CONDESTABLE-XLM75UFDR-002-B
1303,20260826,10,47,1,A,3.0,True,Tiempo Efectivo - Operativo,20260826-CONDESTABLE-XLM75UFDR-004-A
1304,20260826,10,47,6,A,2.0,False,Mantenimiento,20260826-CONDESTABLE-XLM75UFDR-004-A
1305,20260826,10,47,7,A,0.5,True,Stand By Operativo,20260826-CONDESTABLE-XLM75UFDR-004-A
1306,20260826,10,47,8,A,0.5,True,Stand By Operativo,20260826-CONDESTABLE-XLM75UFDR-004-A
1307,20260826,10,47,47,A,1.0,False,Stand By Inoperativo,20260826-CONDESTABLE-XLM75UFDR-004-A
1308,20260826,10,47,48,A,1.0,False,Stand By Inoperativo,20260826-CONDESTABLE-XLM75UFDR-004-A
1309,20260826,10,47,55,A,1.0,False,Stand By Inoperativo,20260826-CONDESTABLE-XLM75UFDR-004-A
1310,20260826,10,47,58,A,2.0,False,Stand By Inoperativo,20260826-CONDESTABLE-XLM75UFDR-004-A
1311,20260826,10,47,59,A,1.0,False,Stand By Inoperativo,20260826-CONDESTABLE-XLM75UFDR-004-A
1312,20260826,10,47,1,B,4.0,True,Tiempo Efectivo - Operativo,20260826-CONDESTABLE-XLM75UFDR-004-B
1313,20260826,10,47,5,B,0.5,False,Mantenimiento,20260826-CONDESTABLE-XLM75UFDR-004-B
1314,20260826,10,47,8,B,0.5,True,Stand By Operativo,20260826-CONDESTABLE-XLM75UFDR-004-B
1315,20260826,10,47,47,B,3.0,False,Stand By Inoperativo,20260826-CONDESTABLE-XLM75UFDR-004-B
1316,20260826,10,47,48,B,0.5,False,Stand By Inoperativo,20260826-CONDESTABLE-XLM75UFDR-004-B
1317,20260826,10,47,55,B,0.5,False,Stand By Inoperativo,20260826-CONDESTABLE-XLM75UFDR-004-B
1318,20260826,10,47,58,B,2.0,False,Stand By Inoperativo,20260826-CONDESTABLE-XLM75UFDR-004-B
1319,20260826,10,47,59,B,1.0,False,Stand By Inoperativo,20260826-CONDESTABLE-XLM75UFDR-004-B
1320,20260827,10,47,16,A,2.0,True,Stand By Operativo,20260827-CONDESTABLE-XLM75UFDR-004-A
1321,20260827,10,47,20,A,1.0,True,Stand By Operativo,20260827-CONDESTABLE-XLM75UFDR-004-A
1322,20260827,10,47,48,A,1.0,False,Stand By Inoperativo,20260827-CONDESTABLE-XLM75UFDR-004-A
1323,20260827,10,47,50,A,3.5,False,Stand By Inoperativo,20260827-CONDESTABLE-XLM75UFDR-004-A
1324,20260827,10,47,53,A,2.0,False,Stand By Inoperativo,20260827-CONDESTABLE-XLM75UFDR-004-A
1325,20260827,10,47,58,A,1.5,False,Stand By Inoperativo,20260827-CONDESTABLE-XLM75UFDR-004-A
1326,20260827,10,47,59,A,1.0,False,Stand By Inoperativo,20260827-CONDESTABLE-XLM75UFDR-004-A
1327,20260827,10,47,1,B,5.0,True,Tiempo Efectivo - Operativo,20260827-CONDESTABLE-XLM75UFDR-004-B
1328,20260827,10,47,47,B,1.0,False,Stand By Inoperativo,20260827-CONDESTABLE-XLM75UFDR-004-B
1329,20260827,10,47,48,B,0.5,False,Stand By Inoperativo,20260827-CONDESTABLE-XLM75UFDR-004-B
1330,20260827,10,47,50,B,0.5,False,Stand By Inoperativo,20260827-CONDESTABLE-XLM75UFDR-004-B
1331,20260827,10,47,52,B,1.0,False,Stand By Inoperativo,20260827-CONDESTABLE-XLM75UFDR-004-B
1332,20260827,10,47,55,B,1.0,False,Stand By Inoperativo,20260827-CONDESTABLE-XLM75UFDR-004-B
1333,20260827,10,47,58,B,2.0,False,Stand By Inoperativo,20260827-CONDESTABLE-XLM75UFDR-004-B
1334,20260827,10,47,59,B,1.0,False,Stand By Inoperativo,20260827-CONDESTABLE-XLM75UFDR-004-B
1335,20260828,10,47,1,A,5.0,True,Tiempo Efectivo - Operativo,20260828-CONDESTABLE-XLM75UFDR-004-A
1336,20260828,10,47,7,A,0.5,True,Stand By Operativo,20260828-CONDESTABLE-XLM75UFDR-004-A
1337,20260828,10,47,8,A,0.5,True,Stand By Operativo,20260828-CONDESTABLE-XLM75UFDR-004-A
1338,20260828,10,47,9,A,0.5,True,Stand By Operativo,20260828-CONDESTABLE-XLM75UFDR-004-A
1339,20260828,10,47,46,A,1.0,False,Stand By Inoperativo,20260828-CONDESTABLE-XLM75UFDR-004-A
1340,20260828,10,47,47,A,1.5,False,Stand By Inoperativo,20260828-CONDESTABLE-XLM75UFDR-004-A
1341,20260828,10,47,58,A,2.0,False,Stand By Inoperativo,20260828-CONDESTABLE-XLM75UFDR-004-A
1342,20260828,10,47,59,A,1.0,False,Stand By Inoperativo,20260828-CONDESTABLE-XLM75UFDR-004-A
1343,20260828,10,47,1,B,5.0,True,Tiempo Efectivo - Operativo,20260828-CONDESTABLE-XLM75UFDR-004-B
1344,20260828,10,47,7,B,0.5,True,Stand By Operativo,20260828-CONDESTABLE-XLM75UFDR-004-B
1345,20260828,10,47,9,B,0.5,True,Stand By Operativo,20260828-CONDESTABLE-XLM75UFDR-004-B
1346,20260828,10,47,47,B,1.5,False,Stand By Inoperativo,20260828-CONDESTABLE-XLM75UFDR-004-B
1347,20260828,10,47,48,B,0.5,False,Stand By Inoperativo,20260828-CONDESTABLE-XLM75UFDR-004-B
1348,20260828,10,47,55,B,1.0,False,Stand By Inoperativo,20260828-CONDESTABLE-XLM75UFDR-004-B
1349,20260828,10,47,58,B,2.0,False,Stand By Inoperativo,20260828-CONDESTABLE-XLM75UFDR-004-B
1350,20260828,10,47,59,B,1.0,False,Stand By Inoperativo,20260828-CONDESTABLE-XLM75UFDR-004-B
1351,20260829,10,47,1,A,5.0,True,Tiempo Efectivo - Operativo,20260829-CONDESTABLE-XLM75UFDR-004-A
1352,20260829,10,47,7,A,0.5,True,Stand By Operativo,20260829-CONDESTABLE-XLM75UFDR-004-A
1353,20260829,10,47,8,A,0.5,True,Stand By Operativo,20260829-CONDESTABLE-XLM75UFDR-004-A
1354,20260829,10,47,9,A,1.5,True,Stand By Operativo,20260829-CONDESTABLE-XLM75UFDR-004-A
1355,20260829,10,47,47,A,1.5,False,Stand By Inoperativo,20260829-CONDESTABLE-XLM75UFDR-004-A
1356,20260829,10,47,58,A,2.0,False,Stand By Inoperativo,20260829-CONDESTABLE-XLM75UFDR-004-A
1357,20260829,10,47,59,A,1.0,False,Stand By Inoperativo,20260829-CONDESTABLE-XLM75UFDR-004-A
1358,20260829,10,47,1,B,3.0,True,Tiempo Efectivo - Operativo,20260829-CONDESTABLE-XLM75UFDR-004-B
1359,20260829,10,47,5,B,0.5,False,Mantenimiento,20260829-CONDESTABLE-XLM75UFDR-004-B
1360,20260829,10,47,7,B,0.5,True,Stand By Operativo,20260829-CONDESTABLE-XLM75UFDR-004-B
1361,20260829,10,47,8,B,0.5,True,Stand By Operativo,20260829-CONDESTABLE-XLM75UFDR-004-B
1362,20260829,10,47,9,B,1.0,True,Stand By Operativo,20260829-CONDESTABLE-XLM75UFDR-004-B
1363,20260829,10,47,46,B,0.5,False,Stand By Inoperativo,20260829-CONDESTABLE-XLM75UFDR-004-B
1364,20260829,10,47,47,B,1.5,False,Stand By Inoperativo,20260829-CONDESTABLE-XLM75UFDR-004-B
1365,20260829,10,47,48,B,0.5,False,Stand By Inoperativo,20260829-CONDESTABLE-XLM75UFDR-004-B
1366,20260829,10,47,55,B,1.0,False,Stand By Inoperativo,20260829-CONDESTABLE-XLM75UFDR-004-B
1367,20260829,10,47,58,B,2.0,False,Stand By Inoperativo,20260829-CONDESTABLE-XLM75UFDR-004-B
1368,20260829,10,47,59,B,1.0,False,Stand By Inoperativo,20260829-CONDESTABLE-XLM75UFDR-004-B
1369,20260830,10,47,1,A,4.5,True,Tiempo Efectivo - Operativo,20260830-CONDESTABLE-XLM75UFDR-004-A
1370,20260830,10,47,7,A,0.5,True,Stand By Operativo,20260830-CONDESTABLE-XLM75UFDR-004-A
1371,20260830,10,47,8,A,0.5,True,Stand By Operativo,20260830-CONDESTABLE-XLM75UFDR-004-A
1372,20260830,10,47,9,A,0.5,True,Stand By Operativo,20260830-CONDESTABLE-XLM75UFDR-004-A
1373,20260830,10,47,46,A,1.0,False,Stand By Inoperativo,20260830-CONDESTABLE-XLM75UFDR-004-A
1374,20260830,10,47,47,A,1.5,False,Stand By Inoperativo,20260830-CONDESTABLE-XLM75UFDR-004-A
1375,20260830,10,47,48,A,0.5,False,Stand By Inoperativo,20260830-CONDESTABLE-XLM75UFDR-004-A
1376,20260830,10,47,58,A,2.0,False,Stand By Inoperativo,20260830-CONDESTABLE-XLM75UFDR-004-A
1377,20260830,10,47,59,A,1.0,False,Stand By Inoperativo,20260830-CONDESTABLE-XLM75UFDR-004-A
1378,20260830,10,47,1,B,2.0,True,Tiempo Efectivo - Operativo,20260830-CONDESTABLE-XLM75UFDR-004-B
1379,20260830,10,47,5,B,0.5,False,Mantenimiento,20260830-CONDESTABLE-XLM75UFDR-004-B
1380,20260830,10,47,7,B,0.5,True,Stand By Operativo,20260830-CONDESTABLE-XLM75UFDR-004-B
1381,20260830,10,47,8,B,0.5,True,Stand By Operativo,20260830-CONDESTABLE-XLM75UFDR-004-B
1382,20260830,10,47,9,B,1.0,True,Stand By Operativo,20260830-CONDESTABLE-XLM75UFDR-004-B
1383,20260830,10,47,47,B,1.0,False,Stand By Inoperativo,20260830-CONDESTABLE-XLM75UFDR-004-B
1384,20260830,10,47,48,B,0.5,False,Stand By Inoperativo,20260830-CONDESTABLE-XLM75UFDR-004-B
1385,20260830,10,47,55,B,2.0,False,Stand By Inoperativo,20260830-CONDESTABLE-XLM75UFDR-004-B
1386,20260830,10,47,56,B,1.0,False,Stand By Inoperativo,20260830-CONDESTABLE-XLM75UFDR-004-B
1387,20260830,10,47,58,B,2.0,False,Stand By Inoperativo,20260830-CONDESTABLE-XLM75UFDR-004-B
1388,20260830,10,47,59,B,1.0,False,Stand By Inoperativo,20260830-CONDESTABLE-XLM75UFDR-004-B
1389,20260831,10,47,1,A,5.0,True,Tiempo Efectivo - Operativo,20260831-CONDESTABLE-XLM75UFDR-004-A
1390,20260831,10,47,6,A,2.5,False,Mantenimiento,20260831-CONDESTABLE-XLM75UFDR-004-A
1391,20260831,10,47,7,A,0.5,True,Stand By Operativo,20260831-CONDESTABLE-XLM75UFDR-004-A
1392,20260831,10,47,8,A,0.5,True,Stand By Operativo,20260831-CONDESTABLE-XLM75UFDR-004-A
1393,20260831,10,47,9,A,0.5,True,Stand By Operativo,20260831-CONDESTABLE-XLM75UFDR-004-A
1394,20260831,10,47,58,A,2.0,False,Stand By Inoperativo,20260831-CONDESTABLE-XLM75UFDR-004-A
1395,20260831,10,47,59,A,1.0,False,Stand By Inoperativo,20260831-CONDESTABLE-XLM75UFDR-004-A
1396,20260831,10,47,1,B,4.0,True,Tiempo Efectivo - Operativo,20260831-CONDESTABLE-XLM75UFDR-004-B
1397,20260831,10,47,5,B,0.5,False,Mantenimiento,20260831-CONDESTABLE-XLM75UFDR-004-B
1398,20260831,10,47,7,B,0.5,True,Stand By Operativo,20260831-CONDESTABLE-XLM75UFDR-004-B
1399,20260831,10,47,8,B,0.5,True,Stand By Operativo,20260831-CONDESTABLE-XLM75UFDR-004-B
1400,20260831,10,47,9,B,1.0,True,Stand By Operativo,20260831-CONDESTABLE-XLM75UFDR-004-B
1401,20260831,10,47,47,B,1.0,False,Stand By Inoperativo,20260831-CONDESTABLE-XLM75UFDR-004-B
1402,20260831,10,47,48,B,0.5,False,Stand By Inoperativo,20260831-CONDESTABLE-XLM75UFDR-004-B
1403,20260831,10,47,55,B,1.0,False,Stand By Inoperativo,20260831-CONDESTABLE-XLM75UFDR-004-B
1404,20260831,10,47,58,B,2.0,False,Stand By Inoperativo,20260831-CONDESTABLE-XLM75UFDR-004-B
1405,20260831,10,47,59,B,1.0,False,Stand By Inoperativo,20260831-CONDESTABLE-XLM75UFDR-004-B
1406,20260826,10,50,46,A,1.5,False,Stand By Inoperativo,20260826-CONDESTABLE-XRD150USS-003-A
1407,20260826,10,50,47,A,0.5,False,Stand By Inoperativo,20260826-CONDESTABLE-XRD150USS-003-A
1408,20260826,10,50,50,A,3.0,False,Stand By Inoperativo,20260826-CONDESTABLE-XRD150USS-003-A
1409,20260826,10,50,51,A,0.5,False,Stand By Inoperativo,20260826-CONDESTABLE-XRD150USS-003-A
1410,20260826,10,50,52,A,1.0,False,Stand By Inoperativo,20260826-CONDESTABLE-XRD150USS-003-A
1411,20260826,10,50,53,A,2.0,False,Stand By Inoperativo,20260826-CONDESTABLE-XRD150USS-003-A
1412,20260826,10,50,55,A,0.5,False,Stand By Inoperativo,20260826-CONDESTABLE-XRD150USS-003-A
1413,20260826,10,50,58,A,2.0,False,Stand By Inoperativo,20260826-CONDESTABLE-XRD150USS-003-A
1414,20260826,10,50,59,A,1.0,False,Stand By Inoperativo,20260826-CONDESTABLE-XRD150USS-003-A
1415,20260826,10,50,47,B,1.0,False,Stand By Inoperativo,20260826-CONDESTABLE-XRD150USS-003-B
1416,20260826,10,50,50,B,4.0,False,Stand By Inoperativo,20260826-CONDESTABLE-XRD150USS-003-B
1417,20260826,10,50,53,B,3.0,False,Stand By Inoperativo,20260826-CONDESTABLE-XRD150USS-003-B
1418,20260826,10,50,55,B,1.0,False,Stand By Inoperativo,20260826-CONDESTABLE-XRD150USS-003-B
1419,20260826,10,50,58,B,2.0,False,Stand By Inoperativo,20260826-CONDESTABLE-XRD150USS-003-B
1420,20260826,10,50,59,B,1.0,False,Stand By Inoperativo,20260826-CONDESTABLE-XRD150USS-003-B
1421,20260827,10,50,1,A,1.5,True,Tiempo Efectivo - Operativo,20260827-CONDESTABLE-XRD150USS-003-A
1422,20260827,10,50,20,A,3.0,True,Stand By Operativo,20260827-CONDESTABLE-XRD150USS-003-A
1423,20260827,10,50,46,A,1.0,False,Stand By Inoperativo,20260827-CONDESTABLE-XRD150USS-003-A
1424,20260827,10,50,47,A,1.0,False,Stand By Inoperativo,20260827-CONDESTABLE-XRD150USS-003-A
1425,20260827,10,50,48,A,0.5,False,Stand By Inoperativo,20260827-CONDESTABLE-XRD150USS-003-A
1426,20260827,10,50,50,A,1.5,False,Stand By Inoperativo,20260827-CONDESTABLE-XRD150USS-003-A
1427,20260827,10,50,55,A,0.5,False,Stand By Inoperativo,20260827-CONDESTABLE-XRD150USS-003-A
1428,20260827,10,50,58,A,2.0,False,Stand By Inoperativo,20260827-CONDESTABLE-XRD150USS-003-A
1429,20260827,10,50,59,A,1.0,False,Stand By Inoperativo,20260827-CONDESTABLE-XRD150USS-003-A
1430,20260827,10,50,1,B,6.0,True,Tiempo Efectivo - Operativo,20260827-CONDESTABLE-XRD150USS-003-B
1431,20260827,10,50,7,B,0.5,True,Stand By Operativo,20260827-CONDESTABLE-XRD150USS-003-B
1432,20260827,10,50,8,B,0.5,True,Stand By Operativo,20260827-CONDESTABLE-XRD150USS-003-B
1433,20260827,10,50,9,B,0.5,True,Stand By Operativo,20260827-CONDESTABLE-XRD150USS-003-B
1434,20260827,10,50,47,B,0.5,False,Stand By Inoperativo,20260827-CONDESTABLE-XRD150USS-003-B
1435,20260827,10,50,48,B,0.5,False,Stand By Inoperativo,20260827-CONDESTABLE-XRD150USS-003-B
1436,20260827,10,50,55,B,0.5,False,Stand By Inoperativo,20260827-CONDESTABLE-XRD150USS-003-B
1437,20260827,10,50,58,B,2.0,False,Stand By Inoperativo,20260827-CONDESTABLE-XRD150USS-003-B
1438,20260827,10,50,59,B,1.0,False,Stand By Inoperativo,20260827-CONDESTABLE-XRD150USS-003-B
1439,20260828,10,50,1,A,4.0,True,Tiempo Efectivo - Operativo,20260828-CONDESTABLE-XRD150USS-003-A
1440,20260828,10,50,47,A,0.5,False,Stand By Inoperativo,20260828-CONDESTABLE-XRD150USS-003-A
1441,20260828,10,50,48,A,0.5,False,Stand By Inoperativo,20260828-CONDESTABLE-XRD150USS-003-A
1442,20260828,10,50,55,A,0.5,False,Stand By Inoperativo,20260828-CONDESTABLE-XRD150USS-003-A
1443,20260828,10,50,58,A,2.0,False,Stand By Inoperativo,20260828-CONDESTABLE-XRD150USS-003-A
1444,20260828,10,50,59,A,1.0,False,Stand By Inoperativo,20260828-CONDESTABLE-XRD150USS-003-A
1445,20260828,10,50,82,A,3.5,True,Stand By Cliente,20260828-CONDESTABLE-XRD150USS-003-A
1446,20260828,10,50,1,B,5.0,True,Tiempo Efectivo - Operativo,20260828-CONDESTABLE-XRD150USS-003-B
1447,20260828,10,50,7,B,0.5,True,Stand By Operativo,20260828-CONDESTABLE-XRD150USS-003-B
1448,20260828,10,50,8,B,0.5,True,Stand By Operativo,20260828-CONDESTABLE-XRD150USS-003-B
1449,20260828,10,50,9,B,1.0,True,Stand By Operativo,20260828-CONDESTABLE-XRD150USS-003-B
1450,20260828,10,50,47,B,0.5,False,Stand By Inoperativo,20260828-CONDESTABLE-XRD150USS-003-B
1451,20260828,10,50,48,B,0.5,False,Stand By Inoperativo,20260828-CONDESTABLE-XRD150USS-003-B
1452,20260828,10,50,51,B,0.5,False,Stand By Inoperativo,20260828-CONDESTABLE-XRD150USS-003-B
1453,20260828,10,50,55,B,0.5,False,Stand By Inoperativo,20260828-CONDESTABLE-XRD150USS-003-B
1454,20260828,10,50,58,B,2.0,False,Stand By Inoperativo,20260828-CONDESTABLE-XRD150USS-003-B
1455,20260828,10,50,59,B,1.0,False,Stand By Inoperativo,20260828-CONDESTABLE-XRD150USS-003-B
1456,20260829,10,50,1,A,4.0,True,Tiempo Efectivo - Operativo,20260829-CONDESTABLE-XRD150USS-003-A
1457,20260829,10,50,5,A,0.5,False,Mantenimiento,20260829-CONDESTABLE-XRD150USS-003-A
1458,20260829,10,50,7,A,0.5,True,Stand By Operativo,20260829-CONDESTABLE-XRD150USS-003-A
1459,20260829,10,50,8,A,0.5,True,Stand By Operativo,20260829-CONDESTABLE-XRD150USS-003-A
1460,20260829,10,50,9,A,0.5,True,Stand By Operativo,20260829-CONDESTABLE-XRD150USS-003-A
1461,20260829,10,50,47,A,0.5,False,Stand By Inoperativo,20260829-CONDESTABLE-XRD150USS-003-A
1462,20260829,10,50,48,A,0.5,False,Stand By Inoperativo,20260829-CONDESTABLE-XRD150USS-003-A
1463,20260829,10,50,55,A,0.5,False,Stand By Inoperativo,20260829-CONDESTABLE-XRD150USS-003-A
1464,20260829,10,50,58,A,2.0,False,Stand By Inoperativo,20260829-CONDESTABLE-XRD150USS-003-A
1465,20260829,10,50,59,A,1.0,False,Stand By Inoperativo,20260829-CONDESTABLE-XRD150USS-003-A
1466,20260829,10,50,69,A,0.5,True,Stand By Cliente,20260829-CONDESTABLE-XRD150USS-003-A
1467,20260829,10,50,87,A,1.0,True,Stand By Cliente,20260829-CONDESTABLE-XRD150USS-003-A
1468,20260829,10,50,1,B,5.0,True,Tiempo Efectivo - Operativo,20260829-CONDESTABLE-XRD150USS-003-B
1469,20260829,10,50,7,B,0.5,True,Stand By Operativo,20260829-CONDESTABLE-XRD150USS-003-B
1470,20260829,10,50,8,B,0.5,True,Stand By Operativo,20260829-CONDESTABLE-XRD150USS-003-B
1471,20260829,10,50,9,B,0.5,True,Stand By Operativo,20260829-CONDESTABLE-XRD150USS-003-B
1472,20260829,10,50,47,B,0.5,False,Stand By Inoperativo,20260829-CONDESTABLE-XRD150USS-003-B
1473,20260829,10,50,48,B,0.5,False,Stand By Inoperativo,20260829-CONDESTABLE-XRD150USS-003-B
1474,20260829,10,50,53,B,1.0,False,Stand By Inoperativo,20260829-CONDESTABLE-XRD150USS-003-B
1475,20260829,10,50,55,B,0.5,False,Stand By Inoperativo,20260829-CONDESTABLE-XRD150USS-003-B
1476,20260829,10,50,58,B,2.0,False,Stand By Inoperativo,20260829-CONDESTABLE-XRD150USS-003-B
1477,20260829,10,50,59,B,1.0,False,Stand By Inoperativo,20260829-CONDESTABLE-XRD150USS-003-B
1478,20260830,10,50,1,A,5.0,True,Tiempo Efectivo - Operativo,20260830-CONDESTABLE-XRD150USS-003-A
1479,20260830,10,50,5,A,1.0,False,Mantenimiento,20260830-CONDESTABLE-XRD150USS-003-A
1480,20260830,10,50,8,A,1.0,True,Stand By Operativo,20260830-CONDESTABLE-XRD150USS-003-A
1481,20260830,10,50,9,A,1.0,True,Stand By Operativo,20260830-CONDESTABLE-XRD150USS-003-A
1482,20260830,10,50,48,A,0.5,False,Stand By Inoperativo,20260830-CONDESTABLE-XRD150USS-003-A
1483,20260830,10,50,55,A,0.5,False,Stand By Inoperativo,20260830-CONDESTABLE-XRD150USS-003-A
1484,20260830,10,50,58,A,2.0,False,Stand By Inoperativo,20260830-CONDESTABLE-XRD150USS-003-A
1485,20260830,10,50,59,A,1.0,False,Stand By Inoperativo,20260830-CONDESTABLE-XRD150USS-003-A
1486,20260830,10,50,1,B,0.5,True,Tiempo Efectivo - Operativo,20260830-CONDESTABLE-XRD150USS-003-B
1487,20260830,10,50,6,B,5.0,False,Mantenimiento,20260830-CONDESTABLE-XRD150USS-003-B
1488,20260830,10,50,7,B,0.5,True,Stand By Operativo,20260830-CONDESTABLE-XRD150USS-003-B
1489,20260830,10,50,8,B,0.5,True,Stand By Operativo,20260830-CONDESTABLE-XRD150USS-003-B
1490,20260830,10,50,9,B,0.5,True,Stand By Operativo,20260830-CONDESTABLE-XRD150USS-003-B
1491,20260830,10,50,47,B,1.0,False,Stand By Inoperativo,20260830-CONDESTABLE-XRD150USS-003-B
1492,20260830,10,50,51,B,0.5,False,Stand By Inoperativo,20260830-CONDESTABLE-XRD150USS-003-B
1493,20260830,10,50,55,B,0.5,False,Stand By Inoperativo,20260830-CONDESTABLE-XRD150USS-003-B
1494,20260830,10,50,58,B,2.0,False,Stand By Inoperativo,20260830-CONDESTABLE-XRD150USS-003-B
1495,20260830,10,50,59,B,1.0,False,Stand By Inoperativo,20260830-CONDESTABLE-XRD150USS-003-B
1496,20260831,10,50,1,A,5.0,True,Tiempo Efectivo - Operativo,20260831-CONDESTABLE-XRD150USS-003-A
1497,20260831,10,50,7,A,1.0,True,Stand By Operativo,20260831-CONDESTABLE-XRD150USS-003-A
1498,20260831,10,50,8,A,1.5,True,Stand By Operativo,20260831-CONDESTABLE-XRD150USS-003-A
1499,20260831,10,50,47,A,0.5,False,Stand By Inoperativo,20260831-CONDESTABLE-XRD150USS-003-A
1500,20260831,10,50,48,A,0.5,False,Stand By Inoperativo,20260831-CONDESTABLE-XRD150USS-003-A
1501,20260831,10,50,55,A,0.5,False,Stand By Inoperativo,20260831-CONDESTABLE-XRD150USS-003-A
1502,20260831,10,50,58,A,2.0,False,Stand By Inoperativo,20260831-CONDESTABLE-XRD150USS-003-A
1503,20260831,10,50,59,A,1.0,False,Stand By Inoperativo,20260831-CONDESTABLE-XRD150USS-003-A
1504,20260831,10,50,1,B,6.5,True,Tiempo Efectivo - Operativo,20260831-CONDESTABLE-XRD150USS-003-B
1505,20260831,10,50,7,B,0.5,True,Stand By Operativo,20260831-CONDESTABLE-XRD150USS-003-B
1506,20260831,10,50,8,B,0.5,True,Stand By Operativo,20260831-CONDESTABLE-XRD150USS-003-B
1507,20260831,10,50,47,B,0.5,False,Stand By Inoperativo,20260831-CONDESTABLE-XRD150USS-003-B
1508,20260831,10,50,48,B,0.5,False,Stand By Inoperativo,20260831-CONDESTABLE-XRD150USS-003-B
1509,20260831,10,50,55,B,0.5,False,Stand By Inoperativo,20260831-CONDESTABLE-XRD150USS-003-B
1510,20260831,10,50,58,B,2.0,False,Stand By Inoperativo,20260831-CONDESTABLE-XRD150USS-003-B
1511,20260831,10,50,59,B,1.0,False,Stand By Inoperativo,20260831-CONDESTABLE-XRD150USS-003-B
1512,20260826,11,52,17,A,8.0,True,Stand By Operativo,20260826-CUCULI-XRD100ST-001-A
1513,20260826,11,52,47,A,0.5,False,Stand By Inoperativo,20260826-CUCULI-XRD100ST-001-A
1514,20260826,11,52,55,A,0.5,False,Stand By Inoperativo,20260826-CUCULI-XRD100ST-001-A
1515,20260826,11,52,58,A,2.0,False,Stand By Inoperativo,20260826-CUCULI-XRD100ST-001-A
1516,20260826,11,52,59,A,1.0,False,Stand By Inoperativo,20260826-CUCULI-XRD100ST-001-A
1517,20260826,11,52,17,B,2.0,True,Stand By Operativo,20260826-CUCULI-XRD100ST-001-B
1518,20260826,11,52,47,B,0.5,False,Stand By Inoperativo,20260826-CUCULI-XRD100ST-001-B
1519,20260826,11,52,50,B,6.0,False,Stand By Inoperativo,20260826-CUCULI-XRD100ST-001-B
1520,20260826,11,52,55,B,0.5,False,Stand By Inoperativo,20260826-CUCULI-XRD100ST-001-B
1521,20260826,11,52,58,B,2.0,False,Stand By Inoperativo,20260826-CUCULI-XRD100ST-001-B
1522,20260826,11,52,59,B,1.0,False,Stand By Inoperativo,20260826-CUCULI-XRD100ST-001-B
1523,20260827,11,52,9,A,1.0,True,Stand By Operativo,20260827-CUCULI-XRD100ST-001-A
1524,20260827,11,52,17,A,4.0,True,Stand By Operativo,20260827-CUCULI-XRD100ST-001-A
1525,20260827,11,52,47,A,0.5,False,Stand By Inoperativo,20260827-CUCULI-XRD100ST-001-A
1526,20260827,11,52,52,A,3.0,False,Stand By Inoperativo,20260827-CUCULI-XRD100ST-001-A
1527,20260827,11,52,55,A,0.5,False,Stand By Inoperativo,20260827-CUCULI-XRD100ST-001-A
1528,20260827,11,52,58,A,2.0,False,Stand By Inoperativo,20260827-CUCULI-XRD100ST-001-A
1529,20260827,11,52,59,A,1.0,False,Stand By Inoperativo,20260827-CUCULI-XRD100ST-001-A
1530,20260827,11,52,56,B,12.0,False,Stand By Inoperativo,20260827-CUCULI-XRD100ST-001-B
1531,20260828,11,52,47,A,0.5,False,Stand By Inoperativo,20260828-CUCULI-XRD100ST-001-A
1532,20260828,11,52,50,A,8.0,False,Stand By Inoperativo,20260828-CUCULI-XRD100ST-001-A
1533,20260828,11,52,55,A,0.5,False,Stand By Inoperativo,20260828-CUCULI-XRD100ST-001-A
1534,20260828,11,52,58,A,2.0,False,Stand By Inoperativo,20260828-CUCULI-XRD100ST-001-A
1535,20260828,11,52,59,A,1.0,False,Stand By Inoperativo,20260828-CUCULI-XRD100ST-001-A
1536,20260828,11,52,1,B,7.0,True,Tiempo Efectivo - Operativo,20260828-CUCULI-XRD100ST-001-B
1537,20260828,11,52,5,B,0.5,False,Mantenimiento,20260828-CUCULI-XRD100ST-001-B
1538,20260828,11,52,51,B,1.0,False,Stand By Inoperativo,20260828-CUCULI-XRD100ST-001-B
1539,20260828,11,52,55,B,0.5,False,Stand By Inoperativo,20260828-CUCULI-XRD100ST-001-B
1540,20260828,11,52,58,B,2.0,False,Stand By Inoperativo,20260828-CUCULI-XRD100ST-001-B
1541,20260828,11,52,59,B,1.0,False,Stand By Inoperativo,20260828-CUCULI-XRD100ST-001-B
1542,20260829,11,52,1,A,2.0,True,Tiempo Efectivo - Operativo,20260829-CUCULI-XRD100ST-001-A
1543,20260829,11,52,2,A,1.0,True,Tiempo Efectivo - Operativo,20260829-CUCULI-XRD100ST-001-A
1544,20260829,11,52,4,A,5.0,True,Tiempo Efectivo - Operativo,20260829-CUCULI-XRD100ST-001-A
1545,20260829,11,52,47,A,0.5,False,Stand By Inoperativo,20260829-CUCULI-XRD100ST-001-A
1546,20260829,11,52,55,A,0.5,False,Stand By Inoperativo,20260829-CUCULI-XRD100ST-001-A
1547,20260829,11,52,58,A,2.0,False,Stand By Inoperativo,20260829-CUCULI-XRD100ST-001-A
1548,20260829,11,52,59,A,1.0,False,Stand By Inoperativo,20260829-CUCULI-XRD100ST-001-A
1549,20260829,11,52,1,B,7.0,True,Tiempo Efectivo - Operativo,20260829-CUCULI-XRD100ST-001-B
1550,20260829,11,52,5,B,0.5,False,Mantenimiento,20260829-CUCULI-XRD100ST-001-B
1551,20260829,11,52,9,B,1.0,True,Stand By Operativo,20260829-CUCULI-XRD100ST-001-B
1552,20260829,11,52,55,B,0.5,False,Stand By Inoperativo,20260829-CUCULI-XRD100ST-001-B
1553,20260829,11,52,58,B,2.0,False,Stand By Inoperativo,20260829-CUCULI-XRD100ST-001-B
1554,20260829,11,52,59,B,1.0,False,Stand By Inoperativo,20260829-CUCULI-XRD100ST-001-B
1555,20260830,11,52,1,A,4.0,True,Tiempo Efectivo - Operativo,20260830-CUCULI-XRD100ST-001-A
1556,20260830,11,52,6,A,4.0,False,Mantenimiento,20260830-CUCULI-XRD100ST-001-A
1557,20260830,11,52,47,A,0.5,False,Stand By Inoperativo,20260830-CUCULI-XRD100ST-001-A
1558,20260830,11,52,55,A,0.5,False,Stand By Inoperativo,20260830-CUCULI-XRD100ST-001-A
1559,20260830,11,52,58,A,2.0,False,Stand By Inoperativo,20260830-CUCULI-XRD100ST-001-A
1560,20260830,11,52,59,A,1.0,False,Stand By Inoperativo,20260830-CUCULI-XRD100ST-001-A
1561,20260830,11,52,1,B,4.0,True,Tiempo Efectivo - Operativo,20260830-CUCULI-XRD100ST-001-B
1562,20260830,11,52,5,B,0.5,False,Mantenimiento,20260830-CUCULI-XRD100ST-001-B
1563,20260830,11,52,7,B,0.5,True,Stand By Operativo,20260830-CUCULI-XRD100ST-001-B
1564,20260830,11,52,8,B,0.5,True,Stand By Operativo,20260830-CUCULI-XRD100ST-001-B
1565,20260830,11,52,9,B,2.5,True,Stand By Operativo,20260830-CUCULI-XRD100ST-001-B
1566,20260830,11,52,47,B,0.5,False,Stand By Inoperativo,20260830-CUCULI-XRD100ST-001-B
1567,20260830,11,52,55,B,0.5,False,Stand By Inoperativo,20260830-CUCULI-XRD100ST-001-B
1568,20260830,11,52,58,B,2.0,False,Stand By Inoperativo,20260830-CUCULI-XRD100ST-001-B
1569,20260830,11,52,59,B,1.0,False,Stand By Inoperativo,20260830-CUCULI-XRD100ST-001-B
1570,20260831,11,52,1,A,6.0,True,Tiempo Efectivo - Operativo,20260831-CUCULI-XRD100ST-001-A
1571,20260831,11,52,9,A,2.0,True,Stand By Operativo,20260831-CUCULI-XRD100ST-001-A
1572,20260831,11,52,47,A,0.5,False,Stand By Inoperativo,20260831-CUCULI-XRD100ST-001-A
1573,20260831,11,52,55,A,0.5,False,Stand By Inoperativo,20260831-CUCULI-XRD100ST-001-A
1574,20260831,11,52,58,A,2.0,False,Stand By Inoperativo,20260831-CUCULI-XRD100ST-001-A
1575,20260831,11,52,59,A,1.0,False,Stand By Inoperativo,20260831-CUCULI-XRD100ST-001-A
1576,20260831,11,52,1,B,4.0,True,Tiempo Efectivo - Operativo,20260831-CUCULI-XRD100ST-001-B
1577,20260831,11,52,5,B,0.5,False,Mantenimiento,20260831-CUCULI-XRD100ST-001-B
1578,20260831,11,52,7,B,0.5,True,Stand By Operativo,20260831-CUCULI-XRD100ST-001-B
1579,20260831,11,52,8,B,0.5,True,Stand By Operativo,20260831-CUCULI-XRD100ST-001-B
1580,20260831,11,52,9,B,1.0,True,Stand By Operativo,20260831-CUCULI-XRD100ST-001-B
1581,20260831,11,52,47,B,0.5,False,Stand By Inoperativo,20260831-CUCULI-XRD100ST-001-B
1582,20260831,11,52,48,B,1.5,False,Stand By Inoperativo,20260831-CUCULI-XRD100ST-001-B
1583,20260831,11,52,55,B,0.5,False,Stand By Inoperativo,20260831-CUCULI-XRD100ST-001-B
1584,20260831,11,52,58,B,2.0,False,Stand By Inoperativo,20260831-CUCULI-XRD100ST-001-B
1585,20260831,11,52,59,B,1.0,False,Stand By Inoperativo,20260831-CUCULI-XRD100ST-001-B
1586,20260826,12,60,9,A,0.5,True,Stand By Operativo,20260826-INMACULADA-XRD80USS-008-A
1587,20260826,12,60,52,A,2.5,False,Stand By Inoperativo,20260826-INMACULADA-XRD80USS-008-A
1588,20260826,12,60,53,A,3.0,False,Stand By Inoperativo,20260826-INMACULADA-XRD80USS-008-A
1589,20260826,12,60,55,A,3.0,False,Stand By Inoperativo,20260826-INMACULADA-XRD80USS-008-A
1590,20260826,12,60,58,A,2.0,False,Stand By Inoperativo,20260826-INMACULADA-XRD80USS-008-A
1591,20260826,12,60,59,A,1.0,False,Stand By Inoperativo,20260826-INMACULADA-XRD80USS-008-A
1592,20260826,12,60,60,B,12.0,False,Stand By Inoperativo,20260826-INMACULADA-XRD80USS-008-B
1593,20260827,12,60,46,A,1.0,False,Stand By Inoperativo,20260827-INMACULADA-XRD80USS-008-A
1594,20260827,12,60,47,A,2.0,False,Stand By Inoperativo,20260827-INMACULADA-XRD80USS-008-A
1595,20260827,12,60,50,A,2.5,False,Stand By Inoperativo,20260827-INMACULADA-XRD80USS-008-A
1596,20260827,12,60,52,A,3.0,False,Stand By Inoperativo,20260827-INMACULADA-XRD80USS-008-A
1597,20260827,12,60,55,A,0.5,False,Stand By Inoperativo,20260827-INMACULADA-XRD80USS-008-A
1598,20260827,12,60,58,A,2.0,False,Stand By Inoperativo,20260827-INMACULADA-XRD80USS-008-A
1599,20260827,12,60,59,A,1.0,False,Stand By Inoperativo,20260827-INMACULADA-XRD80USS-008-A
1600,20260827,12,60,60,B,12.0,False,Stand By Inoperativo,20260827-INMACULADA-XRD80USS-008-B
1601,20260828,12,60,5,A,0.5,False,Mantenimiento,20260828-INMACULADA-XRD80USS-008-A
1602,20260828,12,60,46,A,1.0,False,Stand By Inoperativo,20260828-INMACULADA-XRD80USS-008-A
1603,20260828,12,60,47,A,0.5,False,Stand By Inoperativo,20260828-INMACULADA-XRD80USS-008-A
1604,20260828,12,60,50,A,2.0,False,Stand By Inoperativo,20260828-INMACULADA-XRD80USS-008-A
1605,20260828,12,60,55,A,5.0,False,Stand By Inoperativo,20260828-INMACULADA-XRD80USS-008-A
1606,20260828,12,60,58,A,2.0,False,Stand By Inoperativo,20260828-INMACULADA-XRD80USS-008-A
1607,20260828,12,60,59,A,1.0,False,Stand By Inoperativo,20260828-INMACULADA-XRD80USS-008-A
1608,20260828,12,60,46,B,0.5,False,Stand By Inoperativo,20260828-INMACULADA-XRD80USS-008-B
1609,20260828,12,60,47,B,0.5,False,Stand By Inoperativo,20260828-INMACULADA-XRD80USS-008-B
1610,20260828,12,60,50,B,2.0,False,Stand By Inoperativo,20260828-INMACULADA-XRD80USS-008-B
1611,20260828,12,60,53,B,2.0,False,Stand By Inoperativo,20260828-INMACULADA-XRD80USS-008-B
1612,20260828,12,60,55,B,0.5,False,Stand By Inoperativo,20260828-INMACULADA-XRD80USS-008-B
1613,20260828,12,60,58,B,2.0,False,Stand By Inoperativo,20260828-INMACULADA-XRD80USS-008-B
1614,20260828,12,60,59,B,1.0,False,Stand By Inoperativo,20260828-INMACULADA-XRD80USS-008-B
1615,20260828,12,60,83,B,3.5,True,Stand By Cliente,20260828-INMACULADA-XRD80USS-008-B
1616,20260829,12,60,1,A,1.5,True,Tiempo Efectivo - Operativo,20260829-INMACULADA-XRD80USS-008-A
1617,20260829,12,60,5,A,0.5,False,Mantenimiento,20260829-INMACULADA-XRD80USS-008-A
1618,20260829,12,60,20,A,1.0,True,Stand By Operativo,20260829-INMACULADA-XRD80USS-008-A
1619,20260829,12,60,47,A,2.0,False,Stand By Inoperativo,20260829-INMACULADA-XRD80USS-008-A
1620,20260829,12,60,55,A,0.5,False,Stand By Inoperativo,20260829-INMACULADA-XRD80USS-008-A
1621,20260829,12,60,56,A,3.0,False,Stand By Inoperativo,20260829-INMACULADA-XRD80USS-008-A
1622,20260829,12,60,58,A,2.0,False,Stand By Inoperativo,20260829-INMACULADA-XRD80USS-008-A
1623,20260829,12,60,59,A,1.5,False,Stand By Inoperativo,20260829-INMACULADA-XRD80USS-008-A
1624,20260829,12,60,1,B,2.0,True,Tiempo Efectivo - Operativo,20260829-INMACULADA-XRD80USS-008-B
1625,20260829,12,60,5,B,0.5,False,Mantenimiento,20260829-INMACULADA-XRD80USS-008-B
1626,20260829,12,60,47,B,0.5,False,Stand By Inoperativo,20260829-INMACULADA-XRD80USS-008-B
1627,20260829,12,60,51,B,1.5,False,Stand By Inoperativo,20260829-INMACULADA-XRD80USS-008-B
1628,20260829,12,60,55,B,0.5,False,Stand By Inoperativo,20260829-INMACULADA-XRD80USS-008-B
1629,20260829,12,60,58,B,2.0,False,Stand By Inoperativo,20260829-INMACULADA-XRD80USS-008-B
1630,20260829,12,60,59,B,1.0,False,Stand By Inoperativo,20260829-INMACULADA-XRD80USS-008-B
1631,20260829,12,60,84,B,4.0,True,Stand By Cliente,20260829-INMACULADA-XRD80USS-008-B
1632,20260830,12,60,1,A,1.0,True,Tiempo Efectivo - Operativo,20260830-INMACULADA-XRD80USS-008-A
1633,20260830,12,60,18,A,1.5,True,Stand By Operativo,20260830-INMACULADA-XRD80USS-008-A
1634,20260830,12,60,20,A,0.5,True,Stand By Operativo,20260830-INMACULADA-XRD80USS-008-A
1635,20260830,12,60,46,A,0.5,False,Stand By Inoperativo,20260830-INMACULADA-XRD80USS-008-A
1636,20260830,12,60,47,A,0.5,False,Stand By Inoperativo,20260830-INMACULADA-XRD80USS-008-A
1637,20260830,12,60,52,A,0.5,False,Stand By Inoperativo,20260830-INMACULADA-XRD80USS-008-A
1638,20260830,12,60,53,A,2.0,False,Stand By Inoperativo,20260830-INMACULADA-XRD80USS-008-A
1639,20260830,12,60,58,A,2.5,False,Stand By Inoperativo,20260830-INMACULADA-XRD80USS-008-A
1640,20260830,12,60,59,A,1.0,False,Stand By Inoperativo,20260830-INMACULADA-XRD80USS-008-A
1641,20260830,12,60,70,A,2.0,True,Stand By Cliente,20260830-INMACULADA-XRD80USS-008-A
1642,20260830,12,60,1,B,2.5,True,Tiempo Efectivo - Operativo,20260830-INMACULADA-XRD80USS-008-B
1643,20260830,12,60,5,B,0.5,False,Mantenimiento,20260830-INMACULADA-XRD80USS-008-B
1644,20260830,12,60,17,B,3.0,True,Stand By Operativo,20260830-INMACULADA-XRD80USS-008-B
1645,20260830,12,60,18,B,1.0,True,Stand By Operativo,20260830-INMACULADA-XRD80USS-008-B
1646,20260830,12,60,47,B,0.5,False,Stand By Inoperativo,20260830-INMACULADA-XRD80USS-008-B
1647,20260830,12,60,50,B,1.0,False,Stand By Inoperativo,20260830-INMACULADA-XRD80USS-008-B
1648,20260830,12,60,55,B,0.5,False,Stand By Inoperativo,20260830-INMACULADA-XRD80USS-008-B
1649,20260830,12,60,58,B,2.0,False,Stand By Inoperativo,20260830-INMACULADA-XRD80USS-008-B
1650,20260830,12,60,59,B,1.0,False,Stand By Inoperativo,20260830-INMACULADA-XRD80USS-008-B
1651,20260831,12,60,1,A,0.5,True,Tiempo Efectivo - Operativo,20260831-INMACULADA-XRD80USS-008-A
1652,20260831,12,60,18,A,2.0,True,Stand By Operativo,20260831-INMACULADA-XRD80USS-008-A
1653,20260831,12,60,20,A,1.0,True,Stand By Operativo,20260831-INMACULADA-XRD80USS-008-A
1654,20260831,12,60,52,A,1.0,False,Stand By Inoperativo,20260831-INMACULADA-XRD80USS-008-A
1655,20260831,12,60,53,A,2.0,False,Stand By Inoperativo,20260831-INMACULADA-XRD80USS-008-A
1656,20260831,12,60,58,A,2.5,False,Stand By Inoperativo,20260831-INMACULADA-XRD80USS-008-A
1657,20260831,12,60,59,A,1.0,False,Stand By Inoperativo,20260831-INMACULADA-XRD80USS-008-A
1658,20260831,12,60,70,A,2.0,True,Stand By Cliente,20260831-INMACULADA-XRD80USS-008-A
1659,20260831,12,60,1,B,3.0,True,Tiempo Efectivo - Operativo,20260831-INMACULADA-XRD80USS-008-B
1660,20260831,12,60,5,B,1.0,False,Mantenimiento,20260831-INMACULADA-XRD80USS-008-B
1661,20260831,12,60,9,B,0.5,True,Stand By Operativo,20260831-INMACULADA-XRD80USS-008-B
1662,20260831,12,60,17,B,1.5,True,Stand By Operativo,20260831-INMACULADA-XRD80USS-008-B
1663,20260831,12,60,47,B,0.5,False,Stand By Inoperativo,20260831-INMACULADA-XRD80USS-008-B
1664,20260831,12,60,50,B,1.0,False,Stand By Inoperativo,20260831-INMACULADA-XRD80USS-008-B
1665,20260831,12,60,55,B,0.5,False,Stand By Inoperativo,20260831-INMACULADA-XRD80USS-008-B
1666,20260831,12,60,58,B,2.0,False,Stand By Inoperativo,20260831-INMACULADA-XRD80USS-008-B
1667,20260831,12,60,59,B,1.0,False,Stand By Inoperativo,20260831-INMACULADA-XRD80USS-008-B
1668,20260831,12,60,70,B,1.0,True,Stand By Cliente,20260831-INMACULADA-XRD80USS-008-B
1669,20260826,12,62,1,A,6.0,True,Tiempo Efectivo - Operativo,20260826-INMACULADA-XRD90U-016-A
1670,20260826,12,62,5,A,0.5,False,Mantenimiento,20260826-INMACULADA-XRD90U-016-A
1671,20260826,12,62,8,A,0.5,True,Stand By Operativo,20260826-INMACULADA-XRD90U-016-A
1672,20260826,12,62,16,A,1.0,True,Stand By Operativo,20260826-INMACULADA-XRD90U-016-A
1673,20260826,12,62,47,A,0.5,False,Stand By Inoperativo,20260826-INMACULADA-XRD90U-016-A
1674,20260826,12,62,55,A,0.5,False,Stand By Inoperativo,20260826-INMACULADA-XRD90U-016-A
1675,20260826,12,62,58,A,2.0,False,Stand By Inoperativo,20260826-INMACULADA-XRD90U-016-A
1676,20260826,12,62,59,A,1.0,False,Stand By Inoperativo,20260826-INMACULADA-XRD90U-016-A
1677,20260826,12,62,1,B,6.0,True,Tiempo Efectivo - Operativo,20260826-INMACULADA-XRD90U-016-B
1678,20260826,12,62,5,B,0.5,False,Mantenimiento,20260826-INMACULADA-XRD90U-016-B
1679,20260826,12,62,7,B,1.0,True,Stand By Operativo,20260826-INMACULADA-XRD90U-016-B
1680,20260826,12,62,8,B,0.5,True,Stand By Operativo,20260826-INMACULADA-XRD90U-016-B
1681,20260826,12,62,47,B,0.5,False,Stand By Inoperativo,20260826-INMACULADA-XRD90U-016-B
1682,20260826,12,62,55,B,0.5,False,Stand By Inoperativo,20260826-INMACULADA-XRD90U-016-B
1683,20260826,12,62,58,B,2.0,False,Stand By Inoperativo,20260826-INMACULADA-XRD90U-016-B
1684,20260826,12,62,59,B,1.0,False,Stand By Inoperativo,20260826-INMACULADA-XRD90U-016-B
1685,20260827,12,62,1,A,5.0,True,Tiempo Efectivo - Operativo,20260827-INMACULADA-XRD90U-016-A
1686,20260827,12,62,5,A,0.5,False,Mantenimiento,20260827-INMACULADA-XRD90U-016-A
1687,20260827,12,62,8,A,1.0,True,Stand By Operativo,20260827-INMACULADA-XRD90U-016-A
1688,20260827,12,62,47,A,2.0,False,Stand By Inoperativo,20260827-INMACULADA-XRD90U-016-A
1689,20260827,12,62,55,A,0.5,False,Stand By Inoperativo,20260827-INMACULADA-XRD90U-016-A
1690,20260827,12,62,58,A,2.0,False,Stand By Inoperativo,20260827-INMACULADA-XRD90U-016-A
1691,20260827,12,62,59,A,1.0,False,Stand By Inoperativo,20260827-INMACULADA-XRD90U-016-A
1692,20260827,12,62,5,B,0.5,False,Mantenimiento,20260827-INMACULADA-XRD90U-016-B
1693,20260827,12,62,7,B,1.0,True,Stand By Operativo,20260827-INMACULADA-XRD90U-016-B
1694,20260827,12,62,9,B,2.0,True,Stand By Operativo,20260827-INMACULADA-XRD90U-016-B
1695,20260827,12,62,16,B,1.5,True,Stand By Operativo,20260827-INMACULADA-XRD90U-016-B
1696,20260827,12,62,47,B,1.0,False,Stand By Inoperativo,20260827-INMACULADA-XRD90U-016-B
1697,20260827,12,62,55,B,0.5,False,Stand By Inoperativo,20260827-INMACULADA-XRD90U-016-B
1698,20260827,12,62,57,B,2.5,False,Stand By Inoperativo,20260827-INMACULADA-XRD90U-016-B
1699,20260827,12,62,58,B,2.0,False,Stand By Inoperativo,20260827-INMACULADA-XRD90U-016-B
1700,20260827,12,62,59,B,1.0,False,Stand By Inoperativo,20260827-INMACULADA-XRD90U-016-B
1701,20260828,12,62,47,A,0.5,False,Stand By Inoperativo,20260828-INMACULADA-XRD90U-016-A
1702,20260828,12,62,52,A,2.0,False,Stand By Inoperativo,20260828-INMACULADA-XRD90U-016-A
1703,20260828,12,62,55,A,6.5,False,Stand By Inoperativo,20260828-INMACULADA-XRD90U-016-A
1704,20260828,12,62,58,A,2.0,False,Stand By Inoperativo,20260828-INMACULADA-XRD90U-016-A
1705,20260828,12,62,59,A,1.0,False,Stand By Inoperativo,20260828-INMACULADA-XRD90U-016-A
1706,20260828,12,62,1,B,3.5,True,Tiempo Efectivo - Operativo,20260828-INMACULADA-XRD90U-016-B
1707,20260828,12,62,5,B,0.5,False,Mantenimiento,20260828-INMACULADA-XRD90U-016-B
1708,20260828,12,62,20,B,0.5,True,Stand By Operativo,20260828-INMACULADA-XRD90U-016-B
1709,20260828,12,62,47,B,0.5,False,Stand By Inoperativo,20260828-INMACULADA-XRD90U-016-B
1710,20260828,12,62,53,B,1.5,False,Stand By Inoperativo,20260828-INMACULADA-XRD90U-016-B
1711,20260828,12,62,55,B,0.5,False,Stand By Inoperativo,20260828-INMACULADA-XRD90U-016-B
1712,20260828,12,62,58,B,2.0,False,Stand By Inoperativo,20260828-INMACULADA-XRD90U-016-B
1713,20260828,12,62,59,B,1.0,False,Stand By Inoperativo,20260828-INMACULADA-XRD90U-016-B
1714,20260828,12,62,78,B,2.0,True,Stand By Cliente,20260828-INMACULADA-XRD90U-016-B
1715,20260829,12,62,1,A,6.0,True,Tiempo Efectivo - Operativo,20260829-INMACULADA-XRD90U-016-A
1716,20260829,12,62,5,A,0.5,False,Mantenimiento,20260829-INMACULADA-XRD90U-016-A
1717,20260829,12,62,7,A,0.5,True,Stand By Operativo,20260829-INMACULADA-XRD90U-016-A
1718,20260829,12,62,16,A,0.5,True,Stand By Operativo,20260829-INMACULADA-XRD90U-016-A
1719,20260829,12,62,47,A,0.5,False,Stand By Inoperativo,20260829-INMACULADA-XRD90U-016-A
1720,20260829,12,62,55,A,0.5,False,Stand By Inoperativo,20260829-INMACULADA-XRD90U-016-A
1721,20260829,12,62,58,A,2.0,False,Stand By Inoperativo,20260829-INMACULADA-XRD90U-016-A
1722,20260829,12,62,59,A,1.0,False,Stand By Inoperativo,20260829-INMACULADA-XRD90U-016-A
1723,20260829,12,62,78,A,0.5,True,Stand By Cliente,20260829-INMACULADA-XRD90U-016-A
1724,20260829,12,62,1,B,6.5,True,Tiempo Efectivo - Operativo,20260829-INMACULADA-XRD90U-016-B
1725,20260829,12,62,5,B,0.5,False,Mantenimiento,20260829-INMACULADA-XRD90U-016-B
1726,20260829,12,62,7,B,0.5,True,Stand By Operativo,20260829-INMACULADA-XRD90U-016-B
1727,20260829,12,62,16,B,0.5,True,Stand By Operativo,20260829-INMACULADA-XRD90U-016-B
1728,20260829,12,62,47,B,0.5,False,Stand By Inoperativo,20260829-INMACULADA-XRD90U-016-B
1729,20260829,12,62,55,B,0.5,False,Stand By Inoperativo,20260829-INMACULADA-XRD90U-016-B
1730,20260829,12,62,58,B,2.0,False,Stand By Inoperativo,20260829-INMACULADA-XRD90U-016-B
1731,20260829,12,62,59,B,1.0,False,Stand By Inoperativo,20260829-INMACULADA-XRD90U-016-B
1732,20260830,12,62,1,A,2.0,True,Tiempo Efectivo - Operativo,20260830-INMACULADA-XRD90U-016-A
1733,20260830,12,62,5,A,0.5,False,Mantenimiento,20260830-INMACULADA-XRD90U-016-A
1734,20260830,12,62,6,A,2.0,False,Mantenimiento,20260830-INMACULADA-XRD90U-016-A
1735,20260830,12,62,16,A,1.0,True,Stand By Operativo,20260830-INMACULADA-XRD90U-016-A
1736,20260830,12,62,47,A,0.5,False,Stand By Inoperativo,20260830-INMACULADA-XRD90U-016-A
1737,20260830,12,62,55,A,0.5,False,Stand By Inoperativo,20260830-INMACULADA-XRD90U-016-A
1738,20260830,12,62,58,A,2.0,False,Stand By Inoperativo,20260830-INMACULADA-XRD90U-016-A
1739,20260830,12,62,59,A,1.0,False,Stand By Inoperativo,20260830-INMACULADA-XRD90U-016-A
1740,20260830,12,62,61,A,2.5,False,Stand By Inoperativo,20260830-INMACULADA-XRD90U-016-A
1741,20260830,12,62,1,B,3.5,True,Tiempo Efectivo - Operativo,20260830-INMACULADA-XRD90U-016-B
1742,20260830,12,62,5,B,0.5,False,Mantenimiento,20260830-INMACULADA-XRD90U-016-B
1743,20260830,12,62,7,B,0.5,True,Stand By Operativo,20260830-INMACULADA-XRD90U-016-B
1744,20260830,12,62,9,B,1.0,True,Stand By Operativo,20260830-INMACULADA-XRD90U-016-B
1745,20260830,12,62,16,B,0.5,True,Stand By Operativo,20260830-INMACULADA-XRD90U-016-B
1746,20260830,12,62,47,B,0.5,False,Stand By Inoperativo,20260830-INMACULADA-XRD90U-016-B
1747,20260830,12,62,55,B,0.5,False,Stand By Inoperativo,20260830-INMACULADA-XRD90U-016-B
1748,20260830,12,62,58,B,2.0,False,Stand By Inoperativo,20260830-INMACULADA-XRD90U-016-B
1749,20260830,12,62,59,B,1.0,False,Stand By Inoperativo,20260830-INMACULADA-XRD90U-016-B
1750,20260830,12,62,70,B,2.0,True,Stand By Cliente,20260830-INMACULADA-XRD90U-016-B
1751,20260831,12,62,1,A,5.0,True,Tiempo Efectivo - Operativo,20260831-INMACULADA-XRD90U-016-A
1752,20260831,12,62,5,A,0.5,False,Mantenimiento,20260831-INMACULADA-XRD90U-016-A
1753,20260831,12,62,7,A,0.5,True,Stand By Operativo,20260831-INMACULADA-XRD90U-016-A
1754,20260831,12,62,8,A,0.5,True,Stand By Operativo,20260831-INMACULADA-XRD90U-016-A
1755,20260831,12,62,9,A,0.5,True,Stand By Operativo,20260831-INMACULADA-XRD90U-016-A
1756,20260831,12,62,16,A,0.5,True,Stand By Operativo,20260831-INMACULADA-XRD90U-016-A
1757,20260831,12,62,47,A,1.0,False,Stand By Inoperativo,20260831-INMACULADA-XRD90U-016-A
1758,20260831,12,62,55,A,0.5,False,Stand By Inoperativo,20260831-INMACULADA-XRD90U-016-A
1759,20260831,12,62,58,A,2.0,False,Stand By Inoperativo,20260831-INMACULADA-XRD90U-016-A
1760,20260831,12,62,59,A,1.0,False,Stand By Inoperativo,20260831-INMACULADA-XRD90U-016-A
1761,20260831,12,62,1,B,4.5,True,Tiempo Efectivo - Operativo,20260831-INMACULADA-XRD90U-016-B
1762,20260831,12,62,5,B,0.5,False,Mantenimiento,20260831-INMACULADA-XRD90U-016-B
1763,20260831,12,62,7,B,0.5,True,Stand By Operativo,20260831-INMACULADA-XRD90U-016-B
1764,20260831,12,62,9,B,1.0,True,Stand By Operativo,20260831-INMACULADA-XRD90U-016-B
1765,20260831,12,62,47,B,0.5,False,Stand By Inoperativo,20260831-INMACULADA-XRD90U-016-B
1766,20260831,12,62,55,B,0.5,False,Stand By Inoperativo,20260831-INMACULADA-XRD90U-016-B
1767,20260831,12,62,58,B,2.0,False,Stand By Inoperativo,20260831-INMACULADA-XRD90U-016-B
1768,20260831,12,62,59,B,1.0,False,Stand By Inoperativo,20260831-INMACULADA-XRD90U-016-B
1769,20260831,12,62,70,B,0.5,True,Stand By Cliente,20260831-INMACULADA-XRD90U-016-B
1770,20260831,12,62,74,B,1.0,True,Stand By Cliente,20260831-INMACULADA-XRD90U-016-B
1771,20260826,12,56,1,A,4.5,True,Tiempo Efectivo - Operativo,20260826-INMACULADA-XRD150U-003-A
1772,20260826,12,56,5,A,0.5,False,Mantenimiento,20260826-INMACULADA-XRD150U-003-A
1773,20260826,12,56,7,A,0.5,True,Stand By Operativo,20260826-INMACULADA-XRD150U-003-A
1774,20260826,12,56,8,A,0.5,True,Stand By Operativo,20260826-INMACULADA-XRD150U-003-A
1775,20260826,12,56,9,A,0.5,True,Stand By Operativo,20260826-INMACULADA-XRD150U-003-A
1776,20260826,12,56,47,A,1.0,False,Stand By Inoperativo,20260826-INMACULADA-XRD150U-003-A
1777,20260826,12,56,55,A,1.0,False,Stand By Inoperativo,20260826-INMACULADA-XRD150U-003-A
1778,20260826,12,56,58,A,2.0,False,Stand By Inoperativo,20260826-INMACULADA-XRD150U-003-A
1779,20260826,12,56,59,A,1.0,False,Stand By Inoperativo,20260826-INMACULADA-XRD150U-003-A
1780,20260826,12,56,71,A,0.5,True,Stand By Cliente,20260826-INMACULADA-XRD150U-003-A
1781,20260826,12,56,1,B,3.0,True,Tiempo Efectivo - Operativo,20260826-INMACULADA-XRD150U-003-B
1782,20260826,12,56,9,B,1.0,True,Stand By Operativo,20260826-INMACULADA-XRD150U-003-B
1783,20260826,12,56,16,B,1.0,True,Stand By Operativo,20260826-INMACULADA-XRD150U-003-B
1784,20260826,12,56,47,B,1.0,False,Stand By Inoperativo,20260826-INMACULADA-XRD150U-003-B
1785,20260826,12,56,57,B,2.0,False,Stand By Inoperativo,20260826-INMACULADA-XRD150U-003-B
1786,20260826,12,56,58,B,2.0,False,Stand By Inoperativo,20260826-INMACULADA-XRD150U-003-B
1787,20260826,12,56,59,B,1.0,False,Stand By Inoperativo,20260826-INMACULADA-XRD150U-003-B
1788,20260826,12,56,70,B,1.0,True,Stand By Cliente,20260826-INMACULADA-XRD150U-003-B
1789,20260827,12,56,1,A,3.5,True,Tiempo Efectivo - Operativo,20260827-INMACULADA-XRD150U-003-A
1790,20260827,12,56,5,A,0.5,False,Mantenimiento,20260827-INMACULADA-XRD150U-003-A
1791,20260827,12,56,7,A,0.5,True,Stand By Operativo,20260827-INMACULADA-XRD150U-003-A
1792,20260827,12,56,8,A,0.5,True,Stand By Operativo,20260827-INMACULADA-XRD150U-003-A
1793,20260827,12,56,9,A,0.5,True,Stand By Operativo,20260827-INMACULADA-XRD150U-003-A
1794,20260827,12,56,16,A,1.0,True,Stand By Operativo,20260827-INMACULADA-XRD150U-003-A
1795,20260827,12,56,47,A,1.0,False,Stand By Inoperativo,20260827-INMACULADA-XRD150U-003-A
1796,20260827,12,56,53,A,0.5,False,Stand By Inoperativo,20260827-INMACULADA-XRD150U-003-A
1797,20260827,12,56,55,A,1.0,False,Stand By Inoperativo,20260827-INMACULADA-XRD150U-003-A
1798,20260827,12,56,58,A,2.0,False,Stand By Inoperativo,20260827-INMACULADA-XRD150U-003-A
1799,20260827,12,56,59,A,1.0,False,Stand By Inoperativo,20260827-INMACULADA-XRD150U-003-A
1800,20260827,12,56,1,B,6.0,True,Tiempo Efectivo - Operativo,20260827-INMACULADA-XRD150U-003-B
1801,20260827,12,56,16,B,1.0,True,Stand By Operativo,20260827-INMACULADA-XRD150U-003-B
1802,20260827,12,56,47,B,1.0,False,Stand By Inoperativo,20260827-INMACULADA-XRD150U-003-B
1803,20260827,12,56,58,B,2.0,False,Stand By Inoperativo,20260827-INMACULADA-XRD150U-003-B
1804,20260827,12,56,59,B,1.0,False,Stand By Inoperativo,20260827-INMACULADA-XRD150U-003-B
1805,20260827,12,56,70,B,1.0,True,Stand By Cliente,20260827-INMACULADA-XRD150U-003-B
1806,20260828,12,56,1,A,2.0,True,Tiempo Efectivo - Operativo,20260828-INMACULADA-XRD150U-003-A
1807,20260828,12,56,55,A,6.0,False,Stand By Inoperativo,20260828-INMACULADA-XRD150U-003-A
1808,20260828,12,56,58,A,2.0,False,Stand By Inoperativo,20260828-INMACULADA-XRD150U-003-A
1809,20260828,12,56,59,A,1.0,False,Stand By Inoperativo,20260828-INMACULADA-XRD150U-003-A
1810,20260828,12,56,67,A,1.0,True,Stand By Cliente,20260828-INMACULADA-XRD150U-003-A
1811,20260828,12,56,1,B,6.0,True,Tiempo Efectivo - Operativo,20260828-INMACULADA-XRD150U-003-B
1812,20260828,12,56,5,B,0.5,False,Mantenimiento,20260828-INMACULADA-XRD150U-003-B
1813,20260828,12,56,7,B,1.0,True,Stand By Operativo,20260828-INMACULADA-XRD150U-003-B
1814,20260828,12,56,16,B,1.0,True,Stand By Operativo,20260828-INMACULADA-XRD150U-003-B
1815,20260828,12,56,47,B,0.5,False,Stand By Inoperativo,20260828-INMACULADA-XRD150U-003-B
1816,20260828,12,56,58,B,2.0,False,Stand By Inoperativo,20260828-INMACULADA-XRD150U-003-B
1817,20260828,12,56,59,B,1.0,False,Stand By Inoperativo,20260828-INMACULADA-XRD150U-003-B
1818,20260829,12,56,1,A,6.0,True,Tiempo Efectivo - Operativo,20260829-INMACULADA-XRD150U-003-A
1819,20260829,12,56,47,A,1.0,False,Stand By Inoperativo,20260829-INMACULADA-XRD150U-003-A
1820,20260829,12,56,58,A,2.0,False,Stand By Inoperativo,20260829-INMACULADA-XRD150U-003-A
1821,20260829,12,56,59,A,1.0,False,Stand By Inoperativo,20260829-INMACULADA-XRD150U-003-A
1822,20260829,12,56,67,A,2.0,True,Stand By Cliente,20260829-INMACULADA-XRD150U-003-A
1823,20260829,12,56,1,B,6.0,True,Tiempo Efectivo - Operativo,20260829-INMACULADA-XRD150U-003-B
1824,20260829,12,56,5,B,0.5,False,Mantenimiento,20260829-INMACULADA-XRD150U-003-B
1825,20260829,12,56,7,B,0.5,True,Stand By Operativo,20260829-INMACULADA-XRD150U-003-B
1826,20260829,12,56,8,B,0.5,True,Stand By Operativo,20260829-INMACULADA-XRD150U-003-B
1827,20260829,12,56,16,B,1.0,True,Stand By Operativo,20260829-INMACULADA-XRD150U-003-B
1828,20260829,12,56,47,B,0.5,False,Stand By Inoperativo,20260829-INMACULADA-XRD150U-003-B
1829,20260829,12,56,58,B,2.0,False,Stand By Inoperativo,20260829-INMACULADA-XRD150U-003-B
1830,20260829,12,56,59,B,1.0,False,Stand By Inoperativo,20260829-INMACULADA-XRD150U-003-B
1831,20260830,12,56,1,A,4.0,True,Tiempo Efectivo - Operativo,20260830-INMACULADA-XRD150U-003-A
1832,20260830,12,56,16,A,1.0,True,Stand By Operativo,20260830-INMACULADA-XRD150U-003-A
1833,20260830,12,56,47,A,1.0,False,Stand By Inoperativo,20260830-INMACULADA-XRD150U-003-A
1834,20260830,12,56,58,A,2.0,False,Stand By Inoperativo,20260830-INMACULADA-XRD150U-003-A
1835,20260830,12,56,59,A,1.0,False,Stand By Inoperativo,20260830-INMACULADA-XRD150U-003-A
1836,20260830,12,56,61,A,2.0,False,Stand By Inoperativo,20260830-INMACULADA-XRD150U-003-A
1837,20260830,12,56,67,A,1.0,True,Stand By Cliente,20260830-INMACULADA-XRD150U-003-A
1838,20260830,12,56,1,B,6.0,True,Tiempo Efectivo - Operativo,20260830-INMACULADA-XRD150U-003-B
1839,20260830,12,56,5,B,0.5,False,Mantenimiento,20260830-INMACULADA-XRD150U-003-B
1840,20260830,12,56,7,B,0.5,True,Stand By Operativo,20260830-INMACULADA-XRD150U-003-B
1841,20260830,12,56,8,B,0.5,True,Stand By Operativo,20260830-INMACULADA-XRD150U-003-B
1842,20260830,12,56,16,B,1.0,True,Stand By Operativo,20260830-INMACULADA-XRD150U-003-B
1843,20260830,12,56,47,B,0.5,False,Stand By Inoperativo,20260830-INMACULADA-XRD150U-003-B
1844,20260830,12,56,58,B,2.0,False,Stand By Inoperativo,20260830-INMACULADA-XRD150U-003-B
1845,20260830,12,56,59,B,1.0,False,Stand By Inoperativo,20260830-INMACULADA-XRD150U-003-B
1846,20260831,12,56,1,A,5.0,True,Tiempo Efectivo - Operativo,20260831-INMACULADA-XRD150U-003-A
1847,20260831,12,56,16,A,1.0,True,Stand By Operativo,20260831-INMACULADA-XRD150U-003-A
1848,20260831,12,56,47,A,1.0,False,Stand By Inoperativo,20260831-INMACULADA-XRD150U-003-A
1849,20260831,12,56,58,A,2.0,False,Stand By Inoperativo,20260831-INMACULADA-XRD150U-003-A
1850,20260831,12,56,59,A,1.0,False,Stand By Inoperativo,20260831-INMACULADA-XRD150U-003-A
1851,20260831,12,56,67,A,2.0,True,Stand By Cliente,20260831-INMACULADA-XRD150U-003-A
1852,20260831,12,56,5,B,0.5,False,Mantenimiento,20260831-INMACULADA-XRD150U-003-B
1853,20260831,12,56,7,B,1.0,True,Stand By Operativo,20260831-INMACULADA-XRD150U-003-B
1854,20260831,12,56,8,B,0.5,True,Stand By Operativo,20260831-INMACULADA-XRD150U-003-B
1855,20260831,12,56,9,B,2.5,True,Stand By Operativo,20260831-INMACULADA-XRD150U-003-B
1856,20260831,12,56,23,B,2.0,True,Stand By Operativo,20260831-INMACULADA-XRD150U-003-B
1857,20260831,12,56,47,B,0.5,False,Stand By Inoperativo,20260831-INMACULADA-XRD150U-003-B
1858,20260831,12,56,52,B,2.0,False,Stand By Inoperativo,20260831-INMACULADA-XRD150U-003-B
1859,20260831,12,56,58,B,2.0,False,Stand By Inoperativo,20260831-INMACULADA-XRD150U-003-B
1860,20260831,12,56,59,B,1.0,False,Stand By Inoperativo,20260831-INMACULADA-XRD150U-003-B
1861,20260826,12,55,5,A,1.0,False,Mantenimiento,20260826-INMACULADA-XLM75UFDR-001-A
1862,20260826,12,55,8,A,0.5,True,Stand By Operativo,20260826-INMACULADA-XLM75UFDR-001-A
1863,20260826,12,55,9,A,0.5,True,Stand By Operativo,20260826-INMACULADA-XLM75UFDR-001-A
1864,20260826,12,55,14,A,5.5,True,Stand By Operativo,20260826-INMACULADA-XLM75UFDR-001-A
1865,20260826,12,55,47,A,0.5,False,Stand By Inoperativo,20260826-INMACULADA-XLM75UFDR-001-A
1866,20260826,12,55,55,A,0.5,False,Stand By Inoperativo,20260826-INMACULADA-XLM75UFDR-001-A
1867,20260826,12,55,58,A,2.5,False,Stand By Inoperativo,20260826-INMACULADA-XLM75UFDR-001-A
1868,20260826,12,55,59,A,1.0,False,Stand By Inoperativo,20260826-INMACULADA-XLM75UFDR-001-A
1869,20260826,12,55,60,B,12.0,False,Stand By Inoperativo,20260826-INMACULADA-XLM75UFDR-001-B
1870,20260827,12,55,5,A,0.5,False,Mantenimiento,20260827-INMACULADA-XLM75UFDR-001-A
1871,20260827,12,55,13,A,3.0,True,Stand By Operativo,20260827-INMACULADA-XLM75UFDR-001-A
1872,20260827,12,55,18,A,2.0,True,Stand By Operativo,20260827-INMACULADA-XLM75UFDR-001-A
1873,20260827,12,55,20,A,1.5,True,Stand By Operativo,20260827-INMACULADA-XLM75UFDR-001-A
1874,20260827,12,55,47,A,1.0,False,Stand By Inoperativo,20260827-INMACULADA-XLM75UFDR-001-A
1875,20260827,12,55,55,A,0.5,False,Stand By Inoperativo,20260827-INMACULADA-XLM75UFDR-001-A
1876,20260827,12,55,58,A,2.5,False,Stand By Inoperativo,20260827-INMACULADA-XLM75UFDR-001-A
1877,20260827,12,55,59,A,1.0,False,Stand By Inoperativo,20260827-INMACULADA-XLM75UFDR-001-A
1878,20260827,12,55,1,B,4.0,True,Tiempo Efectivo - Operativo,20260827-INMACULADA-XLM75UFDR-001-B
1879,20260827,12,55,47,B,1.0,False,Stand By Inoperativo,20260827-INMACULADA-XLM75UFDR-001-B
1880,20260827,12,55,50,B,1.0,False,Stand By Inoperativo,20260827-INMACULADA-XLM75UFDR-001-B
1881,20260827,12,55,52,B,2.0,False,Stand By Inoperativo,20260827-INMACULADA-XLM75UFDR-001-B
1882,20260827,12,55,55,B,1.0,False,Stand By Inoperativo,20260827-INMACULADA-XLM75UFDR-001-B
1883,20260827,12,55,58,B,2.0,False,Stand By Inoperativo,20260827-INMACULADA-XLM75UFDR-001-B
1884,20260827,12,55,78,B,1.0,True,Stand By Cliente,20260827-INMACULADA-XLM75UFDR-001-B
1885,20260828,12,55,1,A,1.0,True,Tiempo Efectivo - Operativo,20260828-INMACULADA-XLM75UFDR-001-A
1886,20260828,12,55,5,A,1.0,False,Mantenimiento,20260828-INMACULADA-XLM75UFDR-001-A
1887,20260828,12,55,47,A,1.0,False,Stand By Inoperativo,20260828-INMACULADA-XLM75UFDR-001-A
1888,20260828,12,55,48,A,1.0,False,Stand By Inoperativo,20260828-INMACULADA-XLM75UFDR-001-A
1889,20260828,12,55,55,A,5.0,False,Stand By Inoperativo,20260828-INMACULADA-XLM75UFDR-001-A
1890,20260828,12,55,58,A,2.0,False,Stand By Inoperativo,20260828-INMACULADA-XLM75UFDR-001-A
1891,20260828,12,55,78,A,1.0,True,Stand By Cliente,20260828-INMACULADA-XLM75UFDR-001-A
1892,20260828,12,55,1,B,6.0,True,Tiempo Efectivo - Operativo,20260828-INMACULADA-XLM75UFDR-001-B
1893,20260828,12,55,7,B,1.0,True,Stand By Operativo,20260828-INMACULADA-XLM75UFDR-001-B
1894,20260828,12,55,16,B,1.0,True,Stand By Operativo,20260828-INMACULADA-XLM75UFDR-001-B
1895,20260828,12,55,55,B,1.0,False,Stand By Inoperativo,20260828-INMACULADA-XLM75UFDR-001-B
1896,20260828,12,55,58,B,2.0,False,Stand By Inoperativo,20260828-INMACULADA-XLM75UFDR-001-B
1897,20260828,12,55,59,B,1.0,False,Stand By Inoperativo,20260828-INMACULADA-XLM75UFDR-001-B
1898,20260829,12,55,6,A,2.0,False,Mantenimiento,20260829-INMACULADA-XLM75UFDR-001-A
1899,20260829,12,55,48,A,1.0,False,Stand By Inoperativo,20260829-INMACULADA-XLM75UFDR-001-A
1900,20260829,12,55,50,A,1.0,False,Stand By Inoperativo,20260829-INMACULADA-XLM75UFDR-001-A
1901,20260829,12,55,55,A,1.0,False,Stand By Inoperativo,20260829-INMACULADA-XLM75UFDR-001-A
1902,20260829,12,55,56,A,3.0,False,Stand By Inoperativo,20260829-INMACULADA-XLM75UFDR-001-A
1903,20260829,12,55,58,A,2.0,False,Stand By Inoperativo,20260829-INMACULADA-XLM75UFDR-001-A
1904,20260829,12,55,59,A,1.0,False,Stand By Inoperativo,20260829-INMACULADA-XLM75UFDR-001-A
1905,20260829,12,55,67,A,1.0,True,Stand By Cliente,20260829-INMACULADA-XLM75UFDR-001-A
1906,20260829,12,55,6,B,7.0,False,Mantenimiento,20260829-INMACULADA-XLM75UFDR-001-B
1907,20260829,12,55,9,B,1.0,True,Stand By Operativo,20260829-INMACULADA-XLM75UFDR-001-B
1908,20260829,12,55,55,B,1.0,False,Stand By Inoperativo,20260829-INMACULADA-XLM75UFDR-001-B
1909,20260829,12,55,58,B,2.0,False,Stand By Inoperativo,20260829-INMACULADA-XLM75UFDR-001-B
1910,20260829,12,55,59,B,1.0,False,Stand By Inoperativo,20260829-INMACULADA-XLM75UFDR-001-B
1911,20260830,12,55,1,A,2.0,True,Tiempo Efectivo - Operativo,20260830-INMACULADA-XLM75UFDR-001-A
1912,20260830,12,55,47,A,1.0,False,Stand By Inoperativo,20260830-INMACULADA-XLM75UFDR-001-A
1913,20260830,12,55,55,A,1.0,False,Stand By Inoperativo,20260830-INMACULADA-XLM75UFDR-001-A
1914,20260830,12,55,56,A,4.0,False,Stand By Inoperativo,20260830-INMACULADA-XLM75UFDR-001-A
1915,20260830,12,55,58,A,2.0,False,Stand By Inoperativo,20260830-INMACULADA-XLM75UFDR-001-A
1916,20260830,12,55,59,A,1.0,False,Stand By Inoperativo,20260830-INMACULADA-XLM75UFDR-001-A
1917,20260830,12,55,67,A,1.0,True,Stand By Cliente,20260830-INMACULADA-XLM75UFDR-001-A
1918,20260830,12,55,1,B,1.0,True,Tiempo Efectivo - Operativo,20260830-INMACULADA-XLM75UFDR-001-B
1919,20260830,12,55,6,B,6.0,False,Mantenimiento,20260830-INMACULADA-XLM75UFDR-001-B
1920,20260830,12,55,9,B,1.0,True,Stand By Operativo,20260830-INMACULADA-XLM75UFDR-001-B
1921,20260830,12,55,55,B,1.0,False,Stand By Inoperativo,20260830-INMACULADA-XLM75UFDR-001-B
1922,20260830,12,55,58,B,2.0,False,Stand By Inoperativo,20260830-INMACULADA-XLM75UFDR-001-B
1923,20260830,12,55,59,B,1.0,False,Stand By Inoperativo,20260830-INMACULADA-XLM75UFDR-001-B
1924,20260831,12,55,1,A,6.0,True,Tiempo Efectivo - Operativo,20260831-INMACULADA-XLM75UFDR-001-A
1925,20260831,12,55,9,A,1.0,True,Stand By Operativo,20260831-INMACULADA-XLM75UFDR-001-A
1926,20260831,12,55,55,A,1.0,False,Stand By Inoperativo,20260831-INMACULADA-XLM75UFDR-001-A
1927,20260831,12,55,58,A,2.0,False,Stand By Inoperativo,20260831-INMACULADA-XLM75UFDR-001-A
1928,20260831,12,55,59,A,1.0,False,Stand By Inoperativo,20260831-INMACULADA-XLM75UFDR-001-A
1929,20260831,12,55,67,A,1.0,True,Stand By Cliente,20260831-INMACULADA-XLM75UFDR-001-A
1930,20260831,12,55,6,B,1.0,False,Mantenimiento,20260831-INMACULADA-XLM75UFDR-001-B
1931,20260831,12,55,9,B,2.0,True,Stand By Operativo,20260831-INMACULADA-XLM75UFDR-001-B
1932,20260831,12,55,19,B,1.0,True,Stand By Operativo,20260831-INMACULADA-XLM75UFDR-001-B
1933,20260831,12,55,53,B,3.0,False,Stand By Inoperativo,20260831-INMACULADA-XLM75UFDR-001-B
1934,20260831,12,55,58,B,2.0,False,Stand By Inoperativo,20260831-INMACULADA-XLM75UFDR-001-B
1935,20260831,12,55,59,B,1.0,False,Stand By Inoperativo,20260831-INMACULADA-XLM75UFDR-001-B
1936,20260831,12,55,70,B,2.0,True,Stand By Cliente,20260831-INMACULADA-XLM75UFDR-001-B
1937,20260826,12,59,60,A,12.0,False,Stand By Inoperativo,20260826-INMACULADA-XRD250U-001-A
1938,20260826,12,59,60,B,12.0,False,Stand By Inoperativo,20260826-INMACULADA-XRD250U-001-B
1939,20260827,12,59,60,A,12.0,False,Stand By Inoperativo,20260827-INMACULADA-XRD250U-001-A
1940,20260827,12,59,60,B,12.0,False,Stand By Inoperativo,20260827-INMACULADA-XRD250U-001-B
1941,20260828,12,59,60,A,12.0,False,Stand By Inoperativo,20260828-INMACULADA-XRD250U-001-A
1942,20260828,12,59,60,B,12.0,False,Stand By Inoperativo,20260828-INMACULADA-XRD250U-001-B
1943,20260829,12,59,60,A,12.0,False,Stand By Inoperativo,20260829-INMACULADA-XRD250U-001-A
1944,20260829,12,59,60,B,12.0,False,Stand By Inoperativo,20260829-INMACULADA-XRD250U-001-B
1945,20260830,12,59,60,A,12.0,False,Stand By Inoperativo,20260830-INMACULADA-XRD250U-001-A
1946,20260830,12,59,60,B,12.0,False,Stand By Inoperativo,20260830-INMACULADA-XRD250U-001-B
1947,20260831,12,59,60,A,12.0,False,Stand By Inoperativo,20260831-INMACULADA-XRD250U-001-A
1948,20260831,12,59,60,B,12.0,False,Stand By Inoperativo,20260831-INMACULADA-XRD250U-001-B
1949,20260826,12,61,1,A,5.0,True,Tiempo Efectivo - Operativo,20260826-INMACULADA-XRD90U-012-A
1950,20260826,12,61,7,A,2.0,True,Stand By Operativo,20260826-INMACULADA-XRD90U-012-A
1951,20260826,12,61,9,A,1.0,True,Stand By Operativo,20260826-INMACULADA-XRD90U-012-A
1952,20260826,12,61,55,A,1.0,False,Stand By Inoperativo,20260826-INMACULADA-XRD90U-012-A
1953,20260826,12,61,58,A,2.0,False,Stand By Inoperativo,20260826-INMACULADA-XRD90U-012-A
1954,20260826,12,61,59,A,1.0,False,Stand By Inoperativo,20260826-INMACULADA-XRD90U-012-A
1955,20260826,12,61,1,B,6.0,True,Tiempo Efectivo - Operativo,20260826-INMACULADA-XRD90U-012-B
1956,20260826,12,61,7,B,1.0,True,Stand By Operativo,20260826-INMACULADA-XRD90U-012-B
1957,20260826,12,61,9,B,2.0,True,Stand By Operativo,20260826-INMACULADA-XRD90U-012-B
1958,20260826,12,61,55,B,1.0,False,Stand By Inoperativo,20260826-INMACULADA-XRD90U-012-B
1959,20260826,12,61,58,B,2.0,False,Stand By Inoperativo,20260826-INMACULADA-XRD90U-012-B
1960,20260827,12,61,7,A,1.0,True,Stand By Operativo,20260827-INMACULADA-XRD90U-012-A
1961,20260827,12,61,9,A,1.0,True,Stand By Operativo,20260827-INMACULADA-XRD90U-012-A
1962,20260827,12,61,13,A,5.0,True,Stand By Operativo,20260827-INMACULADA-XRD90U-012-A
1963,20260827,12,61,47,A,1.0,False,Stand By Inoperativo,20260827-INMACULADA-XRD90U-012-A
1964,20260827,12,61,55,A,1.0,False,Stand By Inoperativo,20260827-INMACULADA-XRD90U-012-A
1965,20260827,12,61,58,A,2.0,False,Stand By Inoperativo,20260827-INMACULADA-XRD90U-012-A
1966,20260827,12,61,59,A,1.0,False,Stand By Inoperativo,20260827-INMACULADA-XRD90U-012-A
1967,20260827,12,61,60,B,12.0,False,Stand By Inoperativo,20260827-INMACULADA-XRD90U-012-B
1968,20260828,12,61,60,A,12.0,False,Stand By Inoperativo,20260828-INMACULADA-XRD90U-012-A
1969,20260828,12,61,60,B,12.0,False,Stand By Inoperativo,20260828-INMACULADA-XRD90U-012-B
1970,20260829,12,61,60,A,12.0,False,Stand By Inoperativo,20260829-INMACULADA-XRD90U-012-A
1971,20260829,12,61,60,B,12.0,False,Stand By Inoperativo,20260829-INMACULADA-XRD90U-012-B
1972,20260830,12,61,60,A,12.0,False,Stand By Inoperativo,20260830-INMACULADA-XRD90U-012-A
1973,20260830,12,61,60,B,12.0,False,Stand By Inoperativo,20260830-INMACULADA-XRD90U-012-B
1974,20260831,12,61,5,A,0.5,False,Mantenimiento,20260831-INMACULADA-XRD90U-012-A
1975,20260831,12,61,10,A,1.0,True,Stand By Operativo,20260831-INMACULADA-XRD90U-012-A
1976,20260831,12,61,14,A,6.5,True,Stand By Operativo,20260831-INMACULADA-XRD90U-012-A
1977,20260831,12,61,47,A,0.5,False,Stand By Inoperativo,20260831-INMACULADA-XRD90U-012-A
1978,20260831,12,61,55,A,0.5,False,Stand By Inoperativo,20260831-INMACULADA-XRD90U-012-A
1979,20260831,12,61,58,A,2.0,False,Stand By Inoperativo,20260831-INMACULADA-XRD90U-012-A
1980,20260831,12,61,59,A,1.0,False,Stand By Inoperativo,20260831-INMACULADA-XRD90U-012-A
1981,20260831,12,61,5,B,0.5,False,Mantenimiento,20260831-INMACULADA-XRD90U-012-B
1982,20260831,12,61,7,B,5.0,True,Stand By Operativo,20260831-INMACULADA-XRD90U-012-B
1983,20260831,12,61,8,B,0.5,True,Stand By Operativo,20260831-INMACULADA-XRD90U-012-B
1984,20260831,12,61,9,B,2.0,True,Stand By Operativo,20260831-INMACULADA-XRD90U-012-B
1985,20260831,12,61,47,B,0.5,False,Stand By Inoperativo,20260831-INMACULADA-XRD90U-012-B
1986,20260831,12,61,55,B,0.5,False,Stand By Inoperativo,20260831-INMACULADA-XRD90U-012-B
1987,20260831,12,61,58,B,2.0,False,Stand By Inoperativo,20260831-INMACULADA-XRD90U-012-B
1988,20260831,12,61,59,B,1.0,False,Stand By Inoperativo,20260831-INMACULADA-XRD90U-012-B
1989,20260826,12,58,1,A,1.5,True,Tiempo Efectivo - Operativo,20260826-INMACULADA-XRD150USS-004-A
1990,20260826,12,58,5,A,0.5,False,Mantenimiento,20260826-INMACULADA-XRD150USS-004-A
1991,20260826,12,58,20,A,0.5,True,Stand By Operativo,20260826-INMACULADA-XRD150USS-004-A
1992,20260826,12,58,50,A,1.5,False,Stand By Inoperativo,20260826-INMACULADA-XRD150USS-004-A
1993,20260826,12,58,53,A,2.5,False,Stand By Inoperativo,20260826-INMACULADA-XRD150USS-004-A
1994,20260826,12,58,55,A,0.5,False,Stand By Inoperativo,20260826-INMACULADA-XRD150USS-004-A
1995,20260826,12,58,58,A,4.0,False,Stand By Inoperativo,20260826-INMACULADA-XRD150USS-004-A
1996,20260826,12,58,59,A,1.0,False,Stand By Inoperativo,20260826-INMACULADA-XRD150USS-004-A
1997,20260826,12,58,1,B,2.5,True,Tiempo Efectivo - Operativo,20260826-INMACULADA-XRD150USS-004-B
1998,20260826,12,58,5,B,0.5,False,Mantenimiento,20260826-INMACULADA-XRD150USS-004-B
1999,20260826,12,58,18,B,1.0,True,Stand By Operativo,20260826-INMACULADA-XRD150USS-004-B
2000,20260826,12,58,20,B,1.0,True,Stand By Operativo,20260826-INMACULADA-XRD150USS-004-B
2001,20260826,12,58,47,B,0.5,False,Stand By Inoperativo,20260826-INMACULADA-XRD150USS-004-B
2002,20260826,12,58,53,B,2.0,False,Stand By Inoperativo,20260826-INMACULADA-XRD150USS-004-B
2003,20260826,12,58,55,B,1.0,False,Stand By Inoperativo,20260826-INMACULADA-XRD150USS-004-B
2004,20260826,12,58,58,B,2.5,False,Stand By Inoperativo,20260826-INMACULADA-XRD150USS-004-B
2005,20260826,12,58,59,B,1.0,False,Stand By Inoperativo,20260826-INMACULADA-XRD150USS-004-B
2006,20260826,12,58,1,B,2.5,True,Tiempo Efectivo - Operativo,20260826-INMACULADA-XRD150USS-004-B
2007,20260826,12,58,5,B,0.5,False,Mantenimiento,20260826-INMACULADA-XRD150USS-004-B
2008,20260826,12,58,18,B,1.0,True,Stand By Operativo,20260826-INMACULADA-XRD150USS-004-B
2009,20260826,12,58,20,B,1.0,True,Stand By Operativo,20260826-INMACULADA-XRD150USS-004-B
2010,20260826,12,58,47,B,0.5,False,Stand By Inoperativo,20260826-INMACULADA-XRD150USS-004-B
2011,20260826,12,58,53,B,2.0,False,Stand By Inoperativo,20260826-INMACULADA-XRD150USS-004-B
2012,20260826,12,58,55,B,1.0,False,Stand By Inoperativo,20260826-INMACULADA-XRD150USS-004-B
2013,20260826,12,58,58,B,2.5,False,Stand By Inoperativo,20260826-INMACULADA-XRD150USS-004-B
2014,20260826,12,58,59,B,1.0,False,Stand By Inoperativo,20260826-INMACULADA-XRD150USS-004-B
2015,20260827,12,58,1,A,2.0,True,Tiempo Efectivo - Operativo,20260827-INMACULADA-XRD150USS-004-A
2016,20260827,12,58,6,A,2.5,False,Mantenimiento,20260827-INMACULADA-XRD150USS-004-A
2017,20260827,12,58,20,A,0.5,True,Stand By Operativo,20260827-INMACULADA-XRD150USS-004-A
2018,20260827,12,58,47,A,0.5,False,Stand By Inoperativo,20260827-INMACULADA-XRD150USS-004-A
2019,20260827,12,58,50,A,2.5,False,Stand By Inoperativo,20260827-INMACULADA-XRD150USS-004-A
2020,20260827,12,58,55,A,0.5,False,Stand By Inoperativo,20260827-INMACULADA-XRD150USS-004-A
2021,20260827,12,58,58,A,2.0,False,Stand By Inoperativo,20260827-INMACULADA-XRD150USS-004-A
2022,20260827,12,58,59,A,1.0,False,Stand By Inoperativo,20260827-INMACULADA-XRD150USS-004-A
2023,20260827,12,58,69,A,0.5,True,Stand By Cliente,20260827-INMACULADA-XRD150USS-004-A
2024,20260827,12,58,1,B,2.0,True,Tiempo Efectivo - Operativo,20260827-INMACULADA-XRD150USS-004-B
2025,20260827,12,58,5,B,0.5,False,Mantenimiento,20260827-INMACULADA-XRD150USS-004-B
2026,20260827,12,58,18,B,0.5,True,Stand By Operativo,20260827-INMACULADA-XRD150USS-004-B
2027,20260827,12,58,20,B,2.0,True,Stand By Operativo,20260827-INMACULADA-XRD150USS-004-B
2028,20260827,12,58,47,B,0.5,False,Stand By Inoperativo,20260827-INMACULADA-XRD150USS-004-B
2029,20260827,12,58,50,B,0.5,False,Stand By Inoperativo,20260827-INMACULADA-XRD150USS-004-B
2030,20260827,12,58,52,B,0.5,False,Stand By Inoperativo,20260827-INMACULADA-XRD150USS-004-B
2031,20260827,12,58,53,B,2.0,False,Stand By Inoperativo,20260827-INMACULADA-XRD150USS-004-B
2032,20260827,12,58,58,B,2.5,False,Stand By Inoperativo,20260827-INMACULADA-XRD150USS-004-B
2033,20260827,12,58,59,B,1.0,False,Stand By Inoperativo,20260827-INMACULADA-XRD150USS-004-B
2034,20260828,12,58,1,A,1.0,True,Tiempo Efectivo - Operativo,20260828-INMACULADA-XRD150USS-004-A
2035,20260828,12,58,5,A,0.5,False,Mantenimiento,20260828-INMACULADA-XRD150USS-004-A
2036,20260828,12,58,47,A,0.5,False,Stand By Inoperativo,20260828-INMACULADA-XRD150USS-004-A
2037,20260828,12,58,55,A,6.0,False,Stand By Inoperativo,20260828-INMACULADA-XRD150USS-004-A
2038,20260828,12,58,58,A,2.5,False,Stand By Inoperativo,20260828-INMACULADA-XRD150USS-004-A
2039,20260828,12,58,59,A,1.5,False,Stand By Inoperativo,20260828-INMACULADA-XRD150USS-004-A
2040,20260828,12,58,1,B,4.0,True,Tiempo Efectivo - Operativo,20260828-INMACULADA-XRD150USS-004-B
2041,20260828,12,58,50,B,3.0,False,Stand By Inoperativo,20260828-INMACULADA-XRD150USS-004-B
2042,20260828,12,58,53,B,2.0,False,Stand By Inoperativo,20260828-INMACULADA-XRD150USS-004-B
2043,20260828,12,58,58,B,2.0,False,Stand By Inoperativo,20260828-INMACULADA-XRD150USS-004-B
2044,20260828,12,58,59,B,1.0,False,Stand By Inoperativo,20260828-INMACULADA-XRD150USS-004-B
2045,20260829,12,58,1,A,0.5,True,Tiempo Efectivo - Operativo,20260829-INMACULADA-XRD150USS-004-A
2046,20260829,12,58,5,A,0.5,False,Mantenimiento,20260829-INMACULADA-XRD150USS-004-A
2047,20260829,12,58,9,A,0.5,True,Stand By Operativo,20260829-INMACULADA-XRD150USS-004-A
2048,20260829,12,58,46,A,0.5,False,Stand By Inoperativo,20260829-INMACULADA-XRD150USS-004-A
2049,20260829,12,58,47,A,0.5,False,Stand By Inoperativo,20260829-INMACULADA-XRD150USS-004-A
2050,20260829,12,58,52,A,3.0,False,Stand By Inoperativo,20260829-INMACULADA-XRD150USS-004-A
2051,20260829,12,58,55,A,1.0,False,Stand By Inoperativo,20260829-INMACULADA-XRD150USS-004-A
2052,20260829,12,58,58,A,2.5,False,Stand By Inoperativo,20260829-INMACULADA-XRD150USS-004-A
2053,20260829,12,58,59,A,1.0,False,Stand By Inoperativo,20260829-INMACULADA-XRD150USS-004-A
2054,20260829,12,58,70,A,2.0,True,Stand By Cliente,20260829-INMACULADA-XRD150USS-004-A
2055,20260829,12,58,52,B,3.0,False,Stand By Inoperativo,20260829-INMACULADA-XRD150USS-004-B
2056,20260829,12,58,53,B,6.0,False,Stand By Inoperativo,20260829-INMACULADA-XRD150USS-004-B
2057,20260829,12,58,58,B,2.0,False,Stand By Inoperativo,20260829-INMACULADA-XRD150USS-004-B
2058,20260829,12,58,59,B,1.0,False,Stand By Inoperativo,20260829-INMACULADA-XRD150USS-004-B
2059,20260830,12,58,13,A,2.0,True,Stand By Operativo,20260830-INMACULADA-XRD150USS-004-A
2060,20260830,12,58,47,A,0.5,False,Stand By Inoperativo,20260830-INMACULADA-XRD150USS-004-A
2061,20260830,12,58,53,A,6.0,False,Stand By Inoperativo,20260830-INMACULADA-XRD150USS-004-A
2062,20260830,12,58,58,A,2.0,False,Stand By Inoperativo,20260830-INMACULADA-XRD150USS-004-A
2063,20260830,12,58,59,A,1.5,False,Stand By Inoperativo,20260830-INMACULADA-XRD150USS-004-A
2064,20260830,12,58,50,B,6.0,False,Stand By Inoperativo,20260830-INMACULADA-XRD150USS-004-B
2065,20260830,12,58,58,B,2.0,False,Stand By Inoperativo,20260830-INMACULADA-XRD150USS-004-B
2066,20260830,12,58,59,B,1.0,False,Stand By Inoperativo,20260830-INMACULADA-XRD150USS-004-B
2067,20260830,12,58,70,B,3.0,True,Stand By Cliente,20260830-INMACULADA-XRD150USS-004-B
2068,20260831,12,58,60,A,12.0,False,Stand By Inoperativo,20260831-INMACULADA-XRD150USS-004-A
2069,20260831,12,58,47,B,2.0,False,Stand By Inoperativo,20260831-INMACULADA-XRD150USS-004-B
2070,20260831,12,58,58,B,2.0,False,Stand By Inoperativo,20260831-INMACULADA-XRD150USS-004-B
2071,20260831,12,58,59,B,1.0,False,Stand By Inoperativo,20260831-INMACULADA-XRD150USS-004-B
2072,20260831,12,58,70,B,2.0,True,Stand By Cliente,20260831-INMACULADA-XRD150USS-004-B
2073,20260831,12,58,74,B,5.0,True,Stand By Cliente,20260831-INMACULADA-XRD150USS-004-B
2074,20260826,13,65,1,A,4.0,True,Tiempo Efectivo - Operativo,20260826-LA ESTRELLA-XRD150U-004-A
2075,20260826,13,65,47,A,0.5,False,Stand By Inoperativo,20260826-LA ESTRELLA-XRD150U-004-A
2076,20260826,13,65,55,A,4.5,False,Stand By Inoperativo,20260826-LA ESTRELLA-XRD150U-004-A
2077,20260826,13,65,58,A,2.0,False,Stand By Inoperativo,20260826-LA ESTRELLA-XRD150U-004-A
2078,20260826,13,65,59,A,1.0,False,Stand By Inoperativo,20260826-LA ESTRELLA-XRD150U-004-A
2079,20260826,13,65,1,B,3.0,True,Tiempo Efectivo - Operativo,20260826-LA ESTRELLA-XRD150U-004-B
2080,20260826,13,65,6,B,1.0,False,Mantenimiento,20260826-LA ESTRELLA-XRD150U-004-B
2081,20260826,13,65,8,B,1.0,True,Stand By Operativo,20260826-LA ESTRELLA-XRD150U-004-B
2082,20260826,13,65,47,B,0.5,False,Stand By Inoperativo,20260826-LA ESTRELLA-XRD150U-004-B
2083,20260826,13,65,55,B,3.5,False,Stand By Inoperativo,20260826-LA ESTRELLA-XRD150U-004-B
2084,20260826,13,65,58,B,2.0,False,Stand By Inoperativo,20260826-LA ESTRELLA-XRD150U-004-B
2085,20260826,13,65,59,B,1.0,False,Stand By Inoperativo,20260826-LA ESTRELLA-XRD150U-004-B
2086,20260827,13,65,1,A,7.0,True,Tiempo Efectivo - Operativo,20260827-LA ESTRELLA-XRD150U-004-A
2087,20260827,13,65,16,A,1.0,True,Stand By Operativo,20260827-LA ESTRELLA-XRD150U-004-A
2088,20260827,13,65,47,A,0.5,False,Stand By Inoperativo,20260827-LA ESTRELLA-XRD150U-004-A
2089,20260827,13,65,55,A,0.5,False,Stand By Inoperativo,20260827-LA ESTRELLA-XRD150U-004-A
2090,20260827,13,65,58,A,2.0,False,Stand By Inoperativo,20260827-LA ESTRELLA-XRD150U-004-A
2091,20260827,13,65,59,A,1.0,False,Stand By Inoperativo,20260827-LA ESTRELLA-XRD150U-004-A
2092,20260827,13,65,1,B,6.0,True,Tiempo Efectivo - Operativo,20260827-LA ESTRELLA-XRD150U-004-B
2093,20260827,13,65,6,B,1.0,False,Mantenimiento,20260827-LA ESTRELLA-XRD150U-004-B
2094,20260827,13,65,47,B,0.5,False,Stand By Inoperativo,20260827-LA ESTRELLA-XRD150U-004-B
2095,20260827,13,65,55,B,0.5,False,Stand By Inoperativo,20260827-LA ESTRELLA-XRD150U-004-B
2096,20260827,13,65,57,B,1.0,False,Stand By Inoperativo,20260827-LA ESTRELLA-XRD150U-004-B
2097,20260827,13,65,58,B,2.0,False,Stand By Inoperativo,20260827-LA ESTRELLA-XRD150U-004-B
2098,20260827,13,65,59,B,1.0,False,Stand By Inoperativo,20260827-LA ESTRELLA-XRD150U-004-B
2099,20260828,13,65,1,A,5.5,True,Tiempo Efectivo - Operativo,20260828-LA ESTRELLA-XRD150U-004-A
2100,20260828,13,65,9,A,1.0,True,Stand By Operativo,20260828-LA ESTRELLA-XRD150U-004-A
2101,20260828,13,65,16,A,1.0,True,Stand By Operativo,20260828-LA ESTRELLA-XRD150U-004-A
2102,20260828,13,65,47,A,1.0,False,Stand By Inoperativo,20260828-LA ESTRELLA-XRD150U-004-A
2103,20260828,13,65,55,A,0.5,False,Stand By Inoperativo,20260828-LA ESTRELLA-XRD150U-004-A
2104,20260828,13,65,58,A,2.0,False,Stand By Inoperativo,20260828-LA ESTRELLA-XRD150U-004-A
2105,20260828,13,65,59,A,1.0,False,Stand By Inoperativo,20260828-LA ESTRELLA-XRD150U-004-A
2106,20260828,13,65,1,B,5.5,True,Tiempo Efectivo - Operativo,20260828-LA ESTRELLA-XRD150U-004-B
2107,20260828,13,65,7,B,0.5,True,Stand By Operativo,20260828-LA ESTRELLA-XRD150U-004-B
2108,20260828,13,65,9,B,1.0,True,Stand By Operativo,20260828-LA ESTRELLA-XRD150U-004-B
2109,20260828,13,65,47,B,0.5,False,Stand By Inoperativo,20260828-LA ESTRELLA-XRD150U-004-B
2110,20260828,13,65,55,B,0.5,False,Stand By Inoperativo,20260828-LA ESTRELLA-XRD150U-004-B
2111,20260828,13,65,57,B,1.0,False,Stand By Inoperativo,20260828-LA ESTRELLA-XRD150U-004-B
2112,20260828,13,65,58,B,2.0,False,Stand By Inoperativo,20260828-LA ESTRELLA-XRD150U-004-B
2113,20260828,13,65,59,B,1.0,False,Stand By Inoperativo,20260828-LA ESTRELLA-XRD150U-004-B
2114,20260829,13,65,1,A,8.0,True,Tiempo Efectivo - Operativo,20260829-LA ESTRELLA-XRD150U-004-A
2115,20260829,13,65,47,A,0.5,False,Stand By Inoperativo,20260829-LA ESTRELLA-XRD150U-004-A
2116,20260829,13,65,55,A,0.5,False,Stand By Inoperativo,20260829-LA ESTRELLA-XRD150U-004-A
2117,20260829,13,65,58,A,2.0,False,Stand By Inoperativo,20260829-LA ESTRELLA-XRD150U-004-A
2118,20260829,13,65,59,A,1.0,False,Stand By Inoperativo,20260829-LA ESTRELLA-XRD150U-004-A
2119,20260829,13,65,1,B,2.0,True,Tiempo Efectivo - Operativo,20260829-LA ESTRELLA-XRD150U-004-B
2120,20260829,13,65,10,B,2.0,True,Stand By Operativo,20260829-LA ESTRELLA-XRD150U-004-B
2121,20260829,13,65,47,B,0.5,False,Stand By Inoperativo,20260829-LA ESTRELLA-XRD150U-004-B
2122,20260829,13,65,55,B,0.5,False,Stand By Inoperativo,20260829-LA ESTRELLA-XRD150U-004-B
2123,20260829,13,65,56,B,3.0,False,Stand By Inoperativo,20260829-LA ESTRELLA-XRD150U-004-B
2124,20260829,13,65,57,B,1.0,False,Stand By Inoperativo,20260829-LA ESTRELLA-XRD150U-004-B
2125,20260829,13,65,58,B,2.0,False,Stand By Inoperativo,20260829-LA ESTRELLA-XRD150U-004-B
2126,20260829,13,65,59,B,1.0,False,Stand By Inoperativo,20260829-LA ESTRELLA-XRD150U-004-B
2127,20260830,13,65,1,A,8.0,True,Tiempo Efectivo - Operativo,20260830-LA ESTRELLA-XRD150U-004-A
2128,20260830,13,65,47,A,0.5,False,Stand By Inoperativo,20260830-LA ESTRELLA-XRD150U-004-A
2129,20260830,13,65,55,A,0.5,False,Stand By Inoperativo,20260830-LA ESTRELLA-XRD150U-004-A
2130,20260830,13,65,58,A,2.0,False,Stand By Inoperativo,20260830-LA ESTRELLA-XRD150U-004-A
2131,20260830,13,65,59,A,1.0,False,Stand By Inoperativo,20260830-LA ESTRELLA-XRD150U-004-A
2132,20260830,13,65,1,B,5.0,True,Tiempo Efectivo - Operativo,20260830-LA ESTRELLA-XRD150U-004-B
2133,20260830,13,65,10,B,1.0,True,Stand By Operativo,20260830-LA ESTRELLA-XRD150U-004-B
2134,20260830,13,65,15,B,2.0,True,Stand By Operativo,20260830-LA ESTRELLA-XRD150U-004-B
2135,20260830,13,65,47,B,0.5,False,Stand By Inoperativo,20260830-LA ESTRELLA-XRD150U-004-B
2136,20260830,13,65,55,B,0.5,False,Stand By Inoperativo,20260830-LA ESTRELLA-XRD150U-004-B
2137,20260830,13,65,58,B,2.0,False,Stand By Inoperativo,20260830-LA ESTRELLA-XRD150U-004-B
2138,20260830,13,65,59,B,1.0,False,Stand By Inoperativo,20260830-LA ESTRELLA-XRD150U-004-B
2139,20260831,13,65,1,A,5.0,True,Tiempo Efectivo - Operativo,20260831-LA ESTRELLA-XRD150U-004-A
2140,20260831,13,65,6,A,2.0,False,Mantenimiento,20260831-LA ESTRELLA-XRD150U-004-A
2141,20260831,13,65,47,A,1.5,False,Stand By Inoperativo,20260831-LA ESTRELLA-XRD150U-004-A
2142,20260831,13,65,55,A,0.5,False,Stand By Inoperativo,20260831-LA ESTRELLA-XRD150U-004-A
2143,20260831,13,65,58,A,2.0,False,Stand By Inoperativo,20260831-LA ESTRELLA-XRD150U-004-A
2144,20260831,13,65,59,A,1.0,False,Stand By Inoperativo,20260831-LA ESTRELLA-XRD150U-004-A
2145,20260831,13,65,1,B,4.0,True,Tiempo Efectivo - Operativo,20260831-LA ESTRELLA-XRD150U-004-B
2146,20260831,13,65,6,B,1.0,False,Mantenimiento,20260831-LA ESTRELLA-XRD150U-004-B
2147,20260831,13,65,47,B,0.5,False,Stand By Inoperativo,20260831-LA ESTRELLA-XRD150U-004-B
2148,20260831,13,65,55,B,0.5,False,Stand By Inoperativo,20260831-LA ESTRELLA-XRD150U-004-B
2149,20260831,13,65,58,B,2.0,False,Stand By Inoperativo,20260831-LA ESTRELLA-XRD150U-004-B
2150,20260831,13,65,59,B,1.0,False,Stand By Inoperativo,20260831-LA ESTRELLA-XRD150U-004-B
2151,20260831,13,65,68,B,3.0,True,Stand By Cliente,20260831-LA ESTRELLA-XRD150U-004-B
2152,20260826,13,66,1,A,3.0,True,Tiempo Efectivo - Operativo,20260826-LA ESTRELLA-XRD150U-006-A
2153,20260826,13,66,9,A,1.0,True,Stand By Operativo,20260826-LA ESTRELLA-XRD150U-006-A
2154,20260826,13,66,47,A,0.5,False,Stand By Inoperativo,20260826-LA ESTRELLA-XRD150U-006-A
2155,20260826,13,66,55,A,4.5,False,Stand By Inoperativo,20260826-LA ESTRELLA-XRD150U-006-A
2156,20260826,13,66,58,A,2.0,False,Stand By Inoperativo,20260826-LA ESTRELLA-XRD150U-006-A
2157,20260826,13,66,59,A,1.0,False,Stand By Inoperativo,20260826-LA ESTRELLA-XRD150U-006-A
2158,20260826,13,66,1,B,5.0,True,Tiempo Efectivo - Operativo,20260826-LA ESTRELLA-XRD150U-006-B
2159,20260826,13,66,47,B,0.5,False,Stand By Inoperativo,20260826-LA ESTRELLA-XRD150U-006-B
2160,20260826,13,66,55,B,3.5,False,Stand By Inoperativo,20260826-LA ESTRELLA-XRD150U-006-B
2161,20260826,13,66,58,B,2.0,False,Stand By Inoperativo,20260826-LA ESTRELLA-XRD150U-006-B
2162,20260826,13,66,59,B,1.0,False,Stand By Inoperativo,20260826-LA ESTRELLA-XRD150U-006-B
2163,20260827,13,66,1,A,6.0,True,Tiempo Efectivo - Operativo,20260827-LA ESTRELLA-XRD150U-006-A
2164,20260827,13,66,16,A,1.0,True,Stand By Operativo,20260827-LA ESTRELLA-XRD150U-006-A
2165,20260827,13,66,47,A,0.5,False,Stand By Inoperativo,20260827-LA ESTRELLA-XRD150U-006-A
2166,20260827,13,66,55,A,0.5,False,Stand By Inoperativo,20260827-LA ESTRELLA-XRD150U-006-A
2167,20260827,13,66,58,A,2.0,False,Stand By Inoperativo,20260827-LA ESTRELLA-XRD150U-006-A
2168,20260827,13,66,59,A,1.0,False,Stand By Inoperativo,20260827-LA ESTRELLA-XRD150U-006-A
2169,20260827,13,66,77,A,1.0,True,Stand By Cliente,20260827-LA ESTRELLA-XRD150U-006-A
2170,20260827,13,66,1,B,2.0,True,Tiempo Efectivo - Operativo,20260827-LA ESTRELLA-XRD150U-006-B
2171,20260827,13,66,9,B,1.0,True,Stand By Operativo,20260827-LA ESTRELLA-XRD150U-006-B
2172,20260827,13,66,16,B,1.0,True,Stand By Operativo,20260827-LA ESTRELLA-XRD150U-006-B
2173,20260827,13,66,47,B,0.5,False,Stand By Inoperativo,20260827-LA ESTRELLA-XRD150U-006-B
2174,20260827,13,66,52,B,4.0,False,Stand By Inoperativo,20260827-LA ESTRELLA-XRD150U-006-B
2175,20260827,13,66,55,B,0.5,False,Stand By Inoperativo,20260827-LA ESTRELLA-XRD150U-006-B
2176,20260827,13,66,58,B,2.0,False,Stand By Inoperativo,20260827-LA ESTRELLA-XRD150U-006-B
2177,20260827,13,66,59,B,1.0,False,Stand By Inoperativo,20260827-LA ESTRELLA-XRD150U-006-B
2178,20260828,13,66,1,A,5.0,True,Tiempo Efectivo - Operativo,20260828-LA ESTRELLA-XRD150U-006-A
2179,20260828,13,66,20,A,1.0,True,Stand By Operativo,20260828-LA ESTRELLA-XRD150U-006-A
2180,20260828,13,66,47,A,0.5,False,Stand By Inoperativo,20260828-LA ESTRELLA-XRD150U-006-A
2181,20260828,13,66,52,A,2.0,False,Stand By Inoperativo,20260828-LA ESTRELLA-XRD150U-006-A
2182,20260828,13,66,55,A,0.5,False,Stand By Inoperativo,20260828-LA ESTRELLA-XRD150U-006-A
2183,20260828,13,66,58,A,2.0,False,Stand By Inoperativo,20260828-LA ESTRELLA-XRD150U-006-A
2184,20260828,13,66,59,A,1.0,False,Stand By Inoperativo,20260828-LA ESTRELLA-XRD150U-006-A
2185,20260828,13,66,1,B,6.0,True,Tiempo Efectivo - Operativo,20260828-LA ESTRELLA-XRD150U-006-B
2186,20260828,13,66,10,B,1.0,True,Stand By Operativo,20260828-LA ESTRELLA-XRD150U-006-B
2187,20260828,13,66,16,B,1.0,True,Stand By Operativo,20260828-LA ESTRELLA-XRD150U-006-B
2188,20260828,13,66,47,B,0.5,False,Stand By Inoperativo,20260828-LA ESTRELLA-XRD150U-006-B
2189,20260828,13,66,55,B,0.5,False,Stand By Inoperativo,20260828-LA ESTRELLA-XRD150U-006-B
2190,20260828,13,66,58,B,2.0,False,Stand By Inoperativo,20260828-LA ESTRELLA-XRD150U-006-B
2191,20260828,13,66,59,B,1.0,False,Stand By Inoperativo,20260828-LA ESTRELLA-XRD150U-006-B
2192,20260829,13,66,1,A,6.0,True,Tiempo Efectivo - Operativo,20260829-LA ESTRELLA-XRD150U-006-A
2193,20260829,13,66,10,A,1.5,True,Stand By Operativo,20260829-LA ESTRELLA-XRD150U-006-A
2194,20260829,13,66,47,A,0.5,False,Stand By Inoperativo,20260829-LA ESTRELLA-XRD150U-006-A
2195,20260829,13,66,55,A,0.5,False,Stand By Inoperativo,20260829-LA ESTRELLA-XRD150U-006-A
2196,20260829,13,66,58,A,2.0,False,Stand By Inoperativo,20260829-LA ESTRELLA-XRD150U-006-A
2197,20260829,13,66,59,A,1.0,False,Stand By Inoperativo,20260829-LA ESTRELLA-XRD150U-006-A
2198,20260829,13,66,78,A,0.5,True,Stand By Cliente,20260829-LA ESTRELLA-XRD150U-006-A
2199,20260829,13,66,1,B,2.0,True,Tiempo Efectivo - Operativo,20260829-LA ESTRELLA-XRD150U-006-B
2200,20260829,13,66,10,B,2.0,True,Stand By Operativo,20260829-LA ESTRELLA-XRD150U-006-B
2201,20260829,13,66,47,B,0.5,False,Stand By Inoperativo,20260829-LA ESTRELLA-XRD150U-006-B
2202,20260829,13,66,55,B,0.5,False,Stand By Inoperativo,20260829-LA ESTRELLA-XRD150U-006-B
2203,20260829,13,66,56,B,4.0,False,Stand By Inoperativo,20260829-LA ESTRELLA-XRD150U-006-B
2204,20260829,13,66,58,B,2.0,False,Stand By Inoperativo,20260829-LA ESTRELLA-XRD150U-006-B
2205,20260829,13,66,59,B,1.0,False,Stand By Inoperativo,20260829-LA ESTRELLA-XRD150U-006-B
2206,20260830,13,66,1,A,7.0,True,Tiempo Efectivo - Operativo,20260830-LA ESTRELLA-XRD150U-006-A
2207,20260830,13,66,16,A,1.0,True,Stand By Operativo,20260830-LA ESTRELLA-XRD150U-006-A
2208,20260830,13,66,47,A,0.5,False,Stand By Inoperativo,20260830-LA ESTRELLA-XRD150U-006-A
2209,20260830,13,66,55,A,0.5,False,Stand By Inoperativo,20260830-LA ESTRELLA-XRD150U-006-A
2210,20260830,13,66,58,A,2.0,False,Stand By Inoperativo,20260830-LA ESTRELLA-XRD150U-006-A
2211,20260830,13,66,59,A,1.0,False,Stand By Inoperativo,20260830-LA ESTRELLA-XRD150U-006-A
2212,20260830,13,66,1,B,5.0,True,Tiempo Efectivo - Operativo,20260830-LA ESTRELLA-XRD150U-006-B
2213,20260830,13,66,47,B,0.5,False,Stand By Inoperativo,20260830-LA ESTRELLA-XRD150U-006-B
2214,20260830,13,66,55,B,0.5,False,Stand By Inoperativo,20260830-LA ESTRELLA-XRD150U-006-B
2215,20260830,13,66,58,B,2.0,False,Stand By Inoperativo,20260830-LA ESTRELLA-XRD150U-006-B
2216,20260830,13,66,59,B,1.0,False,Stand By Inoperativo,20260830-LA ESTRELLA-XRD150U-006-B
2217,20260830,13,66,68,B,3.0,True,Stand By Cliente,20260830-LA ESTRELLA-XRD150U-006-B
2218,20260831,13,66,1,A,4.0,True,Tiempo Efectivo - Operativo,20260831-LA ESTRELLA-XRD150U-006-A
2219,20260831,13,66,47,A,1.5,False,Stand By Inoperativo,20260831-LA ESTRELLA-XRD150U-006-A
2220,20260831,13,66,55,A,0.5,False,Stand By Inoperativo,20260831-LA ESTRELLA-XRD150U-006-A
2221,20260831,13,66,58,A,2.0,False,Stand By Inoperativo,20260831-LA ESTRELLA-XRD150U-006-A
2222,20260831,13,66,59,A,1.0,False,Stand By Inoperativo,20260831-LA ESTRELLA-XRD150U-006-A
2223,20260831,13,66,68,A,3.0,True,Stand By Cliente,20260831-LA ESTRELLA-XRD150U-006-A
2224,20260831,13,66,1,B,3.0,True,Tiempo Efectivo - Operativo,20260831-LA ESTRELLA-XRD150U-006-B
2225,20260831,13,66,6,B,1.0,False,Mantenimiento,20260831-LA ESTRELLA-XRD150U-006-B
2226,20260831,13,66,9,B,2.0,True,Stand By Operativo,20260831-LA ESTRELLA-XRD150U-006-B
2227,20260831,13,66,10,B,2.0,True,Stand By Operativo,20260831-LA ESTRELLA-XRD150U-006-B
2228,20260831,13,66,47,B,0.5,False,Stand By Inoperativo,20260831-LA ESTRELLA-XRD150U-006-B
2229,20260831,13,66,55,B,0.5,False,Stand By Inoperativo,20260831-LA ESTRELLA-XRD150U-006-B
2230,20260831,13,66,58,B,2.0,False,Stand By Inoperativo,20260831-LA ESTRELLA-XRD150U-006-B
2231,20260831,13,66,59,B,1.0,False,Stand By Inoperativo,20260831-LA ESTRELLA-XRD150U-006-B
2232,20260826,15,73,1,A,2.5,True,Tiempo Efectivo - Operativo,20260826-RAURA-XRD90USS-004-A
2233,20260826,15,73,6,A,3.0,False,Mantenimiento,20260826-RAURA-XRD90USS-004-A
2234,20260826,15,73,8,A,0.5,True,Stand By Operativo,20260826-RAURA-XRD90USS-004-A
2235,20260826,15,73,9,A,0.5,True,Stand By Operativo,20260826-RAURA-XRD90USS-004-A
2236,20260826,15,73,16,A,0.5,True,Stand By Operativo,20260826-RAURA-XRD90USS-004-A
2237,20260826,15,73,47,A,1.0,False,Stand By Inoperativo,20260826-RAURA-XRD90USS-004-A
2238,20260826,15,73,55,A,1.0,False,Stand By Inoperativo,20260826-RAURA-XRD90USS-004-A
2239,20260826,15,73,58,A,2.0,False,Stand By Inoperativo,20260826-RAURA-XRD90USS-004-A
2240,20260826,15,73,59,A,1.0,False,Stand By Inoperativo,20260826-RAURA-XRD90USS-004-A
2241,20260826,15,73,1,B,3.5,True,Tiempo Efectivo - Operativo,20260826-RAURA-XRD90USS-004-B
2242,20260826,15,73,5,B,0.5,False,Mantenimiento,20260826-RAURA-XRD90USS-004-B
2243,20260826,15,73,8,B,0.5,True,Stand By Operativo,20260826-RAURA-XRD90USS-004-B
2244,20260826,15,73,20,B,1.0,True,Stand By Operativo,20260826-RAURA-XRD90USS-004-B
2245,20260826,15,73,47,B,0.5,False,Stand By Inoperativo,20260826-RAURA-XRD90USS-004-B
2246,20260826,15,73,48,B,0.5,False,Stand By Inoperativo,20260826-RAURA-XRD90USS-004-B
2247,20260826,15,73,50,B,0.5,False,Stand By Inoperativo,20260826-RAURA-XRD90USS-004-B
2248,20260826,15,73,52,B,1.0,False,Stand By Inoperativo,20260826-RAURA-XRD90USS-004-B
2249,20260826,15,73,55,B,1.0,False,Stand By Inoperativo,20260826-RAURA-XRD90USS-004-B
2250,20260826,15,73,58,B,2.0,False,Stand By Inoperativo,20260826-RAURA-XRD90USS-004-B
2251,20260826,15,73,59,B,1.0,False,Stand By Inoperativo,20260826-RAURA-XRD90USS-004-B
2252,20260827,15,73,1,A,4.0,True,Tiempo Efectivo - Operativo,20260827-RAURA-XRD90USS-004-A
2253,20260827,15,73,5,A,0.5,False,Mantenimiento,20260827-RAURA-XRD90USS-004-A
2254,20260827,15,73,8,A,0.5,True,Stand By Operativo,20260827-RAURA-XRD90USS-004-A
2255,20260827,15,73,47,A,1.0,False,Stand By Inoperativo,20260827-RAURA-XRD90USS-004-A
2256,20260827,15,73,48,A,1.0,False,Stand By Inoperativo,20260827-RAURA-XRD90USS-004-A
2257,20260827,15,73,51,A,1.0,False,Stand By Inoperativo,20260827-RAURA-XRD90USS-004-A
2258,20260827,15,73,55,A,1.0,False,Stand By Inoperativo,20260827-RAURA-XRD90USS-004-A
2259,20260827,15,73,58,A,2.0,False,Stand By Inoperativo,20260827-RAURA-XRD90USS-004-A
2260,20260827,15,73,59,A,1.0,False,Stand By Inoperativo,20260827-RAURA-XRD90USS-004-A
2261,20260827,15,73,1,B,6.0,True,Tiempo Efectivo - Operativo,20260827-RAURA-XRD90USS-004-B
2262,20260827,15,73,5,B,0.5,False,Mantenimiento,20260827-RAURA-XRD90USS-004-B
2263,20260827,15,73,8,B,0.5,True,Stand By Operativo,20260827-RAURA-XRD90USS-004-B
2264,20260827,15,73,47,B,0.5,False,Stand By Inoperativo,20260827-RAURA-XRD90USS-004-B
2265,20260827,15,73,48,B,0.5,False,Stand By Inoperativo,20260827-RAURA-XRD90USS-004-B
2266,20260827,15,73,55,B,1.0,False,Stand By Inoperativo,20260827-RAURA-XRD90USS-004-B
2267,20260827,15,73,58,B,2.0,False,Stand By Inoperativo,20260827-RAURA-XRD90USS-004-B
2268,20260827,15,73,59,B,1.0,False,Stand By Inoperativo,20260827-RAURA-XRD90USS-004-B
2269,20260828,15,73,1,A,5.0,True,Tiempo Efectivo - Operativo,20260828-RAURA-XRD90USS-004-A
2270,20260828,15,73,5,A,0.5,False,Mantenimiento,20260828-RAURA-XRD90USS-004-A
2271,20260828,15,73,8,A,0.5,True,Stand By Operativo,20260828-RAURA-XRD90USS-004-A
2272,20260828,15,73,47,A,1.0,False,Stand By Inoperativo,20260828-RAURA-XRD90USS-004-A
2273,20260828,15,73,48,A,1.0,False,Stand By Inoperativo,20260828-RAURA-XRD90USS-004-A
2274,20260828,15,73,55,A,1.0,False,Stand By Inoperativo,20260828-RAURA-XRD90USS-004-A
2275,20260828,15,73,58,A,2.0,False,Stand By Inoperativo,20260828-RAURA-XRD90USS-004-A
2276,20260828,15,73,59,A,1.0,False,Stand By Inoperativo,20260828-RAURA-XRD90USS-004-A
2277,20260828,15,73,1,B,2.0,True,Tiempo Efectivo - Operativo,20260828-RAURA-XRD90USS-004-B
2278,20260828,15,73,5,B,0.5,False,Mantenimiento,20260828-RAURA-XRD90USS-004-B
2279,20260828,15,73,9,B,0.5,True,Stand By Operativo,20260828-RAURA-XRD90USS-004-B
2280,20260828,15,73,16,B,0.5,True,Stand By Operativo,20260828-RAURA-XRD90USS-004-B
2281,20260828,15,73,21,B,1.0,True,Stand By Operativo,20260828-RAURA-XRD90USS-004-B
2282,20260828,15,73,47,B,0.5,False,Stand By Inoperativo,20260828-RAURA-XRD90USS-004-B
2283,20260828,15,73,48,B,0.5,False,Stand By Inoperativo,20260828-RAURA-XRD90USS-004-B
2284,20260828,15,73,52,B,0.5,False,Stand By Inoperativo,20260828-RAURA-XRD90USS-004-B
2285,20260828,15,73,55,B,1.0,False,Stand By Inoperativo,20260828-RAURA-XRD90USS-004-B
2286,20260828,15,73,57,B,1.0,False,Stand By Inoperativo,20260828-RAURA-XRD90USS-004-B
2287,20260828,15,73,58,B,2.0,False,Stand By Inoperativo,20260828-RAURA-XRD90USS-004-B
2288,20260828,15,73,59,B,1.0,False,Stand By Inoperativo,20260828-RAURA-XRD90USS-004-B
2289,20260828,15,73,69,B,1.0,True,Stand By Cliente,20260828-RAURA-XRD90USS-004-B
2290,20260829,15,73,1,A,5.0,True,Tiempo Efectivo - Operativo,20260829-RAURA-XRD90USS-004-A
2291,20260829,15,73,6,A,1.0,False,Mantenimiento,20260829-RAURA-XRD90USS-004-A
2292,20260829,15,73,8,A,0.5,True,Stand By Operativo,20260829-RAURA-XRD90USS-004-A
2293,20260829,15,73,47,A,1.0,False,Stand By Inoperativo,20260829-RAURA-XRD90USS-004-A
2294,20260829,15,73,48,A,0.5,False,Stand By Inoperativo,20260829-RAURA-XRD90USS-004-A
2295,20260829,15,73,55,A,1.0,False,Stand By Inoperativo,20260829-RAURA-XRD90USS-004-A
2296,20260829,15,73,58,A,2.0,False,Stand By Inoperativo,20260829-RAURA-XRD90USS-004-A
2297,20260829,15,73,59,A,1.0,False,Stand By Inoperativo,20260829-RAURA-XRD90USS-004-A
2298,20260829,15,73,1,B,5.5,True,Tiempo Efectivo - Operativo,20260829-RAURA-XRD90USS-004-B
2299,20260829,15,73,5,B,0.5,False,Mantenimiento,20260829-RAURA-XRD90USS-004-B
2300,20260829,15,73,7,B,0.5,True,Stand By Operativo,20260829-RAURA-XRD90USS-004-B
2301,20260829,15,73,8,B,0.5,True,Stand By Operativo,20260829-RAURA-XRD90USS-004-B
2302,20260829,15,73,47,B,0.5,False,Stand By Inoperativo,20260829-RAURA-XRD90USS-004-B
2303,20260829,15,73,48,B,0.5,False,Stand By Inoperativo,20260829-RAURA-XRD90USS-004-B
2304,20260829,15,73,55,B,1.0,False,Stand By Inoperativo,20260829-RAURA-XRD90USS-004-B
2305,20260829,15,73,58,B,2.0,False,Stand By Inoperativo,20260829-RAURA-XRD90USS-004-B
2306,20260829,15,73,59,B,1.0,False,Stand By Inoperativo,20260829-RAURA-XRD90USS-004-B
2307,20260830,15,73,1,A,6.0,True,Tiempo Efectivo - Operativo,20260830-RAURA-XRD90USS-004-A
2308,20260830,15,73,5,A,0.5,False,Mantenimiento,20260830-RAURA-XRD90USS-004-A
2309,20260830,15,73,47,A,1.0,False,Stand By Inoperativo,20260830-RAURA-XRD90USS-004-A
2310,20260830,15,73,48,A,0.5,False,Stand By Inoperativo,20260830-RAURA-XRD90USS-004-A
2311,20260830,15,73,55,A,1.0,False,Stand By Inoperativo,20260830-RAURA-XRD90USS-004-A
2312,20260830,15,73,58,A,2.0,False,Stand By Inoperativo,20260830-RAURA-XRD90USS-004-A
2313,20260830,15,73,59,A,1.0,False,Stand By Inoperativo,20260830-RAURA-XRD90USS-004-A
2314,20260830,15,73,1,B,4.0,True,Tiempo Efectivo - Operativo,20260830-RAURA-XRD90USS-004-B
2315,20260830,15,73,5,B,0.5,False,Mantenimiento,20260830-RAURA-XRD90USS-004-B
2316,20260830,15,73,9,B,0.5,True,Stand By Operativo,20260830-RAURA-XRD90USS-004-B
2317,20260830,15,73,16,B,0.5,True,Stand By Operativo,20260830-RAURA-XRD90USS-004-B
2318,20260830,15,73,47,B,0.5,False,Stand By Inoperativo,20260830-RAURA-XRD90USS-004-B
2319,20260830,15,73,48,B,0.5,False,Stand By Inoperativo,20260830-RAURA-XRD90USS-004-B
2320,20260830,15,73,52,B,1.5,False,Stand By Inoperativo,20260830-RAURA-XRD90USS-004-B
2321,20260830,15,73,55,B,1.0,False,Stand By Inoperativo,20260830-RAURA-XRD90USS-004-B
2322,20260830,15,73,58,B,2.0,False,Stand By Inoperativo,20260830-RAURA-XRD90USS-004-B
2323,20260830,15,73,59,B,1.0,False,Stand By Inoperativo,20260830-RAURA-XRD90USS-004-B
2324,20260831,15,73,47,A,1.0,False,Stand By Inoperativo,20260831-RAURA-XRD90USS-004-A
2325,20260831,15,73,48,A,0.5,False,Stand By Inoperativo,20260831-RAURA-XRD90USS-004-A
2326,20260831,15,73,50,A,2.0,False,Stand By Inoperativo,20260831-RAURA-XRD90USS-004-A
2327,20260831,15,73,55,A,1.5,False,Stand By Inoperativo,20260831-RAURA-XRD90USS-004-A
2328,20260831,15,73,58,A,2.0,False,Stand By Inoperativo,20260831-RAURA-XRD90USS-004-A
2329,20260831,15,73,59,A,1.0,False,Stand By Inoperativo,20260831-RAURA-XRD90USS-004-A
2330,20260831,15,73,61,A,4.0,False,Stand By Inoperativo,20260831-RAURA-XRD90USS-004-A
2331,20260831,15,73,1,B,4.0,True,Tiempo Efectivo - Operativo,20260831-RAURA-XRD90USS-004-B
2332,20260831,15,73,5,B,0.5,False,Mantenimiento,20260831-RAURA-XRD90USS-004-B
2333,20260831,15,73,7,B,0.5,True,Stand By Operativo,20260831-RAURA-XRD90USS-004-B
2334,20260831,15,73,8,B,0.5,True,Stand By Operativo,20260831-RAURA-XRD90USS-004-B
2335,20260831,15,73,20,B,1.0,True,Stand By Operativo,20260831-RAURA-XRD90USS-004-B
2336,20260831,15,73,47,B,0.5,False,Stand By Inoperativo,20260831-RAURA-XRD90USS-004-B
2337,20260831,15,73,48,B,0.5,False,Stand By Inoperativo,20260831-RAURA-XRD90USS-004-B
2338,20260831,15,73,50,B,0.5,False,Stand By Inoperativo,20260831-RAURA-XRD90USS-004-B
2339,20260831,15,73,58,B,2.0,False,Stand By Inoperativo,20260831-RAURA-XRD90USS-004-B
2340,20260831,15,73,59,B,1.0,False,Stand By Inoperativo,20260831-RAURA-XRD90USS-004-B
2341,20260831,15,73,82,B,1.0,True,Stand By Cliente,20260831-RAURA-XRD90USS-004-B
2342,20260826,15,72,1,A,5.0,True,Tiempo Efectivo - Operativo,20260826-RAURA-XRD90USS-001-A
2343,20260826,15,72,5,A,0.5,False,Mantenimiento,20260826-RAURA-XRD90USS-001-A
2344,20260826,15,72,8,A,0.5,True,Stand By Operativo,20260826-RAURA-XRD90USS-001-A
2345,20260826,15,72,9,A,0.5,True,Stand By Operativo,20260826-RAURA-XRD90USS-001-A
2346,20260826,15,72,47,A,0.5,False,Stand By Inoperativo,20260826-RAURA-XRD90USS-001-A
2347,20260826,15,72,55,A,1.0,False,Stand By Inoperativo,20260826-RAURA-XRD90USS-001-A
2348,20260826,15,72,58,A,2.0,False,Stand By Inoperativo,20260826-RAURA-XRD90USS-001-A
2349,20260826,15,72,59,A,1.0,False,Stand By Inoperativo,20260826-RAURA-XRD90USS-001-A
2350,20260826,15,72,68,A,1.0,True,Stand By Cliente,20260826-RAURA-XRD90USS-001-A
2351,20260826,15,72,55,B,1.0,False,Stand By Inoperativo,20260826-RAURA-XRD90USS-001-B
2352,20260826,15,72,58,B,2.0,False,Stand By Inoperativo,20260826-RAURA-XRD90USS-001-B
2353,20260826,15,72,59,B,1.0,False,Stand By Inoperativo,20260826-RAURA-XRD90USS-001-B
2354,20260826,15,72,60,B,8.0,False,Stand By Inoperativo,20260826-RAURA-XRD90USS-001-B
2355,20260827,15,72,1,A,4.0,True,Tiempo Efectivo - Operativo,20260827-RAURA-XRD90USS-001-A
2356,20260827,15,72,5,A,0.5,False,Mantenimiento,20260827-RAURA-XRD90USS-001-A
2357,20260827,15,72,8,A,0.5,True,Stand By Operativo,20260827-RAURA-XRD90USS-001-A
2358,20260827,15,72,9,A,0.5,True,Stand By Operativo,20260827-RAURA-XRD90USS-001-A
2359,20260827,15,72,47,A,0.5,False,Stand By Inoperativo,20260827-RAURA-XRD90USS-001-A
2360,20260827,15,72,55,A,1.0,False,Stand By Inoperativo,20260827-RAURA-XRD90USS-001-A
2361,20260827,15,72,58,A,2.0,False,Stand By Inoperativo,20260827-RAURA-XRD90USS-001-A
2362,20260827,15,72,59,A,1.0,False,Stand By Inoperativo,20260827-RAURA-XRD90USS-001-A
2363,20260827,15,72,70,A,2.0,True,Stand By Cliente,20260827-RAURA-XRD90USS-001-A
2364,20260827,15,72,1,B,5.0,True,Tiempo Efectivo - Operativo,20260827-RAURA-XRD90USS-001-B
2365,20260827,15,72,5,B,0.5,False,Mantenimiento,20260827-RAURA-XRD90USS-001-B
2366,20260827,15,72,8,B,0.5,True,Stand By Operativo,20260827-RAURA-XRD90USS-001-B
2367,20260827,15,72,9,B,1.5,True,Stand By Operativo,20260827-RAURA-XRD90USS-001-B
2368,20260827,15,72,47,B,0.5,False,Stand By Inoperativo,20260827-RAURA-XRD90USS-001-B
2369,20260827,15,72,55,B,1.0,False,Stand By Inoperativo,20260827-RAURA-XRD90USS-001-B
2370,20260827,15,72,58,B,2.0,False,Stand By Inoperativo,20260827-RAURA-XRD90USS-001-B
2371,20260827,15,72,59,B,1.0,False,Stand By Inoperativo,20260827-RAURA-XRD90USS-001-B
2372,20260828,15,72,1,A,5.0,True,Tiempo Efectivo - Operativo,20260828-RAURA-XRD90USS-001-A
2373,20260828,15,72,5,A,0.5,False,Mantenimiento,20260828-RAURA-XRD90USS-001-A
2374,20260828,15,72,6,A,0.5,False,Mantenimiento,20260828-RAURA-XRD90USS-001-A
2375,20260828,15,72,7,A,0.5,True,Stand By Operativo,20260828-RAURA-XRD90USS-001-A
2376,20260828,15,72,9,A,0.5,True,Stand By Operativo,20260828-RAURA-XRD90USS-001-A
2377,20260828,15,72,47,A,0.5,False,Stand By Inoperativo,20260828-RAURA-XRD90USS-001-A
2378,20260828,15,72,48,A,0.5,False,Stand By Inoperativo,20260828-RAURA-XRD90USS-001-A
2379,20260828,15,72,55,A,1.0,False,Stand By Inoperativo,20260828-RAURA-XRD90USS-001-A
2380,20260828,15,72,58,A,2.0,False,Stand By Inoperativo,20260828-RAURA-XRD90USS-001-A
2381,20260828,15,72,59,A,1.0,False,Stand By Inoperativo,20260828-RAURA-XRD90USS-001-A
2382,20260828,15,72,1,B,1.5,True,Tiempo Efectivo - Operativo,20260828-RAURA-XRD90USS-001-B
2383,20260828,15,72,9,B,1.0,True,Stand By Operativo,20260828-RAURA-XRD90USS-001-B
2384,20260828,15,72,18,B,1.5,True,Stand By Operativo,20260828-RAURA-XRD90USS-001-B
2385,20260828,15,72,47,B,0.5,False,Stand By Inoperativo,20260828-RAURA-XRD90USS-001-B
2386,20260828,15,72,50,B,1.5,False,Stand By Inoperativo,20260828-RAURA-XRD90USS-001-B
2387,20260828,15,72,52,B,1.0,False,Stand By Inoperativo,20260828-RAURA-XRD90USS-001-B
2388,20260828,15,72,55,B,1.0,False,Stand By Inoperativo,20260828-RAURA-XRD90USS-001-B
2389,20260828,15,72,58,B,2.0,False,Stand By Inoperativo,20260828-RAURA-XRD90USS-001-B
2390,20260828,15,72,59,B,1.0,False,Stand By Inoperativo,20260828-RAURA-XRD90USS-001-B
2391,20260828,15,72,70,B,1.0,True,Stand By Cliente,20260828-RAURA-XRD90USS-001-B
2392,20260829,15,72,1,A,1.5,True,Tiempo Efectivo - Operativo,20260829-RAURA-XRD90USS-001-A
2393,20260829,15,72,5,A,0.5,False,Mantenimiento,20260829-RAURA-XRD90USS-001-A
2394,20260829,15,72,9,A,0.5,True,Stand By Operativo,20260829-RAURA-XRD90USS-001-A
2395,20260829,15,72,11,A,2.5,True,Stand By Operativo,20260829-RAURA-XRD90USS-001-A
2396,20260829,15,72,20,A,2.0,True,Stand By Operativo,20260829-RAURA-XRD90USS-001-A
2397,20260829,15,72,47,A,0.5,False,Stand By Inoperativo,20260829-RAURA-XRD90USS-001-A
2398,20260829,15,72,50,A,0.5,False,Stand By Inoperativo,20260829-RAURA-XRD90USS-001-A
2399,20260829,15,72,55,A,1.0,False,Stand By Inoperativo,20260829-RAURA-XRD90USS-001-A
2400,20260829,15,72,58,A,2.0,False,Stand By Inoperativo,20260829-RAURA-XRD90USS-001-A
2401,20260829,15,72,59,A,1.0,False,Stand By Inoperativo,20260829-RAURA-XRD90USS-001-A
2402,20260829,15,72,1,B,3.5,True,Tiempo Efectivo - Operativo,20260829-RAURA-XRD90USS-001-B
2403,20260829,15,72,5,B,0.5,False,Mantenimiento,20260829-RAURA-XRD90USS-001-B
2404,20260829,15,72,8,B,0.5,True,Stand By Operativo,20260829-RAURA-XRD90USS-001-B
2405,20260829,15,72,48,B,0.5,False,Stand By Inoperativo,20260829-RAURA-XRD90USS-001-B
2406,20260829,15,72,55,B,1.0,False,Stand By Inoperativo,20260829-RAURA-XRD90USS-001-B
2407,20260829,15,72,56,B,3.0,False,Stand By Inoperativo,20260829-RAURA-XRD90USS-001-B
2408,20260829,15,72,58,B,2.0,False,Stand By Inoperativo,20260829-RAURA-XRD90USS-001-B
2409,20260829,15,72,59,B,1.0,False,Stand By Inoperativo,20260829-RAURA-XRD90USS-001-B
2410,20260830,15,72,5,A,3.5,False,Mantenimiento,20260830-RAURA-XRD90USS-001-A
2411,20260830,15,72,6,A,3.5,False,Mantenimiento,20260830-RAURA-XRD90USS-001-A
2412,20260830,15,72,47,A,0.5,False,Stand By Inoperativo,20260830-RAURA-XRD90USS-001-A
2413,20260830,15,72,48,A,0.5,False,Stand By Inoperativo,20260830-RAURA-XRD90USS-001-A
2414,20260830,15,72,55,A,1.0,False,Stand By Inoperativo,20260830-RAURA-XRD90USS-001-A
2415,20260830,15,72,58,A,2.0,False,Stand By Inoperativo,20260830-RAURA-XRD90USS-001-A
2416,20260830,15,72,59,A,1.0,False,Stand By Inoperativo,20260830-RAURA-XRD90USS-001-A
2417,20260830,15,72,1,B,4.0,True,Tiempo Efectivo - Operativo,20260830-RAURA-XRD90USS-001-B
2418,20260830,15,72,5,B,0.5,False,Mantenimiento,20260830-RAURA-XRD90USS-001-B
2419,20260830,15,72,7,B,0.5,True,Stand By Operativo,20260830-RAURA-XRD90USS-001-B
2420,20260830,15,72,8,B,1.0,True,Stand By Operativo,20260830-RAURA-XRD90USS-001-B
2421,20260830,15,72,9,B,1.0,True,Stand By Operativo,20260830-RAURA-XRD90USS-001-B
2422,20260830,15,72,47,B,0.5,False,Stand By Inoperativo,20260830-RAURA-XRD90USS-001-B
2423,20260830,15,72,48,B,0.5,False,Stand By Inoperativo,20260830-RAURA-XRD90USS-001-B
2424,20260830,15,72,55,B,1.0,False,Stand By Inoperativo,20260830-RAURA-XRD90USS-001-B
2425,20260830,15,72,58,B,2.0,False,Stand By Inoperativo,20260830-RAURA-XRD90USS-001-B
2426,20260830,15,72,59,B,1.0,False,Stand By Inoperativo,20260830-RAURA-XRD90USS-001-B
2427,20260831,15,72,1,A,3.5,True,Tiempo Efectivo - Operativo,20260831-RAURA-XRD90USS-001-A
2428,20260831,15,72,5,A,0.5,False,Mantenimiento,20260831-RAURA-XRD90USS-001-A
2429,20260831,15,72,55,A,1.0,False,Stand By Inoperativo,20260831-RAURA-XRD90USS-001-A
2430,20260831,15,72,58,A,2.0,False,Stand By Inoperativo,20260831-RAURA-XRD90USS-001-A
2431,20260831,15,72,59,A,1.0,False,Stand By Inoperativo,20260831-RAURA-XRD90USS-001-A
2432,20260831,15,72,61,A,4.0,False,Stand By Inoperativo,20260831-RAURA-XRD90USS-001-A
2433,20260831,15,72,1,B,5.5,True,Tiempo Efectivo - Operativo,20260831-RAURA-XRD90USS-001-B
2434,20260831,15,72,5,B,0.5,False,Mantenimiento,20260831-RAURA-XRD90USS-001-B
2435,20260831,15,72,7,B,0.5,True,Stand By Operativo,20260831-RAURA-XRD90USS-001-B
2436,20260831,15,72,8,B,0.5,True,Stand By Operativo,20260831-RAURA-XRD90USS-001-B
2437,20260831,15,72,47,B,0.5,False,Stand By Inoperativo,20260831-RAURA-XRD90USS-001-B
2438,20260831,15,72,48,B,0.5,False,Stand By Inoperativo,20260831-RAURA-XRD90USS-001-B
2439,20260831,15,72,55,B,1.0,False,Stand By Inoperativo,20260831-RAURA-XRD90USS-001-B
2440,20260831,15,72,58,B,2.0,False,Stand By Inoperativo,20260831-RAURA-XRD90USS-001-B
2441,20260831,15,72,59,B,1.0,False,Stand By Inoperativo,20260831-RAURA-XRD90USS-001-B
2442,20260826,15,71,5,A,0.5,False,Mantenimiento,20260826-RAURA-XRD150UBT-001-A
2443,20260826,15,71,6,A,1.0,False,Mantenimiento,20260826-RAURA-XRD150UBT-001-A
2444,20260826,15,71,9,A,1.0,True,Stand By Operativo,20260826-RAURA-XRD150UBT-001-A
2445,20260826,15,71,47,A,0.5,False,Stand By Inoperativo,20260826-RAURA-XRD150UBT-001-A
2446,20260826,15,71,50,A,3.0,False,Stand By Inoperativo,20260826-RAURA-XRD150UBT-001-A
2447,20260826,15,71,51,A,2.0,False,Stand By Inoperativo,20260826-RAURA-XRD150UBT-001-A
2448,20260826,15,71,52,A,0.5,False,Stand By Inoperativo,20260826-RAURA-XRD150UBT-001-A
2449,20260826,15,71,55,A,0.5,False,Stand By Inoperativo,20260826-RAURA-XRD150UBT-001-A
2450,20260826,15,71,58,A,2.0,False,Stand By Inoperativo,20260826-RAURA-XRD150UBT-001-A
2451,20260826,15,71,59,A,1.0,False,Stand By Inoperativo,20260826-RAURA-XRD150UBT-001-A
2452,20260826,15,71,5,B,0.5,False,Mantenimiento,20260826-RAURA-XRD150UBT-001-B
2453,20260826,15,71,18,B,2.0,True,Stand By Operativo,20260826-RAURA-XRD150UBT-001-B
2454,20260826,15,71,21,B,2.0,True,Stand By Operativo,20260826-RAURA-XRD150UBT-001-B
2455,20260826,15,71,23,B,1.0,True,Stand By Operativo,20260826-RAURA-XRD150UBT-001-B
2456,20260826,15,71,47,B,1.0,False,Stand By Inoperativo,20260826-RAURA-XRD150UBT-001-B
2457,20260826,15,71,50,B,1.5,False,Stand By Inoperativo,20260826-RAURA-XRD150UBT-001-B
2458,20260826,15,71,55,B,1.0,False,Stand By Inoperativo,20260826-RAURA-XRD150UBT-001-B
2459,20260826,15,71,58,B,2.0,False,Stand By Inoperativo,20260826-RAURA-XRD150UBT-001-B
2460,20260826,15,71,59,B,1.0,False,Stand By Inoperativo,20260826-RAURA-XRD150UBT-001-B
2461,20260827,15,71,1,A,5.5,True,Tiempo Efectivo - Operativo,20260827-RAURA-XRD150UBT-001-A
2462,20260827,15,71,5,A,0.5,False,Mantenimiento,20260827-RAURA-XRD150UBT-001-A
2463,20260827,15,71,9,A,0.5,True,Stand By Operativo,20260827-RAURA-XRD150UBT-001-A
2464,20260827,15,71,47,A,0.5,False,Stand By Inoperativo,20260827-RAURA-XRD150UBT-001-A
2465,20260827,15,71,48,A,0.5,False,Stand By Inoperativo,20260827-RAURA-XRD150UBT-001-A
2466,20260827,15,71,50,A,1.0,False,Stand By Inoperativo,20260827-RAURA-XRD150UBT-001-A
2467,20260827,15,71,55,A,0.5,False,Stand By Inoperativo,20260827-RAURA-XRD150UBT-001-A
2468,20260827,15,71,58,A,2.0,False,Stand By Inoperativo,20260827-RAURA-XRD150UBT-001-A
2469,20260827,15,71,59,A,1.0,False,Stand By Inoperativo,20260827-RAURA-XRD150UBT-001-A
2470,20260827,15,71,1,B,4.0,True,Tiempo Efectivo - Operativo,20260827-RAURA-XRD150UBT-001-B
2471,20260827,15,71,5,B,0.5,False,Mantenimiento,20260827-RAURA-XRD150UBT-001-B
2472,20260827,15,71,8,B,0.5,True,Stand By Operativo,20260827-RAURA-XRD150UBT-001-B
2473,20260827,15,71,47,B,0.5,False,Stand By Inoperativo,20260827-RAURA-XRD150UBT-001-B
2474,20260827,15,71,48,B,0.5,False,Stand By Inoperativo,20260827-RAURA-XRD150UBT-001-B
2475,20260827,15,71,55,B,1.0,False,Stand By Inoperativo,20260827-RAURA-XRD150UBT-001-B
2476,20260827,15,71,58,B,2.0,False,Stand By Inoperativo,20260827-RAURA-XRD150UBT-001-B
2477,20260827,15,71,59,B,1.0,False,Stand By Inoperativo,20260827-RAURA-XRD150UBT-001-B
2478,20260827,15,71,69,B,2.0,True,Stand By Cliente,20260827-RAURA-XRD150UBT-001-B
2479,20260828,15,71,1,A,5.0,True,Tiempo Efectivo - Operativo,20260828-RAURA-XRD150UBT-001-A
2480,20260828,15,71,5,A,0.5,False,Mantenimiento,20260828-RAURA-XRD150UBT-001-A
2481,20260828,15,71,8,A,0.5,True,Stand By Operativo,20260828-RAURA-XRD150UBT-001-A
2482,20260828,15,71,9,A,1.0,True,Stand By Operativo,20260828-RAURA-XRD150UBT-001-A
2483,20260828,15,71,47,A,0.5,False,Stand By Inoperativo,20260828-RAURA-XRD150UBT-001-A
2484,20260828,15,71,48,A,0.5,False,Stand By Inoperativo,20260828-RAURA-XRD150UBT-001-A
2485,20260828,15,71,55,A,0.5,False,Stand By Inoperativo,20260828-RAURA-XRD150UBT-001-A
2486,20260828,15,71,58,A,2.0,False,Stand By Inoperativo,20260828-RAURA-XRD150UBT-001-A
2487,20260828,15,71,59,A,1.0,False,Stand By Inoperativo,20260828-RAURA-XRD150UBT-001-A
2488,20260828,15,71,69,A,0.5,True,Stand By Cliente,20260828-RAURA-XRD150UBT-001-A
2489,20260828,15,71,1,B,4.5,True,Tiempo Efectivo - Operativo,20260828-RAURA-XRD150UBT-001-B
2490,20260828,15,71,5,B,0.5,False,Mantenimiento,20260828-RAURA-XRD150UBT-001-B
2491,20260828,15,71,7,B,0.5,True,Stand By Operativo,20260828-RAURA-XRD150UBT-001-B
2492,20260828,15,71,8,B,0.5,True,Stand By Operativo,20260828-RAURA-XRD150UBT-001-B
2493,20260828,15,71,9,B,1.0,True,Stand By Operativo,20260828-RAURA-XRD150UBT-001-B
2494,20260828,15,71,47,B,0.5,False,Stand By Inoperativo,20260828-RAURA-XRD150UBT-001-B
2495,20260828,15,71,48,B,0.5,False,Stand By Inoperativo,20260828-RAURA-XRD150UBT-001-B
2496,20260828,15,71,55,B,1.0,False,Stand By Inoperativo,20260828-RAURA-XRD150UBT-001-B
2497,20260828,15,71,58,B,2.0,False,Stand By Inoperativo,20260828-RAURA-XRD150UBT-001-B
2498,20260828,15,71,59,B,1.0,False,Stand By Inoperativo,20260828-RAURA-XRD150UBT-001-B
2499,20260829,15,71,1,A,5.5,True,Tiempo Efectivo - Operativo,20260829-RAURA-XRD150UBT-001-A
2500,20260829,15,71,5,A,0.5,False,Mantenimiento,20260829-RAURA-XRD150UBT-001-A
2501,20260829,15,71,9,A,0.5,True,Stand By Operativo,20260829-RAURA-XRD150UBT-001-A
2502,20260829,15,71,47,A,0.5,False,Stand By Inoperativo,20260829-RAURA-XRD150UBT-001-A
2503,20260829,15,71,48,A,0.5,False,Stand By Inoperativo,20260829-RAURA-XRD150UBT-001-A
2504,20260829,15,71,55,A,0.5,False,Stand By Inoperativo,20260829-RAURA-XRD150UBT-001-A
2505,20260829,15,71,58,A,2.0,False,Stand By Inoperativo,20260829-RAURA-XRD150UBT-001-A
2506,20260829,15,71,59,A,1.0,False,Stand By Inoperativo,20260829-RAURA-XRD150UBT-001-A
2507,20260829,15,71,69,A,1.0,True,Stand By Cliente,20260829-RAURA-XRD150UBT-001-A
2508,20260829,15,71,1,B,4.0,True,Tiempo Efectivo - Operativo,20260829-RAURA-XRD150UBT-001-B
2509,20260829,15,71,5,B,0.5,False,Mantenimiento,20260829-RAURA-XRD150UBT-001-B
2510,20260829,15,71,7,B,0.5,True,Stand By Operativo,20260829-RAURA-XRD150UBT-001-B
2511,20260829,15,71,8,B,1.0,True,Stand By Operativo,20260829-RAURA-XRD150UBT-001-B
2512,20260829,15,71,9,B,1.0,True,Stand By Operativo,20260829-RAURA-XRD150UBT-001-B
2513,20260829,15,71,47,B,0.5,False,Stand By Inoperativo,20260829-RAURA-XRD150UBT-001-B
2514,20260829,15,71,48,B,0.5,False,Stand By Inoperativo,20260829-RAURA-XRD150UBT-001-B
2515,20260829,15,71,55,B,1.0,False,Stand By Inoperativo,20260829-RAURA-XRD150UBT-001-B
2516,20260829,15,71,58,B,2.0,False,Stand By Inoperativo,20260829-RAURA-XRD150UBT-001-B
2517,20260829,15,71,59,B,1.0,False,Stand By Inoperativo,20260829-RAURA-XRD150UBT-001-B
2518,20260830,15,71,1,A,6.0,True,Tiempo Efectivo - Operativo,20260830-RAURA-XRD150UBT-001-A
2519,20260830,15,71,5,A,0.5,False,Mantenimiento,20260830-RAURA-XRD150UBT-001-A
2520,20260830,15,71,8,A,0.5,True,Stand By Operativo,20260830-RAURA-XRD150UBT-001-A
2521,20260830,15,71,9,A,0.5,True,Stand By Operativo,20260830-RAURA-XRD150UBT-001-A
2522,20260830,15,71,47,A,0.5,False,Stand By Inoperativo,20260830-RAURA-XRD150UBT-001-A
2523,20260830,15,71,48,A,0.5,False,Stand By Inoperativo,20260830-RAURA-XRD150UBT-001-A
2524,20260830,15,71,55,A,0.5,False,Stand By Inoperativo,20260830-RAURA-XRD150UBT-001-A
2525,20260830,15,71,58,A,2.0,False,Stand By Inoperativo,20260830-RAURA-XRD150UBT-001-A
2526,20260830,15,71,59,A,1.0,False,Stand By Inoperativo,20260830-RAURA-XRD150UBT-001-A
2527,20260830,15,71,1,B,5.0,True,Tiempo Efectivo - Operativo,20260830-RAURA-XRD150UBT-001-B
2528,20260830,15,71,5,B,0.5,False,Mantenimiento,20260830-RAURA-XRD150UBT-001-B
2529,20260830,15,71,7,B,0.5,True,Stand By Operativo,20260830-RAURA-XRD150UBT-001-B
2530,20260830,15,71,8,B,1.0,True,Stand By Operativo,20260830-RAURA-XRD150UBT-001-B
2531,20260830,15,71,47,B,0.5,False,Stand By Inoperativo,20260830-RAURA-XRD150UBT-001-B
2532,20260830,15,71,48,B,0.5,False,Stand By Inoperativo,20260830-RAURA-XRD150UBT-001-B
2533,20260830,15,71,55,B,1.0,False,Stand By Inoperativo,20260830-RAURA-XRD150UBT-001-B
2534,20260830,15,71,58,B,2.0,False,Stand By Inoperativo,20260830-RAURA-XRD150UBT-001-B
2535,20260830,15,71,59,B,1.0,False,Stand By Inoperativo,20260830-RAURA-XRD150UBT-001-B
2536,20260831,15,71,1,A,1.0,True,Tiempo Efectivo - Operativo,20260831-RAURA-XRD150UBT-001-A
2537,20260831,15,71,5,A,1.0,False,Mantenimiento,20260831-RAURA-XRD150UBT-001-A
2538,20260831,15,71,6,A,0.5,False,Mantenimiento,20260831-RAURA-XRD150UBT-001-A
2539,20260831,15,71,8,A,0.5,True,Stand By Operativo,20260831-RAURA-XRD150UBT-001-A
2540,20260831,15,71,9,A,0.5,True,Stand By Operativo,20260831-RAURA-XRD150UBT-001-A
2541,20260831,15,71,47,A,0.5,False,Stand By Inoperativo,20260831-RAURA-XRD150UBT-001-A
2542,20260831,15,71,48,A,0.5,False,Stand By Inoperativo,20260831-RAURA-XRD150UBT-001-A
2543,20260831,15,71,55,A,0.5,False,Stand By Inoperativo,20260831-RAURA-XRD150UBT-001-A
2544,20260831,15,71,58,A,2.0,False,Stand By Inoperativo,20260831-RAURA-XRD150UBT-001-A
2545,20260831,15,71,59,A,1.0,False,Stand By Inoperativo,20260831-RAURA-XRD150UBT-001-A
2546,20260831,15,71,61,A,4.0,False,Stand By Inoperativo,20260831-RAURA-XRD150UBT-001-A
2547,20260831,15,71,1,B,5.5,True,Tiempo Efectivo - Operativo,20260831-RAURA-XRD150UBT-001-B
2548,20260831,15,71,5,B,0.5,False,Mantenimiento,20260831-RAURA-XRD150UBT-001-B
2549,20260831,15,71,7,B,0.5,True,Stand By Operativo,20260831-RAURA-XRD150UBT-001-B
2550,20260831,15,71,8,B,0.5,True,Stand By Operativo,20260831-RAURA-XRD150UBT-001-B
2551,20260831,15,71,47,B,0.5,False,Stand By Inoperativo,20260831-RAURA-XRD150UBT-001-B
2552,20260831,15,71,48,B,0.5,False,Stand By Inoperativo,20260831-RAURA-XRD150UBT-001-B
2553,20260831,15,71,55,B,1.0,False,Stand By Inoperativo,20260831-RAURA-XRD150UBT-001-B
2554,20260831,15,71,58,B,2.0,False,Stand By Inoperativo,20260831-RAURA-XRD150UBT-001-B
2555,20260831,15,71,59,B,1.0,False,Stand By Inoperativo,20260831-RAURA-XRD150UBT-001-B
2556,20260826,15,70,1,A,6.0,True,Tiempo Efectivo - Operativo,20260826-RAURA-XRD150U-005-A
2557,20260826,15,70,5,A,0.5,False,Mantenimiento,20260826-RAURA-XRD150U-005-A
2558,20260826,15,70,7,A,0.5,True,Stand By Operativo,20260826-RAURA-XRD150U-005-A
2559,20260826,15,70,8,A,0.5,True,Stand By Operativo,20260826-RAURA-XRD150U-005-A
2560,20260826,15,70,9,A,0.5,True,Stand By Operativo,20260826-RAURA-XRD150U-005-A
2561,20260826,15,70,47,A,0.5,False,Stand By Inoperativo,20260826-RAURA-XRD150U-005-A
2562,20260826,15,70,55,A,0.5,False,Stand By Inoperativo,20260826-RAURA-XRD150U-005-A
2563,20260826,15,70,58,A,2.0,False,Stand By Inoperativo,20260826-RAURA-XRD150U-005-A
2564,20260826,15,70,59,A,1.0,False,Stand By Inoperativo,20260826-RAURA-XRD150U-005-A
2565,20260826,15,70,1,B,4.5,True,Tiempo Efectivo - Operativo,20260826-RAURA-XRD150U-005-B
2566,20260826,15,70,5,B,0.5,False,Mantenimiento,20260826-RAURA-XRD150U-005-B
2567,20260826,15,70,7,B,1.0,True,Stand By Operativo,20260826-RAURA-XRD150U-005-B
2568,20260826,15,70,8,B,0.5,True,Stand By Operativo,20260826-RAURA-XRD150U-005-B
2569,20260826,15,70,48,B,0.5,False,Stand By Inoperativo,20260826-RAURA-XRD150U-005-B
2570,20260826,15,70,55,B,1.0,False,Stand By Inoperativo,20260826-RAURA-XRD150U-005-B
2571,20260826,15,70,57,B,1.0,False,Stand By Inoperativo,20260826-RAURA-XRD150U-005-B
2572,20260826,15,70,58,B,2.0,False,Stand By Inoperativo,20260826-RAURA-XRD150U-005-B
2573,20260826,15,70,59,B,1.0,False,Stand By Inoperativo,20260826-RAURA-XRD150U-005-B
2574,20260827,15,70,1,A,2.0,True,Tiempo Efectivo - Operativo,20260827-RAURA-XRD150U-005-A
2575,20260827,15,70,5,A,0.5,False,Mantenimiento,20260827-RAURA-XRD150U-005-A
2576,20260827,15,70,7,A,0.5,True,Stand By Operativo,20260827-RAURA-XRD150U-005-A
2577,20260827,15,70,8,A,0.5,True,Stand By Operativo,20260827-RAURA-XRD150U-005-A
2578,20260827,15,70,9,A,4.0,True,Stand By Operativo,20260827-RAURA-XRD150U-005-A
2579,20260827,15,70,47,A,0.5,False,Stand By Inoperativo,20260827-RAURA-XRD150U-005-A
2580,20260827,15,70,48,A,0.5,False,Stand By Inoperativo,20260827-RAURA-XRD150U-005-A
2581,20260827,15,70,55,A,0.5,False,Stand By Inoperativo,20260827-RAURA-XRD150U-005-A
2582,20260827,15,70,58,A,2.0,False,Stand By Inoperativo,20260827-RAURA-XRD150U-005-A
2583,20260827,15,70,59,A,1.0,False,Stand By Inoperativo,20260827-RAURA-XRD150U-005-A
2584,20260827,15,70,1,B,4.0,True,Tiempo Efectivo - Operativo,20260827-RAURA-XRD150U-005-B
2585,20260827,15,70,5,B,0.5,False,Mantenimiento,20260827-RAURA-XRD150U-005-B
2586,20260827,15,70,7,B,2.0,True,Stand By Operativo,20260827-RAURA-XRD150U-005-B
2587,20260827,15,70,8,B,0.5,True,Stand By Operativo,20260827-RAURA-XRD150U-005-B
2588,20260827,15,70,9,B,0.5,True,Stand By Operativo,20260827-RAURA-XRD150U-005-B
2589,20260827,15,70,47,B,0.5,False,Stand By Inoperativo,20260827-RAURA-XRD150U-005-B
2590,20260827,15,70,55,B,1.0,False,Stand By Inoperativo,20260827-RAURA-XRD150U-005-B
2591,20260827,15,70,58,B,2.0,False,Stand By Inoperativo,20260827-RAURA-XRD150U-005-B
2592,20260827,15,70,59,B,1.0,False,Stand By Inoperativo,20260827-RAURA-XRD150U-005-B
2593,20260828,15,70,1,A,4.0,True,Tiempo Efectivo - Operativo,20260828-RAURA-XRD150U-005-A
2594,20260828,15,70,2,A,2.5,True,Tiempo Efectivo - Operativo,20260828-RAURA-XRD150U-005-A
2595,20260828,15,70,5,A,0.5,False,Mantenimiento,20260828-RAURA-XRD150U-005-A
2596,20260828,15,70,7,A,0.5,True,Stand By Operativo,20260828-RAURA-XRD150U-005-A
2597,20260828,15,70,8,A,0.5,True,Stand By Operativo,20260828-RAURA-XRD150U-005-A
2598,20260828,15,70,9,A,0.5,True,Stand By Operativo,20260828-RAURA-XRD150U-005-A
2599,20260828,15,70,55,A,0.5,False,Stand By Inoperativo,20260828-RAURA-XRD150U-005-A
2600,20260828,15,70,58,A,2.0,False,Stand By Inoperativo,20260828-RAURA-XRD150U-005-A
2601,20260828,15,70,59,A,1.0,False,Stand By Inoperativo,20260828-RAURA-XRD150U-005-A
2602,20260828,15,70,1,B,5.5,True,Tiempo Efectivo - Operativo,20260828-RAURA-XRD150U-005-B
2603,20260828,15,70,5,B,0.5,False,Mantenimiento,20260828-RAURA-XRD150U-005-B
2604,20260828,15,70,7,B,1.0,True,Stand By Operativo,20260828-RAURA-XRD150U-005-B
2605,20260828,15,70,8,B,0.5,True,Stand By Operativo,20260828-RAURA-XRD150U-005-B
2606,20260828,15,70,47,B,0.5,False,Stand By Inoperativo,20260828-RAURA-XRD150U-005-B
2607,20260828,15,70,55,B,1.0,False,Stand By Inoperativo,20260828-RAURA-XRD150U-005-B
2608,20260828,15,70,58,B,2.0,False,Stand By Inoperativo,20260828-RAURA-XRD150U-005-B
2609,20260828,15,70,59,B,1.0,False,Stand By Inoperativo,20260828-RAURA-XRD150U-005-B
2610,20260829,15,70,1,A,4.5,True,Tiempo Efectivo - Operativo,20260829-RAURA-XRD150U-005-A
2611,20260829,15,70,5,A,2.0,False,Mantenimiento,20260829-RAURA-XRD150U-005-A
2612,20260829,15,70,7,A,0.5,True,Stand By Operativo,20260829-RAURA-XRD150U-005-A
2613,20260829,15,70,8,A,0.5,True,Stand By Operativo,20260829-RAURA-XRD150U-005-A
2614,20260829,15,70,47,A,0.5,False,Stand By Inoperativo,20260829-RAURA-XRD150U-005-A
2615,20260829,15,70,48,A,0.5,False,Stand By Inoperativo,20260829-RAURA-XRD150U-005-A
2616,20260829,15,70,55,A,0.5,False,Stand By Inoperativo,20260829-RAURA-XRD150U-005-A
2617,20260829,15,70,58,A,2.0,False,Stand By Inoperativo,20260829-RAURA-XRD150U-005-A
2618,20260829,15,70,59,A,1.0,False,Stand By Inoperativo,20260829-RAURA-XRD150U-005-A
2619,20260829,15,70,1,B,3.5,True,Tiempo Efectivo - Operativo,20260829-RAURA-XRD150U-005-B
2620,20260829,15,70,4,B,1.0,True,Tiempo Efectivo - Operativo,20260829-RAURA-XRD150U-005-B
2621,20260829,15,70,5,B,0.5,False,Mantenimiento,20260829-RAURA-XRD150U-005-B
2622,20260829,15,70,7,B,1.0,True,Stand By Operativo,20260829-RAURA-XRD150U-005-B
2623,20260829,15,70,8,B,0.5,True,Stand By Operativo,20260829-RAURA-XRD150U-005-B
2624,20260829,15,70,9,B,1.0,True,Stand By Operativo,20260829-RAURA-XRD150U-005-B
2625,20260829,15,70,47,B,0.5,False,Stand By Inoperativo,20260829-RAURA-XRD150U-005-B
2626,20260829,15,70,55,B,1.0,False,Stand By Inoperativo,20260829-RAURA-XRD150U-005-B
2627,20260829,15,70,58,B,2.0,False,Stand By Inoperativo,20260829-RAURA-XRD150U-005-B
2628,20260829,15,70,59,B,1.0,False,Stand By Inoperativo,20260829-RAURA-XRD150U-005-B
2629,20260830,15,70,1,A,3.5,True,Tiempo Efectivo - Operativo,20260830-RAURA-XRD150U-005-A
2630,20260830,15,70,5,A,0.5,False,Mantenimiento,20260830-RAURA-XRD150U-005-A
2631,20260830,15,70,7,A,0.5,True,Stand By Operativo,20260830-RAURA-XRD150U-005-A
2632,20260830,15,70,8,A,0.5,True,Stand By Operativo,20260830-RAURA-XRD150U-005-A
2633,20260830,15,70,9,A,1.5,True,Stand By Operativo,20260830-RAURA-XRD150U-005-A
2634,20260830,15,70,47,A,0.5,False,Stand By Inoperativo,20260830-RAURA-XRD150U-005-A
2635,20260830,15,70,48,A,0.5,False,Stand By Inoperativo,20260830-RAURA-XRD150U-005-A
2636,20260830,15,70,55,A,0.5,False,Stand By Inoperativo,20260830-RAURA-XRD150U-005-A
2637,20260830,15,70,58,A,3.0,False,Stand By Inoperativo,20260830-RAURA-XRD150U-005-A
2638,20260830,15,70,59,A,1.0,False,Stand By Inoperativo,20260830-RAURA-XRD150U-005-A
2639,20260830,15,70,1,B,2.5,True,Tiempo Efectivo - Operativo,20260830-RAURA-XRD150U-005-B
2640,20260830,15,70,5,B,0.5,False,Mantenimiento,20260830-RAURA-XRD150U-005-B
2641,20260830,15,70,7,B,1.0,True,Stand By Operativo,20260830-RAURA-XRD150U-005-B
2642,20260830,15,70,8,B,0.5,True,Stand By Operativo,20260830-RAURA-XRD150U-005-B
2643,20260830,15,70,9,B,1.0,True,Stand By Operativo,20260830-RAURA-XRD150U-005-B
2644,20260830,15,70,47,B,0.5,False,Stand By Inoperativo,20260830-RAURA-XRD150U-005-B
2645,20260830,15,70,52,B,2.0,False,Stand By Inoperativo,20260830-RAURA-XRD150U-005-B
2646,20260830,15,70,55,B,1.0,False,Stand By Inoperativo,20260830-RAURA-XRD150U-005-B
2647,20260830,15,70,58,B,2.0,False,Stand By Inoperativo,20260830-RAURA-XRD150U-005-B
2648,20260830,15,70,59,B,1.0,False,Stand By Inoperativo,20260830-RAURA-XRD150U-005-B
2649,20260831,15,70,1,A,2.0,True,Tiempo Efectivo - Operativo,20260831-RAURA-XRD150U-005-A
2650,20260831,15,70,5,A,0.5,False,Mantenimiento,20260831-RAURA-XRD150U-005-A
2651,20260831,15,70,47,A,0.5,False,Stand By Inoperativo,20260831-RAURA-XRD150U-005-A
2652,20260831,15,70,48,A,2.0,False,Stand By Inoperativo,20260831-RAURA-XRD150U-005-A
2653,20260831,15,70,58,A,2.0,False,Stand By Inoperativo,20260831-RAURA-XRD150U-005-A
2654,20260831,15,70,59,A,1.0,False,Stand By Inoperativo,20260831-RAURA-XRD150U-005-A
2655,20260831,15,70,61,A,4.0,False,Stand By Inoperativo,20260831-RAURA-XRD150U-005-A
2656,20260831,15,70,1,B,4.0,True,Tiempo Efectivo - Operativo,20260831-RAURA-XRD150U-005-B
2657,20260831,15,70,5,B,0.5,False,Mantenimiento,20260831-RAURA-XRD150U-005-B
2658,20260831,15,70,7,B,2.5,True,Stand By Operativo,20260831-RAURA-XRD150U-005-B
2659,20260831,15,70,8,B,0.5,True,Stand By Operativo,20260831-RAURA-XRD150U-005-B
2660,20260831,15,70,47,B,0.5,False,Stand By Inoperativo,20260831-RAURA-XRD150U-005-B
2661,20260831,15,70,55,B,1.0,False,Stand By Inoperativo,20260831-RAURA-XRD150U-005-B
2662,20260831,15,70,58,B,2.0,False,Stand By Inoperativo,20260831-RAURA-XRD150U-005-B
2663,20260831,15,70,59,B,1.0,False,Stand By Inoperativo,20260831-RAURA-XRD150U-005-B
2664,20260826,17,82,1,A,3.0,True,Tiempo Efectivo - Operativo,20260826-SAN CRISTOBAL-XRD90U-023-A
2665,20260826,17,82,5,A,0.5,False,Mantenimiento,20260826-SAN CRISTOBAL-XRD90U-023-A
2666,20260826,17,82,8,A,1.0,True,Stand By Operativo,20260826-SAN CRISTOBAL-XRD90U-023-A
2667,20260826,17,82,9,A,2.0,True,Stand By Operativo,20260826-SAN CRISTOBAL-XRD90U-023-A
2668,20260826,17,82,47,A,0.5,False,Stand By Inoperativo,20260826-SAN CRISTOBAL-XRD90U-023-A
2669,20260826,17,82,55,A,1.0,False,Stand By Inoperativo,20260826-SAN CRISTOBAL-XRD90U-023-A
2670,20260826,17,82,58,A,3.0,False,Stand By Inoperativo,20260826-SAN CRISTOBAL-XRD90U-023-A
2671,20260826,17,82,59,A,1.0,False,Stand By Inoperativo,20260826-SAN CRISTOBAL-XRD90U-023-A
2672,20260826,17,82,1,B,4.5,True,Tiempo Efectivo - Operativo,20260826-SAN CRISTOBAL-XRD90U-023-B
2673,20260826,17,82,8,B,0.5,True,Stand By Operativo,20260826-SAN CRISTOBAL-XRD90U-023-B
2674,20260826,17,82,9,B,1.0,True,Stand By Operativo,20260826-SAN CRISTOBAL-XRD90U-023-B
2675,20260826,17,82,46,B,0.5,False,Stand By Inoperativo,20260826-SAN CRISTOBAL-XRD90U-023-B
2676,20260826,17,82,47,B,1.0,False,Stand By Inoperativo,20260826-SAN CRISTOBAL-XRD90U-023-B
2677,20260826,17,82,48,B,1.0,False,Stand By Inoperativo,20260826-SAN CRISTOBAL-XRD90U-023-B
2678,20260826,17,82,55,B,0.5,False,Stand By Inoperativo,20260826-SAN CRISTOBAL-XRD90U-023-B
2679,20260826,17,82,58,B,2.0,False,Stand By Inoperativo,20260826-SAN CRISTOBAL-XRD90U-023-B
2680,20260826,17,82,59,B,1.0,False,Stand By Inoperativo,20260826-SAN CRISTOBAL-XRD90U-023-B
2681,20260827,17,82,1,A,3.0,True,Tiempo Efectivo - Operativo,20260827-SAN CRISTOBAL-XRD90U-023-A
2682,20260827,17,82,5,A,0.5,False,Mantenimiento,20260827-SAN CRISTOBAL-XRD90U-023-A
2683,20260827,17,82,8,A,0.5,True,Stand By Operativo,20260827-SAN CRISTOBAL-XRD90U-023-A
2684,20260827,17,82,9,A,2.0,True,Stand By Operativo,20260827-SAN CRISTOBAL-XRD90U-023-A
2685,20260827,17,82,47,A,1.0,False,Stand By Inoperativo,20260827-SAN CRISTOBAL-XRD90U-023-A
2686,20260827,17,82,55,A,1.0,False,Stand By Inoperativo,20260827-SAN CRISTOBAL-XRD90U-023-A
2687,20260827,17,82,58,A,3.0,False,Stand By Inoperativo,20260827-SAN CRISTOBAL-XRD90U-023-A
2688,20260827,17,82,59,A,1.0,False,Stand By Inoperativo,20260827-SAN CRISTOBAL-XRD90U-023-A
2689,20260827,17,82,9,B,3.0,True,Stand By Operativo,20260827-SAN CRISTOBAL-XRD90U-023-B
2690,20260827,17,82,13,B,3.0,True,Stand By Operativo,20260827-SAN CRISTOBAL-XRD90U-023-B
2691,20260827,17,82,16,B,1.0,True,Stand By Operativo,20260827-SAN CRISTOBAL-XRD90U-023-B
2692,20260827,17,82,47,B,1.0,False,Stand By Inoperativo,20260827-SAN CRISTOBAL-XRD90U-023-B
2693,20260827,17,82,50,B,1.0,False,Stand By Inoperativo,20260827-SAN CRISTOBAL-XRD90U-023-B
2694,20260827,17,82,58,B,2.0,False,Stand By Inoperativo,20260827-SAN CRISTOBAL-XRD90U-023-B
2695,20260827,17,82,59,B,1.0,False,Stand By Inoperativo,20260827-SAN CRISTOBAL-XRD90U-023-B
2696,20260828,17,82,18,A,2.0,True,Stand By Operativo,20260828-SAN CRISTOBAL-XRD90U-023-A
2697,20260828,17,82,19,A,2.0,True,Stand By Operativo,20260828-SAN CRISTOBAL-XRD90U-023-A
2698,20260828,17,82,47,A,1.0,False,Stand By Inoperativo,20260828-SAN CRISTOBAL-XRD90U-023-A
2699,20260828,17,82,48,A,1.0,False,Stand By Inoperativo,20260828-SAN CRISTOBAL-XRD90U-023-A
2700,20260828,17,82,50,A,1.0,False,Stand By Inoperativo,20260828-SAN CRISTOBAL-XRD90U-023-A
2701,20260828,17,82,55,A,1.0,False,Stand By Inoperativo,20260828-SAN CRISTOBAL-XRD90U-023-A
2702,20260828,17,82,58,A,3.0,False,Stand By Inoperativo,20260828-SAN CRISTOBAL-XRD90U-023-A
2703,20260828,17,82,59,A,1.0,False,Stand By Inoperativo,20260828-SAN CRISTOBAL-XRD90U-023-A
2704,20260828,17,82,1,B,5.0,True,Tiempo Efectivo - Operativo,20260828-SAN CRISTOBAL-XRD90U-023-B
2705,20260828,17,82,8,B,0.5,True,Stand By Operativo,20260828-SAN CRISTOBAL-XRD90U-023-B
2706,20260828,17,82,9,B,1.0,True,Stand By Operativo,20260828-SAN CRISTOBAL-XRD90U-023-B
2707,20260828,17,82,47,B,1.0,False,Stand By Inoperativo,20260828-SAN CRISTOBAL-XRD90U-023-B
2708,20260828,17,82,48,B,1.0,False,Stand By Inoperativo,20260828-SAN CRISTOBAL-XRD90U-023-B
2709,20260828,17,82,55,B,0.5,False,Stand By Inoperativo,20260828-SAN CRISTOBAL-XRD90U-023-B
2710,20260828,17,82,58,B,2.0,False,Stand By Inoperativo,20260828-SAN CRISTOBAL-XRD90U-023-B
2711,20260828,17,82,59,B,1.0,False,Stand By Inoperativo,20260828-SAN CRISTOBAL-XRD90U-023-B
2712,20260829,17,82,47,A,6.0,False,Stand By Inoperativo,20260829-SAN CRISTOBAL-XRD90U-023-A
2713,20260829,17,82,55,A,2.0,False,Stand By Inoperativo,20260829-SAN CRISTOBAL-XRD90U-023-A
2714,20260829,17,82,58,A,3.0,False,Stand By Inoperativo,20260829-SAN CRISTOBAL-XRD90U-023-A
2715,20260829,17,82,59,A,1.0,False,Stand By Inoperativo,20260829-SAN CRISTOBAL-XRD90U-023-A
2716,20260829,17,82,47,B,8.0,False,Stand By Inoperativo,20260829-SAN CRISTOBAL-XRD90U-023-B
2717,20260829,17,82,55,B,1.0,False,Stand By Inoperativo,20260829-SAN CRISTOBAL-XRD90U-023-B
2718,20260829,17,82,58,B,2.0,False,Stand By Inoperativo,20260829-SAN CRISTOBAL-XRD90U-023-B
2719,20260829,17,82,59,B,1.0,False,Stand By Inoperativo,20260829-SAN CRISTOBAL-XRD90U-023-B
2720,20260830,17,82,1,B,5.0,True,Tiempo Efectivo - Operativo,20260830-SAN CRISTOBAL-XRD90U-023-B
2721,20260830,17,82,5,B,0.5,False,Mantenimiento,20260830-SAN CRISTOBAL-XRD90U-023-B
2722,20260830,17,82,8,B,0.5,True,Stand By Operativo,20260830-SAN CRISTOBAL-XRD90U-023-B
2723,20260830,17,82,9,B,0.5,True,Stand By Operativo,20260830-SAN CRISTOBAL-XRD90U-023-B
2724,20260830,17,82,47,B,1.0,False,Stand By Inoperativo,20260830-SAN CRISTOBAL-XRD90U-023-B
2725,20260830,17,82,48,B,1.0,False,Stand By Inoperativo,20260830-SAN CRISTOBAL-XRD90U-023-B
2726,20260830,17,82,55,B,0.5,False,Stand By Inoperativo,20260830-SAN CRISTOBAL-XRD90U-023-B
2727,20260830,17,82,58,B,2.0,False,Stand By Inoperativo,20260830-SAN CRISTOBAL-XRD90U-023-B
2728,20260830,17,82,59,B,1.0,False,Stand By Inoperativo,20260830-SAN CRISTOBAL-XRD90U-023-B
2729,20260831,17,82,1,A,5.0,True,Tiempo Efectivo - Operativo,20260831-SAN CRISTOBAL-XRD90U-023-A
2730,20260831,17,82,5,A,0.5,False,Mantenimiento,20260831-SAN CRISTOBAL-XRD90U-023-A
2731,20260831,17,82,7,A,1.0,True,Stand By Operativo,20260831-SAN CRISTOBAL-XRD90U-023-A
2732,20260831,17,82,47,A,0.5,False,Stand By Inoperativo,20260831-SAN CRISTOBAL-XRD90U-023-A
2733,20260831,17,82,55,A,1.0,False,Stand By Inoperativo,20260831-SAN CRISTOBAL-XRD90U-023-A
2734,20260831,17,82,58,A,3.0,False,Stand By Inoperativo,20260831-SAN CRISTOBAL-XRD90U-023-A
2735,20260831,17,82,59,A,1.0,False,Stand By Inoperativo,20260831-SAN CRISTOBAL-XRD90U-023-A
2736,20260831,17,82,1,B,2.0,True,Tiempo Efectivo - Operativo,20260831-SAN CRISTOBAL-XRD90U-023-B
2737,20260831,17,82,5,B,0.5,False,Mantenimiento,20260831-SAN CRISTOBAL-XRD90U-023-B
2738,20260831,17,82,8,B,0.5,True,Stand By Operativo,20260831-SAN CRISTOBAL-XRD90U-023-B
2739,20260831,17,82,16,B,0.5,True,Stand By Operativo,20260831-SAN CRISTOBAL-XRD90U-023-B
2740,20260831,17,82,47,B,1.0,False,Stand By Inoperativo,20260831-SAN CRISTOBAL-XRD90U-023-B
2741,20260831,17,82,55,B,0.5,False,Stand By Inoperativo,20260831-SAN CRISTOBAL-XRD90U-023-B
2742,20260831,17,82,58,B,2.0,False,Stand By Inoperativo,20260831-SAN CRISTOBAL-XRD90U-023-B
2743,20260831,17,82,59,B,1.0,False,Stand By Inoperativo,20260831-SAN CRISTOBAL-XRD90U-023-B
2744,20260831,17,82,70,B,4.0,True,Stand By Cliente,20260831-SAN CRISTOBAL-XRD90U-023-B
2745,20260826,17,80,1,A,5.5,True,Tiempo Efectivo - Operativo,20260826-SAN CRISTOBAL-XRD90U-004-A
2746,20260826,17,80,5,A,0.5,False,Mantenimiento,20260826-SAN CRISTOBAL-XRD90U-004-A
2747,20260826,17,80,8,A,0.5,True,Stand By Operativo,20260826-SAN CRISTOBAL-XRD90U-004-A
2748,20260826,17,80,9,A,0.5,True,Stand By Operativo,20260826-SAN CRISTOBAL-XRD90U-004-A
2749,20260826,17,80,47,A,0.5,False,Stand By Inoperativo,20260826-SAN CRISTOBAL-XRD90U-004-A
2750,20260826,17,80,55,A,0.5,False,Stand By Inoperativo,20260826-SAN CRISTOBAL-XRD90U-004-A
2751,20260826,17,80,58,A,3.0,False,Stand By Inoperativo,20260826-SAN CRISTOBAL-XRD90U-004-A
2752,20260826,17,80,59,A,1.0,False,Stand By Inoperativo,20260826-SAN CRISTOBAL-XRD90U-004-A
2753,20260826,17,80,1,B,5.5,True,Tiempo Efectivo - Operativo,20260826-SAN CRISTOBAL-XRD90U-004-B
2754,20260826,17,80,5,B,0.5,False,Mantenimiento,20260826-SAN CRISTOBAL-XRD90U-004-B
2755,20260826,17,80,7,B,0.5,True,Stand By Operativo,20260826-SAN CRISTOBAL-XRD90U-004-B
2756,20260826,17,80,8,B,0.5,True,Stand By Operativo,20260826-SAN CRISTOBAL-XRD90U-004-B
2757,20260826,17,80,47,B,0.5,False,Stand By Inoperativo,20260826-SAN CRISTOBAL-XRD90U-004-B
2758,20260826,17,80,55,B,0.5,False,Stand By Inoperativo,20260826-SAN CRISTOBAL-XRD90U-004-B
2759,20260826,17,80,58,B,3.0,False,Stand By Inoperativo,20260826-SAN CRISTOBAL-XRD90U-004-B
2760,20260826,17,80,59,B,1.0,False,Stand By Inoperativo,20260826-SAN CRISTOBAL-XRD90U-004-B
2761,20260827,17,80,1,A,5.0,True,Tiempo Efectivo - Operativo,20260827-SAN CRISTOBAL-XRD90U-004-A
2762,20260827,17,80,5,A,0.5,False,Mantenimiento,20260827-SAN CRISTOBAL-XRD90U-004-A
2763,20260827,17,80,7,A,0.5,True,Stand By Operativo,20260827-SAN CRISTOBAL-XRD90U-004-A
2764,20260827,17,80,8,A,1.0,True,Stand By Operativo,20260827-SAN CRISTOBAL-XRD90U-004-A
2765,20260827,17,80,47,A,0.5,False,Stand By Inoperativo,20260827-SAN CRISTOBAL-XRD90U-004-A
2766,20260827,17,80,55,A,0.5,False,Stand By Inoperativo,20260827-SAN CRISTOBAL-XRD90U-004-A
2767,20260827,17,80,58,A,3.0,False,Stand By Inoperativo,20260827-SAN CRISTOBAL-XRD90U-004-A
2768,20260827,17,80,59,A,1.0,False,Stand By Inoperativo,20260827-SAN CRISTOBAL-XRD90U-004-A
2769,20260827,17,80,1,B,7.5,True,Tiempo Efectivo - Operativo,20260827-SAN CRISTOBAL-XRD90U-004-B
2770,20260827,17,80,7,B,0.5,True,Stand By Operativo,20260827-SAN CRISTOBAL-XRD90U-004-B
2771,20260827,17,80,58,B,3.0,False,Stand By Inoperativo,20260827-SAN CRISTOBAL-XRD90U-004-B
2772,20260827,17,80,59,B,1.0,False,Stand By Inoperativo,20260827-SAN CRISTOBAL-XRD90U-004-B
2773,20260828,17,80,1,A,6.5,True,Tiempo Efectivo - Operativo,20260828-SAN CRISTOBAL-XRD90U-004-A
2774,20260828,17,80,5,A,0.5,False,Mantenimiento,20260828-SAN CRISTOBAL-XRD90U-004-A
2775,20260828,17,80,8,A,0.5,True,Stand By Operativo,20260828-SAN CRISTOBAL-XRD90U-004-A
2776,20260828,17,80,55,A,0.5,False,Stand By Inoperativo,20260828-SAN CRISTOBAL-XRD90U-004-A
2777,20260828,17,80,58,A,3.0,False,Stand By Inoperativo,20260828-SAN CRISTOBAL-XRD90U-004-A
2778,20260828,17,80,59,A,1.0,False,Stand By Inoperativo,20260828-SAN CRISTOBAL-XRD90U-004-A
2779,20260828,17,80,1,B,7.0,True,Tiempo Efectivo - Operativo,20260828-SAN CRISTOBAL-XRD90U-004-B
2780,20260828,17,80,7,B,0.5,True,Stand By Operativo,20260828-SAN CRISTOBAL-XRD90U-004-B
2781,20260828,17,80,8,B,0.5,True,Stand By Operativo,20260828-SAN CRISTOBAL-XRD90U-004-B
2782,20260828,17,80,58,B,3.0,False,Stand By Inoperativo,20260828-SAN CRISTOBAL-XRD90U-004-B
2783,20260828,17,80,59,B,1.0,False,Stand By Inoperativo,20260828-SAN CRISTOBAL-XRD90U-004-B
2784,20260829,17,80,47,A,6.0,False,Stand By Inoperativo,20260829-SAN CRISTOBAL-XRD90U-004-A
2785,20260829,17,80,55,A,2.0,False,Stand By Inoperativo,20260829-SAN CRISTOBAL-XRD90U-004-A
2786,20260829,17,80,58,A,3.0,False,Stand By Inoperativo,20260829-SAN CRISTOBAL-XRD90U-004-A
2787,20260829,17,80,59,A,1.0,False,Stand By Inoperativo,20260829-SAN CRISTOBAL-XRD90U-004-A
2788,20260829,17,80,47,B,8.0,False,Stand By Inoperativo,20260829-SAN CRISTOBAL-XRD90U-004-B
2789,20260829,17,80,55,B,1.0,False,Stand By Inoperativo,20260829-SAN CRISTOBAL-XRD90U-004-B
2790,20260829,17,80,58,B,2.0,False,Stand By Inoperativo,20260829-SAN CRISTOBAL-XRD90U-004-B
2791,20260829,17,80,59,B,1.0,False,Stand By Inoperativo,20260829-SAN CRISTOBAL-XRD90U-004-B
2792,20260830,17,80,1,B,2.0,True,Tiempo Efectivo - Operativo,20260830-SAN CRISTOBAL-XRD90U-004-B
2793,20260830,17,80,6,B,2.0,False,Mantenimiento,20260830-SAN CRISTOBAL-XRD90U-004-B
2794,20260830,17,80,7,B,0.5,True,Stand By Operativo,20260830-SAN CRISTOBAL-XRD90U-004-B
2795,20260830,17,80,8,B,0.5,True,Stand By Operativo,20260830-SAN CRISTOBAL-XRD90U-004-B
2796,20260830,17,80,9,B,2.0,True,Stand By Operativo,20260830-SAN CRISTOBAL-XRD90U-004-B
2797,20260830,17,80,47,B,0.5,False,Stand By Inoperativo,20260830-SAN CRISTOBAL-XRD90U-004-B
2798,20260830,17,80,55,B,0.5,False,Stand By Inoperativo,20260830-SAN CRISTOBAL-XRD90U-004-B
2799,20260830,17,80,58,B,3.0,False,Stand By Inoperativo,20260830-SAN CRISTOBAL-XRD90U-004-B
2800,20260830,17,80,59,B,1.0,False,Stand By Inoperativo,20260830-SAN CRISTOBAL-XRD90U-004-B
2801,20260831,17,80,1,A,6.0,True,Tiempo Efectivo - Operativo,20260831-SAN CRISTOBAL-XRD90U-004-A
2802,20260831,17,80,5,A,0.5,False,Mantenimiento,20260831-SAN CRISTOBAL-XRD90U-004-A
2803,20260831,17,80,6,A,0.5,False,Mantenimiento,20260831-SAN CRISTOBAL-XRD90U-004-A
2804,20260831,17,80,47,A,0.5,False,Stand By Inoperativo,20260831-SAN CRISTOBAL-XRD90U-004-A
2805,20260831,17,80,55,A,0.5,False,Stand By Inoperativo,20260831-SAN CRISTOBAL-XRD90U-004-A
2806,20260831,17,80,58,A,3.0,False,Stand By Inoperativo,20260831-SAN CRISTOBAL-XRD90U-004-A
2807,20260831,17,80,59,A,1.0,False,Stand By Inoperativo,20260831-SAN CRISTOBAL-XRD90U-004-A
2808,20260831,17,80,1,B,5.0,True,Tiempo Efectivo - Operativo,20260831-SAN CRISTOBAL-XRD90U-004-B
2809,20260831,17,80,5,B,0.5,False,Mantenimiento,20260831-SAN CRISTOBAL-XRD90U-004-B
2810,20260831,17,80,7,B,0.5,True,Stand By Operativo,20260831-SAN CRISTOBAL-XRD90U-004-B
2811,20260831,17,80,8,B,0.5,True,Stand By Operativo,20260831-SAN CRISTOBAL-XRD90U-004-B
2812,20260831,17,80,47,B,1.0,False,Stand By Inoperativo,20260831-SAN CRISTOBAL-XRD90U-004-B
2813,20260831,17,80,55,B,0.5,False,Stand By Inoperativo,20260831-SAN CRISTOBAL-XRD90U-004-B
2814,20260831,17,80,58,B,3.0,False,Stand By Inoperativo,20260831-SAN CRISTOBAL-XRD90U-004-B
2815,20260831,17,80,59,B,1.0,False,Stand By Inoperativo,20260831-SAN CRISTOBAL-XRD90U-004-B
2816,20260826,17,79,17,A,4.0,True,Stand By Operativo,20260826-SAN CRISTOBAL-XRD150U-012-A
2817,20260826,17,79,50,A,2.0,False,Stand By Inoperativo,20260826-SAN CRISTOBAL-XRD150U-012-A
2818,20260826,17,79,55,A,1.0,False,Stand By Inoperativo,20260826-SAN CRISTOBAL-XRD150U-012-A
2819,20260826,17,79,58,A,3.0,False,Stand By Inoperativo,20260826-SAN CRISTOBAL-XRD150U-012-A
2820,20260826,17,79,59,A,1.0,False,Stand By Inoperativo,20260826-SAN CRISTOBAL-XRD150U-012-A
2821,20260826,17,79,47,B,1.0,False,Stand By Inoperativo,20260826-SAN CRISTOBAL-XRD150U-012-B
2822,20260826,17,79,50,B,6.0,False,Stand By Inoperativo,20260826-SAN CRISTOBAL-XRD150U-012-B
2823,20260826,17,79,55,B,1.0,False,Stand By Inoperativo,20260826-SAN CRISTOBAL-XRD150U-012-B
2824,20260826,17,79,58,B,3.0,False,Stand By Inoperativo,20260826-SAN CRISTOBAL-XRD150U-012-B
2825,20260826,17,79,59,B,1.0,False,Stand By Inoperativo,20260826-SAN CRISTOBAL-XRD150U-012-B
2826,20260827,17,79,17,A,3.0,True,Stand By Operativo,20260827-SAN CRISTOBAL-XRD150U-012-A
2827,20260827,17,79,47,A,1.0,False,Stand By Inoperativo,20260827-SAN CRISTOBAL-XRD150U-012-A
2828,20260827,17,79,50,A,3.0,False,Stand By Inoperativo,20260827-SAN CRISTOBAL-XRD150U-012-A
2829,20260827,17,79,55,A,1.0,False,Stand By Inoperativo,20260827-SAN CRISTOBAL-XRD150U-012-A
2830,20260827,17,79,58,A,3.0,False,Stand By Inoperativo,20260827-SAN CRISTOBAL-XRD150U-012-A
2831,20260827,17,79,59,A,1.0,False,Stand By Inoperativo,20260827-SAN CRISTOBAL-XRD150U-012-A
2832,20260827,17,79,60,B,12.0,False,Stand By Inoperativo,20260827-SAN CRISTOBAL-XRD150U-012-B
2833,20260828,17,79,17,A,3.0,True,Stand By Operativo,20260828-SAN CRISTOBAL-XRD150U-012-A
2834,20260828,17,79,47,A,1.0,False,Stand By Inoperativo,20260828-SAN CRISTOBAL-XRD150U-012-A
2835,20260828,17,79,50,A,3.0,False,Stand By Inoperativo,20260828-SAN CRISTOBAL-XRD150U-012-A
2836,20260828,17,79,55,A,1.0,False,Stand By Inoperativo,20260828-SAN CRISTOBAL-XRD150U-012-A
2837,20260828,17,79,58,A,3.0,False,Stand By Inoperativo,20260828-SAN CRISTOBAL-XRD150U-012-A
2838,20260828,17,79,59,A,1.0,False,Stand By Inoperativo,20260828-SAN CRISTOBAL-XRD150U-012-A
2839,20260828,17,79,60,B,12.0,False,Stand By Inoperativo,20260828-SAN CRISTOBAL-XRD150U-012-B
2840,20260829,17,79,47,A,1.0,False,Stand By Inoperativo,20260829-SAN CRISTOBAL-XRD150U-012-A
2841,20260829,17,79,50,A,6.0,False,Stand By Inoperativo,20260829-SAN CRISTOBAL-XRD150U-012-A
2842,20260829,17,79,55,A,1.0,False,Stand By Inoperativo,20260829-SAN CRISTOBAL-XRD150U-012-A
2843,20260829,17,79,58,A,3.0,False,Stand By Inoperativo,20260829-SAN CRISTOBAL-XRD150U-012-A
2844,20260829,17,79,59,A,1.0,False,Stand By Inoperativo,20260829-SAN CRISTOBAL-XRD150U-012-A
2845,20260829,17,79,60,B,12.0,False,Stand By Inoperativo,20260829-SAN CRISTOBAL-XRD150U-012-B
2846,20260830,17,79,60,B,12.0,False,Stand By Inoperativo,20260830-SAN CRISTOBAL-XRD150U-012-B
2847,20260831,17,79,60,B,12.0,False,Stand By Inoperativo,20260831-SAN CRISTOBAL-XRD150U-012-B
2848,20260826,17,78,1,A,4.5,True,Tiempo Efectivo - Operativo,20260826-SAN CRISTOBAL-DE710ST-001-A
2849,20260826,17,78,5,A,1.0,False,Mantenimiento,20260826-SAN CRISTOBAL-DE710ST-001-A
2850,20260826,17,78,8,A,0.5,True,Stand By Operativo,20260826-SAN CRISTOBAL-DE710ST-001-A
2851,20260826,17,78,9,A,1.5,True,Stand By Operativo,20260826-SAN CRISTOBAL-DE710ST-001-A
2852,20260826,17,78,10,A,1.0,True,Stand By Operativo,20260826-SAN CRISTOBAL-DE710ST-001-A
2853,20260826,17,78,47,A,0.5,False,Stand By Inoperativo,20260826-SAN CRISTOBAL-DE710ST-001-A
2854,20260826,17,78,55,A,1.0,False,Stand By Inoperativo,20260826-SAN CRISTOBAL-DE710ST-001-A
2855,20260826,17,78,58,A,1.0,False,Stand By Inoperativo,20260826-SAN CRISTOBAL-DE710ST-001-A
2856,20260826,17,78,59,A,1.0,False,Stand By Inoperativo,20260826-SAN CRISTOBAL-DE710ST-001-A
2857,20260826,17,78,1,B,6.0,True,Tiempo Efectivo - Operativo,20260826-SAN CRISTOBAL-DE710ST-001-B
2858,20260826,17,78,6,B,1.5,False,Mantenimiento,20260826-SAN CRISTOBAL-DE710ST-001-B
2859,20260826,17,78,7,B,0.5,True,Stand By Operativo,20260826-SAN CRISTOBAL-DE710ST-001-B
2860,20260826,17,78,8,B,0.5,True,Stand By Operativo,20260826-SAN CRISTOBAL-DE710ST-001-B
2861,20260826,17,78,47,B,0.5,False,Stand By Inoperativo,20260826-SAN CRISTOBAL-DE710ST-001-B
2862,20260826,17,78,48,B,0.5,False,Stand By Inoperativo,20260826-SAN CRISTOBAL-DE710ST-001-B
2863,20260826,17,78,55,B,0.5,False,Stand By Inoperativo,20260826-SAN CRISTOBAL-DE710ST-001-B
2864,20260826,17,78,58,B,1.0,False,Stand By Inoperativo,20260826-SAN CRISTOBAL-DE710ST-001-B
2865,20260826,17,78,59,B,1.0,False,Stand By Inoperativo,20260826-SAN CRISTOBAL-DE710ST-001-B
2866,20260827,17,78,1,A,3.0,True,Tiempo Efectivo - Operativo,20260827-SAN CRISTOBAL-DE710ST-001-A
2867,20260827,17,78,6,A,1.0,False,Mantenimiento,20260827-SAN CRISTOBAL-DE710ST-001-A
2868,20260827,17,78,9,A,3.0,True,Stand By Operativo,20260827-SAN CRISTOBAL-DE710ST-001-A
2869,20260827,17,78,10,A,2.0,True,Stand By Operativo,20260827-SAN CRISTOBAL-DE710ST-001-A
2870,20260827,17,78,55,A,1.0,False,Stand By Inoperativo,20260827-SAN CRISTOBAL-DE710ST-001-A
2871,20260827,17,78,58,A,1.0,False,Stand By Inoperativo,20260827-SAN CRISTOBAL-DE710ST-001-A
2872,20260827,17,78,59,A,1.0,False,Stand By Inoperativo,20260827-SAN CRISTOBAL-DE710ST-001-A
2873,20260827,17,78,1,B,8.0,True,Tiempo Efectivo - Operativo,20260827-SAN CRISTOBAL-DE710ST-001-B
2874,20260827,17,78,7,B,1.0,True,Stand By Operativo,20260827-SAN CRISTOBAL-DE710ST-001-B
2875,20260827,17,78,47,B,0.5,False,Stand By Inoperativo,20260827-SAN CRISTOBAL-DE710ST-001-B
2876,20260827,17,78,55,B,0.5,False,Stand By Inoperativo,20260827-SAN CRISTOBAL-DE710ST-001-B
2877,20260827,17,78,58,B,1.0,False,Stand By Inoperativo,20260827-SAN CRISTOBAL-DE710ST-001-B
2878,20260827,17,78,59,B,1.0,False,Stand By Inoperativo,20260827-SAN CRISTOBAL-DE710ST-001-B
2879,20260828,17,78,1,A,7.5,True,Tiempo Efectivo - Operativo,20260828-SAN CRISTOBAL-DE710ST-001-A
2880,20260828,17,78,8,A,0.5,True,Stand By Operativo,20260828-SAN CRISTOBAL-DE710ST-001-A
2881,20260828,17,78,10,A,1.0,True,Stand By Operativo,20260828-SAN CRISTOBAL-DE710ST-001-A
2882,20260828,17,78,47,A,0.5,False,Stand By Inoperativo,20260828-SAN CRISTOBAL-DE710ST-001-A
2883,20260828,17,78,55,A,0.5,False,Stand By Inoperativo,20260828-SAN CRISTOBAL-DE710ST-001-A
2884,20260828,17,78,58,A,1.0,False,Stand By Inoperativo,20260828-SAN CRISTOBAL-DE710ST-001-A
2885,20260828,17,78,59,A,1.0,False,Stand By Inoperativo,20260828-SAN CRISTOBAL-DE710ST-001-A
2886,20260828,17,78,1,B,7.5,True,Tiempo Efectivo - Operativo,20260828-SAN CRISTOBAL-DE710ST-001-B
2887,20260828,17,78,7,B,0.5,True,Stand By Operativo,20260828-SAN CRISTOBAL-DE710ST-001-B
2888,20260828,17,78,8,B,1.0,True,Stand By Operativo,20260828-SAN CRISTOBAL-DE710ST-001-B
2889,20260828,17,78,47,B,0.5,False,Stand By Inoperativo,20260828-SAN CRISTOBAL-DE710ST-001-B
2890,20260828,17,78,55,B,0.5,False,Stand By Inoperativo,20260828-SAN CRISTOBAL-DE710ST-001-B
2891,20260828,17,78,58,B,1.0,False,Stand By Inoperativo,20260828-SAN CRISTOBAL-DE710ST-001-B
2892,20260828,17,78,59,B,1.0,False,Stand By Inoperativo,20260828-SAN CRISTOBAL-DE710ST-001-B
2893,20260829,17,78,7,A,2.0,True,Stand By Operativo,20260829-SAN CRISTOBAL-DE710ST-001-A
2894,20260829,17,78,9,A,5.5,True,Stand By Operativo,20260829-SAN CRISTOBAL-DE710ST-001-A
2895,20260829,17,78,16,A,1.0,True,Stand By Operativo,20260829-SAN CRISTOBAL-DE710ST-001-A
2896,20260829,17,78,47,A,0.5,False,Stand By Inoperativo,20260829-SAN CRISTOBAL-DE710ST-001-A
2897,20260829,17,78,55,A,1.0,False,Stand By Inoperativo,20260829-SAN CRISTOBAL-DE710ST-001-A
2898,20260829,17,78,58,A,1.0,False,Stand By Inoperativo,20260829-SAN CRISTOBAL-DE710ST-001-A
2899,20260829,17,78,59,A,1.0,False,Stand By Inoperativo,20260829-SAN CRISTOBAL-DE710ST-001-A
2900,20260829,17,78,8,B,0.5,True,Stand By Operativo,20260829-SAN CRISTOBAL-DE710ST-001-B
2901,20260829,17,78,9,B,1.0,True,Stand By Operativo,20260829-SAN CRISTOBAL-DE710ST-001-B
2902,20260829,17,78,12,B,5.0,True,Stand By Operativo,20260829-SAN CRISTOBAL-DE710ST-001-B
2903,20260829,17,78,14,B,3.0,True,Stand By Operativo,20260829-SAN CRISTOBAL-DE710ST-001-B
2904,20260829,17,78,55,B,0.5,False,Stand By Inoperativo,20260829-SAN CRISTOBAL-DE710ST-001-B
2905,20260829,17,78,58,B,1.0,False,Stand By Inoperativo,20260829-SAN CRISTOBAL-DE710ST-001-B
2906,20260829,17,78,59,B,1.0,False,Stand By Inoperativo,20260829-SAN CRISTOBAL-DE710ST-001-B
2907,20260830,17,78,3,A,1.0,True,Tiempo Efectivo - Operativo,20260830-SAN CRISTOBAL-DE710ST-001-A
2908,20260830,17,78,7,A,2.0,True,Stand By Operativo,20260830-SAN CRISTOBAL-DE710ST-001-A
2909,20260830,17,78,47,A,0.5,False,Stand By Inoperativo,20260830-SAN CRISTOBAL-DE710ST-001-A
2910,20260830,17,78,52,A,1.0,False,Stand By Inoperativo,20260830-SAN CRISTOBAL-DE710ST-001-A
2911,20260830,17,78,53,A,4.5,False,Stand By Inoperativo,20260830-SAN CRISTOBAL-DE710ST-001-A
2912,20260830,17,78,55,A,1.0,False,Stand By Inoperativo,20260830-SAN CRISTOBAL-DE710ST-001-A
2913,20260830,17,78,58,A,1.0,False,Stand By Inoperativo,20260830-SAN CRISTOBAL-DE710ST-001-A
2914,20260830,17,78,59,A,1.0,False,Stand By Inoperativo,20260830-SAN CRISTOBAL-DE710ST-001-A
2915,20260830,17,78,17,B,4.0,True,Stand By Operativo,20260830-SAN CRISTOBAL-DE710ST-001-B
2916,20260830,17,78,47,B,0.5,False,Stand By Inoperativo,20260830-SAN CRISTOBAL-DE710ST-001-B
2917,20260830,17,78,48,B,2.0,False,Stand By Inoperativo,20260830-SAN CRISTOBAL-DE710ST-001-B
2918,20260830,17,78,50,B,2.0,False,Stand By Inoperativo,20260830-SAN CRISTOBAL-DE710ST-001-B
2919,20260830,17,78,55,B,0.5,False,Stand By Inoperativo,20260830-SAN CRISTOBAL-DE710ST-001-B
2920,20260830,17,78,58,B,1.0,False,Stand By Inoperativo,20260830-SAN CRISTOBAL-DE710ST-001-B
2921,20260830,17,78,59,B,1.0,False,Stand By Inoperativo,20260830-SAN CRISTOBAL-DE710ST-001-B
2922,20260831,17,78,17,A,3.0,True,Stand By Operativo,20260831-SAN CRISTOBAL-DE710ST-001-A
2923,20260831,17,78,50,A,1.0,False,Stand By Inoperativo,20260831-SAN CRISTOBAL-DE710ST-001-A
2924,20260831,17,78,52,A,2.0,False,Stand By Inoperativo,20260831-SAN CRISTOBAL-DE710ST-001-A
2925,20260831,17,78,53,A,3.0,False,Stand By Inoperativo,20260831-SAN CRISTOBAL-DE710ST-001-A
2926,20260831,17,78,55,A,1.0,False,Stand By Inoperativo,20260831-SAN CRISTOBAL-DE710ST-001-A
2927,20260831,17,78,58,A,1.0,False,Stand By Inoperativo,20260831-SAN CRISTOBAL-DE710ST-001-A
2928,20260831,17,78,59,A,1.0,False,Stand By Inoperativo,20260831-SAN CRISTOBAL-DE710ST-001-A
2929,20260831,17,78,17,B,4.0,True,Stand By Operativo,20260831-SAN CRISTOBAL-DE710ST-001-B
2930,20260831,17,78,47,B,3.0,False,Stand By Inoperativo,20260831-SAN CRISTOBAL-DE710ST-001-B
2931,20260831,17,78,51,B,2.0,False,Stand By Inoperativo,20260831-SAN CRISTOBAL-DE710ST-001-B
2932,20260831,17,78,55,B,1.0,False,Stand By Inoperativo,20260831-SAN CRISTOBAL-DE710ST-001-B
2933,20260831,17,78,58,B,1.0,False,Stand By Inoperativo,20260831-SAN CRISTOBAL-DE710ST-001-B
2934,20260831,17,78,59,B,1.0,False,Stand By Inoperativo,20260831-SAN CRISTOBAL-DE710ST-001-B
2935,20260826,18,83,1,A,5.5,True,Tiempo Efectivo - Operativo,20260826-TAMBOJASA-DE710ST-002-A
2936,20260826,18,83,2,A,1.0,True,Tiempo Efectivo - Operativo,20260826-TAMBOJASA-DE710ST-002-A
2937,20260826,18,83,9,A,1.0,True,Stand By Operativo,20260826-TAMBOJASA-DE710ST-002-A
2938,20260826,18,83,10,A,0.5,True,Stand By Operativo,20260826-TAMBOJASA-DE710ST-002-A
2939,20260826,18,83,47,A,1.0,False,Stand By Inoperativo,20260826-TAMBOJASA-DE710ST-002-A
2940,20260826,18,83,55,A,1.0,False,Stand By Inoperativo,20260826-TAMBOJASA-DE710ST-002-A
2941,20260826,18,83,58,A,1.0,False,Stand By Inoperativo,20260826-TAMBOJASA-DE710ST-002-A
2942,20260826,18,83,59,A,1.0,False,Stand By Inoperativo,20260826-TAMBOJASA-DE710ST-002-A
2943,20260826,18,83,1,B,7.0,True,Tiempo Efectivo - Operativo,20260826-TAMBOJASA-DE710ST-002-B
2944,20260826,18,83,9,B,1.0,True,Stand By Operativo,20260826-TAMBOJASA-DE710ST-002-B
2945,20260826,18,83,10,B,0.5,True,Stand By Operativo,20260826-TAMBOJASA-DE710ST-002-B
2946,20260826,18,83,47,B,1.0,False,Stand By Inoperativo,20260826-TAMBOJASA-DE710ST-002-B
2947,20260826,18,83,55,B,1.0,False,Stand By Inoperativo,20260826-TAMBOJASA-DE710ST-002-B
2948,20260826,18,83,58,B,0.5,False,Stand By Inoperativo,20260826-TAMBOJASA-DE710ST-002-B
2949,20260826,18,83,59,B,1.0,False,Stand By Inoperativo,20260826-TAMBOJASA-DE710ST-002-B
2950,20260827,18,83,1,A,8.5,True,Tiempo Efectivo - Operativo,20260827-TAMBOJASA-DE710ST-002-A
2951,20260827,18,83,10,A,0.5,True,Stand By Operativo,20260827-TAMBOJASA-DE710ST-002-A
2952,20260827,18,83,55,A,1.0,False,Stand By Inoperativo,20260827-TAMBOJASA-DE710ST-002-A
2953,20260827,18,83,58,A,1.0,False,Stand By Inoperativo,20260827-TAMBOJASA-DE710ST-002-A
2954,20260827,18,83,59,A,1.0,False,Stand By Inoperativo,20260827-TAMBOJASA-DE710ST-002-A
2955,20260827,18,83,1,B,8.0,True,Tiempo Efectivo - Operativo,20260827-TAMBOJASA-DE710ST-002-B
2956,20260827,18,83,9,B,1.0,True,Stand By Operativo,20260827-TAMBOJASA-DE710ST-002-B
2957,20260827,18,83,47,B,0.5,False,Stand By Inoperativo,20260827-TAMBOJASA-DE710ST-002-B
2958,20260827,18,83,55,B,1.0,False,Stand By Inoperativo,20260827-TAMBOJASA-DE710ST-002-B
2959,20260827,18,83,58,B,0.5,False,Stand By Inoperativo,20260827-TAMBOJASA-DE710ST-002-B
2960,20260827,18,83,59,B,1.0,False,Stand By Inoperativo,20260827-TAMBOJASA-DE710ST-002-B
2961,20260828,18,83,1,A,7.5,True,Tiempo Efectivo - Operativo,20260828-TAMBOJASA-DE710ST-002-A
2962,20260828,18,83,10,A,0.5,True,Stand By Operativo,20260828-TAMBOJASA-DE710ST-002-A
2963,20260828,18,83,16,A,1.0,True,Stand By Operativo,20260828-TAMBOJASA-DE710ST-002-A
2964,20260828,18,83,55,A,1.0,False,Stand By Inoperativo,20260828-TAMBOJASA-DE710ST-002-A
2965,20260828,18,83,58,A,1.0,False,Stand By Inoperativo,20260828-TAMBOJASA-DE710ST-002-A
2966,20260828,18,83,59,A,1.0,False,Stand By Inoperativo,20260828-TAMBOJASA-DE710ST-002-A
2967,20260828,18,83,1,B,9.0,True,Tiempo Efectivo - Operativo,20260828-TAMBOJASA-DE710ST-002-B
2968,20260828,18,83,47,B,0.5,False,Stand By Inoperativo,20260828-TAMBOJASA-DE710ST-002-B
2969,20260828,18,83,55,B,1.0,False,Stand By Inoperativo,20260828-TAMBOJASA-DE710ST-002-B
2970,20260828,18,83,58,B,0.5,False,Stand By Inoperativo,20260828-TAMBOJASA-DE710ST-002-B
2971,20260828,18,83,59,B,1.0,False,Stand By Inoperativo,20260828-TAMBOJASA-DE710ST-002-B
2972,20260829,18,83,1,A,6.0,True,Tiempo Efectivo - Operativo,20260829-TAMBOJASA-DE710ST-002-A
2973,20260829,18,83,9,A,1.5,True,Stand By Operativo,20260829-TAMBOJASA-DE710ST-002-A
2974,20260829,18,83,10,A,0.5,True,Stand By Operativo,20260829-TAMBOJASA-DE710ST-002-A
2975,20260829,18,83,16,A,1.0,True,Stand By Operativo,20260829-TAMBOJASA-DE710ST-002-A
2976,20260829,18,83,55,A,1.0,False,Stand By Inoperativo,20260829-TAMBOJASA-DE710ST-002-A
2977,20260829,18,83,58,A,1.0,False,Stand By Inoperativo,20260829-TAMBOJASA-DE710ST-002-A
2978,20260829,18,83,59,A,1.0,False,Stand By Inoperativo,20260829-TAMBOJASA-DE710ST-002-A
2979,20260829,18,83,3,B,4.0,True,Tiempo Efectivo - Operativo,20260829-TAMBOJASA-DE710ST-002-B
2980,20260829,18,83,18,B,5.0,True,Stand By Operativo,20260829-TAMBOJASA-DE710ST-002-B
2981,20260829,18,83,47,B,0.5,False,Stand By Inoperativo,20260829-TAMBOJASA-DE710ST-002-B
2982,20260829,18,83,55,B,1.0,False,Stand By Inoperativo,20260829-TAMBOJASA-DE710ST-002-B
2983,20260829,18,83,58,B,0.5,False,Stand By Inoperativo,20260829-TAMBOJASA-DE710ST-002-B
2984,20260829,18,83,59,B,1.0,False,Stand By Inoperativo,20260829-TAMBOJASA-DE710ST-002-B
2985,20260830,18,83,52,A,2.5,False,Stand By Inoperativo,20260830-TAMBOJASA-DE710ST-002-A
2986,20260830,18,83,53,A,4.0,False,Stand By Inoperativo,20260830-TAMBOJASA-DE710ST-002-A
2987,20260830,18,83,55,A,0.5,False,Stand By Inoperativo,20260830-TAMBOJASA-DE710ST-002-A
2988,20260830,18,83,58,A,1.0,False,Stand By Inoperativo,20260830-TAMBOJASA-DE710ST-002-A
2989,20260830,18,83,61,A,4.0,False,Stand By Inoperativo,20260830-TAMBOJASA-DE710ST-002-A
2990,20260830,18,83,52,B,9.5,False,Stand By Inoperativo,20260830-TAMBOJASA-DE710ST-002-B
2991,20260830,18,83,55,B,1.0,False,Stand By Inoperativo,20260830-TAMBOJASA-DE710ST-002-B
2992,20260830,18,83,58,B,0.5,False,Stand By Inoperativo,20260830-TAMBOJASA-DE710ST-002-B
2993,20260830,18,83,59,B,1.0,False,Stand By Inoperativo,20260830-TAMBOJASA-DE710ST-002-B
2994,20260831,18,83,47,A,1.0,False,Stand By Inoperativo,20260831-TAMBOJASA-DE710ST-002-A
2995,20260831,18,83,49,A,1.0,False,Stand By Inoperativo,20260831-TAMBOJASA-DE710ST-002-A
2996,20260831,18,83,50,A,3.0,False,Stand By Inoperativo,20260831-TAMBOJASA-DE710ST-002-A
2997,20260831,18,83,52,A,4.0,False,Stand By Inoperativo,20260831-TAMBOJASA-DE710ST-002-A
2998,20260831,18,83,55,A,1.0,False,Stand By Inoperativo,20260831-TAMBOJASA-DE710ST-002-A
2999,20260831,18,83,58,A,1.0,False,Stand By Inoperativo,20260831-TAMBOJASA-DE710ST-002-A
3000,20260831,18,83,59,A,1.0,False,Stand By Inoperativo,20260831-TAMBOJASA-DE710ST-002-A
3001,20260831,18,83,52,B,9.5,False,Stand By Inoperativo,20260831-TAMBOJASA-DE710ST-002-B
3002,20260831,18,83,55,B,1.0,False,Stand By Inoperativo,20260831-TAMBOJASA-DE710ST-002-B
3003,20260831,18,83,58,B,0.5,False,Stand By Inoperativo,20260831-TAMBOJASA-DE710ST-002-B
3004,20260831,18,83,59,B,1.0,False,Stand By Inoperativo,20260831-TAMBOJASA-DE710ST-002-B
3005,20260826,18,84,1,A,5.0,True,Tiempo Efectivo - Operativo,20260826-TAMBOJASA-XRD150U-009-A
3006,20260826,18,84,8,A,1.0,True,Stand By Operativo,20260826-TAMBOJASA-XRD150U-009-A
3007,20260826,18,84,10,A,1.0,True,Stand By Operativo,20260826-TAMBOJASA-XRD150U-009-A
3008,20260826,18,84,16,A,1.0,True,Stand By Operativo,20260826-TAMBOJASA-XRD150U-009-A
3009,20260826,18,84,47,A,0.5,False,Stand By Inoperativo,20260826-TAMBOJASA-XRD150U-009-A
3010,20260826,18,84,55,A,0.5,False,Stand By Inoperativo,20260826-TAMBOJASA-XRD150U-009-A
3011,20260826,18,84,59,A,1.0,False,Stand By Inoperativo,20260826-TAMBOJASA-XRD150U-009-A
3012,20260826,18,84,70,A,2.0,True,Stand By Cliente,20260826-TAMBOJASA-XRD150U-009-A
3013,20260826,18,84,1,B,4.5,True,Tiempo Efectivo - Operativo,20260826-TAMBOJASA-XRD150U-009-B
3014,20260826,18,84,4,B,0.5,True,Tiempo Efectivo - Operativo,20260826-TAMBOJASA-XRD150U-009-B
3015,20260826,18,84,5,B,0.5,False,Mantenimiento,20260826-TAMBOJASA-XRD150U-009-B
3016,20260826,18,84,7,B,0.5,True,Stand By Operativo,20260826-TAMBOJASA-XRD150U-009-B
3017,20260826,18,84,47,B,0.5,False,Stand By Inoperativo,20260826-TAMBOJASA-XRD150U-009-B
3018,20260826,18,84,55,B,0.5,False,Stand By Inoperativo,20260826-TAMBOJASA-XRD150U-009-B
3019,20260826,18,84,58,B,1.0,False,Stand By Inoperativo,20260826-TAMBOJASA-XRD150U-009-B
3020,20260826,18,84,59,B,1.0,False,Stand By Inoperativo,20260826-TAMBOJASA-XRD150U-009-B
3021,20260826,18,84,69,B,2.0,True,Stand By Cliente,20260826-TAMBOJASA-XRD150U-009-B
3022,20260826,18,84,70,B,1.0,True,Stand By Cliente,20260826-TAMBOJASA-XRD150U-009-B
3023,20260827,18,84,1,A,3.0,True,Tiempo Efectivo - Operativo,20260827-TAMBOJASA-XRD150U-009-A
3024,20260827,18,84,10,A,0.5,True,Stand By Operativo,20260827-TAMBOJASA-XRD150U-009-A
3025,20260827,18,84,55,A,0.5,False,Stand By Inoperativo,20260827-TAMBOJASA-XRD150U-009-A
3026,20260827,18,84,58,A,1.0,False,Stand By Inoperativo,20260827-TAMBOJASA-XRD150U-009-A
3027,20260827,18,84,59,A,1.0,False,Stand By Inoperativo,20260827-TAMBOJASA-XRD150U-009-A
3028,20260827,18,84,68,A,2.0,True,Stand By Cliente,20260827-TAMBOJASA-XRD150U-009-A
3029,20260827,18,84,69,A,2.0,True,Stand By Cliente,20260827-TAMBOJASA-XRD150U-009-A
3030,20260827,18,84,70,A,2.0,True,Stand By Cliente,20260827-TAMBOJASA-XRD150U-009-A
3031,20260827,18,84,1,B,5.5,True,Tiempo Efectivo - Operativo,20260827-TAMBOJASA-XRD150U-009-B
3032,20260827,18,84,2,B,0.5,True,Tiempo Efectivo - Operativo,20260827-TAMBOJASA-XRD150U-009-B
3033,20260827,18,84,7,B,0.5,True,Stand By Operativo,20260827-TAMBOJASA-XRD150U-009-B
3034,20260827,18,84,10,B,0.5,True,Stand By Operativo,20260827-TAMBOJASA-XRD150U-009-B
3035,20260827,18,84,47,B,0.5,False,Stand By Inoperativo,20260827-TAMBOJASA-XRD150U-009-B
3036,20260827,18,84,55,B,0.5,False,Stand By Inoperativo,20260827-TAMBOJASA-XRD150U-009-B
3037,20260827,18,84,58,B,1.0,False,Stand By Inoperativo,20260827-TAMBOJASA-XRD150U-009-B
3038,20260827,18,84,59,B,1.0,False,Stand By Inoperativo,20260827-TAMBOJASA-XRD150U-009-B
3039,20260827,18,84,69,B,2.0,True,Stand By Cliente,20260827-TAMBOJASA-XRD150U-009-B
3040,20260828,18,84,1,A,5.0,True,Tiempo Efectivo - Operativo,20260828-TAMBOJASA-XRD150U-009-A
3041,20260828,18,84,9,A,2.0,True,Stand By Operativo,20260828-TAMBOJASA-XRD150U-009-A
3042,20260828,18,84,10,A,1.0,True,Stand By Operativo,20260828-TAMBOJASA-XRD150U-009-A
3043,20260828,18,84,47,A,0.5,False,Stand By Inoperativo,20260828-TAMBOJASA-XRD150U-009-A
3044,20260828,18,84,55,A,0.5,False,Stand By Inoperativo,20260828-TAMBOJASA-XRD150U-009-A
3045,20260828,18,84,58,A,1.0,False,Stand By Inoperativo,20260828-TAMBOJASA-XRD150U-009-A
3046,20260828,18,84,59,A,1.0,False,Stand By Inoperativo,20260828-TAMBOJASA-XRD150U-009-A
3047,20260828,18,84,70,A,1.0,True,Stand By Cliente,20260828-TAMBOJASA-XRD150U-009-A
3048,20260828,18,84,1,B,4.0,True,Tiempo Efectivo - Operativo,20260828-TAMBOJASA-XRD150U-009-B
3049,20260828,18,84,2,B,0.5,True,Tiempo Efectivo - Operativo,20260828-TAMBOJASA-XRD150U-009-B
3050,20260828,18,84,7,B,0.5,True,Stand By Operativo,20260828-TAMBOJASA-XRD150U-009-B
3051,20260828,18,84,10,B,0.5,True,Stand By Operativo,20260828-TAMBOJASA-XRD150U-009-B
3052,20260828,18,84,47,B,0.5,False,Stand By Inoperativo,20260828-TAMBOJASA-XRD150U-009-B
3053,20260828,18,84,48,B,0.5,False,Stand By Inoperativo,20260828-TAMBOJASA-XRD150U-009-B
3054,20260828,18,84,55,B,0.5,False,Stand By Inoperativo,20260828-TAMBOJASA-XRD150U-009-B
3055,20260828,18,84,58,B,1.0,False,Stand By Inoperativo,20260828-TAMBOJASA-XRD150U-009-B
3056,20260828,18,84,59,B,1.0,False,Stand By Inoperativo,20260828-TAMBOJASA-XRD150U-009-B
3057,20260828,18,84,68,B,3.0,True,Stand By Cliente,20260828-TAMBOJASA-XRD150U-009-B
3058,20260829,18,84,1,A,5.0,True,Tiempo Efectivo - Operativo,20260829-TAMBOJASA-XRD150U-009-A
3059,20260829,18,84,5,A,0.5,False,Mantenimiento,20260829-TAMBOJASA-XRD150U-009-A
3060,20260829,18,84,8,A,0.5,True,Stand By Operativo,20260829-TAMBOJASA-XRD150U-009-A
3061,20260829,18,84,10,A,1.0,True,Stand By Operativo,20260829-TAMBOJASA-XRD150U-009-A
3062,20260829,18,84,47,A,0.5,False,Stand By Inoperativo,20260829-TAMBOJASA-XRD150U-009-A
3063,20260829,18,84,55,A,0.5,False,Stand By Inoperativo,20260829-TAMBOJASA-XRD150U-009-A
3064,20260829,18,84,58,A,1.0,False,Stand By Inoperativo,20260829-TAMBOJASA-XRD150U-009-A
3065,20260829,18,84,59,A,1.0,False,Stand By Inoperativo,20260829-TAMBOJASA-XRD150U-009-A
3066,20260829,18,84,68,A,2.0,True,Stand By Cliente,20260829-TAMBOJASA-XRD150U-009-A
3067,20260829,18,84,1,B,5.5,True,Tiempo Efectivo - Operativo,20260829-TAMBOJASA-XRD150U-009-B
3068,20260829,18,84,3,B,0.5,True,Tiempo Efectivo - Operativo,20260829-TAMBOJASA-XRD150U-009-B
3069,20260829,18,84,7,B,0.5,True,Stand By Operativo,20260829-TAMBOJASA-XRD150U-009-B
3070,20260829,18,84,48,B,0.5,False,Stand By Inoperativo,20260829-TAMBOJASA-XRD150U-009-B
3071,20260829,18,84,55,B,0.5,False,Stand By Inoperativo,20260829-TAMBOJASA-XRD150U-009-B
3072,20260829,18,84,58,B,1.0,False,Stand By Inoperativo,20260829-TAMBOJASA-XRD150U-009-B
3073,20260829,18,84,59,B,1.0,False,Stand By Inoperativo,20260829-TAMBOJASA-XRD150U-009-B
3074,20260829,18,84,68,B,2.5,True,Stand By Cliente,20260829-TAMBOJASA-XRD150U-009-B
3075,20260830,18,84,1,A,2.5,True,Tiempo Efectivo - Operativo,20260830-TAMBOJASA-XRD150U-009-A
3076,20260830,18,84,5,A,0.5,False,Mantenimiento,20260830-TAMBOJASA-XRD150U-009-A
3077,20260830,18,84,10,A,1.0,True,Stand By Operativo,20260830-TAMBOJASA-XRD150U-009-A
3078,20260830,18,84,47,A,0.5,False,Stand By Inoperativo,20260830-TAMBOJASA-XRD150U-009-A
3079,20260830,18,84,55,A,0.5,False,Stand By Inoperativo,20260830-TAMBOJASA-XRD150U-009-A
3080,20260830,18,84,58,A,1.0,False,Stand By Inoperativo,20260830-TAMBOJASA-XRD150U-009-A
3081,20260830,18,84,59,A,1.0,False,Stand By Inoperativo,20260830-TAMBOJASA-XRD150U-009-A
3082,20260830,18,84,61,A,1.0,False,Stand By Inoperativo,20260830-TAMBOJASA-XRD150U-009-A
3083,20260830,18,84,62,A,0.5,False,Stand By Inoperativo,20260830-TAMBOJASA-XRD150U-009-A
3084,20260830,18,84,68,A,3.5,True,Stand By Cliente,20260830-TAMBOJASA-XRD150U-009-A
3085,20260830,18,84,1,B,6.0,True,Tiempo Efectivo - Operativo,20260830-TAMBOJASA-XRD150U-009-B
3086,20260830,18,84,5,B,0.5,False,Mantenimiento,20260830-TAMBOJASA-XRD150U-009-B
3087,20260830,18,84,47,B,0.5,False,Stand By Inoperativo,20260830-TAMBOJASA-XRD150U-009-B
3088,20260830,18,84,55,B,1.0,False,Stand By Inoperativo,20260830-TAMBOJASA-XRD150U-009-B
3089,20260830,18,84,58,B,1.0,False,Stand By Inoperativo,20260830-TAMBOJASA-XRD150U-009-B
3090,20260830,18,84,59,B,1.0,False,Stand By Inoperativo,20260830-TAMBOJASA-XRD150U-009-B
3091,20260830,18,84,70,B,2.0,True,Stand By Cliente,20260830-TAMBOJASA-XRD150U-009-B
3092,20260831,18,84,1,A,5.5,True,Tiempo Efectivo - Operativo,20260831-TAMBOJASA-XRD150U-009-A
3093,20260831,18,84,5,A,0.5,False,Mantenimiento,20260831-TAMBOJASA-XRD150U-009-A
3094,20260831,18,84,9,A,2.0,True,Stand By Operativo,20260831-TAMBOJASA-XRD150U-009-A
3095,20260831,18,84,10,A,1.0,True,Stand By Operativo,20260831-TAMBOJASA-XRD150U-009-A
3096,20260831,18,84,46,A,0.5,False,Stand By Inoperativo,20260831-TAMBOJASA-XRD150U-009-A
3097,20260831,18,84,55,A,0.5,False,Stand By Inoperativo,20260831-TAMBOJASA-XRD150U-009-A
3098,20260831,18,84,58,A,1.0,False,Stand By Inoperativo,20260831-TAMBOJASA-XRD150U-009-A
3099,20260831,18,84,59,A,1.0,False,Stand By Inoperativo,20260831-TAMBOJASA-XRD150U-009-A
3100,20260831,18,84,1,B,6.5,True,Tiempo Efectivo - Operativo,20260831-TAMBOJASA-XRD150U-009-B
3101,20260831,18,84,6,B,0.5,False,Mantenimiento,20260831-TAMBOJASA-XRD150U-009-B
3102,20260831,18,84,10,B,0.5,True,Stand By Operativo,20260831-TAMBOJASA-XRD150U-009-B
3103,20260831,18,84,47,B,0.5,False,Stand By Inoperativo,20260831-TAMBOJASA-XRD150U-009-B
3104,20260831,18,84,55,B,1.0,False,Stand By Inoperativo,20260831-TAMBOJASA-XRD150U-009-B
3105,20260831,18,84,58,B,1.0,False,Stand By Inoperativo,20260831-TAMBOJASA-XRD150U-009-B
3106,20260831,18,84,59,B,1.0,False,Stand By Inoperativo,20260831-TAMBOJASA-XRD150U-009-B
3107,20260831,18,84,70,B,1.0,True,Stand By Cliente,20260831-TAMBOJASA-XRD150U-009-B
3108,20260826,19,85,1,A,3.0,True,Tiempo Efectivo - Operativo,20260826-TICLIO-XRD150U-007-A
3109,20260826,19,85,5,A,0.5,False,Mantenimiento,20260826-TICLIO-XRD150U-007-A
3110,20260826,19,85,8,A,0.5,True,Stand By Operativo,20260826-TICLIO-XRD150U-007-A
3111,20260826,19,85,9,A,3.0,True,Stand By Operativo,20260826-TICLIO-XRD150U-007-A
3112,20260826,19,85,10,A,0.5,True,Stand By Operativo,20260826-TICLIO-XRD150U-007-A
3113,20260826,19,85,47,A,0.5,False,Stand By Inoperativo,20260826-TICLIO-XRD150U-007-A
3114,20260826,19,85,58,A,2.0,False,Stand By Inoperativo,20260826-TICLIO-XRD150U-007-A
3115,20260826,19,85,59,A,1.0,False,Stand By Inoperativo,20260826-TICLIO-XRD150U-007-A
3116,20260826,19,85,82,A,1.0,True,Stand By Cliente,20260826-TICLIO-XRD150U-007-A
3117,20260826,19,85,1,B,6.0,True,Tiempo Efectivo - Operativo,20260826-TICLIO-XRD150U-007-B
3118,20260826,19,85,5,B,0.5,False,Mantenimiento,20260826-TICLIO-XRD150U-007-B
3119,20260826,19,85,7,B,0.5,True,Stand By Operativo,20260826-TICLIO-XRD150U-007-B
3120,20260826,19,85,8,B,0.5,True,Stand By Operativo,20260826-TICLIO-XRD150U-007-B
3121,20260826,19,85,47,B,0.5,False,Stand By Inoperativo,20260826-TICLIO-XRD150U-007-B
3122,20260826,19,85,58,B,2.0,False,Stand By Inoperativo,20260826-TICLIO-XRD150U-007-B
3123,20260826,19,85,59,B,1.0,False,Stand By Inoperativo,20260826-TICLIO-XRD150U-007-B
3124,20260826,19,85,82,B,1.0,True,Stand By Cliente,20260826-TICLIO-XRD150U-007-B
3125,20260827,19,85,1,A,6.0,True,Tiempo Efectivo - Operativo,20260827-TICLIO-XRD150U-007-A
3126,20260827,19,85,5,A,0.5,False,Mantenimiento,20260827-TICLIO-XRD150U-007-A
3127,20260827,19,85,16,A,1.0,True,Stand By Operativo,20260827-TICLIO-XRD150U-007-A
3128,20260827,19,85,47,A,0.5,False,Stand By Inoperativo,20260827-TICLIO-XRD150U-007-A
3129,20260827,19,85,58,A,2.0,False,Stand By Inoperativo,20260827-TICLIO-XRD150U-007-A
3130,20260827,19,85,59,A,1.0,False,Stand By Inoperativo,20260827-TICLIO-XRD150U-007-A
3131,20260827,19,85,82,A,1.0,True,Stand By Cliente,20260827-TICLIO-XRD150U-007-A
3132,20260827,19,85,1,B,5.5,True,Tiempo Efectivo - Operativo,20260827-TICLIO-XRD150U-007-B
3133,20260827,19,85,5,B,0.5,False,Mantenimiento,20260827-TICLIO-XRD150U-007-B
3134,20260827,19,85,7,B,0.5,True,Stand By Operativo,20260827-TICLIO-XRD150U-007-B
3135,20260827,19,85,8,B,0.5,True,Stand By Operativo,20260827-TICLIO-XRD150U-007-B
3136,20260827,19,85,47,B,1.0,False,Stand By Inoperativo,20260827-TICLIO-XRD150U-007-B
3137,20260827,19,85,58,B,2.0,False,Stand By Inoperativo,20260827-TICLIO-XRD150U-007-B
3138,20260827,19,85,59,B,1.0,False,Stand By Inoperativo,20260827-TICLIO-XRD150U-007-B
3139,20260827,19,85,82,B,1.0,True,Stand By Cliente,20260827-TICLIO-XRD150U-007-B
3140,20260828,19,85,1,A,3.0,True,Tiempo Efectivo - Operativo,20260828-TICLIO-XRD150U-007-A
3141,20260828,19,85,5,A,0.5,False,Mantenimiento,20260828-TICLIO-XRD150U-007-A
3142,20260828,19,85,8,A,0.5,True,Stand By Operativo,20260828-TICLIO-XRD150U-007-A
3143,20260828,19,85,14,A,3.0,True,Stand By Operativo,20260828-TICLIO-XRD150U-007-A
3144,20260828,19,85,47,A,1.0,False,Stand By Inoperativo,20260828-TICLIO-XRD150U-007-A
3145,20260828,19,85,58,A,2.0,False,Stand By Inoperativo,20260828-TICLIO-XRD150U-007-A
3146,20260828,19,85,59,A,1.0,False,Stand By Inoperativo,20260828-TICLIO-XRD150U-007-A
3147,20260828,19,85,82,A,1.0,True,Stand By Cliente,20260828-TICLIO-XRD150U-007-A
3148,20260828,19,85,60,B,12.0,False,Stand By Inoperativo,20260828-TICLIO-XRD150U-007-B
3149,20260829,19,85,5,A,0.5,False,Mantenimiento,20260829-TICLIO-XRD150U-007-A
3150,20260829,19,85,9,A,2.0,True,Stand By Operativo,20260829-TICLIO-XRD150U-007-A
3151,20260829,19,85,14,A,2.0,True,Stand By Operativo,20260829-TICLIO-XRD150U-007-A
3152,20260829,19,85,47,A,0.5,False,Stand By Inoperativo,20260829-TICLIO-XRD150U-007-A
3153,20260829,19,85,48,A,3.0,False,Stand By Inoperativo,20260829-TICLIO-XRD150U-007-A
3154,20260829,19,85,55,A,1.0,False,Stand By Inoperativo,20260829-TICLIO-XRD150U-007-A
3155,20260829,19,85,58,A,2.0,False,Stand By Inoperativo,20260829-TICLIO-XRD150U-007-A
3156,20260829,19,85,59,A,1.0,False,Stand By Inoperativo,20260829-TICLIO-XRD150U-007-A
3157,20260829,19,85,6,B,2.0,False,Mantenimiento,20260829-TICLIO-XRD150U-007-B
3158,20260829,19,85,18,B,2.0,True,Stand By Operativo,20260829-TICLIO-XRD150U-007-B
3159,20260829,19,85,48,B,1.0,False,Stand By Inoperativo,20260829-TICLIO-XRD150U-007-B
3160,20260829,19,85,50,B,3.0,False,Stand By Inoperativo,20260829-TICLIO-XRD150U-007-B
3161,20260829,19,85,55,B,1.0,False,Stand By Inoperativo,20260829-TICLIO-XRD150U-007-B
3162,20260829,19,85,58,B,2.0,False,Stand By Inoperativo,20260829-TICLIO-XRD150U-007-B
3163,20260829,19,85,59,B,1.0,False,Stand By Inoperativo,20260829-TICLIO-XRD150U-007-B
3164,20260830,19,85,5,A,0.5,False,Mantenimiento,20260830-TICLIO-XRD150U-007-A
3165,20260830,19,85,47,A,1.0,False,Stand By Inoperativo,20260830-TICLIO-XRD150U-007-A
3166,20260830,19,85,48,A,4.5,False,Stand By Inoperativo,20260830-TICLIO-XRD150U-007-A
3167,20260830,19,85,52,A,2.0,False,Stand By Inoperativo,20260830-TICLIO-XRD150U-007-A
3168,20260830,19,85,55,A,1.0,False,Stand By Inoperativo,20260830-TICLIO-XRD150U-007-A
3169,20260830,19,85,58,A,2.0,False,Stand By Inoperativo,20260830-TICLIO-XRD150U-007-A
3170,20260830,19,85,59,A,1.0,False,Stand By Inoperativo,20260830-TICLIO-XRD150U-007-A
3171,20260830,19,85,1,B,6.0,True,Tiempo Efectivo - Operativo,20260830-TICLIO-XRD150U-007-B
3172,20260830,19,85,5,B,0.5,False,Mantenimiento,20260830-TICLIO-XRD150U-007-B
3173,20260830,19,85,47,B,0.5,False,Stand By Inoperativo,20260830-TICLIO-XRD150U-007-B
3174,20260830,19,85,52,B,1.0,False,Stand By Inoperativo,20260830-TICLIO-XRD150U-007-B
3175,20260830,19,85,55,B,1.0,False,Stand By Inoperativo,20260830-TICLIO-XRD150U-007-B
3176,20260830,19,85,58,B,2.0,False,Stand By Inoperativo,20260830-TICLIO-XRD150U-007-B
3177,20260830,19,85,59,B,1.0,False,Stand By Inoperativo,20260830-TICLIO-XRD150U-007-B
3178,20260831,19,85,1,A,5.5,True,Tiempo Efectivo - Operativo,20260831-TICLIO-XRD150U-007-A
3179,20260831,19,85,5,A,0.5,False,Mantenimiento,20260831-TICLIO-XRD150U-007-A
3180,20260831,19,85,8,A,0.5,True,Stand By Operativo,20260831-TICLIO-XRD150U-007-A
3181,20260831,19,85,9,A,0.5,True,Stand By Operativo,20260831-TICLIO-XRD150U-007-A
3182,20260831,19,85,10,A,0.5,True,Stand By Operativo,20260831-TICLIO-XRD150U-007-A
3183,20260831,19,85,47,A,0.5,False,Stand By Inoperativo,20260831-TICLIO-XRD150U-007-A
3184,20260831,19,85,55,A,1.0,False,Stand By Inoperativo,20260831-TICLIO-XRD150U-007-A
3185,20260831,19,85,58,A,2.0,False,Stand By Inoperativo,20260831-TICLIO-XRD150U-007-A
3186,20260831,19,85,59,A,1.0,False,Stand By Inoperativo,20260831-TICLIO-XRD150U-007-A
3187,20260831,19,85,1,B,7.0,True,Tiempo Efectivo - Operativo,20260831-TICLIO-XRD150U-007-B
3188,20260831,19,85,16,B,1.0,True,Stand By Operativo,20260831-TICLIO-XRD150U-007-B
3189,20260831,19,85,47,B,0.5,False,Stand By Inoperativo,20260831-TICLIO-XRD150U-007-B
3190,20260831,19,85,55,B,0.5,False,Stand By Inoperativo,20260831-TICLIO-XRD150U-007-B
3191,20260831,19,85,58,B,2.0,False,Stand By Inoperativo,20260831-TICLIO-XRD150U-007-B
3192,20260831,19,85,59,B,1.0,False,Stand By Inoperativo,20260831-TICLIO-XRD150U-007-B
3193,20260826,20,89,1,A,4.0,True,Tiempo Efectivo - Operativo,20260826-YAULIYACU-XRD50USS-003-A
3194,20260826,20,89,5,A,0.5,False,Mantenimiento,20260826-YAULIYACU-XRD50USS-003-A
3195,20260826,20,89,7,A,0.5,True,Stand By Operativo,20260826-YAULIYACU-XRD50USS-003-A
3196,20260826,20,89,8,A,0.5,True,Stand By Operativo,20260826-YAULIYACU-XRD50USS-003-A
3197,20260826,20,89,10,A,1.0,True,Stand By Operativo,20260826-YAULIYACU-XRD50USS-003-A
3198,20260826,20,89,46,A,0.5,False,Stand By Inoperativo,20260826-YAULIYACU-XRD50USS-003-A
3199,20260826,20,89,47,A,0.5,False,Stand By Inoperativo,20260826-YAULIYACU-XRD50USS-003-A
3200,20260826,20,89,55,A,0.5,False,Stand By Inoperativo,20260826-YAULIYACU-XRD50USS-003-A
3201,20260826,20,89,58,A,2.0,False,Stand By Inoperativo,20260826-YAULIYACU-XRD50USS-003-A
3202,20260826,20,89,59,A,1.0,False,Stand By Inoperativo,20260826-YAULIYACU-XRD50USS-003-A
3203,20260826,20,89,1,B,5.0,True,Tiempo Efectivo - Operativo,20260826-YAULIYACU-XRD50USS-003-B
3204,20260826,20,89,5,B,0.5,False,Mantenimiento,20260826-YAULIYACU-XRD50USS-003-B
3205,20260826,20,89,7,B,0.5,True,Stand By Operativo,20260826-YAULIYACU-XRD50USS-003-B
3206,20260826,20,89,8,B,0.5,True,Stand By Operativo,20260826-YAULIYACU-XRD50USS-003-B
3207,20260826,20,89,9,B,0.5,True,Stand By Operativo,20260826-YAULIYACU-XRD50USS-003-B
3208,20260826,20,89,47,B,0.5,False,Stand By Inoperativo,20260826-YAULIYACU-XRD50USS-003-B
3209,20260826,20,89,55,B,0.5,False,Stand By Inoperativo,20260826-YAULIYACU-XRD50USS-003-B
3210,20260826,20,89,58,B,2.0,False,Stand By Inoperativo,20260826-YAULIYACU-XRD50USS-003-B
3211,20260826,20,89,59,B,1.0,False,Stand By Inoperativo,20260826-YAULIYACU-XRD50USS-003-B
3212,20260827,20,89,1,A,4.0,True,Tiempo Efectivo - Operativo,20260827-YAULIYACU-XRD50USS-003-A
3213,20260827,20,89,5,A,0.5,False,Mantenimiento,20260827-YAULIYACU-XRD50USS-003-A
3214,20260827,20,89,7,A,1.0,True,Stand By Operativo,20260827-YAULIYACU-XRD50USS-003-A
3215,20260827,20,89,8,A,1.0,True,Stand By Operativo,20260827-YAULIYACU-XRD50USS-003-A
3216,20260827,20,89,47,A,1.0,False,Stand By Inoperativo,20260827-YAULIYACU-XRD50USS-003-A
3217,20260827,20,89,55,A,0.5,False,Stand By Inoperativo,20260827-YAULIYACU-XRD50USS-003-A
3218,20260827,20,89,58,A,2.0,False,Stand By Inoperativo,20260827-YAULIYACU-XRD50USS-003-A
3219,20260827,20,89,59,A,1.0,False,Stand By Inoperativo,20260827-YAULIYACU-XRD50USS-003-A
3220,20260827,20,89,1,B,5.0,True,Tiempo Efectivo - Operativo,20260827-YAULIYACU-XRD50USS-003-B
3221,20260827,20,89,5,B,0.5,False,Mantenimiento,20260827-YAULIYACU-XRD50USS-003-B
3222,20260827,20,89,7,B,0.5,True,Stand By Operativo,20260827-YAULIYACU-XRD50USS-003-B
3223,20260827,20,89,8,B,0.5,True,Stand By Operativo,20260827-YAULIYACU-XRD50USS-003-B
3224,20260827,20,89,9,B,0.5,True,Stand By Operativo,20260827-YAULIYACU-XRD50USS-003-B
3225,20260827,20,89,47,B,0.5,False,Stand By Inoperativo,20260827-YAULIYACU-XRD50USS-003-B
3226,20260827,20,89,55,B,0.5,False,Stand By Inoperativo,20260827-YAULIYACU-XRD50USS-003-B
3227,20260827,20,89,58,B,2.0,False,Stand By Inoperativo,20260827-YAULIYACU-XRD50USS-003-B
3228,20260827,20,89,59,B,1.0,False,Stand By Inoperativo,20260827-YAULIYACU-XRD50USS-003-B
3229,20260828,20,89,1,A,4.0,True,Tiempo Efectivo - Operativo,20260828-YAULIYACU-XRD50USS-003-A
3230,20260828,20,89,5,A,0.5,False,Mantenimiento,20260828-YAULIYACU-XRD50USS-003-A
3231,20260828,20,89,7,A,1.0,True,Stand By Operativo,20260828-YAULIYACU-XRD50USS-003-A
3232,20260828,20,89,8,A,1.0,True,Stand By Operativo,20260828-YAULIYACU-XRD50USS-003-A
3233,20260828,20,89,46,A,0.5,False,Stand By Inoperativo,20260828-YAULIYACU-XRD50USS-003-A
3234,20260828,20,89,47,A,0.5,False,Stand By Inoperativo,20260828-YAULIYACU-XRD50USS-003-A
3235,20260828,20,89,55,A,0.5,False,Stand By Inoperativo,20260828-YAULIYACU-XRD50USS-003-A
3236,20260828,20,89,58,A,2.0,False,Stand By Inoperativo,20260828-YAULIYACU-XRD50USS-003-A
3237,20260828,20,89,59,A,1.0,False,Stand By Inoperativo,20260828-YAULIYACU-XRD50USS-003-A
3238,20260828,20,89,1,B,4.0,True,Tiempo Efectivo - Operativo,20260828-YAULIYACU-XRD50USS-003-B
3239,20260828,20,89,5,B,0.5,False,Mantenimiento,20260828-YAULIYACU-XRD50USS-003-B
3240,20260828,20,89,7,B,0.5,True,Stand By Operativo,20260828-YAULIYACU-XRD50USS-003-B
3241,20260828,20,89,8,B,0.5,True,Stand By Operativo,20260828-YAULIYACU-XRD50USS-003-B
3242,20260828,20,89,9,B,0.5,True,Stand By Operativo,20260828-YAULIYACU-XRD50USS-003-B
3243,20260828,20,89,46,B,1.0,False,Stand By Inoperativo,20260828-YAULIYACU-XRD50USS-003-B
3244,20260828,20,89,47,B,0.5,False,Stand By Inoperativo,20260828-YAULIYACU-XRD50USS-003-B
3245,20260828,20,89,55,B,0.5,False,Stand By Inoperativo,20260828-YAULIYACU-XRD50USS-003-B
3246,20260828,20,89,58,B,2.0,False,Stand By Inoperativo,20260828-YAULIYACU-XRD50USS-003-B
3247,20260828,20,89,59,B,1.0,False,Stand By Inoperativo,20260828-YAULIYACU-XRD50USS-003-B
3248,20260829,20,89,1,A,4.0,True,Tiempo Efectivo - Operativo,20260829-YAULIYACU-XRD50USS-003-A
3249,20260829,20,89,5,A,0.5,False,Mantenimiento,20260829-YAULIYACU-XRD50USS-003-A
3250,20260829,20,89,7,A,1.0,True,Stand By Operativo,20260829-YAULIYACU-XRD50USS-003-A
3251,20260829,20,89,8,A,1.0,True,Stand By Operativo,20260829-YAULIYACU-XRD50USS-003-A
3252,20260829,20,89,46,A,0.5,False,Stand By Inoperativo,20260829-YAULIYACU-XRD50USS-003-A
3253,20260829,20,89,47,A,0.5,False,Stand By Inoperativo,20260829-YAULIYACU-XRD50USS-003-A
3254,20260829,20,89,55,A,0.5,False,Stand By Inoperativo,20260829-YAULIYACU-XRD50USS-003-A
3255,20260829,20,89,58,A,2.0,False,Stand By Inoperativo,20260829-YAULIYACU-XRD50USS-003-A
3256,20260829,20,89,59,A,1.0,False,Stand By Inoperativo,20260829-YAULIYACU-XRD50USS-003-A
3257,20260829,20,89,1,B,1.0,True,Tiempo Efectivo - Operativo,20260829-YAULIYACU-XRD50USS-003-B
3258,20260829,20,89,5,B,0.5,False,Mantenimiento,20260829-YAULIYACU-XRD50USS-003-B
3259,20260829,20,89,55,B,0.5,False,Stand By Inoperativo,20260829-YAULIYACU-XRD50USS-003-B
3260,20260829,20,89,58,B,2.0,False,Stand By Inoperativo,20260829-YAULIYACU-XRD50USS-003-B
3261,20260829,20,89,59,B,1.0,False,Stand By Inoperativo,20260829-YAULIYACU-XRD50USS-003-B
3262,20260829,20,89,68,B,6.0,True,Stand By Cliente,20260829-YAULIYACU-XRD50USS-003-B
3263,20260830,20,89,1,A,2.0,True,Tiempo Efectivo - Operativo,20260830-YAULIYACU-XRD50USS-003-A
3264,20260830,20,89,7,A,1.0,True,Stand By Operativo,20260830-YAULIYACU-XRD50USS-003-A
3265,20260830,20,89,8,A,1.0,True,Stand By Operativo,20260830-YAULIYACU-XRD50USS-003-A
3266,20260830,20,89,55,A,4.0,False,Stand By Inoperativo,20260830-YAULIYACU-XRD50USS-003-A
3267,20260830,20,89,58,A,2.0,False,Stand By Inoperativo,20260830-YAULIYACU-XRD50USS-003-A
3268,20260830,20,89,59,A,1.0,False,Stand By Inoperativo,20260830-YAULIYACU-XRD50USS-003-A
3269,20260830,20,89,1,B,4.0,True,Tiempo Efectivo - Operativo,20260830-YAULIYACU-XRD50USS-003-B
3270,20260830,20,89,5,B,0.5,False,Mantenimiento,20260830-YAULIYACU-XRD50USS-003-B
3271,20260830,20,89,7,B,0.5,True,Stand By Operativo,20260830-YAULIYACU-XRD50USS-003-B
3272,20260830,20,89,8,B,0.5,True,Stand By Operativo,20260830-YAULIYACU-XRD50USS-003-B
3273,20260830,20,89,16,B,1.0,True,Stand By Operativo,20260830-YAULIYACU-XRD50USS-003-B
3274,20260830,20,89,47,B,1.0,False,Stand By Inoperativo,20260830-YAULIYACU-XRD50USS-003-B
3275,20260830,20,89,55,B,0.5,False,Stand By Inoperativo,20260830-YAULIYACU-XRD50USS-003-B
3276,20260830,20,89,58,B,2.0,False,Stand By Inoperativo,20260830-YAULIYACU-XRD50USS-003-B
3277,20260830,20,89,59,B,1.0,False,Stand By Inoperativo,20260830-YAULIYACU-XRD50USS-003-B
3278,20260831,20,89,1,A,4.0,True,Tiempo Efectivo - Operativo,20260831-YAULIYACU-XRD50USS-003-A
3279,20260831,20,89,5,A,0.5,False,Mantenimiento,20260831-YAULIYACU-XRD50USS-003-A
3280,20260831,20,89,7,A,1.0,True,Stand By Operativo,20260831-YAULIYACU-XRD50USS-003-A
3281,20260831,20,89,10,A,1.0,True,Stand By Operativo,20260831-YAULIYACU-XRD50USS-003-A
3282,20260831,20,89,46,A,0.5,False,Stand By Inoperativo,20260831-YAULIYACU-XRD50USS-003-A
3283,20260831,20,89,47,A,0.5,False,Stand By Inoperativo,20260831-YAULIYACU-XRD50USS-003-A
3284,20260831,20,89,55,A,0.5,False,Stand By Inoperativo,20260831-YAULIYACU-XRD50USS-003-A
3285,20260831,20,89,58,A,2.0,False,Stand By Inoperativo,20260831-YAULIYACU-XRD50USS-003-A
3286,20260831,20,89,59,A,1.0,False,Stand By Inoperativo,20260831-YAULIYACU-XRD50USS-003-A
3287,20260831,20,89,5,B,0.5,False,Mantenimiento,20260831-YAULIYACU-XRD50USS-003-B
3288,20260831,20,89,9,B,1.0,True,Stand By Operativo,20260831-YAULIYACU-XRD50USS-003-B
3289,20260831,20,89,18,B,2.0,True,Stand By Operativo,20260831-YAULIYACU-XRD50USS-003-B
3290,20260831,20,89,20,B,1.5,True,Stand By Operativo,20260831-YAULIYACU-XRD50USS-003-B
3291,20260831,20,89,47,B,1.0,False,Stand By Inoperativo,20260831-YAULIYACU-XRD50USS-003-B
3292,20260831,20,89,50,B,1.5,False,Stand By Inoperativo,20260831-YAULIYACU-XRD50USS-003-B
3293,20260831,20,89,55,B,0.5,False,Stand By Inoperativo,20260831-YAULIYACU-XRD50USS-003-B
3294,20260831,20,89,58,B,2.0,False,Stand By Inoperativo,20260831-YAULIYACU-XRD50USS-003-B
3295,20260831,20,89,59,B,1.0,False,Stand By Inoperativo,20260831-YAULIYACU-XRD50USS-003-B
3296,20260826,20,90,1,A,3.5,True,Tiempo Efectivo - Operativo,20260826-YAULIYACU-XRD50USS-00T-A
3297,20260826,20,90,5,A,0.5,False,Mantenimiento,20260826-YAULIYACU-XRD50USS-00T-A
3298,20260826,20,90,7,A,0.5,True,Stand By Operativo,20260826-YAULIYACU-XRD50USS-00T-A
3299,20260826,20,90,47,A,1.0,False,Stand By Inoperativo,20260826-YAULIYACU-XRD50USS-00T-A
3300,20260826,20,90,55,A,0.5,False,Stand By Inoperativo,20260826-YAULIYACU-XRD50USS-00T-A
3301,20260826,20,90,58,A,2.0,False,Stand By Inoperativo,20260826-YAULIYACU-XRD50USS-00T-A
3302,20260826,20,90,59,A,1.0,False,Stand By Inoperativo,20260826-YAULIYACU-XRD50USS-00T-A
3303,20260826,20,90,68,A,2.0,True,Stand By Cliente,20260826-YAULIYACU-XRD50USS-00T-A
3304,20260826,20,90,1,B,3.0,True,Tiempo Efectivo - Operativo,20260826-YAULIYACU-XRD50USS-00T-B
3305,20260826,20,90,7,B,0.5,True,Stand By Operativo,20260826-YAULIYACU-XRD50USS-00T-B
3306,20260826,20,90,8,B,0.5,True,Stand By Operativo,20260826-YAULIYACU-XRD50USS-00T-B
3307,20260826,20,90,47,B,1.0,False,Stand By Inoperativo,20260826-YAULIYACU-XRD50USS-00T-B
3308,20260826,20,90,55,B,1.0,False,Stand By Inoperativo,20260826-YAULIYACU-XRD50USS-00T-B
3309,20260826,20,90,58,B,2.0,False,Stand By Inoperativo,20260826-YAULIYACU-XRD50USS-00T-B
3310,20260826,20,90,59,B,1.0,False,Stand By Inoperativo,20260826-YAULIYACU-XRD50USS-00T-B
3311,20260826,20,90,68,B,2.0,True,Stand By Cliente,20260826-YAULIYACU-XRD50USS-00T-B
3312,20260827,20,90,1,A,2.5,True,Tiempo Efectivo - Operativo,20260827-YAULIYACU-XRD50USS-00T-A
3313,20260827,20,90,5,A,1.0,False,Mantenimiento,20260827-YAULIYACU-XRD50USS-00T-A
3314,20260827,20,90,6,A,2.0,False,Mantenimiento,20260827-YAULIYACU-XRD50USS-00T-A
3315,20260827,20,90,7,A,0.5,True,Stand By Operativo,20260827-YAULIYACU-XRD50USS-00T-A
3316,20260827,20,90,46,A,0.5,False,Stand By Inoperativo,20260827-YAULIYACU-XRD50USS-00T-A
3317,20260827,20,90,55,A,0.5,False,Stand By Inoperativo,20260827-YAULIYACU-XRD50USS-00T-A
3318,20260827,20,90,58,A,2.0,False,Stand By Inoperativo,20260827-YAULIYACU-XRD50USS-00T-A
3319,20260827,20,90,59,A,1.0,False,Stand By Inoperativo,20260827-YAULIYACU-XRD50USS-00T-A
3320,20260827,20,90,68,A,1.0,True,Stand By Cliente,20260827-YAULIYACU-XRD50USS-00T-A
3321,20260827,20,90,1,B,3.0,True,Tiempo Efectivo - Operativo,20260827-YAULIYACU-XRD50USS-00T-B
3322,20260827,20,90,7,B,0.5,True,Stand By Operativo,20260827-YAULIYACU-XRD50USS-00T-B
3323,20260827,20,90,8,B,0.5,True,Stand By Operativo,20260827-YAULIYACU-XRD50USS-00T-B
3324,20260827,20,90,47,B,1.0,False,Stand By Inoperativo,20260827-YAULIYACU-XRD50USS-00T-B
3325,20260827,20,90,55,B,1.0,False,Stand By Inoperativo,20260827-YAULIYACU-XRD50USS-00T-B
3326,20260827,20,90,58,B,2.0,False,Stand By Inoperativo,20260827-YAULIYACU-XRD50USS-00T-B
3327,20260827,20,90,59,B,1.0,False,Stand By Inoperativo,20260827-YAULIYACU-XRD50USS-00T-B
3328,20260827,20,90,68,B,2.0,True,Stand By Cliente,20260827-YAULIYACU-XRD50USS-00T-B
3329,20260828,20,90,1,A,5.0,True,Tiempo Efectivo - Operativo,20260828-YAULIYACU-XRD50USS-00T-A
3330,20260828,20,90,5,A,0.5,False,Mantenimiento,20260828-YAULIYACU-XRD50USS-00T-A
3331,20260828,20,90,7,A,0.5,True,Stand By Operativo,20260828-YAULIYACU-XRD50USS-00T-A
3332,20260828,20,90,8,A,0.5,True,Stand By Operativo,20260828-YAULIYACU-XRD50USS-00T-A
3333,20260828,20,90,46,A,0.5,False,Stand By Inoperativo,20260828-YAULIYACU-XRD50USS-00T-A
3334,20260828,20,90,47,A,0.5,False,Stand By Inoperativo,20260828-YAULIYACU-XRD50USS-00T-A
3335,20260828,20,90,55,A,0.5,False,Stand By Inoperativo,20260828-YAULIYACU-XRD50USS-00T-A
3336,20260828,20,90,58,A,2.0,False,Stand By Inoperativo,20260828-YAULIYACU-XRD50USS-00T-A
3337,20260828,20,90,59,A,1.0,False,Stand By Inoperativo,20260828-YAULIYACU-XRD50USS-00T-A
3338,20260828,20,90,1,B,3.0,True,Tiempo Efectivo - Operativo,20260828-YAULIYACU-XRD50USS-00T-B
3339,20260828,20,90,5,B,0.5,False,Mantenimiento,20260828-YAULIYACU-XRD50USS-00T-B
3340,20260828,20,90,7,B,0.5,True,Stand By Operativo,20260828-YAULIYACU-XRD50USS-00T-B
3341,20260828,20,90,8,B,0.5,True,Stand By Operativo,20260828-YAULIYACU-XRD50USS-00T-B
3342,20260828,20,90,47,B,1.0,False,Stand By Inoperativo,20260828-YAULIYACU-XRD50USS-00T-B
3343,20260828,20,90,55,B,1.0,False,Stand By Inoperativo,20260828-YAULIYACU-XRD50USS-00T-B
3344,20260828,20,90,58,B,2.0,False,Stand By Inoperativo,20260828-YAULIYACU-XRD50USS-00T-B
3345,20260828,20,90,59,B,1.0,False,Stand By Inoperativo,20260828-YAULIYACU-XRD50USS-00T-B
3346,20260828,20,90,68,B,1.5,True,Stand By Cliente,20260828-YAULIYACU-XRD50USS-00T-B
3347,20260829,20,90,5,A,0.5,False,Mantenimiento,20260829-YAULIYACU-XRD50USS-00T-A
3348,20260829,20,90,9,A,1.0,True,Stand By Operativo,20260829-YAULIYACU-XRD50USS-00T-A
3349,20260829,20,90,16,A,1.0,True,Stand By Operativo,20260829-YAULIYACU-XRD50USS-00T-A
3350,20260829,20,90,47,A,0.5,False,Stand By Inoperativo,20260829-YAULIYACU-XRD50USS-00T-A
3351,20260829,20,90,50,A,3.5,False,Stand By Inoperativo,20260829-YAULIYACU-XRD50USS-00T-A
3352,20260829,20,90,52,A,1.0,False,Stand By Inoperativo,20260829-YAULIYACU-XRD50USS-00T-A
3353,20260829,20,90,55,A,0.5,False,Stand By Inoperativo,20260829-YAULIYACU-XRD50USS-00T-A
3354,20260829,20,90,58,A,2.0,False,Stand By Inoperativo,20260829-YAULIYACU-XRD50USS-00T-A
3355,20260829,20,90,59,A,1.0,False,Stand By Inoperativo,20260829-YAULIYACU-XRD50USS-00T-A
3356,20260829,20,90,1,B,1.0,True,Tiempo Efectivo - Operativo,20260829-YAULIYACU-XRD50USS-00T-B
3357,20260829,20,90,7,B,0.5,True,Stand By Operativo,20260829-YAULIYACU-XRD50USS-00T-B
3358,20260829,20,90,8,B,0.5,True,Stand By Operativo,20260829-YAULIYACU-XRD50USS-00T-B
3359,20260829,20,90,20,B,2.0,True,Stand By Operativo,20260829-YAULIYACU-XRD50USS-00T-B
3360,20260829,20,90,47,B,1.0,False,Stand By Inoperativo,20260829-YAULIYACU-XRD50USS-00T-B
3361,20260829,20,90,52,B,1.0,False,Stand By Inoperativo,20260829-YAULIYACU-XRD50USS-00T-B
3362,20260829,20,90,55,B,1.0,False,Stand By Inoperativo,20260829-YAULIYACU-XRD50USS-00T-B
3363,20260829,20,90,58,B,2.0,False,Stand By Inoperativo,20260829-YAULIYACU-XRD50USS-00T-B
3364,20260829,20,90,59,B,1.0,False,Stand By Inoperativo,20260829-YAULIYACU-XRD50USS-00T-B
3365,20260829,20,90,68,B,1.0,True,Stand By Cliente,20260829-YAULIYACU-XRD50USS-00T-B
3366,20260830,20,90,1,A,4.0,True,Tiempo Efectivo - Operativo,20260830-YAULIYACU-XRD50USS-00T-A
3367,20260830,20,90,5,A,0.5,False,Mantenimiento,20260830-YAULIYACU-XRD50USS-00T-A
3368,20260830,20,90,55,A,4.5,False,Stand By Inoperativo,20260830-YAULIYACU-XRD50USS-00T-A
3369,20260830,20,90,58,A,2.0,False,Stand By Inoperativo,20260830-YAULIYACU-XRD50USS-00T-A
3370,20260830,20,90,1,B,2.0,True,Tiempo Efectivo - Operativo,20260830-YAULIYACU-XRD50USS-00T-B
3371,20260830,20,90,7,B,0.5,True,Stand By Operativo,20260830-YAULIYACU-XRD50USS-00T-B
3372,20260830,20,90,8,B,0.5,True,Stand By Operativo,20260830-YAULIYACU-XRD50USS-00T-B
3373,20260830,20,90,16,B,1.0,True,Stand By Operativo,20260830-YAULIYACU-XRD50USS-00T-B
3374,20260830,20,90,46,B,1.0,False,Stand By Inoperativo,20260830-YAULIYACU-XRD50USS-00T-B
3375,20260830,20,90,47,B,1.0,False,Stand By Inoperativo,20260830-YAULIYACU-XRD50USS-00T-B
3376,20260830,20,90,55,B,1.0,False,Stand By Inoperativo,20260830-YAULIYACU-XRD50USS-00T-B
3377,20260830,20,90,58,B,2.0,False,Stand By Inoperativo,20260830-YAULIYACU-XRD50USS-00T-B
3378,20260830,20,90,59,B,1.0,False,Stand By Inoperativo,20260830-YAULIYACU-XRD50USS-00T-B
3379,20260830,20,90,68,B,1.0,True,Stand By Cliente,20260830-YAULIYACU-XRD50USS-00T-B
3380,20260831,20,90,1,A,5.0,True,Tiempo Efectivo - Operativo,20260831-YAULIYACU-XRD50USS-00T-A
3381,20260831,20,90,5,A,0.5,False,Mantenimiento,20260831-YAULIYACU-XRD50USS-00T-A
3382,20260831,20,90,7,A,0.5,True,Stand By Operativo,20260831-YAULIYACU-XRD50USS-00T-A
3383,20260831,20,90,8,A,0.5,True,Stand By Operativo,20260831-YAULIYACU-XRD50USS-00T-A
3384,20260831,20,90,46,A,0.5,False,Stand By Inoperativo,20260831-YAULIYACU-XRD50USS-00T-A
3385,20260831,20,90,47,A,0.5,False,Stand By Inoperativo,20260831-YAULIYACU-XRD50USS-00T-A
3386,20260831,20,90,55,A,0.5,False,Stand By Inoperativo,20260831-YAULIYACU-XRD50USS-00T-A
3387,20260831,20,90,58,A,2.0,False,Stand By Inoperativo,20260831-YAULIYACU-XRD50USS-00T-A
3388,20260831,20,90,59,A,1.0,False,Stand By Inoperativo,20260831-YAULIYACU-XRD50USS-00T-A
3389,20260831,20,90,1,B,3.0,True,Tiempo Efectivo - Operativo,20260831-YAULIYACU-XRD50USS-00T-B
3390,20260831,20,90,7,B,0.5,True,Stand By Operativo,20260831-YAULIYACU-XRD50USS-00T-B
3391,20260831,20,90,8,B,0.5,True,Stand By Operativo,20260831-YAULIYACU-XRD50USS-00T-B
3392,20260831,20,90,47,B,1.0,False,Stand By Inoperativo,20260831-YAULIYACU-XRD50USS-00T-B
3393,20260831,20,90,55,B,1.0,False,Stand By Inoperativo,20260831-YAULIYACU-XRD50USS-00T-B
3394,20260831,20,90,58,B,2.0,False,Stand By Inoperativo,20260831-YAULIYACU-XRD50USS-00T-B
3395,20260831,20,90,59,B,1.0,False,Stand By Inoperativo,20260831-YAULIYACU-XRD50USS-00T-B
3396,20260831,20,90,68,B,2.0,True,Stand By Cliente,20260831-YAULIYACU-XRD50USS-00T-B
3397,20260826,20,87,58,A,2.0,False,Stand By Inoperativo,20260826-YAULIYACU-XRD125USS-001-A
3398,20260826,20,87,59,A,1.0,False,Stand By Inoperativo,20260826-YAULIYACU-XRD125USS-001-A
3399,20260826,20,87,81,A,8.0,True,Stand By Cliente,20260826-YAULIYACU-XRD125USS-001-A
3400,20260826,20,87,1,B,5.5,True,Tiempo Efectivo - Operativo,20260826-YAULIYACU-XRD125USS-001-B
3401,20260826,20,87,5,B,0.5,False,Mantenimiento,20260826-YAULIYACU-XRD125USS-001-B
3402,20260826,20,87,26,B,0.5,True,Stand By Operativo,20260826-YAULIYACU-XRD125USS-001-B
3403,20260826,20,87,31,B,0.5,True,Stand By Operativo,20260826-YAULIYACU-XRD125USS-001-B
3404,20260826,20,87,55,B,0.5,False,Stand By Inoperativo,20260826-YAULIYACU-XRD125USS-001-B
3405,20260826,20,87,58,B,2.0,False,Stand By Inoperativo,20260826-YAULIYACU-XRD125USS-001-B
3406,20260826,20,87,59,B,1.0,False,Stand By Inoperativo,20260826-YAULIYACU-XRD125USS-001-B
3407,20260826,20,87,68,B,0.5,True,Stand By Cliente,20260826-YAULIYACU-XRD125USS-001-B
3408,20260827,20,87,1,A,5.0,True,Tiempo Efectivo - Operativo,20260827-YAULIYACU-XRD125USS-001-A
3409,20260827,20,87,9,A,1.0,True,Stand By Operativo,20260827-YAULIYACU-XRD125USS-001-A
3410,20260827,20,87,31,A,1.0,True,Stand By Operativo,20260827-YAULIYACU-XRD125USS-001-A
3411,20260827,20,87,47,A,0.5,False,Stand By Inoperativo,20260827-YAULIYACU-XRD125USS-001-A
3412,20260827,20,87,55,A,0.5,False,Stand By Inoperativo,20260827-YAULIYACU-XRD125USS-001-A
3413,20260827,20,87,58,A,2.0,False,Stand By Inoperativo,20260827-YAULIYACU-XRD125USS-001-A
3414,20260827,20,87,59,A,1.0,False,Stand By Inoperativo,20260827-YAULIYACU-XRD125USS-001-A
3415,20260827,20,87,1,B,4.5,True,Tiempo Efectivo - Operativo,20260827-YAULIYACU-XRD125USS-001-B
3416,20260827,20,87,5,B,0.5,False,Mantenimiento,20260827-YAULIYACU-XRD125USS-001-B
3417,20260827,20,87,26,B,1.0,True,Stand By Operativo,20260827-YAULIYACU-XRD125USS-001-B
3418,20260827,20,87,31,B,1.0,True,Stand By Operativo,20260827-YAULIYACU-XRD125USS-001-B
3419,20260827,20,87,47,B,0.5,False,Stand By Inoperativo,20260827-YAULIYACU-XRD125USS-001-B
3420,20260827,20,87,55,B,0.5,False,Stand By Inoperativo,20260827-YAULIYACU-XRD125USS-001-B
3421,20260827,20,87,58,B,2.0,False,Stand By Inoperativo,20260827-YAULIYACU-XRD125USS-001-B
3422,20260827,20,87,59,B,1.0,False,Stand By Inoperativo,20260827-YAULIYACU-XRD125USS-001-B
3423,20260828,20,87,1,A,2.0,True,Tiempo Efectivo - Operativo,20260828-YAULIYACU-XRD125USS-001-A
3424,20260828,20,87,9,A,4.0,True,Stand By Operativo,20260828-YAULIYACU-XRD125USS-001-A
3425,20260828,20,87,31,A,1.5,True,Stand By Operativo,20260828-YAULIYACU-XRD125USS-001-A
3426,20260828,20,87,55,A,0.5,False,Stand By Inoperativo,20260828-YAULIYACU-XRD125USS-001-A
3427,20260828,20,87,58,A,2.0,False,Stand By Inoperativo,20260828-YAULIYACU-XRD125USS-001-A
3428,20260828,20,87,59,A,1.0,False,Stand By Inoperativo,20260828-YAULIYACU-XRD125USS-001-A
3429,20260828,20,87,1,B,2.0,True,Tiempo Efectivo - Operativo,20260828-YAULIYACU-XRD125USS-001-B
3430,20260828,20,87,5,B,0.5,False,Mantenimiento,20260828-YAULIYACU-XRD125USS-001-B
3431,20260828,20,87,31,B,1.0,True,Stand By Operativo,20260828-YAULIYACU-XRD125USS-001-B
3432,20260828,20,87,47,B,0.5,False,Stand By Inoperativo,20260828-YAULIYACU-XRD125USS-001-B
3433,20260828,20,87,48,B,0.5,False,Stand By Inoperativo,20260828-YAULIYACU-XRD125USS-001-B
3434,20260828,20,87,52,B,3.0,False,Stand By Inoperativo,20260828-YAULIYACU-XRD125USS-001-B
3435,20260828,20,87,55,B,0.5,False,Stand By Inoperativo,20260828-YAULIYACU-XRD125USS-001-B
3436,20260828,20,87,58,B,2.0,False,Stand By Inoperativo,20260828-YAULIYACU-XRD125USS-001-B
3437,20260828,20,87,59,B,1.0,False,Stand By Inoperativo,20260828-YAULIYACU-XRD125USS-001-B
3438,20260829,20,87,5,A,0.5,False,Mantenimiento,20260829-YAULIYACU-XRD125USS-001-A
3439,20260829,20,87,9,A,4.0,True,Stand By Operativo,20260829-YAULIYACU-XRD125USS-001-A
3440,20260829,20,87,47,A,0.5,False,Stand By Inoperativo,20260829-YAULIYACU-XRD125USS-001-A
3441,20260829,20,87,52,A,2.5,False,Stand By Inoperativo,20260829-YAULIYACU-XRD125USS-001-A
3442,20260829,20,87,55,A,0.5,False,Stand By Inoperativo,20260829-YAULIYACU-XRD125USS-001-A
3443,20260829,20,87,58,A,2.0,False,Stand By Inoperativo,20260829-YAULIYACU-XRD125USS-001-A
3444,20260829,20,87,59,A,1.0,False,Stand By Inoperativo,20260829-YAULIYACU-XRD125USS-001-A
3445,20260829,20,87,1,B,4.0,True,Tiempo Efectivo - Operativo,20260829-YAULIYACU-XRD125USS-001-B
3446,20260829,20,87,5,B,0.5,False,Mantenimiento,20260829-YAULIYACU-XRD125USS-001-B
3447,20260829,20,87,9,B,1.0,True,Stand By Operativo,20260829-YAULIYACU-XRD125USS-001-B
3448,20260829,20,87,16,B,1.0,True,Stand By Operativo,20260829-YAULIYACU-XRD125USS-001-B
3449,20260829,20,87,30,B,0.5,True,Stand By Operativo,20260829-YAULIYACU-XRD125USS-001-B
3450,20260829,20,87,47,B,0.5,False,Stand By Inoperativo,20260829-YAULIYACU-XRD125USS-001-B
3451,20260829,20,87,55,B,0.5,False,Stand By Inoperativo,20260829-YAULIYACU-XRD125USS-001-B
3452,20260829,20,87,58,B,2.0,False,Stand By Inoperativo,20260829-YAULIYACU-XRD125USS-001-B
3453,20260829,20,87,59,B,1.0,False,Stand By Inoperativo,20260829-YAULIYACU-XRD125USS-001-B
3454,20260830,20,87,3,A,1.0,True,Tiempo Efectivo - Operativo,20260830-YAULIYACU-XRD125USS-001-A
3455,20260830,20,87,9,A,2.0,True,Stand By Operativo,20260830-YAULIYACU-XRD125USS-001-A
3456,20260830,20,87,31,A,1.0,True,Stand By Operativo,20260830-YAULIYACU-XRD125USS-001-A
3457,20260830,20,87,55,A,4.0,False,Stand By Inoperativo,20260830-YAULIYACU-XRD125USS-001-A
3458,20260830,20,87,58,A,2.0,False,Stand By Inoperativo,20260830-YAULIYACU-XRD125USS-001-A
3459,20260830,20,87,59,A,1.0,False,Stand By Inoperativo,20260830-YAULIYACU-XRD125USS-001-A
3460,20260830,20,87,5,B,0.5,False,Mantenimiento,20260830-YAULIYACU-XRD125USS-001-B
3461,20260830,20,87,9,B,1.0,True,Stand By Operativo,20260830-YAULIYACU-XRD125USS-001-B
3462,20260830,20,87,30,B,1.0,True,Stand By Operativo,20260830-YAULIYACU-XRD125USS-001-B
3463,20260830,20,87,34,B,4.0,True,Stand By Operativo,20260830-YAULIYACU-XRD125USS-001-B
3464,20260830,20,87,47,B,1.0,False,Stand By Inoperativo,20260830-YAULIYACU-XRD125USS-001-B
3465,20260830,20,87,55,B,0.5,False,Stand By Inoperativo,20260830-YAULIYACU-XRD125USS-001-B
3466,20260830,20,87,58,B,2.0,False,Stand By Inoperativo,20260830-YAULIYACU-XRD125USS-001-B
3467,20260830,20,87,59,B,1.0,False,Stand By Inoperativo,20260830-YAULIYACU-XRD125USS-001-B
3468,20260831,20,87,2,A,1.0,True,Tiempo Efectivo - Operativo,20260831-YAULIYACU-XRD125USS-001-A
3469,20260831,20,87,35,A,7.0,True,Stand By Operativo,20260831-YAULIYACU-XRD125USS-001-A
3470,20260831,20,87,58,A,2.0,False,Stand By Inoperativo,20260831-YAULIYACU-XRD125USS-001-A
3471,20260831,20,87,59,A,1.0,False,Stand By Inoperativo,20260831-YAULIYACU-XRD125USS-001-A
3472,20260831,20,87,5,B,0.5,False,Mantenimiento,20260831-YAULIYACU-XRD125USS-001-B
3473,20260831,20,87,34,B,1.0,True,Stand By Operativo,20260831-YAULIYACU-XRD125USS-001-B
3474,20260831,20,87,47,B,0.5,False,Stand By Inoperativo,20260831-YAULIYACU-XRD125USS-001-B
3475,20260831,20,87,52,B,5.5,False,Stand By Inoperativo,20260831-YAULIYACU-XRD125USS-001-B
3476,20260831,20,87,55,B,0.5,False,Stand By Inoperativo,20260831-YAULIYACU-XRD125USS-001-B
3477,20260831,20,87,58,B,2.0,False,Stand By Inoperativo,20260831-YAULIYACU-XRD125USS-001-B
3478,20260831,20,87,59,B,1.0,False,Stand By Inoperativo,20260831-YAULIYACU-XRD125USS-001-B
3479,20260826,21,93,1,A,5.0,True,Tiempo Efectivo - Operativo,20260826-YAURICOCHA-XRD150USS-001-A
3480,20260826,21,93,9,A,2.0,True,Stand By Operativo,20260826-YAURICOCHA-XRD150USS-001-A
3481,20260826,21,93,10,A,1.0,True,Stand By Operativo,20260826-YAURICOCHA-XRD150USS-001-A
3482,20260826,21,93,55,A,1.0,False,Stand By Inoperativo,20260826-YAURICOCHA-XRD150USS-001-A
3483,20260826,21,93,58,A,2.0,False,Stand By Inoperativo,20260826-YAURICOCHA-XRD150USS-001-A
3484,20260826,21,93,59,A,1.0,False,Stand By Inoperativo,20260826-YAURICOCHA-XRD150USS-001-A
3485,20260826,21,93,1,B,5.0,True,Tiempo Efectivo - Operativo,20260826-YAURICOCHA-XRD150USS-001-B
3486,20260826,21,93,5,B,0.5,False,Mantenimiento,20260826-YAURICOCHA-XRD150USS-001-B
3487,20260826,21,93,8,B,0.5,True,Stand By Operativo,20260826-YAURICOCHA-XRD150USS-001-B
3488,20260826,21,93,10,B,1.0,True,Stand By Operativo,20260826-YAURICOCHA-XRD150USS-001-B
3489,20260826,21,93,47,B,1.0,False,Stand By Inoperativo,20260826-YAURICOCHA-XRD150USS-001-B
3490,20260826,21,93,55,B,1.0,False,Stand By Inoperativo,20260826-YAURICOCHA-XRD150USS-001-B
3491,20260826,21,93,58,B,2.0,False,Stand By Inoperativo,20260826-YAURICOCHA-XRD150USS-001-B
3492,20260826,21,93,59,B,1.0,False,Stand By Inoperativo,20260826-YAURICOCHA-XRD150USS-001-B
3493,20260827,21,93,9,A,1.0,True,Stand By Operativo,20260827-YAURICOCHA-XRD150USS-001-A
3494,20260827,21,93,20,A,1.0,True,Stand By Operativo,20260827-YAURICOCHA-XRD150USS-001-A
3495,20260827,21,93,47,A,1.0,False,Stand By Inoperativo,20260827-YAURICOCHA-XRD150USS-001-A
3496,20260827,21,93,48,A,2.0,False,Stand By Inoperativo,20260827-YAURICOCHA-XRD150USS-001-A
3497,20260827,21,93,50,A,1.0,False,Stand By Inoperativo,20260827-YAURICOCHA-XRD150USS-001-A
3498,20260827,21,93,52,A,3.0,False,Stand By Inoperativo,20260827-YAURICOCHA-XRD150USS-001-A
3499,20260827,21,93,58,A,2.0,False,Stand By Inoperativo,20260827-YAURICOCHA-XRD150USS-001-A
3500,20260827,21,93,59,A,1.0,False,Stand By Inoperativo,20260827-YAURICOCHA-XRD150USS-001-A
3501,20260827,21,93,1,B,2.0,True,Tiempo Efectivo - Operativo,20260827-YAURICOCHA-XRD150USS-001-B
3502,20260827,21,93,20,B,1.0,True,Stand By Operativo,20260827-YAURICOCHA-XRD150USS-001-B
3503,20260827,21,93,46,B,0.5,False,Stand By Inoperativo,20260827-YAURICOCHA-XRD150USS-001-B
3504,20260827,21,93,47,B,0.5,False,Stand By Inoperativo,20260827-YAURICOCHA-XRD150USS-001-B
3505,20260827,21,93,48,B,1.0,False,Stand By Inoperativo,20260827-YAURICOCHA-XRD150USS-001-B
3506,20260827,21,93,50,B,1.0,False,Stand By Inoperativo,20260827-YAURICOCHA-XRD150USS-001-B
3507,20260827,21,93,52,B,2.0,False,Stand By Inoperativo,20260827-YAURICOCHA-XRD150USS-001-B
3508,20260827,21,93,55,B,1.0,False,Stand By Inoperativo,20260827-YAURICOCHA-XRD150USS-001-B
3509,20260827,21,93,58,B,2.0,False,Stand By Inoperativo,20260827-YAURICOCHA-XRD150USS-001-B
3510,20260827,21,93,59,B,1.0,False,Stand By Inoperativo,20260827-YAURICOCHA-XRD150USS-001-B
3511,20260828,21,93,1,A,5.5,True,Tiempo Efectivo - Operativo,20260828-YAURICOCHA-XRD150USS-001-A
3512,20260828,21,93,5,A,0.5,False,Mantenimiento,20260828-YAURICOCHA-XRD150USS-001-A
3513,20260828,21,93,7,A,0.5,True,Stand By Operativo,20260828-YAURICOCHA-XRD150USS-001-A
3514,20260828,21,93,8,A,0.5,True,Stand By Operativo,20260828-YAURICOCHA-XRD150USS-001-A
3515,20260828,21,93,47,A,1.0,False,Stand By Inoperativo,20260828-YAURICOCHA-XRD150USS-001-A
3516,20260828,21,93,55,A,1.0,False,Stand By Inoperativo,20260828-YAURICOCHA-XRD150USS-001-A
3517,20260828,21,93,58,A,2.0,False,Stand By Inoperativo,20260828-YAURICOCHA-XRD150USS-001-A
3518,20260828,21,93,59,A,1.0,False,Stand By Inoperativo,20260828-YAURICOCHA-XRD150USS-001-A
3519,20260828,21,93,1,B,5.0,True,Tiempo Efectivo - Operativo,20260828-YAURICOCHA-XRD150USS-001-B
3520,20260828,21,93,5,B,0.5,False,Mantenimiento,20260828-YAURICOCHA-XRD150USS-001-B
3521,20260828,21,93,7,B,0.5,True,Stand By Operativo,20260828-YAURICOCHA-XRD150USS-001-B
3522,20260828,21,93,8,B,0.5,True,Stand By Operativo,20260828-YAURICOCHA-XRD150USS-001-B
3523,20260828,21,93,46,B,0.5,False,Stand By Inoperativo,20260828-YAURICOCHA-XRD150USS-001-B
3524,20260828,21,93,47,B,1.0,False,Stand By Inoperativo,20260828-YAURICOCHA-XRD150USS-001-B
3525,20260828,21,93,55,B,1.0,False,Stand By Inoperativo,20260828-YAURICOCHA-XRD150USS-001-B
3526,20260828,21,93,58,B,2.0,False,Stand By Inoperativo,20260828-YAURICOCHA-XRD150USS-001-B
3527,20260828,21,93,59,B,1.0,False,Stand By Inoperativo,20260828-YAURICOCHA-XRD150USS-001-B
3528,20260829,21,93,1,A,4.5,True,Tiempo Efectivo - Operativo,20260829-YAURICOCHA-XRD150USS-001-A
3529,20260829,21,93,7,A,0.5,True,Stand By Operativo,20260829-YAURICOCHA-XRD150USS-001-A
3530,20260829,21,93,10,A,1.0,True,Stand By Operativo,20260829-YAURICOCHA-XRD150USS-001-A
3531,20260829,21,93,14,A,1.0,True,Stand By Operativo,20260829-YAURICOCHA-XRD150USS-001-A
3532,20260829,21,93,47,A,1.0,False,Stand By Inoperativo,20260829-YAURICOCHA-XRD150USS-001-A
3533,20260829,21,93,55,A,1.0,False,Stand By Inoperativo,20260829-YAURICOCHA-XRD150USS-001-A
3534,20260829,21,93,58,A,2.0,False,Stand By Inoperativo,20260829-YAURICOCHA-XRD150USS-001-A
3535,20260829,21,93,59,A,1.0,False,Stand By Inoperativo,20260829-YAURICOCHA-XRD150USS-001-A
3536,20260829,21,93,1,B,1.0,True,Tiempo Efectivo - Operativo,20260829-YAURICOCHA-XRD150USS-001-B
3537,20260829,21,93,7,B,0.5,True,Stand By Operativo,20260829-YAURICOCHA-XRD150USS-001-B
3538,20260829,21,93,8,B,0.5,True,Stand By Operativo,20260829-YAURICOCHA-XRD150USS-001-B
3539,20260829,21,93,10,B,2.0,True,Stand By Operativo,20260829-YAURICOCHA-XRD150USS-001-B
3540,20260829,21,93,13,B,3.0,True,Stand By Operativo,20260829-YAURICOCHA-XRD150USS-001-B
3541,20260829,21,93,47,B,1.0,False,Stand By Inoperativo,20260829-YAURICOCHA-XRD150USS-001-B
3542,20260829,21,93,55,B,1.0,False,Stand By Inoperativo,20260829-YAURICOCHA-XRD150USS-001-B
3543,20260829,21,93,58,B,2.0,False,Stand By Inoperativo,20260829-YAURICOCHA-XRD150USS-001-B
3544,20260829,21,93,59,B,1.0,False,Stand By Inoperativo,20260829-YAURICOCHA-XRD150USS-001-B
3545,20260830,21,93,1,A,6.0,True,Tiempo Efectivo - Operativo,20260830-YAURICOCHA-XRD150USS-001-A
3546,20260830,21,93,10,A,1.0,True,Stand By Operativo,20260830-YAURICOCHA-XRD150USS-001-A
3547,20260830,21,93,46,A,1.0,False,Stand By Inoperativo,20260830-YAURICOCHA-XRD150USS-001-A
3548,20260830,21,93,47,A,1.0,False,Stand By Inoperativo,20260830-YAURICOCHA-XRD150USS-001-A
3549,20260830,21,93,58,A,2.0,False,Stand By Inoperativo,20260830-YAURICOCHA-XRD150USS-001-A
3550,20260830,21,93,59,A,1.0,False,Stand By Inoperativo,20260830-YAURICOCHA-XRD150USS-001-A
3551,20260830,21,93,1,B,6.0,True,Tiempo Efectivo - Operativo,20260830-YAURICOCHA-XRD150USS-001-B
3552,20260830,21,93,5,B,0.5,False,Mantenimiento,20260830-YAURICOCHA-XRD150USS-001-B
3553,20260830,21,93,7,B,0.5,True,Stand By Operativo,20260830-YAURICOCHA-XRD150USS-001-B
3554,20260830,21,93,8,B,0.5,True,Stand By Operativo,20260830-YAURICOCHA-XRD150USS-001-B
3555,20260830,21,93,10,B,1.0,True,Stand By Operativo,20260830-YAURICOCHA-XRD150USS-001-B
3556,20260830,21,93,47,B,0.5,False,Stand By Inoperativo,20260830-YAURICOCHA-XRD150USS-001-B
3557,20260830,21,93,58,B,2.0,False,Stand By Inoperativo,20260830-YAURICOCHA-XRD150USS-001-B
3558,20260830,21,93,59,B,1.0,False,Stand By Inoperativo,20260830-YAURICOCHA-XRD150USS-001-B
3559,20260831,21,93,1,A,5.0,True,Tiempo Efectivo - Operativo,20260831-YAURICOCHA-XRD150USS-001-A
3560,20260831,21,93,7,A,0.5,True,Stand By Operativo,20260831-YAURICOCHA-XRD150USS-001-A
3561,20260831,21,93,10,A,1.0,True,Stand By Operativo,20260831-YAURICOCHA-XRD150USS-001-A
3562,20260831,21,93,47,A,0.5,False,Stand By Inoperativo,20260831-YAURICOCHA-XRD150USS-001-A
3563,20260831,21,93,55,A,1.0,False,Stand By Inoperativo,20260831-YAURICOCHA-XRD150USS-001-A
3564,20260831,21,93,58,A,2.0,False,Stand By Inoperativo,20260831-YAURICOCHA-XRD150USS-001-A
3565,20260831,21,93,59,A,1.0,False,Stand By Inoperativo,20260831-YAURICOCHA-XRD150USS-001-A
3566,20260831,21,93,79,A,1.0,True,Stand By Cliente,20260831-YAURICOCHA-XRD150USS-001-A
3567,20260831,21,93,1,B,3.0,True,Tiempo Efectivo - Operativo,20260831-YAURICOCHA-XRD150USS-001-B
3568,20260831,21,93,5,B,0.5,False,Mantenimiento,20260831-YAURICOCHA-XRD150USS-001-B
3569,20260831,21,93,9,B,1.0,True,Stand By Operativo,20260831-YAURICOCHA-XRD150USS-001-B
3570,20260831,21,93,47,B,0.5,False,Stand By Inoperativo,20260831-YAURICOCHA-XRD150USS-001-B
3571,20260831,21,93,52,B,4.0,False,Stand By Inoperativo,20260831-YAURICOCHA-XRD150USS-001-B
3572,20260831,21,93,58,B,2.0,False,Stand By Inoperativo,20260831-YAURICOCHA-XRD150USS-001-B
3573,20260831,21,93,59,B,1.0,False,Stand By Inoperativo,20260831-YAURICOCHA-XRD150USS-001-B
3574,20260826,21,91,1,A,3.0,True,Tiempo Efectivo - Operativo,20260826-YAURICOCHA-XRD150U-011-A
3575,20260826,21,91,5,A,0.5,False,Mantenimiento,20260826-YAURICOCHA-XRD150U-011-A
3576,20260826,21,91,7,A,1.0,True,Stand By Operativo,20260826-YAURICOCHA-XRD150U-011-A
3577,20260826,21,91,9,A,1.0,True,Stand By Operativo,20260826-YAURICOCHA-XRD150U-011-A
3578,20260826,21,91,10,A,3.0,True,Stand By Operativo,20260826-YAURICOCHA-XRD150U-011-A
3579,20260826,21,91,55,A,0.5,False,Stand By Inoperativo,20260826-YAURICOCHA-XRD150U-011-A
3580,20260826,21,91,58,A,2.0,False,Stand By Inoperativo,20260826-YAURICOCHA-XRD150U-011-A
3581,20260826,21,91,59,A,1.0,False,Stand By Inoperativo,20260826-YAURICOCHA-XRD150U-011-A
3582,20260826,21,91,1,B,4.5,True,Tiempo Efectivo - Operativo,20260826-YAURICOCHA-XRD150U-011-B
3583,20260826,21,91,5,B,1.0,False,Mantenimiento,20260826-YAURICOCHA-XRD150U-011-B
3584,20260826,21,91,47,B,1.0,False,Stand By Inoperativo,20260826-YAURICOCHA-XRD150U-011-B
3585,20260826,21,91,55,B,0.5,False,Stand By Inoperativo,20260826-YAURICOCHA-XRD150U-011-B
3586,20260826,21,91,58,B,2.0,False,Stand By Inoperativo,20260826-YAURICOCHA-XRD150U-011-B
3587,20260826,21,91,59,B,1.0,False,Stand By Inoperativo,20260826-YAURICOCHA-XRD150U-011-B
3588,20260826,21,91,72,B,2.0,True,Stand By Cliente,20260826-YAURICOCHA-XRD150U-011-B
3589,20260827,21,91,1,A,5.0,True,Tiempo Efectivo - Operativo,20260827-YAURICOCHA-XRD150U-011-A
3590,20260827,21,91,5,A,0.5,False,Mantenimiento,20260827-YAURICOCHA-XRD150U-011-A
3591,20260827,21,91,9,A,0.5,True,Stand By Operativo,20260827-YAURICOCHA-XRD150U-011-A
3592,20260827,21,91,10,A,1.0,True,Stand By Operativo,20260827-YAURICOCHA-XRD150U-011-A
3593,20260827,21,91,47,A,1.0,False,Stand By Inoperativo,20260827-YAURICOCHA-XRD150U-011-A
3594,20260827,21,91,50,A,0.5,False,Stand By Inoperativo,20260827-YAURICOCHA-XRD150U-011-A
3595,20260827,21,91,55,A,0.5,False,Stand By Inoperativo,20260827-YAURICOCHA-XRD150U-011-A
3596,20260827,21,91,58,A,2.0,False,Stand By Inoperativo,20260827-YAURICOCHA-XRD150U-011-A
3597,20260827,21,91,59,A,1.0,False,Stand By Inoperativo,20260827-YAURICOCHA-XRD150U-011-A
3598,20260827,21,91,1,B,4.0,True,Tiempo Efectivo - Operativo,20260827-YAURICOCHA-XRD150U-011-B
3599,20260827,21,91,5,B,0.5,False,Mantenimiento,20260827-YAURICOCHA-XRD150U-011-B
3600,20260827,21,91,9,B,1.0,True,Stand By Operativo,20260827-YAURICOCHA-XRD150U-011-B
3601,20260827,21,91,10,B,2.0,True,Stand By Operativo,20260827-YAURICOCHA-XRD150U-011-B
3602,20260827,21,91,47,B,1.0,False,Stand By Inoperativo,20260827-YAURICOCHA-XRD150U-011-B
3603,20260827,21,91,55,B,0.5,False,Stand By Inoperativo,20260827-YAURICOCHA-XRD150U-011-B
3604,20260827,21,91,58,B,2.0,False,Stand By Inoperativo,20260827-YAURICOCHA-XRD150U-011-B
3605,20260827,21,91,59,B,1.0,False,Stand By Inoperativo,20260827-YAURICOCHA-XRD150U-011-B
3606,20260828,21,91,1,A,4.0,True,Tiempo Efectivo - Operativo,20260828-YAURICOCHA-XRD150U-011-A
3607,20260828,21,91,9,A,3.5,True,Stand By Operativo,20260828-YAURICOCHA-XRD150U-011-A
3608,20260828,21,91,10,A,0.5,True,Stand By Operativo,20260828-YAURICOCHA-XRD150U-011-A
3609,20260828,21,91,55,A,0.5,False,Stand By Inoperativo,20260828-YAURICOCHA-XRD150U-011-A
3610,20260828,21,91,58,A,2.0,False,Stand By Inoperativo,20260828-YAURICOCHA-XRD150U-011-A
3611,20260828,21,91,59,A,1.0,False,Stand By Inoperativo,20260828-YAURICOCHA-XRD150U-011-A
3612,20260828,21,91,72,A,0.5,True,Stand By Cliente,20260828-YAURICOCHA-XRD150U-011-A
3613,20260828,21,91,1,B,2.0,True,Tiempo Efectivo - Operativo,20260828-YAURICOCHA-XRD150U-011-B
3614,20260828,21,91,5,B,0.5,False,Mantenimiento,20260828-YAURICOCHA-XRD150U-011-B
3615,20260828,21,91,9,B,3.0,True,Stand By Operativo,20260828-YAURICOCHA-XRD150U-011-B
3616,20260828,21,91,10,B,2.0,True,Stand By Operativo,20260828-YAURICOCHA-XRD150U-011-B
3617,20260828,21,91,47,B,1.0,False,Stand By Inoperativo,20260828-YAURICOCHA-XRD150U-011-B
3618,20260828,21,91,55,B,0.5,False,Stand By Inoperativo,20260828-YAURICOCHA-XRD150U-011-B
3619,20260828,21,91,58,B,2.0,False,Stand By Inoperativo,20260828-YAURICOCHA-XRD150U-011-B
3620,20260828,21,91,59,B,1.0,False,Stand By Inoperativo,20260828-YAURICOCHA-XRD150U-011-B
3621,20260829,21,91,55,A,0.5,False,Stand By Inoperativo,20260829-YAURICOCHA-XRD150U-011-A
3622,20260829,21,91,58,A,2.0,False,Stand By Inoperativo,20260829-YAURICOCHA-XRD150U-011-A
3623,20260829,21,91,59,A,1.0,False,Stand By Inoperativo,20260829-YAURICOCHA-XRD150U-011-A
3624,20260829,21,91,60,A,8.5,False,Stand By Inoperativo,20260829-YAURICOCHA-XRD150U-011-A
3625,20260829,21,91,1,B,1.0,True,Tiempo Efectivo - Operativo,20260829-YAURICOCHA-XRD150U-011-B
3626,20260829,21,91,5,B,0.5,False,Mantenimiento,20260829-YAURICOCHA-XRD150U-011-B
3627,20260829,21,91,9,B,2.0,True,Stand By Operativo,20260829-YAURICOCHA-XRD150U-011-B
3628,20260829,21,91,10,B,1.0,True,Stand By Operativo,20260829-YAURICOCHA-XRD150U-011-B
3629,20260829,21,91,50,B,2.0,False,Stand By Inoperativo,20260829-YAURICOCHA-XRD150U-011-B
3630,20260829,21,91,52,B,2.0,False,Stand By Inoperativo,20260829-YAURICOCHA-XRD150U-011-B
3631,20260829,21,91,55,B,0.5,False,Stand By Inoperativo,20260829-YAURICOCHA-XRD150U-011-B
3632,20260829,21,91,58,B,2.0,False,Stand By Inoperativo,20260829-YAURICOCHA-XRD150U-011-B
3633,20260829,21,91,59,B,1.0,False,Stand By Inoperativo,20260829-YAURICOCHA-XRD150U-011-B
3634,20260830,21,91,52,A,8.5,False,Stand By Inoperativo,20260830-YAURICOCHA-XRD150U-011-A
3635,20260830,21,91,55,A,0.5,False,Stand By Inoperativo,20260830-YAURICOCHA-XRD150U-011-A
3636,20260830,21,91,58,A,2.0,False,Stand By Inoperativo,20260830-YAURICOCHA-XRD150U-011-A
3637,20260830,21,91,59,A,1.0,False,Stand By Inoperativo,20260830-YAURICOCHA-XRD150U-011-A
3638,20260830,21,91,9,B,2.0,True,Stand By Operativo,20260830-YAURICOCHA-XRD150U-011-B
3639,20260830,21,91,46,B,1.0,False,Stand By Inoperativo,20260830-YAURICOCHA-XRD150U-011-B
3640,20260830,21,91,47,B,0.5,False,Stand By Inoperativo,20260830-YAURICOCHA-XRD150U-011-B
3641,20260830,21,91,55,B,0.5,False,Stand By Inoperativo,20260830-YAURICOCHA-XRD150U-011-B
3642,20260830,21,91,58,B,2.0,False,Stand By Inoperativo,20260830-YAURICOCHA-XRD150U-011-B
3643,20260830,21,91,59,B,1.0,False,Stand By Inoperativo,20260830-YAURICOCHA-XRD150U-011-B
3644,20260830,21,91,74,B,5.0,True,Stand By Cliente,20260830-YAURICOCHA-XRD150U-011-B
3645,20260831,21,91,17,A,8.0,True,Stand By Operativo,20260831-YAURICOCHA-XRD150U-011-A
3646,20260831,21,91,55,A,1.0,False,Stand By Inoperativo,20260831-YAURICOCHA-XRD150U-011-A
3647,20260831,21,91,58,A,2.0,False,Stand By Inoperativo,20260831-YAURICOCHA-XRD150U-011-A
3648,20260831,21,91,59,A,1.0,False,Stand By Inoperativo,20260831-YAURICOCHA-XRD150U-011-A
3649,20260826,8,40,1,A,6.0,True,Tiempo Efectivo - Operativo,20260826-COBRIZA-XRD50UFDR-001-A
3650,20260826,8,40,5,A,0.5,False,Mantenimiento,20260826-COBRIZA-XRD50UFDR-001-A
3651,20260826,8,40,7,A,0.5,True,Stand By Operativo,20260826-COBRIZA-XRD50UFDR-001-A
3652,20260826,8,40,8,A,0.5,True,Stand By Operativo,20260826-COBRIZA-XRD50UFDR-001-A
3653,20260826,8,40,13,A,1.0,True,Stand By Operativo,20260826-COBRIZA-XRD50UFDR-001-A
3654,20260826,8,40,55,A,0.5,False,Stand By Inoperativo,20260826-COBRIZA-XRD50UFDR-001-A
3655,20260826,8,40,58,A,2.0,False,Stand By Inoperativo,20260826-COBRIZA-XRD50UFDR-001-A
3656,20260826,8,40,59,A,1.0,False,Stand By Inoperativo,20260826-COBRIZA-XRD50UFDR-001-A
3657,20260826,8,40,1,B,5.0,True,Tiempo Efectivo - Operativo,20260826-COBRIZA-XRD50UFDR-001-B
3658,20260826,8,40,5,B,0.5,False,Mantenimiento,20260826-COBRIZA-XRD50UFDR-001-B
3659,20260826,8,40,7,B,0.5,True,Stand By Operativo,20260826-COBRIZA-XRD50UFDR-001-B
3660,20260826,8,40,8,B,0.5,True,Stand By Operativo,20260826-COBRIZA-XRD50UFDR-001-B
3661,20260826,8,40,9,B,2.0,True,Stand By Operativo,20260826-COBRIZA-XRD50UFDR-001-B
3662,20260826,8,40,55,B,0.5,False,Stand By Inoperativo,20260826-COBRIZA-XRD50UFDR-001-B
3663,20260826,8,40,58,B,2.0,False,Stand By Inoperativo,20260826-COBRIZA-XRD50UFDR-001-B
3664,20260826,8,40,59,B,1.0,False,Stand By Inoperativo,20260826-COBRIZA-XRD50UFDR-001-B
3665,20260827,8,40,5,A,0.5,False,Mantenimiento,20260827-COBRIZA-XRD50UFDR-001-A
3666,20260827,8,40,9,A,1.0,True,Stand By Operativo,20260827-COBRIZA-XRD50UFDR-001-A
3667,20260827,8,40,16,A,1.5,True,Stand By Operativo,20260827-COBRIZA-XRD50UFDR-001-A
3668,20260827,8,40,47,A,1.0,False,Stand By Inoperativo,20260827-COBRIZA-XRD50UFDR-001-A
3669,20260827,8,40,48,A,0.5,False,Stand By Inoperativo,20260827-COBRIZA-XRD50UFDR-001-A
3670,20260827,8,40,52,A,4.0,False,Stand By Inoperativo,20260827-COBRIZA-XRD50UFDR-001-A
3671,20260827,8,40,55,A,0.5,False,Stand By Inoperativo,20260827-COBRIZA-XRD50UFDR-001-A
3672,20260827,8,40,58,A,2.0,False,Stand By Inoperativo,20260827-COBRIZA-XRD50UFDR-001-A
3673,20260827,8,40,59,A,1.0,False,Stand By Inoperativo,20260827-COBRIZA-XRD50UFDR-001-A
3674,20260827,8,40,1,B,2.5,True,Tiempo Efectivo - Operativo,20260827-COBRIZA-XRD50UFDR-001-B
3675,20260827,8,40,5,B,0.5,False,Mantenimiento,20260827-COBRIZA-XRD50UFDR-001-B
3676,20260827,8,40,6,B,0.5,False,Mantenimiento,20260827-COBRIZA-XRD50UFDR-001-B
3677,20260827,8,40,7,B,0.5,True,Stand By Operativo,20260827-COBRIZA-XRD50UFDR-001-B
3678,20260827,8,40,8,B,0.5,True,Stand By Operativo,20260827-COBRIZA-XRD50UFDR-001-B
3679,20260827,8,40,9,B,0.5,True,Stand By Operativo,20260827-COBRIZA-XRD50UFDR-001-B
3680,20260827,8,40,20,B,0.5,True,Stand By Operativo,20260827-COBRIZA-XRD50UFDR-001-B
3681,20260827,8,40,50,B,1.0,False,Stand By Inoperativo,20260827-COBRIZA-XRD50UFDR-001-B
3682,20260827,8,40,52,B,2.0,False,Stand By Inoperativo,20260827-COBRIZA-XRD50UFDR-001-B
3683,20260827,8,40,55,B,0.5,False,Stand By Inoperativo,20260827-COBRIZA-XRD50UFDR-001-B
3684,20260827,8,40,58,B,2.0,False,Stand By Inoperativo,20260827-COBRIZA-XRD50UFDR-001-B
3685,20260827,8,40,59,B,1.0,False,Stand By Inoperativo,20260827-COBRIZA-XRD50UFDR-001-B
3686,20260828,8,40,1,A,6.0,True,Tiempo Efectivo - Operativo,20260828-COBRIZA-XRD50UFDR-001-A
3687,20260828,8,40,5,A,0.5,False,Mantenimiento,20260828-COBRIZA-XRD50UFDR-001-A
3688,20260828,8,40,8,A,0.5,True,Stand By Operativo,20260828-COBRIZA-XRD50UFDR-001-A
3689,20260828,8,40,46,A,0.5,False,Stand By Inoperativo,20260828-COBRIZA-XRD50UFDR-001-A
3690,20260828,8,40,47,A,0.5,False,Stand By Inoperativo,20260828-COBRIZA-XRD50UFDR-001-A
3691,20260828,8,40,48,A,0.5,False,Stand By Inoperativo,20260828-COBRIZA-XRD50UFDR-001-A
3692,20260828,8,40,55,A,0.5,False,Stand By Inoperativo,20260828-COBRIZA-XRD50UFDR-001-A
3693,20260828,8,40,58,A,2.0,False,Stand By Inoperativo,20260828-COBRIZA-XRD50UFDR-001-A
3694,20260828,8,40,59,A,1.0,False,Stand By Inoperativo,20260828-COBRIZA-XRD50UFDR-001-A
3695,20260828,8,40,1,B,6.0,True,Tiempo Efectivo - Operativo,20260828-COBRIZA-XRD50UFDR-001-B
3696,20260828,8,40,5,B,0.5,False,Mantenimiento,20260828-COBRIZA-XRD50UFDR-001-B
3697,20260828,8,40,7,B,0.5,True,Stand By Operativo,20260828-COBRIZA-XRD50UFDR-001-B
3698,20260828,8,40,8,B,0.5,True,Stand By Operativo,20260828-COBRIZA-XRD50UFDR-001-B
3699,20260828,8,40,9,B,1.0,True,Stand By Operativo,20260828-COBRIZA-XRD50UFDR-001-B
3700,20260828,8,40,55,B,0.5,False,Stand By Inoperativo,20260828-COBRIZA-XRD50UFDR-001-B
3701,20260828,8,40,58,B,2.0,False,Stand By Inoperativo,20260828-COBRIZA-XRD50UFDR-001-B
3702,20260828,8,40,59,B,1.0,False,Stand By Inoperativo,20260828-COBRIZA-XRD50UFDR-001-B
3703,20260829,8,40,1,A,6.0,True,Tiempo Efectivo - Operativo,20260829-COBRIZA-XRD50UFDR-001-A
3704,20260829,8,40,5,A,0.5,False,Mantenimiento,20260829-COBRIZA-XRD50UFDR-001-A
3705,20260829,8,40,8,A,0.5,True,Stand By Operativo,20260829-COBRIZA-XRD50UFDR-001-A
3706,20260829,8,40,9,A,1.0,True,Stand By Operativo,20260829-COBRIZA-XRD50UFDR-001-A
3707,20260829,8,40,47,A,0.5,False,Stand By Inoperativo,20260829-COBRIZA-XRD50UFDR-001-A
3708,20260829,8,40,55,A,0.5,False,Stand By Inoperativo,20260829-COBRIZA-XRD50UFDR-001-A
3709,20260829,8,40,58,A,2.0,False,Stand By Inoperativo,20260829-COBRIZA-XRD50UFDR-001-A
3710,20260829,8,40,59,A,1.0,False,Stand By Inoperativo,20260829-COBRIZA-XRD50UFDR-001-A
3711,20260829,8,40,1,B,3.0,True,Tiempo Efectivo - Operativo,20260829-COBRIZA-XRD50UFDR-001-B
3712,20260829,8,40,5,B,0.5,False,Mantenimiento,20260829-COBRIZA-XRD50UFDR-001-B
3713,20260829,8,40,7,B,0.5,True,Stand By Operativo,20260829-COBRIZA-XRD50UFDR-001-B
3714,20260829,8,40,8,B,0.5,True,Stand By Operativo,20260829-COBRIZA-XRD50UFDR-001-B
3715,20260829,8,40,9,B,1.0,True,Stand By Operativo,20260829-COBRIZA-XRD50UFDR-001-B
3716,20260829,8,40,50,B,0.5,False,Stand By Inoperativo,20260829-COBRIZA-XRD50UFDR-001-B
3717,20260829,8,40,52,B,1.5,False,Stand By Inoperativo,20260829-COBRIZA-XRD50UFDR-001-B
3718,20260829,8,40,55,B,1.5,False,Stand By Inoperativo,20260829-COBRIZA-XRD50UFDR-001-B
3719,20260829,8,40,58,B,2.0,False,Stand By Inoperativo,20260829-COBRIZA-XRD50UFDR-001-B
3720,20260829,8,40,59,B,1.0,False,Stand By Inoperativo,20260829-COBRIZA-XRD50UFDR-001-B
3721,20260830,8,40,1,A,6.5,True,Tiempo Efectivo - Operativo,20260830-COBRIZA-XRD50UFDR-001-A
3722,20260830,8,40,5,A,0.5,False,Mantenimiento,20260830-COBRIZA-XRD50UFDR-001-A
3723,20260830,8,40,8,A,0.5,True,Stand By Operativo,20260830-COBRIZA-XRD50UFDR-001-A
3724,20260830,8,40,9,A,0.5,True,Stand By Operativo,20260830-COBRIZA-XRD50UFDR-001-A
3725,20260830,8,40,47,A,0.5,False,Stand By Inoperativo,20260830-COBRIZA-XRD50UFDR-001-A
3726,20260830,8,40,55,A,0.5,False,Stand By Inoperativo,20260830-COBRIZA-XRD50UFDR-001-A
3727,20260830,8,40,58,A,2.0,False,Stand By Inoperativo,20260830-COBRIZA-XRD50UFDR-001-A
3728,20260830,8,40,59,A,1.0,False,Stand By Inoperativo,20260830-COBRIZA-XRD50UFDR-001-A
3729,20260830,8,40,1,B,5.5,True,Tiempo Efectivo - Operativo,20260830-COBRIZA-XRD50UFDR-001-B
3730,20260830,8,40,5,B,0.5,False,Mantenimiento,20260830-COBRIZA-XRD50UFDR-001-B
3731,20260830,8,40,7,B,0.5,True,Stand By Operativo,20260830-COBRIZA-XRD50UFDR-001-B
3732,20260830,8,40,8,B,0.5,True,Stand By Operativo,20260830-COBRIZA-XRD50UFDR-001-B
3733,20260830,8,40,9,B,1.0,True,Stand By Operativo,20260830-COBRIZA-XRD50UFDR-001-B
3734,20260830,8,40,47,B,0.5,False,Stand By Inoperativo,20260830-COBRIZA-XRD50UFDR-001-B
3735,20260830,8,40,55,B,0.5,False,Stand By Inoperativo,20260830-COBRIZA-XRD50UFDR-001-B
3736,20260830,8,40,58,B,2.0,False,Stand By Inoperativo,20260830-COBRIZA-XRD50UFDR-001-B
3737,20260830,8,40,59,B,1.0,False,Stand By Inoperativo,20260830-COBRIZA-XRD50UFDR-001-B
3738,20260831,8,40,1,A,6.0,True,Tiempo Efectivo - Operativo,20260831-COBRIZA-XRD50UFDR-001-A
3739,20260831,8,40,5,A,0.5,False,Mantenimiento,20260831-COBRIZA-XRD50UFDR-001-A
3740,20260831,8,40,8,A,0.5,True,Stand By Operativo,20260831-COBRIZA-XRD50UFDR-001-A
3741,20260831,8,40,9,A,1.0,True,Stand By Operativo,20260831-COBRIZA-XRD50UFDR-001-A
3742,20260831,8,40,47,A,0.5,False,Stand By Inoperativo,20260831-COBRIZA-XRD50UFDR-001-A
3743,20260831,8,40,55,A,0.5,False,Stand By Inoperativo,20260831-COBRIZA-XRD50UFDR-001-A
3744,20260831,8,40,58,A,2.0,False,Stand By Inoperativo,20260831-COBRIZA-XRD50UFDR-001-A
3745,20260831,8,40,59,A,1.0,False,Stand By Inoperativo,20260831-COBRIZA-XRD50UFDR-001-A
3746,20260831,8,40,5,B,0.5,False,Mantenimiento,20260831-COBRIZA-XRD50UFDR-001-B
3747,20260831,8,40,9,B,1.0,True,Stand By Operativo,20260831-COBRIZA-XRD50UFDR-001-B
3748,20260831,8,40,16,B,0.5,True,Stand By Operativo,20260831-COBRIZA-XRD50UFDR-001-B
3749,20260831,8,40,19,B,1.0,True,Stand By Operativo,20260831-COBRIZA-XRD50UFDR-001-B
3750,20260831,8,40,47,B,0.5,False,Stand By Inoperativo,20260831-COBRIZA-XRD50UFDR-001-B
3751,20260831,8,40,50,B,3.0,False,Stand By Inoperativo,20260831-COBRIZA-XRD50UFDR-001-B
3752,20260831,8,40,52,B,2.0,False,Stand By Inoperativo,20260831-COBRIZA-XRD50UFDR-001-B
3753,20260831,8,40,55,B,0.5,False,Stand By Inoperativo,20260831-COBRIZA-XRD50UFDR-001-B
3754,20260831,8,40,58,B,2.0,False,Stand By Inoperativo,20260831-COBRIZA-XRD50UFDR-001-B
3755,20260831,8,40,59,B,1.0,False,Stand By Inoperativo,20260831-COBRIZA-XRD50UFDR-001-B
3756,20260826,8,34,1,A,0.5,True,Tiempo Efectivo - Operativo,20260826-COBRIZA-XLM75UFDR-003-A
3757,20260826,8,34,5,A,0.5,False,Mantenimiento,20260826-COBRIZA-XLM75UFDR-003-A
3758,20260826,8,34,9,A,1.5,True,Stand By Operativo,20260826-COBRIZA-XLM75UFDR-003-A
3759,20260826,8,34,16,A,1.5,True,Stand By Operativo,20260826-COBRIZA-XLM75UFDR-003-A
3760,20260826,8,34,47,A,0.5,False,Stand By Inoperativo,20260826-COBRIZA-XLM75UFDR-003-A
3761,20260826,8,34,50,A,1.0,False,Stand By Inoperativo,20260826-COBRIZA-XLM75UFDR-003-A
3762,20260826,8,34,52,A,3.0,False,Stand By Inoperativo,20260826-COBRIZA-XLM75UFDR-003-A
3763,20260826,8,34,55,A,0.5,False,Stand By Inoperativo,20260826-COBRIZA-XLM75UFDR-003-A
3764,20260826,8,34,58,A,2.0,False,Stand By Inoperativo,20260826-COBRIZA-XLM75UFDR-003-A
3765,20260826,8,34,59,A,1.0,False,Stand By Inoperativo,20260826-COBRIZA-XLM75UFDR-003-A
3766,20260826,8,34,1,B,4.5,True,Tiempo Efectivo - Operativo,20260826-COBRIZA-XLM75UFDR-003-B
3767,20260826,8,34,5,B,1.0,False,Mantenimiento,20260826-COBRIZA-XLM75UFDR-003-B
3768,20260826,8,34,6,B,1.0,False,Mantenimiento,20260826-COBRIZA-XLM75UFDR-003-B
3769,20260826,8,34,8,B,0.5,True,Stand By Operativo,20260826-COBRIZA-XLM75UFDR-003-B
3770,20260826,8,34,9,B,0.5,True,Stand By Operativo,20260826-COBRIZA-XLM75UFDR-003-B
3771,20260826,8,34,47,B,1.0,False,Stand By Inoperativo,20260826-COBRIZA-XLM75UFDR-003-B
3772,20260826,8,34,48,B,1.0,False,Stand By Inoperativo,20260826-COBRIZA-XLM75UFDR-003-B
3773,20260826,8,34,55,B,0.5,False,Stand By Inoperativo,20260826-COBRIZA-XLM75UFDR-003-B
3774,20260826,8,34,58,B,1.0,False,Stand By Inoperativo,20260826-COBRIZA-XLM75UFDR-003-B
3775,20260826,8,34,59,B,1.0,False,Stand By Inoperativo,20260826-COBRIZA-XLM75UFDR-003-B
3776,20260827,8,34,1,A,6.0,True,Tiempo Efectivo - Operativo,20260827-COBRIZA-XLM75UFDR-003-A
3777,20260827,8,34,5,A,0.5,False,Mantenimiento,20260827-COBRIZA-XLM75UFDR-003-A
3778,20260827,8,34,7,A,0.5,True,Stand By Operativo,20260827-COBRIZA-XLM75UFDR-003-A
3779,20260827,8,34,9,A,1.0,True,Stand By Operativo,20260827-COBRIZA-XLM75UFDR-003-A
3780,20260827,8,34,47,A,0.5,False,Stand By Inoperativo,20260827-COBRIZA-XLM75UFDR-003-A
3781,20260827,8,34,55,A,0.5,False,Stand By Inoperativo,20260827-COBRIZA-XLM75UFDR-003-A
3782,20260827,8,34,58,A,2.0,False,Stand By Inoperativo,20260827-COBRIZA-XLM75UFDR-003-A
3783,20260827,8,34,59,A,1.0,False,Stand By Inoperativo,20260827-COBRIZA-XLM75UFDR-003-A
3784,20260827,8,34,1,B,5.0,True,Tiempo Efectivo - Operativo,20260827-COBRIZA-XLM75UFDR-003-B
3785,20260827,8,34,5,B,0.5,False,Mantenimiento,20260827-COBRIZA-XLM75UFDR-003-B
3786,20260827,8,34,7,B,0.5,True,Stand By Operativo,20260827-COBRIZA-XLM75UFDR-003-B
3787,20260827,8,34,8,B,0.5,True,Stand By Operativo,20260827-COBRIZA-XLM75UFDR-003-B
3788,20260827,8,34,9,B,2.0,True,Stand By Operativo,20260827-COBRIZA-XLM75UFDR-003-B
3789,20260827,8,34,47,B,1.0,False,Stand By Inoperativo,20260827-COBRIZA-XLM75UFDR-003-B
3790,20260827,8,34,55,B,0.5,False,Stand By Inoperativo,20260827-COBRIZA-XLM75UFDR-003-B
3791,20260827,8,34,58,B,1.0,False,Stand By Inoperativo,20260827-COBRIZA-XLM75UFDR-003-B
3792,20260827,8,34,59,B,1.0,False,Stand By Inoperativo,20260827-COBRIZA-XLM75UFDR-003-B
3793,20260828,8,34,1,A,5.5,True,Tiempo Efectivo - Operativo,20260828-COBRIZA-XLM75UFDR-003-A
3794,20260828,8,34,5,A,0.5,False,Mantenimiento,20260828-COBRIZA-XLM75UFDR-003-A
3795,20260828,8,34,7,A,1.0,True,Stand By Operativo,20260828-COBRIZA-XLM75UFDR-003-A
3796,20260828,8,34,9,A,1.0,True,Stand By Operativo,20260828-COBRIZA-XLM75UFDR-003-A
3797,20260828,8,34,47,A,0.5,False,Stand By Inoperativo,20260828-COBRIZA-XLM75UFDR-003-A
3798,20260828,8,34,55,A,0.5,False,Stand By Inoperativo,20260828-COBRIZA-XLM75UFDR-003-A
3799,20260828,8,34,58,A,2.0,False,Stand By Inoperativo,20260828-COBRIZA-XLM75UFDR-003-A
3800,20260828,8,34,59,A,1.0,False,Stand By Inoperativo,20260828-COBRIZA-XLM75UFDR-003-A
3801,20260828,8,34,1,B,5.5,True,Tiempo Efectivo - Operativo,20260828-COBRIZA-XLM75UFDR-003-B
3802,20260828,8,34,5,B,0.5,False,Mantenimiento,20260828-COBRIZA-XLM75UFDR-003-B
3803,20260828,8,34,7,B,0.5,True,Stand By Operativo,20260828-COBRIZA-XLM75UFDR-003-B
3804,20260828,8,34,8,B,0.5,True,Stand By Operativo,20260828-COBRIZA-XLM75UFDR-003-B
3805,20260828,8,34,9,B,1.0,True,Stand By Operativo,20260828-COBRIZA-XLM75UFDR-003-B
3806,20260828,8,34,47,B,1.0,False,Stand By Inoperativo,20260828-COBRIZA-XLM75UFDR-003-B
3807,20260828,8,34,48,B,0.5,False,Stand By Inoperativo,20260828-COBRIZA-XLM75UFDR-003-B
3808,20260828,8,34,55,B,0.5,False,Stand By Inoperativo,20260828-COBRIZA-XLM75UFDR-003-B
3809,20260828,8,34,58,B,1.0,False,Stand By Inoperativo,20260828-COBRIZA-XLM75UFDR-003-B
3810,20260828,8,34,59,B,1.0,False,Stand By Inoperativo,20260828-COBRIZA-XLM75UFDR-003-B
3811,20260829,8,34,1,A,5.5,True,Tiempo Efectivo - Operativo,20260829-COBRIZA-XLM75UFDR-003-A
3812,20260829,8,34,5,A,0.5,False,Mantenimiento,20260829-COBRIZA-XLM75UFDR-003-A
3813,20260829,8,34,7,A,1.0,True,Stand By Operativo,20260829-COBRIZA-XLM75UFDR-003-A
3814,20260829,8,34,9,A,1.0,True,Stand By Operativo,20260829-COBRIZA-XLM75UFDR-003-A
3815,20260829,8,34,47,A,0.5,False,Stand By Inoperativo,20260829-COBRIZA-XLM75UFDR-003-A
3816,20260829,8,34,55,A,0.5,False,Stand By Inoperativo,20260829-COBRIZA-XLM75UFDR-003-A
3817,20260829,8,34,58,A,2.0,False,Stand By Inoperativo,20260829-COBRIZA-XLM75UFDR-003-A
3818,20260829,8,34,59,A,1.0,False,Stand By Inoperativo,20260829-COBRIZA-XLM75UFDR-003-A
3819,20260829,8,34,1,B,5.5,True,Tiempo Efectivo - Operativo,20260829-COBRIZA-XLM75UFDR-003-B
3820,20260829,8,34,5,B,0.5,False,Mantenimiento,20260829-COBRIZA-XLM75UFDR-003-B
3821,20260829,8,34,7,B,0.5,True,Stand By Operativo,20260829-COBRIZA-XLM75UFDR-003-B
3822,20260829,8,34,8,B,0.5,True,Stand By Operativo,20260829-COBRIZA-XLM75UFDR-003-B
3823,20260829,8,34,9,B,1.0,True,Stand By Operativo,20260829-COBRIZA-XLM75UFDR-003-B
3824,20260829,8,34,47,B,1.0,False,Stand By Inoperativo,20260829-COBRIZA-XLM75UFDR-003-B
3825,20260829,8,34,48,B,0.5,False,Stand By Inoperativo,20260829-COBRIZA-XLM75UFDR-003-B
3826,20260829,8,34,55,B,0.5,False,Stand By Inoperativo,20260829-COBRIZA-XLM75UFDR-003-B
3827,20260829,8,34,58,B,1.0,False,Stand By Inoperativo,20260829-COBRIZA-XLM75UFDR-003-B
3828,20260829,8,34,59,B,1.0,False,Stand By Inoperativo,20260829-COBRIZA-XLM75UFDR-003-B
3829,20260830,8,34,1,A,1.5,True,Tiempo Efectivo - Operativo,20260830-COBRIZA-XLM75UFDR-003-A
3830,20260830,8,34,6,A,1.5,False,Mantenimiento,20260830-COBRIZA-XLM75UFDR-003-A
3831,20260830,8,34,9,A,1.5,True,Stand By Operativo,20260830-COBRIZA-XLM75UFDR-003-A
3832,20260830,8,34,16,A,1.5,True,Stand By Operativo,20260830-COBRIZA-XLM75UFDR-003-A
3833,20260830,8,34,47,A,0.5,False,Stand By Inoperativo,20260830-COBRIZA-XLM75UFDR-003-A
3834,20260830,8,34,52,A,2.0,False,Stand By Inoperativo,20260830-COBRIZA-XLM75UFDR-003-A
3835,20260830,8,34,55,A,0.5,False,Stand By Inoperativo,20260830-COBRIZA-XLM75UFDR-003-A
3836,20260830,8,34,58,A,2.0,False,Stand By Inoperativo,20260830-COBRIZA-XLM75UFDR-003-A
3837,20260830,8,34,59,A,1.0,False,Stand By Inoperativo,20260830-COBRIZA-XLM75UFDR-003-A
3838,20260830,8,34,1,B,5.0,True,Tiempo Efectivo - Operativo,20260830-COBRIZA-XLM75UFDR-003-B
3839,20260830,8,34,5,B,0.5,False,Mantenimiento,20260830-COBRIZA-XLM75UFDR-003-B
3840,20260830,8,34,6,B,0.5,False,Mantenimiento,20260830-COBRIZA-XLM75UFDR-003-B
3841,20260830,8,34,7,B,0.5,True,Stand By Operativo,20260830-COBRIZA-XLM75UFDR-003-B
3842,20260830,8,34,8,B,0.5,True,Stand By Operativo,20260830-COBRIZA-XLM75UFDR-003-B
3843,20260830,8,34,9,B,0.5,True,Stand By Operativo,20260830-COBRIZA-XLM75UFDR-003-B
3844,20260830,8,34,47,B,1.0,False,Stand By Inoperativo,20260830-COBRIZA-XLM75UFDR-003-B
3845,20260830,8,34,48,B,0.5,False,Stand By Inoperativo,20260830-COBRIZA-XLM75UFDR-003-B
3846,20260830,8,34,50,B,0.5,False,Stand By Inoperativo,20260830-COBRIZA-XLM75UFDR-003-B
3847,20260830,8,34,55,B,0.5,False,Stand By Inoperativo,20260830-COBRIZA-XLM75UFDR-003-B
3848,20260830,8,34,58,B,1.0,False,Stand By Inoperativo,20260830-COBRIZA-XLM75UFDR-003-B
3849,20260830,8,34,59,B,1.0,False,Stand By Inoperativo,20260830-COBRIZA-XLM75UFDR-003-B
3850,20260831,8,34,1,A,6.5,True,Tiempo Efectivo - Operativo,20260831-COBRIZA-XLM75UFDR-003-A
3851,20260831,8,34,5,A,0.5,False,Mantenimiento,20260831-COBRIZA-XLM75UFDR-003-A
3852,20260831,8,34,9,A,1.0,True,Stand By Operativo,20260831-COBRIZA-XLM75UFDR-003-A
3853,20260831,8,34,47,A,0.5,False,Stand By Inoperativo,20260831-COBRIZA-XLM75UFDR-003-A
3854,20260831,8,34,55,A,0.5,False,Stand By Inoperativo,20260831-COBRIZA-XLM75UFDR-003-A
3855,20260831,8,34,58,A,2.0,False,Stand By Inoperativo,20260831-COBRIZA-XLM75UFDR-003-A
3856,20260831,8,34,59,A,1.0,False,Stand By Inoperativo,20260831-COBRIZA-XLM75UFDR-003-A
3857,20260831,8,34,1,B,5.5,True,Tiempo Efectivo - Operativo,20260831-COBRIZA-XLM75UFDR-003-B
3858,20260831,8,34,5,B,0.5,False,Mantenimiento,20260831-COBRIZA-XLM75UFDR-003-B
3859,20260831,8,34,7,B,0.5,True,Stand By Operativo,20260831-COBRIZA-XLM75UFDR-003-B
3860,20260831,8,34,8,B,0.5,True,Stand By Operativo,20260831-COBRIZA-XLM75UFDR-003-B
3861,20260831,8,34,9,B,1.5,True,Stand By Operativo,20260831-COBRIZA-XLM75UFDR-003-B
3862,20260831,8,34,47,B,1.0,False,Stand By Inoperativo,20260831-COBRIZA-XLM75UFDR-003-B
3863,20260831,8,34,55,B,0.5,False,Stand By Inoperativo,20260831-COBRIZA-XLM75UFDR-003-B
3864,20260831,8,34,58,B,1.0,False,Stand By Inoperativo,20260831-COBRIZA-XLM75UFDR-003-B
3865,20260831,8,34,59,B,1.0,False,Stand By Inoperativo,20260831-COBRIZA-XLM75UFDR-003-B
3866,20260826,8,42,3,A,2.0,True,Tiempo Efectivo - Operativo,20260826-COBRIZA-XRD80USS-006-A
3867,20260826,8,42,9,A,2.0,True,Stand By Operativo,20260826-COBRIZA-XRD80USS-006-A
3868,20260826,8,42,16,A,1.0,True,Stand By Operativo,20260826-COBRIZA-XRD80USS-006-A
3869,20260826,8,42,47,A,0.5,False,Stand By Inoperativo,20260826-COBRIZA-XRD80USS-006-A
3870,20260826,8,42,55,A,0.5,False,Stand By Inoperativo,20260826-COBRIZA-XRD80USS-006-A
3871,20260826,8,42,58,A,2.0,False,Stand By Inoperativo,20260826-COBRIZA-XRD80USS-006-A
3872,20260826,8,42,59,A,1.0,False,Stand By Inoperativo,20260826-COBRIZA-XRD80USS-006-A
3873,20260826,8,42,70,A,3.0,True,Stand By Cliente,20260826-COBRIZA-XRD80USS-006-A
3874,20260826,8,42,5,B,0.5,False,Mantenimiento,20260826-COBRIZA-XRD80USS-006-B
3875,20260826,8,42,20,B,1.5,True,Stand By Operativo,20260826-COBRIZA-XRD80USS-006-B
3876,20260826,8,42,47,B,0.5,False,Stand By Inoperativo,20260826-COBRIZA-XRD80USS-006-B
3877,20260826,8,42,48,B,2.0,False,Stand By Inoperativo,20260826-COBRIZA-XRD80USS-006-B
3878,20260826,8,42,50,B,2.0,False,Stand By Inoperativo,20260826-COBRIZA-XRD80USS-006-B
3879,20260826,8,42,52,B,3.0,False,Stand By Inoperativo,20260826-COBRIZA-XRD80USS-006-B
3880,20260826,8,42,55,B,0.5,False,Stand By Inoperativo,20260826-COBRIZA-XRD80USS-006-B
3881,20260826,8,42,58,B,1.0,False,Stand By Inoperativo,20260826-COBRIZA-XRD80USS-006-B
3882,20260826,8,42,59,B,1.0,False,Stand By Inoperativo,20260826-COBRIZA-XRD80USS-006-B
3883,20260827,8,42,1,A,4.5,True,Tiempo Efectivo - Operativo,20260827-COBRIZA-XRD80USS-006-A
3884,20260827,8,42,7,A,1.0,True,Stand By Operativo,20260827-COBRIZA-XRD80USS-006-A
3885,20260827,8,42,9,A,1.0,True,Stand By Operativo,20260827-COBRIZA-XRD80USS-006-A
3886,20260827,8,42,47,A,1.0,False,Stand By Inoperativo,20260827-COBRIZA-XRD80USS-006-A
3887,20260827,8,42,55,A,0.5,False,Stand By Inoperativo,20260827-COBRIZA-XRD80USS-006-A
3888,20260827,8,42,58,A,2.0,False,Stand By Inoperativo,20260827-COBRIZA-XRD80USS-006-A
3889,20260827,8,42,59,A,1.0,False,Stand By Inoperativo,20260827-COBRIZA-XRD80USS-006-A
3890,20260827,8,42,70,A,1.0,True,Stand By Cliente,20260827-COBRIZA-XRD80USS-006-A
3891,20260827,8,42,1,B,2.5,True,Tiempo Efectivo - Operativo,20260827-COBRIZA-XRD80USS-006-B
3892,20260827,8,42,3,B,2.0,True,Tiempo Efectivo - Operativo,20260827-COBRIZA-XRD80USS-006-B
3893,20260827,8,42,5,B,0.5,False,Mantenimiento,20260827-COBRIZA-XRD80USS-006-B
3894,20260827,8,42,7,B,1.0,True,Stand By Operativo,20260827-COBRIZA-XRD80USS-006-B
3895,20260827,8,42,8,B,0.5,True,Stand By Operativo,20260827-COBRIZA-XRD80USS-006-B
3896,20260827,8,42,9,B,1.5,True,Stand By Operativo,20260827-COBRIZA-XRD80USS-006-B
3897,20260827,8,42,47,B,0.5,False,Stand By Inoperativo,20260827-COBRIZA-XRD80USS-006-B
3898,20260827,8,42,55,B,0.5,False,Stand By Inoperativo,20260827-COBRIZA-XRD80USS-006-B
3899,20260827,8,42,58,B,1.0,False,Stand By Inoperativo,20260827-COBRIZA-XRD80USS-006-B
3900,20260827,8,42,59,B,1.0,False,Stand By Inoperativo,20260827-COBRIZA-XRD80USS-006-B
3901,20260827,8,42,70,B,1.0,True,Stand By Cliente,20260827-COBRIZA-XRD80USS-006-B
3902,20260828,8,42,1,A,4.5,True,Tiempo Efectivo - Operativo,20260828-COBRIZA-XRD80USS-006-A
3903,20260828,8,42,7,A,1.5,True,Stand By Operativo,20260828-COBRIZA-XRD80USS-006-A
3904,20260828,8,42,47,A,0.5,False,Stand By Inoperativo,20260828-COBRIZA-XRD80USS-006-A
3905,20260828,8,42,55,A,0.5,False,Stand By Inoperativo,20260828-COBRIZA-XRD80USS-006-A
3906,20260828,8,42,58,A,2.0,False,Stand By Inoperativo,20260828-COBRIZA-XRD80USS-006-A
3907,20260828,8,42,59,A,1.0,False,Stand By Inoperativo,20260828-COBRIZA-XRD80USS-006-A
3908,20260828,8,42,70,A,2.0,True,Stand By Cliente,20260828-COBRIZA-XRD80USS-006-A
3909,20260828,8,42,1,B,3.5,True,Tiempo Efectivo - Operativo,20260828-COBRIZA-XRD80USS-006-B
3910,20260828,8,42,2,B,3.0,True,Tiempo Efectivo - Operativo,20260828-COBRIZA-XRD80USS-006-B
3911,20260828,8,42,5,B,0.5,False,Mantenimiento,20260828-COBRIZA-XRD80USS-006-B
3912,20260828,8,42,7,B,1.5,True,Stand By Operativo,20260828-COBRIZA-XRD80USS-006-B
3913,20260828,8,42,8,B,0.5,True,Stand By Operativo,20260828-COBRIZA-XRD80USS-006-B
3914,20260828,8,42,47,B,0.5,False,Stand By Inoperativo,20260828-COBRIZA-XRD80USS-006-B
3915,20260828,8,42,55,B,0.5,False,Stand By Inoperativo,20260828-COBRIZA-XRD80USS-006-B
3916,20260828,8,42,58,B,1.0,False,Stand By Inoperativo,20260828-COBRIZA-XRD80USS-006-B
3917,20260828,8,42,59,B,1.0,False,Stand By Inoperativo,20260828-COBRIZA-XRD80USS-006-B
3918,20260829,8,42,1,A,4.0,True,Tiempo Efectivo - Operativo,20260829-COBRIZA-XRD80USS-006-A
3919,20260829,8,42,7,A,1.5,True,Stand By Operativo,20260829-COBRIZA-XRD80USS-006-A
3920,20260829,8,42,9,A,2.0,True,Stand By Operativo,20260829-COBRIZA-XRD80USS-006-A
3921,20260829,8,42,47,A,1.0,False,Stand By Inoperativo,20260829-COBRIZA-XRD80USS-006-A
3922,20260829,8,42,55,A,0.5,False,Stand By Inoperativo,20260829-COBRIZA-XRD80USS-006-A
3923,20260829,8,42,58,A,2.0,False,Stand By Inoperativo,20260829-COBRIZA-XRD80USS-006-A
3924,20260829,8,42,59,A,1.0,False,Stand By Inoperativo,20260829-COBRIZA-XRD80USS-006-A
3925,20260829,8,42,1,B,4.5,True,Tiempo Efectivo - Operativo,20260829-COBRIZA-XRD80USS-006-B
3926,20260829,8,42,5,B,0.5,False,Mantenimiento,20260829-COBRIZA-XRD80USS-006-B
3927,20260829,8,42,7,B,1.0,True,Stand By Operativo,20260829-COBRIZA-XRD80USS-006-B
3928,20260829,8,42,8,B,0.5,True,Stand By Operativo,20260829-COBRIZA-XRD80USS-006-B
3929,20260829,8,42,9,B,1.5,True,Stand By Operativo,20260829-COBRIZA-XRD80USS-006-B
3930,20260829,8,42,47,B,0.5,False,Stand By Inoperativo,20260829-COBRIZA-XRD80USS-006-B
3931,20260829,8,42,55,B,1.5,False,Stand By Inoperativo,20260829-COBRIZA-XRD80USS-006-B
3932,20260829,8,42,58,B,1.0,False,Stand By Inoperativo,20260829-COBRIZA-XRD80USS-006-B
3933,20260829,8,42,59,B,1.0,False,Stand By Inoperativo,20260829-COBRIZA-XRD80USS-006-B
3934,20260830,8,42,1,A,4.0,True,Tiempo Efectivo - Operativo,20260830-COBRIZA-XRD80USS-006-A
3935,20260830,8,42,7,A,0.5,True,Stand By Operativo,20260830-COBRIZA-XRD80USS-006-A
3936,20260830,8,42,9,A,2.0,True,Stand By Operativo,20260830-COBRIZA-XRD80USS-006-A
3937,20260830,8,42,47,A,0.5,False,Stand By Inoperativo,20260830-COBRIZA-XRD80USS-006-A
3938,20260830,8,42,55,A,0.5,False,Stand By Inoperativo,20260830-COBRIZA-XRD80USS-006-A
3939,20260830,8,42,58,A,2.0,False,Stand By Inoperativo,20260830-COBRIZA-XRD80USS-006-A
3940,20260830,8,42,59,A,1.0,False,Stand By Inoperativo,20260830-COBRIZA-XRD80USS-006-A
3941,20260830,8,42,70,A,1.5,True,Stand By Cliente,20260830-COBRIZA-XRD80USS-006-A
3942,20260830,8,42,1,B,6.5,True,Tiempo Efectivo - Operativo,20260830-COBRIZA-XRD80USS-006-B
3943,20260830,8,42,5,B,0.5,False,Mantenimiento,20260830-COBRIZA-XRD80USS-006-B
3944,20260830,8,42,6,B,0.5,False,Mantenimiento,20260830-COBRIZA-XRD80USS-006-B
3945,20260830,8,42,7,B,1.0,True,Stand By Operativo,20260830-COBRIZA-XRD80USS-006-B
3946,20260830,8,42,8,B,0.5,True,Stand By Operativo,20260830-COBRIZA-XRD80USS-006-B
3947,20260830,8,42,47,B,0.5,False,Stand By Inoperativo,20260830-COBRIZA-XRD80USS-006-B
3948,20260830,8,42,55,B,0.5,False,Stand By Inoperativo,20260830-COBRIZA-XRD80USS-006-B
3949,20260830,8,42,58,B,1.0,False,Stand By Inoperativo,20260830-COBRIZA-XRD80USS-006-B
3950,20260830,8,42,59,B,1.0,False,Stand By Inoperativo,20260830-COBRIZA-XRD80USS-006-B
3951,20260831,8,42,1,A,4.0,True,Tiempo Efectivo - Operativo,20260831-COBRIZA-XRD80USS-006-A
3952,20260831,8,42,6,A,1.0,False,Mantenimiento,20260831-COBRIZA-XRD80USS-006-A
3953,20260831,8,42,7,A,1.0,True,Stand By Operativo,20260831-COBRIZA-XRD80USS-006-A
3954,20260831,8,42,9,A,1.5,True,Stand By Operativo,20260831-COBRIZA-XRD80USS-006-A
3955,20260831,8,42,47,A,1.0,False,Stand By Inoperativo,20260831-COBRIZA-XRD80USS-006-A
3956,20260831,8,42,55,A,0.5,False,Stand By Inoperativo,20260831-COBRIZA-XRD80USS-006-A
3957,20260831,8,42,58,A,2.0,False,Stand By Inoperativo,20260831-COBRIZA-XRD80USS-006-A
3958,20260831,8,42,59,A,1.0,False,Stand By Inoperativo,20260831-COBRIZA-XRD80USS-006-A
3959,20260831,8,42,1,B,2.5,True,Tiempo Efectivo - Operativo,20260831-COBRIZA-XRD80USS-006-B
3960,20260831,8,42,5,B,0.5,False,Mantenimiento,20260831-COBRIZA-XRD80USS-006-B
3961,20260831,8,42,7,B,2.0,True,Stand By Operativo,20260831-COBRIZA-XRD80USS-006-B
3962,20260831,8,42,8,B,0.5,True,Stand By Operativo,20260831-COBRIZA-XRD80USS-006-B
3963,20260831,8,42,9,B,2.0,True,Stand By Operativo,20260831-COBRIZA-XRD80USS-006-B
3964,20260831,8,42,47,B,0.5,False,Stand By Inoperativo,20260831-COBRIZA-XRD80USS-006-B
3965,20260831,8,42,58,B,1.0,False,Stand By Inoperativo,20260831-COBRIZA-XRD80USS-006-B
3966,20260831,8,42,59,B,1.0,False,Stand By Inoperativo,20260831-COBRIZA-XRD80USS-006-B
3967,20260831,8,42,70,B,2.0,True,Stand By Cliente,20260831-COBRIZA-XRD80USS-006-B
3968,20260826,8,36,1,A,2.0,True,Tiempo Efectivo - Operativo,20260826-COBRIZA-XRD125USS-001-A
3969,20260826,8,36,5,A,2.5,False,Mantenimiento,20260826-COBRIZA-XRD125USS-001-A
3970,20260826,8,36,6,A,2.5,False,Mantenimiento,20260826-COBRIZA-XRD125USS-001-A
3971,20260826,8,36,46,A,0.5,False,Stand By Inoperativo,20260826-COBRIZA-XRD125USS-001-A
3972,20260826,8,36,48,A,1.0,False,Stand By Inoperativo,20260826-COBRIZA-XRD125USS-001-A
3973,20260826,8,36,55,A,0.5,False,Stand By Inoperativo,20260826-COBRIZA-XRD125USS-001-A
3974,20260826,8,36,58,A,2.0,False,Stand By Inoperativo,20260826-COBRIZA-XRD125USS-001-A
3975,20260826,8,36,59,A,1.0,False,Stand By Inoperativo,20260826-COBRIZA-XRD125USS-001-A
3976,20260826,8,36,1,B,3.0,True,Tiempo Efectivo - Operativo,20260826-COBRIZA-XRD125USS-001-B
3977,20260826,8,36,6,B,4.0,False,Mantenimiento,20260826-COBRIZA-XRD125USS-001-B
3978,20260826,8,36,7,B,0.5,True,Stand By Operativo,20260826-COBRIZA-XRD125USS-001-B
3979,20260826,8,36,8,B,0.5,True,Stand By Operativo,20260826-COBRIZA-XRD125USS-001-B
3980,20260826,8,36,47,B,1.0,False,Stand By Inoperativo,20260826-COBRIZA-XRD125USS-001-B
3981,20260826,8,36,48,B,0.5,False,Stand By Inoperativo,20260826-COBRIZA-XRD125USS-001-B
3982,20260826,8,36,55,B,0.5,False,Stand By Inoperativo,20260826-COBRIZA-XRD125USS-001-B
3983,20260826,8,36,58,B,1.0,False,Stand By Inoperativo,20260826-COBRIZA-XRD125USS-001-B
3984,20260826,8,36,59,B,1.0,False,Stand By Inoperativo,20260826-COBRIZA-XRD125USS-001-B
3985,20260827,8,36,1,A,6.0,True,Tiempo Efectivo - Operativo,20260827-COBRIZA-XRD125USS-001-A
3986,20260827,8,36,5,A,0.5,False,Mantenimiento,20260827-COBRIZA-XRD125USS-001-A
3987,20260827,8,36,8,A,0.5,True,Stand By Operativo,20260827-COBRIZA-XRD125USS-001-A
3988,20260827,8,36,46,A,0.5,False,Stand By Inoperativo,20260827-COBRIZA-XRD125USS-001-A
3989,20260827,8,36,47,A,0.5,False,Stand By Inoperativo,20260827-COBRIZA-XRD125USS-001-A
3990,20260827,8,36,48,A,0.5,False,Stand By Inoperativo,20260827-COBRIZA-XRD125USS-001-A
3991,20260827,8,36,55,A,0.5,False,Stand By Inoperativo,20260827-COBRIZA-XRD125USS-001-A
3992,20260827,8,36,58,A,2.0,False,Stand By Inoperativo,20260827-COBRIZA-XRD125USS-001-A
3993,20260827,8,36,59,A,1.0,False,Stand By Inoperativo,20260827-COBRIZA-XRD125USS-001-A
3994,20260827,8,36,1,B,3.5,True,Tiempo Efectivo - Operativo,20260827-COBRIZA-XRD125USS-001-B
3995,20260827,8,36,5,B,0.5,False,Mantenimiento,20260827-COBRIZA-XRD125USS-001-B
3996,20260827,8,36,7,B,0.5,True,Stand By Operativo,20260827-COBRIZA-XRD125USS-001-B
3997,20260827,8,36,8,B,0.5,True,Stand By Operativo,20260827-COBRIZA-XRD125USS-001-B
3998,20260827,8,36,47,B,1.0,False,Stand By Inoperativo,20260827-COBRIZA-XRD125USS-001-B
3999,20260827,8,36,48,B,0.5,False,Stand By Inoperativo,20260827-COBRIZA-XRD125USS-001-B
4000,20260827,8,36,55,B,0.5,False,Stand By Inoperativo,20260827-COBRIZA-XRD125USS-001-B
4001,20260827,8,36,58,B,1.0,False,Stand By Inoperativo,20260827-COBRIZA-XRD125USS-001-B
4002,20260827,8,36,59,B,1.0,False,Stand By Inoperativo,20260827-COBRIZA-XRD125USS-001-B
4003,20260827,8,36,68,B,3.0,True,Stand By Cliente,20260827-COBRIZA-XRD125USS-001-B
4004,20260828,8,36,1,A,2.5,True,Tiempo Efectivo - Operativo,20260828-COBRIZA-XRD125USS-001-A
4005,20260828,8,36,6,A,1.0,False,Mantenimiento,20260828-COBRIZA-XRD125USS-001-A
4006,20260828,8,36,7,A,0.5,True,Stand By Operativo,20260828-COBRIZA-XRD125USS-001-A
4007,20260828,8,36,8,A,0.5,True,Stand By Operativo,20260828-COBRIZA-XRD125USS-001-A
4008,20260828,8,36,47,A,0.5,False,Stand By Inoperativo,20260828-COBRIZA-XRD125USS-001-A
4009,20260828,8,36,48,A,0.5,False,Stand By Inoperativo,20260828-COBRIZA-XRD125USS-001-A
4010,20260828,8,36,55,A,0.5,False,Stand By Inoperativo,20260828-COBRIZA-XRD125USS-001-A
4011,20260828,8,36,58,A,2.0,False,Stand By Inoperativo,20260828-COBRIZA-XRD125USS-001-A
4012,20260828,8,36,59,A,1.0,False,Stand By Inoperativo,20260828-COBRIZA-XRD125USS-001-A
4013,20260828,8,36,68,A,3.0,True,Stand By Cliente,20260828-COBRIZA-XRD125USS-001-A
4014,20260828,8,36,1,B,3.5,True,Tiempo Efectivo - Operativo,20260828-COBRIZA-XRD125USS-001-B
4015,20260828,8,36,5,B,0.5,False,Mantenimiento,20260828-COBRIZA-XRD125USS-001-B
4016,20260828,8,36,7,B,0.5,True,Stand By Operativo,20260828-COBRIZA-XRD125USS-001-B
4017,20260828,8,36,8,B,0.5,True,Stand By Operativo,20260828-COBRIZA-XRD125USS-001-B
4018,20260828,8,36,47,B,1.0,False,Stand By Inoperativo,20260828-COBRIZA-XRD125USS-001-B
4019,20260828,8,36,48,B,0.5,False,Stand By Inoperativo,20260828-COBRIZA-XRD125USS-001-B
4020,20260828,8,36,55,B,0.5,False,Stand By Inoperativo,20260828-COBRIZA-XRD125USS-001-B
4021,20260828,8,36,58,B,1.0,False,Stand By Inoperativo,20260828-COBRIZA-XRD125USS-001-B
4022,20260828,8,36,59,B,1.0,False,Stand By Inoperativo,20260828-COBRIZA-XRD125USS-001-B
4023,20260828,8,36,68,B,3.0,True,Stand By Cliente,20260828-COBRIZA-XRD125USS-001-B
4024,20260829,8,36,1,A,6.0,True,Tiempo Efectivo - Operativo,20260829-COBRIZA-XRD125USS-001-A
4025,20260829,8,36,5,A,0.5,False,Mantenimiento,20260829-COBRIZA-XRD125USS-001-A
4026,20260829,8,36,7,A,0.5,True,Stand By Operativo,20260829-COBRIZA-XRD125USS-001-A
4027,20260829,8,36,8,A,0.5,True,Stand By Operativo,20260829-COBRIZA-XRD125USS-001-A
4028,20260829,8,36,47,A,0.5,False,Stand By Inoperativo,20260829-COBRIZA-XRD125USS-001-A
4029,20260829,8,36,55,A,1.0,False,Stand By Inoperativo,20260829-COBRIZA-XRD125USS-001-A
4030,20260829,8,36,58,A,2.0,False,Stand By Inoperativo,20260829-COBRIZA-XRD125USS-001-A
4031,20260829,8,36,59,A,1.0,False,Stand By Inoperativo,20260829-COBRIZA-XRD125USS-001-A
4032,20260829,8,36,1,B,4.5,True,Tiempo Efectivo - Operativo,20260829-COBRIZA-XRD125USS-001-B
4033,20260829,8,36,5,B,0.5,False,Mantenimiento,20260829-COBRIZA-XRD125USS-001-B
4034,20260829,8,36,7,B,0.5,True,Stand By Operativo,20260829-COBRIZA-XRD125USS-001-B
4035,20260829,8,36,8,B,0.5,True,Stand By Operativo,20260829-COBRIZA-XRD125USS-001-B
4036,20260829,8,36,9,B,1.0,True,Stand By Operativo,20260829-COBRIZA-XRD125USS-001-B
4037,20260829,8,36,47,B,1.0,False,Stand By Inoperativo,20260829-COBRIZA-XRD125USS-001-B
4038,20260829,8,36,48,B,0.5,False,Stand By Inoperativo,20260829-COBRIZA-XRD125USS-001-B
4039,20260829,8,36,55,B,1.5,False,Stand By Inoperativo,20260829-COBRIZA-XRD125USS-001-B
4040,20260829,8,36,58,B,1.0,False,Stand By Inoperativo,20260829-COBRIZA-XRD125USS-001-B
4041,20260829,8,36,59,B,1.0,False,Stand By Inoperativo,20260829-COBRIZA-XRD125USS-001-B
4042,20260830,8,36,1,A,6.0,True,Tiempo Efectivo - Operativo,20260830-COBRIZA-XRD125USS-001-A
4043,20260830,8,36,5,A,0.5,False,Mantenimiento,20260830-COBRIZA-XRD125USS-001-A
4044,20260830,8,36,7,A,0.5,True,Stand By Operativo,20260830-COBRIZA-XRD125USS-001-A
4045,20260830,8,36,8,A,0.5,True,Stand By Operativo,20260830-COBRIZA-XRD125USS-001-A
4046,20260830,8,36,47,A,0.5,False,Stand By Inoperativo,20260830-COBRIZA-XRD125USS-001-A
4047,20260830,8,36,48,A,0.5,False,Stand By Inoperativo,20260830-COBRIZA-XRD125USS-001-A
4048,20260830,8,36,55,A,0.5,False,Stand By Inoperativo,20260830-COBRIZA-XRD125USS-001-A
4049,20260830,8,36,58,A,2.0,False,Stand By Inoperativo,20260830-COBRIZA-XRD125USS-001-A
4050,20260830,8,36,59,A,1.0,False,Stand By Inoperativo,20260830-COBRIZA-XRD125USS-001-A
4051,20260830,8,36,5,B,0.5,False,Mantenimiento,20260830-COBRIZA-XRD125USS-001-B
4052,20260830,8,36,9,B,1.0,True,Stand By Operativo,20260830-COBRIZA-XRD125USS-001-B
4053,20260830,8,36,52,B,5.0,False,Stand By Inoperativo,20260830-COBRIZA-XRD125USS-001-B
4054,20260830,8,36,55,B,0.5,False,Stand By Inoperativo,20260830-COBRIZA-XRD125USS-001-B
4055,20260830,8,36,58,B,1.0,False,Stand By Inoperativo,20260830-COBRIZA-XRD125USS-001-B
4056,20260830,8,36,59,B,1.0,False,Stand By Inoperativo,20260830-COBRIZA-XRD125USS-001-B
4057,20260830,8,36,70,B,3.0,True,Stand By Cliente,20260830-COBRIZA-XRD125USS-001-B
4058,20260831,8,36,5,A,0.5,False,Mantenimiento,20260831-COBRIZA-XRD125USS-001-A
4059,20260831,8,36,47,A,1.0,False,Stand By Inoperativo,20260831-COBRIZA-XRD125USS-001-A
4060,20260831,8,36,50,A,2.0,False,Stand By Inoperativo,20260831-COBRIZA-XRD125USS-001-A
4061,20260831,8,36,51,A,2.0,False,Stand By Inoperativo,20260831-COBRIZA-XRD125USS-001-A
4062,20260831,8,36,52,A,3.0,False,Stand By Inoperativo,20260831-COBRIZA-XRD125USS-001-A
4063,20260831,8,36,55,A,0.5,False,Stand By Inoperativo,20260831-COBRIZA-XRD125USS-001-A
4064,20260831,8,36,58,A,2.0,False,Stand By Inoperativo,20260831-COBRIZA-XRD125USS-001-A
4065,20260831,8,36,59,A,1.0,False,Stand By Inoperativo,20260831-COBRIZA-XRD125USS-001-A
4066,20260831,8,36,1,B,3.0,True,Tiempo Efectivo - Operativo,20260831-COBRIZA-XRD125USS-001-B
4067,20260831,8,36,5,B,0.5,False,Mantenimiento,20260831-COBRIZA-XRD125USS-001-B
4068,20260831,8,36,47,B,1.0,False,Stand By Inoperativo,20260831-COBRIZA-XRD125USS-001-B
4069,20260831,8,36,48,B,1.0,False,Stand By Inoperativo,20260831-COBRIZA-XRD125USS-001-B
4070,20260831,8,36,50,B,1.0,False,Stand By Inoperativo,20260831-COBRIZA-XRD125USS-001-B
4071,20260831,8,36,52,B,3.0,False,Stand By Inoperativo,20260831-COBRIZA-XRD125USS-001-B
4072,20260831,8,36,55,B,0.5,False,Stand By Inoperativo,20260831-COBRIZA-XRD125USS-001-B
4073,20260831,8,36,58,B,1.0,False,Stand By Inoperativo,20260831-COBRIZA-XRD125USS-001-B
4074,20260831,8,36,59,B,1.0,False,Stand By Inoperativo,20260831-COBRIZA-XRD125USS-001-B
4075,20260826,8,37,1,A,5.5,True,Tiempo Efectivo - Operativo,20260826-COBRIZA-XRD150U-008-A
4076,20260826,8,37,8,A,1.0,True,Stand By Operativo,20260826-COBRIZA-XRD150U-008-A
4077,20260826,8,37,46,A,1.0,False,Stand By Inoperativo,20260826-COBRIZA-XRD150U-008-A
4078,20260826,8,37,47,A,1.0,False,Stand By Inoperativo,20260826-COBRIZA-XRD150U-008-A
4079,20260826,8,37,55,A,0.5,False,Stand By Inoperativo,20260826-COBRIZA-XRD150U-008-A
4080,20260826,8,37,58,A,2.0,False,Stand By Inoperativo,20260826-COBRIZA-XRD150U-008-A
4081,20260826,8,37,59,A,1.0,False,Stand By Inoperativo,20260826-COBRIZA-XRD150U-008-A
4082,20260826,8,37,1,B,5.0,True,Tiempo Efectivo - Operativo,20260826-COBRIZA-XRD150U-008-B
4083,20260826,8,37,5,B,0.5,False,Mantenimiento,20260826-COBRIZA-XRD150U-008-B
4084,20260826,8,37,7,B,0.5,True,Stand By Operativo,20260826-COBRIZA-XRD150U-008-B
4085,20260826,8,37,8,B,0.5,True,Stand By Operativo,20260826-COBRIZA-XRD150U-008-B
4086,20260826,8,37,47,B,0.5,False,Stand By Inoperativo,20260826-COBRIZA-XRD150U-008-B
4087,20260826,8,37,55,B,0.5,False,Stand By Inoperativo,20260826-COBRIZA-XRD150U-008-B
4088,20260826,8,37,58,B,2.0,False,Stand By Inoperativo,20260826-COBRIZA-XRD150U-008-B
4089,20260826,8,37,59,B,1.0,False,Stand By Inoperativo,20260826-COBRIZA-XRD150U-008-B
4090,20260826,8,37,68,B,1.5,True,Stand By Cliente,20260826-COBRIZA-XRD150U-008-B
4091,20260827,8,37,1,A,3.0,True,Tiempo Efectivo - Operativo,20260827-COBRIZA-XRD150U-008-A
4092,20260827,8,37,8,A,1.0,True,Stand By Operativo,20260827-COBRIZA-XRD150U-008-A
4093,20260827,8,37,47,A,1.0,False,Stand By Inoperativo,20260827-COBRIZA-XRD150U-008-A
4094,20260827,8,37,55,A,0.5,False,Stand By Inoperativo,20260827-COBRIZA-XRD150U-008-A
4095,20260827,8,37,58,A,2.0,False,Stand By Inoperativo,20260827-COBRIZA-XRD150U-008-A
4096,20260827,8,37,59,A,1.0,False,Stand By Inoperativo,20260827-COBRIZA-XRD150U-008-A
4097,20260827,8,37,70,A,3.5,True,Stand By Cliente,20260827-COBRIZA-XRD150U-008-A
4098,20260827,8,37,1,B,4.5,True,Tiempo Efectivo - Operativo,20260827-COBRIZA-XRD150U-008-B
4099,20260827,8,37,5,B,1.0,False,Mantenimiento,20260827-COBRIZA-XRD150U-008-B
4100,20260827,8,37,7,B,0.5,True,Stand By Operativo,20260827-COBRIZA-XRD150U-008-B
4101,20260827,8,37,8,B,0.5,True,Stand By Operativo,20260827-COBRIZA-XRD150U-008-B
4102,20260827,8,37,9,B,1.0,True,Stand By Operativo,20260827-COBRIZA-XRD150U-008-B
4103,20260827,8,37,55,B,0.5,False,Stand By Inoperativo,20260827-COBRIZA-XRD150U-008-B
4104,20260827,8,37,58,B,2.0,False,Stand By Inoperativo,20260827-COBRIZA-XRD150U-008-B
4105,20260827,8,37,59,B,1.0,False,Stand By Inoperativo,20260827-COBRIZA-XRD150U-008-B
4106,20260827,8,37,68,B,1.0,True,Stand By Cliente,20260827-COBRIZA-XRD150U-008-B
4107,20260828,8,37,1,A,1.5,True,Tiempo Efectivo - Operativo,20260828-COBRIZA-XRD150U-008-A
4108,20260828,8,37,6,A,4.0,False,Mantenimiento,20260828-COBRIZA-XRD150U-008-A
4109,20260828,8,37,47,A,1.0,False,Stand By Inoperativo,20260828-COBRIZA-XRD150U-008-A
4110,20260828,8,37,48,A,1.0,False,Stand By Inoperativo,20260828-COBRIZA-XRD150U-008-A
4111,20260828,8,37,55,A,0.5,False,Stand By Inoperativo,20260828-COBRIZA-XRD150U-008-A
4112,20260828,8,37,58,A,2.0,False,Stand By Inoperativo,20260828-COBRIZA-XRD150U-008-A
4113,20260828,8,37,59,A,1.0,False,Stand By Inoperativo,20260828-COBRIZA-XRD150U-008-A
4114,20260828,8,37,68,A,1.0,True,Stand By Cliente,20260828-COBRIZA-XRD150U-008-A
4115,20260828,8,37,1,B,6.0,True,Tiempo Efectivo - Operativo,20260828-COBRIZA-XRD150U-008-B
4116,20260828,8,37,5,B,0.5,False,Mantenimiento,20260828-COBRIZA-XRD150U-008-B
4117,20260828,8,37,7,B,0.5,True,Stand By Operativo,20260828-COBRIZA-XRD150U-008-B
4118,20260828,8,37,8,B,0.5,True,Stand By Operativo,20260828-COBRIZA-XRD150U-008-B
4119,20260828,8,37,47,B,0.5,False,Stand By Inoperativo,20260828-COBRIZA-XRD150U-008-B
4120,20260828,8,37,55,B,1.0,False,Stand By Inoperativo,20260828-COBRIZA-XRD150U-008-B
4121,20260828,8,37,58,B,2.0,False,Stand By Inoperativo,20260828-COBRIZA-XRD150U-008-B
4122,20260828,8,37,59,B,1.0,False,Stand By Inoperativo,20260828-COBRIZA-XRD150U-008-B
4123,20260829,8,37,1,A,6.0,True,Tiempo Efectivo - Operativo,20260829-COBRIZA-XRD150U-008-A
4124,20260829,8,37,5,A,0.5,False,Mantenimiento,20260829-COBRIZA-XRD150U-008-A
4125,20260829,8,37,8,A,1.0,True,Stand By Operativo,20260829-COBRIZA-XRD150U-008-A
4126,20260829,8,37,47,A,1.0,False,Stand By Inoperativo,20260829-COBRIZA-XRD150U-008-A
4127,20260829,8,37,55,A,0.5,False,Stand By Inoperativo,20260829-COBRIZA-XRD150U-008-A
4128,20260829,8,37,58,A,2.0,False,Stand By Inoperativo,20260829-COBRIZA-XRD150U-008-A
4129,20260829,8,37,59,A,1.0,False,Stand By Inoperativo,20260829-COBRIZA-XRD150U-008-A
4130,20260829,8,37,1,B,5.0,True,Tiempo Efectivo - Operativo,20260829-COBRIZA-XRD150U-008-B
4131,20260829,8,37,5,B,0.5,False,Mantenimiento,20260829-COBRIZA-XRD150U-008-B
4132,20260829,8,37,7,B,0.5,True,Stand By Operativo,20260829-COBRIZA-XRD150U-008-B
4133,20260829,8,37,8,B,0.5,True,Stand By Operativo,20260829-COBRIZA-XRD150U-008-B
4134,20260829,8,37,47,B,0.5,False,Stand By Inoperativo,20260829-COBRIZA-XRD150U-008-B
4135,20260829,8,37,55,B,1.5,False,Stand By Inoperativo,20260829-COBRIZA-XRD150U-008-B
4136,20260829,8,37,58,B,2.0,False,Stand By Inoperativo,20260829-COBRIZA-XRD150U-008-B
4137,20260829,8,37,59,B,1.0,False,Stand By Inoperativo,20260829-COBRIZA-XRD150U-008-B
4138,20260829,8,37,68,B,0.5,True,Stand By Cliente,20260829-COBRIZA-XRD150U-008-B
4139,20260830,8,37,1,A,2.0,True,Tiempo Efectivo - Operativo,20260830-COBRIZA-XRD150U-008-A
4140,20260830,8,37,8,A,1.0,True,Stand By Operativo,20260830-COBRIZA-XRD150U-008-A
4141,20260830,8,37,9,A,2.0,True,Stand By Operativo,20260830-COBRIZA-XRD150U-008-A
4142,20260830,8,37,16,A,2.0,True,Stand By Operativo,20260830-COBRIZA-XRD150U-008-A
4143,20260830,8,37,47,A,0.5,False,Stand By Inoperativo,20260830-COBRIZA-XRD150U-008-A
4144,20260830,8,37,52,A,1.0,False,Stand By Inoperativo,20260830-COBRIZA-XRD150U-008-A
4145,20260830,8,37,55,A,0.5,False,Stand By Inoperativo,20260830-COBRIZA-XRD150U-008-A
4146,20260830,8,37,58,A,2.0,False,Stand By Inoperativo,20260830-COBRIZA-XRD150U-008-A
4147,20260830,8,37,59,A,1.0,False,Stand By Inoperativo,20260830-COBRIZA-XRD150U-008-A
4148,20260830,8,37,5,B,0.5,False,Mantenimiento,20260830-COBRIZA-XRD150U-008-B
4149,20260830,8,37,18,B,2.0,True,Stand By Operativo,20260830-COBRIZA-XRD150U-008-B
4150,20260830,8,37,20,B,2.0,True,Stand By Operativo,20260830-COBRIZA-XRD150U-008-B
4151,20260830,8,37,47,B,0.5,False,Stand By Inoperativo,20260830-COBRIZA-XRD150U-008-B
4152,20260830,8,37,50,B,1.5,False,Stand By Inoperativo,20260830-COBRIZA-XRD150U-008-B
4153,20260830,8,37,52,B,1.0,False,Stand By Inoperativo,20260830-COBRIZA-XRD150U-008-B
4154,20260830,8,37,55,B,0.5,False,Stand By Inoperativo,20260830-COBRIZA-XRD150U-008-B
4155,20260830,8,37,58,B,2.0,False,Stand By Inoperativo,20260830-COBRIZA-XRD150U-008-B
4156,20260830,8,37,59,B,1.0,False,Stand By Inoperativo,20260830-COBRIZA-XRD150U-008-B
4157,20260830,8,37,68,B,1.0,True,Stand By Cliente,20260830-COBRIZA-XRD150U-008-B
4158,20260831,8,37,55,A,1.0,False,Stand By Inoperativo,20260831-COBRIZA-XRD150U-008-A
4159,20260831,8,37,58,A,2.0,False,Stand By Inoperativo,20260831-COBRIZA-XRD150U-008-A
4160,20260831,8,37,59,A,1.0,False,Stand By Inoperativo,20260831-COBRIZA-XRD150U-008-A
4161,20260831,8,37,70,A,8.0,True,Stand By Cliente,20260831-COBRIZA-XRD150U-008-A
4162,20260831,8,37,1,B,4.0,True,Tiempo Efectivo - Operativo,20260831-COBRIZA-XRD150U-008-B
4163,20260831,8,37,5,B,0.5,False,Mantenimiento,20260831-COBRIZA-XRD150U-008-B
4164,20260831,8,37,47,B,0.5,False,Stand By Inoperativo,20260831-COBRIZA-XRD150U-008-B
4165,20260831,8,37,55,B,1.0,False,Stand By Inoperativo,20260831-COBRIZA-XRD150U-008-B
4166,20260831,8,37,58,B,2.0,False,Stand By Inoperativo,20260831-COBRIZA-XRD150U-008-B
4167,20260831,8,37,59,B,1.0,False,Stand By Inoperativo,20260831-COBRIZA-XRD150U-008-B
4168,20260831,8,37,70,B,3.0,True,Stand By Cliente,20260831-COBRIZA-XRD150U-008-B
4169,20260826,14,69,5,A,0.5,False,Mantenimiento,20260826-MOROCOCHA-XRD90USS-005-A
4170,20260826,14,69,6,A,0.5,False,Mantenimiento,20260826-MOROCOCHA-XRD90USS-005-A
4171,20260826,14,69,10,A,1.0,True,Stand By Operativo,20260826-MOROCOCHA-XRD90USS-005-A
4172,20260826,14,69,27,A,4.0,True,Stand By Operativo,20260826-MOROCOCHA-XRD90USS-005-A
4173,20260826,14,69,31,A,1.5,True,Stand By Operativo,20260826-MOROCOCHA-XRD90USS-005-A
4174,20260826,14,69,47,A,0.5,False,Stand By Inoperativo,20260826-MOROCOCHA-XRD90USS-005-A
4175,20260826,14,69,55,A,1.0,False,Stand By Inoperativo,20260826-MOROCOCHA-XRD90USS-005-A
4176,20260826,14,69,58,A,2.0,False,Stand By Inoperativo,20260826-MOROCOCHA-XRD90USS-005-A
4177,20260826,14,69,59,A,1.0,False,Stand By Inoperativo,20260826-MOROCOCHA-XRD90USS-005-A
4178,20260826,14,69,1,B,5.0,True,Tiempo Efectivo - Operativo,20260826-MOROCOCHA-XRD90USS-005-B
4179,20260826,14,69,6,B,2.5,False,Mantenimiento,20260826-MOROCOCHA-XRD90USS-005-B
4180,20260826,14,69,31,B,1.0,True,Stand By Operativo,20260826-MOROCOCHA-XRD90USS-005-B
4181,20260826,14,69,47,B,0.5,False,Stand By Inoperativo,20260826-MOROCOCHA-XRD90USS-005-B
4182,20260826,14,69,58,B,2.0,False,Stand By Inoperativo,20260826-MOROCOCHA-XRD90USS-005-B
4183,20260826,14,69,59,B,1.0,False,Stand By Inoperativo,20260826-MOROCOCHA-XRD90USS-005-B
4184,20260827,14,69,1,A,3.5,True,Tiempo Efectivo - Operativo,20260827-MOROCOCHA-XRD90USS-005-A
4185,20260827,14,69,5,A,0.5,False,Mantenimiento,20260827-MOROCOCHA-XRD90USS-005-A
4186,20260827,14,69,9,A,1.0,True,Stand By Operativo,20260827-MOROCOCHA-XRD90USS-005-A
4187,20260827,14,69,10,A,1.0,True,Stand By Operativo,20260827-MOROCOCHA-XRD90USS-005-A
4188,20260827,14,69,47,A,1.0,False,Stand By Inoperativo,20260827-MOROCOCHA-XRD90USS-005-A
4189,20260827,14,69,55,A,1.0,False,Stand By Inoperativo,20260827-MOROCOCHA-XRD90USS-005-A
4190,20260827,14,69,58,A,2.0,False,Stand By Inoperativo,20260827-MOROCOCHA-XRD90USS-005-A
4191,20260827,14,69,59,A,1.0,False,Stand By Inoperativo,20260827-MOROCOCHA-XRD90USS-005-A
4192,20260827,14,69,70,A,1.0,True,Stand By Cliente,20260827-MOROCOCHA-XRD90USS-005-A
4193,20260827,14,69,60,B,12.0,False,Stand By Inoperativo,20260827-MOROCOCHA-XRD90USS-005-B
4194,20260828,14,69,1,B,5.0,True,Tiempo Efectivo - Operativo,20260828-MOROCOCHA-XRD90USS-005-B
4195,20260828,14,69,5,B,0.5,False,Mantenimiento,20260828-MOROCOCHA-XRD90USS-005-B
4196,20260828,14,69,7,B,0.5,True,Stand By Operativo,20260828-MOROCOCHA-XRD90USS-005-B
4197,20260828,14,69,9,B,0.5,True,Stand By Operativo,20260828-MOROCOCHA-XRD90USS-005-B
4198,20260828,14,69,31,B,1.0,True,Stand By Operativo,20260828-MOROCOCHA-XRD90USS-005-B
4199,20260828,14,69,47,B,0.5,False,Stand By Inoperativo,20260828-MOROCOCHA-XRD90USS-005-B
4200,20260828,14,69,55,B,1.0,False,Stand By Inoperativo,20260828-MOROCOCHA-XRD90USS-005-B
4201,20260828,14,69,58,B,2.0,False,Stand By Inoperativo,20260828-MOROCOCHA-XRD90USS-005-B
4202,20260828,14,69,59,B,1.0,False,Stand By Inoperativo,20260828-MOROCOCHA-XRD90USS-005-B
4203,20260828,14,69,60,B,12.0,False,Stand By Inoperativo,20260828-MOROCOCHA-XRD90USS-005-B
4204,20260829,14,69,1,A,2.5,True,Tiempo Efectivo - Operativo,20260829-MOROCOCHA-XRD90USS-005-A
4205,20260829,14,69,5,A,0.5,False,Mantenimiento,20260829-MOROCOCHA-XRD90USS-005-A
4206,20260829,14,69,9,A,0.5,True,Stand By Operativo,20260829-MOROCOCHA-XRD90USS-005-A
4207,20260829,14,69,27,A,2.5,True,Stand By Operativo,20260829-MOROCOCHA-XRD90USS-005-A
4208,20260829,14,69,31,A,1.0,True,Stand By Operativo,20260829-MOROCOCHA-XRD90USS-005-A
4209,20260829,14,69,47,A,1.0,False,Stand By Inoperativo,20260829-MOROCOCHA-XRD90USS-005-A
4210,20260829,14,69,55,A,1.0,False,Stand By Inoperativo,20260829-MOROCOCHA-XRD90USS-005-A
4211,20260829,14,69,58,A,2.0,False,Stand By Inoperativo,20260829-MOROCOCHA-XRD90USS-005-A
4212,20260829,14,69,59,A,1.0,False,Stand By Inoperativo,20260829-MOROCOCHA-XRD90USS-005-A
4213,20260829,14,69,60,B,12.0,False,Stand By Inoperativo,20260829-MOROCOCHA-XRD90USS-005-B
4214,20260830,14,69,1,A,5.0,True,Tiempo Efectivo - Operativo,20260830-MOROCOCHA-XRD90USS-005-A
4215,20260830,14,69,5,A,1.0,False,Mantenimiento,20260830-MOROCOCHA-XRD90USS-005-A
4216,20260830,14,69,31,A,1.0,True,Stand By Operativo,20260830-MOROCOCHA-XRD90USS-005-A
4217,20260830,14,69,47,A,1.0,False,Stand By Inoperativo,20260830-MOROCOCHA-XRD90USS-005-A
4218,20260830,14,69,55,A,1.0,False,Stand By Inoperativo,20260830-MOROCOCHA-XRD90USS-005-A
4219,20260830,14,69,58,A,2.0,False,Stand By Inoperativo,20260830-MOROCOCHA-XRD90USS-005-A
4220,20260830,14,69,59,A,1.0,False,Stand By Inoperativo,20260830-MOROCOCHA-XRD90USS-005-A
4221,20260830,14,69,60,B,12.0,False,Stand By Inoperativo,20260830-MOROCOCHA-XRD90USS-005-B
4222,20260831,14,69,1,A,5.0,True,Tiempo Efectivo - Operativo,20260831-MOROCOCHA-XRD90USS-005-A
4223,20260831,14,69,5,A,1.0,False,Mantenimiento,20260831-MOROCOCHA-XRD90USS-005-A
4224,20260831,14,69,6,A,1.0,False,Mantenimiento,20260831-MOROCOCHA-XRD90USS-005-A
4225,20260831,14,69,31,A,1.0,True,Stand By Operativo,20260831-MOROCOCHA-XRD90USS-005-A
4226,20260831,14,69,47,A,1.0,False,Stand By Inoperativo,20260831-MOROCOCHA-XRD90USS-005-A
4227,20260831,14,69,58,A,2.0,False,Stand By Inoperativo,20260831-MOROCOCHA-XRD90USS-005-A
4228,20260831,14,69,59,A,1.0,False,Stand By Inoperativo,20260831-MOROCOCHA-XRD90USS-005-A
4229,20260826,14,67,60,A,12.0,False,Stand By Inoperativo,20260826-MOROCOCHA-XRD150USS-002-A
4230,20260826,14,67,1,B,5.0,True,Tiempo Efectivo - Operativo,20260826-MOROCOCHA-XRD150USS-002-B
4231,20260826,14,67,5,B,0.5,False,Mantenimiento,20260826-MOROCOCHA-XRD150USS-002-B
4232,20260826,14,67,6,B,0.5,False,Mantenimiento,20260826-MOROCOCHA-XRD150USS-002-B
4233,20260826,14,67,7,B,0.5,True,Stand By Operativo,20260826-MOROCOCHA-XRD150USS-002-B
4234,20260826,14,67,8,B,0.5,True,Stand By Operativo,20260826-MOROCOCHA-XRD150USS-002-B
4235,20260826,14,67,47,B,0.5,False,Stand By Inoperativo,20260826-MOROCOCHA-XRD150USS-002-B
4236,20260826,14,67,55,B,1.0,False,Stand By Inoperativo,20260826-MOROCOCHA-XRD150USS-002-B
4237,20260826,14,67,58,B,2.5,False,Stand By Inoperativo,20260826-MOROCOCHA-XRD150USS-002-B
4238,20260826,14,67,59,B,1.0,False,Stand By Inoperativo,20260826-MOROCOCHA-XRD150USS-002-B
4239,20260827,14,67,60,A,12.0,False,Stand By Inoperativo,20260827-MOROCOCHA-XRD150USS-002-A
4240,20260827,14,67,1,B,5.5,True,Tiempo Efectivo - Operativo,20260827-MOROCOCHA-XRD150USS-002-B
4241,20260827,14,67,5,B,0.5,False,Mantenimiento,20260827-MOROCOCHA-XRD150USS-002-B
4242,20260827,14,67,7,B,0.5,True,Stand By Operativo,20260827-MOROCOCHA-XRD150USS-002-B
4243,20260827,14,67,8,B,0.5,True,Stand By Operativo,20260827-MOROCOCHA-XRD150USS-002-B
4244,20260827,14,67,47,B,1.0,False,Stand By Inoperativo,20260827-MOROCOCHA-XRD150USS-002-B
4245,20260827,14,67,55,B,0.5,False,Stand By Inoperativo,20260827-MOROCOCHA-XRD150USS-002-B
4246,20260827,14,67,58,B,2.5,False,Stand By Inoperativo,20260827-MOROCOCHA-XRD150USS-002-B
4247,20260827,14,67,59,B,1.0,False,Stand By Inoperativo,20260827-MOROCOCHA-XRD150USS-002-B
4248,20260828,14,67,60,A,12.0,False,Stand By Inoperativo,20260828-MOROCOCHA-XRD150USS-002-A
4249,20260828,14,67,1,B,5.5,True,Tiempo Efectivo - Operativo,20260828-MOROCOCHA-XRD150USS-002-B
4250,20260828,14,67,5,B,0.5,False,Mantenimiento,20260828-MOROCOCHA-XRD150USS-002-B
4251,20260828,14,67,7,B,1.0,True,Stand By Operativo,20260828-MOROCOCHA-XRD150USS-002-B
4252,20260828,14,67,8,B,0.5,True,Stand By Operativo,20260828-MOROCOCHA-XRD150USS-002-B
4253,20260828,14,67,47,B,0.5,False,Stand By Inoperativo,20260828-MOROCOCHA-XRD150USS-002-B
4254,20260828,14,67,55,B,1.0,False,Stand By Inoperativo,20260828-MOROCOCHA-XRD150USS-002-B
4255,20260828,14,67,58,B,2.0,False,Stand By Inoperativo,20260828-MOROCOCHA-XRD150USS-002-B
4256,20260828,14,67,59,B,1.0,False,Stand By Inoperativo,20260828-MOROCOCHA-XRD150USS-002-B
4257,20260829,14,67,1,B,1.5,True,Tiempo Efectivo - Operativo,20260829-MOROCOCHA-XRD150USS-002-B
4258,20260829,14,67,5,B,0.5,False,Mantenimiento,20260829-MOROCOCHA-XRD150USS-002-B
4259,20260829,14,67,7,B,1.0,True,Stand By Operativo,20260829-MOROCOCHA-XRD150USS-002-B
4260,20260829,14,67,8,B,0.5,True,Stand By Operativo,20260829-MOROCOCHA-XRD150USS-002-B
4261,20260829,14,67,13,B,3.0,True,Stand By Operativo,20260829-MOROCOCHA-XRD150USS-002-B
4262,20260829,14,67,47,B,0.5,False,Stand By Inoperativo,20260829-MOROCOCHA-XRD150USS-002-B
4263,20260829,14,67,55,B,1.0,False,Stand By Inoperativo,20260829-MOROCOCHA-XRD150USS-002-B
4264,20260829,14,67,58,B,2.0,False,Stand By Inoperativo,20260829-MOROCOCHA-XRD150USS-002-B
4265,20260829,14,67,59,B,1.0,False,Stand By Inoperativo,20260829-MOROCOCHA-XRD150USS-002-B
4266,20260829,14,67,70,B,1.0,True,Stand By Cliente,20260829-MOROCOCHA-XRD150USS-002-B
4267,20260830,14,67,1,B,4.0,True,Tiempo Efectivo - Operativo,20260830-MOROCOCHA-XRD150USS-002-B
4268,20260830,14,67,5,B,0.5,False,Mantenimiento,20260830-MOROCOCHA-XRD150USS-002-B
4269,20260830,14,67,7,B,1.0,True,Stand By Operativo,20260830-MOROCOCHA-XRD150USS-002-B
4270,20260830,14,67,8,B,0.5,True,Stand By Operativo,20260830-MOROCOCHA-XRD150USS-002-B
4271,20260830,14,67,14,B,1.5,True,Stand By Operativo,20260830-MOROCOCHA-XRD150USS-002-B
4272,20260830,14,67,47,B,0.5,False,Stand By Inoperativo,20260830-MOROCOCHA-XRD150USS-002-B
4273,20260830,14,67,55,B,1.0,False,Stand By Inoperativo,20260830-MOROCOCHA-XRD150USS-002-B
4274,20260830,14,67,58,B,2.0,False,Stand By Inoperativo,20260830-MOROCOCHA-XRD150USS-002-B
4275,20260830,14,67,59,B,1.0,False,Stand By Inoperativo,20260830-MOROCOCHA-XRD150USS-002-B
4276,20260826,14,68,60,A,12.0,False,Stand By Inoperativo,20260826-MOROCOCHA-XRD80USS-011-A
4277,20260826,14,68,60,B,12.0,False,Stand By Inoperativo,20260826-MOROCOCHA-XRD80USS-011-B
4278,20260827,14,68,60,A,12.0,False,Stand By Inoperativo,20260827-MOROCOCHA-XRD80USS-011-A
4279,20260827,14,68,17,B,6.0,True,Stand By Operativo,20260827-MOROCOCHA-XRD80USS-011-B
4280,20260827,14,68,52,B,2.0,False,Stand By Inoperativo,20260827-MOROCOCHA-XRD80USS-011-B
4281,20260827,14,68,55,B,1.0,False,Stand By Inoperativo,20260827-MOROCOCHA-XRD80USS-011-B
4282,20260827,14,68,58,B,2.0,False,Stand By Inoperativo,20260827-MOROCOCHA-XRD80USS-011-B
4283,20260827,14,68,59,B,1.0,False,Stand By Inoperativo,20260827-MOROCOCHA-XRD80USS-011-B
4284,20260828,14,68,17,A,3.0,True,Stand By Operativo,20260828-MOROCOCHA-XRD80USS-011-A
4285,20260828,14,68,50,A,2.0,False,Stand By Inoperativo,20260828-MOROCOCHA-XRD80USS-011-A
4286,20260828,14,68,55,A,1.0,False,Stand By Inoperativo,20260828-MOROCOCHA-XRD80USS-011-A
4287,20260828,14,68,58,A,2.0,False,Stand By Inoperativo,20260828-MOROCOCHA-XRD80USS-011-A
4288,20260828,14,68,59,A,1.0,False,Stand By Inoperativo,20260828-MOROCOCHA-XRD80USS-011-A
4289,20260828,14,68,70,A,3.0,True,Stand By Cliente,20260828-MOROCOCHA-XRD80USS-011-A
4290,20260828,14,68,60,B,12.0,False,Stand By Inoperativo,20260828-MOROCOCHA-XRD80USS-011-B
4291,20260829,14,68,17,B,8.0,True,Stand By Operativo,20260829-MOROCOCHA-XRD80USS-011-B
4292,20260829,14,68,55,B,1.0,False,Stand By Inoperativo,20260829-MOROCOCHA-XRD80USS-011-B
4293,20260829,14,68,58,B,2.0,False,Stand By Inoperativo,20260829-MOROCOCHA-XRD80USS-011-B
4294,20260829,14,68,59,B,1.0,False,Stand By Inoperativo,20260829-MOROCOCHA-XRD80USS-011-B
4295,20260830,14,68,60,A,12.0,False,Stand By Inoperativo,20260830-MOROCOCHA-XRD80USS-011-A
4296,20260830,14,68,14,B,4.5,True,Stand By Operativo,20260830-MOROCOCHA-XRD80USS-011-B
4297,20260830,14,68,17,B,2.0,True,Stand By Operativo,20260830-MOROCOCHA-XRD80USS-011-B
4298,20260830,14,68,47,B,0.5,False,Stand By Inoperativo,20260830-MOROCOCHA-XRD80USS-011-B
4299,20260830,14,68,52,B,1.0,False,Stand By Inoperativo,20260830-MOROCOCHA-XRD80USS-011-B
4300,20260830,14,68,55,B,1.0,False,Stand By Inoperativo,20260830-MOROCOCHA-XRD80USS-011-B
4301,20260830,14,68,58,B,2.0,False,Stand By Inoperativo,20260830-MOROCOCHA-XRD80USS-011-B
4302,20260830,14,68,59,B,1.0,False,Stand By Inoperativo,20260830-MOROCOCHA-XRD80USS-011-B
4303,20260826,4,18,47,A,1.0,False,Stand By Inoperativo,20260826-CATALINA HUANCA-XRD50U-003-A
4304,20260826,4,18,50,A,3.0,False,Stand By Inoperativo,20260826-CATALINA HUANCA-XRD50U-003-A
4305,20260826,4,18,55,A,1.15,False,Stand By Inoperativo,20260826-CATALINA HUANCA-XRD50U-003-A
4306,20260826,4,18,58,A,1.0,False,Stand By Inoperativo,20260826-CATALINA HUANCA-XRD50U-003-A
4307,20260826,4,18,59,A,1.0,False,Stand By Inoperativo,20260826-CATALINA HUANCA-XRD50U-003-A
4308,20260826,4,18,70,A,3.0,True,Stand By Cliente,20260826-CATALINA HUANCA-XRD50U-003-A
4309,20260826,4,18,1,B,1.0,True,Tiempo Efectivo - Operativo,20260826-CATALINA HUANCA-XRD50U-003-B
4310,20260826,4,18,5,B,0.5,False,Mantenimiento,20260826-CATALINA HUANCA-XRD50U-003-B
4311,20260826,4,18,20,B,1.0,True,Stand By Operativo,20260826-CATALINA HUANCA-XRD50U-003-B
4312,20260826,4,18,48,B,0.5,False,Stand By Inoperativo,20260826-CATALINA HUANCA-XRD50U-003-B
4313,20260826,4,18,50,B,2.0,False,Stand By Inoperativo,20260826-CATALINA HUANCA-XRD50U-003-B
4314,20260826,4,18,52,B,1.0,False,Stand By Inoperativo,20260826-CATALINA HUANCA-XRD50U-003-B
4315,20260826,4,18,55,B,2.15,False,Stand By Inoperativo,20260826-CATALINA HUANCA-XRD50U-003-B
4316,20260826,4,18,58,B,1.0,False,Stand By Inoperativo,20260826-CATALINA HUANCA-XRD50U-003-B
4317,20260826,4,18,59,B,1.0,False,Stand By Inoperativo,20260826-CATALINA HUANCA-XRD50U-003-B
4318,20260827,4,18,1,A,4.0,True,Tiempo Efectivo - Operativo,20260827-CATALINA HUANCA-XRD50U-003-A
4319,20260827,4,18,5,A,0.5,False,Mantenimiento,20260827-CATALINA HUANCA-XRD50U-003-A
4320,20260827,4,18,8,A,0.5,True,Stand By Operativo,20260827-CATALINA HUANCA-XRD50U-003-A
4321,20260827,4,18,55,A,3.15,False,Stand By Inoperativo,20260827-CATALINA HUANCA-XRD50U-003-A
4322,20260827,4,18,58,A,1.0,False,Stand By Inoperativo,20260827-CATALINA HUANCA-XRD50U-003-A
4323,20260827,4,18,59,A,1.0,False,Stand By Inoperativo,20260827-CATALINA HUANCA-XRD50U-003-A
4324,20260827,4,18,1,B,4.5,True,Tiempo Efectivo - Operativo,20260827-CATALINA HUANCA-XRD50U-003-B
4325,20260827,4,18,5,B,0.5,False,Mantenimiento,20260827-CATALINA HUANCA-XRD50U-003-B
4326,20260827,4,18,6,B,0.5,False,Mantenimiento,20260827-CATALINA HUANCA-XRD50U-003-B
4327,20260827,4,18,7,B,1.0,True,Stand By Operativo,20260827-CATALINA HUANCA-XRD50U-003-B
4328,20260827,4,18,8,B,0.5,True,Stand By Operativo,20260827-CATALINA HUANCA-XRD50U-003-B
4329,20260827,4,18,9,B,0.5,True,Stand By Operativo,20260827-CATALINA HUANCA-XRD50U-003-B
4330,20260827,4,18,47,B,0.5,False,Stand By Inoperativo,20260827-CATALINA HUANCA-XRD50U-003-B
4331,20260827,4,18,55,B,0.15,False,Stand By Inoperativo,20260827-CATALINA HUANCA-XRD50U-003-B
4332,20260827,4,18,58,B,1.0,False,Stand By Inoperativo,20260827-CATALINA HUANCA-XRD50U-003-B
4333,20260827,4,18,59,B,1.0,False,Stand By Inoperativo,20260827-CATALINA HUANCA-XRD50U-003-B
4334,20260828,4,18,1,A,5.5,True,Tiempo Efectivo - Operativo,20260828-CATALINA HUANCA-XRD50U-003-A
4335,20260828,4,18,5,A,0.5,False,Mantenimiento,20260828-CATALINA HUANCA-XRD50U-003-A
4336,20260828,4,18,8,A,0.5,True,Stand By Operativo,20260828-CATALINA HUANCA-XRD50U-003-A
4337,20260828,4,18,47,A,0.5,False,Stand By Inoperativo,20260828-CATALINA HUANCA-XRD50U-003-A
4338,20260828,4,18,55,A,0.15,False,Stand By Inoperativo,20260828-CATALINA HUANCA-XRD50U-003-A
4339,20260828,4,18,58,A,1.0,False,Stand By Inoperativo,20260828-CATALINA HUANCA-XRD50U-003-A
4340,20260828,4,18,59,A,1.0,False,Stand By Inoperativo,20260828-CATALINA HUANCA-XRD50U-003-A
4341,20260828,4,18,74,A,1.0,True,Stand By Cliente,20260828-CATALINA HUANCA-XRD50U-003-A
4342,20260828,4,18,1,B,4.5,True,Tiempo Efectivo - Operativo,20260828-CATALINA HUANCA-XRD50U-003-B
4343,20260828,4,18,5,B,0.5,False,Mantenimiento,20260828-CATALINA HUANCA-XRD50U-003-B
4344,20260828,4,18,7,B,0.5,True,Stand By Operativo,20260828-CATALINA HUANCA-XRD50U-003-B
4345,20260828,4,18,8,B,0.5,True,Stand By Operativo,20260828-CATALINA HUANCA-XRD50U-003-B
4346,20260828,4,18,9,B,1.0,True,Stand By Operativo,20260828-CATALINA HUANCA-XRD50U-003-B
4347,20260828,4,18,47,B,1.0,False,Stand By Inoperativo,20260828-CATALINA HUANCA-XRD50U-003-B
4348,20260828,4,18,55,B,0.15,False,Stand By Inoperativo,20260828-CATALINA HUANCA-XRD50U-003-B
4349,20260828,4,18,58,B,1.0,False,Stand By Inoperativo,20260828-CATALINA HUANCA-XRD50U-003-B
4350,20260828,4,18,59,B,1.0,False,Stand By Inoperativo,20260828-CATALINA HUANCA-XRD50U-003-B
4351,20260829,4,18,1,A,3.5,True,Tiempo Efectivo - Operativo,20260829-CATALINA HUANCA-XRD50U-003-A
4352,20260829,4,18,5,A,0.5,False,Mantenimiento,20260829-CATALINA HUANCA-XRD50U-003-A
4353,20260829,4,18,7,A,1.0,True,Stand By Operativo,20260829-CATALINA HUANCA-XRD50U-003-A
4354,20260829,4,18,8,A,0.5,True,Stand By Operativo,20260829-CATALINA HUANCA-XRD50U-003-A
4355,20260829,4,18,9,A,1.5,True,Stand By Operativo,20260829-CATALINA HUANCA-XRD50U-003-A
4356,20260829,4,18,47,A,1.0,False,Stand By Inoperativo,20260829-CATALINA HUANCA-XRD50U-003-A
4357,20260829,4,18,55,A,0.15,False,Stand By Inoperativo,20260829-CATALINA HUANCA-XRD50U-003-A
4358,20260829,4,18,58,A,1.0,False,Stand By Inoperativo,20260829-CATALINA HUANCA-XRD50U-003-A
4359,20260829,4,18,59,A,1.0,False,Stand By Inoperativo,20260829-CATALINA HUANCA-XRD50U-003-A
4360,20260829,4,18,5,B,0.5,False,Mantenimiento,20260829-CATALINA HUANCA-XRD50U-003-B
4361,20260829,4,18,7,B,0.5,True,Stand By Operativo,20260829-CATALINA HUANCA-XRD50U-003-B
4362,20260829,4,18,9,B,1.0,True,Stand By Operativo,20260829-CATALINA HUANCA-XRD50U-003-B
4363,20260829,4,18,16,B,1.0,True,Stand By Operativo,20260829-CATALINA HUANCA-XRD50U-003-B
4364,20260829,4,18,18,B,2.0,True,Stand By Operativo,20260829-CATALINA HUANCA-XRD50U-003-B
4365,20260829,4,18,47,B,0.5,False,Stand By Inoperativo,20260829-CATALINA HUANCA-XRD50U-003-B
4366,20260829,4,18,50,B,2.5,False,Stand By Inoperativo,20260829-CATALINA HUANCA-XRD50U-003-B
4367,20260829,4,18,55,B,0.15,False,Stand By Inoperativo,20260829-CATALINA HUANCA-XRD50U-003-B
4368,20260829,4,18,58,B,1.0,False,Stand By Inoperativo,20260829-CATALINA HUANCA-XRD50U-003-B
4369,20260829,4,18,59,B,1.0,False,Stand By Inoperativo,20260829-CATALINA HUANCA-XRD50U-003-B
4370,20260830,4,18,1,A,1.0,True,Tiempo Efectivo - Operativo,20260830-CATALINA HUANCA-XRD50U-003-A
4371,20260830,4,18,5,A,0.5,False,Mantenimiento,20260830-CATALINA HUANCA-XRD50U-003-A
4372,20260830,4,18,6,A,0.5,False,Mantenimiento,20260830-CATALINA HUANCA-XRD50U-003-A
4373,20260830,4,18,8,A,0.5,True,Stand By Operativo,20260830-CATALINA HUANCA-XRD50U-003-A
4374,20260830,4,18,18,A,1.0,True,Stand By Operativo,20260830-CATALINA HUANCA-XRD50U-003-A
4375,20260830,4,18,20,A,2.0,True,Stand By Operativo,20260830-CATALINA HUANCA-XRD50U-003-A
4376,20260830,4,18,47,A,0.5,False,Stand By Inoperativo,20260830-CATALINA HUANCA-XRD50U-003-A
4377,20260830,4,18,50,A,2.0,False,Stand By Inoperativo,20260830-CATALINA HUANCA-XRD50U-003-A
4378,20260830,4,18,55,A,0.15,False,Stand By Inoperativo,20260830-CATALINA HUANCA-XRD50U-003-A
4379,20260830,4,18,58,A,1.0,False,Stand By Inoperativo,20260830-CATALINA HUANCA-XRD50U-003-A
4380,20260830,4,18,59,A,1.0,False,Stand By Inoperativo,20260830-CATALINA HUANCA-XRD50U-003-A
4381,20260830,4,18,1,B,4.0,True,Tiempo Efectivo - Operativo,20260830-CATALINA HUANCA-XRD50U-003-B
4382,20260830,4,18,5,B,0.5,False,Mantenimiento,20260830-CATALINA HUANCA-XRD50U-003-B
4383,20260830,4,18,7,B,1.0,True,Stand By Operativo,20260830-CATALINA HUANCA-XRD50U-003-B
4384,20260830,4,18,8,B,0.5,True,Stand By Operativo,20260830-CATALINA HUANCA-XRD50U-003-B
4385,20260830,4,18,9,B,0.5,True,Stand By Operativo,20260830-CATALINA HUANCA-XRD50U-003-B
4386,20260830,4,18,47,B,0.5,False,Stand By Inoperativo,20260830-CATALINA HUANCA-XRD50U-003-B
4387,20260830,4,18,55,B,1.15,False,Stand By Inoperativo,20260830-CATALINA HUANCA-XRD50U-003-B
4388,20260830,4,18,58,B,1.0,False,Stand By Inoperativo,20260830-CATALINA HUANCA-XRD50U-003-B
4389,20260830,4,18,59,B,1.0,False,Stand By Inoperativo,20260830-CATALINA HUANCA-XRD50U-003-B
4390,20260831,4,18,1,A,6.0,True,Tiempo Efectivo - Operativo,20260831-CATALINA HUANCA-XRD50U-003-A
4391,20260831,4,18,5,A,0.5,False,Mantenimiento,20260831-CATALINA HUANCA-XRD50U-003-A
4392,20260831,4,18,7,A,0.5,True,Stand By Operativo,20260831-CATALINA HUANCA-XRD50U-003-A
4393,20260831,4,18,8,A,0.5,True,Stand By Operativo,20260831-CATALINA HUANCA-XRD50U-003-A
4394,20260831,4,18,47,A,0.5,False,Stand By Inoperativo,20260831-CATALINA HUANCA-XRD50U-003-A
4395,20260831,4,18,55,A,0.15,False,Stand By Inoperativo,20260831-CATALINA HUANCA-XRD50U-003-A
4396,20260831,4,18,58,A,1.0,False,Stand By Inoperativo,20260831-CATALINA HUANCA-XRD50U-003-A
4397,20260831,4,18,59,A,1.0,False,Stand By Inoperativo,20260831-CATALINA HUANCA-XRD50U-003-A
4398,20260831,4,18,1,B,6.0,True,Tiempo Efectivo - Operativo,20260831-CATALINA HUANCA-XRD50U-003-B
4399,20260831,4,18,5,B,0.5,False,Mantenimiento,20260831-CATALINA HUANCA-XRD50U-003-B
4400,20260831,4,18,7,B,0.5,True,Stand By Operativo,20260831-CATALINA HUANCA-XRD50U-003-B
4401,20260831,4,18,9,B,0.5,True,Stand By Operativo,20260831-CATALINA HUANCA-XRD50U-003-B
4402,20260831,4,18,47,B,0.5,False,Stand By Inoperativo,20260831-CATALINA HUANCA-XRD50U-003-B
4403,20260831,4,18,55,B,0.15,False,Stand By Inoperativo,20260831-CATALINA HUANCA-XRD50U-003-B
4404,20260831,4,18,58,B,1.0,False,Stand By Inoperativo,20260831-CATALINA HUANCA-XRD50U-003-B
4405,20260831,4,18,59,B,1.0,False,Stand By Inoperativo,20260831-CATALINA HUANCA-XRD50U-003-B
4406,20260826,4,19,1,A,4.5,True,Tiempo Efectivo - Operativo,20260826-CATALINA HUANCA-XRD50USS-004-A
4407,20260826,4,19,5,A,0.5,False,Mantenimiento,20260826-CATALINA HUANCA-XRD50USS-004-A
4408,20260826,4,19,8,A,0.5,True,Stand By Operativo,20260826-CATALINA HUANCA-XRD50USS-004-A
4409,20260826,4,19,9,A,1.0,True,Stand By Operativo,20260826-CATALINA HUANCA-XRD50USS-004-A
4410,20260826,4,19,10,A,0.5,True,Stand By Operativo,20260826-CATALINA HUANCA-XRD50USS-004-A
4411,20260826,4,19,55,A,1.15,False,Stand By Inoperativo,20260826-CATALINA HUANCA-XRD50USS-004-A
4412,20260826,4,19,58,A,1.0,False,Stand By Inoperativo,20260826-CATALINA HUANCA-XRD50USS-004-A
4413,20260826,4,19,59,A,1.0,False,Stand By Inoperativo,20260826-CATALINA HUANCA-XRD50USS-004-A
4414,20260826,4,19,1,B,5.0,True,Tiempo Efectivo - Operativo,20260826-CATALINA HUANCA-XRD50USS-004-B
4415,20260826,4,19,5,B,0.5,False,Mantenimiento,20260826-CATALINA HUANCA-XRD50USS-004-B
4416,20260826,4,19,7,B,0.5,True,Stand By Operativo,20260826-CATALINA HUANCA-XRD50USS-004-B
4417,20260826,4,19,47,B,1.0,False,Stand By Inoperativo,20260826-CATALINA HUANCA-XRD50USS-004-B
4418,20260826,4,19,55,B,1.15,False,Stand By Inoperativo,20260826-CATALINA HUANCA-XRD50USS-004-B
4419,20260826,4,19,58,B,1.0,False,Stand By Inoperativo,20260826-CATALINA HUANCA-XRD50USS-004-B
4420,20260826,4,19,59,B,1.0,False,Stand By Inoperativo,20260826-CATALINA HUANCA-XRD50USS-004-B
4421,20260827,4,19,1,A,3.0,True,Tiempo Efectivo - Operativo,20260827-CATALINA HUANCA-XRD50USS-004-A
4422,20260827,4,19,7,A,0.5,True,Stand By Operativo,20260827-CATALINA HUANCA-XRD50USS-004-A
4423,20260827,4,19,8,A,0.5,True,Stand By Operativo,20260827-CATALINA HUANCA-XRD50USS-004-A
4424,20260827,4,19,9,A,1.0,True,Stand By Operativo,20260827-CATALINA HUANCA-XRD50USS-004-A
4425,20260827,4,19,55,A,3.15,False,Stand By Inoperativo,20260827-CATALINA HUANCA-XRD50USS-004-A
4426,20260827,4,19,58,A,1.0,False,Stand By Inoperativo,20260827-CATALINA HUANCA-XRD50USS-004-A
4427,20260827,4,19,59,A,1.0,False,Stand By Inoperativo,20260827-CATALINA HUANCA-XRD50USS-004-A
4428,20260827,4,19,1,B,4.0,True,Tiempo Efectivo - Operativo,20260827-CATALINA HUANCA-XRD50USS-004-B
4429,20260827,4,19,5,B,0.5,False,Mantenimiento,20260827-CATALINA HUANCA-XRD50USS-004-B
4430,20260827,4,19,47,B,1.0,False,Stand By Inoperativo,20260827-CATALINA HUANCA-XRD50USS-004-B
4431,20260827,4,19,55,B,0.15,False,Stand By Inoperativo,20260827-CATALINA HUANCA-XRD50USS-004-B
4432,20260827,4,19,58,B,1.0,False,Stand By Inoperativo,20260827-CATALINA HUANCA-XRD50USS-004-B
4433,20260827,4,19,59,B,1.0,False,Stand By Inoperativo,20260827-CATALINA HUANCA-XRD50USS-004-B
4434,20260827,4,19,60,B,2.5,False,Stand By Inoperativo,20260827-CATALINA HUANCA-XRD50USS-004-B
4435,20260828,4,19,1,A,5.0,True,Tiempo Efectivo - Operativo,20260828-CATALINA HUANCA-XRD50USS-004-A
4436,20260828,4,19,5,A,0.5,False,Mantenimiento,20260828-CATALINA HUANCA-XRD50USS-004-A
4437,20260828,4,19,7,A,0.5,True,Stand By Operativo,20260828-CATALINA HUANCA-XRD50USS-004-A
4438,20260828,4,19,8,A,0.5,True,Stand By Operativo,20260828-CATALINA HUANCA-XRD50USS-004-A
4439,20260828,4,19,9,A,1.0,True,Stand By Operativo,20260828-CATALINA HUANCA-XRD50USS-004-A
4440,20260828,4,19,47,A,0.5,False,Stand By Inoperativo,20260828-CATALINA HUANCA-XRD50USS-004-A
4441,20260828,4,19,55,A,0.15,False,Stand By Inoperativo,20260828-CATALINA HUANCA-XRD50USS-004-A
4442,20260828,4,19,58,A,1.0,False,Stand By Inoperativo,20260828-CATALINA HUANCA-XRD50USS-004-A
4443,20260828,4,19,59,A,1.0,False,Stand By Inoperativo,20260828-CATALINA HUANCA-XRD50USS-004-A
4444,20260828,4,19,55,B,0.15,False,Stand By Inoperativo,20260828-CATALINA HUANCA-XRD50USS-004-B
4445,20260828,4,19,58,B,1.0,False,Stand By Inoperativo,20260828-CATALINA HUANCA-XRD50USS-004-B
4446,20260828,4,19,59,B,1.0,False,Stand By Inoperativo,20260828-CATALINA HUANCA-XRD50USS-004-B
4447,20260828,4,19,60,B,8.0,False,Stand By Inoperativo,20260828-CATALINA HUANCA-XRD50USS-004-B
4448,20260829,4,19,1,A,5.0,True,Tiempo Efectivo - Operativo,20260829-CATALINA HUANCA-XRD50USS-004-A
4449,20260829,4,19,5,A,0.5,False,Mantenimiento,20260829-CATALINA HUANCA-XRD50USS-004-A
4450,20260829,4,19,7,A,0.5,True,Stand By Operativo,20260829-CATALINA HUANCA-XRD50USS-004-A
4451,20260829,4,19,8,A,0.5,True,Stand By Operativo,20260829-CATALINA HUANCA-XRD50USS-004-A
4452,20260829,4,19,9,A,1.0,True,Stand By Operativo,20260829-CATALINA HUANCA-XRD50USS-004-A
4453,20260829,4,19,47,A,0.5,False,Stand By Inoperativo,20260829-CATALINA HUANCA-XRD50USS-004-A
4454,20260829,4,19,55,A,0.15,False,Stand By Inoperativo,20260829-CATALINA HUANCA-XRD50USS-004-A
4455,20260829,4,19,58,A,1.0,False,Stand By Inoperativo,20260829-CATALINA HUANCA-XRD50USS-004-A
4456,20260829,4,19,59,A,1.0,False,Stand By Inoperativo,20260829-CATALINA HUANCA-XRD50USS-004-A
4457,20260829,4,19,1,B,1.0,True,Tiempo Efectivo - Operativo,20260829-CATALINA HUANCA-XRD50USS-004-B
4458,20260829,4,19,13,B,7.0,True,Stand By Operativo,20260829-CATALINA HUANCA-XRD50USS-004-B
4459,20260829,4,19,55,B,0.15,False,Stand By Inoperativo,20260829-CATALINA HUANCA-XRD50USS-004-B
4460,20260829,4,19,58,B,1.0,False,Stand By Inoperativo,20260829-CATALINA HUANCA-XRD50USS-004-B
4461,20260829,4,19,59,B,1.0,False,Stand By Inoperativo,20260829-CATALINA HUANCA-XRD50USS-004-B
4462,20260830,4,19,1,A,4.5,True,Tiempo Efectivo - Operativo,20260830-CATALINA HUANCA-XRD50USS-004-A
4463,20260830,4,19,5,A,0.5,False,Mantenimiento,20260830-CATALINA HUANCA-XRD50USS-004-A
4464,20260830,4,19,7,A,0.5,True,Stand By Operativo,20260830-CATALINA HUANCA-XRD50USS-004-A
4465,20260830,4,19,8,A,0.5,True,Stand By Operativo,20260830-CATALINA HUANCA-XRD50USS-004-A
4466,20260830,4,19,9,A,2.0,True,Stand By Operativo,20260830-CATALINA HUANCA-XRD50USS-004-A
4467,20260830,4,19,55,A,0.15,False,Stand By Inoperativo,20260830-CATALINA HUANCA-XRD50USS-004-A
4468,20260830,4,19,58,A,1.0,False,Stand By Inoperativo,20260830-CATALINA HUANCA-XRD50USS-004-A
4469,20260830,4,19,59,A,1.0,False,Stand By Inoperativo,20260830-CATALINA HUANCA-XRD50USS-004-A
4470,20260830,4,19,55,B,0.15,False,Stand By Inoperativo,20260830-CATALINA HUANCA-XRD50USS-004-B
4471,20260830,4,19,58,B,1.0,False,Stand By Inoperativo,20260830-CATALINA HUANCA-XRD50USS-004-B
4472,20260830,4,19,59,B,1.0,False,Stand By Inoperativo,20260830-CATALINA HUANCA-XRD50USS-004-B
4473,20260830,4,19,60,B,8.0,False,Stand By Inoperativo,20260830-CATALINA HUANCA-XRD50USS-004-B
4474,20260831,4,19,1,A,4.0,True,Tiempo Efectivo - Operativo,20260831-CATALINA HUANCA-XRD50USS-004-A
4475,20260831,4,19,5,A,0.5,False,Mantenimiento,20260831-CATALINA HUANCA-XRD50USS-004-A
4476,20260831,4,19,7,A,0.5,True,Stand By Operativo,20260831-CATALINA HUANCA-XRD50USS-004-A
4477,20260831,4,19,8,A,0.5,True,Stand By Operativo,20260831-CATALINA HUANCA-XRD50USS-004-A
4478,20260831,4,19,9,A,2.0,True,Stand By Operativo,20260831-CATALINA HUANCA-XRD50USS-004-A
4479,20260831,4,19,47,A,0.5,False,Stand By Inoperativo,20260831-CATALINA HUANCA-XRD50USS-004-A
4480,20260831,4,19,55,A,0.15,False,Stand By Inoperativo,20260831-CATALINA HUANCA-XRD50USS-004-A
4481,20260831,4,19,58,A,1.0,False,Stand By Inoperativo,20260831-CATALINA HUANCA-XRD50USS-004-A
4482,20260831,4,19,59,A,1.0,False,Stand By Inoperativo,20260831-CATALINA HUANCA-XRD50USS-004-A
4483,20260831,4,19,1,B,4.0,True,Tiempo Efectivo - Operativo,20260831-CATALINA HUANCA-XRD50USS-004-B
4484,20260831,4,19,5,B,1.0,False,Mantenimiento,20260831-CATALINA HUANCA-XRD50USS-004-B
4485,20260831,4,19,9,B,2.0,True,Stand By Operativo,20260831-CATALINA HUANCA-XRD50USS-004-B
4486,20260831,4,19,47,B,1.0,False,Stand By Inoperativo,20260831-CATALINA HUANCA-XRD50USS-004-B
4487,20260831,4,19,55,B,0.15,False,Stand By Inoperativo,20260831-CATALINA HUANCA-XRD50USS-004-B
4488,20260831,4,19,58,B,1.0,False,Stand By Inoperativo,20260831-CATALINA HUANCA-XRD50USS-004-B
4489,20260831,4,19,59,B,1.0,False,Stand By Inoperativo,20260831-CATALINA HUANCA-XRD50USS-004-B
4490,20260826,4,14,1,A,4.0,True,Tiempo Efectivo - Operativo,20260826-CATALINA HUANCA-XRD100U-001-A
4491,20260826,4,14,8,A,0.5,True,Stand By Operativo,20260826-CATALINA HUANCA-XRD100U-001-A
4492,20260826,4,14,9,A,0.5,True,Stand By Operativo,20260826-CATALINA HUANCA-XRD100U-001-A
4493,20260826,4,14,10,A,0.5,True,Stand By Operativo,20260826-CATALINA HUANCA-XRD100U-001-A
4494,20260826,4,14,47,A,1.0,False,Stand By Inoperativo,20260826-CATALINA HUANCA-XRD100U-001-A
4495,20260826,4,14,48,A,0.5,False,Stand By Inoperativo,20260826-CATALINA HUANCA-XRD100U-001-A
4496,20260826,4,14,55,A,1.15,False,Stand By Inoperativo,20260826-CATALINA HUANCA-XRD100U-001-A
4497,20260826,4,14,58,A,1.0,False,Stand By Inoperativo,20260826-CATALINA HUANCA-XRD100U-001-A
4498,20260826,4,14,59,A,1.0,False,Stand By Inoperativo,20260826-CATALINA HUANCA-XRD100U-001-A
4499,20260826,4,14,1,B,6.0,True,Tiempo Efectivo - Operativo,20260826-CATALINA HUANCA-XRD100U-001-B
4500,20260826,4,14,47,B,1.0,False,Stand By Inoperativo,20260826-CATALINA HUANCA-XRD100U-001-B
4501,20260826,4,14,55,B,1.15,False,Stand By Inoperativo,20260826-CATALINA HUANCA-XRD100U-001-B
4502,20260826,4,14,58,B,1.0,False,Stand By Inoperativo,20260826-CATALINA HUANCA-XRD100U-001-B
4503,20260826,4,14,59,B,1.0,False,Stand By Inoperativo,20260826-CATALINA HUANCA-XRD100U-001-B
4504,20260827,4,14,1,A,4.0,True,Tiempo Efectivo - Operativo,20260827-CATALINA HUANCA-XRD100U-001-A
4505,20260827,4,14,5,A,0.5,False,Mantenimiento,20260827-CATALINA HUANCA-XRD100U-001-A
4506,20260827,4,14,8,A,0.5,True,Stand By Operativo,20260827-CATALINA HUANCA-XRD100U-001-A
4507,20260827,4,14,55,A,3.15,False,Stand By Inoperativo,20260827-CATALINA HUANCA-XRD100U-001-A
4508,20260827,4,14,58,A,1.0,False,Stand By Inoperativo,20260827-CATALINA HUANCA-XRD100U-001-A
4509,20260827,4,14,59,A,1.0,False,Stand By Inoperativo,20260827-CATALINA HUANCA-XRD100U-001-A
4510,20260827,4,14,9,B,1.0,True,Stand By Operativo,20260827-CATALINA HUANCA-XRD100U-001-B
4511,20260827,4,14,47,B,1.0,False,Stand By Inoperativo,20260827-CATALINA HUANCA-XRD100U-001-B
4512,20260827,4,14,53,B,3.0,False,Stand By Inoperativo,20260827-CATALINA HUANCA-XRD100U-001-B
4513,20260827,4,14,55,B,0.15,False,Stand By Inoperativo,20260827-CATALINA HUANCA-XRD100U-001-B
4514,20260827,4,14,58,B,1.0,False,Stand By Inoperativo,20260827-CATALINA HUANCA-XRD100U-001-B
4515,20260827,4,14,59,B,1.0,False,Stand By Inoperativo,20260827-CATALINA HUANCA-XRD100U-001-B
4516,20260827,4,14,75,B,3.0,True,Stand By Cliente,20260827-CATALINA HUANCA-XRD100U-001-B
4517,20260828,4,14,17,A,2.0,True,Stand By Operativo,20260828-CATALINA HUANCA-XRD100U-001-A
4518,20260828,4,14,53,A,6.0,False,Stand By Inoperativo,20260828-CATALINA HUANCA-XRD100U-001-A
4519,20260828,4,14,55,A,0.15,False,Stand By Inoperativo,20260828-CATALINA HUANCA-XRD100U-001-A
4520,20260828,4,14,58,A,1.0,False,Stand By Inoperativo,20260828-CATALINA HUANCA-XRD100U-001-A
4521,20260828,4,14,59,A,1.0,False,Stand By Inoperativo,20260828-CATALINA HUANCA-XRD100U-001-A
4522,20260828,4,14,47,B,1.0,False,Stand By Inoperativo,20260828-CATALINA HUANCA-XRD100U-001-B
4523,20260828,4,14,50,B,7.0,False,Stand By Inoperativo,20260828-CATALINA HUANCA-XRD100U-001-B
4524,20260828,4,14,55,B,0.15,False,Stand By Inoperativo,20260828-CATALINA HUANCA-XRD100U-001-B
4525,20260828,4,14,58,B,1.0,False,Stand By Inoperativo,20260828-CATALINA HUANCA-XRD100U-001-B
4526,20260828,4,14,59,B,1.0,False,Stand By Inoperativo,20260828-CATALINA HUANCA-XRD100U-001-B
4527,20260829,4,14,5,A,0.5,False,Mantenimiento,20260829-CATALINA HUANCA-XRD100U-001-A
4528,20260829,4,14,20,A,1.0,True,Stand By Operativo,20260829-CATALINA HUANCA-XRD100U-001-A
4529,20260829,4,14,47,A,1.0,False,Stand By Inoperativo,20260829-CATALINA HUANCA-XRD100U-001-A
4530,20260829,4,14,50,A,2.0,False,Stand By Inoperativo,20260829-CATALINA HUANCA-XRD100U-001-A
4531,20260829,4,14,51,A,2.0,False,Stand By Inoperativo,20260829-CATALINA HUANCA-XRD100U-001-A
4532,20260829,4,14,52,A,1.5,False,Stand By Inoperativo,20260829-CATALINA HUANCA-XRD100U-001-A
4533,20260829,4,14,55,A,0.15,False,Stand By Inoperativo,20260829-CATALINA HUANCA-XRD100U-001-A
4534,20260829,4,14,58,A,1.0,False,Stand By Inoperativo,20260829-CATALINA HUANCA-XRD100U-001-A
4535,20260829,4,14,59,A,1.0,False,Stand By Inoperativo,20260829-CATALINA HUANCA-XRD100U-001-A
4536,20260829,4,14,1,B,7.0,True,Tiempo Efectivo - Operativo,20260829-CATALINA HUANCA-XRD100U-001-B
4537,20260829,4,14,47,B,1.0,False,Stand By Inoperativo,20260829-CATALINA HUANCA-XRD100U-001-B
4538,20260829,4,14,55,B,0.15,False,Stand By Inoperativo,20260829-CATALINA HUANCA-XRD100U-001-B
4539,20260829,4,14,58,B,1.0,False,Stand By Inoperativo,20260829-CATALINA HUANCA-XRD100U-001-B
4540,20260829,4,14,59,B,1.0,False,Stand By Inoperativo,20260829-CATALINA HUANCA-XRD100U-001-B
4541,20260830,4,14,1,A,5.5,True,Tiempo Efectivo - Operativo,20260830-CATALINA HUANCA-XRD100U-001-A
4542,20260830,4,14,5,A,0.5,False,Mantenimiento,20260830-CATALINA HUANCA-XRD100U-001-A
4543,20260830,4,14,8,A,0.5,True,Stand By Operativo,20260830-CATALINA HUANCA-XRD100U-001-A
4544,20260830,4,14,9,A,0.5,True,Stand By Operativo,20260830-CATALINA HUANCA-XRD100U-001-A
4545,20260830,4,14,47,A,1.0,False,Stand By Inoperativo,20260830-CATALINA HUANCA-XRD100U-001-A
4546,20260830,4,14,55,A,0.15,False,Stand By Inoperativo,20260830-CATALINA HUANCA-XRD100U-001-A
4547,20260830,4,14,58,A,1.0,False,Stand By Inoperativo,20260830-CATALINA HUANCA-XRD100U-001-A
4548,20260830,4,14,59,A,1.0,False,Stand By Inoperativo,20260830-CATALINA HUANCA-XRD100U-001-A
4549,20260830,4,14,1,B,6.0,True,Tiempo Efectivo - Operativo,20260830-CATALINA HUANCA-XRD100U-001-B
4550,20260830,4,14,47,B,1.0,False,Stand By Inoperativo,20260830-CATALINA HUANCA-XRD100U-001-B
4551,20260830,4,14,55,B,1.15,False,Stand By Inoperativo,20260830-CATALINA HUANCA-XRD100U-001-B
4552,20260830,4,14,58,B,1.0,False,Stand By Inoperativo,20260830-CATALINA HUANCA-XRD100U-001-B
4553,20260830,4,14,59,B,1.0,False,Stand By Inoperativo,20260830-CATALINA HUANCA-XRD100U-001-B
4554,20260831,4,14,1,A,6.0,True,Tiempo Efectivo - Operativo,20260831-CATALINA HUANCA-XRD100U-001-A
4555,20260831,4,14,5,A,0.5,False,Mantenimiento,20260831-CATALINA HUANCA-XRD100U-001-A
4556,20260831,4,14,7,A,0.5,True,Stand By Operativo,20260831-CATALINA HUANCA-XRD100U-001-A
4557,20260831,4,14,8,A,0.5,True,Stand By Operativo,20260831-CATALINA HUANCA-XRD100U-001-A
4558,20260831,4,14,9,A,0.5,True,Stand By Operativo,20260831-CATALINA HUANCA-XRD100U-001-A
4559,20260831,4,14,55,A,0.15,False,Stand By Inoperativo,20260831-CATALINA HUANCA-XRD100U-001-A
4560,20260831,4,14,58,A,1.0,False,Stand By Inoperativo,20260831-CATALINA HUANCA-XRD100U-001-A
4561,20260831,4,14,59,A,1.0,False,Stand By Inoperativo,20260831-CATALINA HUANCA-XRD100U-001-A
4562,20260831,4,14,1,B,7.0,True,Tiempo Efectivo - Operativo,20260831-CATALINA HUANCA-XRD100U-001-B
4563,20260831,4,14,47,B,1.0,False,Stand By Inoperativo,20260831-CATALINA HUANCA-XRD100U-001-B
4564,20260831,4,14,55,B,0.15,False,Stand By Inoperativo,20260831-CATALINA HUANCA-XRD100U-001-B
4565,20260831,4,14,58,B,1.0,False,Stand By Inoperativo,20260831-CATALINA HUANCA-XRD100U-001-B
4566,20260831,4,14,59,B,1.0,False,Stand By Inoperativo,20260831-CATALINA HUANCA-XRD100U-001-B
4567,20260826,4,21,1,A,4.0,True,Tiempo Efectivo - Operativo,20260826-CATALINA HUANCA-XRD90U-005-A
4568,20260826,4,21,5,A,0.5,False,Mantenimiento,20260826-CATALINA HUANCA-XRD90U-005-A
4569,20260826,4,21,8,A,1.0,True,Stand By Operativo,20260826-CATALINA HUANCA-XRD90U-005-A
4570,20260826,4,21,47,A,1.5,False,Stand By Inoperativo,20260826-CATALINA HUANCA-XRD90U-005-A
4571,20260826,4,21,55,A,1.15,False,Stand By Inoperativo,20260826-CATALINA HUANCA-XRD90U-005-A
4572,20260826,4,21,58,A,1.0,False,Stand By Inoperativo,20260826-CATALINA HUANCA-XRD90U-005-A
4573,20260826,4,21,59,A,1.0,False,Stand By Inoperativo,20260826-CATALINA HUANCA-XRD90U-005-A
4574,20260826,4,21,1,B,4.0,True,Tiempo Efectivo - Operativo,20260826-CATALINA HUANCA-XRD90U-005-B
4575,20260826,4,21,7,B,0.5,True,Stand By Operativo,20260826-CATALINA HUANCA-XRD90U-005-B
4576,20260826,4,21,9,B,1.0,True,Stand By Operativo,20260826-CATALINA HUANCA-XRD90U-005-B
4577,20260826,4,21,47,B,0.5,False,Stand By Inoperativo,20260826-CATALINA HUANCA-XRD90U-005-B
4578,20260826,4,21,55,B,2.15,False,Stand By Inoperativo,20260826-CATALINA HUANCA-XRD90U-005-B
4579,20260826,4,21,58,B,1.0,False,Stand By Inoperativo,20260826-CATALINA HUANCA-XRD90U-005-B
4580,20260826,4,21,59,B,1.0,False,Stand By Inoperativo,20260826-CATALINA HUANCA-XRD90U-005-B
4581,20260827,4,21,1,A,3.5,True,Tiempo Efectivo - Operativo,20260827-CATALINA HUANCA-XRD90U-005-A
4582,20260827,4,21,8,A,0.5,True,Stand By Operativo,20260827-CATALINA HUANCA-XRD90U-005-A
4583,20260827,4,21,9,A,0.5,True,Stand By Operativo,20260827-CATALINA HUANCA-XRD90U-005-A
4584,20260827,4,21,47,A,0.5,False,Stand By Inoperativo,20260827-CATALINA HUANCA-XRD90U-005-A
4585,20260827,4,21,55,A,3.15,False,Stand By Inoperativo,20260827-CATALINA HUANCA-XRD90U-005-A
4586,20260827,4,21,58,A,1.0,False,Stand By Inoperativo,20260827-CATALINA HUANCA-XRD90U-005-A
4587,20260827,4,21,59,A,1.0,False,Stand By Inoperativo,20260827-CATALINA HUANCA-XRD90U-005-A
4588,20260827,4,21,9,B,1.5,True,Stand By Operativo,20260827-CATALINA HUANCA-XRD90U-005-B
4589,20260827,4,21,16,B,1.0,True,Stand By Operativo,20260827-CATALINA HUANCA-XRD90U-005-B
4590,20260827,4,21,47,B,1.0,False,Stand By Inoperativo,20260827-CATALINA HUANCA-XRD90U-005-B
4591,20260827,4,21,50,B,2.5,False,Stand By Inoperativo,20260827-CATALINA HUANCA-XRD90U-005-B
4592,20260827,4,21,52,B,2.0,False,Stand By Inoperativo,20260827-CATALINA HUANCA-XRD90U-005-B
4593,20260827,4,21,55,B,0.15,False,Stand By Inoperativo,20260827-CATALINA HUANCA-XRD90U-005-B
4594,20260827,4,21,58,B,1.0,False,Stand By Inoperativo,20260827-CATALINA HUANCA-XRD90U-005-B
4595,20260827,4,21,59,B,1.0,False,Stand By Inoperativo,20260827-CATALINA HUANCA-XRD90U-005-B
4596,20260828,4,21,52,A,2.0,False,Stand By Inoperativo,20260828-CATALINA HUANCA-XRD90U-005-A
4597,20260828,4,21,53,A,6.0,False,Stand By Inoperativo,20260828-CATALINA HUANCA-XRD90U-005-A
4598,20260828,4,21,55,A,0.15,False,Stand By Inoperativo,20260828-CATALINA HUANCA-XRD90U-005-A
4599,20260828,4,21,58,A,1.0,False,Stand By Inoperativo,20260828-CATALINA HUANCA-XRD90U-005-A
4600,20260828,4,21,59,A,1.0,False,Stand By Inoperativo,20260828-CATALINA HUANCA-XRD90U-005-A
4601,20260828,4,21,17,B,2.0,True,Stand By Operativo,20260828-CATALINA HUANCA-XRD90U-005-B
4602,20260828,4,21,50,B,1.0,False,Stand By Inoperativo,20260828-CATALINA HUANCA-XRD90U-005-B
4603,20260828,4,21,52,B,1.0,False,Stand By Inoperativo,20260828-CATALINA HUANCA-XRD90U-005-B
4604,20260828,4,21,53,B,4.0,False,Stand By Inoperativo,20260828-CATALINA HUANCA-XRD90U-005-B
4605,20260828,4,21,55,B,0.15,False,Stand By Inoperativo,20260828-CATALINA HUANCA-XRD90U-005-B
4606,20260828,4,21,58,B,1.0,False,Stand By Inoperativo,20260828-CATALINA HUANCA-XRD90U-005-B
4607,20260828,4,21,59,B,1.0,False,Stand By Inoperativo,20260828-CATALINA HUANCA-XRD90U-005-B
4608,20260829,4,21,50,A,6.0,False,Stand By Inoperativo,20260829-CATALINA HUANCA-XRD90U-005-A
4609,20260829,4,21,52,A,2.0,False,Stand By Inoperativo,20260829-CATALINA HUANCA-XRD90U-005-A
4610,20260829,4,21,55,A,0.15,False,Stand By Inoperativo,20260829-CATALINA HUANCA-XRD90U-005-A
4611,20260829,4,21,58,A,1.0,False,Stand By Inoperativo,20260829-CATALINA HUANCA-XRD90U-005-A
4612,20260829,4,21,59,A,1.0,False,Stand By Inoperativo,20260829-CATALINA HUANCA-XRD90U-005-A
4613,20260829,4,21,20,B,4.0,True,Stand By Operativo,20260829-CATALINA HUANCA-XRD90U-005-B
4614,20260829,4,21,47,B,1.0,False,Stand By Inoperativo,20260829-CATALINA HUANCA-XRD90U-005-B
4615,20260829,4,21,50,B,1.0,False,Stand By Inoperativo,20260829-CATALINA HUANCA-XRD90U-005-B
4616,20260829,4,21,53,B,2.0,False,Stand By Inoperativo,20260829-CATALINA HUANCA-XRD90U-005-B
4617,20260829,4,21,55,B,0.15,False,Stand By Inoperativo,20260829-CATALINA HUANCA-XRD90U-005-B
4618,20260829,4,21,58,B,1.0,False,Stand By Inoperativo,20260829-CATALINA HUANCA-XRD90U-005-B
4619,20260829,4,21,59,B,1.0,False,Stand By Inoperativo,20260829-CATALINA HUANCA-XRD90U-005-B
4620,20260830,4,21,20,A,3.0,True,Stand By Operativo,20260830-CATALINA HUANCA-XRD90U-005-A
4621,20260830,4,21,47,A,1.0,False,Stand By Inoperativo,20260830-CATALINA HUANCA-XRD90U-005-A
4622,20260830,4,21,50,A,2.0,False,Stand By Inoperativo,20260830-CATALINA HUANCA-XRD90U-005-A
4623,20260830,4,21,52,A,2.0,False,Stand By Inoperativo,20260830-CATALINA HUANCA-XRD90U-005-A
4624,20260830,4,21,55,A,0.15,False,Stand By Inoperativo,20260830-CATALINA HUANCA-XRD90U-005-A
4625,20260830,4,21,58,A,1.0,False,Stand By Inoperativo,20260830-CATALINA HUANCA-XRD90U-005-A
4626,20260830,4,21,59,A,1.0,False,Stand By Inoperativo,20260830-CATALINA HUANCA-XRD90U-005-A
4627,20260830,4,21,1,B,2.5,True,Tiempo Efectivo - Operativo,20260830-CATALINA HUANCA-XRD90U-005-B
4628,20260830,4,21,8,B,0.5,True,Stand By Operativo,20260830-CATALINA HUANCA-XRD90U-005-B
4629,20260830,4,21,20,B,4.0,True,Stand By Operativo,20260830-CATALINA HUANCA-XRD90U-005-B
4630,20260830,4,21,47,B,1.0,False,Stand By Inoperativo,20260830-CATALINA HUANCA-XRD90U-005-B
4631,20260830,4,21,55,B,0.15,False,Stand By Inoperativo,20260830-CATALINA HUANCA-XRD90U-005-B
4632,20260830,4,21,58,B,1.0,False,Stand By Inoperativo,20260830-CATALINA HUANCA-XRD90U-005-B
4633,20260830,4,21,59,B,1.0,False,Stand By Inoperativo,20260830-CATALINA HUANCA-XRD90U-005-B
4634,20260831,4,21,1,A,5.0,True,Tiempo Efectivo - Operativo,20260831-CATALINA HUANCA-XRD90U-005-A
4635,20260831,4,21,7,A,1.0,True,Stand By Operativo,20260831-CATALINA HUANCA-XRD90U-005-A
4636,20260831,4,21,8,A,1.0,True,Stand By Operativo,20260831-CATALINA HUANCA-XRD90U-005-A
4637,20260831,4,21,47,A,1.0,False,Stand By Inoperativo,20260831-CATALINA HUANCA-XRD90U-005-A
4638,20260831,4,21,55,A,0.15,False,Stand By Inoperativo,20260831-CATALINA HUANCA-XRD90U-005-A
4639,20260831,4,21,58,A,1.0,False,Stand By Inoperativo,20260831-CATALINA HUANCA-XRD90U-005-A
4640,20260831,4,21,59,A,1.0,False,Stand By Inoperativo,20260831-CATALINA HUANCA-XRD90U-005-A
4641,20260831,4,21,1,B,4.0,True,Tiempo Efectivo - Operativo,20260831-CATALINA HUANCA-XRD90U-005-B
4642,20260831,4,21,3,B,2.0,True,Tiempo Efectivo - Operativo,20260831-CATALINA HUANCA-XRD90U-005-B
4643,20260831,4,21,7,B,0.5,True,Stand By Operativo,20260831-CATALINA HUANCA-XRD90U-005-B
4644,20260831,4,21,8,B,0.5,True,Stand By Operativo,20260831-CATALINA HUANCA-XRD90U-005-B
4645,20260831,4,21,9,B,0.5,True,Stand By Operativo,20260831-CATALINA HUANCA-XRD90U-005-B
4646,20260831,4,21,47,B,0.5,False,Stand By Inoperativo,20260831-CATALINA HUANCA-XRD90U-005-B
4647,20260831,4,21,55,B,0.15,False,Stand By Inoperativo,20260831-CATALINA HUANCA-XRD90U-005-B
4648,20260831,4,21,58,B,1.0,False,Stand By Inoperativo,20260831-CATALINA HUANCA-XRD90U-005-B
4649,20260831,4,21,59,B,1.0,False,Stand By Inoperativo,20260831-CATALINA HUANCA-XRD90U-005-B
4650,20260826,4,16,5,A,0.5,False,Mantenimiento,20260826-CATALINA HUANCA-XRD125USS-001-A
4651,20260826,4,16,6,A,1.5,False,Mantenimiento,20260826-CATALINA HUANCA-XRD125USS-001-A
4652,20260826,4,16,47,A,2.0,False,Stand By Inoperativo,20260826-CATALINA HUANCA-XRD125USS-001-A
4653,20260826,4,16,55,A,1.15,False,Stand By Inoperativo,20260826-CATALINA HUANCA-XRD125USS-001-A
4654,20260826,4,16,58,A,1.0,False,Stand By Inoperativo,20260826-CATALINA HUANCA-XRD125USS-001-A
4655,20260826,4,16,59,A,1.0,False,Stand By Inoperativo,20260826-CATALINA HUANCA-XRD125USS-001-A
4656,20260826,4,16,60,A,3.0,False,Stand By Inoperativo,20260826-CATALINA HUANCA-XRD125USS-001-A
4657,20260826,4,16,1,B,4.0,True,Tiempo Efectivo - Operativo,20260826-CATALINA HUANCA-XRD125USS-001-B
4658,20260826,4,16,5,B,0.5,False,Mantenimiento,20260826-CATALINA HUANCA-XRD125USS-001-B
4659,20260826,4,16,7,B,1.0,True,Stand By Operativo,20260826-CATALINA HUANCA-XRD125USS-001-B
4660,20260826,4,16,9,B,1.0,True,Stand By Operativo,20260826-CATALINA HUANCA-XRD125USS-001-B
4661,20260826,4,16,47,B,0.5,False,Stand By Inoperativo,20260826-CATALINA HUANCA-XRD125USS-001-B
4662,20260826,4,16,55,B,1.15,False,Stand By Inoperativo,20260826-CATALINA HUANCA-XRD125USS-001-B
4663,20260826,4,16,58,B,1.0,False,Stand By Inoperativo,20260826-CATALINA HUANCA-XRD125USS-001-B
4664,20260826,4,16,59,B,1.0,False,Stand By Inoperativo,20260826-CATALINA HUANCA-XRD125USS-001-B
4665,20260827,4,16,1,A,2.5,True,Tiempo Efectivo - Operativo,20260827-CATALINA HUANCA-XRD125USS-001-A
4666,20260827,4,16,5,A,0.5,False,Mantenimiento,20260827-CATALINA HUANCA-XRD125USS-001-A
4667,20260827,4,16,7,A,1.0,True,Stand By Operativo,20260827-CATALINA HUANCA-XRD125USS-001-A
4668,20260827,4,16,8,A,0.5,True,Stand By Operativo,20260827-CATALINA HUANCA-XRD125USS-001-A
4669,20260827,4,16,47,A,0.5,False,Stand By Inoperativo,20260827-CATALINA HUANCA-XRD125USS-001-A
4670,20260827,4,16,55,A,3.15,False,Stand By Inoperativo,20260827-CATALINA HUANCA-XRD125USS-001-A
4671,20260827,4,16,58,A,1.0,False,Stand By Inoperativo,20260827-CATALINA HUANCA-XRD125USS-001-A
4672,20260827,4,16,59,A,1.0,False,Stand By Inoperativo,20260827-CATALINA HUANCA-XRD125USS-001-A
4673,20260827,4,16,1,B,5.0,True,Tiempo Efectivo - Operativo,20260827-CATALINA HUANCA-XRD125USS-001-B
4674,20260827,4,16,5,B,0.5,False,Mantenimiento,20260827-CATALINA HUANCA-XRD125USS-001-B
4675,20260827,4,16,7,B,1.0,True,Stand By Operativo,20260827-CATALINA HUANCA-XRD125USS-001-B
4676,20260827,4,16,8,B,0.5,True,Stand By Operativo,20260827-CATALINA HUANCA-XRD125USS-001-B
4677,20260827,4,16,9,B,0.5,True,Stand By Operativo,20260827-CATALINA HUANCA-XRD125USS-001-B
4678,20260827,4,16,47,B,0.5,False,Stand By Inoperativo,20260827-CATALINA HUANCA-XRD125USS-001-B
4679,20260827,4,16,55,B,0.15,False,Stand By Inoperativo,20260827-CATALINA HUANCA-XRD125USS-001-B
4680,20260827,4,16,58,B,1.0,False,Stand By Inoperativo,20260827-CATALINA HUANCA-XRD125USS-001-B
4681,20260827,4,16,59,B,1.0,False,Stand By Inoperativo,20260827-CATALINA HUANCA-XRD125USS-001-B
4682,20260828,4,16,1,A,6.0,True,Tiempo Efectivo - Operativo,20260828-CATALINA HUANCA-XRD125USS-001-A
4683,20260828,4,16,5,A,0.5,False,Mantenimiento,20260828-CATALINA HUANCA-XRD125USS-001-A
4684,20260828,4,16,7,A,0.5,True,Stand By Operativo,20260828-CATALINA HUANCA-XRD125USS-001-A
4685,20260828,4,16,8,A,0.5,True,Stand By Operativo,20260828-CATALINA HUANCA-XRD125USS-001-A
4686,20260828,4,16,47,A,0.5,False,Stand By Inoperativo,20260828-CATALINA HUANCA-XRD125USS-001-A
4687,20260828,4,16,55,A,0.15,False,Stand By Inoperativo,20260828-CATALINA HUANCA-XRD125USS-001-A
4688,20260828,4,16,58,A,1.0,False,Stand By Inoperativo,20260828-CATALINA HUANCA-XRD125USS-001-A
4689,20260828,4,16,59,A,1.0,False,Stand By Inoperativo,20260828-CATALINA HUANCA-XRD125USS-001-A
4690,20260828,4,16,1,B,5.0,True,Tiempo Efectivo - Operativo,20260828-CATALINA HUANCA-XRD125USS-001-B
4691,20260828,4,16,5,B,0.5,False,Mantenimiento,20260828-CATALINA HUANCA-XRD125USS-001-B
4692,20260828,4,16,7,B,1.0,True,Stand By Operativo,20260828-CATALINA HUANCA-XRD125USS-001-B
4693,20260828,4,16,8,B,0.5,True,Stand By Operativo,20260828-CATALINA HUANCA-XRD125USS-001-B
4694,20260828,4,16,9,B,0.5,True,Stand By Operativo,20260828-CATALINA HUANCA-XRD125USS-001-B
4695,20260828,4,16,47,B,0.5,False,Stand By Inoperativo,20260828-CATALINA HUANCA-XRD125USS-001-B
4696,20260828,4,16,55,B,0.15,False,Stand By Inoperativo,20260828-CATALINA HUANCA-XRD125USS-001-B
4697,20260828,4,16,58,B,1.0,False,Stand By Inoperativo,20260828-CATALINA HUANCA-XRD125USS-001-B
4698,20260828,4,16,59,B,1.0,False,Stand By Inoperativo,20260828-CATALINA HUANCA-XRD125USS-001-B
4699,20260829,4,16,1,A,4.0,True,Tiempo Efectivo - Operativo,20260829-CATALINA HUANCA-XRD125USS-001-A
4700,20260829,4,16,5,A,0.5,False,Mantenimiento,20260829-CATALINA HUANCA-XRD125USS-001-A
4701,20260829,4,16,7,A,0.5,True,Stand By Operativo,20260829-CATALINA HUANCA-XRD125USS-001-A
4702,20260829,4,16,8,A,0.5,True,Stand By Operativo,20260829-CATALINA HUANCA-XRD125USS-001-A
4703,20260829,4,16,47,A,0.5,False,Stand By Inoperativo,20260829-CATALINA HUANCA-XRD125USS-001-A
4704,20260829,4,16,55,A,0.15,False,Stand By Inoperativo,20260829-CATALINA HUANCA-XRD125USS-001-A
4705,20260829,4,16,58,A,1.0,False,Stand By Inoperativo,20260829-CATALINA HUANCA-XRD125USS-001-A
4706,20260829,4,16,59,A,1.0,False,Stand By Inoperativo,20260829-CATALINA HUANCA-XRD125USS-001-A
4707,20260829,4,16,82,A,2.0,True,Stand By Cliente,20260829-CATALINA HUANCA-XRD125USS-001-A
4708,20260829,4,16,1,B,5.0,True,Tiempo Efectivo - Operativo,20260829-CATALINA HUANCA-XRD125USS-001-B
4709,20260829,4,16,5,B,0.5,False,Mantenimiento,20260829-CATALINA HUANCA-XRD125USS-001-B
4710,20260829,4,16,7,B,1.0,True,Stand By Operativo,20260829-CATALINA HUANCA-XRD125USS-001-B
4711,20260829,4,16,8,B,0.5,True,Stand By Operativo,20260829-CATALINA HUANCA-XRD125USS-001-B
4712,20260829,4,16,9,B,0.5,True,Stand By Operativo,20260829-CATALINA HUANCA-XRD125USS-001-B
4713,20260829,4,16,47,B,0.5,False,Stand By Inoperativo,20260829-CATALINA HUANCA-XRD125USS-001-B
4714,20260829,4,16,55,B,0.15,False,Stand By Inoperativo,20260829-CATALINA HUANCA-XRD125USS-001-B
4715,20260829,4,16,58,B,1.0,False,Stand By Inoperativo,20260829-CATALINA HUANCA-XRD125USS-001-B
4716,20260829,4,16,59,B,1.0,False,Stand By Inoperativo,20260829-CATALINA HUANCA-XRD125USS-001-B
4717,20260830,4,16,1,A,4.5,True,Tiempo Efectivo - Operativo,20260830-CATALINA HUANCA-XRD125USS-001-A
4718,20260830,4,16,6,A,1.5,False,Mantenimiento,20260830-CATALINA HUANCA-XRD125USS-001-A
4719,20260830,4,16,7,A,0.5,True,Stand By Operativo,20260830-CATALINA HUANCA-XRD125USS-001-A
4720,20260830,4,16,8,A,0.5,True,Stand By Operativo,20260830-CATALINA HUANCA-XRD125USS-001-A
4721,20260830,4,16,47,A,1.0,False,Stand By Inoperativo,20260830-CATALINA HUANCA-XRD125USS-001-A
4722,20260830,4,16,55,A,0.15,False,Stand By Inoperativo,20260830-CATALINA HUANCA-XRD125USS-001-A
4723,20260830,4,16,58,A,1.0,False,Stand By Inoperativo,20260830-CATALINA HUANCA-XRD125USS-001-A
4724,20260830,4,16,59,A,1.0,False,Stand By Inoperativo,20260830-CATALINA HUANCA-XRD125USS-001-A
4725,20260830,4,16,6,B,3.0,False,Mantenimiento,20260830-CATALINA HUANCA-XRD125USS-001-B
4726,20260830,4,16,9,B,1.0,True,Stand By Operativo,20260830-CATALINA HUANCA-XRD125USS-001-B
4727,20260830,4,16,16,B,1.0,True,Stand By Operativo,20260830-CATALINA HUANCA-XRD125USS-001-B
4728,20260830,4,16,47,B,1.0,False,Stand By Inoperativo,20260830-CATALINA HUANCA-XRD125USS-001-B
4729,20260830,4,16,52,B,2.0,False,Stand By Inoperativo,20260830-CATALINA HUANCA-XRD125USS-001-B
4730,20260830,4,16,55,B,0.15,False,Stand By Inoperativo,20260830-CATALINA HUANCA-XRD125USS-001-B
4731,20260830,4,16,58,B,1.0,False,Stand By Inoperativo,20260830-CATALINA HUANCA-XRD125USS-001-B
4732,20260830,4,16,59,B,1.0,False,Stand By Inoperativo,20260830-CATALINA HUANCA-XRD125USS-001-B
4733,20260831,4,16,1,A,3.0,True,Tiempo Efectivo - Operativo,20260831-CATALINA HUANCA-XRD125USS-001-A
4734,20260831,4,16,5,A,0.5,False,Mantenimiento,20260831-CATALINA HUANCA-XRD125USS-001-A
4735,20260831,4,16,7,A,0.25,True,Stand By Operativo,20260831-CATALINA HUANCA-XRD125USS-001-A
4736,20260831,4,16,8,A,0.25,True,Stand By Operativo,20260831-CATALINA HUANCA-XRD125USS-001-A
4737,20260831,4,16,20,A,1.5,True,Stand By Operativo,20260831-CATALINA HUANCA-XRD125USS-001-A
4738,20260831,4,16,47,A,1.0,False,Stand By Inoperativo,20260831-CATALINA HUANCA-XRD125USS-001-A
4739,20260831,4,16,50,A,1.0,False,Stand By Inoperativo,20260831-CATALINA HUANCA-XRD125USS-001-A
4740,20260831,4,16,52,A,0.5,False,Stand By Inoperativo,20260831-CATALINA HUANCA-XRD125USS-001-A
4741,20260831,4,16,55,A,0.15,False,Stand By Inoperativo,20260831-CATALINA HUANCA-XRD125USS-001-A
4742,20260831,4,16,58,A,1.0,False,Stand By Inoperativo,20260831-CATALINA HUANCA-XRD125USS-001-A
4743,20260831,4,16,59,A,1.0,False,Stand By Inoperativo,20260831-CATALINA HUANCA-XRD125USS-001-A
4744,20260831,4,16,55,B,0.15,False,Stand By Inoperativo,20260831-CATALINA HUANCA-XRD125USS-001-B
4745,20260831,4,16,58,B,1.0,False,Stand By Inoperativo,20260831-CATALINA HUANCA-XRD125USS-001-B
4746,20260831,4,16,59,B,1.0,False,Stand By Inoperativo,20260831-CATALINA HUANCA-XRD125USS-001-B
4747,20260831,4,16,60,B,8.0,False,Stand By Inoperativo,20260831-CATALINA HUANCA-XRD125USS-001-B
