hora_evento_id,calendario_sk,contrato_sk,equipo_sk,actividad_sk,turno_guardia,horas_reportadas,es_cobrable,categoria_disponibilidad,id_clave_unica
1,20260826,1,1,1,A,5.0,True,Tiempo Efectivo - Operativo,20260826-XRD50U-002-A
2,20260826,1,1,1,B,5.0,True,Tiempo Efectivo - Operativo,20260826-XRD50U-002-B
3,20260827,1,1,1,A,6.0,True,Tiempo Efectivo - Operativo,20260827-XRD50U-002-A
4,20260827,1,1,1,B,2.5,True,Tiempo Efectivo - Operativo,20260827-XRD50U-002-B
5,20260828,1,1,1,A,3.0,True,Tiempo Efectivo - Operativo,20260828-XRD50U-002-A
6,20260828,1,1,1,B,2.0,True,Tiempo Efectivo - Operativo,20260828-XRD50U-002-B
7,20260829,1,1,1,A,5.0,True,Tiempo Efectivo - Operativo,20260829-XRD50U-002-A
8,20260827,1,2,1,B,5.0,True,Tiempo Efectivo - Operativo,20260827-XRD50USS-001-B
9,20260828,1,2,1,A,4.0,True,Tiempo Efectivo - Operativo,20260828-XRD50USS-001-A
10,20260828,1,2,1,B,4.0,True,Tiempo Efectivo - Operativo,20260828-XRD50USS-001-B
11,20260829,1,2,1,A,5.0,True,Tiempo Efectivo - Operativo,20260829-XRD50USS-001-A
12,20260829,1,2,1,B,5.0,True,Tiempo Efectivo - Operativo,20260829-XRD50USS-001-B
13,20260830,1,2,1,A,4.0,True,Tiempo Efectivo - Operativo,20260830-XRD50USS-001-A
14,20260830,1,2,1,B,5.0,True,Tiempo Efectivo - Operativo,20260830-XRD50USS-001-B
15,20260826,2,5,1,B,4.5,True,Tiempo Efectivo - Operativo,20260826-XRD80USS-010-B
16,20260827,2,5,1,B,4.0,True,Tiempo Efectivo - Operativo,20260827-XRD80USS-010-B
17,20260828,2,5,1,A,4.0,True,Tiempo Efectivo - Operativo,20260828-XRD80USS-010-A
18,20260828,2,5,1,B,6.0,True,Tiempo Efectivo - Operativo,20260828-XRD80USS-010-B
19,20260829,2,5,1,A,4.0,True,Tiempo Efectivo - Operativo,20260829-XRD80USS-010-A
20,20260829,2,5,1,B,5.0,True,Tiempo Efectivo - Operativo,20260829-XRD80USS-010-B
21,20260830,2,5,1,B,5.5,True,Tiempo Efectivo - Operativo,20260830-XRD80USS-010-B
22,20260826,2,4,1,A,6.0,True,Tiempo Efectivo - Operativo,20260826-XRD150U-001-A
23,20260826,2,4,1,B,4.5,True,Tiempo Efectivo - Operativo,20260826-XRD150U-001-B
24,20260827,2,4,1,A,6.0,True,Tiempo Efectivo - Operativo,20260827-XRD150U-001-A
25,20260827,2,4,1,B,3.0,True,Tiempo Efectivo - Operativo,20260827-XRD150U-001-B
26,20260828,2,4,1,A,4.5,True,Tiempo Efectivo - Operativo,20260828-XRD150U-001-A
27,20260828,2,4,1,B,6.0,True,Tiempo Efectivo - Operativo,20260828-XRD150U-001-B
28,20260829,2,4,1,A,5.0,True,Tiempo Efectivo - Operativo,20260829-XRD150U-001-A
29,20260829,2,4,1,B,6.0,True,Tiempo Efectivo - Operativo,20260829-XRD150U-001-B
30,20260826,2,3,1,A,6.0,True,Tiempo Efectivo - Operativo,20260826-LF90D ST-002-A
31,20260826,2,3,1,B,6.0,True,Tiempo Efectivo - Operativo,20260826-LF90D ST-002-B
32,20260827,2,3,1,A,4.0,True,Tiempo Efectivo - Operativo,20260827-LF90D ST-002-A
33,20260827,2,3,1,B,3.0,True,Tiempo Efectivo - Operativo,20260827-LF90D ST-002-B
34,20260828,2,3,1,B,6.0,True,Tiempo Efectivo - Operativo,20260828-LF90D ST-002-B
35,20260829,2,3,1,A,4.0,True,Tiempo Efectivo - Operativo,20260829-LF90D ST-002-A
36,20260829,2,3,1,B,2.5,True,Tiempo Efectivo - Operativo,20260829-LF90D ST-002-B
37,20260830,2,3,1,B,4.0,True,Tiempo Efectivo - Operativo,20260830-LF90D ST-002-B
38,20260826,3,8,1,B,1.0,True,Tiempo Efectivo - Operativo,20260826-XRD50U-003-B
39,20260827,3,8,1,A,4.0,True,Tiempo Efectivo - Operativo,20260827-XRD50U-003-A
40,20260827,3,8,1,B,4.5,True,Tiempo Efectivo - Operativo,20260827-XRD50U-003-B
41,20260828,3,8,1,A,5.5,True,Tiempo Efectivo - Operativo,20260828-XRD50U-003-A
42,20260828,3,8,1,B,4.5,True,Tiempo Efectivo - Operativo,20260828-XRD50U-003-B
43,20260829,3,8,1,A,3.5,True,Tiempo Efectivo - Operativo,20260829-XRD50U-003-A
44,20260830,3,8,1,A,1.0,True,Tiempo Efectivo - Operativo,20260830-XRD50U-003-A
45,20260830,3,8,1,B,4.0,True,Tiempo Efectivo - Operativo,20260830-XRD50U-003-B
46,20260826,3,9,1,A,4.5,True,Tiempo Efectivo - Operativo,20260826-XRD50USS-004-A
47,20260826,3,9,1,B,5.0,True,Tiempo Efectivo - Operativo,20260826-XRD50USS-004-B
48,20260827,3,9,1,A,3.0,True,Tiempo Efectivo - Operativo,20260827-XRD50USS-004-A
49,20260827,3,9,1,B,4.0,True,Tiempo Efectivo - Operativo,20260827-XRD50USS-004-B
50,20260828,3,9,1,A,5.0,True,Tiempo Efectivo - Operativo,20260828-XRD50USS-004-A
51,20260829,3,9,1,A,5.0,True,Tiempo Efectivo - Operativo,20260829-XRD50USS-004-A
52,20260829,3,9,1,B,1.0,True,Tiempo Efectivo - Operativo,20260829-XRD50USS-004-B
53,20260830,3,9,1,A,4.5,True,Tiempo Efectivo - Operativo,20260830-XRD50USS-004-A
54,20260826,3,6,1,A,4.0,True,Tiempo Efectivo - Operativo,20260826-XRD100U-001-A
55,20260826,3,6,1,B,6.0,True,Tiempo Efectivo - Operativo,20260826-XRD100U-001-B
56,20260827,3,6,1,A,4.0,True,Tiempo Efectivo - Operativo,20260827-XRD100U-001-A
57,20260829,3,6,1,B,7.0,True,Tiempo Efectivo - Operativo,20260829-XRD100U-001-B
58,20260830,3,6,1,A,5.5,True,Tiempo Efectivo - Operativo,20260830-XRD100U-001-A
59,20260830,3,6,1,B,6.0,True,Tiempo Efectivo - Operativo,20260830-XRD100U-001-B
60,20260826,3,10,1,A,4.0,True,Tiempo Efectivo - Operativo,20260826-XRD90U-005-A
61,20260826,3,10,1,B,4.0,True,Tiempo Efectivo - Operativo,20260826-XRD90U-005-B
62,20260827,3,10,1,A,3.5,True,Tiempo Efectivo - Operativo,20260827-XRD90U-005-A
63,20260830,3,10,1,B,2.5,True,Tiempo Efectivo - Operativo,20260830-XRD90U-005-B
64,20260826,3,7,1,B,4.0,True,Tiempo Efectivo - Operativo,20260826-XRD125UFDR-001-B
65,20260827,3,7,1,A,2.5,True,Tiempo Efectivo - Operativo,20260827-XRD125UFDR-001-A
66,20260827,3,7,1,B,5.0,True,Tiempo Efectivo - Operativo,20260827-XRD125UFDR-001-B
67,20260828,3,7,1,A,6.0,True,Tiempo Efectivo - Operativo,20260828-XRD125UFDR-001-A
68,20260828,3,7,1,B,5.0,True,Tiempo Efectivo - Operativo,20260828-XRD125UFDR-001-B
69,20260829,3,7,1,A,4.0,True,Tiempo Efectivo - Operativo,20260829-XRD125UFDR-001-A
70,20260829,3,7,1,B,5.0,True,Tiempo Efectivo - Operativo,20260829-XRD125UFDR-001-B
71,20260830,3,7,1,A,4.5,True,Tiempo Efectivo - Operativo,20260830-XRD125UFDR-001-A
72,20260826,4,11,1,B,5.0,True,Tiempo Efectivo - Operativo,20260826-XRD150U-002-B
73,20260827,4,11,1,A,5.5,True,Tiempo Efectivo - Operativo,20260827-XRD150U-002-A
74,20260827,4,11,1,B,6.0,True,Tiempo Efectivo - Operativo,20260827-XRD150U-002-B
75,20260828,4,11,1,A,5.0,True,Tiempo Efectivo - Operativo,20260828-XRD150U-002-A
76,20260829,4,11,1,A,5.0,True,Tiempo Efectivo - Operativo,20260829-XRD150U-002-A
77,20260830,4,11,1,B,3.0,True,Tiempo Efectivo - Operativo,20260830-XRD150U-002-B
78,20260826,5,16,1,A,2.5,True,Tiempo Efectivo - Operativo,20260826-XRD90U-021-A
79,20260826,5,16,1,B,2.0,True,Tiempo Efectivo - Operativo,20260826-XRD90U-021-B
80,20260827,5,16,1,A,2.0,True,Tiempo Efectivo - Operativo,20260827-XRD90U-021-A
81,20260827,5,16,1,B,2.0,True,Tiempo Efectivo - Operativo,20260827-XRD90U-021-B
82,20260828,5,16,1,A,4.5,True,Tiempo Efectivo - Operativo,20260828-XRD90U-021-A
83,20260828,5,16,1,B,2.5,True,Tiempo Efectivo - Operativo,20260828-XRD90U-021-B
84,20260829,5,16,1,A,2.0,True,Tiempo Efectivo - Operativo,20260829-XRD90U-021-A
85,20260826,5,13,1,A,4.0,True,Tiempo Efectivo - Operativo,20260826-LM90U-001-A
86,20260826,5,13,1,B,1.5,True,Tiempo Efectivo - Operativo,20260826-LM90U-001-B
87,20260827,5,13,1,A,4.0,True,Tiempo Efectivo - Operativo,20260827-LM90U-001-A
88,20260827,5,13,1,B,6.0,True,Tiempo Efectivo - Operativo,20260827-LM90U-001-B
89,20260828,5,13,1,A,5.0,True,Tiempo Efectivo - Operativo,20260828-LM90U-001-A
90,20260828,5,13,1,B,6.0,True,Tiempo Efectivo - Operativo,20260828-LM90U-001-B
91,20260829,5,13,1,A,4.0,True,Tiempo Efectivo - Operativo,20260829-LM90U-001-A
92,20260829,5,13,1,B,5.0,True,Tiempo Efectivo - Operativo,20260829-LM90U-001-B
93,20260826,5,17,1,A,2.5,True,Tiempo Efectivo - Operativo,20260826-XRD90USS-003-A
94,20260826,5,17,1,B,4.0,True,Tiempo Efectivo - Operativo,20260826-XRD90USS-003-B
95,20260827,5,17,1,A,2.5,True,Tiempo Efectivo - Operativo,20260827-XRD90USS-003-A
96,20260827,5,17,1,B,4.5,True,Tiempo Efectivo - Operativo,20260827-XRD90USS-003-B
97,20260828,5,17,1,B,0.5,True,Tiempo Efectivo - Operativo,20260828-XRD90USS-003-B
98,20260829,5,17,1,A,4.5,True,Tiempo Efectivo - Operativo,20260829-XRD90USS-003-A
99,20260829,5,17,1,B,4.5,True,Tiempo Efectivo - Operativo,20260829-XRD90USS-003-B
100,20260830,5,17,1,A,3.0,True,Tiempo Efectivo - Operativo,20260830-XRD90USS-003-A
101,20260830,5,17,1,B,4.0,True,Tiempo Efectivo - Operativo,20260830-XRD90USS-003-B
102,20260826,5,14,1,A,0.5,True,Tiempo Efectivo - Operativo,20260826-XRD120U-001-A
103,20260828,5,14,1,A,3.5,True,Tiempo Efectivo - Operativo,20260828-XRD120U-001-A
104,20260828,5,14,1,B,5.0,True,Tiempo Efectivo - Operativo,20260828-XRD120U-001-B
105,20260829,5,14,1,A,4.0,True,Tiempo Efectivo - Operativo,20260829-XRD120U-001-A
106,20260829,5,14,1,B,5.5,True,Tiempo Efectivo - Operativo,20260829-XRD120U-001-B
107,20260830,5,14,1,B,5.5,True,Tiempo Efectivo - Operativo,20260830-XRD120U-001-B
108,20260826,5,12,1,A,4.0,True,Tiempo Efectivo - Operativo,20260826-LM110U-001-A
109,20260826,5,12,1,B,3.0,True,Tiempo Efectivo - Operativo,20260826-LM110U-001-B
110,20260827,5,12,1,A,1.5,True,Tiempo Efectivo - Operativo,20260827-LM110U-001-A
111,20260827,5,12,1,B,3.5,True,Tiempo Efectivo - Operativo,20260827-LM110U-001-B
112,20260828,5,12,1,B,3.0,True,Tiempo Efectivo - Operativo,20260828-LM110U-001-B
113,20260829,5,12,1,A,3.5,True,Tiempo Efectivo - Operativo,20260829-LM110U-001-A
114,20260829,5,12,1,B,5.0,True,Tiempo Efectivo - Operativo,20260829-LM110U-001-B
115,20260830,5,12,1,A,4.0,True,Tiempo Efectivo - Operativo,20260830-LM110U-001-A
116,20260830,5,12,1,B,4.5,True,Tiempo Efectivo - Operativo,20260830-LM110U-001-B
117,20260826,6,21,1,A,6.0,True,Tiempo Efectivo - Operativo,20260826-XRD50UFDR-001-A
118,20260826,6,21,1,B,5.0,True,Tiempo Efectivo - Operativo,20260826-XRD50UFDR-001-B
119,20260827,6,21,1,B,2.5,True,Tiempo Efectivo - Operativo,20260827-XRD50UFDR-001-B
120,20260828,6,21,1,A,6.0,True,Tiempo Efectivo - Operativo,20260828-XRD50UFDR-001-A
121,20260828,6,21,1,B,6.0,True,Tiempo Efectivo - Operativo,20260828-XRD50UFDR-001-B
122,20260829,6,21,1,A,6.0,True,Tiempo Efectivo - Operativo,20260829-XRD50UFDR-001-A
123,20260829,6,21,1,B,3.0,True,Tiempo Efectivo - Operativo,20260829-XRD50UFDR-001-B
124,20260830,6,21,1,A,6.5,True,Tiempo Efectivo - Operativo,20260830-XRD50UFDR-001-A
125,20260830,6,21,1,B,5.5,True,Tiempo Efectivo - Operativo,20260830-XRD50UFDR-001-B
126,20260826,6,18,1,A,0.5,True,Tiempo Efectivo - Operativo,20260826-XLM75UFDR-003-A
127,20260826,6,18,1,B,4.5,True,Tiempo Efectivo - Operativo,20260826-XLM75UFDR-003-B
128,20260827,6,18,1,A,6.0,True,Tiempo Efectivo - Operativo,20260827-XLM75UFDR-003-A
129,20260827,6,18,1,B,5.0,True,Tiempo Efectivo - Operativo,20260827-XLM75UFDR-003-B
130,20260828,6,18,1,A,5.5,True,Tiempo Efectivo - Operativo,20260828-XLM75UFDR-003-A
131,20260828,6,18,1,B,5.5,True,Tiempo Efectivo - Operativo,20260828-XLM75UFDR-003-B
132,20260829,6,18,1,A,5.5,True,Tiempo Efectivo - Operativo,20260829-XLM75UFDR-003-A
133,20260829,6,18,1,B,5.5,True,Tiempo Efectivo - Operativo,20260829-XLM75UFDR-003-B
134,20260830,6,18,1,A,1.5,True,Tiempo Efectivo - Operativo,20260830-XLM75UFDR-003-A
135,20260830,6,18,1,B,5.0,True,Tiempo Efectivo - Operativo,20260830-XLM75UFDR-003-B
136,20260827,6,22,1,A,4.5,True,Tiempo Efectivo - Operativo,20260827-XRD80USS-006-A
137,20260827,6,22,1,B,2.5,True,Tiempo Efectivo - Operativo,20260827-XRD80USS-006-B
138,20260828,6,22,1,A,4.5,True,Tiempo Efectivo - Operativo,20260828-XRD80USS-006-A
139,20260828,6,22,1,B,3.5,True,Tiempo Efectivo - Operativo,20260828-XRD80USS-006-B
140,20260829,6,22,1,A,4.0,True,Tiempo Efectivo - Operativo,20260829-XRD80USS-006-A
141,20260829,6,22,1,B,4.5,True,Tiempo Efectivo - Operativo,20260829-XRD80USS-006-B
142,20260830,6,22,1,A,4.0,True,Tiempo Efectivo - Operativo,20260830-XRD80USS-006-A
143,20260830,6,22,1,B,6.5,True,Tiempo Efectivo - Operativo,20260830-XRD80USS-006-B
144,20260826,6,19,1,A,2.0,True,Tiempo Efectivo - Operativo,20260826-XRD125UFDR-002-A
145,20260826,6,19,1,B,3.0,True,Tiempo Efectivo - Operativo,20260826-XRD125UFDR-002-B
146,20260827,6,19,1,A,6.0,True,Tiempo Efectivo - Operativo,20260827-XRD125UFDR-002-A
147,20260827,6,19,1,B,3.5,True,Tiempo Efectivo - Operativo,20260827-XRD125UFDR-002-B
148,20260828,6,19,1,A,2.5,True,Tiempo Efectivo - Operativo,20260828-XRD125UFDR-002-A
149,20260828,6,19,1,B,3.5,True,Tiempo Efectivo - Operativo,20260828-XRD125UFDR-002-B
150,20260829,6,19,1,A,6.0,True,Tiempo Efectivo - Operativo,20260829-XRD125UFDR-002-A
151,20260829,6,19,1,B,4.5,True,Tiempo Efectivo - Operativo,20260829-XRD125UFDR-002-B
152,20260830,6,19,1,A,6.0,True,Tiempo Efectivo - Operativo,20260830-XRD125UFDR-002-A
153,20260826,6,20,1,A,5.5,True,Tiempo Efectivo - Operativo,20260826-XRD150U-008-A
154,20260826,6,20,1,B,5.0,True,Tiempo Efectivo - Operativo,20260826-XRD150U-008-B
155,20260827,6,20,1,A,3.0,True,Tiempo Efectivo - Operativo,20260827-XRD150U-008-A
156,20260827,6,20,1,B,4.5,True,Tiempo Efectivo - Operativo,20260827-XRD150U-008-B
157,20260828,6,20,1,A,1.5,True,Tiempo Efectivo - Operativo,20260828-XRD150U-008-A
158,20260828,6,20,1,B,6.0,True,Tiempo Efectivo - Operativo,20260828-XRD150U-008-B
159,20260829,6,20,1,A,6.0,True,Tiempo Efectivo - Operativo,20260829-XRD150U-008-A
160,20260829,6,20,1,B,5.0,True,Tiempo Efectivo - Operativo,20260829-XRD150U-008-B
161,20260830,6,20,1,A,2.0,True,Tiempo Efectivo - Operativo,20260830-XRD150U-008-A
162,20260826,7,23,1,A,2.0,True,Tiempo Efectivo - Operativo,20260826-XRD80USS-012-A
163,20260826,7,23,1,B,6.5,True,Tiempo Efectivo - Operativo,20260826-XRD80USS-012-B
164,20260827,7,23,1,A,3.5,True,Tiempo Efectivo - Operativo,20260827-XRD80USS-012-A
165,20260827,7,23,1,B,5.0,True,Tiempo Efectivo - Operativo,20260827-XRD80USS-012-B
166,20260828,7,23,1,B,5.5,True,Tiempo Efectivo - Operativo,20260828-XRD80USS-012-B
167,20260829,7,23,1,A,5.0,True,Tiempo Efectivo - Operativo,20260829-XRD80USS-012-A
168,20260829,7,23,1,B,4.5,True,Tiempo Efectivo - Operativo,20260829-XRD80USS-012-B
169,20260830,7,23,1,A,5.5,True,Tiempo Efectivo - Operativo,20260830-XRD80USS-012-A
170,20260826,8,27,1,A,0.5,True,Tiempo Efectivo - Operativo,20260826-XRD80ITH-001-A
171,20260828,8,27,1,B,6.0,True,Tiempo Efectivo - Operativo,20260828-XRD80ITH-001-B
172,20260826,8,24,1,A,3.0,True,Tiempo Efectivo - Operativo,20260826-XLM75UFDR-002-A
173,20260826,8,24,1,B,4.0,True,Tiempo Efectivo - Operativo,20260826-XLM75UFDR-002-B
174,20260827,8,24,1,A,5.0,True,Tiempo Efectivo - Operativo,20260827-XLM75UFDR-002-A
175,20260827,8,24,1,B,4.0,True,Tiempo Efectivo - Operativo,20260827-XLM75UFDR-002-B
176,20260828,8,24,1,A,5.0,True,Tiempo Efectivo - Operativo,20260828-XLM75UFDR-002-A
177,20260829,8,24,1,A,6.0,True,Tiempo Efectivo - Operativo,20260829-XLM75UFDR-002-A
178,20260829,8,24,1,B,6.0,True,Tiempo Efectivo - Operativo,20260829-XLM75UFDR-002-B
179,20260830,8,24,1,A,6.0,True,Tiempo Efectivo - Operativo,20260830-XLM75UFDR-002-A
180,20260830,8,24,1,B,5.5,True,Tiempo Efectivo - Operativo,20260830-XLM75UFDR-002-B
181,20260826,8,25,1,A,3.0,True,Tiempo Efectivo - Operativo,20260826-XLM75UFDR-004-A
182,20260826,8,25,1,B,4.0,True,Tiempo Efectivo - Operativo,20260826-XLM75UFDR-004-B
183,20260827,8,25,1,B,5.0,True,Tiempo Efectivo - Operativo,20260827-XLM75UFDR-004-B
184,20260828,8,25,1,A,5.0,True,Tiempo Efectivo - Operativo,20260828-XLM75UFDR-004-A
185,20260828,8,25,1,B,5.0,True,Tiempo Efectivo - Operativo,20260828-XLM75UFDR-004-B
186,20260829,8,25,1,A,5.0,True,Tiempo Efectivo - Operativo,20260829-XLM75UFDR-004-A
187,20260829,8,25,1,B,3.0,True,Tiempo Efectivo - Operativo,20260829-XLM75UFDR-004-B
188,20260830,8,25,1,A,4.5,True,Tiempo Efectivo - Operativo,20260830-XLM75UFDR-004-A
189,20260830,8,25,1,B,2.0,True,Tiempo Efectivo - Operativo,20260830-XLM75UFDR-004-B
190,20260827,8,26,1,A,1.5,True,Tiempo Efectivo - Operativo,20260827-XRD150USS-003-A
191,20260827,8,26,1,B,6.0,True,Tiempo Efectivo - Operativo,20260827-XRD150USS-003-B
192,20260828,8,26,1,A,4.0,True,Tiempo Efectivo - Operativo,20260828-XRD150USS-003-A
193,20260828,8,26,1,B,5.0,True,Tiempo Efectivo - Operativo,20260828-XRD150USS-003-B
194,20260829,8,26,1,A,4.0,True,Tiempo Efectivo - Operativo,20260829-XRD150USS-003-A
195,20260829,8,26,1,B,5.0,True,Tiempo Efectivo - Operativo,20260829-XRD150USS-003-B
196,20260830,8,26,1,A,5.0,True,Tiempo Efectivo - Operativo,20260830-XRD150USS-003-A
197,20260830,8,26,1,B,0.5,True,Tiempo Efectivo - Operativo,20260830-XRD150USS-003-B
198,20260828,9,28,1,B,7.0,True,Tiempo Efectivo - Operativo,20260828-XRD100ST-001-B
199,20260829,9,28,1,A,2.0,True,Tiempo Efectivo - Operativo,20260829-XRD100ST-001-A
200,20260829,9,28,1,B,7.0,True,Tiempo Efectivo - Operativo,20260829-XRD100ST-001-B
201,20260830,9,28,1,A,4.0,True,Tiempo Efectivo - Operativo,20260830-XRD100ST-001-A
202,20260830,9,28,1,B,4.0,True,Tiempo Efectivo - Operativo,20260830-XRD100ST-001-B
203,20260829,10,33,1,A,1.5,True,Tiempo Efectivo - Operativo,20260829-XRD80USS-008-A
204,20260829,10,33,1,B,2.0,True,Tiempo Efectivo - Operativo,20260829-XRD80USS-008-B
205,20260830,10,33,1,A,1.0,True,Tiempo Efectivo - Operativo,20260830-XRD80USS-008-A
206,20260830,10,33,1,B,2.5,True,Tiempo Efectivo - Operativo,20260830-XRD80USS-008-B
207,20260826,10,35,1,A,6.0,True,Tiempo Efectivo - Operativo,20260826-XRD90U-016-A
208,20260826,10,35,1,B,6.0,True,Tiempo Efectivo - Operativo,20260826-XRD90U-016-B
209,20260827,10,35,1,A,5.0,True,Tiempo Efectivo - Operativo,20260827-XRD90U-016-A
210,20260828,10,35,1,B,3.5,True,Tiempo Efectivo - Operativo,20260828-XRD90U-016-B
211,20260829,10,35,1,A,6.0,True,Tiempo Efectivo - Operativo,20260829-XRD90U-016-A
212,20260829,10,35,1,B,6.5,True,Tiempo Efectivo - Operativo,20260829-XRD90U-016-B
213,20260830,10,35,1,A,2.0,True,Tiempo Efectivo - Operativo,20260830-XRD90U-016-A
214,20260830,10,35,1,B,3.5,True,Tiempo Efectivo - Operativo,20260830-XRD90U-016-B
215,20260826,10,30,1,A,4.5,True,Tiempo Efectivo - Operativo,20260826-XRD150U-003-A
216,20260826,10,30,1,B,3.0,True,Tiempo Efectivo - Operativo,20260826-XRD150U-003-B
217,20260827,10,30,1,A,3.5,True,Tiempo Efectivo - Operativo,20260827-XRD150U-003-A
218,20260827,10,30,1,B,6.0,True,Tiempo Efectivo - Operativo,20260827-XRD150U-003-B
219,20260828,10,30,1,A,2.0,True,Tiempo Efectivo - Operativo,20260828-XRD150U-003-A
220,20260828,10,30,1,B,6.0,True,Tiempo Efectivo - Operativo,20260828-XRD150U-003-B
221,20260829,10,30,1,A,6.0,True,Tiempo Efectivo - Operativo,20260829-XRD150U-003-A
222,20260829,10,30,1,B,6.0,True,Tiempo Efectivo - Operativo,20260829-XRD150U-003-B
223,20260830,10,30,1,A,4.0,True,Tiempo Efectivo - Operativo,20260830-XRD150U-003-A
224,20260830,10,30,1,B,6.0,True,Tiempo Efectivo - Operativo,20260830-XRD150U-003-B
225,20260827,10,29,1,B,4.0,True,Tiempo Efectivo - Operativo,20260827-XLM75UFDR-001-B
226,20260828,10,29,1,A,1.0,True,Tiempo Efectivo - Operativo,20260828-XLM75UFDR-001-A
227,20260828,10,29,1,B,6.0,True,Tiempo Efectivo - Operativo,20260828-XLM75UFDR-001-B
228,20260830,10,29,1,A,2.0,True,Tiempo Efectivo - Operativo,20260830-XLM75UFDR-001-A
229,20260830,10,29,1,B,1.0,True,Tiempo Efectivo - Operativo,20260830-XLM75UFDR-001-B
230,20260826,10,34,1,A,5.0,True,Tiempo Efectivo - Operativo,20260826-XRD90U-012-A
231,20260826,10,34,1,B,6.0,True,Tiempo Efectivo - Operativo,20260826-XRD90U-012-B
232,20260826,10,31,1,A,1.5,True,Tiempo Efectivo - Operativo,20260826-XRD150USS-004-A
233,20260826,10,31,1,B,2.5,True,Tiempo Efectivo - Operativo,20260826-XRD150USS-004-B
234,20260826,10,31,1,B,2.5,True,Tiempo Efectivo - Operativo,20260826-XRD150USS-004-B
235,20260827,10,31,1,A,2.0,True,Tiempo Efectivo - Operativo,20260827-XRD150USS-004-A
236,20260827,10,31,1,B,2.0,True,Tiempo Efectivo - Operativo,20260827-XRD150USS-004-B
237,20260828,10,31,1,A,1.0,True,Tiempo Efectivo - Operativo,20260828-XRD150USS-004-A
238,20260828,10,31,1,B,4.0,True,Tiempo Efectivo - Operativo,20260828-XRD150USS-004-B
239,20260829,10,31,1,A,0.5,True,Tiempo Efectivo - Operativo,20260829-XRD150USS-004-A
240,20260826,11,36,1,A,4.0,True,Tiempo Efectivo - Operativo,20260826-XRD150U-004-A
241,20260826,11,36,1,B,3.0,True,Tiempo Efectivo - Operativo,20260826-XRD150U-004-B
242,20260827,11,36,1,A,7.0,True,Tiempo Efectivo - Operativo,20260827-XRD150U-004-A
243,20260827,11,36,1,B,6.0,True,Tiempo Efectivo - Operativo,20260827-XRD150U-004-B
244,20260828,11,36,1,A,5.5,True,Tiempo Efectivo - Operativo,20260828-XRD150U-004-A
245,20260828,11,36,1,B,5.5,True,Tiempo Efectivo - Operativo,20260828-XRD150U-004-B
246,20260829,11,36,1,A,8.0,True,Tiempo Efectivo - Operativo,20260829-XRD150U-004-A
247,20260829,11,36,1,B,2.0,True,Tiempo Efectivo - Operativo,20260829-XRD150U-004-B
248,20260830,11,36,1,A,8.0,True,Tiempo Efectivo - Operativo,20260830-XRD150U-004-A
249,20260830,11,36,1,B,5.0,True,Tiempo Efectivo - Operativo,20260830-XRD150U-004-B
250,20260826,11,37,1,A,3.0,True,Tiempo Efectivo - Operativo,20260826-XRD150U-006-A
251,20260826,11,37,1,B,5.0,True,Tiempo Efectivo - Operativo,20260826-XRD150U-006-B
252,20260827,11,37,1,A,6.0,True,Tiempo Efectivo - Operativo,20260827-XRD150U-006-A
253,20260827,11,37,1,B,2.0,True,Tiempo Efectivo - Operativo,20260827-XRD150U-006-B
254,20260828,11,37,1,A,5.0,True,Tiempo Efectivo - Operativo,20260828-XRD150U-006-A
255,20260828,11,37,1,B,6.0,True,Tiempo Efectivo - Operativo,20260828-XRD150U-006-B
256,20260829,11,37,1,A,6.0,True,Tiempo Efectivo - Operativo,20260829-XRD150U-006-A
257,20260829,11,37,1,B,2.0,True,Tiempo Efectivo - Operativo,20260829-XRD150U-006-B
258,20260830,11,37,1,A,7.0,True,Tiempo Efectivo - Operativo,20260830-XRD150U-006-A
259,20260830,11,37,1,B,5.0,True,Tiempo Efectivo - Operativo,20260830-XRD150U-006-B
260,20260826,12,40,1,B,5.0,True,Tiempo Efectivo - Operativo,20260826-XRD90USS-005-B
261,20260827,12,40,1,A,3.5,True,Tiempo Efectivo - Operativo,20260827-XRD90USS-005-A
262,20260828,12,40,1,A,5.0,True,Tiempo Efectivo - Operativo,20260828-XRD90USS-005-A
263,20260829,12,40,1,A,2.5,True,Tiempo Efectivo - Operativo,20260829-XRD90USS-005-A
264,20260830,12,40,1,A,5.0,True,Tiempo Efectivo - Operativo,20260830-XRD90USS-005-A
265,20260826,12,38,1,B,5.0,True,Tiempo Efectivo - Operativo,20260826-XRD150USS-002-B
266,20260827,12,38,1,B,5.5,True,Tiempo Efectivo - Operativo,20260827-XRD150USS-002-B
267,20260828,12,38,1,B,5.5,True,Tiempo Efectivo - Operativo,20260828-XRD150USS-002-B
268,20260829,12,38,1,B,1.5,True,Tiempo Efectivo - Operativo,20260829-XRD150USS-002-B
269,20260830,12,38,1,B,4.0,True,Tiempo Efectivo - Operativo,20260830-XRD150USS-002-B
270,20260826,13,44,1,A,2.5,True,Tiempo Efectivo - Operativo,20260826-XRD90USS-004-A
271,20260826,13,44,1,B,3.5,True,Tiempo Efectivo - Operativo,20260826-XRD90USS-004-B
272,20260827,13,44,1,A,4.0,True,Tiempo Efectivo - Operativo,20260827-XRD90USS-004-A
273,20260827,13,44,1,B,6.0,True,Tiempo Efectivo - Operativo,20260827-XRD90USS-004-B
274,20260828,13,44,1,A,5.0,True,Tiempo Efectivo - Operativo,20260828-XRD90USS-004-A
275,20260828,13,44,1,B,2.0,True,Tiempo Efectivo - Operativo,20260828-XRD90USS-004-B
276,20260829,13,44,1,A,5.0,True,Tiempo Efectivo - Operativo,20260829-XRD90USS-004-A
277,20260829,13,44,1,B,5.5,True,Tiempo Efectivo - Operativo,20260829-XRD90USS-004-B
278,20260830,13,44,1,A,6.0,True,Tiempo Efectivo - Operativo,20260830-XRD90USS-004-A
279,20260830,13,44,1,B,4.0,True,Tiempo Efectivo - Operativo,20260830-XRD90USS-004-B
280,20260826,13,43,1,A,5.0,True,Tiempo Efectivo - Operativo,20260826-XRD90USS-001-A
281,20260827,13,43,1,A,4.0,True,Tiempo Efectivo - Operativo,20260827-XRD90USS-001-A
282,20260827,13,43,1,B,5.0,True,Tiempo Efectivo - Operativo,20260827-XRD90USS-001-B
283,20260828,13,43,1,A,5.0,True,Tiempo Efectivo - Operativo,20260828-XRD90USS-001-A
284,20260828,13,43,1,B,1.5,True,Tiempo Efectivo - Operativo,20260828-XRD90USS-001-B
285,20260829,13,43,1,A,1.5,True,Tiempo Efectivo - Operativo,20260829-XRD90USS-001-A
286,20260829,13,43,1,B,3.5,True,Tiempo Efectivo - Operativo,20260829-XRD90USS-001-B
287,20260830,13,43,1,B,4.0,True,Tiempo Efectivo - Operativo,20260830-XRD90USS-001-B
288,20260827,13,42,1,A,5.5,True,Tiempo Efectivo - Operativo,20260827-XRD150UBT-001-A
289,20260827,13,42,1,B,4.0,True,Tiempo Efectivo - Operativo,20260827-XRD150UBT-001-B
290,20260828,13,42,1,A,5.0,True,Tiempo Efectivo - Operativo,20260828-XRD150UBT-001-A
291,20260828,13,42,1,B,4.5,True,Tiempo Efectivo - Operativo,20260828-XRD150UBT-001-B
292,20260829,13,42,1,A,5.5,True,Tiempo Efectivo - Operativo,20260829-XRD150UBT-001-A
293,20260829,13,42,1,B,4.0,True,Tiempo Efectivo - Operativo,20260829-XRD150UBT-001-B
294,20260830,13,42,1,A,6.0,True,Tiempo Efectivo - Operativo,20260830-XRD150UBT-001-A
295,20260830,13,42,1,B,5.0,True,Tiempo Efectivo - Operativo,20260830-XRD150UBT-001-B
296,20260826,13,41,1,A,6.0,True,Tiempo Efectivo - Operativo,20260826-XRD150U-005-A
297,20260826,13,41,1,B,4.5,True,Tiempo Efectivo - Operativo,20260826-XRD150U-005-B
298,20260827,13,41,1,A,2.0,True,Tiempo Efectivo - Operativo,20260827-XRD150U-005-A
299,20260827,13,41,1,B,4.0,True,Tiempo Efectivo - Operativo,20260827-XRD150U-005-B
300,20260828,13,41,1,A,4.0,True,Tiempo Efectivo - Operativo,20260828-XRD150U-005-A
301,20260828,13,41,1,B,5.5,True,Tiempo Efectivo - Operativo,20260828-XRD150U-005-B
302,20260829,13,41,1,A,4.5,True,Tiempo Efectivo - Operativo,20260829-XRD150U-005-A
303,20260829,13,41,1,B,3.5,True,Tiempo Efectivo - Operativo,20260829-XRD150U-005-B
304,20260830,13,41,1,A,3.5,True,Tiempo Efectivo - Operativo,20260830-XRD150U-005-A
305,20260830,13,41,1,B,2.5,True,Tiempo Efectivo - Operativo,20260830-XRD150U-005-B
306,20260826,14,48,1,A,3.0,True,Tiempo Efectivo - Operativo,20260826-XRD90U-023-A
307,20260826,14,48,1,B,4.5,True,Tiempo Efectivo - Operativo,20260826-XRD90U-023-B
308,20260827,14,48,1,A,3.0,True,Tiempo Efectivo - Operativo,20260827-XRD90U-023-A
309,20260828,14,48,1,B,5.0,True,Tiempo Efectivo - Operativo,20260828-XRD90U-023-B
310,20260830,14,48,1,B,5.0,True,Tiempo Efectivo - Operativo,20260830-XRD90U-023-B
311,20260826,14,47,1,A,5.5,True,Tiempo Efectivo - Operativo,20260826-XRD90U-004-A
312,20260826,14,47,1,B,5.5,True,Tiempo Efectivo - Operativo,20260826-XRD90U-004-B
313,20260827,14,47,1,A,5.0,True,Tiempo Efectivo - Operativo,20260827-XRD90U-004-A
314,20260827,14,47,1,B,7.5,True,Tiempo Efectivo - Operativo,20260827-XRD90U-004-B
315,20260828,14,47,1,A,6.5,True,Tiempo Efectivo - Operativo,20260828-XRD90U-004-A
316,20260828,14,47,1,B,7.0,True,Tiempo Efectivo - Operativo,20260828-XRD90U-004-B
317,20260830,14,47,1,B,2.0,True,Tiempo Efectivo - Operativo,20260830-XRD90U-004-B
318,20260826,14,45,1,A,4.5,True,Tiempo Efectivo - Operativo,20260826-DE710ST-001-A
319,20260826,14,45,1,B,6.0,True,Tiempo Efectivo - Operativo,20260826-DE710ST-001-B
320,20260827,14,45,1,A,3.0,True,Tiempo Efectivo - Operativo,20260827-DE710ST-001-A
321,20260827,14,45,1,B,8.0,True,Tiempo Efectivo - Operativo,20260827-DE710ST-001-B
322,20260828,14,45,1,A,7.5,True,Tiempo Efectivo - Operativo,20260828-DE710ST-001-A
323,20260828,14,45,1,B,7.5,True,Tiempo Efectivo - Operativo,20260828-DE710ST-001-B
324,20260826,15,49,1,A,5.5,True,Tiempo Efectivo - Operativo,20260826-DE710T-002-A
325,20260826,15,49,1,B,7.0,True,Tiempo Efectivo - Operativo,20260826-DE710T-002-B
326,20260827,15,49,1,A,8.5,True,Tiempo Efectivo - Operativo,20260827-DE710T-002-A
327,20260827,15,49,1,B,8.0,True,Tiempo Efectivo - Operativo,20260827-DE710T-002-B
328,20260828,15,49,1,A,7.5,True,Tiempo Efectivo - Operativo,20260828-DE710T-002-A
329,20260828,15,49,1,B,9.0,True,Tiempo Efectivo - Operativo,20260828-DE710T-002-B
330,20260829,15,49,1,A,6.0,True,Tiempo Efectivo - Operativo,20260829-DE710T-002-A
331,20260826,15,50,1,A,5.0,True,Tiempo Efectivo - Operativo,20260826-XRD150U-009-A
332,20260826,15,50,1,B,4.5,True,Tiempo Efectivo - Operativo,20260826-XRD150U-009-B
333,20260827,15,50,1,A,3.0,True,Tiempo Efectivo - Operativo,20260827-XRD150U-009-A
334,20260827,15,50,1,B,5.5,True,Tiempo Efectivo - Operativo,20260827-XRD150U-009-B
335,20260828,15,50,1,A,5.0,True,Tiempo Efectivo - Operativo,20260828-XRD150U-009-A
336,20260828,15,50,1,B,4.0,True,Tiempo Efectivo - Operativo,20260828-XRD150U-009-B
337,20260829,15,50,1,A,5.0,True,Tiempo Efectivo - Operativo,20260829-XRD150U-009-A
338,20260829,15,50,1,B,5.5,True,Tiempo Efectivo - Operativo,20260829-XRD150U-009-B
339,20260830,15,50,1,A,2.5,True,Tiempo Efectivo - Operativo,20260830-XRD150U-009-A
340,20260830,15,50,1,B,6.0,True,Tiempo Efectivo - Operativo,20260830-XRD150U-009-B
341,20260826,16,51,1,A,3.0,True,Tiempo Efectivo - Operativo,20260826-XRD150U-007-A
342,20260826,16,51,1,B,6.0,True,Tiempo Efectivo - Operativo,20260826-XRD150U-007-B
343,20260827,16,51,1,A,6.0,True,Tiempo Efectivo - Operativo,20260827-XRD150U-007-A
344,20260827,16,51,1,B,5.5,True,Tiempo Efectivo - Operativo,20260827-XRD150U-007-B
345,20260828,16,51,1,A,3.0,True,Tiempo Efectivo - Operativo,20260828-XRD150U-007-A
346,20260830,16,51,1,B,6.0,True,Tiempo Efectivo - Operativo,20260830-XRD150U-007-B
347,20260826,17,54,1,A,4.0,True,Tiempo Efectivo - Operativo,20260826-XRD50USS-003-A
348,20260826,17,54,1,B,5.0,True,Tiempo Efectivo - Operativo,20260826-XRD50USS-003-B
349,20260827,17,54,1,A,4.0,True,Tiempo Efectivo - Operativo,20260827-XRD50USS-003-A
350,20260827,17,54,1,B,5.0,True,Tiempo Efectivo - Operativo,20260827-XRD50USS-003-B
351,20260828,17,54,1,A,4.0,True,Tiempo Efectivo - Operativo,20260828-XRD50USS-003-A
352,20260828,17,54,1,B,4.0,True,Tiempo Efectivo - Operativo,20260828-XRD50USS-003-B
353,20260829,17,54,1,A,4.0,True,Tiempo Efectivo - Operativo,20260829-XRD50USS-003-A
354,20260829,17,54,1,B,1.0,True,Tiempo Efectivo - Operativo,20260829-XRD50USS-003-B
355,20260830,17,54,1,A,2.0,True,Tiempo Efectivo - Operativo,20260830-XRD50USS-003-A
356,20260830,17,54,1,B,4.0,True,Tiempo Efectivo - Operativo,20260830-XRD50USS-003-B
357,20260826,17,52,1,A,3.5,True,Tiempo Efectivo - Operativo,20260826-XDR50USS-00T-A
358,20260826,17,52,1,B,3.0,True,Tiempo Efectivo - Operativo,20260826-XDR50USS-00T-B
359,20260827,17,52,1,A,2.5,True,Tiempo Efectivo - Operativo,20260827-XDR50USS-00T-A
360,20260827,17,52,1,B,3.0,True,Tiempo Efectivo - Operativo,20260827-XDR50USS-00T-B
361,20260828,17,52,1,A,5.0,True,Tiempo Efectivo - Operativo,20260828-XDR50USS-00T-A
362,20260828,17,52,1,B,3.0,True,Tiempo Efectivo - Operativo,20260828-XDR50USS-00T-B
363,20260829,17,52,1,B,1.0,True,Tiempo Efectivo - Operativo,20260829-XDR50USS-00T-B
364,20260830,17,52,1,A,4.0,True,Tiempo Efectivo - Operativo,20260830-XDR50USS-00T-A
365,20260830,17,52,1,B,2.0,True,Tiempo Efectivo - Operativo,20260830-XDR50USS-00T-B
366,20260826,17,53,1,B,5.5,True,Tiempo Efectivo - Operativo,20260826-XRD125USS-001-B
367,20260827,17,53,1,A,5.0,True,Tiempo Efectivo - Operativo,20260827-XRD125USS-001-A
368,20260827,17,53,1,B,4.5,True,Tiempo Efectivo - Operativo,20260827-XRD125USS-001-B
369,20260828,17,53,1,A,2.0,True,Tiempo Efectivo - Operativo,20260828-XRD125USS-001-A
370,20260828,17,53,1,B,2.0,True,Tiempo Efectivo - Operativo,20260828-XRD125USS-001-B
371,20260829,17,53,1,B,4.0,True,Tiempo Efectivo - Operativo,20260829-XRD125USS-001-B
372,20260826,18,56,1,A,5.0,True,Tiempo Efectivo - Operativo,20260826-XRD150USS-001-A
373,20260826,18,56,1,B,5.0,True,Tiempo Efectivo - Operativo,20260826-XRD150USS-001-B
374,20260827,18,56,1,B,2.0,True,Tiempo Efectivo - Operativo,20260827-XRD150USS-001-B
375,20260828,18,56,1,A,5.5,True,Tiempo Efectivo - Operativo,20260828-XRD150USS-001-A
376,20260828,18,56,1,B,5.0,True,Tiempo Efectivo - Operativo,20260828-XRD150USS-001-B
377,20260829,18,56,1,A,4.5,True,Tiempo Efectivo - Operativo,20260829-XRD150USS-001-A
378,20260829,18,56,1,B,1.0,True,Tiempo Efectivo - Operativo,20260829-XRD150USS-001-B
379,20260830,18,56,1,A,6.0,True,Tiempo Efectivo - Operativo,20260830-XRD150USS-001-A
380,20260830,18,56,1,B,6.0,True,Tiempo Efectivo - Operativo,20260830-XRD150USS-001-B
381,20260826,18,55,1,A,3.0,True,Tiempo Efectivo - Operativo,20260826-XRD150U-011-A
382,20260826,18,55,1,B,4.5,True,Tiempo Efectivo - Operativo,20260826-XRD150U-011-B
383,20260827,18,55,1,A,5.0,True,Tiempo Efectivo - Operativo,20260827-XRD150U-011-A
384,20260827,18,55,1,B,4.0,True,Tiempo Efectivo - Operativo,20260827-XRD150U-011-B
385,20260828,18,55,1,A,4.0,True,Tiempo Efectivo - Operativo,20260828-XRD150U-011-A
386,20260828,18,55,1,B,2.0,True,Tiempo Efectivo - Operativo,20260828-XRD150U-011-B
387,20260829,18,55,1,B,1.0,True,Tiempo Efectivo - Operativo,20260829-XRD150U-011-B
388,20260828,6,22,2,B,3.0,True,Tiempo Efectivo - Operativo,20260828-XRD80USS-006-B
389,20260829,9,28,2,A,1.0,True,Tiempo Efectivo - Operativo,20260829-XRD100ST-001-A
390,20260828,13,41,2,A,2.5,True,Tiempo Efectivo - Operativo,20260828-XRD150U-005-A
391,20260826,15,49,2,A,1.0,True,Tiempo Efectivo - Operativo,20260826-DE710T-002-A
392,20260827,15,50,2,B,0.5,True,Tiempo Efectivo - Operativo,20260827-XRD150U-009-B
393,20260828,15,50,2,B,0.5,True,Tiempo Efectivo - Operativo,20260828-XRD150U-009-B
394,20260828,5,16,4,B,2.0,True,Tiempo Efectivo - Operativo,20260828-XRD90U-021-B
395,20260826,5,14,4,B,1.5,True,Tiempo Efectivo - Operativo,20260826-XRD120U-001-B
396,20260829,9,28,4,A,5.0,True,Tiempo Efectivo - Operativo,20260829-XRD100ST-001-A
397,20260829,13,41,4,B,1.0,True,Tiempo Efectivo - Operativo,20260829-XRD150U-005-B
398,20260826,15,50,4,B,0.5,True,Tiempo Efectivo - Operativo,20260826-XRD150U-009-B
399,20260826,1,1,5,A,0.5,False,Mantenimiento,20260826-XRD50U-002-A
400,20260827,1,1,5,A,0.5,False,Mantenimiento,20260827-XRD50U-002-A
401,20260827,1,1,5,B,0.5,False,Mantenimiento,20260827-XRD50U-002-B
402,20260828,1,1,5,A,0.5,False,Mantenimiento,20260828-XRD50U-002-A
403,20260828,1,1,5,B,0.5,False,Mantenimiento,20260828-XRD50U-002-B
404,20260829,1,1,5,A,0.5,False,Mantenimiento,20260829-XRD50U-002-A
405,20260829,1,1,5,B,0.5,False,Mantenimiento,20260829-XRD50U-002-B
406,20260827,1,2,5,B,0.5,False,Mantenimiento,20260827-XRD50USS-001-B
407,20260828,1,2,5,A,0.5,False,Mantenimiento,20260828-XRD50USS-001-A
408,20260828,1,2,5,B,0.5,False,Mantenimiento,20260828-XRD50USS-001-B
409,20260829,1,2,5,A,0.5,False,Mantenimiento,20260829-XRD50USS-001-A
410,20260829,1,2,5,B,0.5,False,Mantenimiento,20260829-XRD50USS-001-B
411,20260830,1,2,5,A,0.5,False,Mantenimiento,20260830-XRD50USS-001-A
412,20260830,1,2,5,B,0.5,False,Mantenimiento,20260830-XRD50USS-001-B
413,20260826,2,5,5,B,0.5,False,Mantenimiento,20260826-XRD80USS-010-B
414,20260827,2,5,5,B,0.5,False,Mantenimiento,20260827-XRD80USS-010-B
415,20260828,2,5,5,A,0.5,False,Mantenimiento,20260828-XRD80USS-010-A
416,20260828,2,5,5,B,0.5,False,Mantenimiento,20260828-XRD80USS-010-B
417,20260829,2,5,5,A,0.5,False,Mantenimiento,20260829-XRD80USS-010-A
418,20260829,2,5,5,B,0.5,False,Mantenimiento,20260829-XRD80USS-010-B
419,20260830,2,5,5,B,0.5,False,Mantenimiento,20260830-XRD80USS-010-B
420,20260826,2,4,5,A,0.5,False,Mantenimiento,20260826-XRD150U-001-A
421,20260826,2,4,5,B,0.5,False,Mantenimiento,20260826-XRD150U-001-B
422,20260827,2,4,5,A,0.5,False,Mantenimiento,20260827-XRD150U-001-A
423,20260827,2,4,5,B,0.5,False,Mantenimiento,20260827-XRD150U-001-B
424,20260828,2,4,5,A,0.5,False,Mantenimiento,20260828-XRD150U-001-A
425,20260828,2,4,5,B,0.5,False,Mantenimiento,20260828-XRD150U-001-B
426,20260829,2,4,5,A,0.5,False,Mantenimiento,20260829-XRD150U-001-A
427,20260829,2,4,5,B,0.5,False,Mantenimiento,20260829-XRD150U-001-B
428,20260830,2,4,5,B,0.5,False,Mantenimiento,20260830-XRD150U-001-B
429,20260826,2,3,5,A,0.5,False,Mantenimiento,20260826-LF90D ST-002-A
430,20260826,2,3,5,B,0.5,False,Mantenimiento,20260826-LF90D ST-002-B
431,20260827,2,3,5,A,0.5,False,Mantenimiento,20260827-LF90D ST-002-A
432,20260827,2,3,5,B,0.5,False,Mantenimiento,20260827-LF90D ST-002-B
433,20260828,2,3,5,B,0.5,False,Mantenimiento,20260828-LF90D ST-002-B
434,20260829,2,3,5,A,0.5,False,Mantenimiento,20260829-LF90D ST-002-A
435,20260829,2,3,5,B,1.5,False,Mantenimiento,20260829-LF90D ST-002-B
436,20260830,2,3,5,A,0.5,False,Mantenimiento,20260830-LF90D ST-002-A
437,20260830,2,3,5,B,1.5,False,Mantenimiento,20260830-LF90D ST-002-B
438,20260826,3,8,5,B,0.5,False,Mantenimiento,20260826-XRD50U-003-B
439,20260827,3,8,5,A,0.5,False,Mantenimiento,20260827-XRD50U-003-A
440,20260827,3,8,5,B,0.5,False,Mantenimiento,20260827-XRD50U-003-B
441,20260828,3,8,5,A,0.5,False,Mantenimiento,20260828-XRD50U-003-A
442,20260828,3,8,5,B,0.5,False,Mantenimiento,20260828-XRD50U-003-B
443,20260829,3,8,5,A,0.5,False,Mantenimiento,20260829-XRD50U-003-A
444,20260829,3,8,5,B,0.5,False,Mantenimiento,20260829-XRD50U-003-B
445,20260830,3,8,5,A,0.5,False,Mantenimiento,20260830-XRD50U-003-A
446,20260830,3,8,5,B,0.5,False,Mantenimiento,20260830-XRD50U-003-B
447,20260826,3,9,5,A,0.5,False,Mantenimiento,20260826-XRD50USS-004-A
448,20260826,3,9,5,B,0.5,False,Mantenimiento,20260826-XRD50USS-004-B
449,20260827,3,9,5,B,0.5,False,Mantenimiento,20260827-XRD50USS-004-B
450,20260828,3,9,5,A,0.5,False,Mantenimiento,20260828-XRD50USS-004-A
451,20260829,3,9,5,A,0.5,False,Mantenimiento,20260829-XRD50USS-004-A
452,20260830,3,9,5,A,0.5,False,Mantenimiento,20260830-XRD50USS-004-A
453,20260827,3,6,5,A,0.5,False,Mantenimiento,20260827-XRD100U-001-A
454,20260829,3,6,5,A,0.5,False,Mantenimiento,20260829-XRD100U-001-A
455,20260830,3,6,5,A,0.5,False,Mantenimiento,20260830-XRD100U-001-A
456,20260826,3,10,5,A,0.5,False,Mantenimiento,20260826-XRD90U-005-A
457,20260826,3,7,5,A,0.5,False,Mantenimiento,20260826-XRD125UFDR-001-A
458,20260826,3,7,5,B,0.5,False,Mantenimiento,20260826-XRD125UFDR-001-B
459,20260827,3,7,5,A,0.5,False,Mantenimiento,20260827-XRD125UFDR-001-A
460,20260827,3,7,5,B,0.5,False,Mantenimiento,20260827-XRD125UFDR-001-B
461,20260828,3,7,5,A,0.5,False,Mantenimiento,20260828-XRD125UFDR-001-A
462,20260828,3,7,5,B,0.5,False,Mantenimiento,20260828-XRD125UFDR-001-B
463,20260829,3,7,5,A,0.5,False,Mantenimiento,20260829-XRD125UFDR-001-A
464,20260829,3,7,5,B,0.5,False,Mantenimiento,20260829-XRD125UFDR-001-B
465,20260826,4,11,5,A,0.5,False,Mantenimiento,20260826-XRD150U-002-A
466,20260826,4,11,5,B,0.5,False,Mantenimiento,20260826-XRD150U-002-B
467,20260827,4,11,5,A,0.5,False,Mantenimiento,20260827-XRD150U-002-A
468,20260827,4,11,5,B,0.5,False,Mantenimiento,20260827-XRD150U-002-B
469,20260828,4,11,5,A,0.5,False,Mantenimiento,20260828-XRD150U-002-A
470,20260829,4,11,5,B,1.0,False,Mantenimiento,20260829-XRD150U-002-B
471,20260830,4,11,5,B,0.5,False,Mantenimiento,20260830-XRD150U-002-B
472,20260826,5,16,5,A,0.5,False,Mantenimiento,20260826-XRD90U-021-A
473,20260826,5,16,5,B,0.5,False,Mantenimiento,20260826-XRD90U-021-B
474,20260827,5,16,5,A,2.0,False,Mantenimiento,20260827-XRD90U-021-A
475,20260827,5,16,5,B,0.5,False,Mantenimiento,20260827-XRD90U-021-B
476,20260828,5,16,5,A,0.5,False,Mantenimiento,20260828-XRD90U-021-A
477,20260828,5,16,5,B,0.5,False,Mantenimiento,20260828-XRD90U-021-B
478,20260829,5,16,5,A,0.5,False,Mantenimiento,20260829-XRD90U-021-A
479,20260826,5,13,5,B,0.5,False,Mantenimiento,20260826-LM90U-001-B
480,20260829,5,13,5,B,0.5,False,Mantenimiento,20260829-LM90U-001-B
481,20260830,5,13,5,B,0.5,False,Mantenimiento,20260830-LM90U-001-B
482,20260826,5,17,5,A,0.5,False,Mantenimiento,20260826-XRD90USS-003-A
483,20260826,5,17,5,B,0.5,False,Mantenimiento,20260826-XRD90USS-003-B
484,20260827,5,17,5,A,0.5,False,Mantenimiento,20260827-XRD90USS-003-A
485,20260827,5,17,5,B,0.5,False,Mantenimiento,20260827-XRD90USS-003-B
486,20260828,5,17,5,B,0.5,False,Mantenimiento,20260828-XRD90USS-003-B
487,20260829,5,17,5,A,0.5,False,Mantenimiento,20260829-XRD90USS-003-A
488,20260829,5,17,5,B,0.5,False,Mantenimiento,20260829-XRD90USS-003-B
489,20260830,5,17,5,A,0.5,False,Mantenimiento,20260830-XRD90USS-003-A
490,20260830,5,17,5,B,0.5,False,Mantenimiento,20260830-XRD90USS-003-B
491,20260830,5,15,5,B,0.5,False,Mantenimiento,20260830-XRD150USS-005-B
492,20260826,5,14,5,A,0.5,False,Mantenimiento,20260826-XRD120U-001-A
493,20260826,5,14,5,B,0.5,False,Mantenimiento,20260826-XRD120U-001-B
494,20260827,5,14,5,A,0.5,False,Mantenimiento,20260827-XRD120U-001-A
495,20260827,5,14,5,B,1.0,False,Mantenimiento,20260827-XRD120U-001-B
496,20260828,5,14,5,A,0.5,False,Mantenimiento,20260828-XRD120U-001-A
497,20260829,5,14,5,A,0.5,False,Mantenimiento,20260829-XRD120U-001-A
498,20260829,5,14,5,B,0.5,False,Mantenimiento,20260829-XRD120U-001-B
499,20260830,5,14,5,A,0.5,False,Mantenimiento,20260830-XRD120U-001-A
500,20260826,5,12,5,B,0.5,False,Mantenimiento,20260826-LM110U-001-B
501,20260827,5,12,5,B,0.5,False,Mantenimiento,20260827-LM110U-001-B
502,20260828,5,12,5,B,0.5,False,Mantenimiento,20260828-LM110U-001-B
503,20260829,5,12,5,A,0.5,False,Mantenimiento,20260829-LM110U-001-A
504,20260829,5,12,5,B,0.5,False,Mantenimiento,20260829-LM110U-001-B
505,20260830,5,12,5,B,0.5,False,Mantenimiento,20260830-LM110U-001-B
506,20260826,6,21,5,A,0.5,False,Mantenimiento,20260826-XRD50UFDR-001-A
507,20260826,6,21,5,B,0.5,False,Mantenimiento,20260826-XRD50UFDR-001-B
508,20260827,6,21,5,A,0.5,False,Mantenimiento,20260827-XRD50UFDR-001-A
509,20260827,6,21,5,B,0.5,False,Mantenimiento,20260827-XRD50UFDR-001-B
510,20260828,6,21,5,A,0.5,False,Mantenimiento,20260828-XRD50UFDR-001-A
511,20260828,6,21,5,B,0.5,False,Mantenimiento,20260828-XRD50UFDR-001-B
512,20260829,6,21,5,A,0.5,False,Mantenimiento,20260829-XRD50UFDR-001-A
513,20260829,6,21,5,B,0.5,False,Mantenimiento,20260829-XRD50UFDR-001-B
514,20260830,6,21,5,A,0.5,False,Mantenimiento,20260830-XRD50UFDR-001-A
515,20260830,6,21,5,B,0.5,False,Mantenimiento,20260830-XRD50UFDR-001-B
516,20260826,6,18,5,A,0.5,False,Mantenimiento,20260826-XLM75UFDR-003-A
517,20260826,6,18,5,B,1.0,False,Mantenimiento,20260826-XLM75UFDR-003-B
518,20260827,6,18,5,A,0.5,False,Mantenimiento,20260827-XLM75UFDR-003-A
519,20260827,6,18,5,B,0.5,False,Mantenimiento,20260827-XLM75UFDR-003-B
520,20260828,6,18,5,A,0.5,False,Mantenimiento,20260828-XLM75UFDR-003-A
521,20260828,6,18,5,B,0.5,False,Mantenimiento,20260828-XLM75UFDR-003-B
522,20260829,6,18,5,A,0.5,False,Mantenimiento,20260829-XLM75UFDR-003-A
523,20260829,6,18,5,B,0.5,False,Mantenimiento,20260829-XLM75UFDR-003-B
524,20260830,6,18,5,B,0.5,False,Mantenimiento,20260830-XLM75UFDR-003-B
525,20260826,6,22,5,B,0.5,False,Mantenimiento,20260826-XRD80USS-006-B
526,20260827,6,22,5,B,0.5,False,Mantenimiento,20260827-XRD80USS-006-B
527,20260828,6,22,5,B,0.5,False,Mantenimiento,20260828-XRD80USS-006-B
528,20260829,6,22,5,B,0.5,False,Mantenimiento,20260829-XRD80USS-006-B
529,20260830,6,22,5,B,0.5,False,Mantenimiento,20260830-XRD80USS-006-B
530,20260826,6,19,5,A,2.5,False,Mantenimiento,20260826-XRD125UFDR-002-A
531,20260827,6,19,5,A,0.5,False,Mantenimiento,20260827-XRD125UFDR-002-A
532,20260827,6,19,5,B,0.5,False,Mantenimiento,20260827-XRD125UFDR-002-B
533,20260828,6,19,5,B,0.5,False,Mantenimiento,20260828-XRD125UFDR-002-B
534,20260829,6,19,5,A,0.5,False,Mantenimiento,20260829-XRD125UFDR-002-A
535,20260829,6,19,5,B,0.5,False,Mantenimiento,20260829-XRD125UFDR-002-B
536,20260830,6,19,5,A,0.5,False,Mantenimiento,20260830-XRD125UFDR-002-A
537,20260830,6,19,5,B,0.5,False,Mantenimiento,20260830-XRD125UFDR-002-B
538,20260826,6,20,5,B,0.5,False,Mantenimiento,20260826-XRD150U-008-B
539,20260827,6,20,5,B,1.0,False,Mantenimiento,20260827-XRD150U-008-B
540,20260828,6,20,5,B,0.5,False,Mantenimiento,20260828-XRD150U-008-B
541,20260829,6,20,5,A,0.5,False,Mantenimiento,20260829-XRD150U-008-A
542,20260829,6,20,5,B,0.5,False,Mantenimiento,20260829-XRD150U-008-B
543,20260830,6,20,5,B,0.5,False,Mantenimiento,20260830-XRD150U-008-B
544,20260826,7,23,5,A,0.5,False,Mantenimiento,20260826-XRD80USS-012-A
545,20260826,7,23,5,B,0.5,False,Mantenimiento,20260826-XRD80USS-012-B
546,20260827,7,23,5,A,0.5,False,Mantenimiento,20260827-XRD80USS-012-A
547,20260827,7,23,5,B,0.5,False,Mantenimiento,20260827-XRD80USS-012-B
548,20260828,7,23,5,A,0.5,False,Mantenimiento,20260828-XRD80USS-012-A
549,20260828,7,23,5,B,0.5,False,Mantenimiento,20260828-XRD80USS-012-B
550,20260829,7,23,5,A,0.5,False,Mantenimiento,20260829-XRD80USS-012-A
551,20260829,7,23,5,B,0.5,False,Mantenimiento,20260829-XRD80USS-012-B
552,20260830,7,23,5,A,0.5,False,Mantenimiento,20260830-XRD80USS-012-A
553,20260826,8,27,5,A,0.5,False,Mantenimiento,20260826-XRD80ITH-001-A
554,20260828,8,27,5,A,0.5,False,Mantenimiento,20260828-XRD80ITH-001-A
555,20260828,8,27,5,B,0.5,False,Mantenimiento,20260828-XRD80ITH-001-B
556,20260826,8,24,5,A,1.0,False,Mantenimiento,20260826-XLM75UFDR-002-A
557,20260826,8,24,5,B,1.0,False,Mantenimiento,20260826-XLM75UFDR-002-B
558,20260827,8,24,5,B,1.0,False,Mantenimiento,20260827-XLM75UFDR-002-B
559,20260829,8,24,5,B,1.0,False,Mantenimiento,20260829-XLM75UFDR-002-B
560,20260826,8,25,5,B,0.5,False,Mantenimiento,20260826-XLM75UFDR-004-B
561,20260829,8,25,5,B,0.5,False,Mantenimiento,20260829-XLM75UFDR-004-B
562,20260830,8,25,5,B,0.5,False,Mantenimiento,20260830-XLM75UFDR-004-B
563,20260829,8,26,5,A,0.5,False,Mantenimiento,20260829-XRD150USS-003-A
564,20260830,8,26,5,A,1.0,False,Mantenimiento,20260830-XRD150USS-003-A
565,20260828,9,28,5,B,0.5,False,Mantenimiento,20260828-XRD100ST-001-B
566,20260829,9,28,5,B,0.5,False,Mantenimiento,20260829-XRD100ST-001-B
567,20260830,9,28,5,B,0.5,False,Mantenimiento,20260830-XRD100ST-001-B
568,20260828,10,33,5,A,0.5,False,Mantenimiento,20260828-XRD80USS-008-A
569,20260829,10,33,5,A,0.5,False,Mantenimiento,20260829-XRD80USS-008-A
570,20260829,10,33,5,B,0.5,False,Mantenimiento,20260829-XRD80USS-008-B
571,20260830,10,33,5,B,0.5,False,Mantenimiento,20260830-XRD80USS-008-B
572,20260826,10,35,5,A,0.5,False,Mantenimiento,20260826-XRD90U-016-A
573,20260826,10,35,5,B,0.5,False,Mantenimiento,20260826-XRD90U-016-B
574,20260827,10,35,5,A,0.5,False,Mantenimiento,20260827-XRD90U-016-A
575,20260827,10,35,5,B,0.5,False,Mantenimiento,20260827-XRD90U-016-B
576,20260828,10,35,5,B,0.5,False,Mantenimiento,20260828-XRD90U-016-B
577,20260829,10,35,5,A,0.5,False,Mantenimiento,20260829-XRD90U-016-A
578,20260829,10,35,5,B,0.5,False,Mantenimiento,20260829-XRD90U-016-B
579,20260830,10,35,5,A,0.5,False,Mantenimiento,20260830-XRD90U-016-A
580,20260830,10,35,5,B,0.5,False,Mantenimiento,20260830-XRD90U-016-B
581,20260826,10,30,5,A,0.5,False,Mantenimiento,20260826-XRD150U-003-A
582,20260827,10,30,5,A,0.5,False,Mantenimiento,20260827-XRD150U-003-A
583,20260828,10,30,5,B,0.5,False,Mantenimiento,20260828-XRD150U-003-B
584,20260829,10,30,5,B,0.5,False,Mantenimiento,20260829-XRD150U-003-B
585,20260830,10,30,5,B,0.5,False,Mantenimiento,20260830-XRD150U-003-B
586,20260826,10,29,5,A,1.0,False,Mantenimiento,20260826-XLM75UFDR-001-A
587,20260827,10,29,5,A,0.5,False,Mantenimiento,20260827-XLM75UFDR-001-A
588,20260828,10,29,5,A,1.0,False,Mantenimiento,20260828-XLM75UFDR-001-A
589,20260826,10,31,5,A,0.5,False,Mantenimiento,20260826-XRD150USS-004-A
590,20260826,10,31,5,B,0.5,False,Mantenimiento,20260826-XRD150USS-004-B
591,20260826,10,31,5,B,0.5,False,Mantenimiento,20260826-XRD150USS-004-B
592,20260827,10,31,5,B,0.5,False,Mantenimiento,20260827-XRD150USS-004-B
593,20260828,10,31,5,A,0.5,False,Mantenimiento,20260828-XRD150USS-004-A
594,20260829,10,31,5,A,0.5,False,Mantenimiento,20260829-XRD150USS-004-A
595,20260826,12,40,5,A,0.5,False,Mantenimiento,20260826-XRD90USS-005-A
596,20260827,12,40,5,A,0.5,False,Mantenimiento,20260827-XRD90USS-005-A
597,20260828,12,40,5,A,0.5,False,Mantenimiento,20260828-XRD90USS-005-A
598,20260829,12,40,5,A,0.5,False,Mantenimiento,20260829-XRD90USS-005-A
599,20260830,12,40,5,A,1.0,False,Mantenimiento,20260830-XRD90USS-005-A
600,20260826,12,38,5,B,0.5,False,Mantenimiento,20260826-XRD150USS-002-B
601,20260827,12,38,5,B,0.5,False,Mantenimiento,20260827-XRD150USS-002-B
602,20260828,12,38,5,B,0.5,False,Mantenimiento,20260828-XRD150USS-002-B
603,20260829,12,38,5,B,0.5,False,Mantenimiento,20260829-XRD150USS-002-B
604,20260830,12,38,5,B,0.5,False,Mantenimiento,20260830-XRD150USS-002-B
605,20260826,13,44,5,B,0.5,False,Mantenimiento,20260826-XRD90USS-004-B
606,20260827,13,44,5,A,0.5,False,Mantenimiento,20260827-XRD90USS-004-A
607,20260827,13,44,5,B,0.5,False,Mantenimiento,20260827-XRD90USS-004-B
608,20260828,13,44,5,A,0.5,False,Mantenimiento,20260828-XRD90USS-004-A
609,20260828,13,44,5,B,0.5,False,Mantenimiento,20260828-XRD90USS-004-B
610,20260829,13,44,5,B,0.5,False,Mantenimiento,20260829-XRD90USS-004-B
611,20260830,13,44,5,A,0.5,False,Mantenimiento,20260830-XRD90USS-004-A
612,20260830,13,44,5,B,0.5,False,Mantenimiento,20260830-XRD90USS-004-B
613,20260826,13,43,5,A,0.5,False,Mantenimiento,20260826-XRD90USS-001-A
614,20260827,13,43,5,A,0.5,False,Mantenimiento,20260827-XRD90USS-001-A
615,20260827,13,43,5,B,0.5,False,Mantenimiento,20260827-XRD90USS-001-B
616,20260828,13,43,5,A,0.5,False,Mantenimiento,20260828-XRD90USS-001-A
617,20260829,13,43,5,A,0.5,False,Mantenimiento,20260829-XRD90USS-001-A
618,20260829,13,43,5,B,0.5,False,Mantenimiento,20260829-XRD90USS-001-B
619,20260830,13,43,5,A,3.5,False,Mantenimiento,20260830-XRD90USS-001-A
620,20260830,13,43,5,B,0.5,False,Mantenimiento,20260830-XRD90USS-001-B
621,20260826,13,42,5,A,0.5,False,Mantenimiento,20260826-XRD150UBT-001-A
622,20260826,13,42,5,B,0.5,False,Mantenimiento,20260826-XRD150UBT-001-B
623,20260827,13,42,5,A,0.5,False,Mantenimiento,20260827-XRD150UBT-001-A
624,20260827,13,42,5,B,0.5,False,Mantenimiento,20260827-XRD150UBT-001-B
625,20260828,13,42,5,A,0.5,False,Mantenimiento,20260828-XRD150UBT-001-A
626,20260828,13,42,5,B,0.5,False,Mantenimiento,20260828-XRD150UBT-001-B
627,20260829,13,42,5,A,0.5,False,Mantenimiento,20260829-XRD150UBT-001-A
628,20260829,13,42,5,B,0.5,False,Mantenimiento,20260829-XRD150UBT-001-B
629,20260830,13,42,5,A,0.5,False,Mantenimiento,20260830-XRD150UBT-001-A
630,20260830,13,42,5,B,0.5,False,Mantenimiento,20260830-XRD150UBT-001-B
631,20260826,13,41,5,A,0.5,False,Mantenimiento,20260826-XRD150U-005-A
632,20260826,13,41,5,B,0.5,False,Mantenimiento,20260826-XRD150U-005-B
633,20260827,13,41,5,A,0.5,False,Mantenimiento,20260827-XRD150U-005-A
634,20260827,13,41,5,B,0.5,False,Mantenimiento,20260827-XRD150U-005-B
635,20260828,13,41,5,A,0.5,False,Mantenimiento,20260828-XRD150U-005-A
636,20260828,13,41,5,B,0.5,False,Mantenimiento,20260828-XRD150U-005-B
637,20260829,13,41,5,A,2.0,False,Mantenimiento,20260829-XRD150U-005-A
638,20260829,13,41,5,B,0.5,False,Mantenimiento,20260829-XRD150U-005-B
639,20260830,13,41,5,A,0.5,False,Mantenimiento,20260830-XRD150U-005-A
640,20260830,13,41,5,B,0.5,False,Mantenimiento,20260830-XRD150U-005-B
641,20260826,14,48,5,A,0.5,False,Mantenimiento,20260826-XRD90U-023-A
642,20260827,14,48,5,A,0.5,False,Mantenimiento,20260827-XRD90U-023-A
643,20260830,14,48,5,B,0.5,False,Mantenimiento,20260830-XRD90U-023-B
644,20260826,14,47,5,A,0.5,False,Mantenimiento,20260826-XRD90U-004-A
645,20260826,14,47,5,B,0.5,False,Mantenimiento,20260826-XRD90U-004-B
646,20260827,14,47,5,A,0.5,False,Mantenimiento,20260827-XRD90U-004-A
647,20260828,14,47,5,A,0.5,False,Mantenimiento,20260828-XRD90U-004-A
648,20260826,14,45,5,A,1.0,False,Mantenimiento,20260826-DE710ST-001-A
649,20260826,15,50,5,B,0.5,False,Mantenimiento,20260826-XRD150U-009-B
650,20260829,15,50,5,A,0.5,False,Mantenimiento,20260829-XRD150U-009-A
651,20260830,15,50,5,A,0.5,False,Mantenimiento,20260830-XRD150U-009-A
652,20260830,15,50,5,B,0.5,False,Mantenimiento,20260830-XRD150U-009-B
653,20260826,16,51,5,A,0.5,False,Mantenimiento,20260826-XRD150U-007-A
654,20260826,16,51,5,B,0.5,False,Mantenimiento,20260826-XRD150U-007-B
655,20260827,16,51,5,A,0.5,False,Mantenimiento,20260827-XRD150U-007-A
656,20260827,16,51,5,B,0.5,False,Mantenimiento,20260827-XRD150U-007-B
657,20260828,16,51,5,A,0.5,False,Mantenimiento,20260828-XRD150U-007-A
658,20260829,16,51,5,A,0.5,False,Mantenimiento,20260829-XRD150U-007-A
659,20260830,16,51,5,A,0.5,False,Mantenimiento,20260830-XRD150U-007-A
660,20260830,16,51,5,B,0.5,False,Mantenimiento,20260830-XRD150U-007-B
661,20260826,17,54,5,A,0.5,False,Mantenimiento,20260826-XRD50USS-003-A
662,20260826,17,54,5,B,0.5,False,Mantenimiento,20260826-XRD50USS-003-B
663,20260827,17,54,5,A,0.5,False,Mantenimiento,20260827-XRD50USS-003-A
664,20260827,17,54,5,B,0.5,False,Mantenimiento,20260827-XRD50USS-003-B
665,20260828,17,54,5,A,0.5,False,Mantenimiento,20260828-XRD50USS-003-A
666,20260828,17,54,5,B,0.5,False,Mantenimiento,20260828-XRD50USS-003-B
667,20260829,17,54,5,A,0.5,False,Mantenimiento,20260829-XRD50USS-003-A
668,20260829,17,54,5,B,0.5,False,Mantenimiento,20260829-XRD50USS-003-B
669,20260830,17,54,5,B,0.5,False,Mantenimiento,20260830-XRD50USS-003-B
670,20260826,17,52,5,A,0.5,False,Mantenimiento,20260826-XDR50USS-00T-A
671,20260827,17,52,5,A,1.0,False,Mantenimiento,20260827-XDR50USS-00T-A
672,20260828,17,52,5,A,0.5,False,Mantenimiento,20260828-XDR50USS-00T-A
673,20260828,17,52,5,B,0.5,False,Mantenimiento,20260828-XDR50USS-00T-B
674,20260829,17,52,5,A,0.5,False,Mantenimiento,20260829-XDR50USS-00T-A
675,20260830,17,52,5,A,0.5,False,Mantenimiento,20260830-XDR50USS-00T-A
676,20260826,17,53,5,B,0.5,False,Mantenimiento,20260826-XRD125USS-001-B
677,20260827,17,53,5,B,0.5,False,Mantenimiento,20260827-XRD125USS-001-B
678,20260828,17,53,5,B,0.5,False,Mantenimiento,20260828-XRD125USS-001-B
679,20260829,17,53,5,A,0.5,False,Mantenimiento,20260829-XRD125USS-001-A
680,20260829,17,53,5,B,0.5,False,Mantenimiento,20260829-XRD125USS-001-B
681,20260830,17,53,5,B,0.5,False,Mantenimiento,20260830-XRD125USS-001-B
682,20260826,18,56,5,B,0.5,False,Mantenimiento,20260826-XRD150USS-001-B
683,20260828,18,56,5,A,0.5,False,Mantenimiento,20260828-XRD150USS-001-A
684,20260828,18,56,5,B,0.5,False,Mantenimiento,20260828-XRD150USS-001-B
685,20260830,18,56,5,B,0.5,False,Mantenimiento,20260830-XRD150USS-001-B
686,20260826,18,55,5,A,0.5,False,Mantenimiento,20260826-XRD150U-011-A
687,20260826,18,55,5,B,1.0,False,Mantenimiento,20260826-XRD150U-011-B
688,20260827,18,55,5,A,0.5,False,Mantenimiento,20260827-XRD150U-011-A
689,20260827,18,55,5,B,0.5,False,Mantenimiento,20260827-XRD150U-011-B
690,20260828,18,55,5,B,0.5,False,Mantenimiento,20260828-XRD150U-011-B
691,20260829,18,55,5,B,0.5,False,Mantenimiento,20260829-XRD150U-011-B
692,20260828,1,2,6,A,0.5,False,Mantenimiento,20260828-XRD50USS-001-A
693,20260830,1,2,6,A,0.5,False,Mantenimiento,20260830-XRD50USS-001-A
694,20260829,2,3,6,B,1.5,False,Mantenimiento,20260829-LF90D ST-002-B
695,20260827,3,8,6,B,0.5,False,Mantenimiento,20260827-XRD50U-003-B
696,20260830,3,8,6,A,0.5,False,Mantenimiento,20260830-XRD50U-003-A
697,20260826,3,7,6,A,1.5,False,Mantenimiento,20260826-XRD125UFDR-001-A
698,20260830,3,7,6,A,1.5,False,Mantenimiento,20260830-XRD125UFDR-001-A
699,20260830,3,7,6,B,3.0,False,Mantenimiento,20260830-XRD125UFDR-001-B
700,20260829,4,11,6,A,1.0,False,Mantenimiento,20260829-XRD150U-002-A
701,20260826,5,16,6,A,1.0,False,Mantenimiento,20260826-XRD90U-021-A
702,20260829,5,13,6,A,1.5,False,Mantenimiento,20260829-LM90U-001-A
703,20260829,5,14,6,A,2.0,False,Mantenimiento,20260829-XRD120U-001-A
704,20260829,5,14,6,B,0.5,False,Mantenimiento,20260829-XRD120U-001-B
705,20260827,6,21,6,B,0.5,False,Mantenimiento,20260827-XRD50UFDR-001-B
706,20260826,6,18,6,B,1.0,False,Mantenimiento,20260826-XLM75UFDR-003-B
707,20260830,6,18,6,A,1.5,False,Mantenimiento,20260830-XLM75UFDR-003-A
708,20260830,6,18,6,B,0.5,False,Mantenimiento,20260830-XLM75UFDR-003-B
709,20260830,6,22,6,B,0.5,False,Mantenimiento,20260830-XRD80USS-006-B
710,20260826,6,19,6,A,2.5,False,Mantenimiento,20260826-XRD125UFDR-002-A
711,20260826,6,19,6,B,4.0,False,Mantenimiento,20260826-XRD125UFDR-002-B
712,20260828,6,19,6,A,1.0,False,Mantenimiento,20260828-XRD125UFDR-002-A
713,20260828,6,20,6,A,4.0,False,Mantenimiento,20260828-XRD150U-008-A
714,20260826,7,23,6,A,4.5,False,Mantenimiento,20260826-XRD80USS-012-A
715,20260828,7,23,6,A,7.0,False,Mantenimiento,20260828-XRD80USS-012-A
716,20260830,7,23,6,B,9.0,False,Mantenimiento,20260830-XRD80USS-012-B
717,20260827,8,24,6,A,2.0,False,Mantenimiento,20260827-XLM75UFDR-002-A
718,20260828,8,24,6,A,1.0,False,Mantenimiento,20260828-XLM75UFDR-002-A
719,20260828,8,24,6,B,6.0,False,Mantenimiento,20260828-XLM75UFDR-002-B
720,20260829,8,24,6,A,1.0,False,Mantenimiento,20260829-XLM75UFDR-002-A
721,20260826,8,25,6,A,2.0,False,Mantenimiento,20260826-XLM75UFDR-004-A
722,20260830,8,26,6,B,5.0,False,Mantenimiento,20260830-XRD150USS-003-B
723,20260830,9,28,6,A,4.0,False,Mantenimiento,20260830-XRD100ST-001-A
724,20260830,10,35,6,A,2.0,False,Mantenimiento,20260830-XRD90U-016-A
725,20260829,10,29,6,A,2.0,False,Mantenimiento,20260829-XLM75UFDR-001-A
726,20260829,10,29,6,B,7.0,False,Mantenimiento,20260829-XLM75UFDR-001-B
727,20260830,10,29,6,B,6.0,False,Mantenimiento,20260830-XLM75UFDR-001-B
728,20260827,10,31,6,A,2.5,False,Mantenimiento,20260827-XRD150USS-004-A
729,20260826,11,36,6,B,1.0,False,Mantenimiento,20260826-XRD150U-004-B
730,20260827,11,36,6,B,1.0,False,Mantenimiento,20260827-XRD150U-004-B
731,20260826,12,40,6,A,0.5,False,Mantenimiento,20260826-XRD90USS-005-A
732,20260826,12,40,6,B,2.5,False,Mantenimiento,20260826-XRD90USS-005-B
733,20260826,12,38,6,B,0.5,False,Mantenimiento,20260826-XRD150USS-002-B
734,20260826,13,44,6,A,3.0,False,Mantenimiento,20260826-XRD90USS-004-A
735,20260829,13,44,6,A,1.0,False,Mantenimiento,20260829-XRD90USS-004-A
736,20260828,13,43,6,A,0.5,False,Mantenimiento,20260828-XRD90USS-001-A
737,20260830,13,43,6,A,3.5,False,Mantenimiento,20260830-XRD90USS-001-A
738,20260826,13,42,6,A,1.0,False,Mantenimiento,20260826-XRD150UBT-001-A
739,20260830,14,47,6,B,2.0,False,Mantenimiento,20260830-XRD90U-004-B
740,20260826,14,45,6,B,1.5,False,Mantenimiento,20260826-DE710ST-001-B
741,20260827,14,45,6,A,1.0,False,Mantenimiento,20260827-DE710ST-001-A
742,20260829,16,51,6,B,2.0,False,Mantenimiento,20260829-XRD150U-007-B
743,20260827,17,52,6,A,2.0,False,Mantenimiento,20260827-XDR50USS-00T-A
744,20260827,1,1,7,B,0.5,False,Stand By Operativo,20260827-XRD50U-002-B
745,20260827,1,2,7,B,0.5,False,Stand By Operativo,20260827-XRD50USS-001-B
746,20260828,1,2,7,B,0.5,False,Stand By Operativo,20260828-XRD50USS-001-B
747,20260829,1,2,7,B,0.5,False,Stand By Operativo,20260829-XRD50USS-001-B
748,20260830,1,2,7,A,0.5,False,Stand By Operativo,20260830-XRD50USS-001-A
749,20260830,1,2,7,B,0.5,False,Stand By Operativo,20260830-XRD50USS-001-B
750,20260826,2,3,7,B,1.0,False,Stand By Operativo,20260826-LF90D ST-002-B
751,20260827,2,3,7,A,1.0,False,Stand By Operativo,20260827-LF90D ST-002-A
752,20260827,2,3,7,B,1.0,False,Stand By Operativo,20260827-LF90D ST-002-B
753,20260828,2,3,7,B,1.0,False,Stand By Operativo,20260828-LF90D ST-002-B
754,20260829,2,3,7,A,2.0,False,Stand By Operativo,20260829-LF90D ST-002-A
755,20260829,2,3,7,B,1.0,False,Stand By Operativo,20260829-LF90D ST-002-B
756,20260830,2,3,7,A,1.5,False,Stand By Operativo,20260830-LF90D ST-002-A
757,20260830,2,3,7,B,1.0,False,Stand By Operativo,20260830-LF90D ST-002-B
758,20260827,3,8,7,B,1.0,False,Stand By Operativo,20260827-XRD50U-003-B
759,20260828,3,8,7,B,0.5,False,Stand By Operativo,20260828-XRD50U-003-B
760,20260829,3,8,7,A,1.0,False,Stand By Operativo,20260829-XRD50U-003-A
761,20260829,3,8,7,B,0.5,False,Stand By Operativo,20260829-XRD50U-003-B
762,20260830,3,8,7,B,1.0,False,Stand By Operativo,20260830-XRD50U-003-B
763,20260826,3,9,7,B,0.5,False,Stand By Operativo,20260826-XRD50USS-004-B
764,20260827,3,9,7,A,0.5,False,Stand By Operativo,20260827-XRD50USS-004-A
765,20260828,3,9,7,A,0.5,False,Stand By Operativo,20260828-XRD50USS-004-A
766,20260829,3,9,7,A,0.5,False,Stand By Operativo,20260829-XRD50USS-004-A
767,20260830,3,9,7,A,0.5,False,Stand By Operativo,20260830-XRD50USS-004-A
768,20260826,3,10,7,B,0.5,False,Stand By Operativo,20260826-XRD90U-005-B
769,20260826,3,7,7,B,1.0,False,Stand By Operativo,20260826-XRD125UFDR-001-B
770,20260827,3,7,7,A,1.0,False,Stand By Operativo,20260827-XRD125UFDR-001-A
771,20260827,3,7,7,B,1.0,False,Stand By Operativo,20260827-XRD125UFDR-001-B
772,20260828,3,7,7,A,0.5,False,Stand By Operativo,20260828-XRD125UFDR-001-A
773,20260828,3,7,7,B,1.0,False,Stand By Operativo,20260828-XRD125UFDR-001-B
774,20260829,3,7,7,A,0.5,False,Stand By Operativo,20260829-XRD125UFDR-001-A
775,20260829,3,7,7,B,1.0,False,Stand By Operativo,20260829-XRD125UFDR-001-B
776,20260830,3,7,7,A,0.5,False,Stand By Operativo,20260830-XRD125UFDR-001-A
777,20260827,4,11,7,A,0.5,False,Stand By Operativo,20260827-XRD150U-002-A
778,20260827,4,11,7,B,1.0,False,Stand By Operativo,20260827-XRD150U-002-B
779,20260828,4,11,7,A,0.5,False,Stand By Operativo,20260828-XRD150U-002-A
780,20260830,4,11,7,B,1.0,False,Stand By Operativo,20260830-XRD150U-002-B
781,20260826,5,16,7,B,0.5,False,Stand By Operativo,20260826-XRD90U-021-B
782,20260827,5,16,7,B,0.5,False,Stand By Operativo,20260827-XRD90U-021-B
783,20260828,5,16,7,B,0.5,False,Stand By Operativo,20260828-XRD90U-021-B
784,20260826,5,13,7,B,0.5,False,Stand By Operativo,20260826-LM90U-001-B
785,20260828,5,13,7,A,0.5,False,Stand By Operativo,20260828-LM90U-001-A
786,20260828,5,13,7,B,0.5,False,Stand By Operativo,20260828-LM90U-001-B
787,20260829,5,13,7,A,0.5,False,Stand By Operativo,20260829-LM90U-001-A
788,20260829,5,13,7,B,0.5,False,Stand By Operativo,20260829-LM90U-001-B
789,20260826,5,17,7,A,0.5,False,Stand By Operativo,20260826-XRD90USS-003-A
790,20260826,5,17,7,B,0.5,False,Stand By Operativo,20260826-XRD90USS-003-B
791,20260827,5,17,7,A,1.0,False,Stand By Operativo,20260827-XRD90USS-003-A
792,20260827,5,17,7,B,0.5,False,Stand By Operativo,20260827-XRD90USS-003-B
793,20260829,5,17,7,A,0.5,False,Stand By Operativo,20260829-XRD90USS-003-A
794,20260829,5,17,7,B,0.5,False,Stand By Operativo,20260829-XRD90USS-003-B
795,20260830,5,17,7,A,0.5,False,Stand By Operativo,20260830-XRD90USS-003-A
796,20260830,5,17,7,B,0.5,False,Stand By Operativo,20260830-XRD90USS-003-B
797,20260827,5,14,7,A,1.0,False,Stand By Operativo,20260827-XRD120U-001-A
798,20260828,5,14,7,A,1.0,False,Stand By Operativo,20260828-XRD120U-001-A
799,20260828,5,14,7,B,1.0,False,Stand By Operativo,20260828-XRD120U-001-B
800,20260829,5,14,7,A,0.5,False,Stand By Operativo,20260829-XRD120U-001-A
801,20260829,5,14,7,B,0.5,False,Stand By Operativo,20260829-XRD120U-001-B
802,20260830,5,14,7,A,0.5,False,Stand By Operativo,20260830-XRD120U-001-A
803,20260830,5,14,7,B,0.5,False,Stand By Operativo,20260830-XRD120U-001-B
804,20260826,5,12,7,A,0.5,False,Stand By Operativo,20260826-LM110U-001-A
805,20260826,5,12,7,B,0.5,False,Stand By Operativo,20260826-LM110U-001-B
806,20260827,5,12,7,A,0.5,False,Stand By Operativo,20260827-LM110U-001-A
807,20260827,5,12,7,B,0.5,False,Stand By Operativo,20260827-LM110U-001-B
808,20260829,5,12,7,B,0.5,False,Stand By Operativo,20260829-LM110U-001-B
809,20260830,5,12,7,B,0.5,False,Stand By Operativo,20260830-LM110U-001-B
810,20260826,6,21,7,A,0.5,False,Stand By Operativo,20260826-XRD50UFDR-001-A
811,20260826,6,21,7,B,0.5,False,Stand By Operativo,20260826-XRD50UFDR-001-B
812,20260827,6,21,7,B,0.5,False,Stand By Operativo,20260827-XRD50UFDR-001-B
813,20260828,6,21,7,B,0.5,False,Stand By Operativo,20260828-XRD50UFDR-001-B
814,20260829,6,21,7,B,0.5,False,Stand By Operativo,20260829-XRD50UFDR-001-B
815,20260830,6,21,7,B,0.5,False,Stand By Operativo,20260830-XRD50UFDR-001-B
816,20260827,6,18,7,A,0.5,False,Stand By Operativo,20260827-XLM75UFDR-003-A
817,20260827,6,18,7,B,0.5,False,Stand By Operativo,20260827-XLM75UFDR-003-B
818,20260828,6,18,7,A,1.0,False,Stand By Operativo,20260828-XLM75UFDR-003-A
819,20260828,6,18,7,B,0.5,False,Stand By Operativo,20260828-XLM75UFDR-003-B
820,20260829,6,18,7,A,1.0,False,Stand By Operativo,20260829-XLM75UFDR-003-A
821,20260829,6,18,7,B,0.5,False,Stand By Operativo,20260829-XLM75UFDR-003-B
822,20260830,6,18,7,B,0.5,False,Stand By Operativo,20260830-XLM75UFDR-003-B
823,20260827,6,22,7,A,1.0,False,Stand By Operativo,20260827-XRD80USS-006-A
824,20260827,6,22,7,B,1.0,False,Stand By Operativo,20260827-XRD80USS-006-B
825,20260828,6,22,7,A,1.5,False,Stand By Operativo,20260828-XRD80USS-006-A
826,20260828,6,22,7,B,1.5,False,Stand By Operativo,20260828-XRD80USS-006-B
827,20260829,6,22,7,A,1.5,False,Stand By Operativo,20260829-XRD80USS-006-A
828,20260829,6,22,7,B,1.0,False,Stand By Operativo,20260829-XRD80USS-006-B
829,20260830,6,22,7,A,0.5,False,Stand By Operativo,20260830-XRD80USS-006-A
830,20260830,6,22,7,B,1.0,False,Stand By Operativo,20260830-XRD80USS-006-B
831,20260826,6,19,7,B,0.5,False,Stand By Operativo,20260826-XRD125UFDR-002-B
832,20260827,6,19,7,B,0.5,False,Stand By Operativo,20260827-XRD125UFDR-002-B
833,20260828,6,19,7,A,0.5,False,Stand By Operativo,20260828-XRD125UFDR-002-A
834,20260828,6,19,7,B,0.5,False,Stand By Operativo,20260828-XRD125UFDR-002-B
835,20260829,6,19,7,A,0.5,False,Stand By Operativo,20260829-XRD125UFDR-002-A
836,20260829,6,19,7,B,0.5,False,Stand By Operativo,20260829-XRD125UFDR-002-B
837,20260830,6,19,7,A,0.5,False,Stand By Operativo,20260830-XRD125UFDR-002-A
838,20260826,6,20,7,B,0.5,False,Stand By Operativo,20260826-XRD150U-008-B
839,20260827,6,20,7,B,0.5,False,Stand By Operativo,20260827-XRD150U-008-B
840,20260828,6,20,7,B,0.5,False,Stand By Operativo,20260828-XRD150U-008-B
841,20260829,6,20,7,B,0.5,False,Stand By Operativo,20260829-XRD150U-008-B
842,20260826,7,23,7,A,0.5,False,Stand By Operativo,20260826-XRD80USS-012-A
843,20260827,7,23,7,A,0.5,False,Stand By Operativo,20260827-XRD80USS-012-A
844,20260827,7,23,7,B,0.5,False,Stand By Operativo,20260827-XRD80USS-012-B
845,20260828,7,23,7,B,0.5,False,Stand By Operativo,20260828-XRD80USS-012-B
846,20260829,7,23,7,A,0.5,False,Stand By Operativo,20260829-XRD80USS-012-A
847,20260829,7,23,7,B,0.5,False,Stand By Operativo,20260829-XRD80USS-012-B
848,20260830,7,23,7,A,0.5,False,Stand By Operativo,20260830-XRD80USS-012-A
849,20260826,8,24,7,B,0.5,False,Stand By Operativo,20260826-XLM75UFDR-002-B
850,20260827,8,24,7,A,0.5,False,Stand By Operativo,20260827-XLM75UFDR-002-A
851,20260827,8,24,7,B,0.5,False,Stand By Operativo,20260827-XLM75UFDR-002-B
852,20260828,8,24,7,A,0.5,False,Stand By Operativo,20260828-XLM75UFDR-002-A
853,20260829,8,24,7,A,0.5,False,Stand By Operativo,20260829-XLM75UFDR-002-A
854,20260830,8,24,7,A,0.5,False,Stand By Operativo,20260830-XLM75UFDR-002-A
855,20260826,8,25,7,A,0.5,False,Stand By Operativo,20260826-XLM75UFDR-004-A
856,20260828,8,25,7,A,0.5,False,Stand By Operativo,20260828-XLM75UFDR-004-A
857,20260828,8,25,7,B,0.5,False,Stand By Operativo,20260828-XLM75UFDR-004-B
858,20260829,8,25,7,A,0.5,False,Stand By Operativo,20260829-XLM75UFDR-004-A
859,20260829,8,25,7,B,0.5,False,Stand By Operativo,20260829-XLM75UFDR-004-B
860,20260830,8,25,7,A,0.5,False,Stand By Operativo,20260830-XLM75UFDR-004-A
861,20260830,8,25,7,B,0.5,False,Stand By Operativo,20260830-XLM75UFDR-004-B
862,20260827,8,26,7,B,0.5,False,Stand By Operativo,20260827-XRD150USS-003-B
863,20260828,8,26,7,B,0.5,False,Stand By Operativo,20260828-XRD150USS-003-B
864,20260829,8,26,7,A,0.5,False,Stand By Operativo,20260829-XRD150USS-003-A
865,20260829,8,26,7,B,0.5,False,Stand By Operativo,20260829-XRD150USS-003-B
866,20260830,8,26,7,B,0.5,False,Stand By Operativo,20260830-XRD150USS-003-B
867,20260830,9,28,7,B,0.5,False,Stand By Operativo,20260830-XRD100ST-001-B
868,20260826,10,35,7,B,1.0,False,Stand By Operativo,20260826-XRD90U-016-B
869,20260827,10,35,7,B,1.0,False,Stand By Operativo,20260827-XRD90U-016-B
870,20260829,10,35,7,A,0.5,False,Stand By Operativo,20260829-XRD90U-016-A
871,20260829,10,35,7,B,0.5,False,Stand By Operativo,20260829-XRD90U-016-B
872,20260830,10,35,7,B,0.5,False,Stand By Operativo,20260830-XRD90U-016-B
873,20260826,10,30,7,A,0.5,False,Stand By Operativo,20260826-XRD150U-003-A
874,20260827,10,30,7,A,0.5,False,Stand By Operativo,20260827-XRD150U-003-A
875,20260828,10,30,7,B,1.0,False,Stand By Operativo,20260828-XRD150U-003-B
876,20260829,10,30,7,B,0.5,False,Stand By Operativo,20260829-XRD150U-003-B
877,20260830,10,30,7,B,0.5,False,Stand By Operativo,20260830-XRD150U-003-B
878,20260828,10,29,7,B,1.0,False,Stand By Operativo,20260828-XLM75UFDR-001-B
879,20260826,10,34,7,A,2.0,False,Stand By Operativo,20260826-XRD90U-012-A
880,20260826,10,34,7,B,1.0,False,Stand By Operativo,20260826-XRD90U-012-B
881,20260827,10,34,7,A,1.0,False,Stand By Operativo,20260827-XRD90U-012-A
882,20260828,11,36,7,B,0.5,False,Stand By Operativo,20260828-XRD150U-004-B
883,20260828,12,40,7,A,0.5,False,Stand By Operativo,20260828-XRD90USS-005-A
884,20260826,12,38,7,B,0.5,False,Stand By Operativo,20260826-XRD150USS-002-B
885,20260827,12,38,7,B,0.5,False,Stand By Operativo,20260827-XRD150USS-002-B
886,20260828,12,38,7,B,1.0,False,Stand By Operativo,20260828-XRD150USS-002-B
887,20260829,12,38,7,B,1.0,False,Stand By Operativo,20260829-XRD150USS-002-B
888,20260830,12,38,7,B,1.0,False,Stand By Operativo,20260830-XRD150USS-002-B
889,20260829,13,44,7,B,0.5,False,Stand By Operativo,20260829-XRD90USS-004-B
890,20260828,13,43,7,A,0.5,False,Stand By Operativo,20260828-XRD90USS-001-A
891,20260830,13,43,7,B,0.5,False,Stand By Operativo,20260830-XRD90USS-001-B
892,20260828,13,42,7,B,0.5,False,Stand By Operativo,20260828-XRD150UBT-001-B
893,20260829,13,42,7,B,0.5,False,Stand By Operativo,20260829-XRD150UBT-001-B
894,20260830,13,42,7,B,0.5,False,Stand By Operativo,20260830-XRD150UBT-001-B
895,20260826,13,41,7,A,0.5,False,Stand By Operativo,20260826-XRD150U-005-A
896,20260826,13,41,7,B,1.0,False,Stand By Operativo,20260826-XRD150U-005-B
897,20260827,13,41,7,A,0.5,False,Stand By Operativo,20260827-XRD150U-005-A
898,20260827,13,41,7,B,2.0,False,Stand By Operativo,20260827-XRD150U-005-B
899,20260828,13,41,7,A,0.5,False,Stand By Operativo,20260828-XRD150U-005-A
900,20260828,13,41,7,B,1.0,False,Stand By Operativo,20260828-XRD150U-005-B
901,20260829,13,41,7,A,0.5,False,Stand By Operativo,20260829-XRD150U-005-A
902,20260829,13,41,7,B,1.0,False,Stand By Operativo,20260829-XRD150U-005-B
903,20260830,13,41,7,A,0.5,False,Stand By Operativo,20260830-XRD150U-005-A
904,20260830,13,41,7,B,1.0,False,Stand By Operativo,20260830-XRD150U-005-B
905,20260826,14,47,7,B,0.5,False,Stand By Operativo,20260826-XRD90U-004-B
906,20260827,14,47,7,A,0.5,False,Stand By Operativo,20260827-XRD90U-004-A
907,20260827,14,47,7,B,0.5,False,Stand By Operativo,20260827-XRD90U-004-B
908,20260828,14,47,7,B,0.5,False,Stand By Operativo,20260828-XRD90U-004-B
909,20260830,14,47,7,B,0.5,False,Stand By Operativo,20260830-XRD90U-004-B
910,20260826,14,45,7,B,0.5,False,Stand By Operativo,20260826-DE710ST-001-B
911,20260827,14,45,7,B,1.0,False,Stand By Operativo,20260827-DE710ST-001-B
912,20260828,14,45,7,B,0.5,False,Stand By Operativo,20260828-DE710ST-001-B
913,20260829,14,45,7,A,2.0,False,Stand By Operativo,20260829-DE710ST-001-A
914,20260830,14,45,7,A,2.0,False,Stand By Operativo,20260830-DE710ST-001-A
915,20260826,15,50,7,B,0.5,False,Stand By Operativo,20260826-XRD150U-009-B
916,20260827,15,50,7,B,0.5,False,Stand By Operativo,20260827-XRD150U-009-B
917,20260828,15,50,7,B,0.5,False,Stand By Operativo,20260828-XRD150U-009-B
918,20260829,15,50,7,B,0.5,False,Stand By Operativo,20260829-XRD150U-009-B
919,20260826,16,51,7,B,0.5,False,Stand By Operativo,20260826-XRD150U-007-B
920,20260827,16,51,7,B,0.5,False,Stand By Operativo,20260827-XRD150U-007-B
921,20260826,17,54,7,A,0.5,False,Stand By Operativo,20260826-XRD50USS-003-A
922,20260826,17,54,7,B,0.5,False,Stand By Operativo,20260826-XRD50USS-003-B
923,20260827,17,54,7,A,1.0,False,Stand By Operativo,20260827-XRD50USS-003-A
924,20260827,17,54,7,B,0.5,False,Stand By Operativo,20260827-XRD50USS-003-B
925,20260828,17,54,7,A,1.0,False,Stand By Operativo,20260828-XRD50USS-003-A
926,20260828,17,54,7,B,0.5,False,Stand By Operativo,20260828-XRD50USS-003-B
927,20260829,17,54,7,A,1.0,False,Stand By Operativo,20260829-XRD50USS-003-A
928,20260830,17,54,7,A,1.0,False,Stand By Operativo,20260830-XRD50USS-003-A
929,20260830,17,54,7,B,0.5,False,Stand By Operativo,20260830-XRD50USS-003-B
930,20260826,17,52,7,A,0.5,False,Stand By Operativo,20260826-XDR50USS-00T-A
931,20260826,17,52,7,B,0.5,False,Stand By Operativo,20260826-XDR50USS-00T-B
932,20260827,17,52,7,A,0.5,False,Stand By Operativo,20260827-XDR50USS-00T-A
933,20260827,17,52,7,B,0.5,False,Stand By Operativo,20260827-XDR50USS-00T-B
934,20260828,17,52,7,A,0.5,False,Stand By Operativo,20260828-XDR50USS-00T-A
935,20260828,17,52,7,B,0.5,False,Stand By Operativo,20260828-XDR50USS-00T-B
936,20260829,17,52,7,B,0.5,False,Stand By Operativo,20260829-XDR50USS-00T-B
937,20260830,17,52,7,B,0.5,False,Stand By Operativo,20260830-XDR50USS-00T-B
938,20260828,18,56,7,A,0.5,False,Stand By Operativo,20260828-XRD150USS-001-A
939,20260828,18,56,7,B,0.5,False,Stand By Operativo,20260828-XRD150USS-001-B
940,20260829,18,56,7,A,0.5,False,Stand By Operativo,20260829-XRD150USS-001-A
941,20260829,18,56,7,B,0.5,False,Stand By Operativo,20260829-XRD150USS-001-B
942,20260830,18,56,7,B,0.5,False,Stand By Operativo,20260830-XRD150USS-001-B
943,20260826,18,55,7,A,1.0,False,Stand By Operativo,20260826-XRD150U-011-A
944,20260827,1,1,8,B,0.5,False,Stand By Operativo,20260827-XRD50U-002-B
945,20260827,1,2,8,B,0.5,False,Stand By Operativo,20260827-XRD50USS-001-B
946,20260828,1,2,8,A,0.5,False,Stand By Operativo,20260828-XRD50USS-001-A
947,20260828,1,2,8,B,0.5,False,Stand By Operativo,20260828-XRD50USS-001-B
948,20260829,1,2,8,B,0.5,False,Stand By Operativo,20260829-XRD50USS-001-B
949,20260830,1,2,8,A,0.5,False,Stand By Operativo,20260830-XRD50USS-001-A
950,20260830,1,2,8,B,0.5,False,Stand By Operativo,20260830-XRD50USS-001-B
951,20260826,2,5,8,B,0.5,False,Stand By Operativo,20260826-XRD80USS-010-B
952,20260827,2,5,8,B,0.5,False,Stand By Operativo,20260827-XRD80USS-010-B
953,20260828,2,5,8,A,0.5,False,Stand By Operativo,20260828-XRD80USS-010-A
954,20260829,2,5,8,A,0.5,False,Stand By Operativo,20260829-XRD80USS-010-A
955,20260826,2,3,8,A,0.5,False,Stand By Operativo,20260826-LF90D ST-002-A
956,20260826,2,3,8,B,0.5,False,Stand By Operativo,20260826-LF90D ST-002-B
957,20260827,2,3,8,A,0.5,False,Stand By Operativo,20260827-LF90D ST-002-A
958,20260827,2,3,8,B,0.5,False,Stand By Operativo,20260827-LF90D ST-002-B
959,20260828,2,3,8,B,0.5,False,Stand By Operativo,20260828-LF90D ST-002-B
960,20260829,2,3,8,A,0.5,False,Stand By Operativo,20260829-LF90D ST-002-A
961,20260829,2,3,8,B,0.5,False,Stand By Operativo,20260829-LF90D ST-002-B
962,20260830,2,3,8,A,0.5,False,Stand By Operativo,20260830-LF90D ST-002-A
963,20260830,2,3,8,B,0.5,False,Stand By Operativo,20260830-LF90D ST-002-B
964,20260827,3,8,8,A,0.5,False,Stand By Operativo,20260827-XRD50U-003-A
965,20260827,3,8,8,B,0.5,False,Stand By Operativo,20260827-XRD50U-003-B
966,20260828,3,8,8,A,0.5,False,Stand By Operativo,20260828-XRD50U-003-A
967,20260828,3,8,8,B,0.5,False,Stand By Operativo,20260828-XRD50U-003-B
968,20260829,3,8,8,A,0.5,False,Stand By Operativo,20260829-XRD50U-003-A
969,20260830,3,8,8,A,0.5,False,Stand By Operativo,20260830-XRD50U-003-A
970,20260830,3,8,8,B,0.5,False,Stand By Operativo,20260830-XRD50U-003-B
971,20260826,3,9,8,A,0.5,False,Stand By Operativo,20260826-XRD50USS-004-A
972,20260827,3,9,8,A,0.5,False,Stand By Operativo,20260827-XRD50USS-004-A
973,20260828,3,9,8,A,0.5,False,Stand By Operativo,20260828-XRD50USS-004-A
974,20260829,3,9,8,A,0.5,False,Stand By Operativo,20260829-XRD50USS-004-A
975,20260830,3,9,8,A,0.5,False,Stand By Operativo,20260830-XRD50USS-004-A
976,20260826,3,6,8,A,0.5,False,Stand By Operativo,20260826-XRD100U-001-A
977,20260827,3,6,8,A,0.5,False,Stand By Operativo,20260827-XRD100U-001-A
978,20260830,3,6,8,A,0.5,False,Stand By Operativo,20260830-XRD100U-001-A
979,20260826,3,10,8,A,1.0,False,Stand By Operativo,20260826-XRD90U-005-A
980,20260827,3,10,8,A,0.5,False,Stand By Operativo,20260827-XRD90U-005-A
981,20260830,3,10,8,B,0.5,False,Stand By Operativo,20260830-XRD90U-005-B
982,20260827,3,7,8,A,0.5,False,Stand By Operativo,20260827-XRD125UFDR-001-A
983,20260827,3,7,8,B,0.5,False,Stand By Operativo,20260827-XRD125UFDR-001-B
984,20260828,3,7,8,A,0.5,False,Stand By Operativo,20260828-XRD125UFDR-001-A
985,20260828,3,7,8,B,0.5,False,Stand By Operativo,20260828-XRD125UFDR-001-B
986,20260829,3,7,8,A,0.5,False,Stand By Operativo,20260829-XRD125UFDR-001-A
987,20260829,3,7,8,B,0.5,False,Stand By Operativo,20260829-XRD125UFDR-001-B
988,20260830,3,7,8,A,0.5,False,Stand By Operativo,20260830-XRD125UFDR-001-A
989,20260827,4,11,8,A,0.5,False,Stand By Operativo,20260827-XRD150U-002-A
990,20260828,4,11,8,A,0.5,False,Stand By Operativo,20260828-XRD150U-002-A
991,20260829,4,11,8,A,1.0,False,Stand By Operativo,20260829-XRD150U-002-A
992,20260830,4,11,8,B,0.5,False,Stand By Operativo,20260830-XRD150U-002-B
993,20260826,5,16,8,A,0.5,False,Stand By Operativo,20260826-XRD90U-021-A
994,20260826,5,16,8,B,0.5,False,Stand By Operativo,20260826-XRD90U-021-B
995,20260827,5,16,8,A,0.5,False,Stand By Operativo,20260827-XRD90U-021-A
996,20260828,5,16,8,A,0.5,False,Stand By Operativo,20260828-XRD90U-021-A
997,20260828,5,16,8,B,0.5,False,Stand By Operativo,20260828-XRD90U-021-B
998,20260829,5,16,8,A,0.5,False,Stand By Operativo,20260829-XRD90U-021-A
999,20260829,5,16,8,B,0.5,False,Stand By Operativo,20260829-XRD90U-021-B
1000,20260827,5,13,8,A,0.5,False,Stand By Operativo,20260827-LM90U-001-A
1001,20260827,5,13,8,B,0.5,False,Stand By Operativo,20260827-LM90U-001-B
1002,20260828,5,13,8,A,0.5,False,Stand By Operativo,20260828-LM90U-001-A
1003,20260828,5,13,8,B,0.5,False,Stand By Operativo,20260828-LM90U-001-B
1004,20260829,5,13,8,A,0.5,False,Stand By Operativo,20260829-LM90U-001-A
1005,20260826,5,17,8,A,0.5,False,Stand By Operativo,20260826-XRD90USS-003-A
1006,20260826,5,17,8,B,0.5,False,Stand By Operativo,20260826-XRD90USS-003-B
1007,20260827,5,17,8,B,0.5,False,Stand By Operativo,20260827-XRD90USS-003-B
1008,20260828,5,17,8,B,0.5,False,Stand By Operativo,20260828-XRD90USS-003-B
1009,20260829,5,17,8,A,0.5,False,Stand By Operativo,20260829-XRD90USS-003-A
1010,20260829,5,17,8,B,0.5,False,Stand By Operativo,20260829-XRD90USS-003-B
1011,20260830,5,17,8,A,0.5,False,Stand By Operativo,20260830-XRD90USS-003-A
1012,20260830,5,17,8,B,0.5,False,Stand By Operativo,20260830-XRD90USS-003-B
1013,20260830,5,15,8,B,0.5,False,Stand By Operativo,20260830-XRD150USS-005-B
1014,20260826,5,14,8,A,0.5,False,Stand By Operativo,20260826-XRD120U-001-A
1015,20260828,5,14,8,B,1.0,False,Stand By Operativo,20260828-XRD120U-001-B
1016,20260829,5,14,8,A,0.5,False,Stand By Operativo,20260829-XRD120U-001-A
1017,20260826,5,12,8,A,0.5,False,Stand By Operativo,20260826-LM110U-001-A
1018,20260826,5,12,8,B,0.5,False,Stand By Operativo,20260826-LM110U-001-B
1019,20260827,5,12,8,A,0.5,False,Stand By Operativo,20260827-LM110U-001-A
1020,20260827,5,12,8,B,0.5,False,Stand By Operativo,20260827-LM110U-001-B
1021,20260828,5,12,8,B,0.5,False,Stand By Operativo,20260828-LM110U-001-B
1022,20260829,5,12,8,A,0.5,False,Stand By Operativo,20260829-LM110U-001-A
1023,20260829,5,12,8,B,0.5,False,Stand By Operativo,20260829-LM110U-001-B
1024,20260830,5,12,8,A,0.5,False,Stand By Operativo,20260830-LM110U-001-A
1025,20260826,6,21,8,A,0.5,False,Stand By Operativo,20260826-XRD50UFDR-001-A
1026,20260826,6,21,8,B,0.5,False,Stand By Operativo,20260826-XRD50UFDR-001-B
1027,20260827,6,21,8,B,0.5,False,Stand By Operativo,20260827-XRD50UFDR-001-B
1028,20260828,6,21,8,A,0.5,False,Stand By Operativo,20260828-XRD50UFDR-001-A
1029,20260828,6,21,8,B,0.5,False,Stand By Operativo,20260828-XRD50UFDR-001-B
1030,20260829,6,21,8,A,0.5,False,Stand By Operativo,20260829-XRD50UFDR-001-A
1031,20260829,6,21,8,B,0.5,False,Stand By Operativo,20260829-XRD50UFDR-001-B
1032,20260830,6,21,8,A,0.5,False,Stand By Operativo,20260830-XRD50UFDR-001-A
1033,20260830,6,21,8,B,0.5,False,Stand By Operativo,20260830-XRD50UFDR-001-B
1034,20260826,6,18,8,B,0.5,False,Stand By Operativo,20260826-XLM75UFDR-003-B
1035,20260827,6,18,8,B,0.5,False,Stand By Operativo,20260827-XLM75UFDR-003-B
1036,20260828,6,18,8,B,0.5,False,Stand By Operativo,20260828-XLM75UFDR-003-B
1037,20260829,6,18,8,B,0.5,False,Stand By Operativo,20260829-XLM75UFDR-003-B
1038,20260830,6,18,8,B,0.5,False,Stand By Operativo,20260830-XLM75UFDR-003-B
1039,20260827,6,22,8,B,0.5,False,Stand By Operativo,20260827-XRD80USS-006-B
1040,20260828,6,22,8,B,0.5,False,Stand By Operativo,20260828-XRD80USS-006-B
1041,20260829,6,22,8,B,0.5,False,Stand By Operativo,20260829-XRD80USS-006-B
1042,20260830,6,22,8,B,0.5,False,Stand By Operativo,20260830-XRD80USS-006-B
1043,20260826,6,19,8,B,0.5,False,Stand By Operativo,20260826-XRD125UFDR-002-B
1044,20260827,6,19,8,A,0.5,False,Stand By Operativo,20260827-XRD125UFDR-002-A
1045,20260827,6,19,8,B,0.5,False,Stand By Operativo,20260827-XRD125UFDR-002-B
1046,20260828,6,19,8,A,0.5,False,Stand By Operativo,20260828-XRD125UFDR-002-A
1047,20260828,6,19,8,B,0.5,False,Stand By Operativo,20260828-XRD125UFDR-002-B
1048,20260829,6,19,8,A,0.5,False,Stand By Operativo,20260829-XRD125UFDR-002-A
1049,20260829,6,19,8,B,0.5,False,Stand By Operativo,20260829-XRD125UFDR-002-B
1050,20260830,6,19,8,A,0.5,False,Stand By Operativo,20260830-XRD125UFDR-002-A
1051,20260826,6,20,8,A,1.0,False,Stand By Operativo,20260826-XRD150U-008-A
1052,20260826,6,20,8,B,0.5,False,Stand By Operativo,20260826-XRD150U-008-B
1053,20260827,6,20,8,A,1.0,False,Stand By Operativo,20260827-XRD150U-008-A
1054,20260827,6,20,8,B,0.5,False,Stand By Operativo,20260827-XRD150U-008-B
1055,20260828,6,20,8,B,0.5,False,Stand By Operativo,20260828-XRD150U-008-B
1056,20260829,6,20,8,A,1.0,False,Stand By Operativo,20260829-XRD150U-008-A
1057,20260829,6,20,8,B,0.5,False,Stand By Operativo,20260829-XRD150U-008-B
1058,20260830,6,20,8,A,1.0,False,Stand By Operativo,20260830-XRD150U-008-A
1059,20260826,7,23,8,A,0.5,False,Stand By Operativo,20260826-XRD80USS-012-A
1060,20260827,7,23,8,A,0.5,False,Stand By Operativo,20260827-XRD80USS-012-A
1061,20260827,7,23,8,B,0.5,False,Stand By Operativo,20260827-XRD80USS-012-B
1062,20260828,7,23,8,B,0.5,False,Stand By Operativo,20260828-XRD80USS-012-B
1063,20260829,7,23,8,A,0.5,False,Stand By Operativo,20260829-XRD80USS-012-A
1064,20260829,7,23,8,B,0.5,False,Stand By Operativo,20260829-XRD80USS-012-B
1065,20260830,7,23,8,A,0.5,False,Stand By Operativo,20260830-XRD80USS-012-A
1066,20260826,8,27,8,A,0.5,False,Stand By Operativo,20260826-XRD80ITH-001-A
1067,20260826,8,24,8,A,0.5,False,Stand By Operativo,20260826-XLM75UFDR-002-A
1068,20260826,8,24,8,B,0.5,False,Stand By Operativo,20260826-XLM75UFDR-002-B
1069,20260827,8,24,8,A,0.5,False,Stand By Operativo,20260827-XLM75UFDR-002-A
1070,20260828,8,24,8,A,0.5,False,Stand By Operativo,20260828-XLM75UFDR-002-A
1071,20260829,8,24,8,A,0.5,False,Stand By Operativo,20260829-XLM75UFDR-002-A
1072,20260829,8,24,8,B,0.5,False,Stand By Operativo,20260829-XLM75UFDR-002-B
1073,20260830,8,24,8,B,1.0,False,Stand By Operativo,20260830-XLM75UFDR-002-B
1074,20260826,8,25,8,A,0.5,False,Stand By Operativo,20260826-XLM75UFDR-004-A
1075,20260826,8,25,8,B,0.5,False,Stand By Operativo,20260826-XLM75UFDR-004-B
1076,20260828,8,25,8,A,0.5,False,Stand By Operativo,20260828-XLM75UFDR-004-A
1077,20260829,8,25,8,A,0.5,False,Stand By Operativo,20260829-XLM75UFDR-004-A
1078,20260829,8,25,8,B,0.5,False,Stand By Operativo,20260829-XLM75UFDR-004-B
1079,20260830,8,25,8,A,0.5,False,Stand By Operativo,20260830-XLM75UFDR-004-A
1080,20260830,8,25,8,B,0.5,False,Stand By Operativo,20260830-XLM75UFDR-004-B
1081,20260827,8,26,8,B,0.5,False,Stand By Operativo,20260827-XRD150USS-003-B
1082,20260828,8,26,8,B,0.5,False,Stand By Operativo,20260828-XRD150USS-003-B
1083,20260829,8,26,8,A,0.5,False,Stand By Operativo,20260829-XRD150USS-003-A
1084,20260829,8,26,8,B,0.5,False,Stand By Operativo,20260829-XRD150USS-003-B
1085,20260830,8,26,8,A,1.0,False,Stand By Operativo,20260830-XRD150USS-003-A
1086,20260830,8,26,8,B,0.5,False,Stand By Operativo,20260830-XRD150USS-003-B
1087,20260830,9,28,8,B,0.5,False,Stand By Operativo,20260830-XRD100ST-001-B
1088,20260826,10,35,8,A,0.5,False,Stand By Operativo,20260826-XRD90U-016-A
1089,20260826,10,35,8,B,0.5,False,Stand By Operativo,20260826-XRD90U-016-B
1090,20260827,10,35,8,A,1.0,False,Stand By Operativo,20260827-XRD90U-016-A
1091,20260826,10,30,8,A,0.5,False,Stand By Operativo,20260826-XRD150U-003-A
1092,20260827,10,30,8,A,0.5,False,Stand By Operativo,20260827-XRD150U-003-A
1093,20260829,10,30,8,B,0.5,False,Stand By Operativo,20260829-XRD150U-003-B
1094,20260830,10,30,8,B,0.5,False,Stand By Operativo,20260830-XRD150U-003-B
1095,20260826,10,29,8,A,0.5,False,Stand By Operativo,20260826-XLM75UFDR-001-A
1096,20260826,11,36,8,B,1.0,False,Stand By Operativo,20260826-XRD150U-004-B
1097,20260826,12,38,8,B,0.5,False,Stand By Operativo,20260826-XRD150USS-002-B
1098,20260827,12,38,8,B,0.5,False,Stand By Operativo,20260827-XRD150USS-002-B
1099,20260828,12,38,8,B,0.5,False,Stand By Operativo,20260828-XRD150USS-002-B
1100,20260829,12,38,8,B,0.5,False,Stand By Operativo,20260829-XRD150USS-002-B
1101,20260830,12,38,8,B,0.5,False,Stand By Operativo,20260830-XRD150USS-002-B
1102,20260826,13,44,8,A,0.5,False,Stand By Operativo,20260826-XRD90USS-004-A
1103,20260826,13,44,8,B,0.5,False,Stand By Operativo,20260826-XRD90USS-004-B
1104,20260827,13,44,8,A,0.5,False,Stand By Operativo,20260827-XRD90USS-004-A
1105,20260827,13,44,8,B,0.5,False,Stand By Operativo,20260827-XRD90USS-004-B
1106,20260828,13,44,8,A,0.5,False,Stand By Operativo,20260828-XRD90USS-004-A
1107,20260829,13,44,8,A,0.5,False,Stand By Operativo,20260829-XRD90USS-004-A
1108,20260829,13,44,8,B,0.5,False,Stand By Operativo,20260829-XRD90USS-004-B
1109,20260826,13,43,8,A,0.5,False,Stand By Operativo,20260826-XRD90USS-001-A
1110,20260827,13,43,8,A,0.5,False,Stand By Operativo,20260827-XRD90USS-001-A
1111,20260827,13,43,8,B,0.5,False,Stand By Operativo,20260827-XRD90USS-001-B
1112,20260829,13,43,8,B,0.5,False,Stand By Operativo,20260829-XRD90USS-001-B
1113,20260830,13,43,8,B,1.0,False,Stand By Operativo,20260830-XRD90USS-001-B
1114,20260827,13,42,8,B,0.5,False,Stand By Operativo,20260827-XRD150UBT-001-B
1115,20260828,13,42,8,A,0.5,False,Stand By Operativo,20260828-XRD150UBT-001-A
1116,20260828,13,42,8,B,0.5,False,Stand By Operativo,20260828-XRD150UBT-001-B
1117,20260829,13,42,8,B,1.0,False,Stand By Operativo,20260829-XRD150UBT-001-B
1118,20260830,13,42,8,A,0.5,False,Stand By Operativo,20260830-XRD150UBT-001-A
1119,20260830,13,42,8,B,1.0,False,Stand By Operativo,20260830-XRD150UBT-001-B
1120,20260826,13,41,8,A,0.5,False,Stand By Operativo,20260826-XRD150U-005-A
1121,20260826,13,41,8,B,0.5,False,Stand By Operativo,20260826-XRD150U-005-B
1122,20260827,13,41,8,A,0.5,False,Stand By Operativo,20260827-XRD150U-005-A
1123,20260827,13,41,8,B,0.5,False,Stand By Operativo,20260827-XRD150U-005-B
1124,20260828,13,41,8,A,0.5,False,Stand By Operativo,20260828-XRD150U-005-A
1125,20260828,13,41,8,B,0.5,False,Stand By Operativo,20260828-XRD150U-005-B
1126,20260829,13,41,8,A,0.5,False,Stand By Operativo,20260829-XRD150U-005-A
1127,20260829,13,41,8,B,0.5,False,Stand By Operativo,20260829-XRD150U-005-B
1128,20260830,13,41,8,A,0.5,False,Stand By Operativo,20260830-XRD150U-005-A
1129,20260830,13,41,8,B,0.5,False,Stand By Operativo,20260830-XRD150U-005-B
1130,20260826,14,48,8,A,1.0,False,Stand By Operativo,20260826-XRD90U-023-A
1131,20260826,14,48,8,B,0.5,False,Stand By Operativo,20260826-XRD90U-023-B
1132,20260827,14,48,8,A,0.5,False,Stand By Operativo,20260827-XRD90U-023-A
1133,20260828,14,48,8,B,0.5,False,Stand By Operativo,20260828-XRD90U-023-B
1134,20260830,14,48,8,B,0.5,False,Stand By Operativo,20260830-XRD90U-023-B
1135,20260826,14,47,8,A,0.5,False,Stand By Operativo,20260826-XRD90U-004-A
1136,20260826,14,47,8,B,0.5,False,Stand By Operativo,20260826-XRD90U-004-B
1137,20260827,14,47,8,A,1.0,False,Stand By Operativo,20260827-XRD90U-004-A
1138,20260828,14,47,8,A,0.5,False,Stand By Operativo,20260828-XRD90U-004-A
1139,20260828,14,47,8,B,0.5,False,Stand By Operativo,20260828-XRD90U-004-B
1140,20260830,14,47,8,B,0.5,False,Stand By Operativo,20260830-XRD90U-004-B
1141,20260826,14,45,8,A,0.5,False,Stand By Operativo,20260826-DE710ST-001-A
1142,20260826,14,45,8,B,0.5,False,Stand By Operativo,20260826-DE710ST-001-B
1143,20260828,14,45,8,A,0.5,False,Stand By Operativo,20260828-DE710ST-001-A
1144,20260828,14,45,8,B,1.0,False,Stand By Operativo,20260828-DE710ST-001-B
1145,20260829,14,45,8,B,0.5,False,Stand By Operativo,20260829-DE710ST-001-B
1146,20260826,15,50,8,A,1.0,False,Stand By Operativo,20260826-XRD150U-009-A
1147,20260829,15,50,8,A,0.5,False,Stand By Operativo,20260829-XRD150U-009-A
1148,20260826,16,51,8,A,0.5,False,Stand By Operativo,20260826-XRD150U-007-A
1149,20260826,16,51,8,B,0.5,False,Stand By Operativo,20260826-XRD150U-007-B
1150,20260827,16,51,8,B,0.5,False,Stand By Operativo,20260827-XRD150U-007-B
1151,20260828,16,51,8,A,0.5,False,Stand By Operativo,20260828-XRD150U-007-A
1152,20260826,17,54,8,A,0.5,False,Stand By Operativo,20260826-XRD50USS-003-A
1153,20260826,17,54,8,B,0.5,False,Stand By Operativo,20260826-XRD50USS-003-B
1154,20260827,17,54,8,A,1.0,False,Stand By Operativo,20260827-XRD50USS-003-A
1155,20260827,17,54,8,B,0.5,False,Stand By Operativo,20260827-XRD50USS-003-B
1156,20260828,17,54,8,A,1.0,False,Stand By Operativo,20260828-XRD50USS-003-A
1157,20260828,17,54,8,B,0.5,False,Stand By Operativo,20260828-XRD50USS-003-B
1158,20260829,17,54,8,A,1.0,False,Stand By Operativo,20260829-XRD50USS-003-A
1159,20260830,17,54,8,A,1.0,False,Stand By Operativo,20260830-XRD50USS-003-A
1160,20260830,17,54,8,B,0.5,False,Stand By Operativo,20260830-XRD50USS-003-B
1161,20260826,17,52,8,B,0.5,False,Stand By Operativo,20260826-XDR50USS-00T-B
1162,20260827,17,52,8,B,0.5,False,Stand By Operativo,20260827-XDR50USS-00T-B
1163,20260828,17,52,8,A,0.5,False,Stand By Operativo,20260828-XDR50USS-00T-A
1164,20260828,17,52,8,B,0.5,False,Stand By Operativo,20260828-XDR50USS-00T-B
1165,20260829,17,52,8,B,0.5,False,Stand By Operativo,20260829-XDR50USS-00T-B
1166,20260830,17,52,8,B,0.5,False,Stand By Operativo,20260830-XDR50USS-00T-B
1167,20260826,18,56,8,B,0.5,False,Stand By Operativo,20260826-XRD150USS-001-B
1168,20260828,18,56,8,A,0.5,False,Stand By Operativo,20260828-XRD150USS-001-A
1169,20260828,18,56,8,B,0.5,False,Stand By Operativo,20260828-XRD150USS-001-B
1170,20260829,18,56,8,B,0.5,False,Stand By Operativo,20260829-XRD150USS-001-B
1171,20260830,18,56,8,B,0.5,False,Stand By Operativo,20260830-XRD150USS-001-B
1172,20260826,1,1,9,A,1.0,False,Stand By Operativo,20260826-XRD50U-002-A
1173,20260827,1,1,9,B,1.0,False,Stand By Operativo,20260827-XRD50U-002-B
1174,20260829,1,1,9,B,1.0,False,Stand By Operativo,20260829-XRD50U-002-B
1175,20260830,1,1,9,A,1.0,False,Stand By Operativo,20260830-XRD50U-002-A
1176,20260826,1,2,9,B,3.0,False,Stand By Operativo,20260826-XRD50USS-001-B
1177,20260828,1,2,9,A,0.5,False,Stand By Operativo,20260828-XRD50USS-001-A
1178,20260829,1,2,9,A,1.0,False,Stand By Operativo,20260829-XRD50USS-001-A
1179,20260826,2,5,9,B,0.5,False,Stand By Operativo,20260826-XRD80USS-010-B
1180,20260829,2,5,9,B,1.5,False,Stand By Operativo,20260829-XRD80USS-010-B
1181,20260830,2,4,9,B,1.5,False,Stand By Operativo,20260830-XRD150U-001-B
1182,20260827,2,3,9,A,1.5,False,Stand By Operativo,20260827-LF90D ST-002-A
1183,20260827,2,3,9,B,2.5,False,Stand By Operativo,20260827-LF90D ST-002-B
1184,20260827,3,8,9,B,0.5,False,Stand By Operativo,20260827-XRD50U-003-B
1185,20260828,3,8,9,B,1.0,False,Stand By Operativo,20260828-XRD50U-003-B
1186,20260829,3,8,9,A,1.5,False,Stand By Operativo,20260829-XRD50U-003-A
1187,20260829,3,8,9,B,1.0,False,Stand By Operativo,20260829-XRD50U-003-B
1188,20260830,3,8,9,B,0.5,False,Stand By Operativo,20260830-XRD50U-003-B
1189,20260826,3,9,9,A,1.0,False,Stand By Operativo,20260826-XRD50USS-004-A
1190,20260827,3,9,9,A,1.0,False,Stand By Operativo,20260827-XRD50USS-004-A
1191,20260828,3,9,9,A,1.0,False,Stand By Operativo,20260828-XRD50USS-004-A
1192,20260829,3,9,9,A,1.0,False,Stand By Operativo,20260829-XRD50USS-004-A
1193,20260830,3,9,9,A,2.0,False,Stand By Operativo,20260830-XRD50USS-004-A
1194,20260826,3,6,9,A,0.5,False,Stand By Operativo,20260826-XRD100U-001-A
1195,20260827,3,6,9,B,1.0,False,Stand By Operativo,20260827-XRD100U-001-B
1196,20260830,3,6,9,A,0.5,False,Stand By Operativo,20260830-XRD100U-001-A
1197,20260826,3,10,9,B,1.0,False,Stand By Operativo,20260826-XRD90U-005-B
1198,20260827,3,10,9,A,0.5,False,Stand By Operativo,20260827-XRD90U-005-A
1199,20260827,3,10,9,B,1.5,False,Stand By Operativo,20260827-XRD90U-005-B
1200,20260826,3,7,9,B,1.0,False,Stand By Operativo,20260826-XRD125UFDR-001-B
1201,20260827,3,7,9,B,0.5,False,Stand By Operativo,20260827-XRD125UFDR-001-B
1202,20260828,3,7,9,B,0.5,False,Stand By Operativo,20260828-XRD125UFDR-001-B
1203,20260829,3,7,9,B,0.5,False,Stand By Operativo,20260829-XRD125UFDR-001-B
1204,20260830,3,7,9,B,1.0,False,Stand By Operativo,20260830-XRD125UFDR-001-B
1205,20260827,4,11,9,A,0.5,False,Stand By Operativo,20260827-XRD150U-002-A
1206,20260827,4,11,9,B,0.5,False,Stand By Operativo,20260827-XRD150U-002-B
1207,20260828,4,11,9,A,0.5,False,Stand By Operativo,20260828-XRD150U-002-A
1208,20260829,4,11,9,A,0.5,False,Stand By Operativo,20260829-XRD150U-002-A
1209,20260830,4,11,9,B,0.5,False,Stand By Operativo,20260830-XRD150U-002-B
1210,20260826,5,16,9,B,0.5,False,Stand By Operativo,20260826-XRD90U-021-B
1211,20260827,5,16,9,B,2.0,False,Stand By Operativo,20260827-XRD90U-021-B
1212,20260828,5,16,9,B,1.0,False,Stand By Operativo,20260828-XRD90U-021-B
1213,20260829,5,16,9,A,1.0,False,Stand By Operativo,20260829-XRD90U-021-A
1214,20260830,5,13,9,A,1.0,False,Stand By Operativo,20260830-LM90U-001-A
1215,20260828,5,17,9,A,1.0,False,Stand By Operativo,20260828-XRD90USS-003-A
1216,20260827,5,14,9,B,1.5,False,Stand By Operativo,20260827-XRD120U-001-B
1217,20260828,5,14,9,A,1.5,False,Stand By Operativo,20260828-XRD120U-001-A
1218,20260830,5,14,9,A,3.5,False,Stand By Operativo,20260830-XRD120U-001-A
1219,20260830,5,14,9,B,1.0,False,Stand By Operativo,20260830-XRD120U-001-B
1220,20260826,5,12,9,B,1.0,False,Stand By Operativo,20260826-LM110U-001-B
1221,20260827,5,12,9,A,0.5,False,Stand By Operativo,20260827-LM110U-001-A
1222,20260828,5,12,9,A,1.0,False,Stand By Operativo,20260828-LM110U-001-A
1223,20260826,6,21,9,B,2.0,False,Stand By Operativo,20260826-XRD50UFDR-001-B
1224,20260827,6,21,9,A,1.0,False,Stand By Operativo,20260827-XRD50UFDR-001-A
1225,20260827,6,21,9,B,0.5,False,Stand By Operativo,20260827-XRD50UFDR-001-B
1226,20260828,6,21,9,B,1.0,False,Stand By Operativo,20260828-XRD50UFDR-001-B
1227,20260829,6,21,9,A,1.0,False,Stand By Operativo,20260829-XRD50UFDR-001-A
1228,20260829,6,21,9,B,1.0,False,Stand By Operativo,20260829-XRD50UFDR-001-B
1229,20260830,6,21,9,A,0.5,False,Stand By Operativo,20260830-XRD50UFDR-001-A
1230,20260830,6,21,9,B,1.0,False,Stand By Operativo,20260830-XRD50UFDR-001-B
1231,20260826,6,18,9,A,1.5,False,Stand By Operativo,20260826-XLM75UFDR-003-A
1232,20260826,6,18,9,B,0.5,False,Stand By Operativo,20260826-XLM75UFDR-003-B
1233,20260827,6,18,9,A,1.0,False,Stand By Operativo,20260827-XLM75UFDR-003-A
1234,20260827,6,18,9,B,2.0,False,Stand By Operativo,20260827-XLM75UFDR-003-B
1235,20260828,6,18,9,A,1.0,False,Stand By Operativo,20260828-XLM75UFDR-003-A
1236,20260828,6,18,9,B,1.0,False,Stand By Operativo,20260828-XLM75UFDR-003-B
1237,20260829,6,18,9,A,1.0,False,Stand By Operativo,20260829-XLM75UFDR-003-A
1238,20260829,6,18,9,B,1.0,False,Stand By Operativo,20260829-XLM75UFDR-003-B
1239,20260830,6,18,9,A,1.5,False,Stand By Operativo,20260830-XLM75UFDR-003-A
1240,20260830,6,18,9,B,0.5,False,Stand By Operativo,20260830-XLM75UFDR-003-B
1241,20260826,6,22,9,A,2.0,False,Stand By Operativo,20260826-XRD80USS-006-A
1242,20260827,6,22,9,A,1.0,False,Stand By Operativo,20260827-XRD80USS-006-A
1243,20260827,6,22,9,B,1.5,False,Stand By Operativo,20260827-XRD80USS-006-B
1244,20260829,6,22,9,A,2.0,False,Stand By Operativo,20260829-XRD80USS-006-A
1245,20260829,6,22,9,B,1.5,False,Stand By Operativo,20260829-XRD80USS-006-B
1246,20260830,6,22,9,A,2.0,False,Stand By Operativo,20260830-XRD80USS-006-A
1247,20260829,6,19,9,B,1.0,False,Stand By Operativo,20260829-XRD125UFDR-002-B
1248,20260830,6,19,9,B,1.0,False,Stand By Operativo,20260830-XRD125UFDR-002-B
1249,20260827,6,20,9,B,1.0,False,Stand By Operativo,20260827-XRD150U-008-B
1250,20260830,6,20,9,A,2.0,False,Stand By Operativo,20260830-XRD150U-008-A
1251,20260826,7,23,9,A,0.5,False,Stand By Operativo,20260826-XRD80USS-012-A
1252,20260826,7,23,9,B,1.5,False,Stand By Operativo,20260826-XRD80USS-012-B
1253,20260827,7,23,9,A,1.0,False,Stand By Operativo,20260827-XRD80USS-012-A
1254,20260827,7,23,9,B,1.0,False,Stand By Operativo,20260827-XRD80USS-012-B
1255,20260828,7,23,9,B,1.0,False,Stand By Operativo,20260828-XRD80USS-012-B
1256,20260829,7,23,9,A,1.0,False,Stand By Operativo,20260829-XRD80USS-012-A
1257,20260829,7,23,9,B,2.0,False,Stand By Operativo,20260829-XRD80USS-012-B
1258,20260830,7,23,9,A,1.0,False,Stand By Operativo,20260830-XRD80USS-012-A
1259,20260826,8,27,9,A,0.5,False,Stand By Operativo,20260826-XRD80ITH-001-A
1260,20260826,8,24,9,A,1.5,False,Stand By Operativo,20260826-XLM75UFDR-002-A
1261,20260826,8,24,9,B,0.5,False,Stand By Operativo,20260826-XLM75UFDR-002-B
1262,20260827,8,24,9,A,0.5,False,Stand By Operativo,20260827-XLM75UFDR-002-A
1263,20260827,8,24,9,B,1.5,False,Stand By Operativo,20260827-XLM75UFDR-002-B
1264,20260828,8,24,9,A,0.5,False,Stand By Operativo,20260828-XLM75UFDR-002-A
1265,20260829,8,24,9,A,0.5,False,Stand By Operativo,20260829-XLM75UFDR-002-A
1266,20260829,8,24,9,B,0.5,False,Stand By Operativo,20260829-XLM75UFDR-002-B
1267,20260830,8,24,9,A,0.5,False,Stand By Operativo,20260830-XLM75UFDR-002-A
1268,20260830,8,24,9,B,0.5,False,Stand By Operativo,20260830-XLM75UFDR-002-B
1269,20260828,8,25,9,A,0.5,False,Stand By Operativo,20260828-XLM75UFDR-004-A
1270,20260828,8,25,9,B,0.5,False,Stand By Operativo,20260828-XLM75UFDR-004-B
1271,20260829,8,25,9,A,1.5,False,Stand By Operativo,20260829-XLM75UFDR-004-A
1272,20260829,8,25,9,B,1.0,False,Stand By Operativo,20260829-XLM75UFDR-004-B
1273,20260830,8,25,9,A,0.5,False,Stand By Operativo,20260830-XLM75UFDR-004-A
1274,20260830,8,25,9,B,1.0,False,Stand By Operativo,20260830-XLM75UFDR-004-B
1275,20260827,8,26,9,B,0.5,False,Stand By Operativo,20260827-XRD150USS-003-B
1276,20260828,8,26,9,B,1.0,False,Stand By Operativo,20260828-XRD150USS-003-B
1277,20260829,8,26,9,A,0.5,False,Stand By Operativo,20260829-XRD150USS-003-A
1278,20260829,8,26,9,B,0.5,False,Stand By Operativo,20260829-XRD150USS-003-B
1279,20260830,8,26,9,A,1.0,False,Stand By Operativo,20260830-XRD150USS-003-A
1280,20260830,8,26,9,B,0.5,False,Stand By Operativo,20260830-XRD150USS-003-B
1281,20260827,9,28,9,A,1.0,False,Stand By Operativo,20260827-XRD100ST-001-A
1282,20260829,9,28,9,B,1.0,False,Stand By Operativo,20260829-XRD100ST-001-B
1283,20260830,9,28,9,B,2.5,False,Stand By Operativo,20260830-XRD100ST-001-B
1284,20260826,10,33,9,A,0.5,False,Stand By Operativo,20260826-XRD80USS-008-A
1285,20260827,10,35,9,B,2.0,False,Stand By Operativo,20260827-XRD90U-016-B
1286,20260830,10,35,9,B,1.0,False,Stand By Operativo,20260830-XRD90U-016-B
1287,20260826,10,30,9,A,0.5,False,Stand By Operativo,20260826-XRD150U-003-A
1288,20260826,10,30,9,B,1.0,False,Stand By Operativo,20260826-XRD150U-003-B
1289,20260827,10,30,9,A,0.5,False,Stand By Operativo,20260827-XRD150U-003-A
1290,20260826,10,29,9,A,0.5,False,Stand By Operativo,20260826-XLM75UFDR-001-A
1291,20260829,10,29,9,B,1.0,False,Stand By Operativo,20260829-XLM75UFDR-001-B
1292,20260830,10,29,9,B,1.0,False,Stand By Operativo,20260830-XLM75UFDR-001-B
1293,20260826,10,34,9,A,1.0,False,Stand By Operativo,20260826-XRD90U-012-A
1294,20260826,10,34,9,B,2.0,False,Stand By Operativo,20260826-XRD90U-012-B
1295,20260827,10,34,9,A,1.0,False,Stand By Operativo,20260827-XRD90U-012-A
1296,20260829,10,31,9,A,0.5,False,Stand By Operativo,20260829-XRD150USS-004-A
1297,20260828,11,36,9,A,1.0,False,Stand By Operativo,20260828-XRD150U-004-A
1298,20260828,11,36,9,B,1.0,False,Stand By Operativo,20260828-XRD150U-004-B
1299,20260826,11,37,9,A,1.0,False,Stand By Operativo,20260826-XRD150U-006-A
1300,20260827,11,37,9,B,1.0,False,Stand By Operativo,20260827-XRD150U-006-B
1301,20260827,12,40,9,A,1.0,False,Stand By Operativo,20260827-XRD90USS-005-A
1302,20260828,12,40,9,A,0.5,False,Stand By Operativo,20260828-XRD90USS-005-A
1303,20260829,12,40,9,A,0.5,False,Stand By Operativo,20260829-XRD90USS-005-A
1304,20260826,13,44,9,A,0.5,False,Stand By Operativo,20260826-XRD90USS-004-A
1305,20260828,13,44,9,B,0.5,False,Stand By Operativo,20260828-XRD90USS-004-B
1306,20260830,13,44,9,B,0.5,False,Stand By Operativo,20260830-XRD90USS-004-B
1307,20260826,13,43,9,A,0.5,False,Stand By Operativo,20260826-XRD90USS-001-A
1308,20260827,13,43,9,A,0.5,False,Stand By Operativo,20260827-XRD90USS-001-A
1309,20260827,13,43,9,B,1.5,False,Stand By Operativo,20260827-XRD90USS-001-B
1310,20260828,13,43,9,A,0.5,False,Stand By Operativo,20260828-XRD90USS-001-A
1311,20260828,13,43,9,B,1.0,False,Stand By Operativo,20260828-XRD90USS-001-B
1312,20260829,13,43,9,A,0.5,False,Stand By Operativo,20260829-XRD90USS-001-A
1313,20260830,13,43,9,B,1.0,False,Stand By Operativo,20260830-XRD90USS-001-B
1314,20260826,13,42,9,A,1.0,False,Stand By Operativo,20260826-XRD150UBT-001-A
1315,20260827,13,42,9,A,0.5,False,Stand By Operativo,20260827-XRD150UBT-001-A
1316,20260828,13,42,9,A,1.0,False,Stand By Operativo,20260828-XRD150UBT-001-A
1317,20260828,13,42,9,B,1.0,False,Stand By Operativo,20260828-XRD150UBT-001-B
1318,20260829,13,42,9,A,0.5,False,Stand By Operativo,20260829-XRD150UBT-001-A
1319,20260829,13,42,9,B,1.0,False,Stand By Operativo,20260829-XRD150UBT-001-B
1320,20260830,13,42,9,A,0.5,False,Stand By Operativo,20260830-XRD150UBT-001-A
1321,20260826,13,41,9,A,0.5,False,Stand By Operativo,20260826-XRD150U-005-A
1322,20260827,13,41,9,A,4.0,False,Stand By Operativo,20260827-XRD150U-005-A
1323,20260827,13,41,9,B,0.5,False,Stand By Operativo,20260827-XRD150U-005-B
1324,20260828,13,41,9,A,0.5,False,Stand By Operativo,20260828-XRD150U-005-A
1325,20260829,13,41,9,B,1.0,False,Stand By Operativo,20260829-XRD150U-005-B
1326,20260830,13,41,9,A,1.5,False,Stand By Operativo,20260830-XRD150U-005-A
1327,20260830,13,41,9,B,1.0,False,Stand By Operativo,20260830-XRD150U-005-B
1328,20260826,14,48,9,A,2.0,False,Stand By Operativo,20260826-XRD90U-023-A
1329,20260826,14,48,9,B,1.0,False,Stand By Operativo,20260826-XRD90U-023-B
1330,20260827,14,48,9,A,2.0,False,Stand By Operativo,20260827-XRD90U-023-A
1331,20260827,14,48,9,B,3.0,False,Stand By Operativo,20260827-XRD90U-023-B
1332,20260828,14,48,9,B,1.0,False,Stand By Operativo,20260828-XRD90U-023-B
1333,20260830,14,48,9,B,0.5,False,Stand By Operativo,20260830-XRD90U-023-B
1334,20260826,14,47,9,A,0.5,False,Stand By Operativo,20260826-XRD90U-004-A
1335,20260830,14,47,9,B,2.0,False,Stand By Operativo,20260830-XRD90U-004-B
1336,20260826,14,45,9,A,1.5,False,Stand By Operativo,20260826-DE710ST-001-A
1337,20260827,14,45,9,A,3.0,False,Stand By Operativo,20260827-DE710ST-001-A
1338,20260829,14,45,9,A,5.5,False,Stand By Operativo,20260829-DE710ST-001-A
1339,20260829,14,45,9,B,1.0,False,Stand By Operativo,20260829-DE710ST-001-B
1340,20260826,15,49,9,A,1.0,False,Stand By Operativo,20260826-DE710T-002-A
1341,20260826,15,49,9,B,1.0,False,Stand By Operativo,20260826-DE710T-002-B
1342,20260827,15,49,9,B,1.0,False,Stand By Operativo,20260827-DE710T-002-B
1343,20260829,15,49,9,A,1.5,False,Stand By Operativo,20260829-DE710T-002-A
1344,20260828,15,50,9,A,2.0,False,Stand By Operativo,20260828-XRD150U-009-A
1345,20260826,16,51,9,A,3.0,False,Stand By Operativo,20260826-XRD150U-007-A
1346,20260829,16,51,9,A,2.0,False,Stand By Operativo,20260829-XRD150U-007-A
1347,20260826,17,54,9,B,0.5,False,Stand By Operativo,20260826-XRD50USS-003-B
1348,20260827,17,54,9,B,0.5,False,Stand By Operativo,20260827-XRD50USS-003-B
1349,20260828,17,54,9,B,0.5,False,Stand By Operativo,20260828-XRD50USS-003-B
1350,20260829,17,52,9,A,1.0,False,Stand By Operativo,20260829-XDR50USS-00T-A
1351,20260827,17,53,9,A,1.0,False,Stand By Operativo,20260827-XRD125USS-001-A
1352,20260828,17,53,9,A,4.0,False,Stand By Operativo,20260828-XRD125USS-001-A
1353,20260829,17,53,9,A,4.0,False,Stand By Operativo,20260829-XRD125USS-001-A
1354,20260829,17,53,9,B,1.0,False,Stand By Operativo,20260829-XRD125USS-001-B
1355,20260830,17,53,9,A,2.0,False,Stand By Operativo,20260830-XRD125USS-001-A
1356,20260830,17,53,9,B,1.0,False,Stand By Operativo,20260830-XRD125USS-001-B
1357,20260826,18,56,9,A,2.0,False,Stand By Operativo,20260826-XRD150USS-001-A
1358,20260827,18,56,9,A,1.0,False,Stand By Operativo,20260827-XRD150USS-001-A
1359,20260826,18,55,9,A,1.0,False,Stand By Operativo,20260826-XRD150U-011-A
1360,20260827,18,55,9,A,0.5,False,Stand By Operativo,20260827-XRD150U-011-A
1361,20260827,18,55,9,B,1.0,False,Stand By Operativo,20260827-XRD150U-011-B
1362,20260828,18,55,9,A,3.5,False,Stand By Operativo,20260828-XRD150U-011-A
1363,20260828,18,55,9,B,3.0,False,Stand By Operativo,20260828-XRD150U-011-B
1364,20260829,18,55,9,B,2.0,False,Stand By Operativo,20260829-XRD150U-011-B
1365,20260830,18,55,9,B,2.0,False,Stand By Operativo,20260830-XRD150U-011-B
1366,20260829,2,3,10,A,0.5,False,Stand By Operativo,20260829-LF90D ST-002-A
1367,20260829,2,3,10,B,1.0,False,Stand By Operativo,20260829-LF90D ST-002-B
1368,20260830,2,3,10,A,1.5,False,Stand By Operativo,20260830-LF90D ST-002-A
1369,20260830,2,3,10,B,1.0,False,Stand By Operativo,20260830-LF90D ST-002-B
1370,20260826,3,9,10,A,0.5,False,Stand By Operativo,20260826-XRD50USS-004-A
1371,20260826,3,6,10,A,0.5,False,Stand By Operativo,20260826-XRD100U-001-A
1372,20260827,4,11,10,B,1.0,False,Stand By Operativo,20260827-XRD150U-002-B
1373,20260829,4,11,10,A,1.0,False,Stand By Operativo,20260829-XRD150U-002-A
1374,20260830,4,11,10,B,1.0,False,Stand By Operativo,20260830-XRD150U-002-B
1375,20260830,5,17,10,B,0.5,False,Stand By Operativo,20260830-XRD90USS-003-B
1376,20260829,5,12,10,A,1.0,False,Stand By Operativo,20260829-LM110U-001-A
1377,20260830,5,12,10,A,1.0,False,Stand By Operativo,20260830-LM110U-001-A
1378,20260829,11,36,10,B,2.0,False,Stand By Operativo,20260829-XRD150U-004-B
1379,20260830,11,36,10,B,1.0,False,Stand By Operativo,20260830-XRD150U-004-B
1380,20260828,11,37,10,B,1.0,False,Stand By Operativo,20260828-XRD150U-006-B
1381,20260829,11,37,10,A,1.5,False,Stand By Operativo,20260829-XRD150U-006-A
1382,20260829,11,37,10,B,2.0,False,Stand By Operativo,20260829-XRD150U-006-B
1383,20260826,12,40,10,A,1.0,False,Stand By Operativo,20260826-XRD90USS-005-A
1384,20260827,12,40,10,A,1.0,False,Stand By Operativo,20260827-XRD90USS-005-A
1385,20260826,14,45,10,A,1.0,False,Stand By Operativo,20260826-DE710ST-001-A
1386,20260827,14,45,10,A,2.0,False,Stand By Operativo,20260827-DE710ST-001-A
1387,20260828,14,45,10,A,1.0,False,Stand By Operativo,20260828-DE710ST-001-A
1388,20260826,15,49,10,A,0.5,False,Stand By Operativo,20260826-DE710T-002-A
1389,20260826,15,49,10,B,0.5,False,Stand By Operativo,20260826-DE710T-002-B
1390,20260827,15,49,10,A,0.5,False,Stand By Operativo,20260827-DE710T-002-A
1391,20260828,15,49,10,A,0.5,False,Stand By Operativo,20260828-DE710T-002-A
1392,20260829,15,49,10,A,0.5,False,Stand By Operativo,20260829-DE710T-002-A
1393,20260826,15,50,10,A,1.0,False,Stand By Operativo,20260826-XRD150U-009-A
1394,20260827,15,50,10,A,0.5,False,Stand By Operativo,20260827-XRD150U-009-A
1395,20260827,15,50,10,B,0.5,False,Stand By Operativo,20260827-XRD150U-009-B
1396,20260828,15,50,10,A,1.0,False,Stand By Operativo,20260828-XRD150U-009-A
1397,20260828,15,50,10,B,0.5,False,Stand By Operativo,20260828-XRD150U-009-B
1398,20260829,15,50,10,A,1.0,False,Stand By Operativo,20260829-XRD150U-009-A
1399,20260830,15,50,10,A,1.0,False,Stand By Operativo,20260830-XRD150U-009-A
1400,20260826,16,51,10,A,0.5,False,Stand By Operativo,20260826-XRD150U-007-A
1401,20260826,17,54,10,A,1.0,False,Stand By Operativo,20260826-XRD50USS-003-A
1402,20260826,18,56,10,A,1.0,False,Stand By Operativo,20260826-XRD150USS-001-A
1403,20260826,18,56,10,B,1.0,False,Stand By Operativo,20260826-XRD150USS-001-B
1404,20260829,18,56,10,A,1.0,False,Stand By Operativo,20260829-XRD150USS-001-A
1405,20260829,18,56,10,B,2.0,False,Stand By Operativo,20260829-XRD150USS-001-B
1406,20260830,18,56,10,A,1.0,False,Stand By Operativo,20260830-XRD150USS-001-A
1407,20260830,18,56,10,B,1.0,False,Stand By Operativo,20260830-XRD150USS-001-B
1408,20260826,18,55,10,A,3.0,False,Stand By Operativo,20260826-XRD150U-011-A
1409,20260827,18,55,10,A,1.0,False,Stand By Operativo,20260827-XRD150U-011-A
1410,20260827,18,55,10,B,2.0,False,Stand By Operativo,20260827-XRD150U-011-B
1411,20260828,18,55,10,A,0.5,False,Stand By Operativo,20260828-XRD150U-011-A
1412,20260828,18,55,10,B,2.0,False,Stand By Operativo,20260828-XRD150U-011-B
1413,20260829,18,55,10,B,1.0,False,Stand By Operativo,20260829-XRD150U-011-B
1414,20260826,5,14,11,A,3.5,False,Stand By Operativo,20260826-XRD120U-001-A
1415,20260829,13,43,11,A,2.5,False,Stand By Operativo,20260829-XRD90USS-001-A
1416,20260829,14,45,12,B,5.0,False,Stand By Operativo,20260829-DE710ST-001-B
1417,20260829,3,9,13,B,7.0,False,Stand By Operativo,20260829-XRD50USS-004-B
1418,20260826,6,21,13,A,1.0,False,Stand By Operativo,20260826-XRD50UFDR-001-A
1419,20260827,10,29,13,A,3.0,False,Stand By Operativo,20260827-XLM75UFDR-001-A
1420,20260827,10,34,13,A,5.0,False,Stand By Operativo,20260827-XRD90U-012-A
1421,20260830,10,31,13,A,2.0,False,Stand By Operativo,20260830-XRD150USS-004-A
1422,20260829,12,38,13,B,3.0,False,Stand By Operativo,20260829-XRD150USS-002-B
1423,20260827,14,48,13,B,3.0,False,Stand By Operativo,20260827-XRD90U-023-B
1424,20260829,18,56,13,B,3.0,False,Stand By Operativo,20260829-XRD150USS-001-B
1425,20260826,4,11,14,A,1.5,False,Stand By Operativo,20260826-XRD150U-002-A
1426,20260827,5,16,14,B,2.0,False,Stand By Operativo,20260827-XRD90U-021-B
1427,20260826,10,29,14,A,5.5,False,Stand By Operativo,20260826-XLM75UFDR-001-A
1428,20260830,12,38,14,B,1.5,False,Stand By Operativo,20260830-XRD150USS-002-B
1429,20260830,12,39,14,B,4.5,False,Stand By Operativo,20260830-XRD80USS-011-B
1430,20260829,14,45,14,B,3.0,False,Stand By Operativo,20260829-DE710ST-001-B
1431,20260828,16,51,14,A,3.0,False,Stand By Operativo,20260828-XRD150U-007-A
1432,20260829,16,51,14,A,2.0,False,Stand By Operativo,20260829-XRD150U-007-A
1433,20260829,18,56,14,A,1.0,False,Stand By Operativo,20260829-XRD150USS-001-A
1434,20260830,11,36,15,B,2.0,False,Stand By Operativo,20260830-XRD150U-004-B
1435,20260829,1,1,16,A,0.5,False,Stand By Operativo,20260829-XRD50U-002-A
1436,20260826,1,2,16,A,3.0,False,Stand By Operativo,20260826-XRD50USS-001-A
1437,20260827,2,5,16,B,1.0,False,Stand By Operativo,20260827-XRD80USS-010-B
1438,20260828,2,5,16,B,0.5,False,Stand By Operativo,20260828-XRD80USS-010-B
1439,20260826,2,4,16,A,0.5,False,Stand By Operativo,20260826-XRD150U-001-A
1440,20260827,2,4,16,A,0.5,False,Stand By Operativo,20260827-XRD150U-001-A
1441,20260828,2,4,16,B,0.5,False,Stand By Operativo,20260828-XRD150U-001-B
1442,20260829,2,4,16,B,0.5,False,Stand By Operativo,20260829-XRD150U-001-B
1443,20260830,2,4,16,B,0.5,False,Stand By Operativo,20260830-XRD150U-001-B
1444,20260827,2,3,16,A,0.5,False,Stand By Operativo,20260827-LF90D ST-002-A
1445,20260829,3,8,16,B,1.0,False,Stand By Operativo,20260829-XRD50U-003-B
1446,20260827,3,10,16,B,1.0,False,Stand By Operativo,20260827-XRD90U-005-B
1447,20260830,3,7,16,B,1.0,False,Stand By Operativo,20260830-XRD125UFDR-001-B
1448,20260826,4,11,16,A,1.0,False,Stand By Operativo,20260826-XRD150U-002-A
1449,20260828,5,16,16,A,1.0,False,Stand By Operativo,20260828-XRD90U-021-A
1450,20260829,5,16,16,A,1.0,False,Stand By Operativo,20260829-XRD90U-021-A
1451,20260826,5,13,16,A,0.5,False,Stand By Operativo,20260826-LM90U-001-A
1452,20260829,5,13,16,B,0.5,False,Stand By Operativo,20260829-LM90U-001-B
1453,20260830,5,13,16,A,1.5,False,Stand By Operativo,20260830-LM90U-001-A
1454,20260826,5,17,16,A,0.5,False,Stand By Operativo,20260826-XRD90USS-003-A
1455,20260828,5,17,16,A,1.0,False,Stand By Operativo,20260828-XRD90USS-003-A
1456,20260829,5,17,16,B,0.5,False,Stand By Operativo,20260829-XRD90USS-003-B
1457,20260828,5,12,16,A,1.5,False,Stand By Operativo,20260828-LM110U-001-A
1458,20260830,5,12,16,A,0.5,False,Stand By Operativo,20260830-LM110U-001-A
1459,20260827,6,21,16,A,1.5,False,Stand By Operativo,20260827-XRD50UFDR-001-A
1460,20260826,6,18,16,A,1.5,False,Stand By Operativo,20260826-XLM75UFDR-003-A
1461,20260830,6,18,16,A,1.5,False,Stand By Operativo,20260830-XLM75UFDR-003-A
1462,20260826,6,22,16,A,1.0,False,Stand By Operativo,20260826-XRD80USS-006-A
1463,20260830,6,20,16,A,2.0,False,Stand By Operativo,20260830-XRD150U-008-A
1464,20260828,8,24,16,A,1.0,False,Stand By Operativo,20260828-XLM75UFDR-002-A
1465,20260830,8,24,16,A,0.5,False,Stand By Operativo,20260830-XLM75UFDR-002-A
1466,20260827,8,25,16,A,2.0,False,Stand By Operativo,20260827-XLM75UFDR-004-A
1467,20260826,10,35,16,A,1.0,False,Stand By Operativo,20260826-XRD90U-016-A
1468,20260827,10,35,16,B,1.5,False,Stand By Operativo,20260827-XRD90U-016-B
1469,20260829,10,35,16,A,0.5,False,Stand By Operativo,20260829-XRD90U-016-A
1470,20260829,10,35,16,B,0.5,False,Stand By Operativo,20260829-XRD90U-016-B
1471,20260830,10,35,16,A,1.0,False,Stand By Operativo,20260830-XRD90U-016-A
1472,20260830,10,35,16,B,0.5,False,Stand By Operativo,20260830-XRD90U-016-B
1473,20260826,10,30,16,B,1.0,False,Stand By Operativo,20260826-XRD150U-003-B
1474,20260827,10,30,16,A,1.0,False,Stand By Operativo,20260827-XRD150U-003-A
1475,20260827,10,30,16,B,1.0,False,Stand By Operativo,20260827-XRD150U-003-B
1476,20260828,10,30,16,B,1.0,False,Stand By Operativo,20260828-XRD150U-003-B
1477,20260829,10,30,16,B,1.0,False,Stand By Operativo,20260829-XRD150U-003-B
1478,20260830,10,30,16,A,1.0,False,Stand By Operativo,20260830-XRD150U-003-A
1479,20260830,10,30,16,B,1.0,False,Stand By Operativo,20260830-XRD150U-003-B
1480,20260828,10,29,16,B,1.0,False,Stand By Operativo,20260828-XLM75UFDR-001-B
1481,20260827,11,36,16,A,1.0,False,Stand By Operativo,20260827-XRD150U-004-A
1482,20260828,11,36,16,A,1.0,False,Stand By Operativo,20260828-XRD150U-004-A
1483,20260827,11,37,16,A,1.0,False,Stand By Operativo,20260827-XRD150U-006-A
1484,20260827,11,37,16,B,1.0,False,Stand By Operativo,20260827-XRD150U-006-B
1485,20260828,11,37,16,B,1.0,False,Stand By Operativo,20260828-XRD150U-006-B
1486,20260830,11,37,16,A,1.0,False,Stand By Operativo,20260830-XRD150U-006-A
1487,20260826,13,44,16,A,0.5,False,Stand By Operativo,20260826-XRD90USS-004-A
1488,20260828,13,44,16,B,0.5,False,Stand By Operativo,20260828-XRD90USS-004-B
1489,20260830,13,44,16,B,0.5,False,Stand By Operativo,20260830-XRD90USS-004-B
1490,20260827,14,48,16,B,1.0,False,Stand By Operativo,20260827-XRD90U-023-B
1491,20260829,14,45,16,A,1.0,False,Stand By Operativo,20260829-DE710ST-001-A
1492,20260828,15,49,16,A,1.0,False,Stand By Operativo,20260828-DE710T-002-A
1493,20260829,15,49,16,A,1.0,False,Stand By Operativo,20260829-DE710T-002-A
1494,20260826,15,50,16,A,1.0,False,Stand By Operativo,20260826-XRD150U-009-A
1495,20260827,16,51,16,A,1.0,False,Stand By Operativo,20260827-XRD150U-007-A
1496,20260830,17,54,16,B,1.0,False,Stand By Operativo,20260830-XRD50USS-003-B
1497,20260829,17,52,16,A,1.0,False,Stand By Operativo,20260829-XDR50USS-00T-A
1498,20260830,17,52,16,B,1.0,False,Stand By Operativo,20260830-XDR50USS-00T-B
1499,20260829,17,53,16,B,1.0,False,Stand By Operativo,20260829-XRD125USS-001-B
1500,20260828,3,6,17,A,2.0,False,Stand By Operativo,20260828-XRD100U-001-A
1501,20260828,3,10,17,B,2.0,False,Stand By Operativo,20260828-XRD90U-005-B
1502,20260826,9,28,17,A,8.0,False,Stand By Operativo,20260826-XRD100ST-001-A
1503,20260826,9,28,17,B,2.0,False,Stand By Operativo,20260826-XRD100ST-001-B
1504,20260827,9,28,17,A,4.0,False,Stand By Operativo,20260827-XRD100ST-001-A
1505,20260830,10,33,17,B,3.0,False,Stand By Operativo,20260830-XRD80USS-008-B
1506,20260827,12,39,17,B,6.0,False,Stand By Operativo,20260827-XRD80USS-011-B
1507,20260828,12,39,17,A,3.0,False,Stand By Operativo,20260828-XRD80USS-011-A
1508,20260829,12,39,17,B,8.0,False,Stand By Operativo,20260829-XRD80USS-011-B
1509,20260830,12,39,17,B,2.0,False,Stand By Operativo,20260830-XRD80USS-011-B
1510,20260826,14,46,17,A,4.0,False,Stand By Operativo,20260826-XRD150U-012-A
1511,20260827,14,46,17,A,3.0,False,Stand By Operativo,20260827-XRD150U-012-A
1512,20260828,14,46,17,A,3.0,False,Stand By Operativo,20260828-XRD150U-012-A
1513,20260830,14,45,17,B,4.0,False,Stand By Operativo,20260830-DE710ST-001-B
1514,20260827,2,4,18,B,1.0,False,Stand By Operativo,20260827-XRD150U-001-B
1515,20260830,2,4,18,B,2.5,False,Stand By Operativo,20260830-XRD150U-001-B
1516,20260829,3,8,18,B,2.0,False,Stand By Operativo,20260829-XRD50U-003-B
1517,20260830,3,8,18,A,1.0,False,Stand By Operativo,20260830-XRD50U-003-A
1518,20260826,4,11,18,A,3.5,False,Stand By Operativo,20260826-XRD150U-002-A
1519,20260829,5,16,18,B,1.5,False,Stand By Operativo,20260829-XRD90U-021-B
1520,20260830,5,13,18,A,1.0,False,Stand By Operativo,20260830-LM90U-001-A
1521,20260828,5,17,18,A,1.5,False,Stand By Operativo,20260828-XRD90USS-003-A
1522,20260828,5,17,18,B,1.0,False,Stand By Operativo,20260828-XRD90USS-003-B
1523,20260829,5,15,18,A,1.5,False,Stand By Operativo,20260829-XRD150USS-005-A
1524,20260830,5,15,18,B,1.5,False,Stand By Operativo,20260830-XRD150USS-005-B
1525,20260828,5,12,18,A,1.5,False,Stand By Operativo,20260828-LM110U-001-A
1526,20260830,6,20,18,B,2.0,False,Stand By Operativo,20260830-XRD150U-008-B
1527,20260828,8,27,18,B,1.0,False,Stand By Operativo,20260828-XRD80ITH-001-B
1528,20260828,8,24,18,B,0.5,False,Stand By Operativo,20260828-XLM75UFDR-002-B
1529,20260830,10,33,18,A,1.5,False,Stand By Operativo,20260830-XRD80USS-008-A
1530,20260830,10,33,18,B,1.0,False,Stand By Operativo,20260830-XRD80USS-008-B
1531,20260827,10,29,18,A,2.0,False,Stand By Operativo,20260827-XLM75UFDR-001-A
1532,20260826,10,31,18,B,1.0,False,Stand By Operativo,20260826-XRD150USS-004-B
1533,20260826,10,31,18,B,1.0,False,Stand By Operativo,20260826-XRD150USS-004-B
1534,20260827,10,31,18,B,0.5,False,Stand By Operativo,20260827-XRD150USS-004-B
1535,20260828,13,43,18,B,1.5,False,Stand By Operativo,20260828-XRD90USS-001-B
1536,20260826,13,42,18,B,2.0,False,Stand By Operativo,20260826-XRD150UBT-001-B
1537,20260828,14,48,18,A,2.0,False,Stand By Operativo,20260828-XRD90U-023-A
1538,20260829,15,49,18,B,5.0,False,Stand By Operativo,20260829-DE710T-002-B
1539,20260829,16,51,18,B,2.0,False,Stand By Operativo,20260829-XRD150U-007-B
1540,20260830,2,4,19,B,1.0,False,Stand By Operativo,20260830-XRD150U-001-B
1541,20260826,4,11,19,B,2.5,False,Stand By Operativo,20260826-XRD150U-002-B
1542,20260829,5,16,19,B,2.0,False,Stand By Operativo,20260829-XRD90U-021-B
1543,20260830,5,13,19,B,5.5,False,Stand By Operativo,20260830-LM90U-001-B
1544,20260828,5,17,19,B,2.0,False,Stand By Operativo,20260828-XRD90USS-003-B
1545,20260830,5,15,19,B,2.5,False,Stand By Operativo,20260830-XRD150USS-005-B
1546,20260828,5,12,19,B,1.5,False,Stand By Operativo,20260828-LM110U-001-B
1547,20260828,14,48,19,A,2.0,False,Stand By Operativo,20260828-XRD90U-023-A
1548,20260828,1,1,20,B,1.0,False,Stand By Operativo,20260828-XRD50U-002-B
1549,20260827,1,2,20,B,1.0,False,Stand By Operativo,20260827-XRD50USS-001-B
1550,20260827,2,4,20,B,1.0,False,Stand By Operativo,20260827-XRD150U-001-B
1551,20260826,3,8,20,B,1.0,False,Stand By Operativo,20260826-XRD50U-003-B
1552,20260830,3,8,20,A,2.0,False,Stand By Operativo,20260830-XRD50U-003-A
1553,20260829,3,6,20,A,1.0,False,Stand By Operativo,20260829-XRD100U-001-A
1554,20260829,3,10,20,B,4.0,False,Stand By Operativo,20260829-XRD90U-005-B
1555,20260830,3,10,20,A,3.0,False,Stand By Operativo,20260830-XRD90U-005-A
1556,20260830,3,10,20,B,4.0,False,Stand By Operativo,20260830-XRD90U-005-B
1557,20260827,6,21,20,B,0.5,False,Stand By Operativo,20260827-XRD50UFDR-001-B
1558,20260826,6,22,20,B,1.5,False,Stand By Operativo,20260826-XRD80USS-006-B
1559,20260830,6,20,20,B,2.0,False,Stand By Operativo,20260830-XRD150U-008-B
1560,20260828,8,24,20,B,1.0,False,Stand By Operativo,20260828-XLM75UFDR-002-B
1561,20260827,8,25,20,A,1.0,False,Stand By Operativo,20260827-XLM75UFDR-004-A
1562,20260827,8,26,20,A,3.0,False,Stand By Operativo,20260827-XRD150USS-003-A
1563,20260829,10,33,20,A,1.0,False,Stand By Operativo,20260829-XRD80USS-008-A
1564,20260830,10,33,20,A,0.5,False,Stand By Operativo,20260830-XRD80USS-008-A
1565,20260828,10,35,20,B,0.5,False,Stand By Operativo,20260828-XRD90U-016-B
1566,20260827,10,29,20,A,1.5,False,Stand By Operativo,20260827-XLM75UFDR-001-A
1567,20260826,10,31,20,A,0.5,False,Stand By Operativo,20260826-XRD150USS-004-A
1568,20260826,10,31,20,B,1.0,False,Stand By Operativo,20260826-XRD150USS-004-B
1569,20260826,10,31,20,B,1.0,False,Stand By Operativo,20260826-XRD150USS-004-B
1570,20260827,10,31,20,A,0.5,False,Stand By Operativo,20260827-XRD150USS-004-A
1571,20260827,10,31,20,B,2.0,False,Stand By Operativo,20260827-XRD150USS-004-B
1572,20260828,11,37,20,A,1.0,False,Stand By Operativo,20260828-XRD150U-006-A
1573,20260826,13,44,20,B,1.0,False,Stand By Operativo,20260826-XRD90USS-004-B
1574,20260829,13,43,20,A,2.0,False,Stand By Operativo,20260829-XRD90USS-001-A
1575,20260829,17,52,20,B,2.0,False,Stand By Operativo,20260829-XDR50USS-00T-B
1576,20260827,18,56,20,A,1.0,False,Stand By Operativo,20260827-XRD150USS-001-A
1577,20260827,18,56,20,B,1.0,False,Stand By Operativo,20260827-XRD150USS-001-B
1578,20260828,13,44,21,B,1.0,False,Stand By Operativo,20260828-XRD90USS-004-B
1579,20260826,13,42,21,B,2.0,False,Stand By Operativo,20260826-XRD150UBT-001-B
1580,20260826,2,3,23,A,1.0,False,Stand By Operativo,20260826-LF90D ST-002-A
1581,20260829,5,16,23,A,1.5,False,Stand By Operativo,20260829-XRD90U-021-A
1582,20260828,5,12,23,A,2.0,False,Stand By Operativo,20260828-LM110U-001-A
1583,20260826,13,42,23,B,1.0,False,Stand By Operativo,20260826-XRD150UBT-001-B
1584,20260826,17,53,26,B,0.5,True,Stand By Operativo,20260826-XRD125USS-001-B
1585,20260827,17,53,26,B,1.0,True,Stand By Operativo,20260827-XRD125USS-001-B
1586,20260826,12,40,27,A,4.0,True,Stand By Operativo,20260826-XRD90USS-005-A
1587,20260829,12,40,27,A,2.5,True,Stand By Operativo,20260829-XRD90USS-005-A
1588,20260829,17,53,30,B,0.5,True,Stand By Operativo,20260829-XRD125USS-001-B
1589,20260830,17,53,30,B,1.0,True,Stand By Operativo,20260830-XRD125USS-001-B
1590,20260826,12,40,31,A,1.5,True,Stand By Operativo,20260826-XRD90USS-005-A
1591,20260826,12,40,31,B,1.0,True,Stand By Operativo,20260826-XRD90USS-005-B
1592,20260828,12,40,31,A,1.0,True,Stand By Operativo,20260828-XRD90USS-005-A
1593,20260829,12,40,31,A,1.0,True,Stand By Operativo,20260829-XRD90USS-005-A
1594,20260830,12,40,31,A,1.0,True,Stand By Operativo,20260830-XRD90USS-005-A
1595,20260826,17,53,31,B,0.5,True,Stand By Operativo,20260826-XRD125USS-001-B
1596,20260827,17,53,31,A,1.0,True,Stand By Operativo,20260827-XRD125USS-001-A
1597,20260827,17,53,31,B,1.0,True,Stand By Operativo,20260827-XRD125USS-001-B
1598,20260828,17,53,31,A,1.5,True,Stand By Operativo,20260828-XRD125USS-001-A
1599,20260828,17,53,31,B,1.0,True,Stand By Operativo,20260828-XRD125USS-001-B
1600,20260830,17,53,31,A,1.0,True,Stand By Operativo,20260830-XRD125USS-001-A
1601,20260830,17,53,34,B,4.0,True,Stand By Operativo,20260830-XRD125USS-001-B
1602,20260826,1,1,46,B,1.0,False,Stand By Inoperativo,20260826-XRD50U-002-B
1603,20260830,1,1,46,B,0.5,False,Stand By Inoperativo,20260830-XRD50U-002-B
1604,20260828,1,2,46,A,1.0,False,Stand By Inoperativo,20260828-XRD50USS-001-A
1605,20260828,6,21,46,A,0.5,False,Stand By Inoperativo,20260828-XRD50UFDR-001-A
1606,20260826,6,19,46,A,0.5,False,Stand By Inoperativo,20260826-XRD125UFDR-002-A
1607,20260827,6,19,46,A,0.5,False,Stand By Inoperativo,20260827-XRD125UFDR-002-A
1608,20260826,6,20,46,A,1.0,False,Stand By Inoperativo,20260826-XRD150U-008-A
1609,20260826,8,27,46,A,1.0,False,Stand By Inoperativo,20260826-XRD80ITH-001-A
1610,20260828,8,27,46,A,0.5,False,Stand By Inoperativo,20260828-XRD80ITH-001-A
1611,20260828,8,27,46,B,0.5,False,Stand By Inoperativo,20260828-XRD80ITH-001-B
1612,20260826,8,24,46,A,1.0,False,Stand By Inoperativo,20260826-XLM75UFDR-002-A
1613,20260827,8,24,46,A,0.5,False,Stand By Inoperativo,20260827-XLM75UFDR-002-A
1614,20260827,8,24,46,B,1.0,False,Stand By Inoperativo,20260827-XLM75UFDR-002-B
1615,20260828,8,24,46,A,0.5,False,Stand By Inoperativo,20260828-XLM75UFDR-002-A
1616,20260828,8,24,46,B,1.0,False,Stand By Inoperativo,20260828-XLM75UFDR-002-B
1617,20260829,8,24,46,A,0.5,False,Stand By Inoperativo,20260829-XLM75UFDR-002-A
1618,20260829,8,24,46,B,0.5,False,Stand By Inoperativo,20260829-XLM75UFDR-002-B
1619,20260830,8,24,46,A,0.5,False,Stand By Inoperativo,20260830-XLM75UFDR-002-A
1620,20260828,8,25,46,A,1.0,False,Stand By Inoperativo,20260828-XLM75UFDR-004-A
1621,20260829,8,25,46,B,0.5,False,Stand By Inoperativo,20260829-XLM75UFDR-004-B
1622,20260830,8,25,46,A,1.0,False,Stand By Inoperativo,20260830-XLM75UFDR-004-A
1623,20260826,8,26,46,A,1.5,False,Stand By Inoperativo,20260826-XRD150USS-003-A
1624,20260827,8,26,46,A,1.0,False,Stand By Inoperativo,20260827-XRD150USS-003-A
1625,20260827,10,33,46,A,1.0,False,Stand By Inoperativo,20260827-XRD80USS-008-A
1626,20260828,10,33,46,A,1.0,False,Stand By Inoperativo,20260828-XRD80USS-008-A
1627,20260828,10,33,46,B,0.5,False,Stand By Inoperativo,20260828-XRD80USS-008-B
1628,20260830,10,33,46,A,0.5,False,Stand By Inoperativo,20260830-XRD80USS-008-A
1629,20260829,10,31,46,A,0.5,False,Stand By Inoperativo,20260829-XRD150USS-004-A
1630,20260826,14,48,46,B,0.5,False,Stand By Inoperativo,20260826-XRD90U-023-B
1631,20260826,17,54,46,A,0.5,False,Stand By Inoperativo,20260826-XRD50USS-003-A
1632,20260828,17,54,46,A,0.5,False,Stand By Inoperativo,20260828-XRD50USS-003-A
1633,20260828,17,54,46,B,1.0,False,Stand By Inoperativo,20260828-XRD50USS-003-B
1634,20260829,17,54,46,A,0.5,False,Stand By Inoperativo,20260829-XRD50USS-003-A
1635,20260827,17,52,46,A,0.5,False,Stand By Inoperativo,20260827-XDR50USS-00T-A
1636,20260828,17,52,46,A,0.5,False,Stand By Inoperativo,20260828-XDR50USS-00T-A
1637,20260830,17,52,46,B,1.0,False,Stand By Inoperativo,20260830-XDR50USS-00T-B
1638,20260827,18,56,46,B,0.5,False,Stand By Inoperativo,20260827-XRD150USS-001-B
1639,20260828,18,56,46,B,0.5,False,Stand By Inoperativo,20260828-XRD150USS-001-B
1640,20260830,18,56,46,A,1.0,False,Stand By Inoperativo,20260830-XRD150USS-001-A
1641,20260830,18,55,46,B,1.0,False,Stand By Inoperativo,20260830-XRD150U-011-B
1642,20260826,1,1,47,A,0.5,False,Stand By Inoperativo,20260826-XRD50U-002-A
1643,20260826,1,1,47,B,1.0,False,Stand By Inoperativo,20260826-XRD50U-002-B
1644,20260827,1,1,47,B,1.0,False,Stand By Inoperativo,20260827-XRD50U-002-B
1645,20260828,1,1,47,B,0.5,False,Stand By Inoperativo,20260828-XRD50U-002-B
1646,20260829,1,1,47,A,0.5,False,Stand By Inoperativo,20260829-XRD50U-002-A
1647,20260830,1,1,47,B,1.0,False,Stand By Inoperativo,20260830-XRD50U-002-B
1648,20260827,1,2,47,A,0.5,False,Stand By Inoperativo,20260827-XRD50USS-001-A
1649,20260828,1,2,47,A,0.5,False,Stand By Inoperativo,20260828-XRD50USS-001-A
1650,20260828,1,2,47,B,1.0,False,Stand By Inoperativo,20260828-XRD50USS-001-B
1651,20260829,1,2,47,A,1.0,False,Stand By Inoperativo,20260829-XRD50USS-001-A
1652,20260830,1,2,47,A,1.5,False,Stand By Inoperativo,20260830-XRD50USS-001-A
1653,20260826,2,5,47,B,0.5,False,Stand By Inoperativo,20260826-XRD80USS-010-B
1654,20260827,2,5,47,B,1.0,False,Stand By Inoperativo,20260827-XRD80USS-010-B
1655,20260828,2,5,47,A,0.5,False,Stand By Inoperativo,20260828-XRD80USS-010-A
1656,20260829,2,5,47,A,0.5,False,Stand By Inoperativo,20260829-XRD80USS-010-A
1657,20260830,2,5,47,B,0.5,False,Stand By Inoperativo,20260830-XRD80USS-010-B
1658,20260826,2,4,47,B,0.5,False,Stand By Inoperativo,20260826-XRD150U-001-B
1659,20260827,2,4,47,B,0.5,False,Stand By Inoperativo,20260827-XRD150U-001-B
1660,20260828,2,4,47,A,0.5,False,Stand By Inoperativo,20260828-XRD150U-001-A
1661,20260830,2,4,47,B,0.5,False,Stand By Inoperativo,20260830-XRD150U-001-B
1662,20260826,2,3,47,A,0.5,False,Stand By Inoperativo,20260826-LF90D ST-002-A
1663,20260826,2,3,47,B,0.5,False,Stand By Inoperativo,20260826-LF90D ST-002-B
1664,20260827,2,3,47,A,0.5,False,Stand By Inoperativo,20260827-LF90D ST-002-A
1665,20260827,2,3,47,B,1.0,False,Stand By Inoperativo,20260827-LF90D ST-002-B
1666,20260828,2,3,47,A,0.5,False,Stand By Inoperativo,20260828-LF90D ST-002-A
1667,20260828,2,3,47,B,0.5,False,Stand By Inoperativo,20260828-LF90D ST-002-B
1668,20260829,2,3,47,A,0.5,False,Stand By Inoperativo,20260829-LF90D ST-002-A
1669,20260829,2,3,47,B,0.5,False,Stand By Inoperativo,20260829-LF90D ST-002-B
1670,20260830,2,3,47,A,1.5,False,Stand By Inoperativo,20260830-LF90D ST-002-A
1671,20260830,2,3,47,B,0.5,False,Stand By Inoperativo,20260830-LF90D ST-002-B
1672,20260826,3,8,47,A,1.0,False,Stand By Inoperativo,20260826-XRD50U-003-A
1673,20260827,3,8,47,B,0.5,False,Stand By Inoperativo,20260827-XRD50U-003-B
1674,20260828,3,8,47,A,0.5,False,Stand By Inoperativo,20260828-XRD50U-003-A
1675,20260828,3,8,47,B,1.0,False,Stand By Inoperativo,20260828-XRD50U-003-B
1676,20260829,3,8,47,A,1.0,False,Stand By Inoperativo,20260829-XRD50U-003-A
1677,20260829,3,8,47,B,0.5,False,Stand By Inoperativo,20260829-XRD50U-003-B
1678,20260830,3,8,47,A,0.5,False,Stand By Inoperativo,20260830-XRD50U-003-A
1679,20260830,3,8,47,B,0.5,False,Stand By Inoperativo,20260830-XRD50U-003-B
1680,20260826,3,9,47,B,1.0,False,Stand By Inoperativo,20260826-XRD50USS-004-B
1681,20260827,3,9,47,B,1.0,False,Stand By Inoperativo,20260827-XRD50USS-004-B
1682,20260828,3,9,47,A,0.5,False,Stand By Inoperativo,20260828-XRD50USS-004-A
1683,20260829,3,9,47,A,0.5,False,Stand By Inoperativo,20260829-XRD50USS-004-A
1684,20260826,3,6,47,A,1.0,False,Stand By Inoperativo,20260826-XRD100U-001-A
1685,20260826,3,6,47,B,1.0,False,Stand By Inoperativo,20260826-XRD100U-001-B
1686,20260827,3,6,47,B,1.0,False,Stand By Inoperativo,20260827-XRD100U-001-B
1687,20260828,3,6,47,B,1.0,False,Stand By Inoperativo,20260828-XRD100U-001-B
1688,20260829,3,6,47,A,1.0,False,Stand By Inoperativo,20260829-XRD100U-001-A
1689,20260829,3,6,47,B,1.0,False,Stand By Inoperativo,20260829-XRD100U-001-B
1690,20260830,3,6,47,A,1.0,False,Stand By Inoperativo,20260830-XRD100U-001-A
1691,20260830,3,6,47,B,1.0,False,Stand By Inoperativo,20260830-XRD100U-001-B
1692,20260826,3,10,47,A,1.5,False,Stand By Inoperativo,20260826-XRD90U-005-A
1693,20260826,3,10,47,B,0.5,False,Stand By Inoperativo,20260826-XRD90U-005-B
1694,20260827,3,10,47,A,0.5,False,Stand By Inoperativo,20260827-XRD90U-005-A
1695,20260827,3,10,47,B,1.0,False,Stand By Inoperativo,20260827-XRD90U-005-B
1696,20260829,3,10,47,B,1.0,False,Stand By Inoperativo,20260829-XRD90U-005-B
1697,20260830,3,10,47,A,1.0,False,Stand By Inoperativo,20260830-XRD90U-005-A
1698,20260830,3,10,47,B,1.0,False,Stand By Inoperativo,20260830-XRD90U-005-B
1699,20260826,3,7,47,A,2.0,False,Stand By Inoperativo,20260826-XRD125UFDR-001-A
1700,20260826,3,7,47,B,0.5,False,Stand By Inoperativo,20260826-XRD125UFDR-001-B
1701,20260827,3,7,47,A,0.5,False,Stand By Inoperativo,20260827-XRD125UFDR-001-A
1702,20260827,3,7,47,B,0.5,False,Stand By Inoperativo,20260827-XRD125UFDR-001-B
1703,20260828,3,7,47,A,0.5,False,Stand By Inoperativo,20260828-XRD125UFDR-001-A
1704,20260828,3,7,47,B,0.5,False,Stand By Inoperativo,20260828-XRD125UFDR-001-B
1705,20260829,3,7,47,A,0.5,False,Stand By Inoperativo,20260829-XRD125UFDR-001-A
1706,20260829,3,7,47,B,0.5,False,Stand By Inoperativo,20260829-XRD125UFDR-001-B
1707,20260830,3,7,47,A,1.0,False,Stand By Inoperativo,20260830-XRD125UFDR-001-A
1708,20260830,3,7,47,B,1.0,False,Stand By Inoperativo,20260830-XRD125UFDR-001-B
1709,20260826,4,11,47,A,0.5,False,Stand By Inoperativo,20260826-XRD150U-002-A
1710,20260826,4,11,47,B,0.5,False,Stand By Inoperativo,20260826-XRD150U-002-B
1711,20260827,4,11,47,A,1.0,False,Stand By Inoperativo,20260827-XRD150U-002-A
1712,20260827,4,11,47,B,0.5,False,Stand By Inoperativo,20260827-XRD150U-002-B
1713,20260828,4,11,47,A,0.5,False,Stand By Inoperativo,20260828-XRD150U-002-A
1714,20260829,4,11,47,A,0.5,False,Stand By Inoperativo,20260829-XRD150U-002-A
1715,20260829,4,11,47,B,1.0,False,Stand By Inoperativo,20260829-XRD150U-002-B
1716,20260830,4,11,47,B,1.0,False,Stand By Inoperativo,20260830-XRD150U-002-B
1717,20260826,5,16,47,B,0.5,False,Stand By Inoperativo,20260826-XRD90U-021-B
1718,20260827,5,16,47,A,0.5,False,Stand By Inoperativo,20260827-XRD90U-021-A
1719,20260828,5,16,47,A,0.5,False,Stand By Inoperativo,20260828-XRD90U-021-A
1720,20260829,5,16,47,A,0.5,False,Stand By Inoperativo,20260829-XRD90U-021-A
1721,20260829,5,16,47,B,0.5,False,Stand By Inoperativo,20260829-XRD90U-021-B
1722,20260830,5,16,47,A,1.0,False,Stand By Inoperativo,20260830-XRD90U-021-A
1723,20260826,5,13,47,B,1.0,False,Stand By Inoperativo,20260826-LM90U-001-B
1724,20260827,5,13,47,A,0.5,False,Stand By Inoperativo,20260827-LM90U-001-A
1725,20260828,5,13,47,A,1.0,False,Stand By Inoperativo,20260828-LM90U-001-A
1726,20260829,5,13,47,A,0.5,False,Stand By Inoperativo,20260829-LM90U-001-A
1727,20260829,5,13,47,B,0.5,False,Stand By Inoperativo,20260829-LM90U-001-B
1728,20260830,5,13,47,A,0.5,False,Stand By Inoperativo,20260830-LM90U-001-A
1729,20260830,5,13,47,B,0.5,False,Stand By Inoperativo,20260830-LM90U-001-B
1730,20260826,5,17,47,A,0.5,False,Stand By Inoperativo,20260826-XRD90USS-003-A
1731,20260827,5,17,47,A,0.5,False,Stand By Inoperativo,20260827-XRD90USS-003-A
1732,20260827,5,17,47,B,1.0,False,Stand By Inoperativo,20260827-XRD90USS-003-B
1733,20260828,5,17,47,B,0.5,False,Stand By Inoperativo,20260828-XRD90USS-003-B
1734,20260829,5,17,47,A,1.0,False,Stand By Inoperativo,20260829-XRD90USS-003-A
1735,20260829,5,17,47,B,0.5,False,Stand By Inoperativo,20260829-XRD90USS-003-B
1736,20260830,5,17,47,A,1.0,False,Stand By Inoperativo,20260830-XRD90USS-003-A
1737,20260830,5,17,47,B,1.0,False,Stand By Inoperativo,20260830-XRD90USS-003-B
1738,20260826,5,15,47,B,0.5,False,Stand By Inoperativo,20260826-XRD150USS-005-B
1739,20260827,5,15,47,A,1.0,False,Stand By Inoperativo,20260827-XRD150USS-005-A
1740,20260828,5,15,47,A,1.0,False,Stand By Inoperativo,20260828-XRD150USS-005-A
1741,20260829,5,15,47,A,1.0,False,Stand By Inoperativo,20260829-XRD150USS-005-A
1742,20260830,5,15,47,A,1.0,False,Stand By Inoperativo,20260830-XRD150USS-005-A
1743,20260830,5,15,47,B,0.5,False,Stand By Inoperativo,20260830-XRD150USS-005-B
1744,20260826,5,14,47,A,0.5,False,Stand By Inoperativo,20260826-XRD120U-001-A
1745,20260826,5,14,47,B,2.0,False,Stand By Inoperativo,20260826-XRD120U-001-B
1746,20260827,5,14,47,A,1.0,False,Stand By Inoperativo,20260827-XRD120U-001-A
1747,20260827,5,14,47,B,1.0,False,Stand By Inoperativo,20260827-XRD120U-001-B
1748,20260828,5,14,47,A,1.0,False,Stand By Inoperativo,20260828-XRD120U-001-A
1749,20260828,5,14,47,B,0.5,False,Stand By Inoperativo,20260828-XRD120U-001-B
1750,20260829,5,14,47,B,0.5,False,Stand By Inoperativo,20260829-XRD120U-001-B
1751,20260830,5,14,47,A,3.0,False,Stand By Inoperativo,20260830-XRD120U-001-A
1752,20260830,5,14,47,B,0.5,False,Stand By Inoperativo,20260830-XRD120U-001-B
1753,20260827,5,12,47,A,2.5,False,Stand By Inoperativo,20260827-LM110U-001-A
1754,20260827,5,12,47,B,1.0,False,Stand By Inoperativo,20260827-LM110U-001-B
1755,20260828,5,12,47,A,1.5,False,Stand By Inoperativo,20260828-LM110U-001-A
1756,20260828,5,12,47,B,0.5,False,Stand By Inoperativo,20260828-LM110U-001-B
1757,20260829,5,12,47,A,1.5,False,Stand By Inoperativo,20260829-LM110U-001-A
1758,20260829,5,12,47,B,0.5,False,Stand By Inoperativo,20260829-LM110U-001-B
1759,20260830,5,12,47,A,1.5,False,Stand By Inoperativo,20260830-LM110U-001-A
1760,20260830,5,12,47,B,0.5,False,Stand By Inoperativo,20260830-LM110U-001-B
1761,20260827,6,21,47,A,1.0,False,Stand By Inoperativo,20260827-XRD50UFDR-001-A
1762,20260828,6,21,47,A,0.5,False,Stand By Inoperativo,20260828-XRD50UFDR-001-A
1763,20260829,6,21,47,A,0.5,False,Stand By Inoperativo,20260829-XRD50UFDR-001-A
1764,20260830,6,21,47,A,0.5,False,Stand By Inoperativo,20260830-XRD50UFDR-001-A
1765,20260830,6,21,47,B,0.5,False,Stand By Inoperativo,20260830-XRD50UFDR-001-B
1766,20260826,6,18,47,A,0.5,False,Stand By Inoperativo,20260826-XLM75UFDR-003-A
1767,20260826,6,18,47,B,1.0,False,Stand By Inoperativo,20260826-XLM75UFDR-003-B
1768,20260827,6,18,47,A,0.5,False,Stand By Inoperativo,20260827-XLM75UFDR-003-A
1769,20260827,6,18,47,B,1.0,False,Stand By Inoperativo,20260827-XLM75UFDR-003-B
1770,20260828,6,18,47,A,0.5,False,Stand By Inoperativo,20260828-XLM75UFDR-003-A
1771,20260828,6,18,47,B,1.0,False,Stand By Inoperativo,20260828-XLM75UFDR-003-B
1772,20260829,6,18,47,A,0.5,False,Stand By Inoperativo,20260829-XLM75UFDR-003-A
1773,20260829,6,18,47,B,1.0,False,Stand By Inoperativo,20260829-XLM75UFDR-003-B
1774,20260830,6,18,47,A,0.5,False,Stand By Inoperativo,20260830-XLM75UFDR-003-A
1775,20260830,6,18,47,B,1.0,False,Stand By Inoperativo,20260830-XLM75UFDR-003-B
1776,20260826,6,22,47,A,0.5,False,Stand By Inoperativo,20260826-XRD80USS-006-A
1777,20260826,6,22,47,B,0.5,False,Stand By Inoperativo,20260826-XRD80USS-006-B
1778,20260827,6,22,47,A,1.0,False,Stand By Inoperativo,20260827-XRD80USS-006-A
1779,20260827,6,22,47,B,0.5,False,Stand By Inoperativo,20260827-XRD80USS-006-B
1780,20260828,6,22,47,A,0.5,False,Stand By Inoperativo,20260828-XRD80USS-006-A
1781,20260828,6,22,47,B,0.5,False,Stand By Inoperativo,20260828-XRD80USS-006-B
1782,20260829,6,22,47,A,1.0,False,Stand By Inoperativo,20260829-XRD80USS-006-A
1783,20260829,6,22,47,B,0.5,False,Stand By Inoperativo,20260829-XRD80USS-006-B
1784,20260830,6,22,47,A,0.5,False,Stand By Inoperativo,20260830-XRD80USS-006-A
1785,20260830,6,22,47,B,0.5,False,Stand By Inoperativo,20260830-XRD80USS-006-B
1786,20260826,6,19,47,B,1.0,False,Stand By Inoperativo,20260826-XRD125UFDR-002-B
1787,20260827,6,19,47,A,0.5,False,Stand By Inoperativo,20260827-XRD125UFDR-002-A
1788,20260827,6,19,47,B,1.0,False,Stand By Inoperativo,20260827-XRD125UFDR-002-B
1789,20260828,6,19,47,A,0.5,False,Stand By Inoperativo,20260828-XRD125UFDR-002-A
1790,20260828,6,19,47,B,1.0,False,Stand By Inoperativo,20260828-XRD125UFDR-002-B
1791,20260829,6,19,47,A,0.5,False,Stand By Inoperativo,20260829-XRD125UFDR-002-A
1792,20260829,6,19,47,B,1.0,False,Stand By Inoperativo,20260829-XRD125UFDR-002-B
1793,20260830,6,19,47,A,0.5,False,Stand By Inoperativo,20260830-XRD125UFDR-002-A
1794,20260826,6,20,47,A,1.0,False,Stand By Inoperativo,20260826-XRD150U-008-A
1795,20260826,6,20,47,B,0.5,False,Stand By Inoperativo,20260826-XRD150U-008-B
1796,20260827,6,20,47,A,1.0,False,Stand By Inoperativo,20260827-XRD150U-008-A
1797,20260828,6,20,47,A,1.0,False,Stand By Inoperativo,20260828-XRD150U-008-A
1798,20260828,6,20,47,B,0.5,False,Stand By Inoperativo,20260828-XRD150U-008-B
1799,20260829,6,20,47,A,1.0,False,Stand By Inoperativo,20260829-XRD150U-008-A
1800,20260829,6,20,47,B,0.5,False,Stand By Inoperativo,20260829-XRD150U-008-B
1801,20260830,6,20,47,A,0.5,False,Stand By Inoperativo,20260830-XRD150U-008-A
1802,20260830,6,20,47,B,0.5,False,Stand By Inoperativo,20260830-XRD150U-008-B
1803,20260826,7,23,47,B,0.5,False,Stand By Inoperativo,20260826-XRD80USS-012-B
1804,20260827,7,23,47,B,0.5,False,Stand By Inoperativo,20260827-XRD80USS-012-B
1805,20260829,7,23,47,A,0.5,False,Stand By Inoperativo,20260829-XRD80USS-012-A
1806,20260830,7,23,47,B,0.5,False,Stand By Inoperativo,20260830-XRD80USS-012-B
1807,20260826,8,27,47,A,1.0,False,Stand By Inoperativo,20260826-XRD80ITH-001-A
1808,20260828,8,27,47,A,1.0,False,Stand By Inoperativo,20260828-XRD80ITH-001-A
1809,20260828,8,27,47,B,0.5,False,Stand By Inoperativo,20260828-XRD80ITH-001-B
1810,20260826,8,24,47,A,1.0,False,Stand By Inoperativo,20260826-XLM75UFDR-002-A
1811,20260826,8,24,47,B,1.0,False,Stand By Inoperativo,20260826-XLM75UFDR-002-B
1812,20260827,8,24,47,A,0.5,False,Stand By Inoperativo,20260827-XLM75UFDR-002-A
1813,20260827,8,24,47,B,0.5,False,Stand By Inoperativo,20260827-XLM75UFDR-002-B
1814,20260828,8,24,47,A,0.5,False,Stand By Inoperativo,20260828-XLM75UFDR-002-A
1815,20260828,8,24,47,B,0.5,False,Stand By Inoperativo,20260828-XLM75UFDR-002-B
1816,20260829,8,24,47,A,0.5,False,Stand By Inoperativo,20260829-XLM75UFDR-002-A
1817,20260830,8,24,47,A,0.5,False,Stand By Inoperativo,20260830-XLM75UFDR-002-A
1818,20260830,8,24,47,B,1.0,False,Stand By Inoperativo,20260830-XLM75UFDR-002-B
1819,20260826,8,25,47,A,1.0,False,Stand By Inoperativo,20260826-XLM75UFDR-004-A
1820,20260826,8,25,47,B,3.0,False,Stand By Inoperativo,20260826-XLM75UFDR-004-B
1821,20260827,8,25,47,B,1.0,False,Stand By Inoperativo,20260827-XLM75UFDR-004-B
1822,20260828,8,25,47,A,1.5,False,Stand By Inoperativo,20260828-XLM75UFDR-004-A
1823,20260828,8,25,47,B,1.5,False,Stand By Inoperativo,20260828-XLM75UFDR-004-B
1824,20260829,8,25,47,A,1.5,False,Stand By Inoperativo,20260829-XLM75UFDR-004-A
1825,20260829,8,25,47,B,1.5,False,Stand By Inoperativo,20260829-XLM75UFDR-004-B
1826,20260830,8,25,47,A,1.5,False,Stand By Inoperativo,20260830-XLM75UFDR-004-A
1827,20260830,8,25,47,B,1.0,False,Stand By Inoperativo,20260830-XLM75UFDR-004-B
1828,20260826,8,26,47,A,0.5,False,Stand By Inoperativo,20260826-XRD150USS-003-A
1829,20260826,8,26,47,B,1.0,False,Stand By Inoperativo,20260826-XRD150USS-003-B
1830,20260827,8,26,47,A,1.0,False,Stand By Inoperativo,20260827-XRD150USS-003-A
1831,20260827,8,26,47,B,0.5,False,Stand By Inoperativo,20260827-XRD150USS-003-B
1832,20260828,8,26,47,A,0.5,False,Stand By Inoperativo,20260828-XRD150USS-003-A
1833,20260828,8,26,47,B,0.5,False,Stand By Inoperativo,20260828-XRD150USS-003-B
1834,20260829,8,26,47,A,0.5,False,Stand By Inoperativo,20260829-XRD150USS-003-A
1835,20260829,8,26,47,B,0.5,False,Stand By Inoperativo,20260829-XRD150USS-003-B
1836,20260830,8,26,47,B,1.0,False,Stand By Inoperativo,20260830-XRD150USS-003-B
1837,20260826,9,28,47,A,0.5,False,Stand By Inoperativo,20260826-XRD100ST-001-A
1838,20260826,9,28,47,B,0.5,False,Stand By Inoperativo,20260826-XRD100ST-001-B
1839,20260827,9,28,47,A,0.5,False,Stand By Inoperativo,20260827-XRD100ST-001-A
1840,20260828,9,28,47,A,0.5,False,Stand By Inoperativo,20260828-XRD100ST-001-A
1841,20260829,9,28,47,A,0.5,False,Stand By Inoperativo,20260829-XRD100ST-001-A
1842,20260830,9,28,47,A,0.5,False,Stand By Inoperativo,20260830-XRD100ST-001-A
1843,20260830,9,28,47,B,0.5,False,Stand By Inoperativo,20260830-XRD100ST-001-B
1844,20260827,10,33,47,A,2.0,False,Stand By Inoperativo,20260827-XRD80USS-008-A
1845,20260828,10,33,47,A,0.5,False,Stand By Inoperativo,20260828-XRD80USS-008-A
1846,20260828,10,33,47,B,0.5,False,Stand By Inoperativo,20260828-XRD80USS-008-B
1847,20260829,10,33,47,A,2.0,False,Stand By Inoperativo,20260829-XRD80USS-008-A
1848,20260829,10,33,47,B,0.5,False,Stand By Inoperativo,20260829-XRD80USS-008-B
1849,20260830,10,33,47,A,0.5,False,Stand By Inoperativo,20260830-XRD80USS-008-A
1850,20260830,10,33,47,B,0.5,False,Stand By Inoperativo,20260830-XRD80USS-008-B
1851,20260826,10,35,47,A,0.5,False,Stand By Inoperativo,20260826-XRD90U-016-A
1852,20260826,10,35,47,B,0.5,False,Stand By Inoperativo,20260826-XRD90U-016-B
1853,20260827,10,35,47,A,2.0,False,Stand By Inoperativo,20260827-XRD90U-016-A
1854,20260827,10,35,47,B,1.0,False,Stand By Inoperativo,20260827-XRD90U-016-B
1855,20260828,10,35,47,A,0.5,False,Stand By Inoperativo,20260828-XRD90U-016-A
1856,20260828,10,35,47,B,0.5,False,Stand By Inoperativo,20260828-XRD90U-016-B
1857,20260829,10,35,47,A,0.5,False,Stand By Inoperativo,20260829-XRD90U-016-A
1858,20260829,10,35,47,B,0.5,False,Stand By Inoperativo,20260829-XRD90U-016-B
1859,20260830,10,35,47,A,0.5,False,Stand By Inoperativo,20260830-XRD90U-016-A
1860,20260830,10,35,47,B,0.5,False,Stand By Inoperativo,20260830-XRD90U-016-B
1861,20260826,10,30,47,A,1.0,False,Stand By Inoperativo,20260826-XRD150U-003-A
1862,20260826,10,30,47,B,1.0,False,Stand By Inoperativo,20260826-XRD150U-003-B
1863,20260827,10,30,47,A,1.0,False,Stand By Inoperativo,20260827-XRD150U-003-A
1864,20260827,10,30,47,B,1.0,False,Stand By Inoperativo,20260827-XRD150U-003-B
1865,20260828,10,30,47,B,0.5,False,Stand By Inoperativo,20260828-XRD150U-003-B
1866,20260829,10,30,47,A,1.0,False,Stand By Inoperativo,20260829-XRD150U-003-A
1867,20260829,10,30,47,B,0.5,False,Stand By Inoperativo,20260829-XRD150U-003-B
1868,20260830,10,30,47,A,1.0,False,Stand By Inoperativo,20260830-XRD150U-003-A
1869,20260830,10,30,47,B,0.5,False,Stand By Inoperativo,20260830-XRD150U-003-B
1870,20260826,10,29,47,A,0.5,False,Stand By Inoperativo,20260826-XLM75UFDR-001-A
1871,20260827,10,29,47,A,1.0,False,Stand By Inoperativo,20260827-XLM75UFDR-001-A
1872,20260827,10,29,47,B,1.0,False,Stand By Inoperativo,20260827-XLM75UFDR-001-B
1873,20260828,10,29,47,A,1.0,False,Stand By Inoperativo,20260828-XLM75UFDR-001-A
1874,20260830,10,29,47,A,1.0,False,Stand By Inoperativo,20260830-XLM75UFDR-001-A
1875,20260827,10,34,47,A,1.0,False,Stand By Inoperativo,20260827-XRD90U-012-A
1876,20260826,10,31,47,B,0.5,False,Stand By Inoperativo,20260826-XRD150USS-004-B
1877,20260826,10,31,47,B,0.5,False,Stand By Inoperativo,20260826-XRD150USS-004-B
1878,20260827,10,31,47,A,0.5,False,Stand By Inoperativo,20260827-XRD150USS-004-A
1879,20260827,10,31,47,B,0.5,False,Stand By Inoperativo,20260827-XRD150USS-004-B
1880,20260828,10,31,47,A,0.5,False,Stand By Inoperativo,20260828-XRD150USS-004-A
1881,20260829,10,31,47,A,0.5,False,Stand By Inoperativo,20260829-XRD150USS-004-A
1882,20260830,10,31,47,A,0.5,False,Stand By Inoperativo,20260830-XRD150USS-004-A
1883,20260826,11,36,47,A,0.5,False,Stand By Inoperativo,20260826-XRD150U-004-A
1884,20260826,11,36,47,B,0.5,False,Stand By Inoperativo,20260826-XRD150U-004-B
1885,20260827,11,36,47,A,0.5,False,Stand By Inoperativo,20260827-XRD150U-004-A
1886,20260827,11,36,47,B,0.5,False,Stand By Inoperativo,20260827-XRD150U-004-B
1887,20260828,11,36,47,A,1.0,False,Stand By Inoperativo,20260828-XRD150U-004-A
1888,20260828,11,36,47,B,0.5,False,Stand By Inoperativo,20260828-XRD150U-004-B
1889,20260829,11,36,47,A,0.5,False,Stand By Inoperativo,20260829-XRD150U-004-A
1890,20260829,11,36,47,B,0.5,False,Stand By Inoperativo,20260829-XRD150U-004-B
1891,20260830,11,36,47,A,0.5,False,Stand By Inoperativo,20260830-XRD150U-004-A
1892,20260830,11,36,47,B,0.5,False,Stand By Inoperativo,20260830-XRD150U-004-B
1893,20260826,11,37,47,A,0.5,False,Stand By Inoperativo,20260826-XRD150U-006-A
1894,20260826,11,37,47,B,0.5,False,Stand By Inoperativo,20260826-XRD150U-006-B
1895,20260827,11,37,47,A,0.5,False,Stand By Inoperativo,20260827-XRD150U-006-A
1896,20260827,11,37,47,B,0.5,False,Stand By Inoperativo,20260827-XRD150U-006-B
1897,20260828,11,37,47,A,0.5,False,Stand By Inoperativo,20260828-XRD150U-006-A
1898,20260828,11,37,47,B,0.5,False,Stand By Inoperativo,20260828-XRD150U-006-B
1899,20260829,11,37,47,A,0.5,False,Stand By Inoperativo,20260829-XRD150U-006-A
1900,20260829,11,37,47,B,0.5,False,Stand By Inoperativo,20260829-XRD150U-006-B
1901,20260830,11,37,47,A,0.5,False,Stand By Inoperativo,20260830-XRD150U-006-A
1902,20260830,11,37,47,B,0.5,False,Stand By Inoperativo,20260830-XRD150U-006-B
1903,20260826,12,40,47,A,0.5,False,Stand By Inoperativo,20260826-XRD90USS-005-A
1904,20260826,12,40,47,B,0.5,False,Stand By Inoperativo,20260826-XRD90USS-005-B
1905,20260827,12,40,47,A,1.0,False,Stand By Inoperativo,20260827-XRD90USS-005-A
1906,20260828,12,40,47,A,0.5,False,Stand By Inoperativo,20260828-XRD90USS-005-A
1907,20260829,12,40,47,A,1.0,False,Stand By Inoperativo,20260829-XRD90USS-005-A
1908,20260830,12,40,47,A,1.0,False,Stand By Inoperativo,20260830-XRD90USS-005-A
1909,20260826,12,38,47,B,0.5,False,Stand By Inoperativo,20260826-XRD150USS-002-B
1910,20260827,12,38,47,B,1.0,False,Stand By Inoperativo,20260827-XRD150USS-002-B
1911,20260828,12,38,47,B,0.5,False,Stand By Inoperativo,20260828-XRD150USS-002-B
1912,20260829,12,38,47,B,0.5,False,Stand By Inoperativo,20260829-XRD150USS-002-B
1913,20260830,12,38,47,B,0.5,False,Stand By Inoperativo,20260830-XRD150USS-002-B
1914,20260830,12,39,47,B,0.5,False,Stand By Inoperativo,20260830-XRD80USS-011-B
1915,20260826,13,44,47,A,1.0,False,Stand By Inoperativo,20260826-XRD90USS-004-A
1916,20260826,13,44,47,B,0.5,False,Stand By Inoperativo,20260826-XRD90USS-004-B
1917,20260827,13,44,47,A,1.0,False,Stand By Inoperativo,20260827-XRD90USS-004-A
1918,20260827,13,44,47,B,0.5,False,Stand By Inoperativo,20260827-XRD90USS-004-B
1919,20260828,13,44,47,A,1.0,False,Stand By Inoperativo,20260828-XRD90USS-004-A
1920,20260828,13,44,47,B,0.5,False,Stand By Inoperativo,20260828-XRD90USS-004-B
1921,20260829,13,44,47,A,1.0,False,Stand By Inoperativo,20260829-XRD90USS-004-A
1922,20260829,13,44,47,B,0.5,False,Stand By Inoperativo,20260829-XRD90USS-004-B
1923,20260830,13,44,47,A,1.0,False,Stand By Inoperativo,20260830-XRD90USS-004-A
1924,20260830,13,44,47,B,0.5,False,Stand By Inoperativo,20260830-XRD90USS-004-B
1925,20260826,13,43,47,A,0.5,False,Stand By Inoperativo,20260826-XRD90USS-001-A
1926,20260827,13,43,47,A,0.5,False,Stand By Inoperativo,20260827-XRD90USS-001-A
1927,20260827,13,43,47,B,0.5,False,Stand By Inoperativo,20260827-XRD90USS-001-B
1928,20260828,13,43,47,A,0.5,False,Stand By Inoperativo,20260828-XRD90USS-001-A
1929,20260828,13,43,47,B,0.5,False,Stand By Inoperativo,20260828-XRD90USS-001-B
1930,20260829,13,43,47,A,0.5,False,Stand By Inoperativo,20260829-XRD90USS-001-A
1931,20260830,13,43,47,A,0.5,False,Stand By Inoperativo,20260830-XRD90USS-001-A
1932,20260830,13,43,47,B,0.5,False,Stand By Inoperativo,20260830-XRD90USS-001-B
1933,20260826,13,42,47,A,0.5,False,Stand By Inoperativo,20260826-XRD150UBT-001-A
1934,20260826,13,42,47,B,1.0,False,Stand By Inoperativo,20260826-XRD150UBT-001-B
1935,20260827,13,42,47,A,0.5,False,Stand By Inoperativo,20260827-XRD150UBT-001-A
1936,20260827,13,42,47,B,0.5,False,Stand By Inoperativo,20260827-XRD150UBT-001-B
1937,20260828,13,42,47,A,0.5,False,Stand By Inoperativo,20260828-XRD150UBT-001-A
1938,20260828,13,42,47,B,0.5,False,Stand By Inoperativo,20260828-XRD150UBT-001-B
1939,20260829,13,42,47,A,0.5,False,Stand By Inoperativo,20260829-XRD150UBT-001-A
1940,20260829,13,42,47,B,0.5,False,Stand By Inoperativo,20260829-XRD150UBT-001-B
1941,20260830,13,42,47,A,0.5,False,Stand By Inoperativo,20260830-XRD150UBT-001-A
1942,20260830,13,42,47,B,0.5,False,Stand By Inoperativo,20260830-XRD150UBT-001-B
1943,20260826,13,41,47,A,0.5,False,Stand By Inoperativo,20260826-XRD150U-005-A
1944,20260827,13,41,47,A,0.5,False,Stand By Inoperativo,20260827-XRD150U-005-A
1945,20260827,13,41,47,B,0.5,False,Stand By Inoperativo,20260827-XRD150U-005-B
1946,20260828,13,41,47,B,0.5,False,Stand By Inoperativo,20260828-XRD150U-005-B
1947,20260829,13,41,47,A,0.5,False,Stand By Inoperativo,20260829-XRD150U-005-A
1948,20260829,13,41,47,B,0.5,False,Stand By Inoperativo,20260829-XRD150U-005-B
1949,20260830,13,41,47,A,0.5,False,Stand By Inoperativo,20260830-XRD150U-005-A
1950,20260830,13,41,47,B,0.5,False,Stand By Inoperativo,20260830-XRD150U-005-B
1951,20260826,14,48,47,A,0.5,False,Stand By Inoperativo,20260826-XRD90U-023-A
1952,20260826,14,48,47,B,1.0,False,Stand By Inoperativo,20260826-XRD90U-023-B
1953,20260827,14,48,47,A,1.0,False,Stand By Inoperativo,20260827-XRD90U-023-A
1954,20260827,14,48,47,B,1.0,False,Stand By Inoperativo,20260827-XRD90U-023-B
1955,20260828,14,48,47,A,1.0,False,Stand By Inoperativo,20260828-XRD90U-023-A
1956,20260828,14,48,47,B,1.0,False,Stand By Inoperativo,20260828-XRD90U-023-B
1957,20260829,14,48,47,A,6.0,False,Stand By Inoperativo,20260829-XRD90U-023-A
1958,20260829,14,48,47,B,8.0,False,Stand By Inoperativo,20260829-XRD90U-023-B
1959,20260830,14,48,47,B,1.0,False,Stand By Inoperativo,20260830-XRD90U-023-B
1960,20260826,14,47,47,A,0.5,False,Stand By Inoperativo,20260826-XRD90U-004-A
1961,20260826,14,47,47,B,0.5,False,Stand By Inoperativo,20260826-XRD90U-004-B
1962,20260827,14,47,47,A,0.5,False,Stand By Inoperativo,20260827-XRD90U-004-A
1963,20260829,14,47,47,A,6.0,False,Stand By Inoperativo,20260829-XRD90U-004-A
1964,20260829,14,47,47,B,8.0,False,Stand By Inoperativo,20260829-XRD90U-004-B
1965,20260830,14,47,47,B,0.5,False,Stand By Inoperativo,20260830-XRD90U-004-B
1966,20260826,14,46,47,B,1.0,False,Stand By Inoperativo,20260826-XRD150U-012-B
1967,20260827,14,46,47,A,1.0,False,Stand By Inoperativo,20260827-XRD150U-012-A
1968,20260828,14,46,47,A,1.0,False,Stand By Inoperativo,20260828-XRD150U-012-A
1969,20260829,14,46,47,A,1.0,False,Stand By Inoperativo,20260829-XRD150U-012-A
1970,20260826,14,45,47,A,0.5,False,Stand By Inoperativo,20260826-DE710ST-001-A
1971,20260826,14,45,47,B,0.5,False,Stand By Inoperativo,20260826-DE710ST-001-B
1972,20260827,14,45,47,B,0.5,False,Stand By Inoperativo,20260827-DE710ST-001-B
1973,20260828,14,45,47,A,0.5,False,Stand By Inoperativo,20260828-DE710ST-001-A
1974,20260828,14,45,47,B,0.5,False,Stand By Inoperativo,20260828-DE710ST-001-B
1975,20260829,14,45,47,A,0.5,False,Stand By Inoperativo,20260829-DE710ST-001-A
1976,20260830,14,45,47,A,0.5,False,Stand By Inoperativo,20260830-DE710ST-001-A
1977,20260830,14,45,47,B,0.5,False,Stand By Inoperativo,20260830-DE710ST-001-B
1978,20260826,15,49,47,A,1.0,False,Stand By Inoperativo,20260826-DE710T-002-A
1979,20260826,15,49,47,B,1.0,False,Stand By Inoperativo,20260826-DE710T-002-B
1980,20260827,15,49,47,B,0.5,False,Stand By Inoperativo,20260827-DE710T-002-B
1981,20260828,15,49,47,B,0.5,False,Stand By Inoperativo,20260828-DE710T-002-B
1982,20260829,15,49,47,B,0.5,False,Stand By Inoperativo,20260829-DE710T-002-B
1983,20260826,15,50,47,A,0.5,False,Stand By Inoperativo,20260826-XRD150U-009-A
1984,20260826,15,50,47,B,0.5,False,Stand By Inoperativo,20260826-XRD150U-009-B
1985,20260827,15,50,47,B,0.5,False,Stand By Inoperativo,20260827-XRD150U-009-B
1986,20260828,15,50,47,A,0.5,False,Stand By Inoperativo,20260828-XRD150U-009-A
1987,20260828,15,50,47,B,0.5,False,Stand By Inoperativo,20260828-XRD150U-009-B
1988,20260829,15,50,47,A,0.5,False,Stand By Inoperativo,20260829-XRD150U-009-A
1989,20260830,15,50,47,A,0.5,False,Stand By Inoperativo,20260830-XRD150U-009-A
1990,20260830,15,50,47,B,0.5,False,Stand By Inoperativo,20260830-XRD150U-009-B
1991,20260826,16,51,47,A,0.5,False,Stand By Inoperativo,20260826-XRD150U-007-A
1992,20260826,16,51,47,B,0.5,False,Stand By Inoperativo,20260826-XRD150U-007-B
1993,20260827,16,51,47,A,0.5,False,Stand By Inoperativo,20260827-XRD150U-007-A
1994,20260827,16,51,47,B,1.0,False,Stand By Inoperativo,20260827-XRD150U-007-B
1995,20260828,16,51,47,A,1.0,False,Stand By Inoperativo,20260828-XRD150U-007-A
1996,20260829,16,51,47,A,0.5,False,Stand By Inoperativo,20260829-XRD150U-007-A
1997,20260830,16,51,47,A,1.0,False,Stand By Inoperativo,20260830-XRD150U-007-A
1998,20260830,16,51,47,B,0.5,False,Stand By Inoperativo,20260830-XRD150U-007-B
1999,20260826,17,54,47,A,0.5,False,Stand By Inoperativo,20260826-XRD50USS-003-A
2000,20260826,17,54,47,B,0.5,False,Stand By Inoperativo,20260826-XRD50USS-003-B
2001,20260827,17,54,47,A,1.0,False,Stand By Inoperativo,20260827-XRD50USS-003-A
2002,20260827,17,54,47,B,0.5,False,Stand By Inoperativo,20260827-XRD50USS-003-B
2003,20260828,17,54,47,A,0.5,False,Stand By Inoperativo,20260828-XRD50USS-003-A
2004,20260828,17,54,47,B,0.5,False,Stand By Inoperativo,20260828-XRD50USS-003-B
2005,20260829,17,54,47,A,0.5,False,Stand By Inoperativo,20260829-XRD50USS-003-A
2006,20260830,17,54,47,B,1.0,False,Stand By Inoperativo,20260830-XRD50USS-003-B
2007,20260826,17,52,47,A,1.0,False,Stand By Inoperativo,20260826-XDR50USS-00T-A
2008,20260826,17,52,47,B,1.0,False,Stand By Inoperativo,20260826-XDR50USS-00T-B
2009,20260827,17,52,47,B,1.0,False,Stand By Inoperativo,20260827-XDR50USS-00T-B
2010,20260828,17,52,47,A,0.5,False,Stand By Inoperativo,20260828-XDR50USS-00T-A
2011,20260828,17,52,47,B,1.0,False,Stand By Inoperativo,20260828-XDR50USS-00T-B
2012,20260829,17,52,47,A,0.5,False,Stand By Inoperativo,20260829-XDR50USS-00T-A
2013,20260829,17,52,47,B,1.0,False,Stand By Inoperativo,20260829-XDR50USS-00T-B
2014,20260830,17,52,47,B,1.0,False,Stand By Inoperativo,20260830-XDR50USS-00T-B
2015,20260827,17,53,47,A,0.5,False,Stand By Inoperativo,20260827-XRD125USS-001-A
2016,20260827,17,53,47,B,0.5,False,Stand By Inoperativo,20260827-XRD125USS-001-B
2017,20260828,17,53,47,B,0.5,False,Stand By Inoperativo,20260828-XRD125USS-001-B
2018,20260829,17,53,47,A,0.5,False,Stand By Inoperativo,20260829-XRD125USS-001-A
2019,20260829,17,53,47,B,0.5,False,Stand By Inoperativo,20260829-XRD125USS-001-B
2020,20260830,17,53,47,B,1.0,False,Stand By Inoperativo,20260830-XRD125USS-001-B
2021,20260826,18,56,47,B,1.0,False,Stand By Inoperativo,20260826-XRD150USS-001-B
2022,20260827,18,56,47,A,1.0,False,Stand By Inoperativo,20260827-XRD150USS-001-A
2023,20260827,18,56,47,B,0.5,False,Stand By Inoperativo,20260827-XRD150USS-001-B
2024,20260828,18,56,47,A,1.0,False,Stand By Inoperativo,20260828-XRD150USS-001-A
2025,20260828,18,56,47,B,1.0,False,Stand By Inoperativo,20260828-XRD150USS-001-B
2026,20260829,18,56,47,A,1.0,False,Stand By Inoperativo,20260829-XRD150USS-001-A
2027,20260829,18,56,47,B,1.0,False,Stand By Inoperativo,20260829-XRD150USS-001-B
2028,20260830,18,56,47,A,1.0,False,Stand By Inoperativo,20260830-XRD150USS-001-A
2029,20260830,18,56,47,B,0.5,False,Stand By Inoperativo,20260830-XRD150USS-001-B
2030,20260826,18,55,47,B,1.0,False,Stand By Inoperativo,20260826-XRD150U-011-B
2031,20260827,18,55,47,A,1.0,False,Stand By Inoperativo,20260827-XRD150U-011-A
2032,20260827,18,55,47,B,1.0,False,Stand By Inoperativo,20260827-XRD150U-011-B
2033,20260828,18,55,47,B,1.0,False,Stand By Inoperativo,20260828-XRD150U-011-B
2034,20260830,18,55,47,B,0.5,False,Stand By Inoperativo,20260830-XRD150U-011-B
2035,20260830,2,5,48,B,0.5,False,Stand By Inoperativo,20260830-XRD80USS-010-B
2036,20260827,2,4,48,B,0.5,False,Stand By Inoperativo,20260827-XRD150U-001-B
2037,20260830,2,4,48,B,0.5,False,Stand By Inoperativo,20260830-XRD150U-001-B
2038,20260830,2,3,48,A,0.5,False,Stand By Inoperativo,20260830-LF90D ST-002-A
2039,20260826,3,8,48,B,0.5,False,Stand By Inoperativo,20260826-XRD50U-003-B
2040,20260826,3,6,48,A,0.5,False,Stand By Inoperativo,20260826-XRD100U-001-A
2041,20260827,6,21,48,A,0.5,False,Stand By Inoperativo,20260827-XRD50UFDR-001-A
2042,20260828,6,21,48,A,0.5,False,Stand By Inoperativo,20260828-XRD50UFDR-001-A
2043,20260826,6,18,48,B,1.0,False,Stand By Inoperativo,20260826-XLM75UFDR-003-B
2044,20260828,6,18,48,B,0.5,False,Stand By Inoperativo,20260828-XLM75UFDR-003-B
2045,20260829,6,18,48,B,0.5,False,Stand By Inoperativo,20260829-XLM75UFDR-003-B
2046,20260830,6,18,48,B,0.5,False,Stand By Inoperativo,20260830-XLM75UFDR-003-B
2047,20260826,6,22,48,B,2.0,False,Stand By Inoperativo,20260826-XRD80USS-006-B
2048,20260826,6,19,48,A,1.0,False,Stand By Inoperativo,20260826-XRD125UFDR-002-A
2049,20260826,6,19,48,B,0.5,False,Stand By Inoperativo,20260826-XRD125UFDR-002-B
2050,20260827,6,19,48,A,0.5,False,Stand By Inoperativo,20260827-XRD125UFDR-002-A
2051,20260827,6,19,48,B,0.5,False,Stand By Inoperativo,20260827-XRD125UFDR-002-B
2052,20260828,6,19,48,A,0.5,False,Stand By Inoperativo,20260828-XRD125UFDR-002-A
2053,20260828,6,19,48,B,0.5,False,Stand By Inoperativo,20260828-XRD125UFDR-002-B
2054,20260829,6,19,48,B,0.5,False,Stand By Inoperativo,20260829-XRD125UFDR-002-B
2055,20260830,6,19,48,A,0.5,False,Stand By Inoperativo,20260830-XRD125UFDR-002-A
2056,20260828,6,20,48,A,1.0,False,Stand By Inoperativo,20260828-XRD150U-008-A
2057,20260826,7,23,48,A,0.5,False,Stand By Inoperativo,20260826-XRD80USS-012-A
2058,20260827,7,23,48,A,3.0,False,Stand By Inoperativo,20260827-XRD80USS-012-A
2059,20260827,7,23,48,B,1.0,False,Stand By Inoperativo,20260827-XRD80USS-012-B
2060,20260828,7,23,48,A,1.5,False,Stand By Inoperativo,20260828-XRD80USS-012-A
2061,20260828,7,23,48,B,1.0,False,Stand By Inoperativo,20260828-XRD80USS-012-B
2062,20260829,7,23,48,A,1.0,False,Stand By Inoperativo,20260829-XRD80USS-012-A
2063,20260829,7,23,48,B,1.0,False,Stand By Inoperativo,20260829-XRD80USS-012-B
2064,20260830,7,23,48,A,1.0,False,Stand By Inoperativo,20260830-XRD80USS-012-A
2065,20260830,7,23,48,B,0.5,False,Stand By Inoperativo,20260830-XRD80USS-012-B
2066,20260826,8,24,48,A,1.0,False,Stand By Inoperativo,20260826-XLM75UFDR-002-A
2067,20260826,8,24,48,B,1.0,False,Stand By Inoperativo,20260826-XLM75UFDR-002-B
2068,20260827,8,24,48,A,0.5,False,Stand By Inoperativo,20260827-XLM75UFDR-002-A
2069,20260827,8,24,48,B,0.5,False,Stand By Inoperativo,20260827-XLM75UFDR-002-B
2070,20260828,8,24,48,A,0.5,False,Stand By Inoperativo,20260828-XLM75UFDR-002-A
2071,20260829,8,24,48,A,0.5,False,Stand By Inoperativo,20260829-XLM75UFDR-002-A
2072,20260829,8,24,48,B,0.5,False,Stand By Inoperativo,20260829-XLM75UFDR-002-B
2073,20260830,8,24,48,A,0.5,False,Stand By Inoperativo,20260830-XLM75UFDR-002-A
2074,20260830,8,24,48,B,1.0,False,Stand By Inoperativo,20260830-XLM75UFDR-002-B
2075,20260826,8,25,48,A,1.0,False,Stand By Inoperativo,20260826-XLM75UFDR-004-A
2076,20260826,8,25,48,B,0.5,False,Stand By Inoperativo,20260826-XLM75UFDR-004-B
2077,20260827,8,25,48,A,1.0,False,Stand By Inoperativo,20260827-XLM75UFDR-004-A
2078,20260827,8,25,48,B,0.5,False,Stand By Inoperativo,20260827-XLM75UFDR-004-B
2079,20260828,8,25,48,B,0.5,False,Stand By Inoperativo,20260828-XLM75UFDR-004-B
2080,20260829,8,25,48,B,0.5,False,Stand By Inoperativo,20260829-XLM75UFDR-004-B
2081,20260830,8,25,48,A,0.5,False,Stand By Inoperativo,20260830-XLM75UFDR-004-A
2082,20260830,8,25,48,B,0.5,False,Stand By Inoperativo,20260830-XLM75UFDR-004-B
2083,20260827,8,26,48,A,0.5,False,Stand By Inoperativo,20260827-XRD150USS-003-A
2084,20260827,8,26,48,B,0.5,False,Stand By Inoperativo,20260827-XRD150USS-003-B
2085,20260828,8,26,48,A,0.5,False,Stand By Inoperativo,20260828-XRD150USS-003-A
2086,20260828,8,26,48,B,0.5,False,Stand By Inoperativo,20260828-XRD150USS-003-B
2087,20260829,8,26,48,A,0.5,False,Stand By Inoperativo,20260829-XRD150USS-003-A
2088,20260829,8,26,48,B,0.5,False,Stand By Inoperativo,20260829-XRD150USS-003-B
2089,20260830,8,26,48,A,0.5,False,Stand By Inoperativo,20260830-XRD150USS-003-A
2090,20260828,10,29,48,A,1.0,False,Stand By Inoperativo,20260828-XLM75UFDR-001-A
2091,20260829,10,29,48,A,1.0,False,Stand By Inoperativo,20260829-XLM75UFDR-001-A
2092,20260826,13,44,48,B,0.5,False,Stand By Inoperativo,20260826-XRD90USS-004-B
2093,20260827,13,44,48,A,1.0,False,Stand By Inoperativo,20260827-XRD90USS-004-A
2094,20260827,13,44,48,B,0.5,False,Stand By Inoperativo,20260827-XRD90USS-004-B
2095,20260828,13,44,48,A,1.0,False,Stand By Inoperativo,20260828-XRD90USS-004-A
2096,20260828,13,44,48,B,0.5,False,Stand By Inoperativo,20260828-XRD90USS-004-B
2097,20260829,13,44,48,A,0.5,False,Stand By Inoperativo,20260829-XRD90USS-004-A
2098,20260829,13,44,48,B,0.5,False,Stand By Inoperativo,20260829-XRD90USS-004-B
2099,20260830,13,44,48,A,0.5,False,Stand By Inoperativo,20260830-XRD90USS-004-A
2100,20260830,13,44,48,B,0.5,False,Stand By Inoperativo,20260830-XRD90USS-004-B
2101,20260828,13,43,48,A,0.5,False,Stand By Inoperativo,20260828-XRD90USS-001-A
2102,20260829,13,43,48,B,0.5,False,Stand By Inoperativo,20260829-XRD90USS-001-B
2103,20260830,13,43,48,A,0.5,False,Stand By Inoperativo,20260830-XRD90USS-001-A
2104,20260830,13,43,48,B,0.5,False,Stand By Inoperativo,20260830-XRD90USS-001-B
2105,20260827,13,42,48,A,0.5,False,Stand By Inoperativo,20260827-XRD150UBT-001-A
2106,20260827,13,42,48,B,0.5,False,Stand By Inoperativo,20260827-XRD150UBT-001-B
2107,20260828,13,42,48,A,0.5,False,Stand By Inoperativo,20260828-XRD150UBT-001-A
2108,20260828,13,42,48,B,0.5,False,Stand By Inoperativo,20260828-XRD150UBT-001-B
2109,20260829,13,42,48,A,0.5,False,Stand By Inoperativo,20260829-XRD150UBT-001-A
2110,20260829,13,42,48,B,0.5,False,Stand By Inoperativo,20260829-XRD150UBT-001-B
2111,20260830,13,42,48,A,0.5,False,Stand By Inoperativo,20260830-XRD150UBT-001-A
2112,20260830,13,42,48,B,0.5,False,Stand By Inoperativo,20260830-XRD150UBT-001-B
2113,20260826,13,41,48,B,0.5,False,Stand By Inoperativo,20260826-XRD150U-005-B
2114,20260827,13,41,48,A,0.5,False,Stand By Inoperativo,20260827-XRD150U-005-A
2115,20260829,13,41,48,A,0.5,False,Stand By Inoperativo,20260829-XRD150U-005-A
2116,20260830,13,41,48,A,0.5,False,Stand By Inoperativo,20260830-XRD150U-005-A
2117,20260826,14,48,48,B,1.0,False,Stand By Inoperativo,20260826-XRD90U-023-B
2118,20260828,14,48,48,A,1.0,False,Stand By Inoperativo,20260828-XRD90U-023-A
2119,20260828,14,48,48,B,1.0,False,Stand By Inoperativo,20260828-XRD90U-023-B
2120,20260830,14,48,48,B,1.0,False,Stand By Inoperativo,20260830-XRD90U-023-B
2121,20260826,14,45,48,B,0.5,False,Stand By Inoperativo,20260826-DE710ST-001-B
2122,20260830,14,45,48,B,2.0,False,Stand By Inoperativo,20260830-DE710ST-001-B
2123,20260828,15,50,48,B,0.5,False,Stand By Inoperativo,20260828-XRD150U-009-B
2124,20260829,15,50,48,B,0.5,False,Stand By Inoperativo,20260829-XRD150U-009-B
2125,20260829,16,51,48,A,3.0,False,Stand By Inoperativo,20260829-XRD150U-007-A
2126,20260829,16,51,48,B,1.0,False,Stand By Inoperativo,20260829-XRD150U-007-B
2127,20260830,16,51,48,A,4.5,False,Stand By Inoperativo,20260830-XRD150U-007-A
2128,20260828,17,53,48,B,0.5,False,Stand By Inoperativo,20260828-XRD125USS-001-B
2129,20260827,18,56,48,A,2.0,False,Stand By Inoperativo,20260827-XRD150USS-001-A
2130,20260827,18,56,48,B,1.0,False,Stand By Inoperativo,20260827-XRD150USS-001-B
2131,20260828,1,1,50,A,1.5,False,Stand By Inoperativo,20260828-XRD50U-002-A
2132,20260828,1,1,50,B,3.0,False,Stand By Inoperativo,20260828-XRD50U-002-B
2133,20260829,1,1,50,B,2.0,False,Stand By Inoperativo,20260829-XRD50U-002-B
2134,20260830,1,1,50,A,1.0,False,Stand By Inoperativo,20260830-XRD50U-002-A
2135,20260827,1,2,50,A,4.0,False,Stand By Inoperativo,20260827-XRD50USS-001-A
2136,20260826,3,8,50,A,3.0,False,Stand By Inoperativo,20260826-XRD50U-003-A
2137,20260826,3,8,50,B,2.0,False,Stand By Inoperativo,20260826-XRD50U-003-B
2138,20260829,3,8,50,B,2.5,False,Stand By Inoperativo,20260829-XRD50U-003-B
2139,20260830,3,8,50,A,2.0,False,Stand By Inoperativo,20260830-XRD50U-003-A
2140,20260828,3,6,50,B,7.0,False,Stand By Inoperativo,20260828-XRD100U-001-B
2141,20260829,3,6,50,A,2.0,False,Stand By Inoperativo,20260829-XRD100U-001-A
2142,20260827,3,10,50,B,2.5,False,Stand By Inoperativo,20260827-XRD90U-005-B
2143,20260828,3,10,50,B,1.0,False,Stand By Inoperativo,20260828-XRD90U-005-B
2144,20260829,3,10,50,A,6.0,False,Stand By Inoperativo,20260829-XRD90U-005-A
2145,20260829,3,10,50,B,1.0,False,Stand By Inoperativo,20260829-XRD90U-005-B
2146,20260830,3,10,50,A,2.0,False,Stand By Inoperativo,20260830-XRD90U-005-A
2147,20260826,4,11,50,A,2.0,False,Stand By Inoperativo,20260826-XRD150U-002-A
2148,20260826,4,11,50,B,1.0,False,Stand By Inoperativo,20260826-XRD150U-002-B
2149,20260830,5,13,50,A,2.5,False,Stand By Inoperativo,20260830-LM90U-001-A
2150,20260828,5,17,50,A,2.0,False,Stand By Inoperativo,20260828-XRD90USS-003-A
2151,20260828,5,17,50,B,2.5,False,Stand By Inoperativo,20260828-XRD90USS-003-B
2152,20260828,5,15,50,A,4.5,False,Stand By Inoperativo,20260828-XRD150USS-005-A
2153,20260829,5,15,50,A,3.5,False,Stand By Inoperativo,20260829-XRD150USS-005-A
2154,20260830,5,15,50,A,4.5,False,Stand By Inoperativo,20260830-XRD150USS-005-A
2155,20260830,5,15,50,B,1.5,False,Stand By Inoperativo,20260830-XRD150USS-005-B
2156,20260828,5,12,50,B,0.5,False,Stand By Inoperativo,20260828-LM110U-001-B
2157,20260827,6,21,50,B,1.0,False,Stand By Inoperativo,20260827-XRD50UFDR-001-B
2158,20260829,6,21,50,B,0.5,False,Stand By Inoperativo,20260829-XRD50UFDR-001-B
2159,20260826,6,18,50,A,1.0,False,Stand By Inoperativo,20260826-XLM75UFDR-003-A
2160,20260830,6,18,50,B,0.5,False,Stand By Inoperativo,20260830-XLM75UFDR-003-B
2161,20260826,6,22,50,B,2.0,False,Stand By Inoperativo,20260826-XRD80USS-006-B
2162,20260830,6,20,50,B,1.5,False,Stand By Inoperativo,20260830-XRD150U-008-B
2163,20260828,8,27,50,A,3.0,False,Stand By Inoperativo,20260828-XRD80ITH-001-A
2164,20260827,8,25,50,A,3.5,False,Stand By Inoperativo,20260827-XLM75UFDR-004-A
2165,20260827,8,25,50,B,0.5,False,Stand By Inoperativo,20260827-XLM75UFDR-004-B
2166,20260826,8,26,50,A,3.0,False,Stand By Inoperativo,20260826-XRD150USS-003-A
2167,20260826,8,26,50,B,4.0,False,Stand By Inoperativo,20260826-XRD150USS-003-B
2168,20260827,8,26,50,A,1.5,False,Stand By Inoperativo,20260827-XRD150USS-003-A
2169,20260826,9,28,50,B,6.0,False,Stand By Inoperativo,20260826-XRD100ST-001-B
2170,20260828,9,28,50,A,8.0,False,Stand By Inoperativo,20260828-XRD100ST-001-A
2171,20260827,10,33,50,A,2.5,False,Stand By Inoperativo,20260827-XRD80USS-008-A
2172,20260828,10,33,50,A,2.0,False,Stand By Inoperativo,20260828-XRD80USS-008-A
2173,20260828,10,33,50,B,2.0,False,Stand By Inoperativo,20260828-XRD80USS-008-B
2174,20260830,10,33,50,B,1.0,False,Stand By Inoperativo,20260830-XRD80USS-008-B
2175,20260827,10,29,50,B,1.0,False,Stand By Inoperativo,20260827-XLM75UFDR-001-B
2176,20260829,10,29,50,A,1.0,False,Stand By Inoperativo,20260829-XLM75UFDR-001-A
2177,20260826,10,31,50,A,1.5,False,Stand By Inoperativo,20260826-XRD150USS-004-A
2178,20260827,10,31,50,A,2.5,False,Stand By Inoperativo,20260827-XRD150USS-004-A
2179,20260827,10,31,50,B,0.5,False,Stand By Inoperativo,20260827-XRD150USS-004-B
2180,20260828,10,31,50,B,3.0,False,Stand By Inoperativo,20260828-XRD150USS-004-B
2181,20260830,10,31,50,B,6.0,False,Stand By Inoperativo,20260830-XRD150USS-004-B
2182,20260828,12,39,50,A,2.0,False,Stand By Inoperativo,20260828-XRD80USS-011-A
2183,20260826,13,44,50,B,0.5,False,Stand By Inoperativo,20260826-XRD90USS-004-B
2184,20260828,13,43,50,B,1.5,False,Stand By Inoperativo,20260828-XRD90USS-001-B
2185,20260829,13,43,50,A,0.5,False,Stand By Inoperativo,20260829-XRD90USS-001-A
2186,20260826,13,42,50,A,3.0,False,Stand By Inoperativo,20260826-XRD150UBT-001-A
2187,20260826,13,42,50,B,1.5,False,Stand By Inoperativo,20260826-XRD150UBT-001-B
2188,20260827,13,42,50,A,1.0,False,Stand By Inoperativo,20260827-XRD150UBT-001-A
2189,20260827,14,48,50,B,1.0,False,Stand By Inoperativo,20260827-XRD90U-023-B
2190,20260828,14,48,50,A,1.0,False,Stand By Inoperativo,20260828-XRD90U-023-A
2191,20260826,14,46,50,A,2.0,False,Stand By Inoperativo,20260826-XRD150U-012-A
2192,20260826,14,46,50,B,6.0,False,Stand By Inoperativo,20260826-XRD150U-012-B
2193,20260827,14,46,50,A,3.0,False,Stand By Inoperativo,20260827-XRD150U-012-A
2194,20260828,14,46,50,A,3.0,False,Stand By Inoperativo,20260828-XRD150U-012-A
2195,20260829,14,46,50,A,6.0,False,Stand By Inoperativo,20260829-XRD150U-012-A
2196,20260830,14,45,50,B,2.0,False,Stand By Inoperativo,20260830-DE710ST-001-B
2197,20260829,16,51,50,B,3.0,False,Stand By Inoperativo,20260829-XRD150U-007-B
2198,20260829,17,52,50,A,3.5,False,Stand By Inoperativo,20260829-XDR50USS-00T-A
2199,20260827,18,56,50,A,1.0,False,Stand By Inoperativo,20260827-XRD150USS-001-A
2200,20260827,18,56,50,B,1.0,False,Stand By Inoperativo,20260827-XRD150USS-001-B
2201,20260827,18,55,50,A,0.5,False,Stand By Inoperativo,20260827-XRD150U-011-A
2202,20260829,18,55,50,B,2.0,False,Stand By Inoperativo,20260829-XRD150U-011-B
2203,20260827,1,2,51,A,3.0,False,Stand By Inoperativo,20260827-XRD50USS-001-A
2204,20260829,3,6,51,A,2.0,False,Stand By Inoperativo,20260829-XRD100U-001-A
2205,20260828,8,27,51,A,0.5,False,Stand By Inoperativo,20260828-XRD80ITH-001-A
2206,20260826,8,26,51,A,0.5,False,Stand By Inoperativo,20260826-XRD150USS-003-A
2207,20260828,8,26,51,B,0.5,False,Stand By Inoperativo,20260828-XRD150USS-003-B
2208,20260830,8,26,51,B,0.5,False,Stand By Inoperativo,20260830-XRD150USS-003-B
2209,20260828,9,28,51,B,1.0,False,Stand By Inoperativo,20260828-XRD100ST-001-B
2210,20260829,10,33,51,B,1.5,False,Stand By Inoperativo,20260829-XRD80USS-008-B
2211,20260827,13,44,51,A,1.0,False,Stand By Inoperativo,20260827-XRD90USS-004-A
2212,20260826,13,42,51,A,2.0,False,Stand By Inoperativo,20260826-XRD150UBT-001-A
2213,20260830,1,1,52,A,2.0,False,Stand By Inoperativo,20260830-XRD50U-002-A
2214,20260826,1,2,52,A,0.5,False,Stand By Inoperativo,20260826-XRD50USS-001-A
2215,20260827,2,4,52,B,0.5,False,Stand By Inoperativo,20260827-XRD150U-001-B
2216,20260826,3,8,52,B,1.0,False,Stand By Inoperativo,20260826-XRD50U-003-B
2217,20260829,3,6,52,A,1.5,False,Stand By Inoperativo,20260829-XRD100U-001-A
2218,20260827,3,10,52,B,2.0,False,Stand By Inoperativo,20260827-XRD90U-005-B
2219,20260828,3,10,52,A,2.0,False,Stand By Inoperativo,20260828-XRD90U-005-A
2220,20260828,3,10,52,B,1.0,False,Stand By Inoperativo,20260828-XRD90U-005-B
2221,20260829,3,10,52,A,2.0,False,Stand By Inoperativo,20260829-XRD90U-005-A
2222,20260830,3,10,52,A,2.0,False,Stand By Inoperativo,20260830-XRD90U-005-A
2223,20260830,3,7,52,B,2.0,False,Stand By Inoperativo,20260830-XRD125UFDR-001-B
2224,20260830,5,13,52,A,0.5,False,Stand By Inoperativo,20260830-LM90U-001-A
2225,20260830,5,13,52,B,0.5,False,Stand By Inoperativo,20260830-LM90U-001-B
2226,20260828,5,17,52,A,1.5,False,Stand By Inoperativo,20260828-XRD90USS-003-A
2227,20260827,5,15,52,A,1.5,False,Stand By Inoperativo,20260827-XRD150USS-005-A
2228,20260829,5,15,52,A,1.0,False,Stand By Inoperativo,20260829-XRD150USS-005-A
2229,20260827,6,21,52,A,4.0,False,Stand By Inoperativo,20260827-XRD50UFDR-001-A
2230,20260827,6,21,52,B,2.0,False,Stand By Inoperativo,20260827-XRD50UFDR-001-B
2231,20260829,6,21,52,B,1.5,False,Stand By Inoperativo,20260829-XRD50UFDR-001-B
2232,20260826,6,18,52,A,3.0,False,Stand By Inoperativo,20260826-XLM75UFDR-003-A
2233,20260830,6,18,52,A,2.0,False,Stand By Inoperativo,20260830-XLM75UFDR-003-A
2234,20260826,6,22,52,B,3.0,False,Stand By Inoperativo,20260826-XRD80USS-006-B
2235,20260830,6,19,52,B,5.0,False,Stand By Inoperativo,20260830-XRD125UFDR-002-B
2236,20260830,6,20,52,A,1.0,False,Stand By Inoperativo,20260830-XRD150U-008-A
2237,20260830,6,20,52,B,1.0,False,Stand By Inoperativo,20260830-XRD150U-008-B
2238,20260826,8,27,52,A,1.5,False,Stand By Inoperativo,20260826-XRD80ITH-001-A
2239,20260828,8,27,52,A,1.0,False,Stand By Inoperativo,20260828-XRD80ITH-001-A
2240,20260827,8,25,52,B,1.0,False,Stand By Inoperativo,20260827-XLM75UFDR-004-B
2241,20260826,8,26,52,A,1.0,False,Stand By Inoperativo,20260826-XRD150USS-003-A
2242,20260827,9,28,52,A,3.0,False,Stand By Inoperativo,20260827-XRD100ST-001-A
2243,20260826,10,33,52,A,2.5,False,Stand By Inoperativo,20260826-XRD80USS-008-A
2244,20260827,10,33,52,A,3.0,False,Stand By Inoperativo,20260827-XRD80USS-008-A
2245,20260830,10,33,52,A,0.5,False,Stand By Inoperativo,20260830-XRD80USS-008-A
2246,20260828,10,35,52,A,2.0,False,Stand By Inoperativo,20260828-XRD90U-016-A
2247,20260827,10,29,52,B,2.0,False,Stand By Inoperativo,20260827-XLM75UFDR-001-B
2248,20260827,10,31,52,B,0.5,False,Stand By Inoperativo,20260827-XRD150USS-004-B
2249,20260829,10,31,52,A,3.0,False,Stand By Inoperativo,20260829-XRD150USS-004-A
2250,20260829,10,31,52,B,3.0,False,Stand By Inoperativo,20260829-XRD150USS-004-B
2251,20260827,11,37,52,B,4.0,False,Stand By Inoperativo,20260827-XRD150U-006-B
2252,20260828,11,37,52,A,2.0,False,Stand By Inoperativo,20260828-XRD150U-006-A
2253,20260827,12,39,52,B,2.0,False,Stand By Inoperativo,20260827-XRD80USS-011-B
2254,20260830,12,39,52,B,1.0,False,Stand By Inoperativo,20260830-XRD80USS-011-B
2255,20260826,13,44,52,B,1.0,False,Stand By Inoperativo,20260826-XRD90USS-004-B
2256,20260828,13,44,52,B,0.5,False,Stand By Inoperativo,20260828-XRD90USS-004-B
2257,20260830,13,44,52,B,1.5,False,Stand By Inoperativo,20260830-XRD90USS-004-B
2258,20260828,13,43,52,B,1.0,False,Stand By Inoperativo,20260828-XRD90USS-001-B
2259,20260826,13,42,52,A,0.5,False,Stand By Inoperativo,20260826-XRD150UBT-001-A
2260,20260830,13,41,52,B,2.0,False,Stand By Inoperativo,20260830-XRD150U-005-B
2261,20260830,14,45,52,A,1.0,False,Stand By Inoperativo,20260830-DE710ST-001-A
2262,20260830,15,49,52,A,2.5,False,Stand By Inoperativo,20260830-DE710T-002-A
2263,20260830,15,49,52,B,9.5,False,Stand By Inoperativo,20260830-DE710T-002-B
2264,20260830,16,51,52,A,2.0,False,Stand By Inoperativo,20260830-XRD150U-007-A
2265,20260830,16,51,52,B,1.0,False,Stand By Inoperativo,20260830-XRD150U-007-B
2266,20260829,17,52,52,A,1.0,False,Stand By Inoperativo,20260829-XDR50USS-00T-A
2267,20260829,17,52,52,B,1.0,False,Stand By Inoperativo,20260829-XDR50USS-00T-B
2268,20260828,17,53,52,B,3.0,False,Stand By Inoperativo,20260828-XRD125USS-001-B
2269,20260829,17,53,52,A,2.5,False,Stand By Inoperativo,20260829-XRD125USS-001-A
2270,20260827,18,56,52,A,3.0,False,Stand By Inoperativo,20260827-XRD150USS-001-A
2271,20260827,18,56,52,B,2.0,False,Stand By Inoperativo,20260827-XRD150USS-001-B
2272,20260829,18,55,52,B,2.0,False,Stand By Inoperativo,20260829-XRD150U-011-B
2273,20260830,18,55,52,A,8.5,False,Stand By Inoperativo,20260830-XRD150U-011-A
2274,20260828,1,1,53,A,1.5,False,Stand By Inoperativo,20260828-XRD50U-002-A
2275,20260830,1,1,53,A,3.0,False,Stand By Inoperativo,20260830-XRD50U-002-A
2276,20260830,1,1,53,B,5.5,False,Stand By Inoperativo,20260830-XRD50U-002-B
2277,20260826,1,2,53,A,3.0,False,Stand By Inoperativo,20260826-XRD50USS-001-A
2278,20260826,1,2,53,B,4.0,False,Stand By Inoperativo,20260826-XRD50USS-001-B
2279,20260827,3,6,53,B,3.0,False,Stand By Inoperativo,20260827-XRD100U-001-B
2280,20260828,3,6,53,A,6.0,False,Stand By Inoperativo,20260828-XRD100U-001-A
2281,20260828,3,10,53,A,6.0,False,Stand By Inoperativo,20260828-XRD90U-005-A
2282,20260828,3,10,53,B,4.0,False,Stand By Inoperativo,20260828-XRD90U-005-B
2283,20260829,3,10,53,B,2.0,False,Stand By Inoperativo,20260829-XRD90U-005-B
2284,20260826,5,16,53,B,1.0,False,Stand By Inoperativo,20260826-XRD90U-021-B
2285,20260827,5,15,53,A,2.0,False,Stand By Inoperativo,20260827-XRD150USS-005-A
2286,20260828,5,15,53,A,1.5,False,Stand By Inoperativo,20260828-XRD150USS-005-A
2287,20260830,5,15,53,A,1.5,False,Stand By Inoperativo,20260830-XRD150USS-005-A
2288,20260827,5,14,53,A,3.0,False,Stand By Inoperativo,20260827-XRD120U-001-A
2289,20260827,5,14,53,B,2.5,False,Stand By Inoperativo,20260827-XRD120U-001-B
2290,20260826,8,27,53,A,3.0,False,Stand By Inoperativo,20260826-XRD80ITH-001-A
2291,20260828,8,27,53,A,2.0,False,Stand By Inoperativo,20260828-XRD80ITH-001-A
2292,20260827,8,25,53,A,2.0,False,Stand By Inoperativo,20260827-XLM75UFDR-004-A
2293,20260826,8,26,53,A,2.0,False,Stand By Inoperativo,20260826-XRD150USS-003-A
2294,20260826,8,26,53,B,3.0,False,Stand By Inoperativo,20260826-XRD150USS-003-B
2295,20260829,8,26,53,B,1.0,False,Stand By Inoperativo,20260829-XRD150USS-003-B
2296,20260826,10,33,53,A,3.0,False,Stand By Inoperativo,20260826-XRD80USS-008-A
2297,20260828,10,33,53,B,2.0,False,Stand By Inoperativo,20260828-XRD80USS-008-B
2298,20260830,10,33,53,A,2.0,False,Stand By Inoperativo,20260830-XRD80USS-008-A
2299,20260828,10,35,53,B,1.5,False,Stand By Inoperativo,20260828-XRD90U-016-B
2300,20260827,10,30,53,A,0.5,False,Stand By Inoperativo,20260827-XRD150U-003-A
2301,20260826,10,31,53,A,2.5,False,Stand By Inoperativo,20260826-XRD150USS-004-A
2302,20260826,10,31,53,B,2.0,False,Stand By Inoperativo,20260826-XRD150USS-004-B
2303,20260826,10,31,53,B,2.0,False,Stand By Inoperativo,20260826-XRD150USS-004-B
2304,20260827,10,31,53,B,2.0,False,Stand By Inoperativo,20260827-XRD150USS-004-B
2305,20260828,10,31,53,B,2.0,False,Stand By Inoperativo,20260828-XRD150USS-004-B
2306,20260829,10,31,53,B,6.0,False,Stand By Inoperativo,20260829-XRD150USS-004-B
2307,20260830,10,31,53,A,6.0,False,Stand By Inoperativo,20260830-XRD150USS-004-A
2308,20260830,14,45,53,A,4.5,False,Stand By Inoperativo,20260830-DE710ST-001-A
2309,20260830,15,49,53,A,4.0,False,Stand By Inoperativo,20260830-DE710T-002-A
2310,20260826,1,1,55,A,1.0,False,Stand By Inoperativo,20260826-XRD50U-002-A
2311,20260826,1,1,55,B,1.0,False,Stand By Inoperativo,20260826-XRD50U-002-B
2312,20260827,1,1,55,A,1.0,False,Stand By Inoperativo,20260827-XRD50U-002-A
2313,20260827,1,1,55,B,2.0,False,Stand By Inoperativo,20260827-XRD50U-002-B
2314,20260828,1,1,55,A,1.0,False,Stand By Inoperativo,20260828-XRD50U-002-A
2315,20260828,1,1,55,B,1.0,False,Stand By Inoperativo,20260828-XRD50U-002-B
2316,20260829,1,1,55,A,1.0,False,Stand By Inoperativo,20260829-XRD50U-002-A
2317,20260829,1,1,55,B,3.0,False,Stand By Inoperativo,20260829-XRD50U-002-B
2318,20260830,1,1,55,A,1.0,False,Stand By Inoperativo,20260830-XRD50U-002-A
2319,20260830,1,1,55,B,1.0,False,Stand By Inoperativo,20260830-XRD50U-002-B
2320,20260826,1,2,55,A,1.5,False,Stand By Inoperativo,20260826-XRD50USS-001-A
2321,20260826,1,2,55,B,1.0,False,Stand By Inoperativo,20260826-XRD50USS-001-B
2322,20260827,1,2,55,A,0.5,False,Stand By Inoperativo,20260827-XRD50USS-001-A
2323,20260827,1,2,55,B,1.5,False,Stand By Inoperativo,20260827-XRD50USS-001-B
2324,20260828,1,2,55,A,0.5,False,Stand By Inoperativo,20260828-XRD50USS-001-A
2325,20260828,1,2,55,B,1.5,False,Stand By Inoperativo,20260828-XRD50USS-001-B
2326,20260829,1,2,55,A,0.5,False,Stand By Inoperativo,20260829-XRD50USS-001-A
2327,20260829,1,2,55,B,1.5,False,Stand By Inoperativo,20260829-XRD50USS-001-B
2328,20260830,1,2,55,A,0.5,False,Stand By Inoperativo,20260830-XRD50USS-001-A
2329,20260830,1,2,55,B,1.5,False,Stand By Inoperativo,20260830-XRD50USS-001-B
2330,20260826,2,5,55,A,2.0,False,Stand By Inoperativo,20260826-XRD80USS-010-A
2331,20260826,2,5,55,B,2.5,False,Stand By Inoperativo,20260826-XRD80USS-010-B
2332,20260827,2,5,55,A,2.0,False,Stand By Inoperativo,20260827-XRD80USS-010-A
2333,20260827,2,5,55,B,2.0,False,Stand By Inoperativo,20260827-XRD80USS-010-B
2334,20260828,2,5,55,A,1.5,False,Stand By Inoperativo,20260828-XRD80USS-010-A
2335,20260828,2,5,55,B,2.0,False,Stand By Inoperativo,20260828-XRD80USS-010-B
2336,20260829,2,5,55,A,2.5,False,Stand By Inoperativo,20260829-XRD80USS-010-A
2337,20260829,2,5,55,B,2.0,False,Stand By Inoperativo,20260829-XRD80USS-010-B
2338,20260830,2,5,55,A,3.0,False,Stand By Inoperativo,20260830-XRD80USS-010-A
2339,20260830,2,5,55,B,2.0,False,Stand By Inoperativo,20260830-XRD80USS-010-B
2340,20260826,2,4,55,A,2.0,False,Stand By Inoperativo,20260826-XRD150U-001-A
2341,20260826,2,4,55,B,2.5,False,Stand By Inoperativo,20260826-XRD150U-001-B
2342,20260827,2,4,55,A,2.0,False,Stand By Inoperativo,20260827-XRD150U-001-A
2343,20260827,2,4,55,B,2.0,False,Stand By Inoperativo,20260827-XRD150U-001-B
2344,20260828,2,4,55,A,2.5,False,Stand By Inoperativo,20260828-XRD150U-001-A
2345,20260828,2,4,55,B,2.0,False,Stand By Inoperativo,20260828-XRD150U-001-B
2346,20260829,2,4,55,A,2.5,False,Stand By Inoperativo,20260829-XRD150U-001-A
2347,20260829,2,4,55,B,2.0,False,Stand By Inoperativo,20260829-XRD150U-001-B
2348,20260830,2,4,55,A,2.0,False,Stand By Inoperativo,20260830-XRD150U-001-A
2349,20260830,2,4,55,B,2.0,False,Stand By Inoperativo,20260830-XRD150U-001-B
2350,20260826,2,3,55,A,1.5,False,Stand By Inoperativo,20260826-LF90D ST-002-A
2351,20260826,2,3,55,B,1.5,False,Stand By Inoperativo,20260826-LF90D ST-002-B
2352,20260827,2,3,55,A,1.5,False,Stand By Inoperativo,20260827-LF90D ST-002-A
2353,20260827,2,3,55,B,1.5,False,Stand By Inoperativo,20260827-LF90D ST-002-B
2354,20260828,2,3,55,A,2.0,False,Stand By Inoperativo,20260828-LF90D ST-002-A
2355,20260828,2,3,55,B,1.5,False,Stand By Inoperativo,20260828-LF90D ST-002-B
2356,20260829,2,3,55,A,2.0,False,Stand By Inoperativo,20260829-LF90D ST-002-A
2357,20260829,2,3,55,B,1.5,False,Stand By Inoperativo,20260829-LF90D ST-002-B
2358,20260830,2,3,55,A,2.0,False,Stand By Inoperativo,20260830-LF90D ST-002-A
2359,20260830,2,3,55,B,1.5,False,Stand By Inoperativo,20260830-LF90D ST-002-B
2360,20260826,3,8,55,A,1.15,False,Stand By Inoperativo,20260826-XRD50U-003-A
2361,20260826,3,8,55,B,2.15,False,Stand By Inoperativo,20260826-XRD50U-003-B
2362,20260827,3,8,55,A,3.15,False,Stand By Inoperativo,20260827-XRD50U-003-A
2363,20260827,3,8,55,B,0.15,False,Stand By Inoperativo,20260827-XRD50U-003-B
2364,20260828,3,8,55,A,0.15,False,Stand By Inoperativo,20260828-XRD50U-003-A
2365,20260828,3,8,55,B,0.15,False,Stand By Inoperativo,20260828-XRD50U-003-B
2366,20260829,3,8,55,A,0.15,False,Stand By Inoperativo,20260829-XRD50U-003-A
2367,20260829,3,8,55,B,0.15,False,Stand By Inoperativo,20260829-XRD50U-003-B
2368,20260830,3,8,55,A,0.15,False,Stand By Inoperativo,20260830-XRD50U-003-A
2369,20260830,3,8,55,B,1.15,False,Stand By Inoperativo,20260830-XRD50U-003-B
2370,20260826,3,9,55,A,1.15,False,Stand By Inoperativo,20260826-XRD50USS-004-A
2371,20260826,3,9,55,B,1.15,False,Stand By Inoperativo,20260826-XRD50USS-004-B
2372,20260827,3,9,55,A,3.15,False,Stand By Inoperativo,20260827-XRD50USS-004-A
2373,20260827,3,9,55,B,0.15,False,Stand By Inoperativo,20260827-XRD50USS-004-B
2374,20260828,3,9,55,A,0.15,False,Stand By Inoperativo,20260828-XRD50USS-004-A
2375,20260828,3,9,55,B,0.15,False,Stand By Inoperativo,20260828-XRD50USS-004-B
2376,20260829,3,9,55,A,0.15,False,Stand By Inoperativo,20260829-XRD50USS-004-A
2377,20260829,3,9,55,B,0.15,False,Stand By Inoperativo,20260829-XRD50USS-004-B
2378,20260830,3,9,55,A,0.15,False,Stand By Inoperativo,20260830-XRD50USS-004-A
2379,20260830,3,9,55,B,0.15,False,Stand By Inoperativo,20260830-XRD50USS-004-B
2380,20260826,3,6,55,A,1.15,False,Stand By Inoperativo,20260826-XRD100U-001-A
2381,20260826,3,6,55,B,1.15,False,Stand By Inoperativo,20260826-XRD100U-001-B
2382,20260827,3,6,55,A,3.15,False,Stand By Inoperativo,20260827-XRD100U-001-A
2383,20260827,3,6,55,B,0.15,False,Stand By Inoperativo,20260827-XRD100U-001-B
2384,20260828,3,6,55,A,0.15,False,Stand By Inoperativo,20260828-XRD100U-001-A
2385,20260828,3,6,55,B,0.15,False,Stand By Inoperativo,20260828-XRD100U-001-B
2386,20260829,3,6,55,A,0.15,False,Stand By Inoperativo,20260829-XRD100U-001-A
2387,20260829,3,6,55,B,0.15,False,Stand By Inoperativo,20260829-XRD100U-001-B
2388,20260830,3,6,55,A,0.15,False,Stand By Inoperativo,20260830-XRD100U-001-A
2389,20260830,3,6,55,B,1.15,False,Stand By Inoperativo,20260830-XRD100U-001-B
2390,20260826,3,10,55,A,1.15,False,Stand By Inoperativo,20260826-XRD90U-005-A
2391,20260826,3,10,55,B,2.15,False,Stand By Inoperativo,20260826-XRD90U-005-B
2392,20260827,3,10,55,A,3.15,False,Stand By Inoperativo,20260827-XRD90U-005-A
2393,20260827,3,10,55,B,0.15,False,Stand By Inoperativo,20260827-XRD90U-005-B
2394,20260828,3,10,55,A,0.15,False,Stand By Inoperativo,20260828-XRD90U-005-A
2395,20260828,3,10,55,B,0.15,False,Stand By Inoperativo,20260828-XRD90U-005-B
2396,20260829,3,10,55,A,0.15,False,Stand By Inoperativo,20260829-XRD90U-005-A
2397,20260829,3,10,55,B,0.15,False,Stand By Inoperativo,20260829-XRD90U-005-B
2398,20260830,3,10,55,A,0.15,False,Stand By Inoperativo,20260830-XRD90U-005-A
2399,20260830,3,10,55,B,0.15,False,Stand By Inoperativo,20260830-XRD90U-005-B
2400,20260826,3,7,55,A,1.15,False,Stand By Inoperativo,20260826-XRD125UFDR-001-A
2401,20260826,3,7,55,B,1.15,False,Stand By Inoperativo,20260826-XRD125UFDR-001-B
2402,20260827,3,7,55,A,3.15,False,Stand By Inoperativo,20260827-XRD125UFDR-001-A
2403,20260827,3,7,55,B,0.15,False,Stand By Inoperativo,20260827-XRD125UFDR-001-B
2404,20260828,3,7,55,A,0.15,False,Stand By Inoperativo,20260828-XRD125UFDR-001-A
2405,20260828,3,7,55,B,0.15,False,Stand By Inoperativo,20260828-XRD125UFDR-001-B
2406,20260829,3,7,55,A,0.15,False,Stand By Inoperativo,20260829-XRD125UFDR-001-A
2407,20260829,3,7,55,B,0.15,False,Stand By Inoperativo,20260829-XRD125UFDR-001-B
2408,20260830,3,7,55,A,0.15,False,Stand By Inoperativo,20260830-XRD125UFDR-001-A
2409,20260830,3,7,55,B,0.15,False,Stand By Inoperativo,20260830-XRD125UFDR-001-B
2410,20260826,4,11,55,A,0.5,False,Stand By Inoperativo,20260826-XRD150U-002-A
2411,20260826,4,11,55,B,0.5,False,Stand By Inoperativo,20260826-XRD150U-002-B
2412,20260827,4,11,55,A,1.0,False,Stand By Inoperativo,20260827-XRD150U-002-A
2413,20260827,4,11,55,B,0.5,False,Stand By Inoperativo,20260827-XRD150U-002-B
2414,20260829,4,11,55,A,0.5,False,Stand By Inoperativo,20260829-XRD150U-002-A
2415,20260829,4,11,55,B,2.0,False,Stand By Inoperativo,20260829-XRD150U-002-B
2416,20260830,4,11,55,B,0.5,False,Stand By Inoperativo,20260830-XRD150U-002-B
2417,20260826,5,16,55,A,1.5,False,Stand By Inoperativo,20260826-XRD90U-021-A
2418,20260826,5,16,55,B,1.5,False,Stand By Inoperativo,20260826-XRD90U-021-B
2419,20260827,5,16,55,A,1.5,False,Stand By Inoperativo,20260827-XRD90U-021-A
2420,20260827,5,16,55,B,1.5,False,Stand By Inoperativo,20260827-XRD90U-021-B
2421,20260828,5,16,55,A,1.5,False,Stand By Inoperativo,20260828-XRD90U-021-A
2422,20260828,5,16,55,B,1.5,False,Stand By Inoperativo,20260828-XRD90U-021-B
2423,20260829,5,16,55,A,1.5,False,Stand By Inoperativo,20260829-XRD90U-021-A
2424,20260829,5,16,55,B,1.5,False,Stand By Inoperativo,20260829-XRD90U-021-B
2425,20260830,5,16,55,A,1.5,False,Stand By Inoperativo,20260830-XRD90U-021-A
2426,20260826,5,13,55,A,1.5,False,Stand By Inoperativo,20260826-LM90U-001-A
2427,20260826,5,13,55,B,1.5,False,Stand By Inoperativo,20260826-LM90U-001-B
2428,20260827,5,13,55,A,1.5,False,Stand By Inoperativo,20260827-LM90U-001-A
2429,20260827,5,13,55,B,1.5,False,Stand By Inoperativo,20260827-LM90U-001-B
2430,20260828,5,13,55,A,1.5,False,Stand By Inoperativo,20260828-LM90U-001-A
2431,20260828,5,13,55,B,1.5,False,Stand By Inoperativo,20260828-LM90U-001-B
2432,20260829,5,13,55,A,1.5,False,Stand By Inoperativo,20260829-LM90U-001-A
2433,20260829,5,13,55,B,1.5,False,Stand By Inoperativo,20260829-LM90U-001-B
2434,20260830,5,13,55,A,1.5,False,Stand By Inoperativo,20260830-LM90U-001-A
2435,20260830,5,13,55,B,1.5,False,Stand By Inoperativo,20260830-LM90U-001-B
2436,20260826,5,17,55,A,1.5,False,Stand By Inoperativo,20260826-XRD90USS-003-A
2437,20260826,5,17,55,B,1.5,False,Stand By Inoperativo,20260826-XRD90USS-003-B
2438,20260827,5,17,55,A,1.5,False,Stand By Inoperativo,20260827-XRD90USS-003-A
2439,20260827,5,17,55,B,1.5,False,Stand By Inoperativo,20260827-XRD90USS-003-B
2440,20260828,5,17,55,A,1.5,False,Stand By Inoperativo,20260828-XRD90USS-003-A
2441,20260828,5,17,55,B,1.5,False,Stand By Inoperativo,20260828-XRD90USS-003-B
2442,20260829,5,17,55,A,1.5,False,Stand By Inoperativo,20260829-XRD90USS-003-A
2443,20260829,5,17,55,B,1.5,False,Stand By Inoperativo,20260829-XRD90USS-003-B
2444,20260830,5,17,55,A,1.5,False,Stand By Inoperativo,20260830-XRD90USS-003-A
2445,20260830,5,17,55,B,1.5,False,Stand By Inoperativo,20260830-XRD90USS-003-B
2446,20260826,5,15,55,B,1.5,False,Stand By Inoperativo,20260826-XRD150USS-005-B
2447,20260827,5,15,55,A,1.5,False,Stand By Inoperativo,20260827-XRD150USS-005-A
2448,20260828,5,15,55,A,1.5,False,Stand By Inoperativo,20260828-XRD150USS-005-A
2449,20260829,5,15,55,A,1.5,False,Stand By Inoperativo,20260829-XRD150USS-005-A
2450,20260830,5,15,55,A,1.5,False,Stand By Inoperativo,20260830-XRD150USS-005-A
2451,20260830,5,15,55,B,1.5,False,Stand By Inoperativo,20260830-XRD150USS-005-B
2452,20260826,5,14,55,A,1.5,False,Stand By Inoperativo,20260826-XRD120U-001-A
2453,20260826,5,14,55,B,1.5,False,Stand By Inoperativo,20260826-XRD120U-001-B
2454,20260827,5,14,55,A,1.5,False,Stand By Inoperativo,20260827-XRD120U-001-A
2455,20260827,5,14,55,B,1.5,False,Stand By Inoperativo,20260827-XRD120U-001-B
2456,20260828,5,14,55,A,1.5,False,Stand By Inoperativo,20260828-XRD120U-001-A
2457,20260828,5,14,55,B,1.5,False,Stand By Inoperativo,20260828-XRD120U-001-B
2458,20260829,5,14,55,A,1.5,False,Stand By Inoperativo,20260829-XRD120U-001-A
2459,20260829,5,14,55,B,1.5,False,Stand By Inoperativo,20260829-XRD120U-001-B
2460,20260830,5,14,55,A,1.5,False,Stand By Inoperativo,20260830-XRD120U-001-A
2461,20260830,5,14,55,B,1.5,False,Stand By Inoperativo,20260830-XRD120U-001-B
2462,20260826,5,12,55,A,1.5,False,Stand By Inoperativo,20260826-LM110U-001-A
2463,20260826,5,12,55,B,1.5,False,Stand By Inoperativo,20260826-LM110U-001-B
2464,20260827,5,12,55,A,1.5,False,Stand By Inoperativo,20260827-LM110U-001-A
2465,20260827,5,12,55,B,1.5,False,Stand By Inoperativo,20260827-LM110U-001-B
2466,20260828,5,12,55,A,1.5,False,Stand By Inoperativo,20260828-LM110U-001-A
2467,20260828,5,12,55,B,1.5,False,Stand By Inoperativo,20260828-LM110U-001-B
2468,20260829,5,12,55,A,1.5,False,Stand By Inoperativo,20260829-LM110U-001-A
2469,20260829,5,12,55,B,1.5,False,Stand By Inoperativo,20260829-LM110U-001-B
2470,20260830,5,12,55,A,1.5,False,Stand By Inoperativo,20260830-LM110U-001-A
2471,20260830,5,12,55,B,1.5,False,Stand By Inoperativo,20260830-LM110U-001-B
2472,20260826,6,21,55,A,0.5,False,Stand By Inoperativo,20260826-XRD50UFDR-001-A
2473,20260826,6,21,55,B,0.5,False,Stand By Inoperativo,20260826-XRD50UFDR-001-B
2474,20260827,6,21,55,A,0.5,False,Stand By Inoperativo,20260827-XRD50UFDR-001-A
2475,20260827,6,21,55,B,0.5,False,Stand By Inoperativo,20260827-XRD50UFDR-001-B
2476,20260828,6,21,55,A,0.5,False,Stand By Inoperativo,20260828-XRD50UFDR-001-A
2477,20260828,6,21,55,B,0.5,False,Stand By Inoperativo,20260828-XRD50UFDR-001-B
2478,20260829,6,21,55,A,0.5,False,Stand By Inoperativo,20260829-XRD50UFDR-001-A
2479,20260829,6,21,55,B,1.5,False,Stand By Inoperativo,20260829-XRD50UFDR-001-B
2480,20260830,6,21,55,A,0.5,False,Stand By Inoperativo,20260830-XRD50UFDR-001-A
2481,20260830,6,21,55,B,0.5,False,Stand By Inoperativo,20260830-XRD50UFDR-001-B
2482,20260826,6,18,55,A,0.5,False,Stand By Inoperativo,20260826-XLM75UFDR-003-A
2483,20260826,6,18,55,B,0.5,False,Stand By Inoperativo,20260826-XLM75UFDR-003-B
2484,20260827,6,18,55,A,0.5,False,Stand By Inoperativo,20260827-XLM75UFDR-003-A
2485,20260827,6,18,55,B,0.5,False,Stand By Inoperativo,20260827-XLM75UFDR-003-B
2486,20260828,6,18,55,A,0.5,False,Stand By Inoperativo,20260828-XLM75UFDR-003-A
2487,20260828,6,18,55,B,0.5,False,Stand By Inoperativo,20260828-XLM75UFDR-003-B
2488,20260829,6,18,55,A,0.5,False,Stand By Inoperativo,20260829-XLM75UFDR-003-A
2489,20260829,6,18,55,B,0.5,False,Stand By Inoperativo,20260829-XLM75UFDR-003-B
2490,20260830,6,18,55,A,0.5,False,Stand By Inoperativo,20260830-XLM75UFDR-003-A
2491,20260830,6,18,55,B,0.5,False,Stand By Inoperativo,20260830-XLM75UFDR-003-B
2492,20260826,6,22,55,A,0.5,False,Stand By Inoperativo,20260826-XRD80USS-006-A
2493,20260826,6,22,55,B,0.5,False,Stand By Inoperativo,20260826-XRD80USS-006-B
2494,20260827,6,22,55,A,0.5,False,Stand By Inoperativo,20260827-XRD80USS-006-A
2495,20260827,6,22,55,B,0.5,False,Stand By Inoperativo,20260827-XRD80USS-006-B
2496,20260828,6,22,55,A,0.5,False,Stand By Inoperativo,20260828-XRD80USS-006-A
2497,20260828,6,22,55,B,0.5,False,Stand By Inoperativo,20260828-XRD80USS-006-B
2498,20260829,6,22,55,A,0.5,False,Stand By Inoperativo,20260829-XRD80USS-006-A
2499,20260829,6,22,55,B,1.5,False,Stand By Inoperativo,20260829-XRD80USS-006-B
2500,20260830,6,22,55,A,0.5,False,Stand By Inoperativo,20260830-XRD80USS-006-A
2501,20260830,6,22,55,B,0.5,False,Stand By Inoperativo,20260830-XRD80USS-006-B
2502,20260826,6,19,55,A,0.5,False,Stand By Inoperativo,20260826-XRD125UFDR-002-A
2503,20260826,6,19,55,B,0.5,False,Stand By Inoperativo,20260826-XRD125UFDR-002-B
2504,20260827,6,19,55,A,0.5,False,Stand By Inoperativo,20260827-XRD125UFDR-002-A
2505,20260827,6,19,55,B,0.5,False,Stand By Inoperativo,20260827-XRD125UFDR-002-B
2506,20260828,6,19,55,A,0.5,False,Stand By Inoperativo,20260828-XRD125UFDR-002-A
2507,20260828,6,19,55,B,0.5,False,Stand By Inoperativo,20260828-XRD125UFDR-002-B
2508,20260829,6,19,55,A,1.0,False,Stand By Inoperativo,20260829-XRD125UFDR-002-A
2509,20260829,6,19,55,B,1.5,False,Stand By Inoperativo,20260829-XRD125UFDR-002-B
2510,20260830,6,19,55,A,0.5,False,Stand By Inoperativo,20260830-XRD125UFDR-002-A
2511,20260830,6,19,55,B,0.5,False,Stand By Inoperativo,20260830-XRD125UFDR-002-B
2512,20260826,6,20,55,A,0.5,False,Stand By Inoperativo,20260826-XRD150U-008-A
2513,20260826,6,20,55,B,0.5,False,Stand By Inoperativo,20260826-XRD150U-008-B
2514,20260827,6,20,55,A,0.5,False,Stand By Inoperativo,20260827-XRD150U-008-A
2515,20260827,6,20,55,B,0.5,False,Stand By Inoperativo,20260827-XRD150U-008-B
2516,20260828,6,20,55,A,0.5,False,Stand By Inoperativo,20260828-XRD150U-008-A
2517,20260828,6,20,55,B,1.0,False,Stand By Inoperativo,20260828-XRD150U-008-B
2518,20260829,6,20,55,A,0.5,False,Stand By Inoperativo,20260829-XRD150U-008-A
2519,20260829,6,20,55,B,1.5,False,Stand By Inoperativo,20260829-XRD150U-008-B
2520,20260830,6,20,55,A,0.5,False,Stand By Inoperativo,20260830-XRD150U-008-A
2521,20260830,6,20,55,B,0.5,False,Stand By Inoperativo,20260830-XRD150U-008-B
2522,20260826,7,23,55,A,1.0,False,Stand By Inoperativo,20260826-XRD80USS-012-A
2523,20260826,7,23,55,B,1.0,False,Stand By Inoperativo,20260826-XRD80USS-012-B
2524,20260827,7,23,55,A,1.0,False,Stand By Inoperativo,20260827-XRD80USS-012-A
2525,20260827,7,23,55,B,1.0,False,Stand By Inoperativo,20260827-XRD80USS-012-B
2526,20260828,7,23,55,A,1.0,False,Stand By Inoperativo,20260828-XRD80USS-012-A
2527,20260828,7,23,55,B,1.0,False,Stand By Inoperativo,20260828-XRD80USS-012-B
2528,20260829,7,23,55,A,1.0,False,Stand By Inoperativo,20260829-XRD80USS-012-A
2529,20260829,7,23,55,B,1.0,False,Stand By Inoperativo,20260829-XRD80USS-012-B
2530,20260830,7,23,55,A,1.0,False,Stand By Inoperativo,20260830-XRD80USS-012-A
2531,20260826,8,27,55,A,0.5,False,Stand By Inoperativo,20260826-XRD80ITH-001-A
2532,20260828,8,27,55,A,0.5,False,Stand By Inoperativo,20260828-XRD80ITH-001-A
2533,20260828,8,27,55,B,0.5,False,Stand By Inoperativo,20260828-XRD80ITH-001-B
2534,20260826,8,24,55,B,0.5,False,Stand By Inoperativo,20260826-XLM75UFDR-002-B
2535,20260830,8,24,55,A,1.0,False,Stand By Inoperativo,20260830-XLM75UFDR-002-A
2536,20260826,8,25,55,A,1.0,False,Stand By Inoperativo,20260826-XLM75UFDR-004-A
2537,20260826,8,25,55,B,0.5,False,Stand By Inoperativo,20260826-XLM75UFDR-004-B
2538,20260827,8,25,55,B,1.0,False,Stand By Inoperativo,20260827-XLM75UFDR-004-B
2539,20260828,8,25,55,B,1.0,False,Stand By Inoperativo,20260828-XLM75UFDR-004-B
2540,20260829,8,25,55,B,1.0,False,Stand By Inoperativo,20260829-XLM75UFDR-004-B
2541,20260830,8,25,55,B,2.0,False,Stand By Inoperativo,20260830-XLM75UFDR-004-B
2542,20260826,8,26,55,A,0.5,False,Stand By Inoperativo,20260826-XRD150USS-003-A
2543,20260826,8,26,55,B,1.0,False,Stand By Inoperativo,20260826-XRD150USS-003-B
2544,20260827,8,26,55,A,0.5,False,Stand By Inoperativo,20260827-XRD150USS-003-A
2545,20260827,8,26,55,B,0.5,False,Stand By Inoperativo,20260827-XRD150USS-003-B
2546,20260828,8,26,55,A,0.5,False,Stand By Inoperativo,20260828-XRD150USS-003-A
2547,20260828,8,26,55,B,0.5,False,Stand By Inoperativo,20260828-XRD150USS-003-B
2548,20260829,8,26,55,A,0.5,False,Stand By Inoperativo,20260829-XRD150USS-003-A
2549,20260829,8,26,55,B,0.5,False,Stand By Inoperativo,20260829-XRD150USS-003-B
2550,20260830,8,26,55,A,0.5,False,Stand By Inoperativo,20260830-XRD150USS-003-A
2551,20260830,8,26,55,B,0.5,False,Stand By Inoperativo,20260830-XRD150USS-003-B
2552,20260826,9,28,55,A,0.5,False,Stand By Inoperativo,20260826-XRD100ST-001-A
2553,20260826,9,28,55,B,0.5,False,Stand By Inoperativo,20260826-XRD100ST-001-B
2554,20260827,9,28,55,A,0.5,False,Stand By Inoperativo,20260827-XRD100ST-001-A
2555,20260828,9,28,55,A,0.5,False,Stand By Inoperativo,20260828-XRD100ST-001-A
2556,20260828,9,28,55,B,0.5,False,Stand By Inoperativo,20260828-XRD100ST-001-B
2557,20260829,9,28,55,A,0.5,False,Stand By Inoperativo,20260829-XRD100ST-001-A
2558,20260829,9,28,55,B,0.5,False,Stand By Inoperativo,20260829-XRD100ST-001-B
2559,20260830,9,28,55,A,0.5,False,Stand By Inoperativo,20260830-XRD100ST-001-A
2560,20260830,9,28,55,B,0.5,False,Stand By Inoperativo,20260830-XRD100ST-001-B
2561,20260826,10,33,55,A,3.0,False,Stand By Inoperativo,20260826-XRD80USS-008-A
2562,20260827,10,33,55,A,0.5,False,Stand By Inoperativo,20260827-XRD80USS-008-A
2563,20260828,10,33,55,A,5.0,False,Stand By Inoperativo,20260828-XRD80USS-008-A
2564,20260828,10,33,55,B,0.5,False,Stand By Inoperativo,20260828-XRD80USS-008-B
2565,20260829,10,33,55,A,0.5,False,Stand By Inoperativo,20260829-XRD80USS-008-A
2566,20260829,10,33,55,B,0.5,False,Stand By Inoperativo,20260829-XRD80USS-008-B
2567,20260830,10,33,55,B,0.5,False,Stand By Inoperativo,20260830-XRD80USS-008-B
2568,20260826,10,35,55,A,0.5,False,Stand By Inoperativo,20260826-XRD90U-016-A
2569,20260826,10,35,55,B,0.5,False,Stand By Inoperativo,20260826-XRD90U-016-B
2570,20260827,10,35,55,A,0.5,False,Stand By Inoperativo,20260827-XRD90U-016-A
2571,20260827,10,35,55,B,0.5,False,Stand By Inoperativo,20260827-XRD90U-016-B
2572,20260828,10,35,55,A,6.5,False,Stand By Inoperativo,20260828-XRD90U-016-A
2573,20260828,10,35,55,B,0.5,False,Stand By Inoperativo,20260828-XRD90U-016-B
2574,20260829,10,35,55,A,0.5,False,Stand By Inoperativo,20260829-XRD90U-016-A
2575,20260829,10,35,55,B,0.5,False,Stand By Inoperativo,20260829-XRD90U-016-B
2576,20260830,10,35,55,A,0.5,False,Stand By Inoperativo,20260830-XRD90U-016-A
2577,20260830,10,35,55,B,0.5,False,Stand By Inoperativo,20260830-XRD90U-016-B
2578,20260826,10,30,55,A,1.0,False,Stand By Inoperativo,20260826-XRD150U-003-A
2579,20260827,10,30,55,A,1.0,False,Stand By Inoperativo,20260827-XRD150U-003-A
2580,20260828,10,30,55,A,6.0,False,Stand By Inoperativo,20260828-XRD150U-003-A
2581,20260826,10,29,55,A,0.5,False,Stand By Inoperativo,20260826-XLM75UFDR-001-A
2582,20260827,10,29,55,A,0.5,False,Stand By Inoperativo,20260827-XLM75UFDR-001-A
2583,20260827,10,29,55,B,1.0,False,Stand By Inoperativo,20260827-XLM75UFDR-001-B
2584,20260828,10,29,55,A,5.0,False,Stand By Inoperativo,20260828-XLM75UFDR-001-A
2585,20260828,10,29,55,B,1.0,False,Stand By Inoperativo,20260828-XLM75UFDR-001-B
2586,20260829,10,29,55,A,1.0,False,Stand By Inoperativo,20260829-XLM75UFDR-001-A
2587,20260829,10,29,55,B,1.0,False,Stand By Inoperativo,20260829-XLM75UFDR-001-B
2588,20260830,10,29,55,A,1.0,False,Stand By Inoperativo,20260830-XLM75UFDR-001-A
2589,20260830,10,29,55,B,1.0,False,Stand By Inoperativo,20260830-XLM75UFDR-001-B
2590,20260826,10,34,55,A,1.0,False,Stand By Inoperativo,20260826-XRD90U-012-A
2591,20260826,10,34,55,B,1.0,False,Stand By Inoperativo,20260826-XRD90U-012-B
2592,20260827,10,34,55,A,1.0,False,Stand By Inoperativo,20260827-XRD90U-012-A
2593,20260826,10,31,55,A,0.5,False,Stand By Inoperativo,20260826-XRD150USS-004-A
2594,20260826,10,31,55,B,1.0,False,Stand By Inoperativo,20260826-XRD150USS-004-B
2595,20260826,10,31,55,B,1.0,False,Stand By Inoperativo,20260826-XRD150USS-004-B
2596,20260827,10,31,55,A,0.5,False,Stand By Inoperativo,20260827-XRD150USS-004-A
2597,20260828,10,31,55,A,6.0,False,Stand By Inoperativo,20260828-XRD150USS-004-A
2598,20260829,10,31,55,A,1.0,False,Stand By Inoperativo,20260829-XRD150USS-004-A
2599,20260826,11,36,55,A,4.5,False,Stand By Inoperativo,20260826-XRD150U-004-A
2600,20260826,11,36,55,B,3.5,False,Stand By Inoperativo,20260826-XRD150U-004-B
2601,20260827,11,36,55,A,0.5,False,Stand By Inoperativo,20260827-XRD150U-004-A
2602,20260827,11,36,55,B,0.5,False,Stand By Inoperativo,20260827-XRD150U-004-B
2603,20260828,11,36,55,A,0.5,False,Stand By Inoperativo,20260828-XRD150U-004-A
2604,20260828,11,36,55,B,0.5,False,Stand By Inoperativo,20260828-XRD150U-004-B
2605,20260829,11,36,55,A,0.5,False,Stand By Inoperativo,20260829-XRD150U-004-A
2606,20260829,11,36,55,B,0.5,False,Stand By Inoperativo,20260829-XRD150U-004-B
2607,20260830,11,36,55,A,0.5,False,Stand By Inoperativo,20260830-XRD150U-004-A
2608,20260830,11,36,55,B,0.5,False,Stand By Inoperativo,20260830-XRD150U-004-B
2609,20260826,11,37,55,A,4.5,False,Stand By Inoperativo,20260826-XRD150U-006-A
2610,20260826,11,37,55,B,3.5,False,Stand By Inoperativo,20260826-XRD150U-006-B
2611,20260827,11,37,55,A,0.5,False,Stand By Inoperativo,20260827-XRD150U-006-A
2612,20260827,11,37,55,B,0.5,False,Stand By Inoperativo,20260827-XRD150U-006-B
2613,20260828,11,37,55,A,0.5,False,Stand By Inoperativo,20260828-XRD150U-006-A
2614,20260828,11,37,55,B,0.5,False,Stand By Inoperativo,20260828-XRD150U-006-B
2615,20260829,11,37,55,A,0.5,False,Stand By Inoperativo,20260829-XRD150U-006-A
2616,20260829,11,37,55,B,0.5,False,Stand By Inoperativo,20260829-XRD150U-006-B
2617,20260830,11,37,55,A,0.5,False,Stand By Inoperativo,20260830-XRD150U-006-A
2618,20260830,11,37,55,B,0.5,False,Stand By Inoperativo,20260830-XRD150U-006-B
2619,20260826,12,40,55,A,1.0,False,Stand By Inoperativo,20260826-XRD90USS-005-A
2620,20260827,12,40,55,A,1.0,False,Stand By Inoperativo,20260827-XRD90USS-005-A
2621,20260828,12,40,55,A,1.0,False,Stand By Inoperativo,20260828-XRD90USS-005-A
2622,20260829,12,40,55,A,1.0,False,Stand By Inoperativo,20260829-XRD90USS-005-A
2623,20260830,12,40,55,A,1.0,False,Stand By Inoperativo,20260830-XRD90USS-005-A
2624,20260826,12,38,55,B,1.0,False,Stand By Inoperativo,20260826-XRD150USS-002-B
2625,20260827,12,38,55,B,0.5,False,Stand By Inoperativo,20260827-XRD150USS-002-B
2626,20260828,12,38,55,B,1.0,False,Stand By Inoperativo,20260828-XRD150USS-002-B
2627,20260829,12,38,55,B,1.0,False,Stand By Inoperativo,20260829-XRD150USS-002-B
2628,20260830,12,38,55,B,1.0,False,Stand By Inoperativo,20260830-XRD150USS-002-B
2629,20260827,12,39,55,B,1.0,False,Stand By Inoperativo,20260827-XRD80USS-011-B
2630,20260828,12,39,55,A,1.0,False,Stand By Inoperativo,20260828-XRD80USS-011-A
2631,20260829,12,39,55,B,1.0,False,Stand By Inoperativo,20260829-XRD80USS-011-B
2632,20260830,12,39,55,B,1.0,False,Stand By Inoperativo,20260830-XRD80USS-011-B
2633,20260826,13,44,55,A,1.0,False,Stand By Inoperativo,20260826-XRD90USS-004-A
2634,20260826,13,44,55,B,1.0,False,Stand By Inoperativo,20260826-XRD90USS-004-B
2635,20260827,13,44,55,A,1.0,False,Stand By Inoperativo,20260827-XRD90USS-004-A
2636,20260827,13,44,55,B,1.0,False,Stand By Inoperativo,20260827-XRD90USS-004-B
2637,20260828,13,44,55,A,1.0,False,Stand By Inoperativo,20260828-XRD90USS-004-A
2638,20260828,13,44,55,B,1.0,False,Stand By Inoperativo,20260828-XRD90USS-004-B
2639,20260829,13,44,55,A,1.0,False,Stand By Inoperativo,20260829-XRD90USS-004-A
2640,20260829,13,44,55,B,1.0,False,Stand By Inoperativo,20260829-XRD90USS-004-B
2641,20260830,13,44,55,A,1.0,False,Stand By Inoperativo,20260830-XRD90USS-004-A
2642,20260830,13,44,55,B,1.0,False,Stand By Inoperativo,20260830-XRD90USS-004-B
2643,20260826,13,43,55,A,1.0,False,Stand By Inoperativo,20260826-XRD90USS-001-A
2644,20260826,13,43,55,B,1.0,False,Stand By Inoperativo,20260826-XRD90USS-001-B
2645,20260827,13,43,55,A,1.0,False,Stand By Inoperativo,20260827-XRD90USS-001-A
2646,20260827,13,43,55,B,1.0,False,Stand By Inoperativo,20260827-XRD90USS-001-B
2647,20260828,13,43,55,A,1.0,False,Stand By Inoperativo,20260828-XRD90USS-001-A
2648,20260828,13,43,55,B,1.0,False,Stand By Inoperativo,20260828-XRD90USS-001-B
2649,20260829,13,43,55,A,1.0,False,Stand By Inoperativo,20260829-XRD90USS-001-A
2650,20260829,13,43,55,B,1.0,False,Stand By Inoperativo,20260829-XRD90USS-001-B
2651,20260830,13,43,55,A,1.0,False,Stand By Inoperativo,20260830-XRD90USS-001-A
2652,20260830,13,43,55,B,1.0,False,Stand By Inoperativo,20260830-XRD90USS-001-B
2653,20260826,13,42,55,A,0.5,False,Stand By Inoperativo,20260826-XRD150UBT-001-A
2654,20260826,13,42,55,B,1.0,False,Stand By Inoperativo,20260826-XRD150UBT-001-B
2655,20260827,13,42,55,A,0.5,False,Stand By Inoperativo,20260827-XRD150UBT-001-A
2656,20260827,13,42,55,B,1.0,False,Stand By Inoperativo,20260827-XRD150UBT-001-B
2657,20260828,13,42,55,A,0.5,False,Stand By Inoperativo,20260828-XRD150UBT-001-A
2658,20260828,13,42,55,B,1.0,False,Stand By Inoperativo,20260828-XRD150UBT-001-B
2659,20260829,13,42,55,A,0.5,False,Stand By Inoperativo,20260829-XRD150UBT-001-A
2660,20260829,13,42,55,B,1.0,False,Stand By Inoperativo,20260829-XRD150UBT-001-B
2661,20260830,13,42,55,A,0.5,False,Stand By Inoperativo,20260830-XRD150UBT-001-A
2662,20260830,13,42,55,B,1.0,False,Stand By Inoperativo,20260830-XRD150UBT-001-B
2663,20260826,13,41,55,A,0.5,False,Stand By Inoperativo,20260826-XRD150U-005-A
2664,20260826,13,41,55,B,1.0,False,Stand By Inoperativo,20260826-XRD150U-005-B
2665,20260827,13,41,55,A,0.5,False,Stand By Inoperativo,20260827-XRD150U-005-A
2666,20260827,13,41,55,B,1.0,False,Stand By Inoperativo,20260827-XRD150U-005-B
2667,20260828,13,41,55,A,0.5,False,Stand By Inoperativo,20260828-XRD150U-005-A
2668,20260828,13,41,55,B,1.0,False,Stand By Inoperativo,20260828-XRD150U-005-B
2669,20260829,13,41,55,A,0.5,False,Stand By Inoperativo,20260829-XRD150U-005-A
2670,20260829,13,41,55,B,1.0,False,Stand By Inoperativo,20260829-XRD150U-005-B
2671,20260830,13,41,55,A,0.5,False,Stand By Inoperativo,20260830-XRD150U-005-A
2672,20260830,13,41,55,B,1.0,False,Stand By Inoperativo,20260830-XRD150U-005-B
2673,20260826,14,48,55,A,1.0,False,Stand By Inoperativo,20260826-XRD90U-023-A
2674,20260826,14,48,55,B,0.5,False,Stand By Inoperativo,20260826-XRD90U-023-B
2675,20260827,14,48,55,A,1.0,False,Stand By Inoperativo,20260827-XRD90U-023-A
2676,20260828,14,48,55,A,1.0,False,Stand By Inoperativo,20260828-XRD90U-023-A
2677,20260828,14,48,55,B,0.5,False,Stand By Inoperativo,20260828-XRD90U-023-B
2678,20260829,14,48,55,A,2.0,False,Stand By Inoperativo,20260829-XRD90U-023-A
2679,20260829,14,48,55,B,1.0,False,Stand By Inoperativo,20260829-XRD90U-023-B
2680,20260830,14,48,55,B,0.5,False,Stand By Inoperativo,20260830-XRD90U-023-B
2681,20260826,14,47,55,A,0.5,False,Stand By Inoperativo,20260826-XRD90U-004-A
2682,20260826,14,47,55,B,0.5,False,Stand By Inoperativo,20260826-XRD90U-004-B
2683,20260827,14,47,55,A,0.5,False,Stand By Inoperativo,20260827-XRD90U-004-A
2684,20260828,14,47,55,A,0.5,False,Stand By Inoperativo,20260828-XRD90U-004-A
2685,20260829,14,47,55,A,2.0,False,Stand By Inoperativo,20260829-XRD90U-004-A
2686,20260829,14,47,55,B,1.0,False,Stand By Inoperativo,20260829-XRD90U-004-B
2687,20260830,14,47,55,B,0.5,False,Stand By Inoperativo,20260830-XRD90U-004-B
2688,20260826,14,46,55,A,1.0,False,Stand By Inoperativo,20260826-XRD150U-012-A
2689,20260826,14,46,55,B,1.0,False,Stand By Inoperativo,20260826-XRD150U-012-B
2690,20260827,14,46,55,A,1.0,False,Stand By Inoperativo,20260827-XRD150U-012-A
2691,20260828,14,46,55,A,1.0,False,Stand By Inoperativo,20260828-XRD150U-012-A
2692,20260829,14,46,55,A,1.0,False,Stand By Inoperativo,20260829-XRD150U-012-A
2693,20260826,14,45,55,A,1.0,False,Stand By Inoperativo,20260826-DE710ST-001-A
2694,20260826,14,45,55,B,0.5,False,Stand By Inoperativo,20260826-DE710ST-001-B
2695,20260827,14,45,55,A,1.0,False,Stand By Inoperativo,20260827-DE710ST-001-A
2696,20260827,14,45,55,B,0.5,False,Stand By Inoperativo,20260827-DE710ST-001-B
2697,20260828,14,45,55,A,0.5,False,Stand By Inoperativo,20260828-DE710ST-001-A
2698,20260828,14,45,55,B,0.5,False,Stand By Inoperativo,20260828-DE710ST-001-B
2699,20260829,14,45,55,A,1.0,False,Stand By Inoperativo,20260829-DE710ST-001-A
2700,20260829,14,45,55,B,0.5,False,Stand By Inoperativo,20260829-DE710ST-001-B
2701,20260830,14,45,55,A,1.0,False,Stand By Inoperativo,20260830-DE710ST-001-A
2702,20260830,14,45,55,B,0.5,False,Stand By Inoperativo,20260830-DE710ST-001-B
2703,20260826,15,49,55,A,1.0,False,Stand By Inoperativo,20260826-DE710T-002-A
2704,20260826,15,49,55,B,1.0,False,Stand By Inoperativo,20260826-DE710T-002-B
2705,20260827,15,49,55,A,1.0,False,Stand By Inoperativo,20260827-DE710T-002-A
2706,20260827,15,49,55,B,1.0,False,Stand By Inoperativo,20260827-DE710T-002-B
2707,20260828,15,49,55,A,1.0,False,Stand By Inoperativo,20260828-DE710T-002-A
2708,20260828,15,49,55,B,1.0,False,Stand By Inoperativo,20260828-DE710T-002-B
2709,20260829,15,49,55,A,1.0,False,Stand By Inoperativo,20260829-DE710T-002-A
2710,20260829,15,49,55,B,1.0,False,Stand By Inoperativo,20260829-DE710T-002-B
2711,20260830,15,49,55,A,0.5,False,Stand By Inoperativo,20260830-DE710T-002-A
2712,20260830,15,49,55,B,1.0,False,Stand By Inoperativo,20260830-DE710T-002-B
2713,20260826,15,50,55,A,0.5,False,Stand By Inoperativo,20260826-XRD150U-009-A
2714,20260826,15,50,55,B,0.5,False,Stand By Inoperativo,20260826-XRD150U-009-B
2715,20260827,15,50,55,A,0.5,False,Stand By Inoperativo,20260827-XRD150U-009-A
2716,20260827,15,50,55,B,0.5,False,Stand By Inoperativo,20260827-XRD150U-009-B
2717,20260828,15,50,55,A,0.5,False,Stand By Inoperativo,20260828-XRD150U-009-A
2718,20260828,15,50,55,B,0.5,False,Stand By Inoperativo,20260828-XRD150U-009-B
2719,20260829,15,50,55,A,0.5,False,Stand By Inoperativo,20260829-XRD150U-009-A
2720,20260829,15,50,55,B,0.5,False,Stand By Inoperativo,20260829-XRD150U-009-B
2721,20260830,15,50,55,A,0.5,False,Stand By Inoperativo,20260830-XRD150U-009-A
2722,20260830,15,50,55,B,1.0,False,Stand By Inoperativo,20260830-XRD150U-009-B
2723,20260829,16,51,55,A,1.0,False,Stand By Inoperativo,20260829-XRD150U-007-A
2724,20260829,16,51,55,B,1.0,False,Stand By Inoperativo,20260829-XRD150U-007-B
2725,20260830,16,51,55,A,1.0,False,Stand By Inoperativo,20260830-XRD150U-007-A
2726,20260830,16,51,55,B,1.0,False,Stand By Inoperativo,20260830-XRD150U-007-B
2727,20260826,17,54,55,A,0.5,False,Stand By Inoperativo,20260826-XRD50USS-003-A
2728,20260826,17,54,55,B,0.5,False,Stand By Inoperativo,20260826-XRD50USS-003-B
2729,20260827,17,54,55,A,0.5,False,Stand By Inoperativo,20260827-XRD50USS-003-A
2730,20260827,17,54,55,B,0.5,False,Stand By Inoperativo,20260827-XRD50USS-003-B
2731,20260828,17,54,55,A,0.5,False,Stand By Inoperativo,20260828-XRD50USS-003-A
2732,20260828,17,54,55,B,0.5,False,Stand By Inoperativo,20260828-XRD50USS-003-B
2733,20260829,17,54,55,A,0.5,False,Stand By Inoperativo,20260829-XRD50USS-003-A
2734,20260829,17,54,55,B,0.5,False,Stand By Inoperativo,20260829-XRD50USS-003-B
2735,20260830,17,54,55,A,4.0,False,Stand By Inoperativo,20260830-XRD50USS-003-A
2736,20260830,17,54,55,B,0.5,False,Stand By Inoperativo,20260830-XRD50USS-003-B
2737,20260826,17,52,55,A,0.5,False,Stand By Inoperativo,20260826-XDR50USS-00T-A
2738,20260826,17,52,55,B,1.0,False,Stand By Inoperativo,20260826-XDR50USS-00T-B
2739,20260827,17,52,55,A,0.5,False,Stand By Inoperativo,20260827-XDR50USS-00T-A
2740,20260827,17,52,55,B,1.0,False,Stand By Inoperativo,20260827-XDR50USS-00T-B
2741,20260828,17,52,55,A,0.5,False,Stand By Inoperativo,20260828-XDR50USS-00T-A
2742,20260828,17,52,55,B,1.0,False,Stand By Inoperativo,20260828-XDR50USS-00T-B
2743,20260829,17,52,55,A,0.5,False,Stand By Inoperativo,20260829-XDR50USS-00T-A
2744,20260829,17,52,55,B,1.0,False,Stand By Inoperativo,20260829-XDR50USS-00T-B
2745,20260830,17,52,55,A,4.5,False,Stand By Inoperativo,20260830-XDR50USS-00T-A
2746,20260830,17,52,55,B,1.0,False,Stand By Inoperativo,20260830-XDR50USS-00T-B
2747,20260826,17,53,55,B,0.5,False,Stand By Inoperativo,20260826-XRD125USS-001-B
2748,20260827,17,53,55,A,0.5,False,Stand By Inoperativo,20260827-XRD125USS-001-A
2749,20260827,17,53,55,B,0.5,False,Stand By Inoperativo,20260827-XRD125USS-001-B
2750,20260828,17,53,55,A,0.5,False,Stand By Inoperativo,20260828-XRD125USS-001-A
2751,20260828,17,53,55,B,0.5,False,Stand By Inoperativo,20260828-XRD125USS-001-B
2752,20260829,17,53,55,A,0.5,False,Stand By Inoperativo,20260829-XRD125USS-001-A
2753,20260829,17,53,55,B,0.5,False,Stand By Inoperativo,20260829-XRD125USS-001-B
2754,20260830,17,53,55,A,4.0,False,Stand By Inoperativo,20260830-XRD125USS-001-A
2755,20260830,17,53,55,B,0.5,False,Stand By Inoperativo,20260830-XRD125USS-001-B
2756,20260826,18,56,55,A,1.0,False,Stand By Inoperativo,20260826-XRD150USS-001-A
2757,20260826,18,56,55,B,1.0,False,Stand By Inoperativo,20260826-XRD150USS-001-B
2758,20260827,18,56,55,B,1.0,False,Stand By Inoperativo,20260827-XRD150USS-001-B
2759,20260828,18,56,55,A,1.0,False,Stand By Inoperativo,20260828-XRD150USS-001-A
2760,20260828,18,56,55,B,1.0,False,Stand By Inoperativo,20260828-XRD150USS-001-B
2761,20260829,18,56,55,A,1.0,False,Stand By Inoperativo,20260829-XRD150USS-001-A
2762,20260829,18,56,55,B,1.0,False,Stand By Inoperativo,20260829-XRD150USS-001-B
2763,20260826,18,55,55,A,0.5,False,Stand By Inoperativo,20260826-XRD150U-011-A
2764,20260826,18,55,55,B,0.5,False,Stand By Inoperativo,20260826-XRD150U-011-B
2765,20260827,18,55,55,A,0.5,False,Stand By Inoperativo,20260827-XRD150U-011-A
2766,20260827,18,55,55,B,0.5,False,Stand By Inoperativo,20260827-XRD150U-011-B
2767,20260828,18,55,55,A,0.5,False,Stand By Inoperativo,20260828-XRD150U-011-A
2768,20260828,18,55,55,B,0.5,False,Stand By Inoperativo,20260828-XRD150U-011-B
2769,20260829,18,55,55,A,0.5,False,Stand By Inoperativo,20260829-XRD150U-011-A
2770,20260829,18,55,55,B,0.5,False,Stand By Inoperativo,20260829-XRD150U-011-B
2771,20260830,18,55,55,A,0.5,False,Stand By Inoperativo,20260830-XRD150U-011-A
2772,20260830,18,55,55,B,0.5,False,Stand By Inoperativo,20260830-XRD150U-011-B
2773,20260830,8,25,56,B,1.0,False,Stand By Inoperativo,20260830-XLM75UFDR-004-B
2774,20260827,9,28,56,B,12.0,False,Stand By Inoperativo,20260827-XRD100ST-001-B
2775,20260829,10,33,56,A,3.0,False,Stand By Inoperativo,20260829-XRD80USS-008-A
2776,20260829,10,29,56,A,3.0,False,Stand By Inoperativo,20260829-XLM75UFDR-001-A
2777,20260830,10,29,56,A,4.0,False,Stand By Inoperativo,20260830-XLM75UFDR-001-A
2778,20260829,11,36,56,B,3.0,False,Stand By Inoperativo,20260829-XRD150U-004-B
2779,20260829,11,37,56,B,4.0,False,Stand By Inoperativo,20260829-XRD150U-006-B
2780,20260829,13,43,56,B,3.0,False,Stand By Inoperativo,20260829-XRD90USS-001-B
2781,20260827,10,35,57,B,2.5,False,Stand By Inoperativo,20260827-XRD90U-016-B
2782,20260826,10,30,57,B,2.0,False,Stand By Inoperativo,20260826-XRD150U-003-B
2783,20260827,11,36,57,B,1.0,False,Stand By Inoperativo,20260827-XRD150U-004-B
2784,20260828,11,36,57,B,1.0,False,Stand By Inoperativo,20260828-XRD150U-004-B
2785,20260829,11,36,57,B,1.0,False,Stand By Inoperativo,20260829-XRD150U-004-B
2786,20260828,13,44,57,B,1.0,False,Stand By Inoperativo,20260828-XRD90USS-004-B
2787,20260826,13,41,57,B,1.0,False,Stand By Inoperativo,20260826-XRD150U-005-B
2788,20260826,1,1,58,A,3.0,False,Stand By Inoperativo,20260826-XRD50U-002-A
2789,20260826,1,1,58,B,3.0,False,Stand By Inoperativo,20260826-XRD50U-002-B
2790,20260827,1,1,58,A,3.0,False,Stand By Inoperativo,20260827-XRD50U-002-A
2791,20260827,1,1,58,B,3.0,False,Stand By Inoperativo,20260827-XRD50U-002-B
2792,20260828,1,1,58,A,3.0,False,Stand By Inoperativo,20260828-XRD50U-002-A
2793,20260828,1,1,58,B,3.0,False,Stand By Inoperativo,20260828-XRD50U-002-B
2794,20260829,1,1,58,A,3.0,False,Stand By Inoperativo,20260829-XRD50U-002-A
2795,20260829,1,1,58,B,3.0,False,Stand By Inoperativo,20260829-XRD50U-002-B
2796,20260830,1,1,58,A,3.0,False,Stand By Inoperativo,20260830-XRD50U-002-A
2797,20260830,1,1,58,B,3.0,False,Stand By Inoperativo,20260830-XRD50U-002-B
2798,20260826,1,2,58,A,3.0,False,Stand By Inoperativo,20260826-XRD50USS-001-A
2799,20260826,1,2,58,B,3.0,False,Stand By Inoperativo,20260826-XRD50USS-001-B
2800,20260827,1,2,58,A,3.0,False,Stand By Inoperativo,20260827-XRD50USS-001-A
2801,20260827,1,2,58,B,2.0,False,Stand By Inoperativo,20260827-XRD50USS-001-B
2802,20260828,1,2,58,A,3.0,False,Stand By Inoperativo,20260828-XRD50USS-001-A
2803,20260828,1,2,58,B,3.0,False,Stand By Inoperativo,20260828-XRD50USS-001-B
2804,20260829,1,2,58,A,3.0,False,Stand By Inoperativo,20260829-XRD50USS-001-A
2805,20260829,1,2,58,B,3.0,False,Stand By Inoperativo,20260829-XRD50USS-001-B
2806,20260830,1,2,58,A,3.0,False,Stand By Inoperativo,20260830-XRD50USS-001-A
2807,20260830,1,2,58,B,3.0,False,Stand By Inoperativo,20260830-XRD50USS-001-B
2808,20260826,2,5,58,A,2.0,False,Stand By Inoperativo,20260826-XRD80USS-010-A
2809,20260826,2,5,58,B,2.0,False,Stand By Inoperativo,20260826-XRD80USS-010-B
2810,20260827,2,5,58,A,2.0,False,Stand By Inoperativo,20260827-XRD80USS-010-A
2811,20260827,2,5,58,B,2.0,False,Stand By Inoperativo,20260827-XRD80USS-010-B
2812,20260828,2,5,58,A,3.0,False,Stand By Inoperativo,20260828-XRD80USS-010-A
2813,20260828,2,5,58,B,2.0,False,Stand By Inoperativo,20260828-XRD80USS-010-B
2814,20260829,2,5,58,A,2.0,False,Stand By Inoperativo,20260829-XRD80USS-010-A
2815,20260829,2,5,58,B,2.0,False,Stand By Inoperativo,20260829-XRD80USS-010-B
2816,20260830,2,5,58,A,1.0,False,Stand By Inoperativo,20260830-XRD80USS-010-A
2817,20260830,2,5,58,B,2.0,False,Stand By Inoperativo,20260830-XRD80USS-010-B
2818,20260826,2,4,58,A,2.0,False,Stand By Inoperativo,20260826-XRD150U-001-A
2819,20260826,2,4,58,B,2.0,False,Stand By Inoperativo,20260826-XRD150U-001-B
2820,20260827,2,4,58,A,2.0,False,Stand By Inoperativo,20260827-XRD150U-001-A
2821,20260827,2,4,58,B,2.0,False,Stand By Inoperativo,20260827-XRD150U-001-B
2822,20260828,2,4,58,A,3.0,False,Stand By Inoperativo,20260828-XRD150U-001-A
2823,20260828,2,4,58,B,2.0,False,Stand By Inoperativo,20260828-XRD150U-001-B
2824,20260829,2,4,58,A,3.0,False,Stand By Inoperativo,20260829-XRD150U-001-A
2825,20260829,2,4,58,B,2.0,False,Stand By Inoperativo,20260829-XRD150U-001-B
2826,20260830,2,4,58,A,1.0,False,Stand By Inoperativo,20260830-XRD150U-001-A
2827,20260830,2,4,58,B,2.0,False,Stand By Inoperativo,20260830-XRD150U-001-B
2828,20260826,2,3,58,A,1.0,False,Stand By Inoperativo,20260826-LF90D ST-002-A
2829,20260826,2,3,58,B,1.0,False,Stand By Inoperativo,20260826-LF90D ST-002-B
2830,20260827,2,3,58,A,1.0,False,Stand By Inoperativo,20260827-LF90D ST-002-A
2831,20260827,2,3,58,B,1.0,False,Stand By Inoperativo,20260827-LF90D ST-002-B
2832,20260828,2,3,58,A,1.0,False,Stand By Inoperativo,20260828-LF90D ST-002-A
2833,20260828,2,3,58,B,1.0,False,Stand By Inoperativo,20260828-LF90D ST-002-B
2834,20260829,2,3,58,A,1.0,False,Stand By Inoperativo,20260829-LF90D ST-002-A
2835,20260829,2,3,58,B,1.0,False,Stand By Inoperativo,20260829-LF90D ST-002-B
2836,20260830,2,3,58,A,1.0,False,Stand By Inoperativo,20260830-LF90D ST-002-A
2837,20260830,2,3,58,B,1.0,False,Stand By Inoperativo,20260830-LF90D ST-002-B
2838,20260826,3,8,58,A,1.0,False,Stand By Inoperativo,20260826-XRD50U-003-A
2839,20260826,3,8,58,B,1.0,False,Stand By Inoperativo,20260826-XRD50U-003-B
2840,20260827,3,8,58,A,1.0,False,Stand By Inoperativo,20260827-XRD50U-003-A
2841,20260827,3,8,58,B,1.0,False,Stand By Inoperativo,20260827-XRD50U-003-B
2842,20260828,3,8,58,A,1.0,False,Stand By Inoperativo,20260828-XRD50U-003-A
2843,20260828,3,8,58,B,1.0,False,Stand By Inoperativo,20260828-XRD50U-003-B
2844,20260829,3,8,58,A,1.0,False,Stand By Inoperativo,20260829-XRD50U-003-A
2845,20260829,3,8,58,B,1.0,False,Stand By Inoperativo,20260829-XRD50U-003-B
2846,20260830,3,8,58,A,1.0,False,Stand By Inoperativo,20260830-XRD50U-003-A
2847,20260830,3,8,58,B,1.0,False,Stand By Inoperativo,20260830-XRD50U-003-B
2848,20260826,3,9,58,A,1.0,False,Stand By Inoperativo,20260826-XRD50USS-004-A
2849,20260826,3,9,58,B,1.0,False,Stand By Inoperativo,20260826-XRD50USS-004-B
2850,20260827,3,9,58,A,1.0,False,Stand By Inoperativo,20260827-XRD50USS-004-A
2851,20260827,3,9,58,B,1.0,False,Stand By Inoperativo,20260827-XRD50USS-004-B
2852,20260828,3,9,58,A,1.0,False,Stand By Inoperativo,20260828-XRD50USS-004-A
2853,20260828,3,9,58,B,1.0,False,Stand By Inoperativo,20260828-XRD50USS-004-B
2854,20260829,3,9,58,A,1.0,False,Stand By Inoperativo,20260829-XRD50USS-004-A
2855,20260829,3,9,58,B,1.0,False,Stand By Inoperativo,20260829-XRD50USS-004-B
2856,20260830,3,9,58,A,1.0,False,Stand By Inoperativo,20260830-XRD50USS-004-A
2857,20260830,3,9,58,B,1.0,False,Stand By Inoperativo,20260830-XRD50USS-004-B
2858,20260826,3,6,58,A,1.0,False,Stand By Inoperativo,20260826-XRD100U-001-A
2859,20260826,3,6,58,B,1.0,False,Stand By Inoperativo,20260826-XRD100U-001-B
2860,20260827,3,6,58,A,1.0,False,Stand By Inoperativo,20260827-XRD100U-001-A
2861,20260827,3,6,58,B,1.0,False,Stand By Inoperativo,20260827-XRD100U-001-B
2862,20260828,3,6,58,A,1.0,False,Stand By Inoperativo,20260828-XRD100U-001-A
2863,20260828,3,6,58,B,1.0,False,Stand By Inoperativo,20260828-XRD100U-001-B
2864,20260829,3,6,58,A,1.0,False,Stand By Inoperativo,20260829-XRD100U-001-A
2865,20260829,3,6,58,B,1.0,False,Stand By Inoperativo,20260829-XRD100U-001-B
2866,20260830,3,6,58,A,1.0,False,Stand By Inoperativo,20260830-XRD100U-001-A
2867,20260830,3,6,58,B,1.0,False,Stand By Inoperativo,20260830-XRD100U-001-B
2868,20260826,3,10,58,A,1.0,False,Stand By Inoperativo,20260826-XRD90U-005-A
2869,20260826,3,10,58,B,1.0,False,Stand By Inoperativo,20260826-XRD90U-005-B
2870,20260827,3,10,58,A,1.0,False,Stand By Inoperativo,20260827-XRD90U-005-A
2871,20260827,3,10,58,B,1.0,False,Stand By Inoperativo,20260827-XRD90U-005-B
2872,20260828,3,10,58,A,1.0,False,Stand By Inoperativo,20260828-XRD90U-005-A
2873,20260828,3,10,58,B,1.0,False,Stand By Inoperativo,20260828-XRD90U-005-B
2874,20260829,3,10,58,A,1.0,False,Stand By Inoperativo,20260829-XRD90U-005-A
2875,20260829,3,10,58,B,1.0,False,Stand By Inoperativo,20260829-XRD90U-005-B
2876,20260830,3,10,58,A,1.0,False,Stand By Inoperativo,20260830-XRD90U-005-A
2877,20260830,3,10,58,B,1.0,False,Stand By Inoperativo,20260830-XRD90U-005-B
2878,20260826,3,7,58,A,1.0,False,Stand By Inoperativo,20260826-XRD125UFDR-001-A
2879,20260826,3,7,58,B,1.0,False,Stand By Inoperativo,20260826-XRD125UFDR-001-B
2880,20260827,3,7,58,A,1.0,False,Stand By Inoperativo,20260827-XRD125UFDR-001-A
2881,20260827,3,7,58,B,1.0,False,Stand By Inoperativo,20260827-XRD125UFDR-001-B
2882,20260828,3,7,58,A,1.0,False,Stand By Inoperativo,20260828-XRD125UFDR-001-A
2883,20260828,3,7,58,B,1.0,False,Stand By Inoperativo,20260828-XRD125UFDR-001-B
2884,20260829,3,7,58,A,1.0,False,Stand By Inoperativo,20260829-XRD125UFDR-001-A
2885,20260829,3,7,58,B,1.0,False,Stand By Inoperativo,20260829-XRD125UFDR-001-B
2886,20260830,3,7,58,A,1.0,False,Stand By Inoperativo,20260830-XRD125UFDR-001-A
2887,20260830,3,7,58,B,1.0,False,Stand By Inoperativo,20260830-XRD125UFDR-001-B
2888,20260826,4,11,58,A,1.5,False,Stand By Inoperativo,20260826-XRD150U-002-A
2889,20260826,4,11,58,B,1.0,False,Stand By Inoperativo,20260826-XRD150U-002-B
2890,20260827,4,11,58,A,1.5,False,Stand By Inoperativo,20260827-XRD150U-002-A
2891,20260827,4,11,58,B,1.0,False,Stand By Inoperativo,20260827-XRD150U-002-B
2892,20260828,4,11,58,A,1.5,False,Stand By Inoperativo,20260828-XRD150U-002-A
2893,20260829,4,11,58,A,1.5,False,Stand By Inoperativo,20260829-XRD150U-002-A
2894,20260829,4,11,58,B,1.0,False,Stand By Inoperativo,20260829-XRD150U-002-B
2895,20260830,4,11,58,B,1.0,False,Stand By Inoperativo,20260830-XRD150U-002-B
2896,20260826,5,16,58,A,3.0,False,Stand By Inoperativo,20260826-XRD90U-021-A
2897,20260826,5,16,58,B,2.5,False,Stand By Inoperativo,20260826-XRD90U-021-B
2898,20260827,5,16,58,A,2.5,False,Stand By Inoperativo,20260827-XRD90U-021-A
2899,20260827,5,16,58,B,2.5,False,Stand By Inoperativo,20260827-XRD90U-021-B
2900,20260828,5,16,58,A,2.5,False,Stand By Inoperativo,20260828-XRD90U-021-A
2901,20260828,5,16,58,B,2.5,False,Stand By Inoperativo,20260828-XRD90U-021-B
2902,20260829,5,16,58,A,2.5,False,Stand By Inoperativo,20260829-XRD90U-021-A
2903,20260829,5,16,58,B,3.0,False,Stand By Inoperativo,20260829-XRD90U-021-B
2904,20260830,5,16,58,A,2.5,False,Stand By Inoperativo,20260830-XRD90U-021-A
2905,20260826,5,13,58,A,3.0,False,Stand By Inoperativo,20260826-LM90U-001-A
2906,20260826,5,13,58,B,2.5,False,Stand By Inoperativo,20260826-LM90U-001-B
2907,20260827,5,13,58,A,2.5,False,Stand By Inoperativo,20260827-LM90U-001-A
2908,20260827,5,13,58,B,2.5,False,Stand By Inoperativo,20260827-LM90U-001-B
2909,20260828,5,13,58,A,2.5,False,Stand By Inoperativo,20260828-LM90U-001-A
2910,20260828,5,13,58,B,2.5,False,Stand By Inoperativo,20260828-LM90U-001-B
2911,20260829,5,13,58,A,2.5,False,Stand By Inoperativo,20260829-LM90U-001-A
2912,20260829,5,13,58,B,2.5,False,Stand By Inoperativo,20260829-LM90U-001-B
2913,20260830,5,13,58,A,2.5,False,Stand By Inoperativo,20260830-LM90U-001-A
2914,20260830,5,13,58,B,2.5,False,Stand By Inoperativo,20260830-LM90U-001-B
2915,20260826,5,17,58,A,2.5,False,Stand By Inoperativo,20260826-XRD90USS-003-A
2916,20260826,5,17,58,B,2.5,False,Stand By Inoperativo,20260826-XRD90USS-003-B
2917,20260827,5,17,58,A,3.0,False,Stand By Inoperativo,20260827-XRD90USS-003-A
2918,20260827,5,17,58,B,2.5,False,Stand By Inoperativo,20260827-XRD90USS-003-B
2919,20260828,5,17,58,A,2.5,False,Stand By Inoperativo,20260828-XRD90USS-003-A
2920,20260828,5,17,58,B,2.0,False,Stand By Inoperativo,20260828-XRD90USS-003-B
2921,20260829,5,17,58,A,2.5,False,Stand By Inoperativo,20260829-XRD90USS-003-A
2922,20260829,5,17,58,B,2.5,False,Stand By Inoperativo,20260829-XRD90USS-003-B
2923,20260830,5,17,58,A,2.5,False,Stand By Inoperativo,20260830-XRD90USS-003-A
2924,20260830,5,17,58,B,2.5,False,Stand By Inoperativo,20260830-XRD90USS-003-B
2925,20260826,5,15,58,B,2.0,False,Stand By Inoperativo,20260826-XRD150USS-005-B
2926,20260827,5,15,58,A,3.0,False,Stand By Inoperativo,20260827-XRD150USS-005-A
2927,20260828,5,15,58,A,2.5,False,Stand By Inoperativo,20260828-XRD150USS-005-A
2928,20260829,5,15,58,A,2.5,False,Stand By Inoperativo,20260829-XRD150USS-005-A
2929,20260830,5,15,58,A,2.5,False,Stand By Inoperativo,20260830-XRD150USS-005-A
2930,20260830,5,15,58,B,2.5,False,Stand By Inoperativo,20260830-XRD150USS-005-B
2931,20260826,5,14,58,A,2.0,False,Stand By Inoperativo,20260826-XRD120U-001-A
2932,20260826,5,14,58,B,2.0,False,Stand By Inoperativo,20260826-XRD120U-001-B
2933,20260827,5,14,58,A,2.0,False,Stand By Inoperativo,20260827-XRD120U-001-A
2934,20260827,5,14,58,B,2.5,False,Stand By Inoperativo,20260827-XRD120U-001-B
2935,20260828,5,14,58,A,2.0,False,Stand By Inoperativo,20260828-XRD120U-001-A
2936,20260828,5,14,58,B,2.0,False,Stand By Inoperativo,20260828-XRD120U-001-B
2937,20260829,5,14,58,A,2.0,False,Stand By Inoperativo,20260829-XRD120U-001-A
2938,20260829,5,14,58,B,2.0,False,Stand By Inoperativo,20260829-XRD120U-001-B
2939,20260830,5,14,58,A,2.0,False,Stand By Inoperativo,20260830-XRD120U-001-A
2940,20260830,5,14,58,B,2.0,False,Stand By Inoperativo,20260830-XRD120U-001-B
2941,20260826,5,12,58,A,2.5,False,Stand By Inoperativo,20260826-LM110U-001-A
2942,20260826,5,12,58,B,2.0,False,Stand By Inoperativo,20260826-LM110U-001-B
2943,20260827,5,12,58,A,2.0,False,Stand By Inoperativo,20260827-LM110U-001-A
2944,20260827,5,12,58,B,2.5,False,Stand By Inoperativo,20260827-LM110U-001-B
2945,20260828,5,12,58,A,2.0,False,Stand By Inoperativo,20260828-LM110U-001-A
2946,20260828,5,12,58,B,2.0,False,Stand By Inoperativo,20260828-LM110U-001-B
2947,20260829,5,12,58,A,2.5,False,Stand By Inoperativo,20260829-LM110U-001-A
2948,20260829,5,12,58,B,2.5,False,Stand By Inoperativo,20260829-LM110U-001-B
2949,20260830,5,12,58,A,2.0,False,Stand By Inoperativo,20260830-LM110U-001-A
2950,20260830,5,12,58,B,2.5,False,Stand By Inoperativo,20260830-LM110U-001-B
2951,20260826,6,21,58,A,2.0,False,Stand By Inoperativo,20260826-XRD50UFDR-001-A
2952,20260826,6,21,58,B,2.0,False,Stand By Inoperativo,20260826-XRD50UFDR-001-B
2953,20260827,6,21,58,A,2.0,False,Stand By Inoperativo,20260827-XRD50UFDR-001-A
2954,20260827,6,21,58,B,2.0,False,Stand By Inoperativo,20260827-XRD50UFDR-001-B
2955,20260828,6,21,58,A,2.0,False,Stand By Inoperativo,20260828-XRD50UFDR-001-A
2956,20260828,6,21,58,B,2.0,False,Stand By Inoperativo,20260828-XRD50UFDR-001-B
2957,20260829,6,21,58,A,2.0,False,Stand By Inoperativo,20260829-XRD50UFDR-001-A
2958,20260829,6,21,58,B,2.0,False,Stand By Inoperativo,20260829-XRD50UFDR-001-B
2959,20260830,6,21,58,A,2.0,False,Stand By Inoperativo,20260830-XRD50UFDR-001-A
2960,20260830,6,21,58,B,2.0,False,Stand By Inoperativo,20260830-XRD50UFDR-001-B
2961,20260826,6,18,58,A,2.0,False,Stand By Inoperativo,20260826-XLM75UFDR-003-A
2962,20260826,6,18,58,B,1.0,False,Stand By Inoperativo,20260826-XLM75UFDR-003-B
2963,20260827,6,18,58,A,2.0,False,Stand By Inoperativo,20260827-XLM75UFDR-003-A
2964,20260827,6,18,58,B,1.0,False,Stand By Inoperativo,20260827-XLM75UFDR-003-B
2965,20260828,6,18,58,A,2.0,False,Stand By Inoperativo,20260828-XLM75UFDR-003-A
2966,20260828,6,18,58,B,1.0,False,Stand By Inoperativo,20260828-XLM75UFDR-003-B
2967,20260829,6,18,58,A,2.0,False,Stand By Inoperativo,20260829-XLM75UFDR-003-A
2968,20260829,6,18,58,B,1.0,False,Stand By Inoperativo,20260829-XLM75UFDR-003-B
2969,20260830,6,18,58,A,2.0,False,Stand By Inoperativo,20260830-XLM75UFDR-003-A
2970,20260830,6,18,58,B,1.0,False,Stand By Inoperativo,20260830-XLM75UFDR-003-B
2971,20260826,6,22,58,A,2.0,False,Stand By Inoperativo,20260826-XRD80USS-006-A
2972,20260826,6,22,58,B,1.0,False,Stand By Inoperativo,20260826-XRD80USS-006-B
2973,20260827,6,22,58,A,2.0,False,Stand By Inoperativo,20260827-XRD80USS-006-A
2974,20260827,6,22,58,B,1.0,False,Stand By Inoperativo,20260827-XRD80USS-006-B
2975,20260828,6,22,58,A,2.0,False,Stand By Inoperativo,20260828-XRD80USS-006-A
2976,20260828,6,22,58,B,1.0,False,Stand By Inoperativo,20260828-XRD80USS-006-B
2977,20260829,6,22,58,A,2.0,False,Stand By Inoperativo,20260829-XRD80USS-006-A
2978,20260829,6,22,58,B,1.0,False,Stand By Inoperativo,20260829-XRD80USS-006-B
2979,20260830,6,22,58,A,2.0,False,Stand By Inoperativo,20260830-XRD80USS-006-A
2980,20260830,6,22,58,B,1.0,False,Stand By Inoperativo,20260830-XRD80USS-006-B
2981,20260826,6,19,58,A,2.0,False,Stand By Inoperativo,20260826-XRD125UFDR-002-A
2982,20260826,6,19,58,B,1.0,False,Stand By Inoperativo,20260826-XRD125UFDR-002-B
2983,20260827,6,19,58,A,2.0,False,Stand By Inoperativo,20260827-XRD125UFDR-002-A
2984,20260827,6,19,58,B,1.0,False,Stand By Inoperativo,20260827-XRD125UFDR-002-B
2985,20260828,6,19,58,A,2.0,False,Stand By Inoperativo,20260828-XRD125UFDR-002-A
2986,20260828,6,19,58,B,1.0,False,Stand By Inoperativo,20260828-XRD125UFDR-002-B
2987,20260829,6,19,58,A,2.0,False,Stand By Inoperativo,20260829-XRD125UFDR-002-A
2988,20260829,6,19,58,B,1.0,False,Stand By Inoperativo,20260829-XRD125UFDR-002-B
2989,20260830,6,19,58,A,2.0,False,Stand By Inoperativo,20260830-XRD125UFDR-002-A
2990,20260830,6,19,58,B,1.0,False,Stand By Inoperativo,20260830-XRD125UFDR-002-B
2991,20260826,6,20,58,A,2.0,False,Stand By Inoperativo,20260826-XRD150U-008-A
2992,20260826,6,20,58,B,2.0,False,Stand By Inoperativo,20260826-XRD150U-008-B
2993,20260827,6,20,58,A,2.0,False,Stand By Inoperativo,20260827-XRD150U-008-A
2994,20260827,6,20,58,B,2.0,False,Stand By Inoperativo,20260827-XRD150U-008-B
2995,20260828,6,20,58,A,2.0,False,Stand By Inoperativo,20260828-XRD150U-008-A
2996,20260828,6,20,58,B,2.0,False,Stand By Inoperativo,20260828-XRD150U-008-B
2997,20260829,6,20,58,A,2.0,False,Stand By Inoperativo,20260829-XRD150U-008-A
2998,20260829,6,20,58,B,2.0,False,Stand By Inoperativo,20260829-XRD150U-008-B
2999,20260830,6,20,58,A,2.0,False,Stand By Inoperativo,20260830-XRD150U-008-A
3000,20260830,6,20,58,B,2.0,False,Stand By Inoperativo,20260830-XRD150U-008-B
3001,20260826,7,23,58,A,1.0,False,Stand By Inoperativo,20260826-XRD80USS-012-A
3002,20260826,7,23,58,B,1.0,False,Stand By Inoperativo,20260826-XRD80USS-012-B
3003,20260827,7,23,58,A,1.0,False,Stand By Inoperativo,20260827-XRD80USS-012-A
3004,20260827,7,23,58,B,1.0,False,Stand By Inoperativo,20260827-XRD80USS-012-B
3005,20260828,7,23,58,A,1.0,False,Stand By Inoperativo,20260828-XRD80USS-012-A
3006,20260828,7,23,58,B,1.0,False,Stand By Inoperativo,20260828-XRD80USS-012-B
3007,20260829,7,23,58,A,1.0,False,Stand By Inoperativo,20260829-XRD80USS-012-A
3008,20260829,7,23,58,B,1.0,False,Stand By Inoperativo,20260829-XRD80USS-012-B
3009,20260830,7,23,58,A,1.0,False,Stand By Inoperativo,20260830-XRD80USS-012-A
3010,20260830,7,23,58,B,1.0,False,Stand By Inoperativo,20260830-XRD80USS-012-B
3011,20260826,8,27,58,A,2.0,False,Stand By Inoperativo,20260826-XRD80ITH-001-A
3012,20260828,8,27,58,A,2.0,False,Stand By Inoperativo,20260828-XRD80ITH-001-A
3013,20260828,8,27,58,B,2.0,False,Stand By Inoperativo,20260828-XRD80ITH-001-B
3014,20260826,8,24,58,A,2.0,False,Stand By Inoperativo,20260826-XLM75UFDR-002-A
3015,20260826,8,24,58,B,2.0,False,Stand By Inoperativo,20260826-XLM75UFDR-002-B
3016,20260827,8,24,58,A,1.0,False,Stand By Inoperativo,20260827-XLM75UFDR-002-A
3017,20260827,8,24,58,B,2.0,False,Stand By Inoperativo,20260827-XLM75UFDR-002-B
3018,20260828,8,24,58,A,1.0,False,Stand By Inoperativo,20260828-XLM75UFDR-002-A
3019,20260828,8,24,58,B,2.0,False,Stand By Inoperativo,20260828-XLM75UFDR-002-B
3020,20260829,8,24,58,A,1.0,False,Stand By Inoperativo,20260829-XLM75UFDR-002-A
3021,20260829,8,24,58,B,2.0,False,Stand By Inoperativo,20260829-XLM75UFDR-002-B
3022,20260830,8,24,58,A,1.0,False,Stand By Inoperativo,20260830-XLM75UFDR-002-A
3023,20260830,8,24,58,B,2.0,False,Stand By Inoperativo,20260830-XLM75UFDR-002-B
3024,20260826,8,25,58,A,2.0,False,Stand By Inoperativo,20260826-XLM75UFDR-004-A
3025,20260826,8,25,58,B,2.0,False,Stand By Inoperativo,20260826-XLM75UFDR-004-B
3026,20260827,8,25,58,A,1.5,False,Stand By Inoperativo,20260827-XLM75UFDR-004-A
3027,20260827,8,25,58,B,2.0,False,Stand By Inoperativo,20260827-XLM75UFDR-004-B
3028,20260828,8,25,58,A,2.0,False,Stand By Inoperativo,20260828-XLM75UFDR-004-A
3029,20260828,8,25,58,B,2.0,False,Stand By Inoperativo,20260828-XLM75UFDR-004-B
3030,20260829,8,25,58,A,2.0,False,Stand By Inoperativo,20260829-XLM75UFDR-004-A
3031,20260829,8,25,58,B,2.0,False,Stand By Inoperativo,20260829-XLM75UFDR-004-B
3032,20260830,8,25,58,A,2.0,False,Stand By Inoperativo,20260830-XLM75UFDR-004-A
3033,20260830,8,25,58,B,2.0,False,Stand By Inoperativo,20260830-XLM75UFDR-004-B
3034,20260826,8,26,58,A,2.0,False,Stand By Inoperativo,20260826-XRD150USS-003-A
3035,20260826,8,26,58,B,2.0,False,Stand By Inoperativo,20260826-XRD150USS-003-B
3036,20260827,8,26,58,A,2.0,False,Stand By Inoperativo,20260827-XRD150USS-003-A
3037,20260827,8,26,58,B,2.0,False,Stand By Inoperativo,20260827-XRD150USS-003-B
3038,20260828,8,26,58,A,2.0,False,Stand By Inoperativo,20260828-XRD150USS-003-A
3039,20260828,8,26,58,B,2.0,False,Stand By Inoperativo,20260828-XRD150USS-003-B
3040,20260829,8,26,58,A,2.0,False,Stand By Inoperativo,20260829-XRD150USS-003-A
3041,20260829,8,26,58,B,2.0,False,Stand By Inoperativo,20260829-XRD150USS-003-B
3042,20260830,8,26,58,A,2.0,False,Stand By Inoperativo,20260830-XRD150USS-003-A
3043,20260830,8,26,58,B,2.0,False,Stand By Inoperativo,20260830-XRD150USS-003-B
3044,20260826,9,28,58,A,2.0,False,Stand By Inoperativo,20260826-XRD100ST-001-A
3045,20260826,9,28,58,B,2.0,False,Stand By Inoperativo,20260826-XRD100ST-001-B
3046,20260827,9,28,58,A,2.0,False,Stand By Inoperativo,20260827-XRD100ST-001-A
3047,20260828,9,28,58,A,2.0,False,Stand By Inoperativo,20260828-XRD100ST-001-A
3048,20260828,9,28,58,B,2.0,False,Stand By Inoperativo,20260828-XRD100ST-001-B
3049,20260829,9,28,58,A,2.0,False,Stand By Inoperativo,20260829-XRD100ST-001-A
3050,20260829,9,28,58,B,2.0,False,Stand By Inoperativo,20260829-XRD100ST-001-B
3051,20260830,9,28,58,A,2.0,False,Stand By Inoperativo,20260830-XRD100ST-001-A
3052,20260830,9,28,58,B,2.0,False,Stand By Inoperativo,20260830-XRD100ST-001-B
3053,20260826,10,33,58,A,2.0,False,Stand By Inoperativo,20260826-XRD80USS-008-A
3054,20260827,10,33,58,A,2.0,False,Stand By Inoperativo,20260827-XRD80USS-008-A
3055,20260828,10,33,58,A,2.0,False,Stand By Inoperativo,20260828-XRD80USS-008-A
3056,20260828,10,33,58,B,2.0,False,Stand By Inoperativo,20260828-XRD80USS-008-B
3057,20260829,10,33,58,A,2.0,False,Stand By Inoperativo,20260829-XRD80USS-008-A
3058,20260829,10,33,58,B,2.0,False,Stand By Inoperativo,20260829-XRD80USS-008-B
3059,20260830,10,33,58,A,2.5,False,Stand By Inoperativo,20260830-XRD80USS-008-A
3060,20260830,10,33,58,B,2.0,False,Stand By Inoperativo,20260830-XRD80USS-008-B
3061,20260826,10,35,58,A,2.0,False,Stand By Inoperativo,20260826-XRD90U-016-A
3062,20260826,10,35,58,B,2.0,False,Stand By Inoperativo,20260826-XRD90U-016-B
3063,20260827,10,35,58,A,2.0,False,Stand By Inoperativo,20260827-XRD90U-016-A
3064,20260827,10,35,58,B,2.0,False,Stand By Inoperativo,20260827-XRD90U-016-B
3065,20260828,10,35,58,A,2.0,False,Stand By Inoperativo,20260828-XRD90U-016-A
3066,20260828,10,35,58,B,2.0,False,Stand By Inoperativo,20260828-XRD90U-016-B
3067,20260829,10,35,58,A,2.0,False,Stand By Inoperativo,20260829-XRD90U-016-A
3068,20260829,10,35,58,B,2.0,False,Stand By Inoperativo,20260829-XRD90U-016-B
3069,20260830,10,35,58,A,2.0,False,Stand By Inoperativo,20260830-XRD90U-016-A
3070,20260830,10,35,58,B,2.0,False,Stand By Inoperativo,20260830-XRD90U-016-B
3071,20260826,10,30,58,A,2.0,False,Stand By Inoperativo,20260826-XRD150U-003-A
3072,20260826,10,30,58,B,2.0,False,Stand By Inoperativo,20260826-XRD150U-003-B
3073,20260827,10,30,58,A,2.0,False,Stand By Inoperativo,20260827-XRD150U-003-A
3074,20260827,10,30,58,B,2.0,False,Stand By Inoperativo,20260827-XRD150U-003-B
3075,20260828,10,30,58,A,2.0,False,Stand By Inoperativo,20260828-XRD150U-003-A
3076,20260828,10,30,58,B,2.0,False,Stand By Inoperativo,20260828-XRD150U-003-B
3077,20260829,10,30,58,A,2.0,False,Stand By Inoperativo,20260829-XRD150U-003-A
3078,20260829,10,30,58,B,2.0,False,Stand By Inoperativo,20260829-XRD150U-003-B
3079,20260830,10,30,58,A,2.0,False,Stand By Inoperativo,20260830-XRD150U-003-A
3080,20260830,10,30,58,B,2.0,False,Stand By Inoperativo,20260830-XRD150U-003-B
3081,20260826,10,29,58,A,2.5,False,Stand By Inoperativo,20260826-XLM75UFDR-001-A
3082,20260827,10,29,58,A,2.5,False,Stand By Inoperativo,20260827-XLM75UFDR-001-A
3083,20260827,10,29,58,B,2.0,False,Stand By Inoperativo,20260827-XLM75UFDR-001-B
3084,20260828,10,29,58,A,2.0,False,Stand By Inoperativo,20260828-XLM75UFDR-001-A
3085,20260828,10,29,58,B,2.0,False,Stand By Inoperativo,20260828-XLM75UFDR-001-B
3086,20260829,10,29,58,A,2.0,False,Stand By Inoperativo,20260829-XLM75UFDR-001-A
3087,20260829,10,29,58,B,2.0,False,Stand By Inoperativo,20260829-XLM75UFDR-001-B
3088,20260830,10,29,58,A,2.0,False,Stand By Inoperativo,20260830-XLM75UFDR-001-A
3089,20260830,10,29,58,B,2.0,False,Stand By Inoperativo,20260830-XLM75UFDR-001-B
3090,20260826,10,34,58,A,2.0,False,Stand By Inoperativo,20260826-XRD90U-012-A
3091,20260826,10,34,58,B,2.0,False,Stand By Inoperativo,20260826-XRD90U-012-B
3092,20260827,10,34,58,A,2.0,False,Stand By Inoperativo,20260827-XRD90U-012-A
3093,20260826,10,31,58,A,4.0,False,Stand By Inoperativo,20260826-XRD150USS-004-A
3094,20260826,10,31,58,B,2.5,False,Stand By Inoperativo,20260826-XRD150USS-004-B
3095,20260826,10,31,58,B,2.5,False,Stand By Inoperativo,20260826-XRD150USS-004-B
3096,20260827,10,31,58,A,2.0,False,Stand By Inoperativo,20260827-XRD150USS-004-A
3097,20260827,10,31,58,B,2.5,False,Stand By Inoperativo,20260827-XRD150USS-004-B
3098,20260828,10,31,58,A,2.5,False,Stand By Inoperativo,20260828-XRD150USS-004-A
3099,20260828,10,31,58,B,2.0,False,Stand By Inoperativo,20260828-XRD150USS-004-B
3100,20260829,10,31,58,A,2.5,False,Stand By Inoperativo,20260829-XRD150USS-004-A
3101,20260829,10,31,58,B,2.0,False,Stand By Inoperativo,20260829-XRD150USS-004-B
3102,20260830,10,31,58,A,2.0,False,Stand By Inoperativo,20260830-XRD150USS-004-A
3103,20260830,10,31,58,B,2.0,False,Stand By Inoperativo,20260830-XRD150USS-004-B
3104,20260826,11,36,58,A,2.0,False,Stand By Inoperativo,20260826-XRD150U-004-A
3105,20260826,11,36,58,B,2.0,False,Stand By Inoperativo,20260826-XRD150U-004-B
3106,20260827,11,36,58,A,2.0,False,Stand By Inoperativo,20260827-XRD150U-004-A
3107,20260827,11,36,58,B,2.0,False,Stand By Inoperativo,20260827-XRD150U-004-B
3108,20260828,11,36,58,A,2.0,False,Stand By Inoperativo,20260828-XRD150U-004-A
3109,20260828,11,36,58,B,2.0,False,Stand By Inoperativo,20260828-XRD150U-004-B
3110,20260829,11,36,58,A,2.0,False,Stand By Inoperativo,20260829-XRD150U-004-A
3111,20260829,11,36,58,B,2.0,False,Stand By Inoperativo,20260829-XRD150U-004-B
3112,20260830,11,36,58,A,2.0,False,Stand By Inoperativo,20260830-XRD150U-004-A
3113,20260830,11,36,58,B,2.0,False,Stand By Inoperativo,20260830-XRD150U-004-B
3114,20260826,11,37,58,A,2.0,False,Stand By Inoperativo,20260826-XRD150U-006-A
3115,20260826,11,37,58,B,2.0,False,Stand By Inoperativo,20260826-XRD150U-006-B
3116,20260827,11,37,58,A,2.0,False,Stand By Inoperativo,20260827-XRD150U-006-A
3117,20260827,11,37,58,B,2.0,False,Stand By Inoperativo,20260827-XRD150U-006-B
3118,20260828,11,37,58,A,2.0,False,Stand By Inoperativo,20260828-XRD150U-006-A
3119,20260828,11,37,58,B,2.0,False,Stand By Inoperativo,20260828-XRD150U-006-B
3120,20260829,11,37,58,A,2.0,False,Stand By Inoperativo,20260829-XRD150U-006-A
3121,20260829,11,37,58,B,2.0,False,Stand By Inoperativo,20260829-XRD150U-006-B
3122,20260830,11,37,58,A,2.0,False,Stand By Inoperativo,20260830-XRD150U-006-A
3123,20260830,11,37,58,B,2.0,False,Stand By Inoperativo,20260830-XRD150U-006-B
3124,20260826,12,40,58,A,2.0,False,Stand By Inoperativo,20260826-XRD90USS-005-A
3125,20260826,12,40,58,B,2.0,False,Stand By Inoperativo,20260826-XRD90USS-005-B
3126,20260827,12,40,58,A,2.0,False,Stand By Inoperativo,20260827-XRD90USS-005-A
3127,20260828,12,40,58,A,2.0,False,Stand By Inoperativo,20260828-XRD90USS-005-A
3128,20260829,12,40,58,A,2.0,False,Stand By Inoperativo,20260829-XRD90USS-005-A
3129,20260830,12,40,58,A,2.0,False,Stand By Inoperativo,20260830-XRD90USS-005-A
3130,20260826,12,38,58,B,2.5,False,Stand By Inoperativo,20260826-XRD150USS-002-B
3131,20260827,12,38,58,B,2.5,False,Stand By Inoperativo,20260827-XRD150USS-002-B
3132,20260828,12,38,58,B,2.0,False,Stand By Inoperativo,20260828-XRD150USS-002-B
3133,20260829,12,38,58,B,2.0,False,Stand By Inoperativo,20260829-XRD150USS-002-B
3134,20260830,12,38,58,B,2.0,False,Stand By Inoperativo,20260830-XRD150USS-002-B
3135,20260827,12,39,58,B,2.0,False,Stand By Inoperativo,20260827-XRD80USS-011-B
3136,20260828,12,39,58,A,2.0,False,Stand By Inoperativo,20260828-XRD80USS-011-A
3137,20260829,12,39,58,B,2.0,False,Stand By Inoperativo,20260829-XRD80USS-011-B
3138,20260830,12,39,58,B,2.0,False,Stand By Inoperativo,20260830-XRD80USS-011-B
3139,20260826,13,44,58,A,2.0,False,Stand By Inoperativo,20260826-XRD90USS-004-A
3140,20260826,13,44,58,B,2.0,False,Stand By Inoperativo,20260826-XRD90USS-004-B
3141,20260827,13,44,58,A,2.0,False,Stand By Inoperativo,20260827-XRD90USS-004-A
3142,20260827,13,44,58,B,2.0,False,Stand By Inoperativo,20260827-XRD90USS-004-B
3143,20260828,13,44,58,A,2.0,False,Stand By Inoperativo,20260828-XRD90USS-004-A
3144,20260828,13,44,58,B,2.0,False,Stand By Inoperativo,20260828-XRD90USS-004-B
3145,20260829,13,44,58,A,2.0,False,Stand By Inoperativo,20260829-XRD90USS-004-A
3146,20260829,13,44,58,B,2.0,False,Stand By Inoperativo,20260829-XRD90USS-004-B
3147,20260830,13,44,58,A,2.0,False,Stand By Inoperativo,20260830-XRD90USS-004-A
3148,20260830,13,44,58,B,2.0,False,Stand By Inoperativo,20260830-XRD90USS-004-B
3149,20260826,13,43,58,A,2.0,False,Stand By Inoperativo,20260826-XRD90USS-001-A
3150,20260826,13,43,58,B,2.0,False,Stand By Inoperativo,20260826-XRD90USS-001-B
3151,20260827,13,43,58,A,2.0,False,Stand By Inoperativo,20260827-XRD90USS-001-A
3152,20260827,13,43,58,B,2.0,False,Stand By Inoperativo,20260827-XRD90USS-001-B
3153,20260828,13,43,58,A,2.0,False,Stand By Inoperativo,20260828-XRD90USS-001-A
3154,20260828,13,43,58,B,2.0,False,Stand By Inoperativo,20260828-XRD90USS-001-B
3155,20260829,13,43,58,A,2.0,False,Stand By Inoperativo,20260829-XRD90USS-001-A
3156,20260829,13,43,58,B,2.0,False,Stand By Inoperativo,20260829-XRD90USS-001-B
3157,20260830,13,43,58,A,2.0,False,Stand By Inoperativo,20260830-XRD90USS-001-A
3158,20260830,13,43,58,B,2.0,False,Stand By Inoperativo,20260830-XRD90USS-001-B
3159,20260826,13,42,58,A,2.0,False,Stand By Inoperativo,20260826-XRD150UBT-001-A
3160,20260826,13,42,58,B,2.0,False,Stand By Inoperativo,20260826-XRD150UBT-001-B
3161,20260827,13,42,58,A,2.0,False,Stand By Inoperativo,20260827-XRD150UBT-001-A
3162,20260827,13,42,58,B,2.0,False,Stand By Inoperativo,20260827-XRD150UBT-001-B
3163,20260828,13,42,58,A,2.0,False,Stand By Inoperativo,20260828-XRD150UBT-001-A
3164,20260828,13,42,58,B,2.0,False,Stand By Inoperativo,20260828-XRD150UBT-001-B
3165,20260829,13,42,58,A,2.0,False,Stand By Inoperativo,20260829-XRD150UBT-001-A
3166,20260829,13,42,58,B,2.0,False,Stand By Inoperativo,20260829-XRD150UBT-001-B
3167,20260830,13,42,58,A,2.0,False,Stand By Inoperativo,20260830-XRD150UBT-001-A
3168,20260830,13,42,58,B,2.0,False,Stand By Inoperativo,20260830-XRD150UBT-001-B
3169,20260826,13,41,58,A,2.0,False,Stand By Inoperativo,20260826-XRD150U-005-A
3170,20260826,13,41,58,B,2.0,False,Stand By Inoperativo,20260826-XRD150U-005-B
3171,20260827,13,41,58,A,2.0,False,Stand By Inoperativo,20260827-XRD150U-005-A
3172,20260827,13,41,58,B,2.0,False,Stand By Inoperativo,20260827-XRD150U-005-B
3173,20260828,13,41,58,A,2.0,False,Stand By Inoperativo,20260828-XRD150U-005-A
3174,20260828,13,41,58,B,2.0,False,Stand By Inoperativo,20260828-XRD150U-005-B
3175,20260829,13,41,58,A,2.0,False,Stand By Inoperativo,20260829-XRD150U-005-A
3176,20260829,13,41,58,B,2.0,False,Stand By Inoperativo,20260829-XRD150U-005-B
3177,20260830,13,41,58,A,3.0,False,Stand By Inoperativo,20260830-XRD150U-005-A
3178,20260830,13,41,58,B,2.0,False,Stand By Inoperativo,20260830-XRD150U-005-B
3179,20260826,14,48,58,A,3.0,False,Stand By Inoperativo,20260826-XRD90U-023-A
3180,20260826,14,48,58,B,2.0,False,Stand By Inoperativo,20260826-XRD90U-023-B
3181,20260827,14,48,58,A,3.0,False,Stand By Inoperativo,20260827-XRD90U-023-A
3182,20260827,14,48,58,B,2.0,False,Stand By Inoperativo,20260827-XRD90U-023-B
3183,20260828,14,48,58,A,3.0,False,Stand By Inoperativo,20260828-XRD90U-023-A
3184,20260828,14,48,58,B,2.0,False,Stand By Inoperativo,20260828-XRD90U-023-B
3185,20260829,14,48,58,A,3.0,False,Stand By Inoperativo,20260829-XRD90U-023-A
3186,20260829,14,48,58,B,2.0,False,Stand By Inoperativo,20260829-XRD90U-023-B
3187,20260830,14,48,58,B,2.0,False,Stand By Inoperativo,20260830-XRD90U-023-B
3188,20260826,14,47,58,A,3.0,False,Stand By Inoperativo,20260826-XRD90U-004-A
3189,20260826,14,47,58,B,3.0,False,Stand By Inoperativo,20260826-XRD90U-004-B
3190,20260827,14,47,58,A,3.0,False,Stand By Inoperativo,20260827-XRD90U-004-A
3191,20260827,14,47,58,B,3.0,False,Stand By Inoperativo,20260827-XRD90U-004-B
3192,20260828,14,47,58,A,3.0,False,Stand By Inoperativo,20260828-XRD90U-004-A
3193,20260828,14,47,58,B,3.0,False,Stand By Inoperativo,20260828-XRD90U-004-B
3194,20260829,14,47,58,A,3.0,False,Stand By Inoperativo,20260829-XRD90U-004-A
3195,20260829,14,47,58,B,2.0,False,Stand By Inoperativo,20260829-XRD90U-004-B
3196,20260830,14,47,58,B,3.0,False,Stand By Inoperativo,20260830-XRD90U-004-B
3197,20260826,14,46,58,A,3.0,False,Stand By Inoperativo,20260826-XRD150U-012-A
3198,20260826,14,46,58,B,3.0,False,Stand By Inoperativo,20260826-XRD150U-012-B
3199,20260827,14,46,58,A,3.0,False,Stand By Inoperativo,20260827-XRD150U-012-A
3200,20260828,14,46,58,A,3.0,False,Stand By Inoperativo,20260828-XRD150U-012-A
3201,20260829,14,46,58,A,3.0,False,Stand By Inoperativo,20260829-XRD150U-012-A
3202,20260826,14,45,58,A,1.0,False,Stand By Inoperativo,20260826-DE710ST-001-A
3203,20260826,14,45,58,B,1.0,False,Stand By Inoperativo,20260826-DE710ST-001-B
3204,20260827,14,45,58,A,1.0,False,Stand By Inoperativo,20260827-DE710ST-001-A
3205,20260827,14,45,58,B,1.0,False,Stand By Inoperativo,20260827-DE710ST-001-B
3206,20260828,14,45,58,A,1.0,False,Stand By Inoperativo,20260828-DE710ST-001-A
3207,20260828,14,45,58,B,1.0,False,Stand By Inoperativo,20260828-DE710ST-001-B
3208,20260829,14,45,58,A,1.0,False,Stand By Inoperativo,20260829-DE710ST-001-A
3209,20260829,14,45,58,B,1.0,False,Stand By Inoperativo,20260829-DE710ST-001-B
3210,20260830,14,45,58,A,1.0,False,Stand By Inoperativo,20260830-DE710ST-001-A
3211,20260830,14,45,58,B,1.0,False,Stand By Inoperativo,20260830-DE710ST-001-B
3212,20260826,15,49,58,A,1.0,False,Stand By Inoperativo,20260826-DE710T-002-A
3213,20260826,15,49,58,B,0.5,False,Stand By Inoperativo,20260826-DE710T-002-B
3214,20260827,15,49,58,A,1.0,False,Stand By Inoperativo,20260827-DE710T-002-A
3215,20260827,15,49,58,B,0.5,False,Stand By Inoperativo,20260827-DE710T-002-B
3216,20260828,15,49,58,A,1.0,False,Stand By Inoperativo,20260828-DE710T-002-A
3217,20260828,15,49,58,B,0.5,False,Stand By Inoperativo,20260828-DE710T-002-B
3218,20260829,15,49,58,A,1.0,False,Stand By Inoperativo,20260829-DE710T-002-A
3219,20260829,15,49,58,B,0.5,False,Stand By Inoperativo,20260829-DE710T-002-B
3220,20260830,15,49,58,A,1.0,False,Stand By Inoperativo,20260830-DE710T-002-A
3221,20260830,15,49,58,B,0.5,False,Stand By Inoperativo,20260830-DE710T-002-B
3222,20260826,15,50,58,B,1.0,False,Stand By Inoperativo,20260826-XRD150U-009-B
3223,20260827,15,50,58,A,1.0,False,Stand By Inoperativo,20260827-XRD150U-009-A
3224,20260827,15,50,58,B,1.0,False,Stand By Inoperativo,20260827-XRD150U-009-B
3225,20260828,15,50,58,A,1.0,False,Stand By Inoperativo,20260828-XRD150U-009-A
3226,20260828,15,50,58,B,1.0,False,Stand By Inoperativo,20260828-XRD150U-009-B
3227,20260829,15,50,58,A,1.0,False,Stand By Inoperativo,20260829-XRD150U-009-A
3228,20260829,15,50,58,B,1.0,False,Stand By Inoperativo,20260829-XRD150U-009-B
3229,20260830,15,50,58,A,1.0,False,Stand By Inoperativo,20260830-XRD150U-009-A
3230,20260830,15,50,58,B,1.0,False,Stand By Inoperativo,20260830-XRD150U-009-B
3231,20260826,16,51,58,A,2.0,False,Stand By Inoperativo,20260826-XRD150U-007-A
3232,20260826,16,51,58,B,2.0,False,Stand By Inoperativo,20260826-XRD150U-007-B
3233,20260827,16,51,58,A,2.0,False,Stand By Inoperativo,20260827-XRD150U-007-A
3234,20260827,16,51,58,B,2.0,False,Stand By Inoperativo,20260827-XRD150U-007-B
3235,20260828,16,51,58,A,2.0,False,Stand By Inoperativo,20260828-XRD150U-007-A
3236,20260829,16,51,58,A,2.0,False,Stand By Inoperativo,20260829-XRD150U-007-A
3237,20260829,16,51,58,B,2.0,False,Stand By Inoperativo,20260829-XRD150U-007-B
3238,20260830,16,51,58,A,2.0,False,Stand By Inoperativo,20260830-XRD150U-007-A
3239,20260830,16,51,58,B,2.0,False,Stand By Inoperativo,20260830-XRD150U-007-B
3240,20260826,17,54,58,A,2.0,False,Stand By Inoperativo,20260826-XRD50USS-003-A
3241,20260826,17,54,58,B,2.0,False,Stand By Inoperativo,20260826-XRD50USS-003-B
3242,20260827,17,54,58,A,2.0,False,Stand By Inoperativo,20260827-XRD50USS-003-A
3243,20260827,17,54,58,B,2.0,False,Stand By Inoperativo,20260827-XRD50USS-003-B
3244,20260828,17,54,58,A,2.0,False,Stand By Inoperativo,20260828-XRD50USS-003-A
3245,20260828,17,54,58,B,2.0,False,Stand By Inoperativo,20260828-XRD50USS-003-B
3246,20260829,17,54,58,A,2.0,False,Stand By Inoperativo,20260829-XRD50USS-003-A
3247,20260829,17,54,58,B,2.0,False,Stand By Inoperativo,20260829-XRD50USS-003-B
3248,20260830,17,54,58,A,2.0,False,Stand By Inoperativo,20260830-XRD50USS-003-A
3249,20260830,17,54,58,B,2.0,False,Stand By Inoperativo,20260830-XRD50USS-003-B
3250,20260826,17,52,58,A,2.0,False,Stand By Inoperativo,20260826-XDR50USS-00T-A
3251,20260826,17,52,58,B,2.0,False,Stand By Inoperativo,20260826-XDR50USS-00T-B
3252,20260827,17,52,58,A,2.0,False,Stand By Inoperativo,20260827-XDR50USS-00T-A
3253,20260827,17,52,58,B,2.0,False,Stand By Inoperativo,20260827-XDR50USS-00T-B
3254,20260828,17,52,58,A,2.0,False,Stand By Inoperativo,20260828-XDR50USS-00T-A
3255,20260828,17,52,58,B,2.0,False,Stand By Inoperativo,20260828-XDR50USS-00T-B
3256,20260829,17,52,58,A,2.0,False,Stand By Inoperativo,20260829-XDR50USS-00T-A
3257,20260829,17,52,58,B,2.0,False,Stand By Inoperativo,20260829-XDR50USS-00T-B
3258,20260830,17,52,58,A,2.0,False,Stand By Inoperativo,20260830-XDR50USS-00T-A
3259,20260830,17,52,58,B,2.0,False,Stand By Inoperativo,20260830-XDR50USS-00T-B
3260,20260826,17,53,58,A,2.0,False,Stand By Inoperativo,20260826-XRD125USS-001-A
3261,20260826,17,53,58,B,2.0,False,Stand By Inoperativo,20260826-XRD125USS-001-B
3262,20260827,17,53,58,A,2.0,False,Stand By Inoperativo,20260827-XRD125USS-001-A
3263,20260827,17,53,58,B,2.0,False,Stand By Inoperativo,20260827-XRD125USS-001-B
3264,20260828,17,53,58,A,2.0,False,Stand By Inoperativo,20260828-XRD125USS-001-A
3265,20260828,17,53,58,B,2.0,False,Stand By Inoperativo,20260828-XRD125USS-001-B
3266,20260829,17,53,58,A,2.0,False,Stand By Inoperativo,20260829-XRD125USS-001-A
3267,20260829,17,53,58,B,2.0,False,Stand By Inoperativo,20260829-XRD125USS-001-B
3268,20260830,17,53,58,A,2.0,False,Stand By Inoperativo,20260830-XRD125USS-001-A
3269,20260830,17,53,58,B,2.0,False,Stand By Inoperativo,20260830-XRD125USS-001-B
3270,20260826,18,56,58,A,2.0,False,Stand By Inoperativo,20260826-XRD150USS-001-A
3271,20260826,18,56,58,B,2.0,False,Stand By Inoperativo,20260826-XRD150USS-001-B
3272,20260827,18,56,58,A,2.0,False,Stand By Inoperativo,20260827-XRD150USS-001-A
3273,20260827,18,56,58,B,2.0,False,Stand By Inoperativo,20260827-XRD150USS-001-B
3274,20260828,18,56,58,A,2.0,False,Stand By Inoperativo,20260828-XRD150USS-001-A
3275,20260828,18,56,58,B,2.0,False,Stand By Inoperativo,20260828-XRD150USS-001-B
3276,20260829,18,56,58,A,2.0,False,Stand By Inoperativo,20260829-XRD150USS-001-A
3277,20260829,18,56,58,B,2.0,False,Stand By Inoperativo,20260829-XRD150USS-001-B
3278,20260830,18,56,58,A,2.0,False,Stand By Inoperativo,20260830-XRD150USS-001-A
3279,20260830,18,56,58,B,2.0,False,Stand By Inoperativo,20260830-XRD150USS-001-B
3280,20260826,18,55,58,A,2.0,False,Stand By Inoperativo,20260826-XRD150U-011-A
3281,20260826,18,55,58,B,2.0,False,Stand By Inoperativo,20260826-XRD150U-011-B
3282,20260827,18,55,58,A,2.0,False,Stand By Inoperativo,20260827-XRD150U-011-A
3283,20260827,18,55,58,B,2.0,False,Stand By Inoperativo,20260827-XRD150U-011-B
3284,20260828,18,55,58,A,2.0,False,Stand By Inoperativo,20260828-XRD150U-011-A
3285,20260828,18,55,58,B,2.0,False,Stand By Inoperativo,20260828-XRD150U-011-B
3286,20260829,18,55,58,A,2.0,False,Stand By Inoperativo,20260829-XRD150U-011-A
3287,20260829,18,55,58,B,2.0,False,Stand By Inoperativo,20260829-XRD150U-011-B
3288,20260830,18,55,58,A,2.0,False,Stand By Inoperativo,20260830-XRD150U-011-A
3289,20260830,18,55,58,B,2.0,False,Stand By Inoperativo,20260830-XRD150U-011-B
3290,20260826,1,1,59,A,1.0,False,Stand By Inoperativo,20260826-XRD50U-002-A
3291,20260826,1,1,59,B,1.0,False,Stand By Inoperativo,20260826-XRD50U-002-B
3292,20260827,1,1,59,A,1.5,False,Stand By Inoperativo,20260827-XRD50U-002-A
3293,20260827,1,1,59,B,1.0,False,Stand By Inoperativo,20260827-XRD50U-002-B
3294,20260828,1,1,59,A,1.5,False,Stand By Inoperativo,20260828-XRD50U-002-A
3295,20260828,1,1,59,B,1.0,False,Stand By Inoperativo,20260828-XRD50U-002-B
3296,20260829,1,1,59,A,1.5,False,Stand By Inoperativo,20260829-XRD50U-002-A
3297,20260829,1,1,59,B,1.0,False,Stand By Inoperativo,20260829-XRD50U-002-B
3298,20260830,1,1,59,A,1.0,False,Stand By Inoperativo,20260830-XRD50U-002-A
3299,20260830,1,1,59,B,1.0,False,Stand By Inoperativo,20260830-XRD50U-002-B
3300,20260826,1,2,59,A,1.0,False,Stand By Inoperativo,20260826-XRD50USS-001-A
3301,20260826,1,2,59,B,1.0,False,Stand By Inoperativo,20260826-XRD50USS-001-B
3302,20260827,1,2,59,A,1.0,False,Stand By Inoperativo,20260827-XRD50USS-001-A
3303,20260827,1,2,59,B,1.0,False,Stand By Inoperativo,20260827-XRD50USS-001-B
3304,20260828,1,2,59,A,1.0,False,Stand By Inoperativo,20260828-XRD50USS-001-A
3305,20260828,1,2,59,B,1.0,False,Stand By Inoperativo,20260828-XRD50USS-001-B
3306,20260829,1,2,59,A,1.0,False,Stand By Inoperativo,20260829-XRD50USS-001-A
3307,20260829,1,2,59,B,1.0,False,Stand By Inoperativo,20260829-XRD50USS-001-B
3308,20260830,1,2,59,A,1.0,False,Stand By Inoperativo,20260830-XRD50USS-001-A
3309,20260830,1,2,59,B,1.0,False,Stand By Inoperativo,20260830-XRD50USS-001-B
3310,20260826,2,5,59,A,1.0,False,Stand By Inoperativo,20260826-XRD80USS-010-A
3311,20260826,2,5,59,B,1.0,False,Stand By Inoperativo,20260826-XRD80USS-010-B
3312,20260827,2,5,59,A,1.0,False,Stand By Inoperativo,20260827-XRD80USS-010-A
3313,20260827,2,5,59,B,1.0,False,Stand By Inoperativo,20260827-XRD80USS-010-B
3314,20260828,2,5,59,A,2.0,False,Stand By Inoperativo,20260828-XRD80USS-010-A
3315,20260828,2,5,59,B,1.0,False,Stand By Inoperativo,20260828-XRD80USS-010-B
3316,20260829,2,5,59,A,2.0,False,Stand By Inoperativo,20260829-XRD80USS-010-A
3317,20260829,2,5,59,B,1.0,False,Stand By Inoperativo,20260829-XRD80USS-010-B
3318,20260830,2,5,59,B,1.0,False,Stand By Inoperativo,20260830-XRD80USS-010-B
3319,20260826,2,4,59,A,1.0,False,Stand By Inoperativo,20260826-XRD150U-001-A
3320,20260826,2,4,59,B,1.0,False,Stand By Inoperativo,20260826-XRD150U-001-B
3321,20260827,2,4,59,A,1.0,False,Stand By Inoperativo,20260827-XRD150U-001-A
3322,20260827,2,4,59,B,1.0,False,Stand By Inoperativo,20260827-XRD150U-001-B
3323,20260828,2,4,59,A,1.0,False,Stand By Inoperativo,20260828-XRD150U-001-A
3324,20260828,2,4,59,B,1.0,False,Stand By Inoperativo,20260828-XRD150U-001-B
3325,20260829,2,4,59,A,1.0,False,Stand By Inoperativo,20260829-XRD150U-001-A
3326,20260829,2,4,59,B,1.0,False,Stand By Inoperativo,20260829-XRD150U-001-B
3327,20260830,2,4,59,A,1.0,False,Stand By Inoperativo,20260830-XRD150U-001-A
3328,20260830,2,4,59,B,1.0,False,Stand By Inoperativo,20260830-XRD150U-001-B
3329,20260826,2,3,59,A,1.0,False,Stand By Inoperativo,20260826-LF90D ST-002-A
3330,20260826,2,3,59,B,1.0,False,Stand By Inoperativo,20260826-LF90D ST-002-B
3331,20260827,2,3,59,A,1.0,False,Stand By Inoperativo,20260827-LF90D ST-002-A
3332,20260827,2,3,59,B,1.0,False,Stand By Inoperativo,20260827-LF90D ST-002-B
3333,20260828,2,3,59,A,1.0,False,Stand By Inoperativo,20260828-LF90D ST-002-A
3334,20260828,2,3,59,B,1.0,False,Stand By Inoperativo,20260828-LF90D ST-002-B
3335,20260829,2,3,59,A,1.0,False,Stand By Inoperativo,20260829-LF90D ST-002-A
3336,20260829,2,3,59,B,1.0,False,Stand By Inoperativo,20260829-LF90D ST-002-B
3337,20260830,2,3,59,A,1.0,False,Stand By Inoperativo,20260830-LF90D ST-002-A
3338,20260830,2,3,59,B,1.0,False,Stand By Inoperativo,20260830-LF90D ST-002-B
3339,20260826,3,8,59,A,1.0,False,Stand By Inoperativo,20260826-XRD50U-003-A
3340,20260826,3,8,59,B,1.0,False,Stand By Inoperativo,20260826-XRD50U-003-B
3341,20260827,3,8,59,A,1.0,False,Stand By Inoperativo,20260827-XRD50U-003-A
3342,20260827,3,8,59,B,1.0,False,Stand By Inoperativo,20260827-XRD50U-003-B
3343,20260828,3,8,59,A,1.0,False,Stand By Inoperativo,20260828-XRD50U-003-A
3344,20260828,3,8,59,B,1.0,False,Stand By Inoperativo,20260828-XRD50U-003-B
3345,20260829,3,8,59,A,1.0,False,Stand By Inoperativo,20260829-XRD50U-003-A
3346,20260829,3,8,59,B,1.0,False,Stand By Inoperativo,20260829-XRD50U-003-B
3347,20260830,3,8,59,A,1.0,False,Stand By Inoperativo,20260830-XRD50U-003-A
3348,20260830,3,8,59,B,1.0,False,Stand By Inoperativo,20260830-XRD50U-003-B
3349,20260826,3,9,59,A,1.0,False,Stand By Inoperativo,20260826-XRD50USS-004-A
3350,20260826,3,9,59,B,1.0,False,Stand By Inoperativo,20260826-XRD50USS-004-B
3351,20260827,3,9,59,A,1.0,False,Stand By Inoperativo,20260827-XRD50USS-004-A
3352,20260827,3,9,59,B,1.0,False,Stand By Inoperativo,20260827-XRD50USS-004-B
3353,20260828,3,9,59,A,1.0,False,Stand By Inoperativo,20260828-XRD50USS-004-A
3354,20260828,3,9,59,B,1.0,False,Stand By Inoperativo,20260828-XRD50USS-004-B
3355,20260829,3,9,59,A,1.0,False,Stand By Inoperativo,20260829-XRD50USS-004-A
3356,20260829,3,9,59,B,1.0,False,Stand By Inoperativo,20260829-XRD50USS-004-B
3357,20260830,3,9,59,A,1.0,False,Stand By Inoperativo,20260830-XRD50USS-004-A
3358,20260830,3,9,59,B,1.0,False,Stand By Inoperativo,20260830-XRD50USS-004-B
3359,20260826,3,6,59,A,1.0,False,Stand By Inoperativo,20260826-XRD100U-001-A
3360,20260826,3,6,59,B,1.0,False,Stand By Inoperativo,20260826-XRD100U-001-B
3361,20260827,3,6,59,A,1.0,False,Stand By Inoperativo,20260827-XRD100U-001-A
3362,20260827,3,6,59,B,1.0,False,Stand By Inoperativo,20260827-XRD100U-001-B
3363,20260828,3,6,59,A,1.0,False,Stand By Inoperativo,20260828-XRD100U-001-A
3364,20260828,3,6,59,B,1.0,False,Stand By Inoperativo,20260828-XRD100U-001-B
3365,20260829,3,6,59,A,1.0,False,Stand By Inoperativo,20260829-XRD100U-001-A
3366,20260829,3,6,59,B,1.0,False,Stand By Inoperativo,20260829-XRD100U-001-B
3367,20260830,3,6,59,A,1.0,False,Stand By Inoperativo,20260830-XRD100U-001-A
3368,20260830,3,6,59,B,1.0,False,Stand By Inoperativo,20260830-XRD100U-001-B
3369,20260826,3,10,59,A,1.0,False,Stand By Inoperativo,20260826-XRD90U-005-A
3370,20260826,3,10,59,B,1.0,False,Stand By Inoperativo,20260826-XRD90U-005-B
3371,20260827,3,10,59,A,1.0,False,Stand By Inoperativo,20260827-XRD90U-005-A
3372,20260827,3,10,59,B,1.0,False,Stand By Inoperativo,20260827-XRD90U-005-B
3373,20260828,3,10,59,A,1.0,False,Stand By Inoperativo,20260828-XRD90U-005-A
3374,20260828,3,10,59,B,1.0,False,Stand By Inoperativo,20260828-XRD90U-005-B
3375,20260829,3,10,59,A,1.0,False,Stand By Inoperativo,20260829-XRD90U-005-A
3376,20260829,3,10,59,B,1.0,False,Stand By Inoperativo,20260829-XRD90U-005-B
3377,20260830,3,10,59,A,1.0,False,Stand By Inoperativo,20260830-XRD90U-005-A
3378,20260830,3,10,59,B,1.0,False,Stand By Inoperativo,20260830-XRD90U-005-B
3379,20260826,3,7,59,A,1.0,False,Stand By Inoperativo,20260826-XRD125UFDR-001-A
3380,20260826,3,7,59,B,1.0,False,Stand By Inoperativo,20260826-XRD125UFDR-001-B
3381,20260827,3,7,59,A,1.0,False,Stand By Inoperativo,20260827-XRD125UFDR-001-A
3382,20260827,3,7,59,B,1.0,False,Stand By Inoperativo,20260827-XRD125UFDR-001-B
3383,20260828,3,7,59,A,1.0,False,Stand By Inoperativo,20260828-XRD125UFDR-001-A
3384,20260828,3,7,59,B,1.0,False,Stand By Inoperativo,20260828-XRD125UFDR-001-B
3385,20260829,3,7,59,A,1.0,False,Stand By Inoperativo,20260829-XRD125UFDR-001-A
3386,20260829,3,7,59,B,1.0,False,Stand By Inoperativo,20260829-XRD125UFDR-001-B
3387,20260830,3,7,59,A,1.0,False,Stand By Inoperativo,20260830-XRD125UFDR-001-A
3388,20260830,3,7,59,B,1.0,False,Stand By Inoperativo,20260830-XRD125UFDR-001-B
3389,20260826,4,11,59,A,1.0,False,Stand By Inoperativo,20260826-XRD150U-002-A
3390,20260826,4,11,59,B,1.0,False,Stand By Inoperativo,20260826-XRD150U-002-B
3391,20260827,4,11,59,A,1.0,False,Stand By Inoperativo,20260827-XRD150U-002-A
3392,20260827,4,11,59,B,1.0,False,Stand By Inoperativo,20260827-XRD150U-002-B
3393,20260828,4,11,59,A,1.0,False,Stand By Inoperativo,20260828-XRD150U-002-A
3394,20260829,4,11,59,A,1.0,False,Stand By Inoperativo,20260829-XRD150U-002-A
3395,20260829,4,11,59,B,1.0,False,Stand By Inoperativo,20260829-XRD150U-002-B
3396,20260830,4,11,59,B,1.0,False,Stand By Inoperativo,20260830-XRD150U-002-B
3397,20260826,5,16,59,A,1.0,False,Stand By Inoperativo,20260826-XRD90U-021-A
3398,20260826,5,16,59,B,1.0,False,Stand By Inoperativo,20260826-XRD90U-021-B
3399,20260827,5,16,59,A,1.0,False,Stand By Inoperativo,20260827-XRD90U-021-A
3400,20260827,5,16,59,B,1.0,False,Stand By Inoperativo,20260827-XRD90U-021-B
3401,20260828,5,16,59,A,1.0,False,Stand By Inoperativo,20260828-XRD90U-021-A
3402,20260828,5,16,59,B,1.0,False,Stand By Inoperativo,20260828-XRD90U-021-B
3403,20260829,5,16,59,A,1.0,False,Stand By Inoperativo,20260829-XRD90U-021-A
3404,20260829,5,16,59,B,1.0,False,Stand By Inoperativo,20260829-XRD90U-021-B
3405,20260830,5,16,59,A,1.0,False,Stand By Inoperativo,20260830-XRD90U-021-A
3406,20260826,5,13,59,A,1.0,False,Stand By Inoperativo,20260826-LM90U-001-A
3407,20260826,5,13,59,B,1.0,False,Stand By Inoperativo,20260826-LM90U-001-B
3408,20260827,5,13,59,A,1.0,False,Stand By Inoperativo,20260827-LM90U-001-A
3409,20260827,5,13,59,B,1.0,False,Stand By Inoperativo,20260827-LM90U-001-B
3410,20260828,5,13,59,A,1.0,False,Stand By Inoperativo,20260828-LM90U-001-A
3411,20260828,5,13,59,B,1.0,False,Stand By Inoperativo,20260828-LM90U-001-B
3412,20260829,5,13,59,A,1.0,False,Stand By Inoperativo,20260829-LM90U-001-A
3413,20260829,5,13,59,B,1.0,False,Stand By Inoperativo,20260829-LM90U-001-B
3414,20260830,5,13,59,A,1.0,False,Stand By Inoperativo,20260830-LM90U-001-A
3415,20260830,5,13,59,B,1.0,False,Stand By Inoperativo,20260830-LM90U-001-B
3416,20260826,5,17,59,A,1.0,False,Stand By Inoperativo,20260826-XRD90USS-003-A
3417,20260826,5,17,59,B,1.0,False,Stand By Inoperativo,20260826-XRD90USS-003-B
3418,20260827,5,17,59,A,1.0,False,Stand By Inoperativo,20260827-XRD90USS-003-A
3419,20260827,5,17,59,B,1.0,False,Stand By Inoperativo,20260827-XRD90USS-003-B
3420,20260828,5,17,59,A,1.0,False,Stand By Inoperativo,20260828-XRD90USS-003-A
3421,20260828,5,17,59,B,1.0,False,Stand By Inoperativo,20260828-XRD90USS-003-B
3422,20260829,5,17,59,A,1.0,False,Stand By Inoperativo,20260829-XRD90USS-003-A
3423,20260829,5,17,59,B,1.0,False,Stand By Inoperativo,20260829-XRD90USS-003-B
3424,20260830,5,17,59,A,1.0,False,Stand By Inoperativo,20260830-XRD90USS-003-A
3425,20260830,5,17,59,B,1.0,False,Stand By Inoperativo,20260830-XRD90USS-003-B
3426,20260826,5,15,59,B,1.0,False,Stand By Inoperativo,20260826-XRD150USS-005-B
3427,20260827,5,15,59,A,1.0,False,Stand By Inoperativo,20260827-XRD150USS-005-A
3428,20260828,5,15,59,A,1.0,False,Stand By Inoperativo,20260828-XRD150USS-005-A
3429,20260829,5,15,59,A,1.0,False,Stand By Inoperativo,20260829-XRD150USS-005-A
3430,20260830,5,15,59,A,1.0,False,Stand By Inoperativo,20260830-XRD150USS-005-A
3431,20260830,5,15,59,B,1.0,False,Stand By Inoperativo,20260830-XRD150USS-005-B
3432,20260826,5,14,59,A,1.0,False,Stand By Inoperativo,20260826-XRD120U-001-A
3433,20260826,5,14,59,B,1.0,False,Stand By Inoperativo,20260826-XRD120U-001-B
3434,20260827,5,14,59,A,1.0,False,Stand By Inoperativo,20260827-XRD120U-001-A
3435,20260827,5,14,59,B,1.0,False,Stand By Inoperativo,20260827-XRD120U-001-B
3436,20260828,5,14,59,A,1.0,False,Stand By Inoperativo,20260828-XRD120U-001-A
3437,20260828,5,14,59,B,1.0,False,Stand By Inoperativo,20260828-XRD120U-001-B
3438,20260829,5,14,59,A,1.0,False,Stand By Inoperativo,20260829-XRD120U-001-A
3439,20260829,5,14,59,B,1.0,False,Stand By Inoperativo,20260829-XRD120U-001-B
3440,20260830,5,14,59,A,1.0,False,Stand By Inoperativo,20260830-XRD120U-001-A
3441,20260830,5,14,59,B,1.0,False,Stand By Inoperativo,20260830-XRD120U-001-B
3442,20260826,5,12,59,A,1.0,False,Stand By Inoperativo,20260826-LM110U-001-A
3443,20260826,5,12,59,B,1.0,False,Stand By Inoperativo,20260826-LM110U-001-B
3444,20260827,5,12,59,A,1.0,False,Stand By Inoperativo,20260827-LM110U-001-A
3445,20260827,5,12,59,B,1.0,False,Stand By Inoperativo,20260827-LM110U-001-B
3446,20260828,5,12,59,A,1.0,False,Stand By Inoperativo,20260828-LM110U-001-A
3447,20260828,5,12,59,B,1.0,False,Stand By Inoperativo,20260828-LM110U-001-B
3448,20260829,5,12,59,A,1.0,False,Stand By Inoperativo,20260829-LM110U-001-A
3449,20260829,5,12,59,B,1.0,False,Stand By Inoperativo,20260829-LM110U-001-B
3450,20260830,5,12,59,A,1.0,False,Stand By Inoperativo,20260830-LM110U-001-A
3451,20260830,5,12,59,B,1.0,False,Stand By Inoperativo,20260830-LM110U-001-B
3452,20260826,6,21,59,A,1.0,False,Stand By Inoperativo,20260826-XRD50UFDR-001-A
3453,20260826,6,21,59,B,1.0,False,Stand By Inoperativo,20260826-XRD50UFDR-001-B
3454,20260827,6,21,59,A,1.0,False,Stand By Inoperativo,20260827-XRD50UFDR-001-A
3455,20260827,6,21,59,B,1.0,False,Stand By Inoperativo,20260827-XRD50UFDR-001-B
3456,20260828,6,21,59,A,1.0,False,Stand By Inoperativo,20260828-XRD50UFDR-001-A
3457,20260828,6,21,59,B,1.0,False,Stand By Inoperativo,20260828-XRD50UFDR-001-B
3458,20260829,6,21,59,A,1.0,False,Stand By Inoperativo,20260829-XRD50UFDR-001-A
3459,20260829,6,21,59,B,1.0,False,Stand By Inoperativo,20260829-XRD50UFDR-001-B
3460,20260830,6,21,59,A,1.0,False,Stand By Inoperativo,20260830-XRD50UFDR-001-A
3461,20260830,6,21,59,B,1.0,False,Stand By Inoperativo,20260830-XRD50UFDR-001-B
3462,20260826,6,18,59,A,1.0,False,Stand By Inoperativo,20260826-XLM75UFDR-003-A
3463,20260826,6,18,59,B,1.0,False,Stand By Inoperativo,20260826-XLM75UFDR-003-B
3464,20260827,6,18,59,A,1.0,False,Stand By Inoperativo,20260827-XLM75UFDR-003-A
3465,20260827,6,18,59,B,1.0,False,Stand By Inoperativo,20260827-XLM75UFDR-003-B
3466,20260828,6,18,59,A,1.0,False,Stand By Inoperativo,20260828-XLM75UFDR-003-A
3467,20260828,6,18,59,B,1.0,False,Stand By Inoperativo,20260828-XLM75UFDR-003-B
3468,20260829,6,18,59,A,1.0,False,Stand By Inoperativo,20260829-XLM75UFDR-003-A
3469,20260829,6,18,59,B,1.0,False,Stand By Inoperativo,20260829-XLM75UFDR-003-B
3470,20260830,6,18,59,A,1.0,False,Stand By Inoperativo,20260830-XLM75UFDR-003-A
3471,20260830,6,18,59,B,1.0,False,Stand By Inoperativo,20260830-XLM75UFDR-003-B
3472,20260826,6,22,59,A,1.0,False,Stand By Inoperativo,20260826-XRD80USS-006-A
3473,20260826,6,22,59,B,1.0,False,Stand By Inoperativo,20260826-XRD80USS-006-B
3474,20260827,6,22,59,A,1.0,False,Stand By Inoperativo,20260827-XRD80USS-006-A
3475,20260827,6,22,59,B,1.0,False,Stand By Inoperativo,20260827-XRD80USS-006-B
3476,20260828,6,22,59,A,1.0,False,Stand By Inoperativo,20260828-XRD80USS-006-A
3477,20260828,6,22,59,B,1.0,False,Stand By Inoperativo,20260828-XRD80USS-006-B
3478,20260829,6,22,59,A,1.0,False,Stand By Inoperativo,20260829-XRD80USS-006-A
3479,20260829,6,22,59,B,1.0,False,Stand By Inoperativo,20260829-XRD80USS-006-B
3480,20260830,6,22,59,A,1.0,False,Stand By Inoperativo,20260830-XRD80USS-006-A
3481,20260830,6,22,59,B,1.0,False,Stand By Inoperativo,20260830-XRD80USS-006-B
3482,20260826,6,19,59,A,1.0,False,Stand By Inoperativo,20260826-XRD125UFDR-002-A
3483,20260826,6,19,59,B,1.0,False,Stand By Inoperativo,20260826-XRD125UFDR-002-B
3484,20260827,6,19,59,A,1.0,False,Stand By Inoperativo,20260827-XRD125UFDR-002-A
3485,20260827,6,19,59,B,1.0,False,Stand By Inoperativo,20260827-XRD125UFDR-002-B
3486,20260828,6,19,59,A,1.0,False,Stand By Inoperativo,20260828-XRD125UFDR-002-A
3487,20260828,6,19,59,B,1.0,False,Stand By Inoperativo,20260828-XRD125UFDR-002-B
3488,20260829,6,19,59,A,1.0,False,Stand By Inoperativo,20260829-XRD125UFDR-002-A
3489,20260829,6,19,59,B,1.0,False,Stand By Inoperativo,20260829-XRD125UFDR-002-B
3490,20260830,6,19,59,A,1.0,False,Stand By Inoperativo,20260830-XRD125UFDR-002-A
3491,20260830,6,19,59,B,1.0,False,Stand By Inoperativo,20260830-XRD125UFDR-002-B
3492,20260826,6,20,59,A,1.0,False,Stand By Inoperativo,20260826-XRD150U-008-A
3493,20260826,6,20,59,B,1.0,False,Stand By Inoperativo,20260826-XRD150U-008-B
3494,20260827,6,20,59,A,1.0,False,Stand By Inoperativo,20260827-XRD150U-008-A
3495,20260827,6,20,59,B,1.0,False,Stand By Inoperativo,20260827-XRD150U-008-B
3496,20260828,6,20,59,A,1.0,False,Stand By Inoperativo,20260828-XRD150U-008-A
3497,20260828,6,20,59,B,1.0,False,Stand By Inoperativo,20260828-XRD150U-008-B
3498,20260829,6,20,59,A,1.0,False,Stand By Inoperativo,20260829-XRD150U-008-A
3499,20260829,6,20,59,B,1.0,False,Stand By Inoperativo,20260829-XRD150U-008-B
3500,20260830,6,20,59,A,1.0,False,Stand By Inoperativo,20260830-XRD150U-008-A
3501,20260830,6,20,59,B,1.0,False,Stand By Inoperativo,20260830-XRD150U-008-B
3502,20260826,7,23,59,A,1.0,False,Stand By Inoperativo,20260826-XRD80USS-012-A
3503,20260826,7,23,59,B,1.0,False,Stand By Inoperativo,20260826-XRD80USS-012-B
3504,20260827,7,23,59,A,1.0,False,Stand By Inoperativo,20260827-XRD80USS-012-A
3505,20260827,7,23,59,B,1.0,False,Stand By Inoperativo,20260827-XRD80USS-012-B
3506,20260828,7,23,59,A,1.0,False,Stand By Inoperativo,20260828-XRD80USS-012-A
3507,20260828,7,23,59,B,1.0,False,Stand By Inoperativo,20260828-XRD80USS-012-B
3508,20260829,7,23,59,A,1.0,False,Stand By Inoperativo,20260829-XRD80USS-012-A
3509,20260829,7,23,59,B,1.0,False,Stand By Inoperativo,20260829-XRD80USS-012-B
3510,20260830,7,23,59,A,1.0,False,Stand By Inoperativo,20260830-XRD80USS-012-A
3511,20260830,7,23,59,B,1.0,False,Stand By Inoperativo,20260830-XRD80USS-012-B
3512,20260826,8,27,59,A,1.0,False,Stand By Inoperativo,20260826-XRD80ITH-001-A
3513,20260828,8,27,59,A,1.0,False,Stand By Inoperativo,20260828-XRD80ITH-001-A
3514,20260828,8,27,59,B,1.0,False,Stand By Inoperativo,20260828-XRD80ITH-001-B
3515,20260826,8,24,59,A,1.0,False,Stand By Inoperativo,20260826-XLM75UFDR-002-A
3516,20260826,8,24,59,B,1.0,False,Stand By Inoperativo,20260826-XLM75UFDR-002-B
3517,20260827,8,24,59,A,1.0,False,Stand By Inoperativo,20260827-XLM75UFDR-002-A
3518,20260827,8,24,59,B,1.0,False,Stand By Inoperativo,20260827-XLM75UFDR-002-B
3519,20260828,8,24,59,A,1.0,False,Stand By Inoperativo,20260828-XLM75UFDR-002-A
3520,20260828,8,24,59,B,1.0,False,Stand By Inoperativo,20260828-XLM75UFDR-002-B
3521,20260829,8,24,59,A,1.0,False,Stand By Inoperativo,20260829-XLM75UFDR-002-A
3522,20260829,8,24,59,B,1.0,False,Stand By Inoperativo,20260829-XLM75UFDR-002-B
3523,20260830,8,24,59,A,1.0,False,Stand By Inoperativo,20260830-XLM75UFDR-002-A
3524,20260830,8,24,59,B,1.0,False,Stand By Inoperativo,20260830-XLM75UFDR-002-B
3525,20260826,8,25,59,A,1.0,False,Stand By Inoperativo,20260826-XLM75UFDR-004-A
3526,20260826,8,25,59,B,1.0,False,Stand By Inoperativo,20260826-XLM75UFDR-004-B
3527,20260827,8,25,59,A,1.0,False,Stand By Inoperativo,20260827-XLM75UFDR-004-A
3528,20260827,8,25,59,B,1.0,False,Stand By Inoperativo,20260827-XLM75UFDR-004-B
3529,20260828,8,25,59,A,1.0,False,Stand By Inoperativo,20260828-XLM75UFDR-004-A
3530,20260828,8,25,59,B,1.0,False,Stand By Inoperativo,20260828-XLM75UFDR-004-B
3531,20260829,8,25,59,A,1.0,False,Stand By Inoperativo,20260829-XLM75UFDR-004-A
3532,20260829,8,25,59,B,1.0,False,Stand By Inoperativo,20260829-XLM75UFDR-004-B
3533,20260830,8,25,59,A,1.0,False,Stand By Inoperativo,20260830-XLM75UFDR-004-A
3534,20260830,8,25,59,B,1.0,False,Stand By Inoperativo,20260830-XLM75UFDR-004-B
3535,20260826,8,26,59,A,1.0,False,Stand By Inoperativo,20260826-XRD150USS-003-A
3536,20260826,8,26,59,B,1.0,False,Stand By Inoperativo,20260826-XRD150USS-003-B
3537,20260827,8,26,59,A,1.0,False,Stand By Inoperativo,20260827-XRD150USS-003-A
3538,20260827,8,26,59,B,1.0,False,Stand By Inoperativo,20260827-XRD150USS-003-B
3539,20260828,8,26,59,A,1.0,False,Stand By Inoperativo,20260828-XRD150USS-003-A
3540,20260828,8,26,59,B,1.0,False,Stand By Inoperativo,20260828-XRD150USS-003-B
3541,20260829,8,26,59,A,1.0,False,Stand By Inoperativo,20260829-XRD150USS-003-A
3542,20260829,8,26,59,B,1.0,False,Stand By Inoperativo,20260829-XRD150USS-003-B
3543,20260830,8,26,59,A,1.0,False,Stand By Inoperativo,20260830-XRD150USS-003-A
3544,20260830,8,26,59,B,1.0,False,Stand By Inoperativo,20260830-XRD150USS-003-B
3545,20260826,9,28,59,A,1.0,False,Stand By Inoperativo,20260826-XRD100ST-001-A
3546,20260826,9,28,59,B,1.0,False,Stand By Inoperativo,20260826-XRD100ST-001-B
3547,20260827,9,28,59,A,1.0,False,Stand By Inoperativo,20260827-XRD100ST-001-A
3548,20260828,9,28,59,A,1.0,False,Stand By Inoperativo,20260828-XRD100ST-001-A
3549,20260828,9,28,59,B,1.0,False,Stand By Inoperativo,20260828-XRD100ST-001-B
3550,20260829,9,28,59,A,1.0,False,Stand By Inoperativo,20260829-XRD100ST-001-A
3551,20260829,9,28,59,B,1.0,False,Stand By Inoperativo,20260829-XRD100ST-001-B
3552,20260830,9,28,59,A,1.0,False,Stand By Inoperativo,20260830-XRD100ST-001-A
3553,20260830,9,28,59,B,1.0,False,Stand By Inoperativo,20260830-XRD100ST-001-B
3554,20260826,10,33,59,A,1.0,False,Stand By Inoperativo,20260826-XRD80USS-008-A
3555,20260827,10,33,59,A,1.0,False,Stand By Inoperativo,20260827-XRD80USS-008-A
3556,20260828,10,33,59,A,1.0,False,Stand By Inoperativo,20260828-XRD80USS-008-A
3557,20260828,10,33,59,B,1.0,False,Stand By Inoperativo,20260828-XRD80USS-008-B
3558,20260829,10,33,59,A,1.5,False,Stand By Inoperativo,20260829-XRD80USS-008-A
3559,20260829,10,33,59,B,1.0,False,Stand By Inoperativo,20260829-XRD80USS-008-B
3560,20260830,10,33,59,A,1.0,False,Stand By Inoperativo,20260830-XRD80USS-008-A
3561,20260830,10,33,59,B,1.0,False,Stand By Inoperativo,20260830-XRD80USS-008-B
3562,20260826,10,35,59,A,1.0,False,Stand By Inoperativo,20260826-XRD90U-016-A
3563,20260826,10,35,59,B,1.0,False,Stand By Inoperativo,20260826-XRD90U-016-B
3564,20260827,10,35,59,A,1.0,False,Stand By Inoperativo,20260827-XRD90U-016-A
3565,20260827,10,35,59,B,1.0,False,Stand By Inoperativo,20260827-XRD90U-016-B
3566,20260828,10,35,59,A,1.0,False,Stand By Inoperativo,20260828-XRD90U-016-A
3567,20260828,10,35,59,B,1.0,False,Stand By Inoperativo,20260828-XRD90U-016-B
3568,20260829,10,35,59,A,1.0,False,Stand By Inoperativo,20260829-XRD90U-016-A
3569,20260829,10,35,59,B,1.0,False,Stand By Inoperativo,20260829-XRD90U-016-B
3570,20260830,10,35,59,A,1.0,False,Stand By Inoperativo,20260830-XRD90U-016-A
3571,20260830,10,35,59,B,1.0,False,Stand By Inoperativo,20260830-XRD90U-016-B
3572,20260826,10,30,59,A,1.0,False,Stand By Inoperativo,20260826-XRD150U-003-A
3573,20260826,10,30,59,B,1.0,False,Stand By Inoperativo,20260826-XRD150U-003-B
3574,20260827,10,30,59,A,1.0,False,Stand By Inoperativo,20260827-XRD150U-003-A
3575,20260827,10,30,59,B,1.0,False,Stand By Inoperativo,20260827-XRD150U-003-B
3576,20260828,10,30,59,A,1.0,False,Stand By Inoperativo,20260828-XRD150U-003-A
3577,20260828,10,30,59,B,1.0,False,Stand By Inoperativo,20260828-XRD150U-003-B
3578,20260829,10,30,59,A,1.0,False,Stand By Inoperativo,20260829-XRD150U-003-A
3579,20260829,10,30,59,B,1.0,False,Stand By Inoperativo,20260829-XRD150U-003-B
3580,20260830,10,30,59,A,1.0,False,Stand By Inoperativo,20260830-XRD150U-003-A
3581,20260830,10,30,59,B,1.0,False,Stand By Inoperativo,20260830-XRD150U-003-B
3582,20260826,10,29,59,A,1.0,False,Stand By Inoperativo,20260826-XLM75UFDR-001-A
3583,20260827,10,29,59,A,1.0,False,Stand By Inoperativo,20260827-XLM75UFDR-001-A
3584,20260828,10,29,59,B,1.0,False,Stand By Inoperativo,20260828-XLM75UFDR-001-B
3585,20260829,10,29,59,A,1.0,False,Stand By Inoperativo,20260829-XLM75UFDR-001-A
3586,20260829,10,29,59,B,1.0,False,Stand By Inoperativo,20260829-XLM75UFDR-001-B
3587,20260830,10,29,59,A,1.0,False,Stand By Inoperativo,20260830-XLM75UFDR-001-A
3588,20260830,10,29,59,B,1.0,False,Stand By Inoperativo,20260830-XLM75UFDR-001-B
3589,20260826,10,34,59,A,1.0,False,Stand By Inoperativo,20260826-XRD90U-012-A
3590,20260827,10,34,59,A,1.0,False,Stand By Inoperativo,20260827-XRD90U-012-A
3591,20260826,10,31,59,A,1.0,False,Stand By Inoperativo,20260826-XRD150USS-004-A
3592,20260826,10,31,59,B,1.0,False,Stand By Inoperativo,20260826-XRD150USS-004-B
3593,20260826,10,31,59,B,1.0,False,Stand By Inoperativo,20260826-XRD150USS-004-B
3594,20260827,10,31,59,A,1.0,False,Stand By Inoperativo,20260827-XRD150USS-004-A
3595,20260827,10,31,59,B,1.0,False,Stand By Inoperativo,20260827-XRD150USS-004-B
3596,20260828,10,31,59,A,1.5,False,Stand By Inoperativo,20260828-XRD150USS-004-A
3597,20260828,10,31,59,B,1.0,False,Stand By Inoperativo,20260828-XRD150USS-004-B
3598,20260829,10,31,59,A,1.0,False,Stand By Inoperativo,20260829-XRD150USS-004-A
3599,20260829,10,31,59,B,1.0,False,Stand By Inoperativo,20260829-XRD150USS-004-B
3600,20260830,10,31,59,A,1.5,False,Stand By Inoperativo,20260830-XRD150USS-004-A
3601,20260830,10,31,59,B,1.0,False,Stand By Inoperativo,20260830-XRD150USS-004-B
3602,20260826,11,36,59,A,1.0,False,Stand By Inoperativo,20260826-XRD150U-004-A
3603,20260826,11,36,59,B,1.0,False,Stand By Inoperativo,20260826-XRD150U-004-B
3604,20260827,11,36,59,A,1.0,False,Stand By Inoperativo,20260827-XRD150U-004-A
3605,20260827,11,36,59,B,1.0,False,Stand By Inoperativo,20260827-XRD150U-004-B
3606,20260828,11,36,59,A,1.0,False,Stand By Inoperativo,20260828-XRD150U-004-A
3607,20260828,11,36,59,B,1.0,False,Stand By Inoperativo,20260828-XRD150U-004-B
3608,20260829,11,36,59,A,1.0,False,Stand By Inoperativo,20260829-XRD150U-004-A
3609,20260829,11,36,59,B,1.0,False,Stand By Inoperativo,20260829-XRD150U-004-B
3610,20260830,11,36,59,A,1.0,False,Stand By Inoperativo,20260830-XRD150U-004-A
3611,20260830,11,36,59,B,1.0,False,Stand By Inoperativo,20260830-XRD150U-004-B
3612,20260826,11,37,59,A,1.0,False,Stand By Inoperativo,20260826-XRD150U-006-A
3613,20260826,11,37,59,B,1.0,False,Stand By Inoperativo,20260826-XRD150U-006-B
3614,20260827,11,37,59,A,1.0,False,Stand By Inoperativo,20260827-XRD150U-006-A
3615,20260827,11,37,59,B,1.0,False,Stand By Inoperativo,20260827-XRD150U-006-B
3616,20260828,11,37,59,A,1.0,False,Stand By Inoperativo,20260828-XRD150U-006-A
3617,20260828,11,37,59,B,1.0,False,Stand By Inoperativo,20260828-XRD150U-006-B
3618,20260829,11,37,59,A,1.0,False,Stand By Inoperativo,20260829-XRD150U-006-A
3619,20260829,11,37,59,B,1.0,False,Stand By Inoperativo,20260829-XRD150U-006-B
3620,20260830,11,37,59,A,1.0,False,Stand By Inoperativo,20260830-XRD150U-006-A
3621,20260830,11,37,59,B,1.0,False,Stand By Inoperativo,20260830-XRD150U-006-B
3622,20260826,12,40,59,A,1.0,False,Stand By Inoperativo,20260826-XRD90USS-005-A
3623,20260826,12,40,59,B,1.0,False,Stand By Inoperativo,20260826-XRD90USS-005-B
3624,20260827,12,40,59,A,1.0,False,Stand By Inoperativo,20260827-XRD90USS-005-A
3625,20260828,12,40,59,A,1.0,False,Stand By Inoperativo,20260828-XRD90USS-005-A
3626,20260829,12,40,59,A,1.0,False,Stand By Inoperativo,20260829-XRD90USS-005-A
3627,20260830,12,40,59,A,1.0,False,Stand By Inoperativo,20260830-XRD90USS-005-A
3628,20260826,12,38,59,B,1.0,False,Stand By Inoperativo,20260826-XRD150USS-002-B
3629,20260827,12,38,59,B,1.0,False,Stand By Inoperativo,20260827-XRD150USS-002-B
3630,20260828,12,38,59,B,1.0,False,Stand By Inoperativo,20260828-XRD150USS-002-B
3631,20260829,12,38,59,B,1.0,False,Stand By Inoperativo,20260829-XRD150USS-002-B
3632,20260830,12,38,59,B,1.0,False,Stand By Inoperativo,20260830-XRD150USS-002-B
3633,20260827,12,39,59,B,1.0,False,Stand By Inoperativo,20260827-XRD80USS-011-B
3634,20260828,12,39,59,A,1.0,False,Stand By Inoperativo,20260828-XRD80USS-011-A
3635,20260829,12,39,59,B,1.0,False,Stand By Inoperativo,20260829-XRD80USS-011-B
3636,20260830,12,39,59,B,1.0,False,Stand By Inoperativo,20260830-XRD80USS-011-B
3637,20260826,13,44,59,A,1.0,False,Stand By Inoperativo,20260826-XRD90USS-004-A
3638,20260826,13,44,59,B,1.0,False,Stand By Inoperativo,20260826-XRD90USS-004-B
3639,20260827,13,44,59,A,1.0,False,Stand By Inoperativo,20260827-XRD90USS-004-A
3640,20260827,13,44,59,B,1.0,False,Stand By Inoperativo,20260827-XRD90USS-004-B
3641,20260828,13,44,59,A,1.0,False,Stand By Inoperativo,20260828-XRD90USS-004-A
3642,20260828,13,44,59,B,1.0,False,Stand By Inoperativo,20260828-XRD90USS-004-B
3643,20260829,13,44,59,A,1.0,False,Stand By Inoperativo,20260829-XRD90USS-004-A
3644,20260829,13,44,59,B,1.0,False,Stand By Inoperativo,20260829-XRD90USS-004-B
3645,20260830,13,44,59,A,1.0,False,Stand By Inoperativo,20260830-XRD90USS-004-A
3646,20260830,13,44,59,B,1.0,False,Stand By Inoperativo,20260830-XRD90USS-004-B
3647,20260826,13,43,59,A,1.0,False,Stand By Inoperativo,20260826-XRD90USS-001-A
3648,20260826,13,43,59,B,1.0,False,Stand By Inoperativo,20260826-XRD90USS-001-B
3649,20260827,13,43,59,A,1.0,False,Stand By Inoperativo,20260827-XRD90USS-001-A
3650,20260827,13,43,59,B,1.0,False,Stand By Inoperativo,20260827-XRD90USS-001-B
3651,20260828,13,43,59,A,1.0,False,Stand By Inoperativo,20260828-XRD90USS-001-A
3652,20260828,13,43,59,B,1.0,False,Stand By Inoperativo,20260828-XRD90USS-001-B
3653,20260829,13,43,59,A,1.0,False,Stand By Inoperativo,20260829-XRD90USS-001-A
3654,20260829,13,43,59,B,1.0,False,Stand By Inoperativo,20260829-XRD90USS-001-B
3655,20260830,13,43,59,A,1.0,False,Stand By Inoperativo,20260830-XRD90USS-001-A
3656,20260830,13,43,59,B,1.0,False,Stand By Inoperativo,20260830-XRD90USS-001-B
3657,20260826,13,42,59,A,1.0,False,Stand By Inoperativo,20260826-XRD150UBT-001-A
3658,20260826,13,42,59,B,1.0,False,Stand By Inoperativo,20260826-XRD150UBT-001-B
3659,20260827,13,42,59,A,1.0,False,Stand By Inoperativo,20260827-XRD150UBT-001-A
3660,20260827,13,42,59,B,1.0,False,Stand By Inoperativo,20260827-XRD150UBT-001-B
3661,20260828,13,42,59,A,1.0,False,Stand By Inoperativo,20260828-XRD150UBT-001-A
3662,20260828,13,42,59,B,1.0,False,Stand By Inoperativo,20260828-XRD150UBT-001-B
3663,20260829,13,42,59,A,1.0,False,Stand By Inoperativo,20260829-XRD150UBT-001-A
3664,20260829,13,42,59,B,1.0,False,Stand By Inoperativo,20260829-XRD150UBT-001-B
3665,20260830,13,42,59,A,1.0,False,Stand By Inoperativo,20260830-XRD150UBT-001-A
3666,20260830,13,42,59,B,1.0,False,Stand By Inoperativo,20260830-XRD150UBT-001-B
3667,20260826,13,41,59,A,1.0,False,Stand By Inoperativo,20260826-XRD150U-005-A
3668,20260826,13,41,59,B,1.0,False,Stand By Inoperativo,20260826-XRD150U-005-B
3669,20260827,13,41,59,A,1.0,False,Stand By Inoperativo,20260827-XRD150U-005-A
3670,20260827,13,41,59,B,1.0,False,Stand By Inoperativo,20260827-XRD150U-005-B
3671,20260828,13,41,59,A,1.0,False,Stand By Inoperativo,20260828-XRD150U-005-A
3672,20260828,13,41,59,B,1.0,False,Stand By Inoperativo,20260828-XRD150U-005-B
3673,20260829,13,41,59,A,1.0,False,Stand By Inoperativo,20260829-XRD150U-005-A
3674,20260829,13,41,59,B,1.0,False,Stand By Inoperativo,20260829-XRD150U-005-B
3675,20260830,13,41,59,A,1.0,False,Stand By Inoperativo,20260830-XRD150U-005-A
3676,20260830,13,41,59,B,1.0,False,Stand By Inoperativo,20260830-XRD150U-005-B
3677,20260826,14,48,59,A,1.0,False,Stand By Inoperativo,20260826-XRD90U-023-A
3678,20260826,14,48,59,B,1.0,False,Stand By Inoperativo,20260826-XRD90U-023-B
3679,20260827,14,48,59,A,1.0,False,Stand By Inoperativo,20260827-XRD90U-023-A
3680,20260827,14,48,59,B,1.0,False,Stand By Inoperativo,20260827-XRD90U-023-B
3681,20260828,14,48,59,A,1.0,False,Stand By Inoperativo,20260828-XRD90U-023-A
3682,20260828,14,48,59,B,1.0,False,Stand By Inoperativo,20260828-XRD90U-023-B
3683,20260829,14,48,59,A,1.0,False,Stand By Inoperativo,20260829-XRD90U-023-A
3684,20260829,14,48,59,B,1.0,False,Stand By Inoperativo,20260829-XRD90U-023-B
3685,20260830,14,48,59,B,1.0,False,Stand By Inoperativo,20260830-XRD90U-023-B
3686,20260826,14,47,59,A,1.0,False,Stand By Inoperativo,20260826-XRD90U-004-A
3687,20260826,14,47,59,B,1.0,False,Stand By Inoperativo,20260826-XRD90U-004-B
3688,20260827,14,47,59,A,1.0,False,Stand By Inoperativo,20260827-XRD90U-004-A
3689,20260827,14,47,59,B,1.0,False,Stand By Inoperativo,20260827-XRD90U-004-B
3690,20260828,14,47,59,A,1.0,False,Stand By Inoperativo,20260828-XRD90U-004-A
3691,20260828,14,47,59,B,1.0,False,Stand By Inoperativo,20260828-XRD90U-004-B
3692,20260829,14,47,59,A,1.0,False,Stand By Inoperativo,20260829-XRD90U-004-A
3693,20260829,14,47,59,B,1.0,False,Stand By Inoperativo,20260829-XRD90U-004-B
3694,20260830,14,47,59,B,1.0,False,Stand By Inoperativo,20260830-XRD90U-004-B
3695,20260826,14,46,59,A,1.0,False,Stand By Inoperativo,20260826-XRD150U-012-A
3696,20260826,14,46,59,B,1.0,False,Stand By Inoperativo,20260826-XRD150U-012-B
3697,20260827,14,46,59,A,1.0,False,Stand By Inoperativo,20260827-XRD150U-012-A
3698,20260828,14,46,59,A,1.0,False,Stand By Inoperativo,20260828-XRD150U-012-A
3699,20260829,14,46,59,A,1.0,False,Stand By Inoperativo,20260829-XRD150U-012-A
3700,20260826,14,45,59,A,1.0,False,Stand By Inoperativo,20260826-DE710ST-001-A
3701,20260826,14,45,59,B,1.0,False,Stand By Inoperativo,20260826-DE710ST-001-B
3702,20260827,14,45,59,A,1.0,False,Stand By Inoperativo,20260827-DE710ST-001-A
3703,20260827,14,45,59,B,1.0,False,Stand By Inoperativo,20260827-DE710ST-001-B
3704,20260828,14,45,59,A,1.0,False,Stand By Inoperativo,20260828-DE710ST-001-A
3705,20260828,14,45,59,B,1.0,False,Stand By Inoperativo,20260828-DE710ST-001-B
3706,20260829,14,45,59,A,1.0,False,Stand By Inoperativo,20260829-DE710ST-001-A
3707,20260829,14,45,59,B,1.0,False,Stand By Inoperativo,20260829-DE710ST-001-B
3708,20260830,14,45,59,A,1.0,False,Stand By Inoperativo,20260830-DE710ST-001-A
3709,20260830,14,45,59,B,1.0,False,Stand By Inoperativo,20260830-DE710ST-001-B
3710,20260826,15,49,59,A,1.0,False,Stand By Inoperativo,20260826-DE710T-002-A
3711,20260826,15,49,59,B,1.0,False,Stand By Inoperativo,20260826-DE710T-002-B
3712,20260827,15,49,59,A,1.0,False,Stand By Inoperativo,20260827-DE710T-002-A
3713,20260827,15,49,59,B,1.0,False,Stand By Inoperativo,20260827-DE710T-002-B
3714,20260828,15,49,59,A,1.0,False,Stand By Inoperativo,20260828-DE710T-002-A
3715,20260828,15,49,59,B,1.0,False,Stand By Inoperativo,20260828-DE710T-002-B
3716,20260829,15,49,59,A,1.0,False,Stand By Inoperativo,20260829-DE710T-002-A
3717,20260829,15,49,59,B,1.0,False,Stand By Inoperativo,20260829-DE710T-002-B
3718,20260830,15,49,59,B,1.0,False,Stand By Inoperativo,20260830-DE710T-002-B
3719,20260826,15,50,59,A,1.0,False,Stand By Inoperativo,20260826-XRD150U-009-A
3720,20260826,15,50,59,B,1.0,False,Stand By Inoperativo,20260826-XRD150U-009-B
3721,20260827,15,50,59,A,1.0,False,Stand By Inoperativo,20260827-XRD150U-009-A
3722,20260827,15,50,59,B,1.0,False,Stand By Inoperativo,20260827-XRD150U-009-B
3723,20260828,15,50,59,A,1.0,False,Stand By Inoperativo,20260828-XRD150U-009-A
3724,20260828,15,50,59,B,1.0,False,Stand By Inoperativo,20260828-XRD150U-009-B
3725,20260829,15,50,59,A,1.0,False,Stand By Inoperativo,20260829-XRD150U-009-A
3726,20260829,15,50,59,B,1.0,False,Stand By Inoperativo,20260829-XRD150U-009-B
3727,20260830,15,50,59,A,1.0,False,Stand By Inoperativo,20260830-XRD150U-009-A
3728,20260830,15,50,59,B,1.0,False,Stand By Inoperativo,20260830-XRD150U-009-B
3729,20260826,16,51,59,A,1.0,False,Stand By Inoperativo,20260826-XRD150U-007-A
3730,20260826,16,51,59,B,1.0,False,Stand By Inoperativo,20260826-XRD150U-007-B
3731,20260827,16,51,59,A,1.0,False,Stand By Inoperativo,20260827-XRD150U-007-A
3732,20260827,16,51,59,B,1.0,False,Stand By Inoperativo,20260827-XRD150U-007-B
3733,20260828,16,51,59,A,1.0,False,Stand By Inoperativo,20260828-XRD150U-007-A
3734,20260829,16,51,59,A,1.0,False,Stand By Inoperativo,20260829-XRD150U-007-A
3735,20260829,16,51,59,B,1.0,False,Stand By Inoperativo,20260829-XRD150U-007-B
3736,20260830,16,51,59,A,1.0,False,Stand By Inoperativo,20260830-XRD150U-007-A
3737,20260830,16,51,59,B,1.0,False,Stand By Inoperativo,20260830-XRD150U-007-B
3738,20260826,17,54,59,A,1.0,False,Stand By Inoperativo,20260826-XRD50USS-003-A
3739,20260826,17,54,59,B,1.0,False,Stand By Inoperativo,20260826-XRD50USS-003-B
3740,20260827,17,54,59,A,1.0,False,Stand By Inoperativo,20260827-XRD50USS-003-A
3741,20260827,17,54,59,B,1.0,False,Stand By Inoperativo,20260827-XRD50USS-003-B
3742,20260828,17,54,59,A,1.0,False,Stand By Inoperativo,20260828-XRD50USS-003-A
3743,20260828,17,54,59,B,1.0,False,Stand By Inoperativo,20260828-XRD50USS-003-B
3744,20260829,17,54,59,A,1.0,False,Stand By Inoperativo,20260829-XRD50USS-003-A
3745,20260829,17,54,59,B,1.0,False,Stand By Inoperativo,20260829-XRD50USS-003-B
3746,20260830,17,54,59,A,1.0,False,Stand By Inoperativo,20260830-XRD50USS-003-A
3747,20260830,17,54,59,B,1.0,False,Stand By Inoperativo,20260830-XRD50USS-003-B
3748,20260826,17,52,59,A,1.0,False,Stand By Inoperativo,20260826-XDR50USS-00T-A
3749,20260826,17,52,59,B,1.0,False,Stand By Inoperativo,20260826-XDR50USS-00T-B
3750,20260827,17,52,59,A,1.0,False,Stand By Inoperativo,20260827-XDR50USS-00T-A
3751,20260827,17,52,59,B,1.0,False,Stand By Inoperativo,20260827-XDR50USS-00T-B
3752,20260828,17,52,59,A,1.0,False,Stand By Inoperativo,20260828-XDR50USS-00T-A
3753,20260828,17,52,59,B,1.0,False,Stand By Inoperativo,20260828-XDR50USS-00T-B
3754,20260829,17,52,59,A,1.0,False,Stand By Inoperativo,20260829-XDR50USS-00T-A
3755,20260829,17,52,59,B,1.0,False,Stand By Inoperativo,20260829-XDR50USS-00T-B
3756,20260830,17,52,59,B,1.0,False,Stand By Inoperativo,20260830-XDR50USS-00T-B
3757,20260826,17,53,59,A,1.0,False,Stand By Inoperativo,20260826-XRD125USS-001-A
3758,20260826,17,53,59,B,1.0,False,Stand By Inoperativo,20260826-XRD125USS-001-B
3759,20260827,17,53,59,A,1.0,False,Stand By Inoperativo,20260827-XRD125USS-001-A
3760,20260827,17,53,59,B,1.0,False,Stand By Inoperativo,20260827-XRD125USS-001-B
3761,20260828,17,53,59,A,1.0,False,Stand By Inoperativo,20260828-XRD125USS-001-A
3762,20260828,17,53,59,B,1.0,False,Stand By Inoperativo,20260828-XRD125USS-001-B
3763,20260829,17,53,59,A,1.0,False,Stand By Inoperativo,20260829-XRD125USS-001-A
3764,20260829,17,53,59,B,1.0,False,Stand By Inoperativo,20260829-XRD125USS-001-B
3765,20260830,17,53,59,A,1.0,False,Stand By Inoperativo,20260830-XRD125USS-001-A
3766,20260830,17,53,59,B,1.0,False,Stand By Inoperativo,20260830-XRD125USS-001-B
3767,20260826,18,56,59,A,1.0,False,Stand By Inoperativo,20260826-XRD150USS-001-A
3768,20260826,18,56,59,B,1.0,False,Stand By Inoperativo,20260826-XRD150USS-001-B
3769,20260827,18,56,59,A,1.0,False,Stand By Inoperativo,20260827-XRD150USS-001-A
3770,20260827,18,56,59,B,1.0,False,Stand By Inoperativo,20260827-XRD150USS-001-B
3771,20260828,18,56,59,A,1.0,False,Stand By Inoperativo,20260828-XRD150USS-001-A
3772,20260828,18,56,59,B,1.0,False,Stand By Inoperativo,20260828-XRD150USS-001-B
3773,20260829,18,56,59,A,1.0,False,Stand By Inoperativo,20260829-XRD150USS-001-A
3774,20260829,18,56,59,B,1.0,False,Stand By Inoperativo,20260829-XRD150USS-001-B
3775,20260830,18,56,59,A,1.0,False,Stand By Inoperativo,20260830-XRD150USS-001-A
3776,20260830,18,56,59,B,1.0,False,Stand By Inoperativo,20260830-XRD150USS-001-B
3777,20260826,18,55,59,A,1.0,False,Stand By Inoperativo,20260826-XRD150U-011-A
3778,20260826,18,55,59,B,1.0,False,Stand By Inoperativo,20260826-XRD150U-011-B
3779,20260827,18,55,59,A,1.0,False,Stand By Inoperativo,20260827-XRD150U-011-A
3780,20260827,18,55,59,B,1.0,False,Stand By Inoperativo,20260827-XRD150U-011-B
3781,20260828,18,55,59,A,1.0,False,Stand By Inoperativo,20260828-XRD150U-011-A
3782,20260828,18,55,59,B,1.0,False,Stand By Inoperativo,20260828-XRD150U-011-B
3783,20260829,18,55,59,A,1.0,False,Stand By Inoperativo,20260829-XRD150U-011-A
3784,20260829,18,55,59,B,1.0,False,Stand By Inoperativo,20260829-XRD150U-011-B
3785,20260830,18,55,59,A,1.0,False,Stand By Inoperativo,20260830-XRD150U-011-A
3786,20260830,18,55,59,B,1.0,False,Stand By Inoperativo,20260830-XRD150U-011-B
3787,20260826,2,5,60,A,7.0,False,Stand By Inoperativo,20260826-XRD80USS-010-A
3788,20260827,2,5,60,A,7.0,False,Stand By Inoperativo,20260827-XRD80USS-010-A
3789,20260828,2,3,60,A,7.5,False,Stand By Inoperativo,20260828-LF90D ST-002-A
3790,20260827,3,9,60,B,2.5,False,Stand By Inoperativo,20260827-XRD50USS-004-B
3791,20260828,3,9,60,B,8.0,False,Stand By Inoperativo,20260828-XRD50USS-004-B
3792,20260830,3,9,60,B,8.0,False,Stand By Inoperativo,20260830-XRD50USS-004-B
3793,20260826,3,7,60,A,3.0,False,Stand By Inoperativo,20260826-XRD125UFDR-001-A
3794,20260828,4,11,60,B,12.0,False,Stand By Inoperativo,20260828-XRD150U-002-B
3795,20260829,4,11,60,B,6.0,False,Stand By Inoperativo,20260829-XRD150U-002-B
3796,20260830,4,11,60,A,12.0,False,Stand By Inoperativo,20260830-XRD150U-002-A
3797,20260826,5,15,60,A,12.0,False,Stand By Inoperativo,20260826-XRD150USS-005-A
3798,20260826,5,15,60,B,5.5,False,Stand By Inoperativo,20260826-XRD150USS-005-B
3799,20260827,5,15,60,B,12.0,False,Stand By Inoperativo,20260827-XRD150USS-005-B
3800,20260828,5,15,60,B,12.0,False,Stand By Inoperativo,20260828-XRD150USS-005-B
3801,20260829,5,15,60,B,12.0,False,Stand By Inoperativo,20260829-XRD150USS-005-B
3802,20260826,10,33,60,B,12.0,False,Stand By Inoperativo,20260826-XRD80USS-008-B
3803,20260827,10,33,60,B,12.0,False,Stand By Inoperativo,20260827-XRD80USS-008-B
3804,20260826,10,29,60,B,12.0,False,Stand By Inoperativo,20260826-XLM75UFDR-001-B
3805,20260826,10,32,60,A,12.0,False,Stand By Inoperativo,20260826-XRD250U-001-A
3806,20260826,10,32,60,B,12.0,False,Stand By Inoperativo,20260826-XRD250U-001-B
3807,20260827,10,32,60,A,12.0,False,Stand By Inoperativo,20260827-XRD250U-001-A
3808,20260827,10,32,60,B,12.0,False,Stand By Inoperativo,20260827-XRD250U-001-B
3809,20260828,10,32,60,A,12.0,False,Stand By Inoperativo,20260828-XRD250U-001-A
3810,20260828,10,32,60,B,12.0,False,Stand By Inoperativo,20260828-XRD250U-001-B
3811,20260829,10,32,60,A,12.0,False,Stand By Inoperativo,20260829-XRD250U-001-A
3812,20260829,10,32,60,B,12.0,False,Stand By Inoperativo,20260829-XRD250U-001-B
3813,20260830,10,32,60,A,12.0,False,Stand By Inoperativo,20260830-XRD250U-001-A
3814,20260830,10,32,60,B,12.0,False,Stand By Inoperativo,20260830-XRD250U-001-B
3815,20260827,10,34,60,B,12.0,False,Stand By Inoperativo,20260827-XRD90U-012-B
3816,20260828,10,34,60,A,12.0,False,Stand By Inoperativo,20260828-XRD90U-012-A
3817,20260828,10,34,60,B,12.0,False,Stand By Inoperativo,20260828-XRD90U-012-B
3818,20260829,10,34,60,A,12.0,False,Stand By Inoperativo,20260829-XRD90U-012-A
3819,20260829,10,34,60,B,12.0,False,Stand By Inoperativo,20260829-XRD90U-012-B
3820,20260830,10,34,60,A,12.0,False,Stand By Inoperativo,20260830-XRD90U-012-A
3821,20260830,10,34,60,B,12.0,False,Stand By Inoperativo,20260830-XRD90U-012-B
3822,20260827,12,40,60,B,12.0,False,Stand By Inoperativo,20260827-XRD90USS-005-B
3823,20260828,12,40,60,B,12.0,False,Stand By Inoperativo,20260828-XRD90USS-005-B
3824,20260829,12,40,60,B,12.0,False,Stand By Inoperativo,20260829-XRD90USS-005-B
3825,20260830,12,40,60,B,12.0,False,Stand By Inoperativo,20260830-XRD90USS-005-B
3826,20260826,12,38,60,A,12.0,False,Stand By Inoperativo,20260826-XRD150USS-002-A
3827,20260827,12,38,60,A,12.0,False,Stand By Inoperativo,20260827-XRD150USS-002-A
3828,20260828,12,38,60,A,12.0,False,Stand By Inoperativo,20260828-XRD150USS-002-A
3829,20260826,12,39,60,A,12.0,False,Stand By Inoperativo,20260826-XRD80USS-011-A
3830,20260826,12,39,60,B,12.0,False,Stand By Inoperativo,20260826-XRD80USS-011-B
3831,20260827,12,39,60,A,12.0,False,Stand By Inoperativo,20260827-XRD80USS-011-A
3832,20260828,12,39,60,B,12.0,False,Stand By Inoperativo,20260828-XRD80USS-011-B
3833,20260830,12,39,60,A,12.0,False,Stand By Inoperativo,20260830-XRD80USS-011-A
3834,20260826,13,43,60,B,8.0,False,Stand By Inoperativo,20260826-XRD90USS-001-B
3835,20260827,14,46,60,B,12.0,False,Stand By Inoperativo,20260827-XRD150U-012-B
3836,20260828,14,46,60,B,12.0,False,Stand By Inoperativo,20260828-XRD150U-012-B
3837,20260829,14,46,60,B,12.0,False,Stand By Inoperativo,20260829-XRD150U-012-B
3838,20260830,14,46,60,B,12.0,False,Stand By Inoperativo,20260830-XRD150U-012-B
3839,20260828,16,51,60,B,12.0,False,Stand By Inoperativo,20260828-XRD150U-007-B
3840,20260829,18,55,60,A,8.5,False,Stand By Inoperativo,20260829-XRD150U-011-A
3841,20260830,10,35,61,A,2.5,False,Stand By Inoperativo,20260830-XRD90U-016-A
3842,20260830,10,30,61,A,2.0,False,Stand By Inoperativo,20260830-XRD150U-003-A
3843,20260830,15,49,61,A,4.0,False,Stand By Inoperativo,20260830-DE710T-002-A
3844,20260830,15,50,61,A,1.0,False,Stand By Inoperativo,20260830-XRD150U-009-A
3845,20260827,5,14,62,B,1.0,False,Stand By Inoperativo,20260827-XRD120U-001-B
3846,20260830,5,12,62,B,1.0,False,Stand By Inoperativo,20260830-LM110U-001-B
3847,20260830,15,50,62,A,0.5,False,Stand By Inoperativo,20260830-XRD150U-009-A
3848,20260828,10,30,67,A,1.0,True,Stand By Cliente,20260828-XRD150U-003-A
3849,20260829,10,30,67,A,2.0,True,Stand By Cliente,20260829-XRD150U-003-A
3850,20260830,10,30,67,A,1.0,True,Stand By Cliente,20260830-XRD150U-003-A
3851,20260829,10,29,67,A,1.0,True,Stand By Cliente,20260829-XLM75UFDR-001-A
3852,20260830,10,29,67,A,1.0,True,Stand By Cliente,20260830-XLM75UFDR-001-A
3853,20260830,2,3,68,A,2.0,True,Stand By Cliente,20260830-LF90D ST-002-A
3854,20260826,5,13,68,B,2.0,True,Stand By Cliente,20260826-LM90U-001-B
3855,20260830,5,17,68,A,1.0,True,Stand By Cliente,20260830-XRD90USS-003-A
3856,20260827,5,12,68,B,1.0,True,Stand By Cliente,20260827-LM110U-001-B
3857,20260828,5,12,68,B,1.0,True,Stand By Cliente,20260828-LM110U-001-B
3858,20260827,6,19,68,B,3.0,True,Stand By Cliente,20260827-XRD125UFDR-002-B
3859,20260828,6,19,68,A,3.0,True,Stand By Cliente,20260828-XRD125UFDR-002-A
3860,20260828,6,19,68,B,3.0,True,Stand By Cliente,20260828-XRD125UFDR-002-B
3861,20260826,6,20,68,B,1.5,True,Stand By Cliente,20260826-XRD150U-008-B
3862,20260827,6,20,68,B,1.0,True,Stand By Cliente,20260827-XRD150U-008-B
3863,20260828,6,20,68,A,1.0,True,Stand By Cliente,20260828-XRD150U-008-A
3864,20260829,6,20,68,B,0.5,True,Stand By Cliente,20260829-XRD150U-008-B
3865,20260830,6,20,68,B,1.0,True,Stand By Cliente,20260830-XRD150U-008-B
3866,20260830,11,37,68,B,3.0,True,Stand By Cliente,20260830-XRD150U-006-B
3867,20260826,13,43,68,A,1.0,True,Stand By Cliente,20260826-XRD90USS-001-A
3868,20260827,15,50,68,A,2.0,True,Stand By Cliente,20260827-XRD150U-009-A
3869,20260828,15,50,68,B,3.0,True,Stand By Cliente,20260828-XRD150U-009-B
3870,20260829,15,50,68,A,2.0,True,Stand By Cliente,20260829-XRD150U-009-A
3871,20260829,15,50,68,B,2.5,True,Stand By Cliente,20260829-XRD150U-009-B
3872,20260830,15,50,68,A,3.5,True,Stand By Cliente,20260830-XRD150U-009-A
3873,20260829,17,54,68,B,6.0,True,Stand By Cliente,20260829-XRD50USS-003-B
3874,20260826,17,52,68,A,2.0,True,Stand By Cliente,20260826-XDR50USS-00T-A
3875,20260826,17,52,68,B,2.0,True,Stand By Cliente,20260826-XDR50USS-00T-B
3876,20260827,17,52,68,A,1.0,True,Stand By Cliente,20260827-XDR50USS-00T-A
3877,20260827,17,52,68,B,2.0,True,Stand By Cliente,20260827-XDR50USS-00T-B
3878,20260828,17,52,68,B,1.5,True,Stand By Cliente,20260828-XDR50USS-00T-B
3879,20260829,17,52,68,B,1.0,True,Stand By Cliente,20260829-XDR50USS-00T-B
3880,20260830,17,52,68,B,1.0,True,Stand By Cliente,20260830-XDR50USS-00T-B
3881,20260826,17,53,68,B,0.5,True,Stand By Cliente,20260826-XRD125USS-001-B
3882,20260829,1,1,69,B,1.5,True,Stand By Cliente,20260829-XRD50U-002-B
3883,20260830,2,5,69,A,8.0,True,Stand By Cliente,20260830-XRD80USS-010-A
3884,20260826,2,4,69,B,1.0,True,Stand By Cliente,20260826-XRD150U-001-B
3885,20260830,2,4,69,A,8.0,True,Stand By Cliente,20260830-XRD150U-001-A
3886,20260829,5,16,69,B,2.0,True,Stand By Cliente,20260829-XRD90U-021-B
3887,20260829,8,26,69,A,0.5,True,Stand By Cliente,20260829-XRD150USS-003-A
3888,20260827,10,31,69,A,0.5,True,Stand By Cliente,20260827-XRD150USS-004-A
3889,20260828,13,44,69,B,1.0,True,Stand By Cliente,20260828-XRD90USS-004-B
3890,20260827,13,42,69,B,2.0,True,Stand By Cliente,20260827-XRD150UBT-001-B
3891,20260828,13,42,69,A,0.5,True,Stand By Cliente,20260828-XRD150UBT-001-A
3892,20260829,13,42,69,A,1.0,True,Stand By Cliente,20260829-XRD150UBT-001-A
3893,20260826,15,50,69,B,2.0,True,Stand By Cliente,20260826-XRD150U-009-B
3894,20260827,15,50,69,A,2.0,True,Stand By Cliente,20260827-XRD150U-009-A
3895,20260827,15,50,69,B,2.0,True,Stand By Cliente,20260827-XRD150U-009-B
3896,20260826,3,8,70,A,3.0,True,Stand By Cliente,20260826-XRD50U-003-A
3897,20260830,4,11,70,B,2.0,True,Stand By Cliente,20260830-XRD150U-002-B
3898,20260830,5,16,70,A,6.0,True,Stand By Cliente,20260830-XRD90U-021-A
3899,20260830,5,16,70,B,12.0,True,Stand By Cliente,20260830-XRD90U-021-B
3900,20260826,6,22,70,A,3.0,True,Stand By Cliente,20260826-XRD80USS-006-A
3901,20260827,6,22,70,A,1.0,True,Stand By Cliente,20260827-XRD80USS-006-A
3902,20260827,6,22,70,B,1.0,True,Stand By Cliente,20260827-XRD80USS-006-B
3903,20260828,6,22,70,A,2.0,True,Stand By Cliente,20260828-XRD80USS-006-A
3904,20260830,6,22,70,A,1.5,True,Stand By Cliente,20260830-XRD80USS-006-A
3905,20260830,6,19,70,B,3.0,True,Stand By Cliente,20260830-XRD125UFDR-002-B
3906,20260827,6,20,70,A,3.5,True,Stand By Cliente,20260827-XRD150U-008-A
3907,20260830,10,33,70,A,2.0,True,Stand By Cliente,20260830-XRD80USS-008-A
3908,20260830,10,35,70,B,2.0,True,Stand By Cliente,20260830-XRD90U-016-B
3909,20260826,10,30,70,B,1.0,True,Stand By Cliente,20260826-XRD150U-003-B
3910,20260827,10,30,70,B,1.0,True,Stand By Cliente,20260827-XRD150U-003-B
3911,20260829,10,31,70,A,2.0,True,Stand By Cliente,20260829-XRD150USS-004-A
3912,20260830,10,31,70,B,3.0,True,Stand By Cliente,20260830-XRD150USS-004-B
3913,20260827,12,40,70,A,1.0,True,Stand By Cliente,20260827-XRD90USS-005-A
3914,20260829,12,38,70,B,1.0,True,Stand By Cliente,20260829-XRD150USS-002-B
3915,20260828,12,39,70,A,3.0,True,Stand By Cliente,20260828-XRD80USS-011-A
3916,20260827,13,43,70,A,2.0,True,Stand By Cliente,20260827-XRD90USS-001-A
3917,20260828,13,43,70,B,1.0,True,Stand By Cliente,20260828-XRD90USS-001-B
3918,20260826,15,50,70,A,2.0,True,Stand By Cliente,20260826-XRD150U-009-A
3919,20260826,15,50,70,B,1.0,True,Stand By Cliente,20260826-XRD150U-009-B
3920,20260827,15,50,70,A,2.0,True,Stand By Cliente,20260827-XRD150U-009-A
3921,20260828,15,50,70,A,1.0,True,Stand By Cliente,20260828-XRD150U-009-A
3922,20260830,15,50,70,B,2.0,True,Stand By Cliente,20260830-XRD150U-009-B
3923,20260826,10,30,71,A,0.5,True,Stand By Cliente,20260826-XRD150U-003-A
3924,20260826,18,55,72,B,2.0,True,Stand By Cliente,20260826-XRD150U-011-B
3925,20260828,18,55,72,A,0.5,True,Stand By Cliente,20260828-XRD150U-011-A
3926,20260828,3,8,74,A,1.0,True,Stand By Cliente,20260828-XRD50U-003-A
3927,20260830,18,55,74,B,5.0,True,Stand By Cliente,20260830-XRD150U-011-B
3928,20260827,3,6,75,B,3.0,True,Stand By Cliente,20260827-XRD100U-001-B
3929,20260828,4,11,75,A,2.0,True,Stand By Cliente,20260828-XRD150U-002-A
3930,20260827,11,37,77,A,1.0,True,Stand By Cliente,20260827-XRD150U-006-A
3931,20260827,5,13,78,B,0.5,True,Stand By Cliente,20260827-LM90U-001-B
3932,20260830,5,17,78,A,0.5,True,Stand By Cliente,20260830-XRD90USS-003-A
3933,20260828,10,35,78,B,2.0,True,Stand By Cliente,20260828-XRD90U-016-B
3934,20260829,10,35,78,A,0.5,True,Stand By Cliente,20260829-XRD90U-016-A
3935,20260827,10,29,78,B,1.0,True,Stand By Cliente,20260827-XLM75UFDR-001-B
3936,20260828,10,29,78,A,1.0,True,Stand By Cliente,20260828-XLM75UFDR-001-A
3937,20260829,11,37,78,A,0.5,True,Stand By Cliente,20260829-XRD150U-006-A
3938,20260826,17,53,81,A,8.0,True,Stand By Cliente,20260826-XRD125USS-001-A
3939,20260829,3,7,82,A,2.0,True,Stand By Cliente,20260829-XRD125UFDR-001-A
3940,20260826,5,16,82,A,2.0,True,Stand By Cliente,20260826-XRD90U-021-A
3941,20260826,5,16,82,B,1.5,True,Stand By Cliente,20260826-XRD90U-021-B
3942,20260827,5,16,82,A,2.0,True,Stand By Cliente,20260827-XRD90U-021-A
3943,20260826,5,13,82,A,2.0,True,Stand By Cliente,20260826-LM90U-001-A
3944,20260826,5,13,82,B,1.5,True,Stand By Cliente,20260826-LM90U-001-B
3945,20260827,5,13,82,A,2.0,True,Stand By Cliente,20260827-LM90U-001-A
3946,20260826,5,17,82,A,2.0,True,Stand By Cliente,20260826-XRD90USS-003-A
3947,20260826,5,17,82,B,1.5,True,Stand By Cliente,20260826-XRD90USS-003-B
3948,20260827,5,17,82,A,2.0,True,Stand By Cliente,20260827-XRD90USS-003-A
3949,20260826,5,15,82,B,1.5,True,Stand By Cliente,20260826-XRD150USS-005-B
3950,20260827,5,15,82,A,2.0,True,Stand By Cliente,20260827-XRD150USS-005-A
3951,20260826,5,14,82,A,2.0,True,Stand By Cliente,20260826-XRD120U-001-A
3952,20260826,5,14,82,B,2.0,True,Stand By Cliente,20260826-XRD120U-001-B
3953,20260827,5,14,82,A,2.0,True,Stand By Cliente,20260827-XRD120U-001-A
3954,20260826,5,12,82,A,2.0,True,Stand By Cliente,20260826-LM110U-001-A
3955,20260826,5,12,82,B,2.0,True,Stand By Cliente,20260826-LM110U-001-B
3956,20260827,5,12,82,A,2.0,True,Stand By Cliente,20260827-LM110U-001-A
3957,20260828,8,26,82,A,3.5,True,Stand By Cliente,20260828-XRD150USS-003-A
3958,20260826,16,51,82,A,1.0,True,Stand By Cliente,20260826-XRD150U-007-A
3959,20260826,16,51,82,B,1.0,True,Stand By Cliente,20260826-XRD150U-007-B
3960,20260827,16,51,82,A,1.0,True,Stand By Cliente,20260827-XRD150U-007-A
3961,20260827,16,51,82,B,1.0,True,Stand By Cliente,20260827-XRD150U-007-B
3962,20260828,16,51,82,A,1.0,True,Stand By Cliente,20260828-XRD150U-007-A
3963,20260828,10,33,83,B,3.5,True,Stand By Cliente,20260828-XRD80USS-008-B
3964,20260829,10,33,84,B,4.0,True,Stand By Cliente,20260829-XRD80USS-008-B
3965,20260829,8,26,87,A,1.0,True,Stand By Cliente,20260829-XRD150USS-003-A
