ID_CLAVE_UNICA,FECHA,CTR,MAQUINA,TURNO_ESTANDAR,METRAJE_DETALLADO,METRAJE_CONTROL_INTERNO,DIFERENCIA_METRAJE,ESTADO_TURNO
2021-10-26|AMERICANA|XRD50U-001|A,2021-10-26,AMERICANA,XRD50U-001,A,0.0,0.0,0.0,COINCIDE OK
2021-10-26|MOROCOCHA|XRD50U-001|A,2021-10-26,MOROCOCHA,XRD50U-001,A,0.0,0.0,0.0,COINCIDE OK
2021-10-26|YAULIYACU|XRD50U-001|A,2021-10-26,YAULIYACU,XRD50U-001,A,0.0,0.0,0.0,COINCIDE OK
2021-10-27|AMERICANA|XRD50U-001|A,2021-10-27,AMERICANA,XRD50U-001,A,0.0,0.0,0.0,COINCIDE OK
2021-10-27|AMERICANA|XRD50U-001|B,2021-10-27,AMERICANA,XRD50U-001,B,0.0,0.0,0.0,COINCIDE OK
2021-10-27|MOROCOCHA|XRD50U-001|A,2021-10-27,MOROCOCHA,XRD50U-001,A,0.0,0.0,0.0,COINCIDE OK
2021-10-27|MOROCOCHA|XRD50U-001|B,2021-10-27,MOROCOCHA,XRD50U-001,B,0.0,0.0,0.0,COINCIDE OK
2021-10-27|YAULIYACU|XRD50U-001|A,2021-10-27,YAULIYACU,XRD50U-001,A,0.0,0.0,0.0,COINCIDE OK
2021-10-27|YAULIYACU|XRD50U-001|B,2021-10-27,YAULIYACU,XRD50U-001,B,0.0,0.0,0.0,COINCIDE OK
2021-10-28|AMERICANA|XRD50U-001|A,2021-10-28,AMERICANA,XRD50U-001,A,0.0,0.0,0.0,COINCIDE OK
2021-10-28|AMERICANA|XRD50U-001|B,2021-10-28,AMERICANA,XRD50U-001,B,0.0,0.0,0.0,COINCIDE OK
2021-10-28|MOROCOCHA|XRD50U-001|A,2021-10-28,MOROCOCHA,XRD50U-001,A,0.0,0.0,0.0,COINCIDE OK
2021-10-28|MOROCOCHA|XRD50U-001|B,2021-10-28,MOROCOCHA,XRD50U-001,B,0.0,0.0,0.0,COINCIDE OK
2021-10-28|YAULIYACU|XRD50U-001|A,2021-10-28,YAULIYACU,XRD50U-001,A,0.0,0.0,0.0,COINCIDE OK
2021-10-28|YAULIYACU|XRD50U-001|B,2021-10-28,YAULIYACU,XRD50U-001,B,0.0,0.0,0.0,COINCIDE OK
2021-10-29|AMERICANA|XRD50U-001|A,2021-10-29,AMERICANA,XRD50U-001,A,0.0,0.0,0.0,COINCIDE OK
2021-10-29|AMERICANA|XRD50U-001|B,2021-10-29,AMERICANA,XRD50U-001,B,0.0,0.0,0.0,COINCIDE OK
2021-10-29|MOROCOCHA|XRD50U-001|A,2021-10-29,MOROCOCHA,XRD50U-001,A,0.0,0.0,0.0,COINCIDE OK
2021-10-29|MOROCOCHA|XRD50U-001|B,2021-10-29,MOROCOCHA,XRD50U-001,B,0.0,0.0,0.0,COINCIDE OK
2021-10-29|YAULIYACU|XRD50U-001|A,2021-10-29,YAULIYACU,XRD50U-001,A,0.0,0.0,0.0,COINCIDE OK
2021-10-29|YAULIYACU|XRD50U-001|B,2021-10-29,YAULIYACU,XRD50U-001,B,0.0,0.0,0.0,COINCIDE OK
2021-10-30|AMERICANA|XRD50U-001|A,2021-10-30,AMERICANA,XRD50U-001,A,0.0,0.0,0.0,COINCIDE OK
2021-10-30|AMERICANA|XRD50U-001|B,2021-10-30,AMERICANA,XRD50U-001,B,0.0,0.0,0.0,COINCIDE OK
2021-10-30|MOROCOCHA|XRD50U-001|A,2021-10-30,MOROCOCHA,XRD50U-001,A,0.0,0.0,0.0,COINCIDE OK
2021-10-30|MOROCOCHA|XRD50U-001|B,2021-10-30,MOROCOCHA,XRD50U-001,B,0.0,0.0,0.0,COINCIDE OK
2021-10-30|YAULIYACU|XRD50U-001|A,2021-10-30,YAULIYACU,XRD50U-001,A,0.0,0.0,0.0,COINCIDE OK
2021-10-30|YAULIYACU|XRD50U-001|B,2021-10-30,YAULIYACU,XRD50U-001,B,0.0,0.0,0.0,COINCIDE OK
2021-10-31|AMERICANA|XRD50U-001|A,2021-10-31,AMERICANA,XRD50U-001,A,0.0,0.0,0.0,COINCIDE OK
2021-10-31|AMERICANA|XRD50U-001|B,2021-10-31,AMERICANA,XRD50U-001,B,0.0,0.0,0.0,COINCIDE OK
2021-10-31|MOROCOCHA|XRD50U-001|A,2021-10-31,MOROCOCHA,XRD50U-001,A,0.0,0.0,0.0,COINCIDE OK
2021-10-31|MOROCOCHA|XRD50U-001|B,2021-10-31,MOROCOCHA,XRD50U-001,B,0.0,0.0,0.0,COINCIDE OK
2021-10-31|YAULIYACU|XRD50U-001|A,2021-10-31,YAULIYACU,XRD50U-001,A,0.0,0.0,0.0,COINCIDE OK
2021-10-31|YAULIYACU|XRD50U-001|B,2021-10-31,YAULIYACU,XRD50U-001,B,0.0,0.0,0.0,COINCIDE OK
2021-11-01|AMERICANA|XRD50U-001|A,2021-11-01,AMERICANA,XRD50U-001,A,0.0,0.0,0.0,COINCIDE OK
2021-11-01|AMERICANA|XRD50U-001|B,2021-11-01,AMERICANA,XRD50U-001,B,0.0,0.0,0.0,COINCIDE OK
2021-11-01|MOROCOCHA|XRD50U-001|A,2021-11-01,MOROCOCHA,XRD50U-001,A,0.0,0.0,0.0,COINCIDE OK
2021-11-01|MOROCOCHA|XRD50U-001|B,2021-11-01,MOROCOCHA,XRD50U-001,B,0.0,0.0,0.0,COINCIDE OK
2021-11-01|YAULIYACU|XRD50U-001|A,2021-11-01,YAULIYACU,XRD50U-001,A,0.0,0.0,0.0,COINCIDE OK
2021-11-01|YAULIYACU|XRD50U-001|B,2021-11-01,YAULIYACU,XRD50U-001,B,0.0,0.0,0.0,COINCIDE OK
2021-11-02|AMERICANA|XRD50U-001|A,2021-11-02,AMERICANA,XRD50U-001,A,0.0,0.0,0.0,COINCIDE OK
2021-11-02|AMERICANA|XRD50U-001|B,2021-11-02,AMERICANA,XRD50U-001,B,0.0,0.0,0.0,COINCIDE OK
2021-11-02|MOROCOCHA|XRD50U-001|A,2021-11-02,MOROCOCHA,XRD50U-001,A,0.0,0.0,0.0,COINCIDE OK
2021-11-02|MOROCOCHA|XRD50U-001|B,2021-11-02,MOROCOCHA,XRD50U-001,B,0.0,0.0,0.0,COINCIDE OK
2021-11-02|YAULIYACU|XRD50U-001|A,2021-11-02,YAULIYACU,XRD50U-001,A,0.0,0.0,0.0,COINCIDE OK
2021-11-02|YAULIYACU|XRD50U-001|B,2021-11-02,YAULIYACU,XRD50U-001,B,0.0,0.0,0.0,COINCIDE OK
2021-11-03|AMERICANA|XRD50U-001|A,2021-11-03,AMERICANA,XRD50U-001,A,0.0,0.0,0.0,COINCIDE OK
2021-11-03|AMERICANA|XRD50U-001|B,2021-11-03,AMERICANA,XRD50U-001,B,0.0,0.0,0.0,COINCIDE OK
2021-11-03|MOROCOCHA|XRD50U-001|A,2021-11-03,MOROCOCHA,XRD50U-001,A,0.0,0.0,0.0,COINCIDE OK
2021-11-03|MOROCOCHA|XRD50U-001|B,2021-11-03,MOROCOCHA,XRD50U-001,B,0.0,0.0,0.0,COINCIDE OK
2021-11-03|YAULIYACU|XRD50U-001|A,2021-11-03,YAULIYACU,XRD50U-001,A,0.0,0.0,0.0,COINCIDE OK
2021-11-03|YAULIYACU|XRD50U-001|B,2021-11-03,YAULIYACU,XRD50U-001,B,0.0,0.0,0.0,COINCIDE OK
2021-11-04|AMERICANA|XRD50U-001|A,2021-11-04,AMERICANA,XRD50U-001,A,0.0,0.0,0.0,COINCIDE OK
2021-11-04|AMERICANA|XRD50U-001|B,2021-11-04,AMERICANA,XRD50U-001,B,0.0,0.0,0.0,COINCIDE OK
2021-11-04|MOROCOCHA|XRD50U-001|A,2021-11-04,MOROCOCHA,XRD50U-001,A,0.0,0.0,0.0,COINCIDE OK
2021-11-04|MOROCOCHA|XRD50U-001|B,2021-11-04,MOROCOCHA,XRD50U-001,B,0.0,0.0,0.0,COINCIDE OK
2021-11-04|YAULIYACU|XRD50U-001|A,2021-11-04,YAULIYACU,XRD50U-001,A,0.0,0.0,0.0,COINCIDE OK
2021-11-04|YAULIYACU|XRD50U-001|B,2021-11-04,YAULIYACU,XRD50U-001,B,0.0,0.0,0.0,COINCIDE OK
2021-11-05|AMERICANA|XRD50U-001|A,2021-11-05,AMERICANA,XRD50U-001,A,0.0,0.0,0.0,COINCIDE OK
2021-11-05|AMERICANA|XRD50U-001|B,2021-11-05,AMERICANA,XRD50U-001,B,0.0,0.0,0.0,COINCIDE OK
2021-11-05|MOROCOCHA|XRD50U-001|A,2021-11-05,MOROCOCHA,XRD50U-001,A,0.0,0.0,0.0,COINCIDE OK
2021-11-05|MOROCOCHA|XRD50U-001|B,2021-11-05,MOROCOCHA,XRD50U-001,B,0.0,0.0,0.0,COINCIDE OK
2021-11-05|YAULIYACU|XRD50U-001|A,2021-11-05,YAULIYACU,XRD50U-001,A,0.0,0.0,0.0,COINCIDE OK
2021-11-05|YAULIYACU|XRD50U-001|B,2021-11-05,YAULIYACU,XRD50U-001,B,0.0,0.0,0.0,COINCIDE OK
2021-11-06|AMERICANA|XRD50U-001|A,2021-11-06,AMERICANA,XRD50U-001,A,0.0,0.0,0.0,COINCIDE OK
2021-11-06|AMERICANA|XRD50U-001|B,2021-11-06,AMERICANA,XRD50U-001,B,0.0,0.0,0.0,COINCIDE OK
2021-11-06|MOROCOCHA|XRD50U-001|A,2021-11-06,MOROCOCHA,XRD50U-001,A,0.0,0.0,0.0,COINCIDE OK
2021-11-06|MOROCOCHA|XRD50U-001|B,2021-11-06,MOROCOCHA,XRD50U-001,B,0.0,0.0,0.0,COINCIDE OK
2021-11-06|YAULIYACU|XRD50U-001|A,2021-11-06,YAULIYACU,XRD50U-001,A,0.0,0.0,0.0,COINCIDE OK
2021-11-06|YAULIYACU|XRD50U-001|B,2021-11-06,YAULIYACU,XRD50U-001,B,0.0,0.0,0.0,COINCIDE OK
2021-11-07|AMERICANA|XRD50U-001|A,2021-11-07,AMERICANA,XRD50U-001,A,0.0,0.0,0.0,COINCIDE OK
2021-11-07|AMERICANA|XRD50U-001|B,2021-11-07,AMERICANA,XRD50U-001,B,0.0,0.0,0.0,COINCIDE OK
2021-11-07|MOROCOCHA|XRD50U-001|A,2021-11-07,MOROCOCHA,XRD50U-001,A,0.0,0.0,0.0,COINCIDE OK
2021-11-07|MOROCOCHA|XRD50U-001|B,2021-11-07,MOROCOCHA,XRD50U-001,B,0.0,0.0,0.0,COINCIDE OK
2021-11-07|YAULIYACU|XRD50U-001|A,2021-11-07,YAULIYACU,XRD50U-001,A,0.0,0.0,0.0,COINCIDE OK
2021-11-07|YAULIYACU|XRD50U-001|B,2021-11-07,YAULIYACU,XRD50U-001,B,0.0,0.0,0.0,COINCIDE OK
2021-11-08|AMERICANA|XRD50U-001|A,2021-11-08,AMERICANA,XRD50U-001,A,0.0,0.0,0.0,COINCIDE OK
2021-11-08|AMERICANA|XRD50U-001|B,2021-11-08,AMERICANA,XRD50U-001,B,0.0,0.0,0.0,COINCIDE OK
2021-11-08|MOROCOCHA|XRD50U-001|A,2021-11-08,MOROCOCHA,XRD50U-001,A,0.0,0.0,0.0,COINCIDE OK
2021-11-08|MOROCOCHA|XRD50U-001|B,2021-11-08,MOROCOCHA,XRD50U-001,B,0.0,0.0,0.0,COINCIDE OK
2021-11-08|YAULIYACU|XRD50U-001|A,2021-11-08,YAULIYACU,XRD50U-001,A,0.0,0.0,0.0,COINCIDE OK
2021-11-08|YAULIYACU|XRD50U-001|B,2021-11-08,YAULIYACU,XRD50U-001,B,0.0,0.0,0.0,COINCIDE OK
2021-11-09|AMERICANA|XRD50U-001|A,2021-11-09,AMERICANA,XRD50U-001,A,0.0,0.0,0.0,COINCIDE OK
2021-11-09|AMERICANA|XRD50U-001|B,2021-11-09,AMERICANA,XRD50U-001,B,0.0,0.0,0.0,COINCIDE OK
2021-11-09|MOROCOCHA|XRD50U-001|A,2021-11-09,MOROCOCHA,XRD50U-001,A,0.0,0.0,0.0,COINCIDE OK
2021-11-09|MOROCOCHA|XRD50U-001|B,2021-11-09,MOROCOCHA,XRD50U-001,B,0.0,0.0,0.0,COINCIDE OK
2021-11-09|YAULIYACU|XRD50U-001|A,2021-11-09,YAULIYACU,XRD50U-001,A,0.0,0.0,0.0,COINCIDE OK
2021-11-09|YAULIYACU|XRD50U-001|B,2021-11-09,YAULIYACU,XRD50U-001,B,0.0,0.0,0.0,COINCIDE OK
2021-11-10|AMERICANA|XRD50U-001|A,2021-11-10,AMERICANA,XRD50U-001,A,0.0,0.0,0.0,COINCIDE OK
2021-11-10|AMERICANA|XRD50U-001|B,2021-11-10,AMERICANA,XRD50U-001,B,0.0,0.0,0.0,COINCIDE OK
2021-11-10|MOROCOCHA|XRD50U-001|A,2021-11-10,MOROCOCHA,XRD50U-001,A,0.0,0.0,0.0,COINCIDE OK
2021-11-10|MOROCOCHA|XRD50U-001|B,2021-11-10,MOROCOCHA,XRD50U-001,B,0.0,0.0,0.0,COINCIDE OK
2021-11-10|YAULIYACU|XRD50U-001|A,2021-11-10,YAULIYACU,XRD50U-001,A,0.0,0.0,0.0,COINCIDE OK
2021-11-10|YAULIYACU|XRD50U-001|B,2021-11-10,YAULIYACU,XRD50U-001,B,0.0,0.0,0.0,COINCIDE OK
2021-11-11|AMERICANA|XRD50U-001|A,2021-11-11,AMERICANA,XRD50U-001,A,0.0,0.0,0.0,COINCIDE OK
2021-11-11|AMERICANA|XRD50U-001|B,2021-11-11,AMERICANA,XRD50U-001,B,0.0,0.0,0.0,COINCIDE OK
2021-11-11|MOROCOCHA|XRD50U-001|A,2021-11-11,MOROCOCHA,XRD50U-001,A,0.0,0.0,0.0,COINCIDE OK
2021-11-11|MOROCOCHA|XRD50U-001|B,2021-11-11,MOROCOCHA,XRD50U-001,B,0.0,0.0,0.0,COINCIDE OK
2021-11-11|YAULIYACU|XRD50U-001|A,2021-11-11,YAULIYACU,XRD50U-001,A,0.0,0.0,0.0,COINCIDE OK
2021-11-11|YAULIYACU|XRD50U-001|B,2021-11-11,YAULIYACU,XRD50U-001,B,0.0,0.0,0.0,COINCIDE OK
2021-11-12|AMERICANA|XRD50U-001|A,2021-11-12,AMERICANA,XRD50U-001,A,0.0,0.0,0.0,COINCIDE OK
2021-11-12|AMERICANA|XRD50U-001|B,2021-11-12,AMERICANA,XRD50U-001,B,0.0,0.0,0.0,COINCIDE OK
2021-11-12|MOROCOCHA|XRD50U-001|A,2021-11-12,MOROCOCHA,XRD50U-001,A,0.0,0.0,0.0,COINCIDE OK
2021-11-12|MOROCOCHA|XRD50U-001|B,2021-11-12,MOROCOCHA,XRD50U-001,B,0.0,0.0,0.0,COINCIDE OK
2021-11-12|YAULIYACU|XRD50U-001|A,2021-11-12,YAULIYACU,XRD50U-001,A,0.0,0.0,0.0,COINCIDE OK
2021-11-12|YAULIYACU|XRD50U-001|B,2021-11-12,YAULIYACU,XRD50U-001,B,0.0,0.0,0.0,COINCIDE OK
2021-11-13|AMERICANA|XRD50U-001|A,2021-11-13,AMERICANA,XRD50U-001,A,0.0,0.0,0.0,COINCIDE OK
2021-11-13|AMERICANA|XRD50U-001|B,2021-11-13,AMERICANA,XRD50U-001,B,0.0,0.0,0.0,COINCIDE OK
2021-11-13|MOROCOCHA|XRD50U-001|A,2021-11-13,MOROCOCHA,XRD50U-001,A,0.0,0.0,0.0,COINCIDE OK
2021-11-13|MOROCOCHA|XRD50U-001|B,2021-11-13,MOROCOCHA,XRD50U-001,B,0.0,0.0,0.0,COINCIDE OK
2021-11-13|YAULIYACU|XRD50U-001|A,2021-11-13,YAULIYACU,XRD50U-001,A,0.0,0.0,0.0,COINCIDE OK
2021-11-13|YAULIYACU|XRD50U-001|B,2021-11-13,YAULIYACU,XRD50U-001,B,0.0,0.0,0.0,COINCIDE OK
2021-11-14|AMERICANA|XRD50U-001|A,2021-11-14,AMERICANA,XRD50U-001,A,0.0,0.0,0.0,COINCIDE OK
2021-11-14|AMERICANA|XRD50U-001|B,2021-11-14,AMERICANA,XRD50U-001,B,0.0,0.0,0.0,COINCIDE OK
2021-11-14|MOROCOCHA|XRD50U-001|A,2021-11-14,MOROCOCHA,XRD50U-001,A,0.0,0.0,0.0,COINCIDE OK
2021-11-14|MOROCOCHA|XRD50U-001|B,2021-11-14,MOROCOCHA,XRD50U-001,B,0.0,0.0,0.0,COINCIDE OK
2021-11-14|YAULIYACU|XRD50U-001|A,2021-11-14,YAULIYACU,XRD50U-001,A,0.0,0.0,0.0,COINCIDE OK
2021-11-14|YAULIYACU|XRD50U-001|B,2021-11-14,YAULIYACU,XRD50U-001,B,0.0,0.0,0.0,COINCIDE OK
2021-11-15|AMERICANA|XRD50U-001|A,2021-11-15,AMERICANA,XRD50U-001,A,0.0,0.0,0.0,COINCIDE OK
2021-11-15|AMERICANA|XRD50U-001|B,2021-11-15,AMERICANA,XRD50U-001,B,0.0,0.0,0.0,COINCIDE OK
2021-11-15|MOROCOCHA|XRD50U-001|A,2021-11-15,MOROCOCHA,XRD50U-001,A,0.0,0.0,0.0,COINCIDE OK
2021-11-15|MOROCOCHA|XRD50U-001|B,2021-11-15,MOROCOCHA,XRD50U-001,B,0.0,0.0,0.0,COINCIDE OK
2021-11-15|YAULIYACU|XRD50U-001|A,2021-11-15,YAULIYACU,XRD50U-001,A,0.0,0.0,0.0,COINCIDE OK
2021-11-15|YAULIYACU|XRD50U-001|B,2021-11-15,YAULIYACU,XRD50U-001,B,0.0,0.0,0.0,COINCIDE OK
2021-11-16|AMERICANA|XRD50U-001|A,2021-11-16,AMERICANA,XRD50U-001,A,0.0,0.0,0.0,COINCIDE OK
2021-11-16|AMERICANA|XRD50U-001|B,2021-11-16,AMERICANA,XRD50U-001,B,0.0,0.0,0.0,COINCIDE OK
2021-11-16|MOROCOCHA|XRD50U-001|A,2021-11-16,MOROCOCHA,XRD50U-001,A,0.0,0.0,0.0,COINCIDE OK
2021-11-16|MOROCOCHA|XRD50U-001|B,2021-11-16,MOROCOCHA,XRD50U-001,B,0.0,0.0,0.0,COINCIDE OK
2021-11-16|YAULIYACU|XRD50U-001|A,2021-11-16,YAULIYACU,XRD50U-001,A,0.0,0.0,0.0,COINCIDE OK
2021-11-16|YAULIYACU|XRD50U-001|B,2021-11-16,YAULIYACU,XRD50U-001,B,0.0,0.0,0.0,COINCIDE OK
2021-11-17|AMERICANA|XRD50U-001|A,2021-11-17,AMERICANA,XRD50U-001,A,0.0,0.0,0.0,COINCIDE OK
2021-11-17|AMERICANA|XRD50U-001|B,2021-11-17,AMERICANA,XRD50U-001,B,0.0,0.0,0.0,COINCIDE OK
2021-11-17|MOROCOCHA|XRD50U-001|A,2021-11-17,MOROCOCHA,XRD50U-001,A,0.0,0.0,0.0,COINCIDE OK
2021-11-17|MOROCOCHA|XRD50U-001|B,2021-11-17,MOROCOCHA,XRD50U-001,B,0.0,0.0,0.0,COINCIDE OK
2021-11-17|YAULIYACU|XRD50U-001|A,2021-11-17,YAULIYACU,XRD50U-001,A,0.0,0.0,0.0,COINCIDE OK
2021-11-17|YAULIYACU|XRD50U-001|B,2021-11-17,YAULIYACU,XRD50U-001,B,0.0,0.0,0.0,COINCIDE OK
2021-11-18|AMERICANA|XRD50U-001|A,2021-11-18,AMERICANA,XRD50U-001,A,0.0,0.0,0.0,COINCIDE OK
2021-11-18|AMERICANA|XRD50U-001|B,2021-11-18,AMERICANA,XRD50U-001,B,0.0,0.0,0.0,COINCIDE OK
2021-11-18|MOROCOCHA|XRD50U-001|A,2021-11-18,MOROCOCHA,XRD50U-001,A,0.0,0.0,0.0,COINCIDE OK
2021-11-18|MOROCOCHA|XRD50U-001|B,2021-11-18,MOROCOCHA,XRD50U-001,B,0.0,0.0,0.0,COINCIDE OK
2021-11-18|YAULIYACU|XRD50U-001|A,2021-11-18,YAULIYACU,XRD50U-001,A,0.0,0.0,0.0,COINCIDE OK
2021-11-18|YAULIYACU|XRD50U-001|B,2021-11-18,YAULIYACU,XRD50U-001,B,0.0,0.0,0.0,COINCIDE OK
2021-11-19|AMERICANA|XRD50U-001|A,2021-11-19,AMERICANA,XRD50U-001,A,0.0,0.0,0.0,COINCIDE OK
2021-11-19|AMERICANA|XRD50U-001|B,2021-11-19,AMERICANA,XRD50U-001,B,0.0,0.0,0.0,COINCIDE OK
2021-11-19|MOROCOCHA|XRD50U-001|A,2021-11-19,MOROCOCHA,XRD50U-001,A,0.0,0.0,0.0,COINCIDE OK
2021-11-19|MOROCOCHA|XRD50U-001|B,2021-11-19,MOROCOCHA,XRD50U-001,B,0.0,0.0,0.0,COINCIDE OK
2021-11-19|YAULIYACU|XRD50U-001|A,2021-11-19,YAULIYACU,XRD50U-001,A,0.0,0.0,0.0,COINCIDE OK
2021-11-19|YAULIYACU|XRD50U-001|B,2021-11-19,YAULIYACU,XRD50U-001,B,0.0,0.0,0.0,COINCIDE OK
2021-11-20|AMERICANA|XRD50U-001|A,2021-11-20,AMERICANA,XRD50U-001,A,0.0,0.0,0.0,COINCIDE OK
2021-11-20|AMERICANA|XRD50U-001|B,2021-11-20,AMERICANA,XRD50U-001,B,0.0,0.0,0.0,COINCIDE OK
2021-11-20|MOROCOCHA|XRD50U-001|A,2021-11-20,MOROCOCHA,XRD50U-001,A,0.0,0.0,0.0,COINCIDE OK
2021-11-20|MOROCOCHA|XRD50U-001|B,2021-11-20,MOROCOCHA,XRD50U-001,B,0.0,0.0,0.0,COINCIDE OK
2021-11-20|YAULIYACU|XRD50U-001|A,2021-11-20,YAULIYACU,XRD50U-001,A,0.0,0.0,0.0,COINCIDE OK
2021-11-20|YAULIYACU|XRD50U-001|B,2021-11-20,YAULIYACU,XRD50U-001,B,0.0,0.0,0.0,COINCIDE OK
2021-11-21|AMERICANA|XRD50U-001|A,2021-11-21,AMERICANA,XRD50U-001,A,0.0,0.0,0.0,COINCIDE OK
2021-11-21|AMERICANA|XRD50U-001|B,2021-11-21,AMERICANA,XRD50U-001,B,0.0,0.0,0.0,COINCIDE OK
2021-11-21|MOROCOCHA|XRD50U-001|A,2021-11-21,MOROCOCHA,XRD50U-001,A,0.0,0.0,0.0,COINCIDE OK
2021-11-21|MOROCOCHA|XRD50U-001|B,2021-11-21,MOROCOCHA,XRD50U-001,B,0.0,0.0,0.0,COINCIDE OK
2021-11-21|YAULIYACU|XRD50U-001|A,2021-11-21,YAULIYACU,XRD50U-001,A,0.0,0.0,0.0,COINCIDE OK
2021-11-21|YAULIYACU|XRD50U-001|B,2021-11-21,YAULIYACU,XRD50U-001,B,0.0,0.0,0.0,COINCIDE OK
2021-11-22|AMERICANA|XRD50U-001|A,2021-11-22,AMERICANA,XRD50U-001,A,0.0,0.0,0.0,COINCIDE OK
2021-11-22|AMERICANA|XRD50U-001|B,2021-11-22,AMERICANA,XRD50U-001,B,0.0,0.0,0.0,COINCIDE OK
2021-11-22|MOROCOCHA|XRD50U-001|A,2021-11-22,MOROCOCHA,XRD50U-001,A,0.0,0.0,0.0,COINCIDE OK
2021-11-22|MOROCOCHA|XRD50U-001|B,2021-11-22,MOROCOCHA,XRD50U-001,B,0.0,0.0,0.0,COINCIDE OK
2021-11-22|YAULIYACU|XRD50U-001|A,2021-11-22,YAULIYACU,XRD50U-001,A,0.0,0.0,0.0,COINCIDE OK
2021-11-22|YAULIYACU|XRD50U-001|B,2021-11-22,YAULIYACU,XRD50U-001,B,0.0,0.0,0.0,COINCIDE OK
2021-11-23|AMERICANA|XRD50U-001|A,2021-11-23,AMERICANA,XRD50U-001,A,0.0,0.0,0.0,COINCIDE OK
2021-11-23|AMERICANA|XRD50U-001|B,2021-11-23,AMERICANA,XRD50U-001,B,0.0,0.0,0.0,COINCIDE OK
2021-11-23|MOROCOCHA|XRD50U-001|A,2021-11-23,MOROCOCHA,XRD50U-001,A,0.0,0.0,0.0,COINCIDE OK
2021-11-23|MOROCOCHA|XRD50U-001|B,2021-11-23,MOROCOCHA,XRD50U-001,B,0.0,0.0,0.0,COINCIDE OK
2021-11-23|YAULIYACU|XRD50U-001|A,2021-11-23,YAULIYACU,XRD50U-001,A,0.0,0.0,0.0,COINCIDE OK
2021-11-23|YAULIYACU|XRD50U-001|B,2021-11-23,YAULIYACU,XRD50U-001,B,0.0,0.0,0.0,COINCIDE OK
2021-11-24|AMERICANA|XRD50U-001|A,2021-11-24,AMERICANA,XRD50U-001,A,0.0,0.0,0.0,COINCIDE OK
2021-11-24|AMERICANA|XRD50U-001|B,2021-11-24,AMERICANA,XRD50U-001,B,0.0,0.0,0.0,COINCIDE OK
2021-11-24|MOROCOCHA|XRD50U-001|A,2021-11-24,MOROCOCHA,XRD50U-001,A,0.0,0.0,0.0,COINCIDE OK
2021-11-24|MOROCOCHA|XRD50U-001|B,2021-11-24,MOROCOCHA,XRD50U-001,B,0.0,0.0,0.0,COINCIDE OK
2021-11-24|YAULIYACU|XRD50U-001|A,2021-11-24,YAULIYACU,XRD50U-001,A,0.0,0.0,0.0,COINCIDE OK
2021-11-24|YAULIYACU|XRD50U-001|B,2021-11-24,YAULIYACU,XRD50U-001,B,0.0,0.0,0.0,COINCIDE OK
2021-11-25|AMERICANA|XRD50U-001|A,2021-11-25,AMERICANA,XRD50U-001,A,0.0,0.0,0.0,COINCIDE OK
2021-11-25|AMERICANA|XRD50U-001|B,2021-11-25,AMERICANA,XRD50U-001,B,0.0,0.0,0.0,COINCIDE OK
2021-11-25|MOROCOCHA|XRD50U-001|A,2021-11-25,MOROCOCHA,XRD50U-001,A,0.0,0.0,0.0,COINCIDE OK
2021-11-25|MOROCOCHA|XRD50U-001|B,2021-11-25,MOROCOCHA,XRD50U-001,B,0.0,0.0,0.0,COINCIDE OK
2021-11-25|YAULIYACU|XRD50U-001|A,2021-11-25,YAULIYACU,XRD50U-001,A,0.0,0.0,0.0,COINCIDE OK
2021-11-25|YAULIYACU|XRD50U-001|B,2021-11-25,YAULIYACU,XRD50U-001,B,0.0,0.0,0.0,COINCIDE OK
2022-04-26|RAURA|A|A,2022-04-26,RAURA,A,A,0.0,0.0,0.0,COINCIDE OK
2022-04-26|RAURA|B|A,2022-04-26,RAURA,B,A,0.0,0.0,0.0,COINCIDE OK
2022-04-26|RAURA|C|A,2022-04-26,RAURA,C,A,0.0,0.0,0.0,COINCIDE OK
2022-04-27|RAURA|A|A,2022-04-27,RAURA,A,A,0.0,0.0,0.0,COINCIDE OK
2022-04-27|RAURA|A|B,2022-04-27,RAURA,A,B,0.0,0.0,0.0,COINCIDE OK
2022-04-27|RAURA|B|A,2022-04-27,RAURA,B,A,0.0,0.0,0.0,COINCIDE OK
2022-04-27|RAURA|B|B,2022-04-27,RAURA,B,B,0.0,0.0,0.0,COINCIDE OK
2022-04-27|RAURA|C|A,2022-04-27,RAURA,C,A,0.0,0.0,0.0,COINCIDE OK
2022-04-27|RAURA|C|B,2022-04-27,RAURA,C,B,0.0,0.0,0.0,COINCIDE OK
2022-04-28|RAURA|A|A,2022-04-28,RAURA,A,A,0.0,0.0,0.0,COINCIDE OK
2022-04-28|RAURA|A|B,2022-04-28,RAURA,A,B,0.0,0.0,0.0,COINCIDE OK
2022-04-28|RAURA|B|A,2022-04-28,RAURA,B,A,0.0,0.0,0.0,COINCIDE OK
2022-04-28|RAURA|B|B,2022-04-28,RAURA,B,B,0.0,0.0,0.0,COINCIDE OK
2022-04-28|RAURA|C|A,2022-04-28,RAURA,C,A,0.0,0.0,0.0,COINCIDE OK
2022-04-28|RAURA|C|B,2022-04-28,RAURA,C,B,0.0,0.0,0.0,COINCIDE OK
2022-04-29|RAURA|A|A,2022-04-29,RAURA,A,A,0.0,0.0,0.0,COINCIDE OK
2022-04-29|RAURA|A|B,2022-04-29,RAURA,A,B,0.0,0.0,0.0,COINCIDE OK
2022-04-29|RAURA|B|A,2022-04-29,RAURA,B,A,0.0,0.0,0.0,COINCIDE OK
2022-04-29|RAURA|B|B,2022-04-29,RAURA,B,B,0.0,0.0,0.0,COINCIDE OK
2022-04-29|RAURA|C|A,2022-04-29,RAURA,C,A,0.0,0.0,0.0,COINCIDE OK
2022-04-29|RAURA|C|B,2022-04-29,RAURA,C,B,0.0,0.0,0.0,COINCIDE OK
2022-04-30|RAURA|A|A,2022-04-30,RAURA,A,A,0.0,0.0,0.0,COINCIDE OK
2022-04-30|RAURA|A|B,2022-04-30,RAURA,A,B,0.0,0.0,0.0,COINCIDE OK
2022-04-30|RAURA|B|A,2022-04-30,RAURA,B,A,0.0,0.0,0.0,COINCIDE OK
2022-04-30|RAURA|B|B,2022-04-30,RAURA,B,B,0.0,0.0,0.0,COINCIDE OK
2022-04-30|RAURA|C|A,2022-04-30,RAURA,C,A,0.0,0.0,0.0,COINCIDE OK
2022-04-30|RAURA|C|B,2022-04-30,RAURA,C,B,0.0,0.0,0.0,COINCIDE OK
2022-05-01|RAURA|A|A,2022-05-01,RAURA,A,A,0.0,0.0,0.0,COINCIDE OK
2022-05-01|RAURA|A|B,2022-05-01,RAURA,A,B,0.0,0.0,0.0,COINCIDE OK
2022-05-01|RAURA|B|A,2022-05-01,RAURA,B,A,0.0,0.0,0.0,COINCIDE OK
2022-05-01|RAURA|B|B,2022-05-01,RAURA,B,B,0.0,0.0,0.0,COINCIDE OK
2022-05-01|RAURA|C|A,2022-05-01,RAURA,C,A,0.0,0.0,0.0,COINCIDE OK
2022-05-01|RAURA|C|B,2022-05-01,RAURA,C,B,0.0,0.0,0.0,COINCIDE OK
2022-05-02|RAURA|A|A,2022-05-02,RAURA,A,A,0.0,0.0,0.0,COINCIDE OK
2022-05-02|RAURA|A|B,2022-05-02,RAURA,A,B,0.0,0.0,0.0,COINCIDE OK
2022-05-02|RAURA|B|A,2022-05-02,RAURA,B,A,0.0,0.0,0.0,COINCIDE OK
2022-05-02|RAURA|B|B,2022-05-02,RAURA,B,B,0.0,0.0,0.0,COINCIDE OK
2022-05-02|RAURA|C|A,2022-05-02,RAURA,C,A,0.0,0.0,0.0,COINCIDE OK
2022-05-02|RAURA|C|B,2022-05-02,RAURA,C,B,0.0,0.0,0.0,COINCIDE OK
2022-05-03|RAURA|A|A,2022-05-03,RAURA,A,A,0.0,0.0,0.0,COINCIDE OK
2022-05-03|RAURA|A|B,2022-05-03,RAURA,A,B,0.0,0.0,0.0,COINCIDE OK
2022-05-03|RAURA|B|A,2022-05-03,RAURA,B,A,0.0,0.0,0.0,COINCIDE OK
2022-05-03|RAURA|B|B,2022-05-03,RAURA,B,B,0.0,0.0,0.0,COINCIDE OK
2022-05-03|RAURA|C|A,2022-05-03,RAURA,C,A,0.0,0.0,0.0,COINCIDE OK
2022-05-03|RAURA|C|B,2022-05-03,RAURA,C,B,0.0,0.0,0.0,COINCIDE OK
2022-05-04|RAURA|A|A,2022-05-04,RAURA,A,A,0.0,0.0,0.0,COINCIDE OK
2022-05-04|RAURA|A|B,2022-05-04,RAURA,A,B,0.0,0.0,0.0,COINCIDE OK
2022-05-04|RAURA|B|A,2022-05-04,RAURA,B,A,0.0,0.0,0.0,COINCIDE OK
2022-05-04|RAURA|B|B,2022-05-04,RAURA,B,B,0.0,0.0,0.0,COINCIDE OK
2022-05-04|RAURA|C|A,2022-05-04,RAURA,C,A,0.0,0.0,0.0,COINCIDE OK
2022-05-04|RAURA|C|B,2022-05-04,RAURA,C,B,0.0,0.0,0.0,COINCIDE OK
2022-05-05|RAURA|A|A,2022-05-05,RAURA,A,A,0.0,0.0,0.0,COINCIDE OK
2022-05-05|RAURA|A|B,2022-05-05,RAURA,A,B,0.0,0.0,0.0,COINCIDE OK
2022-05-05|RAURA|B|A,2022-05-05,RAURA,B,A,0.0,0.0,0.0,COINCIDE OK
2022-05-05|RAURA|B|B,2022-05-05,RAURA,B,B,0.0,0.0,0.0,COINCIDE OK
2022-05-05|RAURA|C|A,2022-05-05,RAURA,C,A,0.0,0.0,0.0,COINCIDE OK
2022-05-05|RAURA|C|B,2022-05-05,RAURA,C,B,0.0,0.0,0.0,COINCIDE OK
2022-05-06|RAURA|A|A,2022-05-06,RAURA,A,A,0.0,0.0,0.0,COINCIDE OK
2022-05-06|RAURA|A|B,2022-05-06,RAURA,A,B,0.0,0.0,0.0,COINCIDE OK
2022-05-06|RAURA|B|A,2022-05-06,RAURA,B,A,0.0,0.0,0.0,COINCIDE OK
2022-05-06|RAURA|B|B,2022-05-06,RAURA,B,B,0.0,0.0,0.0,COINCIDE OK
2022-05-06|RAURA|C|A,2022-05-06,RAURA,C,A,0.0,0.0,0.0,COINCIDE OK
2022-05-06|RAURA|C|B,2022-05-06,RAURA,C,B,0.0,0.0,0.0,COINCIDE OK
2022-05-07|RAURA|A|A,2022-05-07,RAURA,A,A,0.0,0.0,0.0,COINCIDE OK
2022-05-07|RAURA|A|B,2022-05-07,RAURA,A,B,0.0,0.0,0.0,COINCIDE OK
2022-05-07|RAURA|B|A,2022-05-07,RAURA,B,A,0.0,0.0,0.0,COINCIDE OK
2022-05-07|RAURA|B|B,2022-05-07,RAURA,B,B,0.0,0.0,0.0,COINCIDE OK
2022-05-07|RAURA|C|A,2022-05-07,RAURA,C,A,0.0,0.0,0.0,COINCIDE OK
2022-05-07|RAURA|C|B,2022-05-07,RAURA,C,B,0.0,0.0,0.0,COINCIDE OK
2022-05-08|RAURA|A|A,2022-05-08,RAURA,A,A,0.0,0.0,0.0,COINCIDE OK
2022-05-08|RAURA|A|B,2022-05-08,RAURA,A,B,0.0,0.0,0.0,COINCIDE OK
2022-05-08|RAURA|B|A,2022-05-08,RAURA,B,A,0.0,0.0,0.0,COINCIDE OK
2022-05-08|RAURA|B|B,2022-05-08,RAURA,B,B,0.0,0.0,0.0,COINCIDE OK
2022-05-08|RAURA|C|A,2022-05-08,RAURA,C,A,0.0,0.0,0.0,COINCIDE OK
2022-05-08|RAURA|C|B,2022-05-08,RAURA,C,B,0.0,0.0,0.0,COINCIDE OK
2022-05-09|RAURA|A|A,2022-05-09,RAURA,A,A,0.0,0.0,0.0,COINCIDE OK
2022-05-09|RAURA|A|B,2022-05-09,RAURA,A,B,0.0,0.0,0.0,COINCIDE OK
2022-05-09|RAURA|B|A,2022-05-09,RAURA,B,A,0.0,0.0,0.0,COINCIDE OK
2022-05-09|RAURA|B|B,2022-05-09,RAURA,B,B,0.0,0.0,0.0,COINCIDE OK
2022-05-09|RAURA|C|A,2022-05-09,RAURA,C,A,0.0,0.0,0.0,COINCIDE OK
2022-05-09|RAURA|C|B,2022-05-09,RAURA,C,B,0.0,0.0,0.0,COINCIDE OK
2022-05-10|RAURA|A|A,2022-05-10,RAURA,A,A,0.0,0.0,0.0,COINCIDE OK
2022-05-10|RAURA|A|B,2022-05-10,RAURA,A,B,0.0,0.0,0.0,COINCIDE OK
2022-05-10|RAURA|B|A,2022-05-10,RAURA,B,A,0.0,0.0,0.0,COINCIDE OK
2022-05-10|RAURA|B|B,2022-05-10,RAURA,B,B,0.0,0.0,0.0,COINCIDE OK
2022-05-10|RAURA|C|A,2022-05-10,RAURA,C,A,0.0,0.0,0.0,COINCIDE OK
2022-05-10|RAURA|C|B,2022-05-10,RAURA,C,B,0.0,0.0,0.0,COINCIDE OK
2022-05-11|RAURA|A|A,2022-05-11,RAURA,A,A,0.0,0.0,0.0,COINCIDE OK
2022-05-11|RAURA|A|B,2022-05-11,RAURA,A,B,0.0,0.0,0.0,COINCIDE OK
2022-05-11|RAURA|B|A,2022-05-11,RAURA,B,A,0.0,0.0,0.0,COINCIDE OK
2022-05-11|RAURA|B|B,2022-05-11,RAURA,B,B,0.0,0.0,0.0,COINCIDE OK
2022-05-11|RAURA|C|A,2022-05-11,RAURA,C,A,0.0,0.0,0.0,COINCIDE OK
2022-05-11|RAURA|C|B,2022-05-11,RAURA,C,B,0.0,0.0,0.0,COINCIDE OK
2022-05-12|RAURA|A|A,2022-05-12,RAURA,A,A,0.0,0.0,0.0,COINCIDE OK
2022-05-12|RAURA|A|B,2022-05-12,RAURA,A,B,0.0,0.0,0.0,COINCIDE OK
2022-05-12|RAURA|B|A,2022-05-12,RAURA,B,A,0.0,0.0,0.0,COINCIDE OK
2022-05-12|RAURA|B|B,2022-05-12,RAURA,B,B,0.0,0.0,0.0,COINCIDE OK
2022-05-12|RAURA|C|A,2022-05-12,RAURA,C,A,0.0,0.0,0.0,COINCIDE OK
2022-05-12|RAURA|C|B,2022-05-12,RAURA,C,B,0.0,0.0,0.0,COINCIDE OK
2022-05-13|RAURA|A|A,2022-05-13,RAURA,A,A,0.0,0.0,0.0,COINCIDE OK
2022-05-13|RAURA|A|B,2022-05-13,RAURA,A,B,0.0,0.0,0.0,COINCIDE OK
2022-05-13|RAURA|B|A,2022-05-13,RAURA,B,A,0.0,0.0,0.0,COINCIDE OK
2022-05-13|RAURA|B|B,2022-05-13,RAURA,B,B,0.0,0.0,0.0,COINCIDE OK
2022-05-13|RAURA|C|A,2022-05-13,RAURA,C,A,0.0,0.0,0.0,COINCIDE OK
2022-05-13|RAURA|C|B,2022-05-13,RAURA,C,B,0.0,0.0,0.0,COINCIDE OK
2022-05-14|RAURA|A|A,2022-05-14,RAURA,A,A,0.0,0.0,0.0,COINCIDE OK
2022-05-14|RAURA|A|B,2022-05-14,RAURA,A,B,0.0,0.0,0.0,COINCIDE OK
2022-05-14|RAURA|B|A,2022-05-14,RAURA,B,A,0.0,0.0,0.0,COINCIDE OK
2022-05-14|RAURA|B|B,2022-05-14,RAURA,B,B,0.0,0.0,0.0,COINCIDE OK
2022-05-14|RAURA|C|A,2022-05-14,RAURA,C,A,0.0,0.0,0.0,COINCIDE OK
2022-05-14|RAURA|C|B,2022-05-14,RAURA,C,B,0.0,0.0,0.0,COINCIDE OK
2022-05-15|RAURA|A|A,2022-05-15,RAURA,A,A,0.0,0.0,0.0,COINCIDE OK
2022-05-15|RAURA|A|B,2022-05-15,RAURA,A,B,0.0,0.0,0.0,COINCIDE OK
2022-05-15|RAURA|B|A,2022-05-15,RAURA,B,A,0.0,0.0,0.0,COINCIDE OK
2022-05-15|RAURA|B|B,2022-05-15,RAURA,B,B,0.0,0.0,0.0,COINCIDE OK
2022-05-15|RAURA|C|A,2022-05-15,RAURA,C,A,0.0,0.0,0.0,COINCIDE OK
2022-05-15|RAURA|C|B,2022-05-15,RAURA,C,B,0.0,0.0,0.0,COINCIDE OK
2022-05-16|RAURA|A|A,2022-05-16,RAURA,A,A,0.0,0.0,0.0,COINCIDE OK
2022-05-16|RAURA|A|B,2022-05-16,RAURA,A,B,0.0,0.0,0.0,COINCIDE OK
2022-05-16|RAURA|B|A,2022-05-16,RAURA,B,A,0.0,0.0,0.0,COINCIDE OK
2022-05-16|RAURA|B|B,2022-05-16,RAURA,B,B,0.0,0.0,0.0,COINCIDE OK
2022-05-16|RAURA|C|A,2022-05-16,RAURA,C,A,0.0,0.0,0.0,COINCIDE OK
2022-05-16|RAURA|C|B,2022-05-16,RAURA,C,B,0.0,0.0,0.0,COINCIDE OK
2022-05-17|RAURA|A|A,2022-05-17,RAURA,A,A,0.0,0.0,0.0,COINCIDE OK
2022-05-17|RAURA|A|B,2022-05-17,RAURA,A,B,0.0,0.0,0.0,COINCIDE OK
2022-05-17|RAURA|B|A,2022-05-17,RAURA,B,A,0.0,0.0,0.0,COINCIDE OK
2022-05-17|RAURA|B|B,2022-05-17,RAURA,B,B,0.0,0.0,0.0,COINCIDE OK
2022-05-17|RAURA|C|A,2022-05-17,RAURA,C,A,0.0,0.0,0.0,COINCIDE OK
2022-05-17|RAURA|C|B,2022-05-17,RAURA,C,B,0.0,0.0,0.0,COINCIDE OK
2022-05-18|RAURA|A|A,2022-05-18,RAURA,A,A,0.0,0.0,0.0,COINCIDE OK
2022-05-18|RAURA|A|B,2022-05-18,RAURA,A,B,0.0,0.0,0.0,COINCIDE OK
2022-05-18|RAURA|B|A,2022-05-18,RAURA,B,A,0.0,0.0,0.0,COINCIDE OK
2022-05-18|RAURA|B|B,2022-05-18,RAURA,B,B,0.0,0.0,0.0,COINCIDE OK
2022-05-18|RAURA|C|A,2022-05-18,RAURA,C,A,0.0,0.0,0.0,COINCIDE OK
2022-05-18|RAURA|C|B,2022-05-18,RAURA,C,B,0.0,0.0,0.0,COINCIDE OK
2022-05-19|RAURA|A|A,2022-05-19,RAURA,A,A,0.0,0.0,0.0,COINCIDE OK
2022-05-19|RAURA|A|B,2022-05-19,RAURA,A,B,0.0,0.0,0.0,COINCIDE OK
2022-05-19|RAURA|B|A,2022-05-19,RAURA,B,A,0.0,0.0,0.0,COINCIDE OK
2022-05-19|RAURA|B|B,2022-05-19,RAURA,B,B,0.0,0.0,0.0,COINCIDE OK
2022-05-19|RAURA|C|A,2022-05-19,RAURA,C,A,0.0,0.0,0.0,COINCIDE OK
2022-05-19|RAURA|C|B,2022-05-19,RAURA,C,B,0.0,0.0,0.0,COINCIDE OK
2022-05-20|RAURA|A|A,2022-05-20,RAURA,A,A,0.0,0.0,0.0,COINCIDE OK
2022-05-20|RAURA|A|B,2022-05-20,RAURA,A,B,0.0,0.0,0.0,COINCIDE OK
2022-05-20|RAURA|B|A,2022-05-20,RAURA,B,A,0.0,0.0,0.0,COINCIDE OK
2022-05-20|RAURA|B|B,2022-05-20,RAURA,B,B,0.0,0.0,0.0,COINCIDE OK
2022-05-20|RAURA|C|A,2022-05-20,RAURA,C,A,0.0,0.0,0.0,COINCIDE OK
2022-05-20|RAURA|C|B,2022-05-20,RAURA,C,B,0.0,0.0,0.0,COINCIDE OK
2022-05-21|RAURA|A|A,2022-05-21,RAURA,A,A,0.0,0.0,0.0,COINCIDE OK
2022-05-21|RAURA|A|B,2022-05-21,RAURA,A,B,0.0,0.0,0.0,COINCIDE OK
2022-05-21|RAURA|B|A,2022-05-21,RAURA,B,A,0.0,0.0,0.0,COINCIDE OK
2022-05-21|RAURA|B|B,2022-05-21,RAURA,B,B,0.0,0.0,0.0,COINCIDE OK
2022-05-21|RAURA|C|A,2022-05-21,RAURA,C,A,0.0,0.0,0.0,COINCIDE OK
2022-05-21|RAURA|C|B,2022-05-21,RAURA,C,B,0.0,0.0,0.0,COINCIDE OK
2022-05-22|RAURA|A|A,2022-05-22,RAURA,A,A,0.0,0.0,0.0,COINCIDE OK
2022-05-22|RAURA|A|B,2022-05-22,RAURA,A,B,0.0,0.0,0.0,COINCIDE OK
2022-05-22|RAURA|B|A,2022-05-22,RAURA,B,A,0.0,0.0,0.0,COINCIDE OK
2022-05-22|RAURA|B|B,2022-05-22,RAURA,B,B,0.0,0.0,0.0,COINCIDE OK
2022-05-22|RAURA|C|A,2022-05-22,RAURA,C,A,0.0,0.0,0.0,COINCIDE OK
2022-05-22|RAURA|C|B,2022-05-22,RAURA,C,B,0.0,0.0,0.0,COINCIDE OK
2022-05-23|RAURA|A|A,2022-05-23,RAURA,A,A,0.0,0.0,0.0,COINCIDE OK
2022-05-23|RAURA|A|B,2022-05-23,RAURA,A,B,0.0,0.0,0.0,COINCIDE OK
2022-05-23|RAURA|C|A,2022-05-23,RAURA,C,A,0.0,0.0,0.0,COINCIDE OK
2022-05-23|RAURA|C|B,2022-05-23,RAURA,C,B,0.0,0.0,0.0,COINCIDE OK
2022-05-24|RAURA|A|A,2022-05-24,RAURA,A,A,0.0,0.0,0.0,COINCIDE OK
2022-05-24|RAURA|A|B,2022-05-24,RAURA,A,B,0.0,0.0,0.0,COINCIDE OK
2022-05-24|RAURA|C|A,2022-05-24,RAURA,C,A,0.0,0.0,0.0,COINCIDE OK
2022-05-24|RAURA|C|B,2022-05-24,RAURA,C,B,0.0,0.0,0.0,COINCIDE OK
2022-05-25|RAURA|A|A,2022-05-25,RAURA,A,A,0.0,0.0,0.0,COINCIDE OK
2022-05-25|RAURA|A|B,2022-05-25,RAURA,A,B,0.0,0.0,0.0,COINCIDE OK
2022-05-26|ANDAYCHAGUA|XRD90U-001|A,2022-05-26,ANDAYCHAGUA,XRD90U-001,A,0.0,0.0,0.0,COINCIDE OK
2022-05-26|RAURA|A|A,2022-05-26,RAURA,A,A,0.0,0.0,0.0,COINCIDE OK
2022-05-26|RAURA|A|B,2022-05-26,RAURA,A,B,0.0,0.0,0.0,COINCIDE OK
2022-05-26|RAURA|B|A,2022-05-26,RAURA,B,A,0.0,0.0,0.0,COINCIDE OK
2022-05-26|RAURA|B|B,2022-05-26,RAURA,B,B,0.0,0.0,0.0,COINCIDE OK
2022-05-26|RAURA|C|A,2022-05-26,RAURA,C,A,0.0,0.0,0.0,COINCIDE OK
2022-05-26|RAURA|C|B,2022-05-26,RAURA,C,B,0.0,0.0,0.0,COINCIDE OK
2022-05-27|ANDAYCHAGUA|XRD90U-001|A,2022-05-27,ANDAYCHAGUA,XRD90U-001,A,0.0,0.0,0.0,COINCIDE OK
2022-05-27|ANDAYCHAGUA|XRD90U-001|B,2022-05-27,ANDAYCHAGUA,XRD90U-001,B,0.0,0.0,0.0,COINCIDE OK
2022-05-28|ANDAYCHAGUA|XRD90U-001|A,2022-05-28,ANDAYCHAGUA,XRD90U-001,A,0.0,0.0,0.0,COINCIDE OK
2022-05-28|ANDAYCHAGUA|XRD90U-001|B,2022-05-28,ANDAYCHAGUA,XRD90U-001,B,0.0,0.0,0.0,COINCIDE OK
2022-05-29|ANDAYCHAGUA|XRD90U-001|A,2022-05-29,ANDAYCHAGUA,XRD90U-001,A,0.0,0.0,0.0,COINCIDE OK
2022-05-29|ANDAYCHAGUA|XRD90U-001|B,2022-05-29,ANDAYCHAGUA,XRD90U-001,B,0.0,0.0,0.0,COINCIDE OK
2022-05-30|ANDAYCHAGUA|XRD90U-001|A,2022-05-30,ANDAYCHAGUA,XRD90U-001,A,0.0,0.0,0.0,COINCIDE OK
2022-05-30|ANDAYCHAGUA|XRD90U-001|B,2022-05-30,ANDAYCHAGUA,XRD90U-001,B,0.0,0.0,0.0,COINCIDE OK
2022-05-31|ANDAYCHAGUA|XRD90U-001|A,2022-05-31,ANDAYCHAGUA,XRD90U-001,A,0.0,0.0,0.0,COINCIDE OK
2022-05-31|ANDAYCHAGUA|XRD90U-001|B,2022-05-31,ANDAYCHAGUA,XRD90U-001,B,0.0,0.0,0.0,COINCIDE OK
2022-06-01|ANDAYCHAGUA|XRD90U-001|A,2022-06-01,ANDAYCHAGUA,XRD90U-001,A,0.0,0.0,0.0,COINCIDE OK
2022-06-01|ANDAYCHAGUA|XRD90U-001|B,2022-06-01,ANDAYCHAGUA,XRD90U-001,B,0.0,0.0,0.0,COINCIDE OK
2022-06-02|ANDAYCHAGUA|XRD90U-001|A,2022-06-02,ANDAYCHAGUA,XRD90U-001,A,0.0,0.0,0.0,COINCIDE OK
2022-06-02|ANDAYCHAGUA|XRD90U-001|B,2022-06-02,ANDAYCHAGUA,XRD90U-001,B,0.0,0.0,0.0,COINCIDE OK
2022-06-03|ANDAYCHAGUA|XRD90U-001|A,2022-06-03,ANDAYCHAGUA,XRD90U-001,A,0.0,0.0,0.0,COINCIDE OK
2022-06-03|ANDAYCHAGUA|XRD90U-001|B,2022-06-03,ANDAYCHAGUA,XRD90U-001,B,0.0,0.0,0.0,COINCIDE OK
2022-06-04|ANDAYCHAGUA|XRD90U-001|A,2022-06-04,ANDAYCHAGUA,XRD90U-001,A,0.0,0.0,0.0,COINCIDE OK
2022-06-04|ANDAYCHAGUA|XRD90U-001|B,2022-06-04,ANDAYCHAGUA,XRD90U-001,B,0.0,0.0,0.0,COINCIDE OK
2022-06-05|ANDAYCHAGUA|XRD90U-001|A,2022-06-05,ANDAYCHAGUA,XRD90U-001,A,0.0,0.0,0.0,COINCIDE OK
2022-06-05|ANDAYCHAGUA|XRD90U-001|B,2022-06-05,ANDAYCHAGUA,XRD90U-001,B,0.0,0.0,0.0,COINCIDE OK
2022-06-06|ANDAYCHAGUA|XRD90U-001|A,2022-06-06,ANDAYCHAGUA,XRD90U-001,A,0.0,0.0,0.0,COINCIDE OK
2022-06-06|ANDAYCHAGUA|XRD90U-001|B,2022-06-06,ANDAYCHAGUA,XRD90U-001,B,0.0,0.0,0.0,COINCIDE OK
2022-06-07|ANDAYCHAGUA|XRD90U-001|A,2022-06-07,ANDAYCHAGUA,XRD90U-001,A,0.0,0.0,0.0,COINCIDE OK
2022-06-07|ANDAYCHAGUA|XRD90U-001|B,2022-06-07,ANDAYCHAGUA,XRD90U-001,B,0.0,0.0,0.0,COINCIDE OK
2022-06-08|ANDAYCHAGUA|XRD90U-001|A,2022-06-08,ANDAYCHAGUA,XRD90U-001,A,0.0,0.0,0.0,COINCIDE OK
2022-06-08|ANDAYCHAGUA|XRD90U-001|B,2022-06-08,ANDAYCHAGUA,XRD90U-001,B,0.0,0.0,0.0,COINCIDE OK
2022-06-09|ANDAYCHAGUA|XRD90U-001|A,2022-06-09,ANDAYCHAGUA,XRD90U-001,A,0.0,0.0,0.0,COINCIDE OK
2022-06-09|ANDAYCHAGUA|XRD90U-001|B,2022-06-09,ANDAYCHAGUA,XRD90U-001,B,0.0,0.0,0.0,COINCIDE OK
2022-06-10|ANDAYCHAGUA|XRD90U-001|A,2022-06-10,ANDAYCHAGUA,XRD90U-001,A,0.0,0.0,0.0,COINCIDE OK
2022-06-10|ANDAYCHAGUA|XRD90U-001|B,2022-06-10,ANDAYCHAGUA,XRD90U-001,B,0.0,0.0,0.0,COINCIDE OK
2022-06-11|ANDAYCHAGUA|XRD90U-001|A,2022-06-11,ANDAYCHAGUA,XRD90U-001,A,0.0,0.0,0.0,COINCIDE OK
2022-06-11|ANDAYCHAGUA|XRD90U-001|B,2022-06-11,ANDAYCHAGUA,XRD90U-001,B,0.0,0.0,0.0,COINCIDE OK
2022-06-12|ANDAYCHAGUA|XRD90U-001|A,2022-06-12,ANDAYCHAGUA,XRD90U-001,A,0.0,0.0,0.0,COINCIDE OK
2022-06-12|ANDAYCHAGUA|XRD90U-001|B,2022-06-12,ANDAYCHAGUA,XRD90U-001,B,0.0,0.0,0.0,COINCIDE OK
2022-06-13|ANDAYCHAGUA|XRD90U-001|A,2022-06-13,ANDAYCHAGUA,XRD90U-001,A,0.0,0.0,0.0,COINCIDE OK
2022-06-13|ANDAYCHAGUA|XRD90U-001|B,2022-06-13,ANDAYCHAGUA,XRD90U-001,B,0.0,0.0,0.0,COINCIDE OK
2022-06-14|ANDAYCHAGUA|XRD90U-001|A,2022-06-14,ANDAYCHAGUA,XRD90U-001,A,0.0,0.0,0.0,COINCIDE OK
2022-06-14|ANDAYCHAGUA|XRD90U-001|B,2022-06-14,ANDAYCHAGUA,XRD90U-001,B,0.0,0.0,0.0,COINCIDE OK
2022-06-15|ANDAYCHAGUA|XRD90U-001|A,2022-06-15,ANDAYCHAGUA,XRD90U-001,A,0.0,0.0,0.0,COINCIDE OK
2022-06-15|ANDAYCHAGUA|XRD90U-001|B,2022-06-15,ANDAYCHAGUA,XRD90U-001,B,0.0,0.0,0.0,COINCIDE OK
2022-06-16|ANDAYCHAGUA|XRD90U-001|A,2022-06-16,ANDAYCHAGUA,XRD90U-001,A,0.0,0.0,0.0,COINCIDE OK
2022-06-16|ANDAYCHAGUA|XRD90U-001|B,2022-06-16,ANDAYCHAGUA,XRD90U-001,B,0.0,0.0,0.0,COINCIDE OK
2022-06-17|ANDAYCHAGUA|XRD90U-001|A,2022-06-17,ANDAYCHAGUA,XRD90U-001,A,0.0,0.0,0.0,COINCIDE OK
2022-06-17|ANDAYCHAGUA|XRD90U-001|B,2022-06-17,ANDAYCHAGUA,XRD90U-001,B,0.0,0.0,0.0,COINCIDE OK
2022-06-18|ANDAYCHAGUA|XRD90U-001|A,2022-06-18,ANDAYCHAGUA,XRD90U-001,A,0.0,0.0,0.0,COINCIDE OK
2022-06-18|ANDAYCHAGUA|XRD90U-001|B,2022-06-18,ANDAYCHAGUA,XRD90U-001,B,0.0,0.0,0.0,COINCIDE OK
2022-06-19|ANDAYCHAGUA|XRD90U-001|A,2022-06-19,ANDAYCHAGUA,XRD90U-001,A,0.0,0.0,0.0,COINCIDE OK
2022-06-19|ANDAYCHAGUA|XRD90U-001|B,2022-06-19,ANDAYCHAGUA,XRD90U-001,B,0.0,0.0,0.0,COINCIDE OK
2022-06-20|ANDAYCHAGUA|XRD90U-001|A,2022-06-20,ANDAYCHAGUA,XRD90U-001,A,0.0,0.0,0.0,COINCIDE OK
2022-06-20|ANDAYCHAGUA|XRD90U-001|B,2022-06-20,ANDAYCHAGUA,XRD90U-001,B,0.0,0.0,0.0,COINCIDE OK
2022-06-21|ANDAYCHAGUA|XRD90U-001|A,2022-06-21,ANDAYCHAGUA,XRD90U-001,A,0.0,0.0,0.0,COINCIDE OK
2022-06-21|ANDAYCHAGUA|XRD90U-001|B,2022-06-21,ANDAYCHAGUA,XRD90U-001,B,0.0,0.0,0.0,COINCIDE OK
2022-07-26|CHUNGAR|XRD55USS-001|A,2022-07-26,CHUNGAR,XRD55USS-001,A,0.0,0.0,0.0,COINCIDE OK
2022-07-27|CHUNGAR|XRD55USS-001|A,2022-07-27,CHUNGAR,XRD55USS-001,A,0.0,0.0,0.0,COINCIDE OK
2022-07-27|CHUNGAR|XRD55USS-001|B,2022-07-27,CHUNGAR,XRD55USS-001,B,0.0,0.0,0.0,COINCIDE OK
2022-07-28|CHUNGAR|XRD55USS-001|A,2022-07-28,CHUNGAR,XRD55USS-001,A,0.0,0.0,0.0,COINCIDE OK
2022-07-28|CHUNGAR|XRD55USS-001|B,2022-07-28,CHUNGAR,XRD55USS-001,B,0.0,0.0,0.0,COINCIDE OK
2022-07-29|CHUNGAR|XRD55USS-001|A,2022-07-29,CHUNGAR,XRD55USS-001,A,0.0,0.0,0.0,COINCIDE OK
2022-07-29|CHUNGAR|XRD55USS-001|B,2022-07-29,CHUNGAR,XRD55USS-001,B,0.0,0.0,0.0,COINCIDE OK
2022-07-30|CHUNGAR|XRD55USS-001|A,2022-07-30,CHUNGAR,XRD55USS-001,A,0.0,0.0,0.0,COINCIDE OK
2022-07-30|CHUNGAR|XRD55USS-001|B,2022-07-30,CHUNGAR,XRD55USS-001,B,0.0,0.0,0.0,COINCIDE OK
2022-07-31|CHUNGAR|XRD55USS-001|A,2022-07-31,CHUNGAR,XRD55USS-001,A,0.0,0.0,0.0,COINCIDE OK
2022-07-31|CHUNGAR|XRD55USS-001|B,2022-07-31,CHUNGAR,XRD55USS-001,B,0.0,0.0,0.0,COINCIDE OK
2022-08-01|CHUNGAR|XRD55USS-001|A,2022-08-01,CHUNGAR,XRD55USS-001,A,0.0,0.0,0.0,COINCIDE OK
2022-08-01|CHUNGAR|XRD55USS-001|B,2022-08-01,CHUNGAR,XRD55USS-001,B,0.0,0.0,0.0,COINCIDE OK
2022-08-02|CHUNGAR|XRD55USS-001|A,2022-08-02,CHUNGAR,XRD55USS-001,A,0.0,0.0,0.0,COINCIDE OK
2022-08-02|CHUNGAR|XRD55USS-001|B,2022-08-02,CHUNGAR,XRD55USS-001,B,0.0,0.0,0.0,COINCIDE OK
2022-08-03|CHUNGAR|XRD55USS-001|A,2022-08-03,CHUNGAR,XRD55USS-001,A,0.0,0.0,0.0,COINCIDE OK
2022-08-03|CHUNGAR|XRD55USS-001|B,2022-08-03,CHUNGAR,XRD55USS-001,B,0.0,0.0,0.0,COINCIDE OK
2022-08-04|CHUNGAR|XRD55USS-001|A,2022-08-04,CHUNGAR,XRD55USS-001,A,0.0,0.0,0.0,COINCIDE OK
2022-08-04|CHUNGAR|XRD55USS-001|B,2022-08-04,CHUNGAR,XRD55USS-001,B,0.0,0.0,0.0,COINCIDE OK
2022-08-05|CHUNGAR|XRD55USS-001|A,2022-08-05,CHUNGAR,XRD55USS-001,A,0.0,0.0,0.0,COINCIDE OK
2022-08-05|CHUNGAR|XRD55USS-001|B,2022-08-05,CHUNGAR,XRD55USS-001,B,0.0,0.0,0.0,COINCIDE OK
2022-08-06|CHUNGAR|XRD55USS-001|A,2022-08-06,CHUNGAR,XRD55USS-001,A,0.0,0.0,0.0,COINCIDE OK
2022-08-06|CHUNGAR|XRD55USS-001|B,2022-08-06,CHUNGAR,XRD55USS-001,B,0.0,0.0,0.0,COINCIDE OK
2022-08-07|CHUNGAR|XRD55USS-001|A,2022-08-07,CHUNGAR,XRD55USS-001,A,0.0,0.0,0.0,COINCIDE OK
2022-08-07|CHUNGAR|XRD55USS-001|B,2022-08-07,CHUNGAR,XRD55USS-001,B,0.0,0.0,0.0,COINCIDE OK
2022-08-08|CHUNGAR|XRD55USS-001|A,2022-08-08,CHUNGAR,XRD55USS-001,A,0.0,0.0,0.0,COINCIDE OK
2022-08-08|CHUNGAR|XRD55USS-001|B,2022-08-08,CHUNGAR,XRD55USS-001,B,0.0,0.0,0.0,COINCIDE OK
2022-08-09|CHUNGAR|XRD55USS-001|A,2022-08-09,CHUNGAR,XRD55USS-001,A,0.0,0.0,0.0,COINCIDE OK
2022-08-09|CHUNGAR|XRD55USS-001|B,2022-08-09,CHUNGAR,XRD55USS-001,B,0.0,0.0,0.0,COINCIDE OK
2022-08-10|CHUNGAR|XRD55USS-001|A,2022-08-10,CHUNGAR,XRD55USS-001,A,0.0,0.0,0.0,COINCIDE OK
2022-08-10|CHUNGAR|XRD55USS-001|B,2022-08-10,CHUNGAR,XRD55USS-001,B,0.0,0.0,0.0,COINCIDE OK
2022-08-11|CHUNGAR|XRD55USS-001|A,2022-08-11,CHUNGAR,XRD55USS-001,A,0.0,0.0,0.0,COINCIDE OK
2022-08-11|CHUNGAR|XRD55USS-001|B,2022-08-11,CHUNGAR,XRD55USS-001,B,0.0,0.0,0.0,COINCIDE OK
2022-08-12|CHUNGAR|XRD55USS-001|A,2022-08-12,CHUNGAR,XRD55USS-001,A,0.0,0.0,0.0,COINCIDE OK
2022-08-12|CHUNGAR|XRD55USS-001|B,2022-08-12,CHUNGAR,XRD55USS-001,B,0.0,0.0,0.0,COINCIDE OK
2022-08-13|CHUNGAR|XRD55USS-001|A,2022-08-13,CHUNGAR,XRD55USS-001,A,0.0,0.0,0.0,COINCIDE OK
2022-08-13|CHUNGAR|XRD55USS-001|B,2022-08-13,CHUNGAR,XRD55USS-001,B,0.0,0.0,0.0,COINCIDE OK
2022-08-14|CHUNGAR|XRD55USS-001|A,2022-08-14,CHUNGAR,XRD55USS-001,A,0.0,0.0,0.0,COINCIDE OK
2022-08-14|CHUNGAR|XRD55USS-001|B,2022-08-14,CHUNGAR,XRD55USS-001,B,0.0,0.0,0.0,COINCIDE OK
2022-08-15|CHUNGAR|XRD55USS-001|A,2022-08-15,CHUNGAR,XRD55USS-001,A,0.0,0.0,0.0,COINCIDE OK
2022-08-15|CHUNGAR|XRD55USS-001|B,2022-08-15,CHUNGAR,XRD55USS-001,B,0.0,0.0,0.0,COINCIDE OK
2022-08-16|CHUNGAR|XRD55USS-001|A,2022-08-16,CHUNGAR,XRD55USS-001,A,0.0,0.0,0.0,COINCIDE OK
2022-08-16|CHUNGAR|XRD55USS-001|B,2022-08-16,CHUNGAR,XRD55USS-001,B,0.0,0.0,0.0,COINCIDE OK
2022-08-17|CHUNGAR|XRD55USS-001|A,2022-08-17,CHUNGAR,XRD55USS-001,A,0.0,0.0,0.0,COINCIDE OK
2022-08-17|CHUNGAR|XRD55USS-001|B,2022-08-17,CHUNGAR,XRD55USS-001,B,0.0,0.0,0.0,COINCIDE OK
2022-08-18|CHUNGAR|XRD55USS-001|A,2022-08-18,CHUNGAR,XRD55USS-001,A,0.0,0.0,0.0,COINCIDE OK
2022-08-18|CHUNGAR|XRD55USS-001|B,2022-08-18,CHUNGAR,XRD55USS-001,B,0.0,0.0,0.0,COINCIDE OK
2022-08-19|CHUNGAR|XRD55USS-001|A,2022-08-19,CHUNGAR,XRD55USS-001,A,0.0,0.0,0.0,COINCIDE OK
2022-08-19|CHUNGAR|XRD55USS-001|B,2022-08-19,CHUNGAR,XRD55USS-001,B,0.0,0.0,0.0,COINCIDE OK
2022-08-20|CHUNGAR|XRD55USS-001|A,2022-08-20,CHUNGAR,XRD55USS-001,A,0.0,0.0,0.0,COINCIDE OK
2022-08-20|CHUNGAR|XRD55USS-001|B,2022-08-20,CHUNGAR,XRD55USS-001,B,0.0,0.0,0.0,COINCIDE OK
2022-08-21|CHUNGAR|XRD55USS-001|A,2022-08-21,CHUNGAR,XRD55USS-001,A,0.0,0.0,0.0,COINCIDE OK
2022-08-21|CHUNGAR|XRD55USS-001|B,2022-08-21,CHUNGAR,XRD55USS-001,B,0.0,0.0,0.0,COINCIDE OK
2022-08-26|CONDESTABLE|XRD90U-012|A,2022-08-26,CONDESTABLE,XRD90U-012,A,0.0,0.0,0.0,COINCIDE OK
2022-08-27|CONDESTABLE|XRD90U-012|A,2022-08-27,CONDESTABLE,XRD90U-012,A,0.0,0.0,0.0,COINCIDE OK
2022-08-27|CONDESTABLE|XRD90U-012|B,2022-08-27,CONDESTABLE,XRD90U-012,B,0.0,0.0,0.0,COINCIDE OK
2022-08-28|CONDESTABLE|XRD90U-012|A,2022-08-28,CONDESTABLE,XRD90U-012,A,0.0,0.0,0.0,COINCIDE OK
2022-08-28|CONDESTABLE|XRD90U-012|B,2022-08-28,CONDESTABLE,XRD90U-012,B,0.0,0.0,0.0,COINCIDE OK
2022-08-29|CONDESTABLE|XRD90U-012|A,2022-08-29,CONDESTABLE,XRD90U-012,A,0.0,0.0,0.0,COINCIDE OK
2022-08-29|CONDESTABLE|XRD90U-012|B,2022-08-29,CONDESTABLE,XRD90U-012,B,0.0,0.0,0.0,COINCIDE OK
2022-08-30|CONDESTABLE|XRD90U-012|A,2022-08-30,CONDESTABLE,XRD90U-012,A,0.0,0.0,0.0,COINCIDE OK
2022-08-30|CONDESTABLE|XRD90U-012|B,2022-08-30,CONDESTABLE,XRD90U-012,B,0.0,0.0,0.0,COINCIDE OK
2022-08-31|CONDESTABLE|XRD90U-012|A,2022-08-31,CONDESTABLE,XRD90U-012,A,0.0,0.0,0.0,COINCIDE OK
2022-08-31|CONDESTABLE|XRD90U-012|B,2022-08-31,CONDESTABLE,XRD90U-012,B,0.0,0.0,0.0,COINCIDE OK
2022-09-01|CONDESTABLE|XRD90U-012|A,2022-09-01,CONDESTABLE,XRD90U-012,A,0.0,0.0,0.0,COINCIDE OK
2022-09-01|CONDESTABLE|XRD90U-012|B,2022-09-01,CONDESTABLE,XRD90U-012,B,0.0,0.0,0.0,COINCIDE OK
2022-09-02|CONDESTABLE|XRD90U-012|A,2022-09-02,CONDESTABLE,XRD90U-012,A,0.0,0.0,0.0,COINCIDE OK
2022-09-02|CONDESTABLE|XRD90U-012|B,2022-09-02,CONDESTABLE,XRD90U-012,B,0.0,0.0,0.0,COINCIDE OK
2022-09-03|CONDESTABLE|XRD90U-012|A,2022-09-03,CONDESTABLE,XRD90U-012,A,0.0,0.0,0.0,COINCIDE OK
2022-09-03|CONDESTABLE|XRD90U-012|B,2022-09-03,CONDESTABLE,XRD90U-012,B,0.0,0.0,0.0,COINCIDE OK
2022-09-04|CONDESTABLE|XRD90U-012|A,2022-09-04,CONDESTABLE,XRD90U-012,A,0.0,0.0,0.0,COINCIDE OK
2022-09-04|CONDESTABLE|XRD90U-012|B,2022-09-04,CONDESTABLE,XRD90U-012,B,0.0,0.0,0.0,COINCIDE OK
2022-09-05|CONDESTABLE|XRD90U-012|A,2022-09-05,CONDESTABLE,XRD90U-012,A,0.0,0.0,0.0,COINCIDE OK
2022-09-05|CONDESTABLE|XRD90U-012|B,2022-09-05,CONDESTABLE,XRD90U-012,B,0.0,0.0,0.0,COINCIDE OK
2022-09-06|CONDESTABLE|XRD90U-012|A,2022-09-06,CONDESTABLE,XRD90U-012,A,0.0,0.0,0.0,COINCIDE OK
2022-09-06|CONDESTABLE|XRD90U-012|B,2022-09-06,CONDESTABLE,XRD90U-012,B,0.0,0.0,0.0,COINCIDE OK
2022-09-07|CONDESTABLE|XRD90U-012|A,2022-09-07,CONDESTABLE,XRD90U-012,A,0.0,0.0,0.0,COINCIDE OK
2022-09-07|CONDESTABLE|XRD90U-012|B,2022-09-07,CONDESTABLE,XRD90U-012,B,0.0,0.0,0.0,COINCIDE OK
2022-09-08|CONDESTABLE|XRD90U-012|A,2022-09-08,CONDESTABLE,XRD90U-012,A,0.0,0.0,0.0,COINCIDE OK
2022-09-08|CONDESTABLE|XRD90U-012|B,2022-09-08,CONDESTABLE,XRD90U-012,B,0.0,0.0,0.0,COINCIDE OK
2022-09-09|CONDESTABLE|XRD90U-012|A,2022-09-09,CONDESTABLE,XRD90U-012,A,0.0,0.0,0.0,COINCIDE OK
2022-09-09|CONDESTABLE|XRD90U-012|B,2022-09-09,CONDESTABLE,XRD90U-012,B,0.0,0.0,0.0,COINCIDE OK
2022-09-10|CONDESTABLE|XRD90U-012|A,2022-09-10,CONDESTABLE,XRD90U-012,A,0.0,0.0,0.0,COINCIDE OK
2022-09-10|CONDESTABLE|XRD90U-012|B,2022-09-10,CONDESTABLE,XRD90U-012,B,0.0,0.0,0.0,COINCIDE OK
2022-09-11|CONDESTABLE|XRD90U-012|A,2022-09-11,CONDESTABLE,XRD90U-012,A,0.0,0.0,0.0,COINCIDE OK
2022-09-11|CONDESTABLE|XRD90U-012|B,2022-09-11,CONDESTABLE,XRD90U-012,B,0.0,0.0,0.0,COINCIDE OK
2022-09-12|CONDESTABLE|XRD90U-012|A,2022-09-12,CONDESTABLE,XRD90U-012,A,0.0,0.0,0.0,COINCIDE OK
2022-09-12|CONDESTABLE|XRD90U-012|B,2022-09-12,CONDESTABLE,XRD90U-012,B,0.0,0.0,0.0,COINCIDE OK
2022-09-13|CONDESTABLE|XRD90U-012|A,2022-09-13,CONDESTABLE,XRD90U-012,A,0.0,0.0,0.0,COINCIDE OK
2022-09-13|CONDESTABLE|XRD90U-012|B,2022-09-13,CONDESTABLE,XRD90U-012,B,0.0,0.0,0.0,COINCIDE OK
2022-09-14|CONDESTABLE|XRD90U-012|A,2022-09-14,CONDESTABLE,XRD90U-012,A,0.0,0.0,0.0,COINCIDE OK
2022-09-14|CONDESTABLE|XRD90U-012|B,2022-09-14,CONDESTABLE,XRD90U-012,B,0.0,0.0,0.0,COINCIDE OK
2022-09-15|CONDESTABLE|XRD90U-012|A,2022-09-15,CONDESTABLE,XRD90U-012,A,0.0,0.0,0.0,COINCIDE OK
2022-09-15|CONDESTABLE|XRD90U-012|B,2022-09-15,CONDESTABLE,XRD90U-012,B,0.0,0.0,0.0,COINCIDE OK
2022-09-16|CONDESTABLE|XRD90U-012|A,2022-09-16,CONDESTABLE,XRD90U-012,A,0.0,0.0,0.0,COINCIDE OK
2022-09-16|CONDESTABLE|XRD90U-012|B,2022-09-16,CONDESTABLE,XRD90U-012,B,0.0,0.0,0.0,COINCIDE OK
2022-09-17|CONDESTABLE|XRD90U-012|A,2022-09-17,CONDESTABLE,XRD90U-012,A,0.0,0.0,0.0,COINCIDE OK
2022-09-17|CONDESTABLE|XRD90U-012|B,2022-09-17,CONDESTABLE,XRD90U-012,B,0.0,0.0,0.0,COINCIDE OK
2022-09-18|CONDESTABLE|XRD90U-012|A,2022-09-18,CONDESTABLE,XRD90U-012,A,0.0,0.0,0.0,COINCIDE OK
2022-09-18|CONDESTABLE|XRD90U-012|B,2022-09-18,CONDESTABLE,XRD90U-012,B,0.0,0.0,0.0,COINCIDE OK
2022-09-19|CONDESTABLE|XRD90U-012|A,2022-09-19,CONDESTABLE,XRD90U-012,A,0.0,0.0,0.0,COINCIDE OK
2022-09-19|CONDESTABLE|XRD90U-012|B,2022-09-19,CONDESTABLE,XRD90U-012,B,0.0,0.0,0.0,COINCIDE OK
2022-09-20|CONDESTABLE|XRD90U-012|A,2022-09-20,CONDESTABLE,XRD90U-012,A,0.0,0.0,0.0,COINCIDE OK
2022-09-20|CONDESTABLE|XRD90U-012|B,2022-09-20,CONDESTABLE,XRD90U-012,B,0.0,0.0,0.0,COINCIDE OK
2022-09-21|CONDESTABLE|XRD90U-012|A,2022-09-21,CONDESTABLE,XRD90U-012,A,0.0,0.0,0.0,COINCIDE OK
2022-09-21|CONDESTABLE|XRD90U-012|B,2022-09-21,CONDESTABLE,XRD90U-012,B,0.0,0.0,0.0,COINCIDE OK
2022-09-22|CONDESTABLE|XRD90U-012|A,2022-09-22,CONDESTABLE,XRD90U-012,A,0.0,0.0,0.0,COINCIDE OK
2022-09-22|CONDESTABLE|XRD90U-012|B,2022-09-22,CONDESTABLE,XRD90U-012,B,0.0,0.0,0.0,COINCIDE OK
2022-09-23|CONDESTABLE|XRD90U-012|A,2022-09-23,CONDESTABLE,XRD90U-012,A,0.0,0.0,0.0,COINCIDE OK
2022-09-23|CONDESTABLE|XRD90U-012|B,2022-09-23,CONDESTABLE,XRD90U-012,B,0.0,0.0,0.0,COINCIDE OK
2022-09-24|CONDESTABLE|XRD90U-012|A,2022-09-24,CONDESTABLE,XRD90U-012,A,0.0,0.0,0.0,COINCIDE OK
2022-09-24|CONDESTABLE|XRD90U-012|B,2022-09-24,CONDESTABLE,XRD90U-012,B,0.0,0.0,0.0,COINCIDE OK
2022-09-25|CONDESTABLE|XRD90U-012|A,2022-09-25,CONDESTABLE,XRD90U-012,A,0.0,0.0,0.0,COINCIDE OK
2022-09-25|CONDESTABLE|XRD90U-012|B,2022-09-25,CONDESTABLE,XRD90U-012,B,0.0,0.0,0.0,COINCIDE OK
2022-11-26|CHUNGAR|XRD90U-020|A,2022-11-26,CHUNGAR,XRD90U-020,A,0.0,0.0,0.0,COINCIDE OK
2022-11-26|CHUNGAR|XRD90USS-019|A,2022-11-26,CHUNGAR,XRD90USS-019,A,0.0,0.0,0.0,COINCIDE OK
2022-11-27|CHUNGAR|XRD90U-020|A,2022-11-27,CHUNGAR,XRD90U-020,A,0.0,0.0,0.0,COINCIDE OK
2022-11-27|CHUNGAR|XRD90U-020|B,2022-11-27,CHUNGAR,XRD90U-020,B,0.0,0.0,0.0,COINCIDE OK
2022-11-27|CHUNGAR|XRD90USS-019|A,2022-11-27,CHUNGAR,XRD90USS-019,A,0.0,0.0,0.0,COINCIDE OK
2022-11-27|CHUNGAR|XRD90USS-019|B,2022-11-27,CHUNGAR,XRD90USS-019,B,0.0,0.0,0.0,COINCIDE OK
2022-11-28|CHUNGAR|XRD90U-020|A,2022-11-28,CHUNGAR,XRD90U-020,A,0.0,0.0,0.0,COINCIDE OK
2022-11-28|CHUNGAR|XRD90U-020|B,2022-11-28,CHUNGAR,XRD90U-020,B,0.0,0.0,0.0,COINCIDE OK
2022-11-28|CHUNGAR|XRD90USS-019|A,2022-11-28,CHUNGAR,XRD90USS-019,A,0.0,0.0,0.0,COINCIDE OK
2022-11-28|CHUNGAR|XRD90USS-019|B,2022-11-28,CHUNGAR,XRD90USS-019,B,0.0,0.0,0.0,COINCIDE OK
2022-11-29|CHUNGAR|XRD90U-020|A,2022-11-29,CHUNGAR,XRD90U-020,A,0.0,0.0,0.0,COINCIDE OK
2022-11-29|CHUNGAR|XRD90U-020|B,2022-11-29,CHUNGAR,XRD90U-020,B,0.0,0.0,0.0,COINCIDE OK
2022-11-29|CHUNGAR|XRD90USS-019|A,2022-11-29,CHUNGAR,XRD90USS-019,A,0.0,0.0,0.0,COINCIDE OK
2022-11-29|CHUNGAR|XRD90USS-019|B,2022-11-29,CHUNGAR,XRD90USS-019,B,0.0,0.0,0.0,COINCIDE OK
2022-11-30|CHUNGAR|XRD90U-020|A,2022-11-30,CHUNGAR,XRD90U-020,A,0.0,0.0,0.0,COINCIDE OK
2022-11-30|CHUNGAR|XRD90U-020|B,2022-11-30,CHUNGAR,XRD90U-020,B,0.0,0.0,0.0,COINCIDE OK
2022-11-30|CHUNGAR|XRD90USS-019|A,2022-11-30,CHUNGAR,XRD90USS-019,A,0.0,0.0,0.0,COINCIDE OK
2022-11-30|CHUNGAR|XRD90USS-019|B,2022-11-30,CHUNGAR,XRD90USS-019,B,0.0,0.0,0.0,COINCIDE OK
2022-12-01|CHUNGAR|XRD90U-020|A,2022-12-01,CHUNGAR,XRD90U-020,A,0.0,0.0,0.0,COINCIDE OK
2022-12-01|CHUNGAR|XRD90U-020|B,2022-12-01,CHUNGAR,XRD90U-020,B,0.0,0.0,0.0,COINCIDE OK
2022-12-01|CHUNGAR|XRD90USS-019|A,2022-12-01,CHUNGAR,XRD90USS-019,A,0.0,0.0,0.0,COINCIDE OK
2022-12-01|CHUNGAR|XRD90USS-019|B,2022-12-01,CHUNGAR,XRD90USS-019,B,0.0,0.0,0.0,COINCIDE OK
2022-12-02|CHUNGAR|XRD90U-020|A,2022-12-02,CHUNGAR,XRD90U-020,A,0.0,0.0,0.0,COINCIDE OK
2022-12-02|CHUNGAR|XRD90U-020|B,2022-12-02,CHUNGAR,XRD90U-020,B,0.0,0.0,0.0,COINCIDE OK
2022-12-02|CHUNGAR|XRD90USS-019|A,2022-12-02,CHUNGAR,XRD90USS-019,A,0.0,0.0,0.0,COINCIDE OK
2022-12-02|CHUNGAR|XRD90USS-019|B,2022-12-02,CHUNGAR,XRD90USS-019,B,0.0,0.0,0.0,COINCIDE OK
2022-12-03|CHUNGAR|XRD90U-020|A,2022-12-03,CHUNGAR,XRD90U-020,A,0.0,0.0,0.0,COINCIDE OK
2022-12-03|CHUNGAR|XRD90U-020|B,2022-12-03,CHUNGAR,XRD90U-020,B,0.0,0.0,0.0,COINCIDE OK
2022-12-03|CHUNGAR|XRD90USS-019|A,2022-12-03,CHUNGAR,XRD90USS-019,A,0.0,0.0,0.0,COINCIDE OK
2022-12-03|CHUNGAR|XRD90USS-019|B,2022-12-03,CHUNGAR,XRD90USS-019,B,0.0,0.0,0.0,COINCIDE OK
2022-12-04|CHUNGAR|XRD90U-020|A,2022-12-04,CHUNGAR,XRD90U-020,A,0.0,0.0,0.0,COINCIDE OK
2022-12-04|CHUNGAR|XRD90U-020|B,2022-12-04,CHUNGAR,XRD90U-020,B,0.0,0.0,0.0,COINCIDE OK
2022-12-04|CHUNGAR|XRD90USS-019|A,2022-12-04,CHUNGAR,XRD90USS-019,A,0.0,0.0,0.0,COINCIDE OK
2022-12-04|CHUNGAR|XRD90USS-019|B,2022-12-04,CHUNGAR,XRD90USS-019,B,0.0,0.0,0.0,COINCIDE OK
2022-12-05|CHUNGAR|XRD90U-020|A,2022-12-05,CHUNGAR,XRD90U-020,A,0.0,0.0,0.0,COINCIDE OK
2022-12-05|CHUNGAR|XRD90U-020|B,2022-12-05,CHUNGAR,XRD90U-020,B,0.0,0.0,0.0,COINCIDE OK
2022-12-05|CHUNGAR|XRD90USS-019|A,2022-12-05,CHUNGAR,XRD90USS-019,A,0.0,0.0,0.0,COINCIDE OK
2022-12-05|CHUNGAR|XRD90USS-019|B,2022-12-05,CHUNGAR,XRD90USS-019,B,0.0,0.0,0.0,COINCIDE OK
2022-12-06|CHUNGAR|XRD90U-020|A,2022-12-06,CHUNGAR,XRD90U-020,A,0.0,0.0,0.0,COINCIDE OK
2022-12-06|CHUNGAR|XRD90U-020|B,2022-12-06,CHUNGAR,XRD90U-020,B,0.0,0.0,0.0,COINCIDE OK
2022-12-06|CHUNGAR|XRD90USS-019|A,2022-12-06,CHUNGAR,XRD90USS-019,A,0.0,0.0,0.0,COINCIDE OK
2022-12-06|CHUNGAR|XRD90USS-019|B,2022-12-06,CHUNGAR,XRD90USS-019,B,0.0,0.0,0.0,COINCIDE OK
2022-12-07|CHUNGAR|XRD90U-020|A,2022-12-07,CHUNGAR,XRD90U-020,A,0.0,0.0,0.0,COINCIDE OK
2022-12-07|CHUNGAR|XRD90U-020|B,2022-12-07,CHUNGAR,XRD90U-020,B,0.0,0.0,0.0,COINCIDE OK
2022-12-07|CHUNGAR|XRD90USS-019|A,2022-12-07,CHUNGAR,XRD90USS-019,A,0.0,0.0,0.0,COINCIDE OK
2022-12-07|CHUNGAR|XRD90USS-019|B,2022-12-07,CHUNGAR,XRD90USS-019,B,0.0,0.0,0.0,COINCIDE OK
2022-12-08|CHUNGAR|XRD90U-020|A,2022-12-08,CHUNGAR,XRD90U-020,A,0.0,0.0,0.0,COINCIDE OK
2022-12-08|CHUNGAR|XRD90U-020|B,2022-12-08,CHUNGAR,XRD90U-020,B,0.0,0.0,0.0,COINCIDE OK
2022-12-08|CHUNGAR|XRD90USS-019|A,2022-12-08,CHUNGAR,XRD90USS-019,A,0.0,0.0,0.0,COINCIDE OK
2022-12-08|CHUNGAR|XRD90USS-019|B,2022-12-08,CHUNGAR,XRD90USS-019,B,0.0,0.0,0.0,COINCIDE OK
2022-12-09|CHUNGAR|XRD90U-020|A,2022-12-09,CHUNGAR,XRD90U-020,A,0.0,0.0,0.0,COINCIDE OK
2022-12-09|CHUNGAR|XRD90U-020|B,2022-12-09,CHUNGAR,XRD90U-020,B,0.0,0.0,0.0,COINCIDE OK
2022-12-09|CHUNGAR|XRD90USS-019|A,2022-12-09,CHUNGAR,XRD90USS-019,A,0.0,0.0,0.0,COINCIDE OK
2022-12-09|CHUNGAR|XRD90USS-019|B,2022-12-09,CHUNGAR,XRD90USS-019,B,0.0,0.0,0.0,COINCIDE OK
2022-12-10|CHUNGAR|XRD90U-020|A,2022-12-10,CHUNGAR,XRD90U-020,A,0.0,0.0,0.0,COINCIDE OK
2022-12-10|CHUNGAR|XRD90U-020|B,2022-12-10,CHUNGAR,XRD90U-020,B,0.0,0.0,0.0,COINCIDE OK
2022-12-10|CHUNGAR|XRD90USS-019|A,2022-12-10,CHUNGAR,XRD90USS-019,A,0.0,0.0,0.0,COINCIDE OK
2022-12-10|CHUNGAR|XRD90USS-019|B,2022-12-10,CHUNGAR,XRD90USS-019,B,0.0,0.0,0.0,COINCIDE OK
2022-12-11|CHUNGAR|XRD90U-020|A,2022-12-11,CHUNGAR,XRD90U-020,A,0.0,0.0,0.0,COINCIDE OK
2022-12-11|CHUNGAR|XRD90U-020|B,2022-12-11,CHUNGAR,XRD90U-020,B,0.0,0.0,0.0,COINCIDE OK
2022-12-11|CHUNGAR|XRD90USS-019|A,2022-12-11,CHUNGAR,XRD90USS-019,A,0.0,0.0,0.0,COINCIDE OK
2022-12-11|CHUNGAR|XRD90USS-019|B,2022-12-11,CHUNGAR,XRD90USS-019,B,0.0,0.0,0.0,COINCIDE OK
2022-12-12|CHUNGAR|XRD90U-020|A,2022-12-12,CHUNGAR,XRD90U-020,A,0.0,0.0,0.0,COINCIDE OK
2022-12-12|CHUNGAR|XRD90U-020|B,2022-12-12,CHUNGAR,XRD90U-020,B,0.0,0.0,0.0,COINCIDE OK
2022-12-12|CHUNGAR|XRD90USS-019|A,2022-12-12,CHUNGAR,XRD90USS-019,A,0.0,0.0,0.0,COINCIDE OK
2022-12-12|CHUNGAR|XRD90USS-019|B,2022-12-12,CHUNGAR,XRD90USS-019,B,0.0,0.0,0.0,COINCIDE OK
2022-12-13|CHUNGAR|XRD90U-020|A,2022-12-13,CHUNGAR,XRD90U-020,A,0.0,0.0,0.0,COINCIDE OK
2022-12-13|CHUNGAR|XRD90U-020|B,2022-12-13,CHUNGAR,XRD90U-020,B,0.0,0.0,0.0,COINCIDE OK
2022-12-13|CHUNGAR|XRD90USS-019|A,2022-12-13,CHUNGAR,XRD90USS-019,A,0.0,0.0,0.0,COINCIDE OK
2022-12-13|CHUNGAR|XRD90USS-019|B,2022-12-13,CHUNGAR,XRD90USS-019,B,0.0,0.0,0.0,COINCIDE OK
2022-12-14|CHUNGAR|XRD90U-020|A,2022-12-14,CHUNGAR,XRD90U-020,A,0.0,0.0,0.0,COINCIDE OK
2022-12-14|CHUNGAR|XRD90U-020|B,2022-12-14,CHUNGAR,XRD90U-020,B,0.0,0.0,0.0,COINCIDE OK
2022-12-14|CHUNGAR|XRD90USS-019|A,2022-12-14,CHUNGAR,XRD90USS-019,A,0.0,0.0,0.0,COINCIDE OK
2022-12-14|CHUNGAR|XRD90USS-019|B,2022-12-14,CHUNGAR,XRD90USS-019,B,0.0,0.0,0.0,COINCIDE OK
2022-12-15|CHUNGAR|XRD90U-020|A,2022-12-15,CHUNGAR,XRD90U-020,A,0.0,0.0,0.0,COINCIDE OK
2022-12-15|CHUNGAR|XRD90U-020|B,2022-12-15,CHUNGAR,XRD90U-020,B,0.0,0.0,0.0,COINCIDE OK
2022-12-15|CHUNGAR|XRD90USS-019|A,2022-12-15,CHUNGAR,XRD90USS-019,A,0.0,0.0,0.0,COINCIDE OK
2022-12-15|CHUNGAR|XRD90USS-019|B,2022-12-15,CHUNGAR,XRD90USS-019,B,0.0,0.0,0.0,COINCIDE OK
2022-12-16|CHUNGAR|XRD90U-020|A,2022-12-16,CHUNGAR,XRD90U-020,A,0.0,0.0,0.0,COINCIDE OK
2022-12-16|CHUNGAR|XRD90U-020|B,2022-12-16,CHUNGAR,XRD90U-020,B,0.0,0.0,0.0,COINCIDE OK
2022-12-16|CHUNGAR|XRD90USS-019|A,2022-12-16,CHUNGAR,XRD90USS-019,A,0.0,0.0,0.0,COINCIDE OK
2022-12-16|CHUNGAR|XRD90USS-019|B,2022-12-16,CHUNGAR,XRD90USS-019,B,0.0,0.0,0.0,COINCIDE OK
2022-12-17|CHUNGAR|XRD90U-020|A,2022-12-17,CHUNGAR,XRD90U-020,A,0.0,0.0,0.0,COINCIDE OK
2022-12-17|CHUNGAR|XRD90U-020|B,2022-12-17,CHUNGAR,XRD90U-020,B,0.0,0.0,0.0,COINCIDE OK
2022-12-17|CHUNGAR|XRD90USS-019|A,2022-12-17,CHUNGAR,XRD90USS-019,A,0.0,0.0,0.0,COINCIDE OK
2022-12-17|CHUNGAR|XRD90USS-019|B,2022-12-17,CHUNGAR,XRD90USS-019,B,0.0,0.0,0.0,COINCIDE OK
2022-12-18|CHUNGAR|XRD90U-020|A,2022-12-18,CHUNGAR,XRD90U-020,A,0.0,0.0,0.0,COINCIDE OK
2022-12-18|CHUNGAR|XRD90U-020|B,2022-12-18,CHUNGAR,XRD90U-020,B,0.0,0.0,0.0,COINCIDE OK
2022-12-18|CHUNGAR|XRD90USS-019|A,2022-12-18,CHUNGAR,XRD90USS-019,A,0.0,0.0,0.0,COINCIDE OK
2022-12-18|CHUNGAR|XRD90USS-019|B,2022-12-18,CHUNGAR,XRD90USS-019,B,0.0,0.0,0.0,COINCIDE OK
2022-12-19|CHUNGAR|XRD90U-020|A,2022-12-19,CHUNGAR,XRD90U-020,A,0.0,0.0,0.0,COINCIDE OK
2022-12-19|CHUNGAR|XRD90U-020|B,2022-12-19,CHUNGAR,XRD90U-020,B,0.0,0.0,0.0,COINCIDE OK
2022-12-19|CHUNGAR|XRD90USS-019|A,2022-12-19,CHUNGAR,XRD90USS-019,A,0.0,0.0,0.0,COINCIDE OK
2022-12-19|CHUNGAR|XRD90USS-019|B,2022-12-19,CHUNGAR,XRD90USS-019,B,0.0,0.0,0.0,COINCIDE OK
2022-12-20|CHUNGAR|XRD90U-020|A,2022-12-20,CHUNGAR,XRD90U-020,A,0.0,0.0,0.0,COINCIDE OK
2022-12-20|CHUNGAR|XRD90U-020|B,2022-12-20,CHUNGAR,XRD90U-020,B,0.0,0.0,0.0,COINCIDE OK
2022-12-20|CHUNGAR|XRD90USS-019|A,2022-12-20,CHUNGAR,XRD90USS-019,A,0.0,0.0,0.0,COINCIDE OK
2022-12-20|CHUNGAR|XRD90USS-019|B,2022-12-20,CHUNGAR,XRD90USS-019,B,0.0,0.0,0.0,COINCIDE OK
2022-12-21|CHUNGAR|XRD90U-020|A,2022-12-21,CHUNGAR,XRD90U-020,A,0.0,0.0,0.0,COINCIDE OK
2022-12-21|CHUNGAR|XRD90U-020|B,2022-12-21,CHUNGAR,XRD90U-020,B,0.0,0.0,0.0,COINCIDE OK
2022-12-21|CHUNGAR|XRD90USS-019|A,2022-12-21,CHUNGAR,XRD90USS-019,A,0.0,0.0,0.0,COINCIDE OK
2022-12-21|CHUNGAR|XRD90USS-019|B,2022-12-21,CHUNGAR,XRD90USS-019,B,0.0,0.0,0.0,COINCIDE OK
2022-12-22|CHUNGAR|XRD90U-020|A,2022-12-22,CHUNGAR,XRD90U-020,A,0.0,0.0,0.0,COINCIDE OK
2022-12-22|CHUNGAR|XRD90U-020|B,2022-12-22,CHUNGAR,XRD90U-020,B,0.0,0.0,0.0,COINCIDE OK
2022-12-22|CHUNGAR|XRD90USS-019|A,2022-12-22,CHUNGAR,XRD90USS-019,A,0.0,0.0,0.0,COINCIDE OK
2022-12-22|CHUNGAR|XRD90USS-019|B,2022-12-22,CHUNGAR,XRD90USS-019,B,0.0,0.0,0.0,COINCIDE OK
2022-12-23|CHUNGAR|XRD90U-020|A,2022-12-23,CHUNGAR,XRD90U-020,A,0.0,0.0,0.0,COINCIDE OK
2022-12-23|CHUNGAR|XRD90U-020|B,2022-12-23,CHUNGAR,XRD90U-020,B,0.0,0.0,0.0,COINCIDE OK
2022-12-23|CHUNGAR|XRD90USS-019|A,2022-12-23,CHUNGAR,XRD90USS-019,A,0.0,0.0,0.0,COINCIDE OK
2022-12-23|CHUNGAR|XRD90USS-019|B,2022-12-23,CHUNGAR,XRD90USS-019,B,0.0,0.0,0.0,COINCIDE OK
2022-12-24|CHUNGAR|XRD90U-020|A,2022-12-24,CHUNGAR,XRD90U-020,A,0.0,0.0,0.0,COINCIDE OK
2022-12-24|CHUNGAR|XRD90U-020|B,2022-12-24,CHUNGAR,XRD90U-020,B,0.0,0.0,0.0,COINCIDE OK
2022-12-24|CHUNGAR|XRD90USS-019|A,2022-12-24,CHUNGAR,XRD90USS-019,A,0.0,0.0,0.0,COINCIDE OK
2022-12-24|CHUNGAR|XRD90USS-019|B,2022-12-24,CHUNGAR,XRD90USS-019,B,0.0,0.0,0.0,COINCIDE OK
2022-12-25|CHUNGAR|XRD90U-020|A,2022-12-25,CHUNGAR,XRD90U-020,A,0.0,0.0,0.0,COINCIDE OK
2022-12-25|CHUNGAR|XRD90U-020|B,2022-12-25,CHUNGAR,XRD90U-020,B,0.0,0.0,0.0,COINCIDE OK
2022-12-25|CHUNGAR|XRD90USS-019|A,2022-12-25,CHUNGAR,XRD90USS-019,A,0.0,0.0,0.0,COINCIDE OK
2022-12-25|CHUNGAR|XRD90USS-019|B,2022-12-25,CHUNGAR,XRD90USS-019,B,0.0,0.0,0.0,COINCIDE OK
2022-12-26|CHUNGAR|XRD90U-020|A,2022-12-26,CHUNGAR,XRD90U-020,A,0.0,0.0,0.0,COINCIDE OK
2022-12-26|CHUNGAR|XRD90U-020|B,2022-12-26,CHUNGAR,XRD90U-020,B,0.0,0.0,0.0,COINCIDE OK
2022-12-26|CHUNGAR|XRD90USS-019|A,2022-12-26,CHUNGAR,XRD90USS-019,A,0.0,0.0,0.0,COINCIDE OK
2022-12-26|CHUNGAR|XRD90USS-019|B,2022-12-26,CHUNGAR,XRD90USS-019,B,0.0,0.0,0.0,COINCIDE OK
2023-02-26|ANDAYCHAGUA|DE710-001|A,2023-02-26,ANDAYCHAGUA,DE710-001,A,0.0,0.0,0.0,COINCIDE OK
2023-02-26|CATALINA HUANCA|XRD100ST-001|A,2023-02-26,CATALINA HUANCA,XRD100ST-001,A,0.0,0.0,0.0,COINCIDE OK
2023-02-27|ANDAYCHAGUA|DE710-001|A,2023-02-27,ANDAYCHAGUA,DE710-001,A,0.0,0.0,0.0,COINCIDE OK
2023-02-27|ANDAYCHAGUA|DE710-001|B,2023-02-27,ANDAYCHAGUA,DE710-001,B,0.0,0.0,0.0,COINCIDE OK
2023-02-27|CATALINA HUANCA|XRD100ST-001|A,2023-02-27,CATALINA HUANCA,XRD100ST-001,A,0.0,0.0,0.0,COINCIDE OK
2023-02-27|CATALINA HUANCA|XRD100ST-001|B,2023-02-27,CATALINA HUANCA,XRD100ST-001,B,0.0,0.0,0.0,COINCIDE OK
2023-02-28|ANDAYCHAGUA|DE710-001|A,2023-02-28,ANDAYCHAGUA,DE710-001,A,0.0,0.0,0.0,COINCIDE OK
2023-02-28|ANDAYCHAGUA|DE710-001|B,2023-02-28,ANDAYCHAGUA,DE710-001,B,0.0,0.0,0.0,COINCIDE OK
2023-02-28|CATALINA HUANCA|XRD100ST-001|A,2023-02-28,CATALINA HUANCA,XRD100ST-001,A,0.0,0.0,0.0,COINCIDE OK
2023-02-28|CATALINA HUANCA|XRD100ST-001|B,2023-02-28,CATALINA HUANCA,XRD100ST-001,B,0.0,0.0,0.0,COINCIDE OK
2023-03-01|ANDAYCHAGUA|DE710-001|A,2023-03-01,ANDAYCHAGUA,DE710-001,A,0.0,0.0,0.0,COINCIDE OK
2023-03-01|ANDAYCHAGUA|DE710-001|B,2023-03-01,ANDAYCHAGUA,DE710-001,B,0.0,0.0,0.0,COINCIDE OK
2023-03-01|CATALINA HUANCA|XRD100ST-001|A,2023-03-01,CATALINA HUANCA,XRD100ST-001,A,0.0,0.0,0.0,COINCIDE OK
2023-03-01|CATALINA HUANCA|XRD100ST-001|B,2023-03-01,CATALINA HUANCA,XRD100ST-001,B,0.0,0.0,0.0,COINCIDE OK
2023-03-02|ANDAYCHAGUA|DE710-001|A,2023-03-02,ANDAYCHAGUA,DE710-001,A,0.0,0.0,0.0,COINCIDE OK
2023-03-02|ANDAYCHAGUA|DE710-001|B,2023-03-02,ANDAYCHAGUA,DE710-001,B,0.0,0.0,0.0,COINCIDE OK
2023-03-02|CATALINA HUANCA|XRD100ST-001|A,2023-03-02,CATALINA HUANCA,XRD100ST-001,A,0.0,0.0,0.0,COINCIDE OK
2023-03-02|CATALINA HUANCA|XRD100ST-001|B,2023-03-02,CATALINA HUANCA,XRD100ST-001,B,0.0,0.0,0.0,COINCIDE OK
2023-03-03|ANDAYCHAGUA|DE710-001|A,2023-03-03,ANDAYCHAGUA,DE710-001,A,0.0,0.0,0.0,COINCIDE OK
2023-03-03|ANDAYCHAGUA|DE710-001|B,2023-03-03,ANDAYCHAGUA,DE710-001,B,0.0,0.0,0.0,COINCIDE OK
2023-03-03|CATALINA HUANCA|XRD100ST-001|A,2023-03-03,CATALINA HUANCA,XRD100ST-001,A,0.0,0.0,0.0,COINCIDE OK
2023-03-03|CATALINA HUANCA|XRD100ST-001|B,2023-03-03,CATALINA HUANCA,XRD100ST-001,B,0.0,0.0,0.0,COINCIDE OK
2023-03-04|ANDAYCHAGUA|DE710-001|A,2023-03-04,ANDAYCHAGUA,DE710-001,A,0.0,0.0,0.0,COINCIDE OK
2023-03-04|ANDAYCHAGUA|DE710-001|B,2023-03-04,ANDAYCHAGUA,DE710-001,B,0.0,0.0,0.0,COINCIDE OK
2023-03-04|CATALINA HUANCA|XRD100ST-001|A,2023-03-04,CATALINA HUANCA,XRD100ST-001,A,0.0,0.0,0.0,COINCIDE OK
2023-03-04|CATALINA HUANCA|XRD100ST-001|B,2023-03-04,CATALINA HUANCA,XRD100ST-001,B,0.0,0.0,0.0,COINCIDE OK
2023-03-05|ANDAYCHAGUA|DE710-001|A,2023-03-05,ANDAYCHAGUA,DE710-001,A,0.0,0.0,0.0,COINCIDE OK
2023-03-05|ANDAYCHAGUA|DE710-001|B,2023-03-05,ANDAYCHAGUA,DE710-001,B,0.0,0.0,0.0,COINCIDE OK
2023-03-05|CATALINA HUANCA|XRD100ST-001|A,2023-03-05,CATALINA HUANCA,XRD100ST-001,A,0.0,0.0,0.0,COINCIDE OK
2023-03-05|CATALINA HUANCA|XRD100ST-001|B,2023-03-05,CATALINA HUANCA,XRD100ST-001,B,0.0,0.0,0.0,COINCIDE OK
2023-03-06|ANDAYCHAGUA|DE710-001|A,2023-03-06,ANDAYCHAGUA,DE710-001,A,0.0,0.0,0.0,COINCIDE OK
2023-03-06|ANDAYCHAGUA|DE710-001|B,2023-03-06,ANDAYCHAGUA,DE710-001,B,0.0,0.0,0.0,COINCIDE OK
2023-03-06|CATALINA HUANCA|XRD100ST-001|A,2023-03-06,CATALINA HUANCA,XRD100ST-001,A,0.0,0.0,0.0,COINCIDE OK
2023-03-06|CATALINA HUANCA|XRD100ST-001|B,2023-03-06,CATALINA HUANCA,XRD100ST-001,B,0.0,0.0,0.0,COINCIDE OK
2023-03-07|ANDAYCHAGUA|DE710-001|A,2023-03-07,ANDAYCHAGUA,DE710-001,A,0.0,0.0,0.0,COINCIDE OK
2023-03-07|ANDAYCHAGUA|DE710-001|B,2023-03-07,ANDAYCHAGUA,DE710-001,B,0.0,0.0,0.0,COINCIDE OK
2023-03-07|CATALINA HUANCA|XRD100ST-001|A,2023-03-07,CATALINA HUANCA,XRD100ST-001,A,0.0,0.0,0.0,COINCIDE OK
2023-03-07|CATALINA HUANCA|XRD100ST-001|B,2023-03-07,CATALINA HUANCA,XRD100ST-001,B,0.0,0.0,0.0,COINCIDE OK
2023-03-08|ANDAYCHAGUA|DE710-001|A,2023-03-08,ANDAYCHAGUA,DE710-001,A,0.0,0.0,0.0,COINCIDE OK
2023-03-08|ANDAYCHAGUA|DE710-001|B,2023-03-08,ANDAYCHAGUA,DE710-001,B,0.0,0.0,0.0,COINCIDE OK
2023-03-08|CATALINA HUANCA|XRD100ST-001|A,2023-03-08,CATALINA HUANCA,XRD100ST-001,A,0.0,0.0,0.0,COINCIDE OK
2023-03-08|CATALINA HUANCA|XRD100ST-001|B,2023-03-08,CATALINA HUANCA,XRD100ST-001,B,0.0,0.0,0.0,COINCIDE OK
2023-03-09|ANDAYCHAGUA|DE710-001|A,2023-03-09,ANDAYCHAGUA,DE710-001,A,0.0,0.0,0.0,COINCIDE OK
2023-03-09|ANDAYCHAGUA|DE710-001|B,2023-03-09,ANDAYCHAGUA,DE710-001,B,0.0,0.0,0.0,COINCIDE OK
2023-03-09|CATALINA HUANCA|XRD100ST-001|A,2023-03-09,CATALINA HUANCA,XRD100ST-001,A,0.0,0.0,0.0,COINCIDE OK
2023-03-09|CATALINA HUANCA|XRD100ST-001|B,2023-03-09,CATALINA HUANCA,XRD100ST-001,B,0.0,0.0,0.0,COINCIDE OK
2023-03-10|ANDAYCHAGUA|DE710-001|A,2023-03-10,ANDAYCHAGUA,DE710-001,A,0.0,0.0,0.0,COINCIDE OK
2023-03-10|ANDAYCHAGUA|DE710-001|B,2023-03-10,ANDAYCHAGUA,DE710-001,B,0.0,0.0,0.0,COINCIDE OK
2023-03-10|CATALINA HUANCA|XRD100ST-001|A,2023-03-10,CATALINA HUANCA,XRD100ST-001,A,0.0,0.0,0.0,COINCIDE OK
2023-03-10|CATALINA HUANCA|XRD100ST-001|B,2023-03-10,CATALINA HUANCA,XRD100ST-001,B,0.0,0.0,0.0,COINCIDE OK
2023-03-11|ANDAYCHAGUA|DE710-001|A,2023-03-11,ANDAYCHAGUA,DE710-001,A,0.0,0.0,0.0,COINCIDE OK
2023-03-11|ANDAYCHAGUA|DE710-001|B,2023-03-11,ANDAYCHAGUA,DE710-001,B,0.0,0.0,0.0,COINCIDE OK
2023-03-11|CATALINA HUANCA|XRD100ST-001|A,2023-03-11,CATALINA HUANCA,XRD100ST-001,A,0.0,0.0,0.0,COINCIDE OK
2023-03-11|CATALINA HUANCA|XRD100ST-001|B,2023-03-11,CATALINA HUANCA,XRD100ST-001,B,0.0,0.0,0.0,COINCIDE OK
2023-03-12|ANDAYCHAGUA|DE710-001|A,2023-03-12,ANDAYCHAGUA,DE710-001,A,0.0,0.0,0.0,COINCIDE OK
2023-03-12|ANDAYCHAGUA|DE710-001|B,2023-03-12,ANDAYCHAGUA,DE710-001,B,0.0,0.0,0.0,COINCIDE OK
2023-03-12|CATALINA HUANCA|XRD100ST-001|A,2023-03-12,CATALINA HUANCA,XRD100ST-001,A,0.0,0.0,0.0,COINCIDE OK
2023-03-12|CATALINA HUANCA|XRD100ST-001|B,2023-03-12,CATALINA HUANCA,XRD100ST-001,B,0.0,0.0,0.0,COINCIDE OK
2023-03-13|ANDAYCHAGUA|DE710-001|A,2023-03-13,ANDAYCHAGUA,DE710-001,A,0.0,0.0,0.0,COINCIDE OK
2023-03-13|ANDAYCHAGUA|DE710-001|B,2023-03-13,ANDAYCHAGUA,DE710-001,B,0.0,0.0,0.0,COINCIDE OK
2023-03-13|CATALINA HUANCA|XRD100ST-001|A,2023-03-13,CATALINA HUANCA,XRD100ST-001,A,0.0,0.0,0.0,COINCIDE OK
2023-03-13|CATALINA HUANCA|XRD100ST-001|B,2023-03-13,CATALINA HUANCA,XRD100ST-001,B,0.0,0.0,0.0,COINCIDE OK
2023-03-14|ANDAYCHAGUA|DE710-001|A,2023-03-14,ANDAYCHAGUA,DE710-001,A,0.0,0.0,0.0,COINCIDE OK
2023-03-14|ANDAYCHAGUA|DE710-001|B,2023-03-14,ANDAYCHAGUA,DE710-001,B,0.0,0.0,0.0,COINCIDE OK
2023-03-14|CATALINA HUANCA|XRD100ST-001|A,2023-03-14,CATALINA HUANCA,XRD100ST-001,A,0.0,0.0,0.0,COINCIDE OK
2023-03-14|CATALINA HUANCA|XRD100ST-001|B,2023-03-14,CATALINA HUANCA,XRD100ST-001,B,0.0,0.0,0.0,COINCIDE OK
2023-03-15|ANDAYCHAGUA|DE710-001|A,2023-03-15,ANDAYCHAGUA,DE710-001,A,0.0,0.0,0.0,COINCIDE OK
2023-03-15|ANDAYCHAGUA|DE710-001|B,2023-03-15,ANDAYCHAGUA,DE710-001,B,0.0,0.0,0.0,COINCIDE OK
2023-03-15|CATALINA HUANCA|XRD100ST-001|A,2023-03-15,CATALINA HUANCA,XRD100ST-001,A,0.0,0.0,0.0,COINCIDE OK
2023-03-15|CATALINA HUANCA|XRD100ST-001|B,2023-03-15,CATALINA HUANCA,XRD100ST-001,B,0.0,0.0,0.0,COINCIDE OK
2023-03-16|ANDAYCHAGUA|DE710-001|A,2023-03-16,ANDAYCHAGUA,DE710-001,A,0.0,0.0,0.0,COINCIDE OK
2023-03-16|ANDAYCHAGUA|DE710-001|B,2023-03-16,ANDAYCHAGUA,DE710-001,B,0.0,0.0,0.0,COINCIDE OK
2023-03-16|CATALINA HUANCA|XRD100ST-001|A,2023-03-16,CATALINA HUANCA,XRD100ST-001,A,0.0,0.0,0.0,COINCIDE OK
2023-03-16|CATALINA HUANCA|XRD100ST-001|B,2023-03-16,CATALINA HUANCA,XRD100ST-001,B,0.0,0.0,0.0,COINCIDE OK
2023-03-17|ANDAYCHAGUA|DE710-001|A,2023-03-17,ANDAYCHAGUA,DE710-001,A,0.0,0.0,0.0,COINCIDE OK
2023-03-17|ANDAYCHAGUA|DE710-001|B,2023-03-17,ANDAYCHAGUA,DE710-001,B,0.0,0.0,0.0,COINCIDE OK
2023-03-17|CATALINA HUANCA|XRD100ST-001|A,2023-03-17,CATALINA HUANCA,XRD100ST-001,A,0.0,0.0,0.0,COINCIDE OK
2023-03-17|CATALINA HUANCA|XRD100ST-001|B,2023-03-17,CATALINA HUANCA,XRD100ST-001,B,0.0,0.0,0.0,COINCIDE OK
2023-03-18|ANDAYCHAGUA|DE710-001|A,2023-03-18,ANDAYCHAGUA,DE710-001,A,0.0,0.0,0.0,COINCIDE OK
2023-03-18|ANDAYCHAGUA|DE710-001|B,2023-03-18,ANDAYCHAGUA,DE710-001,B,0.0,0.0,0.0,COINCIDE OK
2023-03-18|CATALINA HUANCA|XRD100ST-001|A,2023-03-18,CATALINA HUANCA,XRD100ST-001,A,0.0,0.0,0.0,COINCIDE OK
2023-03-18|CATALINA HUANCA|XRD100ST-001|B,2023-03-18,CATALINA HUANCA,XRD100ST-001,B,0.0,0.0,0.0,COINCIDE OK
2023-03-19|ANDAYCHAGUA|DE710-001|A,2023-03-19,ANDAYCHAGUA,DE710-001,A,0.0,0.0,0.0,COINCIDE OK
2023-03-19|ANDAYCHAGUA|DE710-001|B,2023-03-19,ANDAYCHAGUA,DE710-001,B,0.0,0.0,0.0,COINCIDE OK
2023-03-19|CATALINA HUANCA|XRD100ST-001|A,2023-03-19,CATALINA HUANCA,XRD100ST-001,A,0.0,0.0,0.0,COINCIDE OK
2023-03-19|CATALINA HUANCA|XRD100ST-001|B,2023-03-19,CATALINA HUANCA,XRD100ST-001,B,0.0,0.0,0.0,COINCIDE OK
2023-03-20|ANDAYCHAGUA|DE710-001|A,2023-03-20,ANDAYCHAGUA,DE710-001,A,0.0,0.0,0.0,COINCIDE OK
2023-03-20|ANDAYCHAGUA|DE710-001|B,2023-03-20,ANDAYCHAGUA,DE710-001,B,0.0,0.0,0.0,COINCIDE OK
2023-03-20|CATALINA HUANCA|XRD100ST-001|A,2023-03-20,CATALINA HUANCA,XRD100ST-001,A,0.0,0.0,0.0,COINCIDE OK
2023-03-20|CATALINA HUANCA|XRD100ST-001|B,2023-03-20,CATALINA HUANCA,XRD100ST-001,B,0.0,0.0,0.0,COINCIDE OK
2023-03-21|ANDAYCHAGUA|DE710-001|A,2023-03-21,ANDAYCHAGUA,DE710-001,A,0.0,0.0,0.0,COINCIDE OK
2023-03-21|ANDAYCHAGUA|DE710-001|B,2023-03-21,ANDAYCHAGUA,DE710-001,B,0.0,0.0,0.0,COINCIDE OK
2023-03-21|CATALINA HUANCA|XRD100ST-001|A,2023-03-21,CATALINA HUANCA,XRD100ST-001,A,0.0,0.0,0.0,COINCIDE OK
2023-03-21|CATALINA HUANCA|XRD100ST-001|B,2023-03-21,CATALINA HUANCA,XRD100ST-001,B,0.0,0.0,0.0,COINCIDE OK
2023-03-22|ANDAYCHAGUA|DE710-001|A,2023-03-22,ANDAYCHAGUA,DE710-001,A,0.0,0.0,0.0,COINCIDE OK
2023-03-22|ANDAYCHAGUA|DE710-001|B,2023-03-22,ANDAYCHAGUA,DE710-001,B,0.0,0.0,0.0,COINCIDE OK
2023-03-22|CATALINA HUANCA|XRD100ST-001|A,2023-03-22,CATALINA HUANCA,XRD100ST-001,A,0.0,0.0,0.0,COINCIDE OK
2023-03-22|CATALINA HUANCA|XRD100ST-001|B,2023-03-22,CATALINA HUANCA,XRD100ST-001,B,0.0,0.0,0.0,COINCIDE OK
2023-03-23|ANDAYCHAGUA|DE710-001|A,2023-03-23,ANDAYCHAGUA,DE710-001,A,0.0,0.0,0.0,COINCIDE OK
2023-03-23|ANDAYCHAGUA|DE710-001|B,2023-03-23,ANDAYCHAGUA,DE710-001,B,0.0,0.0,0.0,COINCIDE OK
2023-03-23|CATALINA HUANCA|XRD100ST-001|A,2023-03-23,CATALINA HUANCA,XRD100ST-001,A,0.0,0.0,0.0,COINCIDE OK
2023-03-23|CATALINA HUANCA|XRD100ST-001|B,2023-03-23,CATALINA HUANCA,XRD100ST-001,B,0.0,0.0,0.0,COINCIDE OK
2023-03-24|ANDAYCHAGUA|DE710-001|A,2023-03-24,ANDAYCHAGUA,DE710-001,A,0.0,0.0,0.0,COINCIDE OK
2023-03-24|ANDAYCHAGUA|DE710-001|B,2023-03-24,ANDAYCHAGUA,DE710-001,B,0.0,0.0,0.0,COINCIDE OK
2023-03-24|CATALINA HUANCA|XRD100ST-001|A,2023-03-24,CATALINA HUANCA,XRD100ST-001,A,0.0,0.0,0.0,COINCIDE OK
2023-03-24|CATALINA HUANCA|XRD100ST-001|B,2023-03-24,CATALINA HUANCA,XRD100ST-001,B,0.0,0.0,0.0,COINCIDE OK
2023-03-25|CATALINA HUANCA|XRD100ST-001|A,2023-03-25,CATALINA HUANCA,XRD100ST-001,A,0.0,0.0,0.0,COINCIDE OK
2023-03-25|CATALINA HUANCA|XRD100ST-001|B,2023-03-25,CATALINA HUANCA,XRD100ST-001,B,0.0,0.0,0.0,COINCIDE OK
2023-03-26|CATALINA HUANCA|XRD100ST-001|A,2023-03-26,CATALINA HUANCA,XRD100ST-001,A,0.0,0.0,0.0,COINCIDE OK
2023-03-26|CATALINA HUANCA|XRD100ST-001|B,2023-03-26,CATALINA HUANCA,XRD100ST-001,B,0.0,0.0,0.0,COINCIDE OK
2023-03-27|CATALINA HUANCA|XRD100ST-001|A,2023-03-27,CATALINA HUANCA,XRD100ST-001,A,0.0,0.0,0.0,COINCIDE OK
2023-03-27|CATALINA HUANCA|XRD100ST-001|B,2023-03-27,CATALINA HUANCA,XRD100ST-001,B,0.0,0.0,0.0,COINCIDE OK
2023-03-28|CATALINA HUANCA|XRD100ST-001|A,2023-03-28,CATALINA HUANCA,XRD100ST-001,A,0.0,0.0,0.0,COINCIDE OK
2023-03-28|CATALINA HUANCA|XRD100ST-001|B,2023-03-28,CATALINA HUANCA,XRD100ST-001,B,0.0,0.0,0.0,COINCIDE OK
2023-05-26|SAN CRISTOBAL|XRD120ST-001|A,2023-05-26,SAN CRISTOBAL,XRD120ST-001,A,0.0,0.0,0.0,COINCIDE OK
2023-05-27|SAN CRISTOBAL|XRD120ST-001|A,2023-05-27,SAN CRISTOBAL,XRD120ST-001,A,0.0,0.0,0.0,COINCIDE OK
2023-05-27|SAN CRISTOBAL|XRD120ST-001|B,2023-05-27,SAN CRISTOBAL,XRD120ST-001,B,0.0,0.0,0.0,COINCIDE OK
2023-05-28|SAN CRISTOBAL|XRD120ST-001|A,2023-05-28,SAN CRISTOBAL,XRD120ST-001,A,0.0,0.0,0.0,COINCIDE OK
2023-05-28|SAN CRISTOBAL|XRD120ST-001|B,2023-05-28,SAN CRISTOBAL,XRD120ST-001,B,0.0,0.0,0.0,COINCIDE OK
2023-05-29|SAN CRISTOBAL|XRD120ST-001|A,2023-05-29,SAN CRISTOBAL,XRD120ST-001,A,0.0,0.0,0.0,COINCIDE OK
2023-05-29|SAN CRISTOBAL|XRD120ST-001|B,2023-05-29,SAN CRISTOBAL,XRD120ST-001,B,0.0,0.0,0.0,COINCIDE OK
2023-05-30|SAN CRISTOBAL|XRD120ST-001|A,2023-05-30,SAN CRISTOBAL,XRD120ST-001,A,0.0,0.0,0.0,COINCIDE OK
2023-05-30|SAN CRISTOBAL|XRD120ST-001|B,2023-05-30,SAN CRISTOBAL,XRD120ST-001,B,0.0,0.0,0.0,COINCIDE OK
2023-05-31|SAN CRISTOBAL|XRD120ST-001|A,2023-05-31,SAN CRISTOBAL,XRD120ST-001,A,0.0,0.0,0.0,COINCIDE OK
2023-05-31|SAN CRISTOBAL|XRD120ST-001|B,2023-05-31,SAN CRISTOBAL,XRD120ST-001,B,0.0,0.0,0.0,COINCIDE OK
2023-06-01|SAN CRISTOBAL|XRD120ST-001|A,2023-06-01,SAN CRISTOBAL,XRD120ST-001,A,0.0,0.0,0.0,COINCIDE OK
2023-06-01|SAN CRISTOBAL|XRD120ST-001|B,2023-06-01,SAN CRISTOBAL,XRD120ST-001,B,0.0,0.0,0.0,COINCIDE OK
2023-06-02|SAN CRISTOBAL|XRD120ST-001|A,2023-06-02,SAN CRISTOBAL,XRD120ST-001,A,0.0,0.0,0.0,COINCIDE OK
2023-06-02|SAN CRISTOBAL|XRD120ST-001|B,2023-06-02,SAN CRISTOBAL,XRD120ST-001,B,0.0,0.0,0.0,COINCIDE OK
2023-06-03|SAN CRISTOBAL|XRD120ST-001|A,2023-06-03,SAN CRISTOBAL,XRD120ST-001,A,0.0,0.0,0.0,COINCIDE OK
2023-06-03|SAN CRISTOBAL|XRD120ST-001|B,2023-06-03,SAN CRISTOBAL,XRD120ST-001,B,0.0,0.0,0.0,COINCIDE OK
2023-06-04|SAN CRISTOBAL|XRD120ST-001|A,2023-06-04,SAN CRISTOBAL,XRD120ST-001,A,0.0,0.0,0.0,COINCIDE OK
2023-06-04|SAN CRISTOBAL|XRD120ST-001|B,2023-06-04,SAN CRISTOBAL,XRD120ST-001,B,0.0,0.0,0.0,COINCIDE OK
2023-06-05|SAN CRISTOBAL|XRD120ST-001|A,2023-06-05,SAN CRISTOBAL,XRD120ST-001,A,0.0,0.0,0.0,COINCIDE OK
2023-06-05|SAN CRISTOBAL|XRD120ST-001|B,2023-06-05,SAN CRISTOBAL,XRD120ST-001,B,0.0,0.0,0.0,COINCIDE OK
2023-06-06|SAN CRISTOBAL|XRD120ST-001|A,2023-06-06,SAN CRISTOBAL,XRD120ST-001,A,0.0,0.0,0.0,COINCIDE OK
2023-06-06|SAN CRISTOBAL|XRD120ST-001|B,2023-06-06,SAN CRISTOBAL,XRD120ST-001,B,0.0,0.0,0.0,COINCIDE OK
2023-06-07|SAN CRISTOBAL|XRD120ST-001|A,2023-06-07,SAN CRISTOBAL,XRD120ST-001,A,0.0,0.0,0.0,COINCIDE OK
2023-06-07|SAN CRISTOBAL|XRD120ST-001|B,2023-06-07,SAN CRISTOBAL,XRD120ST-001,B,0.0,0.0,0.0,COINCIDE OK
2023-06-08|SAN CRISTOBAL|XRD120ST-001|A,2023-06-08,SAN CRISTOBAL,XRD120ST-001,A,0.0,0.0,0.0,COINCIDE OK
2023-06-08|SAN CRISTOBAL|XRD120ST-001|B,2023-06-08,SAN CRISTOBAL,XRD120ST-001,B,0.0,0.0,0.0,COINCIDE OK
2023-06-09|SAN CRISTOBAL|XRD120ST-001|A,2023-06-09,SAN CRISTOBAL,XRD120ST-001,A,0.0,0.0,0.0,COINCIDE OK
2023-06-09|SAN CRISTOBAL|XRD120ST-001|B,2023-06-09,SAN CRISTOBAL,XRD120ST-001,B,0.0,0.0,0.0,COINCIDE OK
2023-06-10|SAN CRISTOBAL|XRD120ST-001|A,2023-06-10,SAN CRISTOBAL,XRD120ST-001,A,0.0,0.0,0.0,COINCIDE OK
2023-06-10|SAN CRISTOBAL|XRD120ST-001|B,2023-06-10,SAN CRISTOBAL,XRD120ST-001,B,0.0,0.0,0.0,COINCIDE OK
2023-06-11|SAN CRISTOBAL|XRD120ST-001|A,2023-06-11,SAN CRISTOBAL,XRD120ST-001,A,0.0,0.0,0.0,COINCIDE OK
2023-06-11|SAN CRISTOBAL|XRD120ST-001|B,2023-06-11,SAN CRISTOBAL,XRD120ST-001,B,0.0,0.0,0.0,COINCIDE OK
2023-06-12|SAN CRISTOBAL|XRD120ST-001|A,2023-06-12,SAN CRISTOBAL,XRD120ST-001,A,0.0,0.0,0.0,COINCIDE OK
2023-06-12|SAN CRISTOBAL|XRD120ST-001|B,2023-06-12,SAN CRISTOBAL,XRD120ST-001,B,0.0,0.0,0.0,COINCIDE OK
2023-06-13|SAN CRISTOBAL|XRD120ST-001|A,2023-06-13,SAN CRISTOBAL,XRD120ST-001,A,0.0,0.0,0.0,COINCIDE OK
2023-06-13|SAN CRISTOBAL|XRD120ST-001|B,2023-06-13,SAN CRISTOBAL,XRD120ST-001,B,0.0,0.0,0.0,COINCIDE OK
2023-06-14|SAN CRISTOBAL|XRD120ST-001|A,2023-06-14,SAN CRISTOBAL,XRD120ST-001,A,0.0,0.0,0.0,COINCIDE OK
2023-06-14|SAN CRISTOBAL|XRD120ST-001|B,2023-06-14,SAN CRISTOBAL,XRD120ST-001,B,0.0,0.0,0.0,COINCIDE OK
2023-06-15|SAN CRISTOBAL|XRD120ST-001|A,2023-06-15,SAN CRISTOBAL,XRD120ST-001,A,0.0,0.0,0.0,COINCIDE OK
2023-06-15|SAN CRISTOBAL|XRD120ST-001|B,2023-06-15,SAN CRISTOBAL,XRD120ST-001,B,0.0,0.0,0.0,COINCIDE OK
2023-06-16|SAN CRISTOBAL|XRD120ST-001|A,2023-06-16,SAN CRISTOBAL,XRD120ST-001,A,0.0,0.0,0.0,COINCIDE OK
2023-06-16|SAN CRISTOBAL|XRD120ST-001|B,2023-06-16,SAN CRISTOBAL,XRD120ST-001,B,0.0,0.0,0.0,COINCIDE OK
2023-06-17|SAN CRISTOBAL|XRD120ST-001|A,2023-06-17,SAN CRISTOBAL,XRD120ST-001,A,0.0,0.0,0.0,COINCIDE OK
2023-06-17|SAN CRISTOBAL|XRD120ST-001|B,2023-06-17,SAN CRISTOBAL,XRD120ST-001,B,0.0,0.0,0.0,COINCIDE OK
2023-06-18|SAN CRISTOBAL|XRD120ST-001|A,2023-06-18,SAN CRISTOBAL,XRD120ST-001,A,0.0,0.0,0.0,COINCIDE OK
2023-06-18|SAN CRISTOBAL|XRD120ST-001|B,2023-06-18,SAN CRISTOBAL,XRD120ST-001,B,0.0,0.0,0.0,COINCIDE OK
2023-06-19|SAN CRISTOBAL|XRD120ST-001|A,2023-06-19,SAN CRISTOBAL,XRD120ST-001,A,0.0,0.0,0.0,COINCIDE OK
2023-06-19|SAN CRISTOBAL|XRD120ST-001|B,2023-06-19,SAN CRISTOBAL,XRD120ST-001,B,0.0,0.0,0.0,COINCIDE OK
2023-06-20|SAN CRISTOBAL|XRD120ST-001|A,2023-06-20,SAN CRISTOBAL,XRD120ST-001,A,0.0,0.0,0.0,COINCIDE OK
2023-06-20|SAN CRISTOBAL|XRD120ST-001|B,2023-06-20,SAN CRISTOBAL,XRD120ST-001,B,0.0,0.0,0.0,COINCIDE OK
2023-06-21|SAN CRISTOBAL|XRD120ST-001|A,2023-06-21,SAN CRISTOBAL,XRD120ST-001,A,0.0,0.0,0.0,COINCIDE OK
2023-06-21|SAN CRISTOBAL|XRD120ST-001|B,2023-06-21,SAN CRISTOBAL,XRD120ST-001,B,0.0,0.0,0.0,COINCIDE OK
2023-06-22|SAN CRISTOBAL|XRD120ST-001|A,2023-06-22,SAN CRISTOBAL,XRD120ST-001,A,0.0,0.0,0.0,COINCIDE OK
2023-06-22|SAN CRISTOBAL|XRD120ST-001|B,2023-06-22,SAN CRISTOBAL,XRD120ST-001,B,0.0,0.0,0.0,COINCIDE OK
2023-06-23|SAN CRISTOBAL|XRD120ST-001|A,2023-06-23,SAN CRISTOBAL,XRD120ST-001,A,0.0,0.0,0.0,COINCIDE OK
2023-06-23|SAN CRISTOBAL|XRD120ST-001|B,2023-06-23,SAN CRISTOBAL,XRD120ST-001,B,0.0,0.0,0.0,COINCIDE OK
2023-06-24|SAN CRISTOBAL|XRD120ST-001|A,2023-06-24,SAN CRISTOBAL,XRD120ST-001,A,0.0,0.0,0.0,COINCIDE OK
2023-06-24|SAN CRISTOBAL|XRD120ST-001|B,2023-06-24,SAN CRISTOBAL,XRD120ST-001,B,0.0,0.0,0.0,COINCIDE OK
2023-06-25|SAN CRISTOBAL|XRD120ST-001|A,2023-06-25,SAN CRISTOBAL,XRD120ST-001,A,0.0,0.0,0.0,COINCIDE OK
2023-06-25|SAN CRISTOBAL|XRD120ST-001|B,2023-06-25,SAN CRISTOBAL,XRD120ST-001,B,0.0,0.0,0.0,COINCIDE OK
2023-06-26|CONDESTABLE|XRD80USS-009|A,2023-06-26,CONDESTABLE,XRD80USS-009,A,0.0,0.0,0.0,COINCIDE OK
2023-06-27|CONDESTABLE|XRD80USS-009|A,2023-06-27,CONDESTABLE,XRD80USS-009,A,0.0,0.0,0.0,COINCIDE OK
2023-06-27|CONDESTABLE|XRD80USS-009|B,2023-06-27,CONDESTABLE,XRD80USS-009,B,0.0,0.0,0.0,COINCIDE OK
2023-06-28|CONDESTABLE|XRD80USS-009|A,2023-06-28,CONDESTABLE,XRD80USS-009,A,0.0,0.0,0.0,COINCIDE OK
2023-06-28|CONDESTABLE|XRD80USS-009|B,2023-06-28,CONDESTABLE,XRD80USS-009,B,0.0,0.0,0.0,COINCIDE OK
2023-06-29|CONDESTABLE|XRD80USS-009|A,2023-06-29,CONDESTABLE,XRD80USS-009,A,0.0,0.0,0.0,COINCIDE OK
2023-06-29|CONDESTABLE|XRD80USS-009|B,2023-06-29,CONDESTABLE,XRD80USS-009,B,0.0,0.0,0.0,COINCIDE OK
2023-06-30|CONDESTABLE|XRD80USS-009|A,2023-06-30,CONDESTABLE,XRD80USS-009,A,0.0,0.0,0.0,COINCIDE OK
2023-06-30|CONDESTABLE|XRD80USS-009|B,2023-06-30,CONDESTABLE,XRD80USS-009,B,0.0,0.0,0.0,COINCIDE OK
2023-07-01|CONDESTABLE|XRD80USS-009|A,2023-07-01,CONDESTABLE,XRD80USS-009,A,0.0,0.0,0.0,COINCIDE OK
2023-07-01|CONDESTABLE|XRD80USS-009|B,2023-07-01,CONDESTABLE,XRD80USS-009,B,0.0,0.0,0.0,COINCIDE OK
2023-07-02|CONDESTABLE|XRD80USS-009|A,2023-07-02,CONDESTABLE,XRD80USS-009,A,0.0,0.0,0.0,COINCIDE OK
2023-07-02|CONDESTABLE|XRD80USS-009|B,2023-07-02,CONDESTABLE,XRD80USS-009,B,0.0,0.0,0.0,COINCIDE OK
2023-07-03|CONDESTABLE|XRD80USS-009|A,2023-07-03,CONDESTABLE,XRD80USS-009,A,0.0,0.0,0.0,COINCIDE OK
2023-07-03|CONDESTABLE|XRD80USS-009|B,2023-07-03,CONDESTABLE,XRD80USS-009,B,0.0,0.0,0.0,COINCIDE OK
2023-07-04|CONDESTABLE|XRD80USS-009|A,2023-07-04,CONDESTABLE,XRD80USS-009,A,0.0,0.0,0.0,COINCIDE OK
2023-07-04|CONDESTABLE|XRD80USS-009|B,2023-07-04,CONDESTABLE,XRD80USS-009,B,0.0,0.0,0.0,COINCIDE OK
2023-07-05|CONDESTABLE|XRD80USS-009|A,2023-07-05,CONDESTABLE,XRD80USS-009,A,0.0,0.0,0.0,COINCIDE OK
2023-07-05|CONDESTABLE|XRD80USS-009|B,2023-07-05,CONDESTABLE,XRD80USS-009,B,0.0,0.0,0.0,COINCIDE OK
2023-07-06|CONDESTABLE|XRD80USS-009|A,2023-07-06,CONDESTABLE,XRD80USS-009,A,0.0,0.0,0.0,COINCIDE OK
2023-07-06|CONDESTABLE|XRD80USS-009|B,2023-07-06,CONDESTABLE,XRD80USS-009,B,0.0,0.0,0.0,COINCIDE OK
2023-07-07|CONDESTABLE|XRD80USS-009|A,2023-07-07,CONDESTABLE,XRD80USS-009,A,0.0,0.0,0.0,COINCIDE OK
2023-07-07|CONDESTABLE|XRD80USS-009|B,2023-07-07,CONDESTABLE,XRD80USS-009,B,0.0,0.0,0.0,COINCIDE OK
2023-07-08|CONDESTABLE|XRD80USS-009|A,2023-07-08,CONDESTABLE,XRD80USS-009,A,0.0,0.0,0.0,COINCIDE OK
2023-07-08|CONDESTABLE|XRD80USS-009|B,2023-07-08,CONDESTABLE,XRD80USS-009,B,0.0,0.0,0.0,COINCIDE OK
2023-07-09|CONDESTABLE|XRD80USS-009|A,2023-07-09,CONDESTABLE,XRD80USS-009,A,0.0,0.0,0.0,COINCIDE OK
2023-07-09|CONDESTABLE|XRD80USS-009|B,2023-07-09,CONDESTABLE,XRD80USS-009,B,0.0,0.0,0.0,COINCIDE OK
2023-07-10|CONDESTABLE|XRD80USS-009|A,2023-07-10,CONDESTABLE,XRD80USS-009,A,0.0,0.0,0.0,COINCIDE OK
2023-07-10|CONDESTABLE|XRD80USS-009|B,2023-07-10,CONDESTABLE,XRD80USS-009,B,0.0,0.0,0.0,COINCIDE OK
2023-07-11|CONDESTABLE|XRD80USS-009|A,2023-07-11,CONDESTABLE,XRD80USS-009,A,0.0,0.0,0.0,COINCIDE OK
2023-07-11|CONDESTABLE|XRD80USS-009|B,2023-07-11,CONDESTABLE,XRD80USS-009,B,0.0,0.0,0.0,COINCIDE OK
2023-07-12|CONDESTABLE|XRD80USS-009|A,2023-07-12,CONDESTABLE,XRD80USS-009,A,0.0,0.0,0.0,COINCIDE OK
2023-07-12|CONDESTABLE|XRD80USS-009|B,2023-07-12,CONDESTABLE,XRD80USS-009,B,0.0,0.0,0.0,COINCIDE OK
2023-07-13|CONDESTABLE|XRD80USS-009|A,2023-07-13,CONDESTABLE,XRD80USS-009,A,0.0,0.0,0.0,COINCIDE OK
2023-07-13|CONDESTABLE|XRD80USS-009|B,2023-07-13,CONDESTABLE,XRD80USS-009,B,0.0,0.0,0.0,COINCIDE OK
2023-07-14|CONDESTABLE|XRD80USS-009|A,2023-07-14,CONDESTABLE,XRD80USS-009,A,0.0,0.0,0.0,COINCIDE OK
2023-07-14|CONDESTABLE|XRD80USS-009|B,2023-07-14,CONDESTABLE,XRD80USS-009,B,0.0,0.0,0.0,COINCIDE OK
2023-07-15|CONDESTABLE|XRD80USS-009|A,2023-07-15,CONDESTABLE,XRD80USS-009,A,0.0,0.0,0.0,COINCIDE OK
2023-07-15|CONDESTABLE|XRD80USS-009|B,2023-07-15,CONDESTABLE,XRD80USS-009,B,0.0,0.0,0.0,COINCIDE OK
2023-07-16|CONDESTABLE|XRD80USS-009|A,2023-07-16,CONDESTABLE,XRD80USS-009,A,0.0,0.0,0.0,COINCIDE OK
2023-07-16|CONDESTABLE|XRD80USS-009|B,2023-07-16,CONDESTABLE,XRD80USS-009,B,0.0,0.0,0.0,COINCIDE OK
2023-07-17|CONDESTABLE|XRD80USS-009|A,2023-07-17,CONDESTABLE,XRD80USS-009,A,0.0,0.0,0.0,COINCIDE OK
2023-07-17|CONDESTABLE|XRD80USS-009|B,2023-07-17,CONDESTABLE,XRD80USS-009,B,0.0,0.0,0.0,COINCIDE OK
2023-07-18|CONDESTABLE|XRD80USS-009|A,2023-07-18,CONDESTABLE,XRD80USS-009,A,0.0,0.0,0.0,COINCIDE OK
2023-07-18|CONDESTABLE|XRD80USS-009|B,2023-07-18,CONDESTABLE,XRD80USS-009,B,0.0,0.0,0.0,COINCIDE OK
2023-07-19|CONDESTABLE|XRD80USS-009|A,2023-07-19,CONDESTABLE,XRD80USS-009,A,0.0,0.0,0.0,COINCIDE OK
2023-07-19|CONDESTABLE|XRD80USS-009|B,2023-07-19,CONDESTABLE,XRD80USS-009,B,0.0,0.0,0.0,COINCIDE OK
2023-07-20|CONDESTABLE|XRD80USS-009|A,2023-07-20,CONDESTABLE,XRD80USS-009,A,0.0,0.0,0.0,COINCIDE OK
2023-07-20|CONDESTABLE|XRD80USS-009|B,2023-07-20,CONDESTABLE,XRD80USS-009,B,0.0,0.0,0.0,COINCIDE OK
2023-07-21|CONDESTABLE|XRD80USS-009|A,2023-07-21,CONDESTABLE,XRD80USS-009,A,0.0,0.0,0.0,COINCIDE OK
2023-07-21|CONDESTABLE|XRD80USS-009|B,2023-07-21,CONDESTABLE,XRD80USS-009,B,0.0,0.0,0.0,COINCIDE OK
2023-07-22|CONDESTABLE|XRD80USS-009|A,2023-07-22,CONDESTABLE,XRD80USS-009,A,0.0,0.0,0.0,COINCIDE OK
2023-07-22|CONDESTABLE|XRD80USS-009|B,2023-07-22,CONDESTABLE,XRD80USS-009,B,0.0,0.0,0.0,COINCIDE OK
2023-07-23|CONDESTABLE|XRD80USS-009|A,2023-07-23,CONDESTABLE,XRD80USS-009,A,0.0,0.0,0.0,COINCIDE OK
2023-07-23|CONDESTABLE|XRD80USS-009|B,2023-07-23,CONDESTABLE,XRD80USS-009,B,0.0,0.0,0.0,COINCIDE OK
2023-07-24|CONDESTABLE|XRD80USS-009|A,2023-07-24,CONDESTABLE,XRD80USS-009,A,0.0,0.0,0.0,COINCIDE OK
2023-07-24|CONDESTABLE|XRD80USS-009|B,2023-07-24,CONDESTABLE,XRD80USS-009,B,0.0,0.0,0.0,COINCIDE OK
2023-07-25|CONDESTABLE|XRD80USS-009|A,2023-07-25,CONDESTABLE,XRD80USS-009,A,0.0,0.0,0.0,COINCIDE OK
2023-07-25|CONDESTABLE|XRD80USS-009|B,2023-07-25,CONDESTABLE,XRD80USS-009,B,0.0,0.0,0.0,COINCIDE OK
2023-07-26|CONDESTABLE|XRD80USS-009|A,2023-07-26,CONDESTABLE,XRD80USS-009,A,0.0,0.0,0.0,COINCIDE OK
2023-07-26|CONDESTABLE|XRD80USS-009|B,2023-07-26,CONDESTABLE,XRD80USS-009,B,0.0,0.0,0.0,COINCIDE OK
2023-08-26|CATALINA HUANCA|XRD90U-018|A,2023-08-26,CATALINA HUANCA,XRD90U-018,A,0.0,0.0,0.0,COINCIDE OK
2023-08-26|CONDESTABLE|XRD50USS-002|A,2023-08-26,CONDESTABLE,XRD50USS-002,A,0.0,0.0,0.0,COINCIDE OK
2023-08-27|CATALINA HUANCA|XRD90U-018|A,2023-08-27,CATALINA HUANCA,XRD90U-018,A,0.0,0.0,0.0,COINCIDE OK
2023-08-27|CATALINA HUANCA|XRD90U-018|B,2023-08-27,CATALINA HUANCA,XRD90U-018,B,0.0,0.0,0.0,COINCIDE OK
2023-08-27|CONDESTABLE|XRD50USS-002|A,2023-08-27,CONDESTABLE,XRD50USS-002,A,0.0,0.0,0.0,COINCIDE OK
2023-08-27|CONDESTABLE|XRD50USS-002|B,2023-08-27,CONDESTABLE,XRD50USS-002,B,0.0,0.0,0.0,COINCIDE OK
2023-08-28|CATALINA HUANCA|XRD90U-018|A,2023-08-28,CATALINA HUANCA,XRD90U-018,A,0.0,0.0,0.0,COINCIDE OK
2023-08-28|CATALINA HUANCA|XRD90U-018|B,2023-08-28,CATALINA HUANCA,XRD90U-018,B,0.0,0.0,0.0,COINCIDE OK
2023-08-28|CONDESTABLE|XRD50USS-002|A,2023-08-28,CONDESTABLE,XRD50USS-002,A,0.0,0.0,0.0,COINCIDE OK
2023-08-28|CONDESTABLE|XRD50USS-002|B,2023-08-28,CONDESTABLE,XRD50USS-002,B,0.0,0.0,0.0,COINCIDE OK
2023-08-29|CATALINA HUANCA|XRD90U-018|A,2023-08-29,CATALINA HUANCA,XRD90U-018,A,0.0,0.0,0.0,COINCIDE OK
2023-08-29|CATALINA HUANCA|XRD90U-018|B,2023-08-29,CATALINA HUANCA,XRD90U-018,B,0.0,0.0,0.0,COINCIDE OK
2023-08-29|CONDESTABLE|XRD50USS-002|A,2023-08-29,CONDESTABLE,XRD50USS-002,A,0.0,0.0,0.0,COINCIDE OK
2023-08-29|CONDESTABLE|XRD50USS-002|B,2023-08-29,CONDESTABLE,XRD50USS-002,B,0.0,0.0,0.0,COINCIDE OK
2023-08-30|CATALINA HUANCA|XRD90U-018|A,2023-08-30,CATALINA HUANCA,XRD90U-018,A,0.0,0.0,0.0,COINCIDE OK
2023-08-30|CATALINA HUANCA|XRD90U-018|B,2023-08-30,CATALINA HUANCA,XRD90U-018,B,0.0,0.0,0.0,COINCIDE OK
2023-08-30|CONDESTABLE|XRD50USS-002|A,2023-08-30,CONDESTABLE,XRD50USS-002,A,0.0,0.0,0.0,COINCIDE OK
2023-08-30|CONDESTABLE|XRD50USS-002|B,2023-08-30,CONDESTABLE,XRD50USS-002,B,0.0,0.0,0.0,COINCIDE OK
2023-08-31|CATALINA HUANCA|XRD90U-018|A,2023-08-31,CATALINA HUANCA,XRD90U-018,A,0.0,0.0,0.0,COINCIDE OK
2023-08-31|CATALINA HUANCA|XRD90U-018|B,2023-08-31,CATALINA HUANCA,XRD90U-018,B,0.0,0.0,0.0,COINCIDE OK
2023-08-31|CONDESTABLE|XRD50USS-002|A,2023-08-31,CONDESTABLE,XRD50USS-002,A,0.0,0.0,0.0,COINCIDE OK
2023-08-31|CONDESTABLE|XRD50USS-002|B,2023-08-31,CONDESTABLE,XRD50USS-002,B,0.0,0.0,0.0,COINCIDE OK
2023-09-01|CATALINA HUANCA|XRD90U-018|A,2023-09-01,CATALINA HUANCA,XRD90U-018,A,0.0,0.0,0.0,COINCIDE OK
2023-09-01|CATALINA HUANCA|XRD90U-018|B,2023-09-01,CATALINA HUANCA,XRD90U-018,B,0.0,0.0,0.0,COINCIDE OK
2023-09-01|CONDESTABLE|XRD50USS-002|A,2023-09-01,CONDESTABLE,XRD50USS-002,A,0.0,0.0,0.0,COINCIDE OK
2023-09-01|CONDESTABLE|XRD50USS-002|B,2023-09-01,CONDESTABLE,XRD50USS-002,B,0.0,0.0,0.0,COINCIDE OK
2023-09-02|CATALINA HUANCA|XRD90U-018|A,2023-09-02,CATALINA HUANCA,XRD90U-018,A,0.0,0.0,0.0,COINCIDE OK
2023-09-02|CATALINA HUANCA|XRD90U-018|B,2023-09-02,CATALINA HUANCA,XRD90U-018,B,0.0,0.0,0.0,COINCIDE OK
2023-09-02|CONDESTABLE|XRD50USS-002|A,2023-09-02,CONDESTABLE,XRD50USS-002,A,0.0,0.0,0.0,COINCIDE OK
2023-09-02|CONDESTABLE|XRD50USS-002|B,2023-09-02,CONDESTABLE,XRD50USS-002,B,0.0,0.0,0.0,COINCIDE OK
2023-09-03|CATALINA HUANCA|XRD90U-018|A,2023-09-03,CATALINA HUANCA,XRD90U-018,A,0.0,0.0,0.0,COINCIDE OK
2023-09-03|CATALINA HUANCA|XRD90U-018|B,2023-09-03,CATALINA HUANCA,XRD90U-018,B,0.0,0.0,0.0,COINCIDE OK
2023-09-03|CONDESTABLE|XRD50USS-002|A,2023-09-03,CONDESTABLE,XRD50USS-002,A,0.0,0.0,0.0,COINCIDE OK
2023-09-03|CONDESTABLE|XRD50USS-002|B,2023-09-03,CONDESTABLE,XRD50USS-002,B,0.0,0.0,0.0,COINCIDE OK
2023-09-04|CATALINA HUANCA|XRD90U-018|A,2023-09-04,CATALINA HUANCA,XRD90U-018,A,0.0,0.0,0.0,COINCIDE OK
2023-09-04|CATALINA HUANCA|XRD90U-018|B,2023-09-04,CATALINA HUANCA,XRD90U-018,B,0.0,0.0,0.0,COINCIDE OK
2023-09-04|CONDESTABLE|XRD50USS-002|A,2023-09-04,CONDESTABLE,XRD50USS-002,A,0.0,0.0,0.0,COINCIDE OK
2023-09-04|CONDESTABLE|XRD50USS-002|B,2023-09-04,CONDESTABLE,XRD50USS-002,B,0.0,0.0,0.0,COINCIDE OK
2023-09-05|CATALINA HUANCA|XRD90U-018|A,2023-09-05,CATALINA HUANCA,XRD90U-018,A,0.0,0.0,0.0,COINCIDE OK
2023-09-05|CATALINA HUANCA|XRD90U-018|B,2023-09-05,CATALINA HUANCA,XRD90U-018,B,0.0,0.0,0.0,COINCIDE OK
2023-09-05|CONDESTABLE|XRD50USS-002|A,2023-09-05,CONDESTABLE,XRD50USS-002,A,0.0,0.0,0.0,COINCIDE OK
2023-09-05|CONDESTABLE|XRD50USS-002|B,2023-09-05,CONDESTABLE,XRD50USS-002,B,0.0,0.0,0.0,COINCIDE OK
2023-09-06|CATALINA HUANCA|XRD90U-018|A,2023-09-06,CATALINA HUANCA,XRD90U-018,A,0.0,0.0,0.0,COINCIDE OK
2023-09-06|CATALINA HUANCA|XRD90U-018|B,2023-09-06,CATALINA HUANCA,XRD90U-018,B,0.0,0.0,0.0,COINCIDE OK
2023-09-06|CONDESTABLE|XRD50USS-002|A,2023-09-06,CONDESTABLE,XRD50USS-002,A,0.0,0.0,0.0,COINCIDE OK
2023-09-06|CONDESTABLE|XRD50USS-002|B,2023-09-06,CONDESTABLE,XRD50USS-002,B,0.0,0.0,0.0,COINCIDE OK
2023-09-07|CATALINA HUANCA|XRD90U-018|A,2023-09-07,CATALINA HUANCA,XRD90U-018,A,0.0,0.0,0.0,COINCIDE OK
2023-09-07|CATALINA HUANCA|XRD90U-018|B,2023-09-07,CATALINA HUANCA,XRD90U-018,B,0.0,0.0,0.0,COINCIDE OK
2023-09-07|CONDESTABLE|XRD50USS-002|A,2023-09-07,CONDESTABLE,XRD50USS-002,A,0.0,0.0,0.0,COINCIDE OK
2023-09-07|CONDESTABLE|XRD50USS-002|B,2023-09-07,CONDESTABLE,XRD50USS-002,B,0.0,0.0,0.0,COINCIDE OK
2023-09-08|CATALINA HUANCA|XRD90U-018|A,2023-09-08,CATALINA HUANCA,XRD90U-018,A,0.0,0.0,0.0,COINCIDE OK
2023-09-08|CATALINA HUANCA|XRD90U-018|B,2023-09-08,CATALINA HUANCA,XRD90U-018,B,0.0,0.0,0.0,COINCIDE OK
2023-09-08|CONDESTABLE|XRD50USS-002|A,2023-09-08,CONDESTABLE,XRD50USS-002,A,0.0,0.0,0.0,COINCIDE OK
2023-09-08|CONDESTABLE|XRD50USS-002|B,2023-09-08,CONDESTABLE,XRD50USS-002,B,0.0,0.0,0.0,COINCIDE OK
2023-09-09|CATALINA HUANCA|XRD90U-018|A,2023-09-09,CATALINA HUANCA,XRD90U-018,A,0.0,0.0,0.0,COINCIDE OK
2023-09-09|CATALINA HUANCA|XRD90U-018|B,2023-09-09,CATALINA HUANCA,XRD90U-018,B,0.0,0.0,0.0,COINCIDE OK
2023-09-09|CONDESTABLE|XRD50USS-002|A,2023-09-09,CONDESTABLE,XRD50USS-002,A,0.0,0.0,0.0,COINCIDE OK
2023-09-09|CONDESTABLE|XRD50USS-002|B,2023-09-09,CONDESTABLE,XRD50USS-002,B,0.0,0.0,0.0,COINCIDE OK
2023-09-10|CATALINA HUANCA|XRD90U-018|A,2023-09-10,CATALINA HUANCA,XRD90U-018,A,0.0,0.0,0.0,COINCIDE OK
2023-09-10|CATALINA HUANCA|XRD90U-018|B,2023-09-10,CATALINA HUANCA,XRD90U-018,B,0.0,0.0,0.0,COINCIDE OK
2023-09-10|CONDESTABLE|XRD50USS-002|A,2023-09-10,CONDESTABLE,XRD50USS-002,A,0.0,0.0,0.0,COINCIDE OK
2023-09-10|CONDESTABLE|XRD50USS-002|B,2023-09-10,CONDESTABLE,XRD50USS-002,B,0.0,0.0,0.0,COINCIDE OK
2023-09-11|CATALINA HUANCA|XRD90U-018|A,2023-09-11,CATALINA HUANCA,XRD90U-018,A,0.0,0.0,0.0,COINCIDE OK
2023-09-11|CATALINA HUANCA|XRD90U-018|B,2023-09-11,CATALINA HUANCA,XRD90U-018,B,0.0,0.0,0.0,COINCIDE OK
2023-09-11|CONDESTABLE|XRD50USS-002|A,2023-09-11,CONDESTABLE,XRD50USS-002,A,0.0,0.0,0.0,COINCIDE OK
2023-09-11|CONDESTABLE|XRD50USS-002|B,2023-09-11,CONDESTABLE,XRD50USS-002,B,0.0,0.0,0.0,COINCIDE OK
2023-09-12|CATALINA HUANCA|XRD90U-018|A,2023-09-12,CATALINA HUANCA,XRD90U-018,A,0.0,0.0,0.0,COINCIDE OK
2023-09-12|CATALINA HUANCA|XRD90U-018|B,2023-09-12,CATALINA HUANCA,XRD90U-018,B,0.0,0.0,0.0,COINCIDE OK
2023-09-12|CONDESTABLE|XRD50USS-002|A,2023-09-12,CONDESTABLE,XRD50USS-002,A,0.0,0.0,0.0,COINCIDE OK
2023-09-12|CONDESTABLE|XRD50USS-002|B,2023-09-12,CONDESTABLE,XRD50USS-002,B,0.0,0.0,0.0,COINCIDE OK
2023-09-13|CATALINA HUANCA|XRD90U-018|A,2023-09-13,CATALINA HUANCA,XRD90U-018,A,0.0,0.0,0.0,COINCIDE OK
2023-09-13|CATALINA HUANCA|XRD90U-018|B,2023-09-13,CATALINA HUANCA,XRD90U-018,B,0.0,0.0,0.0,COINCIDE OK
2023-09-13|CONDESTABLE|XRD50USS-002|A,2023-09-13,CONDESTABLE,XRD50USS-002,A,0.0,0.0,0.0,COINCIDE OK
2023-09-13|CONDESTABLE|XRD50USS-002|B,2023-09-13,CONDESTABLE,XRD50USS-002,B,0.0,0.0,0.0,COINCIDE OK
2023-09-14|CATALINA HUANCA|XRD90U-018|A,2023-09-14,CATALINA HUANCA,XRD90U-018,A,0.0,0.0,0.0,COINCIDE OK
2023-09-14|CATALINA HUANCA|XRD90U-018|B,2023-09-14,CATALINA HUANCA,XRD90U-018,B,0.0,0.0,0.0,COINCIDE OK
2023-09-14|CONDESTABLE|XRD50USS-002|A,2023-09-14,CONDESTABLE,XRD50USS-002,A,0.0,0.0,0.0,COINCIDE OK
2023-09-14|CONDESTABLE|XRD50USS-002|B,2023-09-14,CONDESTABLE,XRD50USS-002,B,0.0,0.0,0.0,COINCIDE OK
2023-09-15|CATALINA HUANCA|XRD90U-018|A,2023-09-15,CATALINA HUANCA,XRD90U-018,A,0.0,0.0,0.0,COINCIDE OK
2023-09-15|CATALINA HUANCA|XRD90U-018|B,2023-09-15,CATALINA HUANCA,XRD90U-018,B,0.0,0.0,0.0,COINCIDE OK
2023-09-15|CONDESTABLE|XRD50USS-002|A,2023-09-15,CONDESTABLE,XRD50USS-002,A,0.0,0.0,0.0,COINCIDE OK
2023-09-15|CONDESTABLE|XRD50USS-002|B,2023-09-15,CONDESTABLE,XRD50USS-002,B,0.0,0.0,0.0,COINCIDE OK
2023-09-16|CATALINA HUANCA|XRD90U-018|A,2023-09-16,CATALINA HUANCA,XRD90U-018,A,0.0,0.0,0.0,COINCIDE OK
2023-09-16|CATALINA HUANCA|XRD90U-018|B,2023-09-16,CATALINA HUANCA,XRD90U-018,B,0.0,0.0,0.0,COINCIDE OK
2023-09-16|CONDESTABLE|XRD50USS-002|A,2023-09-16,CONDESTABLE,XRD50USS-002,A,0.0,0.0,0.0,COINCIDE OK
2023-09-16|CONDESTABLE|XRD50USS-002|B,2023-09-16,CONDESTABLE,XRD50USS-002,B,0.0,0.0,0.0,COINCIDE OK
2023-09-17|CATALINA HUANCA|XRD90U-018|A,2023-09-17,CATALINA HUANCA,XRD90U-018,A,0.0,0.0,0.0,COINCIDE OK
2023-09-17|CATALINA HUANCA|XRD90U-018|B,2023-09-17,CATALINA HUANCA,XRD90U-018,B,0.0,0.0,0.0,COINCIDE OK
2023-09-17|CONDESTABLE|XRD50USS-002|A,2023-09-17,CONDESTABLE,XRD50USS-002,A,0.0,0.0,0.0,COINCIDE OK
2023-09-17|CONDESTABLE|XRD50USS-002|B,2023-09-17,CONDESTABLE,XRD50USS-002,B,0.0,0.0,0.0,COINCIDE OK
2023-09-18|CATALINA HUANCA|XRD90U-018|A,2023-09-18,CATALINA HUANCA,XRD90U-018,A,0.0,0.0,0.0,COINCIDE OK
2023-09-18|CATALINA HUANCA|XRD90U-018|B,2023-09-18,CATALINA HUANCA,XRD90U-018,B,0.0,0.0,0.0,COINCIDE OK
2023-09-18|CONDESTABLE|XRD50USS-002|A,2023-09-18,CONDESTABLE,XRD50USS-002,A,0.0,0.0,0.0,COINCIDE OK
2023-09-18|CONDESTABLE|XRD50USS-002|B,2023-09-18,CONDESTABLE,XRD50USS-002,B,0.0,0.0,0.0,COINCIDE OK
2023-09-19|CATALINA HUANCA|XRD90U-018|A,2023-09-19,CATALINA HUANCA,XRD90U-018,A,0.0,0.0,0.0,COINCIDE OK
2023-09-19|CATALINA HUANCA|XRD90U-018|B,2023-09-19,CATALINA HUANCA,XRD90U-018,B,0.0,0.0,0.0,COINCIDE OK
2023-09-19|CONDESTABLE|XRD50USS-002|A,2023-09-19,CONDESTABLE,XRD50USS-002,A,0.0,0.0,0.0,COINCIDE OK
2023-09-19|CONDESTABLE|XRD50USS-002|B,2023-09-19,CONDESTABLE,XRD50USS-002,B,0.0,0.0,0.0,COINCIDE OK
2023-09-20|CATALINA HUANCA|XRD90U-018|A,2023-09-20,CATALINA HUANCA,XRD90U-018,A,0.0,0.0,0.0,COINCIDE OK
2023-09-20|CATALINA HUANCA|XRD90U-018|B,2023-09-20,CATALINA HUANCA,XRD90U-018,B,0.0,0.0,0.0,COINCIDE OK
2023-09-20|CONDESTABLE|XRD50USS-002|A,2023-09-20,CONDESTABLE,XRD50USS-002,A,0.0,0.0,0.0,COINCIDE OK
2023-09-20|CONDESTABLE|XRD50USS-002|B,2023-09-20,CONDESTABLE,XRD50USS-002,B,0.0,0.0,0.0,COINCIDE OK
2023-09-21|CATALINA HUANCA|XRD90U-018|A,2023-09-21,CATALINA HUANCA,XRD90U-018,A,0.0,0.0,0.0,COINCIDE OK
2023-09-21|CATALINA HUANCA|XRD90U-018|B,2023-09-21,CATALINA HUANCA,XRD90U-018,B,0.0,0.0,0.0,COINCIDE OK
2023-09-21|CONDESTABLE|XRD50USS-002|A,2023-09-21,CONDESTABLE,XRD50USS-002,A,0.0,0.0,0.0,COINCIDE OK
2023-09-21|CONDESTABLE|XRD50USS-002|B,2023-09-21,CONDESTABLE,XRD50USS-002,B,0.0,0.0,0.0,COINCIDE OK
2023-09-22|CATALINA HUANCA|XRD90U-018|A,2023-09-22,CATALINA HUANCA,XRD90U-018,A,0.0,0.0,0.0,COINCIDE OK
2023-09-22|CATALINA HUANCA|XRD90U-018|B,2023-09-22,CATALINA HUANCA,XRD90U-018,B,0.0,0.0,0.0,COINCIDE OK
2023-09-22|CONDESTABLE|XRD50USS-002|A,2023-09-22,CONDESTABLE,XRD50USS-002,A,0.0,0.0,0.0,COINCIDE OK
2023-09-22|CONDESTABLE|XRD50USS-002|B,2023-09-22,CONDESTABLE,XRD50USS-002,B,0.0,0.0,0.0,COINCIDE OK
2023-09-23|CATALINA HUANCA|XRD90U-018|A,2023-09-23,CATALINA HUANCA,XRD90U-018,A,0.0,0.0,0.0,COINCIDE OK
2023-09-23|CATALINA HUANCA|XRD90U-018|B,2023-09-23,CATALINA HUANCA,XRD90U-018,B,0.0,0.0,0.0,COINCIDE OK
2023-09-23|CONDESTABLE|XRD50USS-002|A,2023-09-23,CONDESTABLE,XRD50USS-002,A,0.0,0.0,0.0,COINCIDE OK
2023-09-23|CONDESTABLE|XRD50USS-002|B,2023-09-23,CONDESTABLE,XRD50USS-002,B,0.0,0.0,0.0,COINCIDE OK
2023-09-24|CATALINA HUANCA|XRD90U-018|A,2023-09-24,CATALINA HUANCA,XRD90U-018,A,0.0,0.0,0.0,COINCIDE OK
2023-09-24|CATALINA HUANCA|XRD90U-018|B,2023-09-24,CATALINA HUANCA,XRD90U-018,B,0.0,0.0,0.0,COINCIDE OK
2023-09-24|CONDESTABLE|XRD50USS-002|A,2023-09-24,CONDESTABLE,XRD50USS-002,A,0.0,0.0,0.0,COINCIDE OK
2023-09-24|CONDESTABLE|XRD50USS-002|B,2023-09-24,CONDESTABLE,XRD50USS-002,B,0.0,0.0,0.0,COINCIDE OK
2023-09-25|CATALINA HUANCA|XRD90U-018|A,2023-09-25,CATALINA HUANCA,XRD90U-018,A,0.0,0.0,0.0,COINCIDE OK
2023-09-25|CATALINA HUANCA|XRD90U-018|B,2023-09-25,CATALINA HUANCA,XRD90U-018,B,0.0,0.0,0.0,COINCIDE OK
2023-09-25|CONDESTABLE|XRD50USS-002|A,2023-09-25,CONDESTABLE,XRD50USS-002,A,0.0,0.0,0.0,COINCIDE OK
2023-09-25|CONDESTABLE|XRD50USS-002|B,2023-09-25,CONDESTABLE,XRD50USS-002,B,0.0,0.0,0.0,COINCIDE OK
2023-10-26|SAN CRISTOBAL|LM75U-011|A,2023-10-26,SAN CRISTOBAL,LM75U-011,A,0.0,0.0,0.0,COINCIDE OK
2023-10-27|SAN CRISTOBAL|LM75U-011|A,2023-10-27,SAN CRISTOBAL,LM75U-011,A,0.0,0.0,0.0,COINCIDE OK
2023-10-27|SAN CRISTOBAL|LM75U-011|B,2023-10-27,SAN CRISTOBAL,LM75U-011,B,0.0,0.0,0.0,COINCIDE OK
2023-10-28|SAN CRISTOBAL|LM75U-011|A,2023-10-28,SAN CRISTOBAL,LM75U-011,A,0.0,0.0,0.0,COINCIDE OK
2023-10-28|SAN CRISTOBAL|LM75U-011|B,2023-10-28,SAN CRISTOBAL,LM75U-011,B,0.0,0.0,0.0,COINCIDE OK
2023-10-29|SAN CRISTOBAL|LM75U-011|A,2023-10-29,SAN CRISTOBAL,LM75U-011,A,0.0,0.0,0.0,COINCIDE OK
2023-10-29|SAN CRISTOBAL|LM75U-011|B,2023-10-29,SAN CRISTOBAL,LM75U-011,B,0.0,0.0,0.0,COINCIDE OK
2023-10-30|SAN CRISTOBAL|LM75U-011|A,2023-10-30,SAN CRISTOBAL,LM75U-011,A,0.0,0.0,0.0,COINCIDE OK
2023-10-30|SAN CRISTOBAL|LM75U-011|B,2023-10-30,SAN CRISTOBAL,LM75U-011,B,0.0,0.0,0.0,COINCIDE OK
2023-10-31|SAN CRISTOBAL|LM75U-011|A,2023-10-31,SAN CRISTOBAL,LM75U-011,A,0.0,0.0,0.0,COINCIDE OK
2023-10-31|SAN CRISTOBAL|LM75U-011|B,2023-10-31,SAN CRISTOBAL,LM75U-011,B,0.0,0.0,0.0,COINCIDE OK
2023-11-01|SAN CRISTOBAL|LM75U-011|A,2023-11-01,SAN CRISTOBAL,LM75U-011,A,0.0,0.0,0.0,COINCIDE OK
2023-11-01|SAN CRISTOBAL|LM75U-011|B,2023-11-01,SAN CRISTOBAL,LM75U-011,B,0.0,0.0,0.0,COINCIDE OK
2023-11-02|SAN CRISTOBAL|LM75U-011|A,2023-11-02,SAN CRISTOBAL,LM75U-011,A,0.0,0.0,0.0,COINCIDE OK
2023-11-02|SAN CRISTOBAL|LM75U-011|B,2023-11-02,SAN CRISTOBAL,LM75U-011,B,0.0,0.0,0.0,COINCIDE OK
2023-11-03|SAN CRISTOBAL|LM75U-011|A,2023-11-03,SAN CRISTOBAL,LM75U-011,A,0.0,0.0,0.0,COINCIDE OK
2023-11-03|SAN CRISTOBAL|LM75U-011|B,2023-11-03,SAN CRISTOBAL,LM75U-011,B,0.0,0.0,0.0,COINCIDE OK
2023-11-04|SAN CRISTOBAL|LM75U-011|A,2023-11-04,SAN CRISTOBAL,LM75U-011,A,0.0,0.0,0.0,COINCIDE OK
2023-11-04|SAN CRISTOBAL|LM75U-011|B,2023-11-04,SAN CRISTOBAL,LM75U-011,B,0.0,0.0,0.0,COINCIDE OK
2023-11-05|SAN CRISTOBAL|LM75U-011|A,2023-11-05,SAN CRISTOBAL,LM75U-011,A,0.0,0.0,0.0,COINCIDE OK
2023-11-05|SAN CRISTOBAL|LM75U-011|B,2023-11-05,SAN CRISTOBAL,LM75U-011,B,0.0,0.0,0.0,COINCIDE OK
2023-11-06|SAN CRISTOBAL|LM75U-011|A,2023-11-06,SAN CRISTOBAL,LM75U-011,A,0.0,0.0,0.0,COINCIDE OK
2023-11-06|SAN CRISTOBAL|LM75U-011|B,2023-11-06,SAN CRISTOBAL,LM75U-011,B,0.0,0.0,0.0,COINCIDE OK
2023-11-07|SAN CRISTOBAL|LM75U-011|A,2023-11-07,SAN CRISTOBAL,LM75U-011,A,0.0,0.0,0.0,COINCIDE OK
2023-11-07|SAN CRISTOBAL|LM75U-011|B,2023-11-07,SAN CRISTOBAL,LM75U-011,B,0.0,0.0,0.0,COINCIDE OK
2023-11-08|SAN CRISTOBAL|LM75U-011|A,2023-11-08,SAN CRISTOBAL,LM75U-011,A,0.0,0.0,0.0,COINCIDE OK
2023-11-08|SAN CRISTOBAL|LM75U-011|B,2023-11-08,SAN CRISTOBAL,LM75U-011,B,0.0,0.0,0.0,COINCIDE OK
2023-11-09|SAN CRISTOBAL|LM75U-011|A,2023-11-09,SAN CRISTOBAL,LM75U-011,A,0.0,0.0,0.0,COINCIDE OK
2023-11-09|SAN CRISTOBAL|LM75U-011|B,2023-11-09,SAN CRISTOBAL,LM75U-011,B,0.0,0.0,0.0,COINCIDE OK
2023-11-10|SAN CRISTOBAL|LM75U-011|A,2023-11-10,SAN CRISTOBAL,LM75U-011,A,0.0,0.0,0.0,COINCIDE OK
2023-11-10|SAN CRISTOBAL|LM75U-011|B,2023-11-10,SAN CRISTOBAL,LM75U-011,B,0.0,0.0,0.0,COINCIDE OK
2023-11-11|SAN CRISTOBAL|LM75U-011|A,2023-11-11,SAN CRISTOBAL,LM75U-011,A,0.0,0.0,0.0,COINCIDE OK
2023-11-11|SAN CRISTOBAL|LM75U-011|B,2023-11-11,SAN CRISTOBAL,LM75U-011,B,0.0,0.0,0.0,COINCIDE OK
2023-11-12|SAN CRISTOBAL|LM75U-011|A,2023-11-12,SAN CRISTOBAL,LM75U-011,A,0.0,0.0,0.0,COINCIDE OK
2023-11-12|SAN CRISTOBAL|LM75U-011|B,2023-11-12,SAN CRISTOBAL,LM75U-011,B,0.0,0.0,0.0,COINCIDE OK
2023-11-13|SAN CRISTOBAL|LM75U-011|A,2023-11-13,SAN CRISTOBAL,LM75U-011,A,0.0,0.0,0.0,COINCIDE OK
2023-11-13|SAN CRISTOBAL|LM75U-011|B,2023-11-13,SAN CRISTOBAL,LM75U-011,B,0.0,0.0,0.0,COINCIDE OK
2023-11-14|SAN CRISTOBAL|LM75U-011|A,2023-11-14,SAN CRISTOBAL,LM75U-011,A,0.0,0.0,0.0,COINCIDE OK
2023-11-14|SAN CRISTOBAL|LM75U-011|B,2023-11-14,SAN CRISTOBAL,LM75U-011,B,0.0,0.0,0.0,COINCIDE OK
2023-11-15|SAN CRISTOBAL|LM75U-011|A,2023-11-15,SAN CRISTOBAL,LM75U-011,A,0.0,0.0,0.0,COINCIDE OK
2023-11-15|SAN CRISTOBAL|LM75U-011|B,2023-11-15,SAN CRISTOBAL,LM75U-011,B,0.0,0.0,0.0,COINCIDE OK
2023-11-16|SAN CRISTOBAL|LM75U-011|A,2023-11-16,SAN CRISTOBAL,LM75U-011,A,0.0,0.0,0.0,COINCIDE OK
2023-11-16|SAN CRISTOBAL|LM75U-011|B,2023-11-16,SAN CRISTOBAL,LM75U-011,B,0.0,0.0,0.0,COINCIDE OK
2023-11-17|SAN CRISTOBAL|LM75U-011|A,2023-11-17,SAN CRISTOBAL,LM75U-011,A,0.0,0.0,0.0,COINCIDE OK
2023-11-17|SAN CRISTOBAL|LM75U-011|B,2023-11-17,SAN CRISTOBAL,LM75U-011,B,0.0,0.0,0.0,COINCIDE OK
2023-11-18|SAN CRISTOBAL|LM75U-011|A,2023-11-18,SAN CRISTOBAL,LM75U-011,A,0.0,0.0,0.0,COINCIDE OK
2023-11-18|SAN CRISTOBAL|LM75U-011|B,2023-11-18,SAN CRISTOBAL,LM75U-011,B,0.0,0.0,0.0,COINCIDE OK
2023-11-19|SAN CRISTOBAL|LM75U-011|A,2023-11-19,SAN CRISTOBAL,LM75U-011,A,0.0,0.0,0.0,COINCIDE OK
2023-11-19|SAN CRISTOBAL|LM75U-011|B,2023-11-19,SAN CRISTOBAL,LM75U-011,B,0.0,0.0,0.0,COINCIDE OK
2023-11-20|SAN CRISTOBAL|LM75U-011|A,2023-11-20,SAN CRISTOBAL,LM75U-011,A,0.0,0.0,0.0,COINCIDE OK
2023-11-20|SAN CRISTOBAL|LM75U-011|B,2023-11-20,SAN CRISTOBAL,LM75U-011,B,0.0,0.0,0.0,COINCIDE OK
2023-11-21|SAN CRISTOBAL|LM75U-011|A,2023-11-21,SAN CRISTOBAL,LM75U-011,A,0.0,0.0,0.0,COINCIDE OK
2023-11-21|SAN CRISTOBAL|LM75U-011|B,2023-11-21,SAN CRISTOBAL,LM75U-011,B,0.0,0.0,0.0,COINCIDE OK
2023-11-22|SAN CRISTOBAL|LM75U-011|A,2023-11-22,SAN CRISTOBAL,LM75U-011,A,0.0,0.0,0.0,COINCIDE OK
2023-11-22|SAN CRISTOBAL|LM75U-011|B,2023-11-22,SAN CRISTOBAL,LM75U-011,B,0.0,0.0,0.0,COINCIDE OK
2023-11-23|SAN CRISTOBAL|LM75U-011|A,2023-11-23,SAN CRISTOBAL,LM75U-011,A,0.0,0.0,0.0,COINCIDE OK
2023-11-23|SAN CRISTOBAL|LM75U-011|B,2023-11-23,SAN CRISTOBAL,LM75U-011,B,0.0,0.0,0.0,COINCIDE OK
2023-11-24|SAN CRISTOBAL|LM75U-011|A,2023-11-24,SAN CRISTOBAL,LM75U-011,A,0.0,0.0,0.0,COINCIDE OK
2023-11-24|SAN CRISTOBAL|LM75U-011|B,2023-11-24,SAN CRISTOBAL,LM75U-011,B,0.0,0.0,0.0,COINCIDE OK
2023-11-25|SAN CRISTOBAL|LM75U-011|A,2023-11-25,SAN CRISTOBAL,LM75U-011,A,0.0,0.0,0.0,COINCIDE OK
2023-11-25|SAN CRISTOBAL|LM75U-011|B,2023-11-25,SAN CRISTOBAL,LM75U-011,B,0.0,0.0,0.0,COINCIDE OK
2023-11-26|CHUNGAR|XRD90U-001|A,2023-11-26,CHUNGAR,XRD90U-001,A,0.0,0.0,0.0,COINCIDE OK
2023-11-26|CONDESTABLE|XRD50USS-003|A,2023-11-26,CONDESTABLE,XRD50USS-003,A,0.0,0.0,0.0,COINCIDE OK
2023-11-26|SAN CRISTOBAL|XRD80U-012|A,2023-11-26,SAN CRISTOBAL,XRD80U-012,A,0.0,0.0,0.0,COINCIDE OK
2023-11-27|CHUNGAR|XRD90U-001|A,2023-11-27,CHUNGAR,XRD90U-001,A,0.0,0.0,0.0,COINCIDE OK
2023-11-27|CHUNGAR|XRD90U-001|B,2023-11-27,CHUNGAR,XRD90U-001,B,0.0,0.0,0.0,COINCIDE OK
2023-11-27|CONDESTABLE|XRD50USS-003|A,2023-11-27,CONDESTABLE,XRD50USS-003,A,0.0,0.0,0.0,COINCIDE OK
2023-11-27|CONDESTABLE|XRD50USS-003|B,2023-11-27,CONDESTABLE,XRD50USS-003,B,0.0,0.0,0.0,COINCIDE OK
2023-11-27|SAN CRISTOBAL|XRD80U-012|A,2023-11-27,SAN CRISTOBAL,XRD80U-012,A,0.0,0.0,0.0,COINCIDE OK
2023-11-27|SAN CRISTOBAL|XRD80U-012|B,2023-11-27,SAN CRISTOBAL,XRD80U-012,B,0.0,0.0,0.0,COINCIDE OK
2023-11-28|CHUNGAR|XRD90U-001|A,2023-11-28,CHUNGAR,XRD90U-001,A,0.0,0.0,0.0,COINCIDE OK
2023-11-28|CHUNGAR|XRD90U-001|B,2023-11-28,CHUNGAR,XRD90U-001,B,0.0,0.0,0.0,COINCIDE OK
2023-11-28|CONDESTABLE|XRD50USS-003|A,2023-11-28,CONDESTABLE,XRD50USS-003,A,0.0,0.0,0.0,COINCIDE OK
2023-11-28|CONDESTABLE|XRD50USS-003|B,2023-11-28,CONDESTABLE,XRD50USS-003,B,0.0,0.0,0.0,COINCIDE OK
2023-11-28|SAN CRISTOBAL|XRD80U-012|A,2023-11-28,SAN CRISTOBAL,XRD80U-012,A,0.0,0.0,0.0,COINCIDE OK
2023-11-28|SAN CRISTOBAL|XRD80U-012|B,2023-11-28,SAN CRISTOBAL,XRD80U-012,B,0.0,0.0,0.0,COINCIDE OK
2023-11-29|CHUNGAR|XRD90U-001|A,2023-11-29,CHUNGAR,XRD90U-001,A,0.0,0.0,0.0,COINCIDE OK
2023-11-29|CHUNGAR|XRD90U-001|B,2023-11-29,CHUNGAR,XRD90U-001,B,0.0,0.0,0.0,COINCIDE OK
2023-11-29|CONDESTABLE|XRD50USS-003|A,2023-11-29,CONDESTABLE,XRD50USS-003,A,0.0,0.0,0.0,COINCIDE OK
2023-11-29|CONDESTABLE|XRD50USS-003|B,2023-11-29,CONDESTABLE,XRD50USS-003,B,0.0,0.0,0.0,COINCIDE OK
2023-11-29|SAN CRISTOBAL|XRD80U-012|A,2023-11-29,SAN CRISTOBAL,XRD80U-012,A,0.0,0.0,0.0,COINCIDE OK
2023-11-29|SAN CRISTOBAL|XRD80U-012|B,2023-11-29,SAN CRISTOBAL,XRD80U-012,B,0.0,0.0,0.0,COINCIDE OK
2023-11-30|CHUNGAR|XRD90U-001|A,2023-11-30,CHUNGAR,XRD90U-001,A,0.0,0.0,0.0,COINCIDE OK
2023-11-30|CHUNGAR|XRD90U-001|B,2023-11-30,CHUNGAR,XRD90U-001,B,0.0,0.0,0.0,COINCIDE OK
2023-11-30|CONDESTABLE|XRD50USS-003|A,2023-11-30,CONDESTABLE,XRD50USS-003,A,0.0,0.0,0.0,COINCIDE OK
2023-11-30|CONDESTABLE|XRD50USS-003|B,2023-11-30,CONDESTABLE,XRD50USS-003,B,0.0,0.0,0.0,COINCIDE OK
2023-11-30|SAN CRISTOBAL|XRD80U-012|A,2023-11-30,SAN CRISTOBAL,XRD80U-012,A,0.0,0.0,0.0,COINCIDE OK
2023-11-30|SAN CRISTOBAL|XRD80U-012|B,2023-11-30,SAN CRISTOBAL,XRD80U-012,B,0.0,0.0,0.0,COINCIDE OK
2023-12-01|CHUNGAR|XRD90U-001|A,2023-12-01,CHUNGAR,XRD90U-001,A,0.0,0.0,0.0,COINCIDE OK
2023-12-01|CHUNGAR|XRD90U-001|B,2023-12-01,CHUNGAR,XRD90U-001,B,0.0,0.0,0.0,COINCIDE OK
2023-12-01|CONDESTABLE|XRD50USS-003|A,2023-12-01,CONDESTABLE,XRD50USS-003,A,0.0,0.0,0.0,COINCIDE OK
2023-12-01|CONDESTABLE|XRD50USS-003|B,2023-12-01,CONDESTABLE,XRD50USS-003,B,0.0,0.0,0.0,COINCIDE OK
2023-12-01|SAN CRISTOBAL|XRD80U-012|A,2023-12-01,SAN CRISTOBAL,XRD80U-012,A,0.0,0.0,0.0,COINCIDE OK
2023-12-01|SAN CRISTOBAL|XRD80U-012|B,2023-12-01,SAN CRISTOBAL,XRD80U-012,B,0.0,0.0,0.0,COINCIDE OK
2023-12-02|CHUNGAR|XRD90U-001|A,2023-12-02,CHUNGAR,XRD90U-001,A,0.0,0.0,0.0,COINCIDE OK
2023-12-02|CHUNGAR|XRD90U-001|B,2023-12-02,CHUNGAR,XRD90U-001,B,0.0,0.0,0.0,COINCIDE OK
2023-12-02|CONDESTABLE|XRD50USS-003|A,2023-12-02,CONDESTABLE,XRD50USS-003,A,0.0,0.0,0.0,COINCIDE OK
2023-12-02|CONDESTABLE|XRD50USS-003|B,2023-12-02,CONDESTABLE,XRD50USS-003,B,0.0,0.0,0.0,COINCIDE OK
2023-12-02|SAN CRISTOBAL|XRD80U-012|A,2023-12-02,SAN CRISTOBAL,XRD80U-012,A,0.0,0.0,0.0,COINCIDE OK
2023-12-02|SAN CRISTOBAL|XRD80U-012|B,2023-12-02,SAN CRISTOBAL,XRD80U-012,B,0.0,0.0,0.0,COINCIDE OK
2023-12-03|CHUNGAR|XRD90U-001|A,2023-12-03,CHUNGAR,XRD90U-001,A,0.0,0.0,0.0,COINCIDE OK
2023-12-03|CHUNGAR|XRD90U-001|B,2023-12-03,CHUNGAR,XRD90U-001,B,0.0,0.0,0.0,COINCIDE OK
2023-12-03|CONDESTABLE|XRD50USS-003|A,2023-12-03,CONDESTABLE,XRD50USS-003,A,0.0,0.0,0.0,COINCIDE OK
2023-12-03|CONDESTABLE|XRD50USS-003|B,2023-12-03,CONDESTABLE,XRD50USS-003,B,0.0,0.0,0.0,COINCIDE OK
2023-12-03|SAN CRISTOBAL|XRD80U-012|A,2023-12-03,SAN CRISTOBAL,XRD80U-012,A,0.0,0.0,0.0,COINCIDE OK
2023-12-03|SAN CRISTOBAL|XRD80U-012|B,2023-12-03,SAN CRISTOBAL,XRD80U-012,B,0.0,0.0,0.0,COINCIDE OK
2023-12-04|CHUNGAR|XRD90U-001|A,2023-12-04,CHUNGAR,XRD90U-001,A,0.0,0.0,0.0,COINCIDE OK
2023-12-04|CHUNGAR|XRD90U-001|B,2023-12-04,CHUNGAR,XRD90U-001,B,0.0,0.0,0.0,COINCIDE OK
2023-12-04|CONDESTABLE|XRD50USS-003|A,2023-12-04,CONDESTABLE,XRD50USS-003,A,0.0,0.0,0.0,COINCIDE OK
2023-12-04|CONDESTABLE|XRD50USS-003|B,2023-12-04,CONDESTABLE,XRD50USS-003,B,0.0,0.0,0.0,COINCIDE OK
2023-12-04|SAN CRISTOBAL|XRD80U-012|A,2023-12-04,SAN CRISTOBAL,XRD80U-012,A,0.0,0.0,0.0,COINCIDE OK
2023-12-04|SAN CRISTOBAL|XRD80U-012|B,2023-12-04,SAN CRISTOBAL,XRD80U-012,B,0.0,0.0,0.0,COINCIDE OK
2023-12-05|CHUNGAR|XRD90U-001|A,2023-12-05,CHUNGAR,XRD90U-001,A,0.0,0.0,0.0,COINCIDE OK
2023-12-05|CHUNGAR|XRD90U-001|B,2023-12-05,CHUNGAR,XRD90U-001,B,0.0,0.0,0.0,COINCIDE OK
2023-12-05|CONDESTABLE|XRD50USS-003|A,2023-12-05,CONDESTABLE,XRD50USS-003,A,0.0,0.0,0.0,COINCIDE OK
2023-12-05|CONDESTABLE|XRD50USS-003|B,2023-12-05,CONDESTABLE,XRD50USS-003,B,0.0,0.0,0.0,COINCIDE OK
2023-12-05|SAN CRISTOBAL|XRD80U-012|A,2023-12-05,SAN CRISTOBAL,XRD80U-012,A,0.0,0.0,0.0,COINCIDE OK
2023-12-05|SAN CRISTOBAL|XRD80U-012|B,2023-12-05,SAN CRISTOBAL,XRD80U-012,B,0.0,0.0,0.0,COINCIDE OK
2023-12-06|CHUNGAR|XRD90U-001|A,2023-12-06,CHUNGAR,XRD90U-001,A,0.0,0.0,0.0,COINCIDE OK
2023-12-06|CHUNGAR|XRD90U-001|B,2023-12-06,CHUNGAR,XRD90U-001,B,0.0,0.0,0.0,COINCIDE OK
2023-12-06|CONDESTABLE|XRD50USS-003|A,2023-12-06,CONDESTABLE,XRD50USS-003,A,0.0,0.0,0.0,COINCIDE OK
2023-12-06|CONDESTABLE|XRD50USS-003|B,2023-12-06,CONDESTABLE,XRD50USS-003,B,0.0,0.0,0.0,COINCIDE OK
2023-12-06|SAN CRISTOBAL|XRD80U-012|A,2023-12-06,SAN CRISTOBAL,XRD80U-012,A,0.0,0.0,0.0,COINCIDE OK
2023-12-06|SAN CRISTOBAL|XRD80U-012|B,2023-12-06,SAN CRISTOBAL,XRD80U-012,B,0.0,0.0,0.0,COINCIDE OK
2023-12-07|CHUNGAR|XRD90U-001|A,2023-12-07,CHUNGAR,XRD90U-001,A,0.0,0.0,0.0,COINCIDE OK
2023-12-07|CHUNGAR|XRD90U-001|B,2023-12-07,CHUNGAR,XRD90U-001,B,0.0,0.0,0.0,COINCIDE OK
2023-12-07|CONDESTABLE|XRD50USS-003|A,2023-12-07,CONDESTABLE,XRD50USS-003,A,0.0,0.0,0.0,COINCIDE OK
2023-12-07|CONDESTABLE|XRD50USS-003|B,2023-12-07,CONDESTABLE,XRD50USS-003,B,0.0,0.0,0.0,COINCIDE OK
2023-12-07|SAN CRISTOBAL|XRD80U-012|A,2023-12-07,SAN CRISTOBAL,XRD80U-012,A,0.0,0.0,0.0,COINCIDE OK
2023-12-07|SAN CRISTOBAL|XRD80U-012|B,2023-12-07,SAN CRISTOBAL,XRD80U-012,B,0.0,0.0,0.0,COINCIDE OK
2023-12-08|CHUNGAR|XRD90U-001|A,2023-12-08,CHUNGAR,XRD90U-001,A,0.0,0.0,0.0,COINCIDE OK
2023-12-08|CHUNGAR|XRD90U-001|B,2023-12-08,CHUNGAR,XRD90U-001,B,0.0,0.0,0.0,COINCIDE OK
2023-12-08|CONDESTABLE|XRD50USS-003|A,2023-12-08,CONDESTABLE,XRD50USS-003,A,0.0,0.0,0.0,COINCIDE OK
2023-12-08|CONDESTABLE|XRD50USS-003|B,2023-12-08,CONDESTABLE,XRD50USS-003,B,0.0,0.0,0.0,COINCIDE OK
2023-12-08|SAN CRISTOBAL|XRD80U-012|A,2023-12-08,SAN CRISTOBAL,XRD80U-012,A,0.0,0.0,0.0,COINCIDE OK
2023-12-08|SAN CRISTOBAL|XRD80U-012|B,2023-12-08,SAN CRISTOBAL,XRD80U-012,B,0.0,0.0,0.0,COINCIDE OK
2023-12-09|CHUNGAR|XRD90U-001|A,2023-12-09,CHUNGAR,XRD90U-001,A,0.0,0.0,0.0,COINCIDE OK
2023-12-09|CHUNGAR|XRD90U-001|B,2023-12-09,CHUNGAR,XRD90U-001,B,0.0,0.0,0.0,COINCIDE OK
2023-12-09|CONDESTABLE|XRD50USS-003|A,2023-12-09,CONDESTABLE,XRD50USS-003,A,0.0,0.0,0.0,COINCIDE OK
2023-12-09|CONDESTABLE|XRD50USS-003|B,2023-12-09,CONDESTABLE,XRD50USS-003,B,0.0,0.0,0.0,COINCIDE OK
2023-12-09|SAN CRISTOBAL|XRD80U-012|A,2023-12-09,SAN CRISTOBAL,XRD80U-012,A,0.0,0.0,0.0,COINCIDE OK
2023-12-09|SAN CRISTOBAL|XRD80U-012|B,2023-12-09,SAN CRISTOBAL,XRD80U-012,B,0.0,0.0,0.0,COINCIDE OK
2023-12-10|CHUNGAR|XRD90U-001|A,2023-12-10,CHUNGAR,XRD90U-001,A,0.0,0.0,0.0,COINCIDE OK
2023-12-10|CHUNGAR|XRD90U-001|B,2023-12-10,CHUNGAR,XRD90U-001,B,0.0,0.0,0.0,COINCIDE OK
2023-12-10|CONDESTABLE|XRD50USS-003|A,2023-12-10,CONDESTABLE,XRD50USS-003,A,0.0,0.0,0.0,COINCIDE OK
2023-12-10|CONDESTABLE|XRD50USS-003|B,2023-12-10,CONDESTABLE,XRD50USS-003,B,0.0,0.0,0.0,COINCIDE OK
2023-12-10|SAN CRISTOBAL|XRD80U-012|A,2023-12-10,SAN CRISTOBAL,XRD80U-012,A,0.0,0.0,0.0,COINCIDE OK
2023-12-10|SAN CRISTOBAL|XRD80U-012|B,2023-12-10,SAN CRISTOBAL,XRD80U-012,B,0.0,0.0,0.0,COINCIDE OK
2023-12-11|CHUNGAR|XRD90U-001|A,2023-12-11,CHUNGAR,XRD90U-001,A,0.0,0.0,0.0,COINCIDE OK
2023-12-11|CHUNGAR|XRD90U-001|B,2023-12-11,CHUNGAR,XRD90U-001,B,0.0,0.0,0.0,COINCIDE OK
2023-12-11|CONDESTABLE|XRD50USS-003|A,2023-12-11,CONDESTABLE,XRD50USS-003,A,0.0,0.0,0.0,COINCIDE OK
2023-12-11|CONDESTABLE|XRD50USS-003|B,2023-12-11,CONDESTABLE,XRD50USS-003,B,0.0,0.0,0.0,COINCIDE OK
2023-12-11|SAN CRISTOBAL|XRD80U-012|A,2023-12-11,SAN CRISTOBAL,XRD80U-012,A,0.0,0.0,0.0,COINCIDE OK
2023-12-11|SAN CRISTOBAL|XRD80U-012|B,2023-12-11,SAN CRISTOBAL,XRD80U-012,B,0.0,0.0,0.0,COINCIDE OK
2023-12-12|CHUNGAR|XRD90U-001|A,2023-12-12,CHUNGAR,XRD90U-001,A,0.0,0.0,0.0,COINCIDE OK
2023-12-12|CHUNGAR|XRD90U-001|B,2023-12-12,CHUNGAR,XRD90U-001,B,0.0,0.0,0.0,COINCIDE OK
2023-12-12|CONDESTABLE|XRD50USS-003|A,2023-12-12,CONDESTABLE,XRD50USS-003,A,0.0,0.0,0.0,COINCIDE OK
2023-12-12|CONDESTABLE|XRD50USS-003|B,2023-12-12,CONDESTABLE,XRD50USS-003,B,0.0,0.0,0.0,COINCIDE OK
2023-12-12|SAN CRISTOBAL|XRD80U-012|A,2023-12-12,SAN CRISTOBAL,XRD80U-012,A,0.0,0.0,0.0,COINCIDE OK
2023-12-12|SAN CRISTOBAL|XRD80U-012|B,2023-12-12,SAN CRISTOBAL,XRD80U-012,B,0.0,0.0,0.0,COINCIDE OK
2023-12-13|CHUNGAR|XRD90U-001|A,2023-12-13,CHUNGAR,XRD90U-001,A,0.0,0.0,0.0,COINCIDE OK
2023-12-13|CHUNGAR|XRD90U-001|B,2023-12-13,CHUNGAR,XRD90U-001,B,0.0,0.0,0.0,COINCIDE OK
2023-12-13|CONDESTABLE|XRD50USS-003|A,2023-12-13,CONDESTABLE,XRD50USS-003,A,0.0,0.0,0.0,COINCIDE OK
2023-12-13|CONDESTABLE|XRD50USS-003|B,2023-12-13,CONDESTABLE,XRD50USS-003,B,0.0,0.0,0.0,COINCIDE OK
2023-12-13|SAN CRISTOBAL|XRD80U-012|A,2023-12-13,SAN CRISTOBAL,XRD80U-012,A,0.0,0.0,0.0,COINCIDE OK
2023-12-13|SAN CRISTOBAL|XRD80U-012|B,2023-12-13,SAN CRISTOBAL,XRD80U-012,B,0.0,0.0,0.0,COINCIDE OK
2023-12-14|CHUNGAR|XRD90U-001|A,2023-12-14,CHUNGAR,XRD90U-001,A,0.0,0.0,0.0,COINCIDE OK
2023-12-14|CHUNGAR|XRD90U-001|B,2023-12-14,CHUNGAR,XRD90U-001,B,0.0,0.0,0.0,COINCIDE OK
2023-12-14|CONDESTABLE|XRD50USS-003|A,2023-12-14,CONDESTABLE,XRD50USS-003,A,0.0,0.0,0.0,COINCIDE OK
2023-12-14|CONDESTABLE|XRD50USS-003|B,2023-12-14,CONDESTABLE,XRD50USS-003,B,0.0,0.0,0.0,COINCIDE OK
2023-12-14|SAN CRISTOBAL|XRD80U-012|A,2023-12-14,SAN CRISTOBAL,XRD80U-012,A,0.0,0.0,0.0,COINCIDE OK
2023-12-14|SAN CRISTOBAL|XRD80U-012|B,2023-12-14,SAN CRISTOBAL,XRD80U-012,B,0.0,0.0,0.0,COINCIDE OK
2023-12-15|CHUNGAR|XRD90U-001|A,2023-12-15,CHUNGAR,XRD90U-001,A,0.0,0.0,0.0,COINCIDE OK
2023-12-15|CHUNGAR|XRD90U-001|B,2023-12-15,CHUNGAR,XRD90U-001,B,0.0,0.0,0.0,COINCIDE OK
2023-12-15|CONDESTABLE|XRD50USS-003|A,2023-12-15,CONDESTABLE,XRD50USS-003,A,0.0,0.0,0.0,COINCIDE OK
2023-12-15|CONDESTABLE|XRD50USS-003|B,2023-12-15,CONDESTABLE,XRD50USS-003,B,0.0,0.0,0.0,COINCIDE OK
2023-12-15|SAN CRISTOBAL|XRD80U-012|A,2023-12-15,SAN CRISTOBAL,XRD80U-012,A,0.0,0.0,0.0,COINCIDE OK
2023-12-15|SAN CRISTOBAL|XRD80U-012|B,2023-12-15,SAN CRISTOBAL,XRD80U-012,B,0.0,0.0,0.0,COINCIDE OK
2023-12-16|CHUNGAR|XRD90U-001|A,2023-12-16,CHUNGAR,XRD90U-001,A,0.0,0.0,0.0,COINCIDE OK
2023-12-16|CHUNGAR|XRD90U-001|B,2023-12-16,CHUNGAR,XRD90U-001,B,0.0,0.0,0.0,COINCIDE OK
2023-12-16|CONDESTABLE|XRD50USS-003|A,2023-12-16,CONDESTABLE,XRD50USS-003,A,0.0,0.0,0.0,COINCIDE OK
2023-12-16|CONDESTABLE|XRD50USS-003|B,2023-12-16,CONDESTABLE,XRD50USS-003,B,0.0,0.0,0.0,COINCIDE OK
2023-12-16|SAN CRISTOBAL|XRD80U-012|A,2023-12-16,SAN CRISTOBAL,XRD80U-012,A,0.0,0.0,0.0,COINCIDE OK
2023-12-16|SAN CRISTOBAL|XRD80U-012|B,2023-12-16,SAN CRISTOBAL,XRD80U-012,B,0.0,0.0,0.0,COINCIDE OK
2023-12-17|CHUNGAR|XRD90U-001|A,2023-12-17,CHUNGAR,XRD90U-001,A,0.0,0.0,0.0,COINCIDE OK
2023-12-17|CHUNGAR|XRD90U-001|B,2023-12-17,CHUNGAR,XRD90U-001,B,0.0,0.0,0.0,COINCIDE OK
2023-12-17|CONDESTABLE|XRD50USS-003|A,2023-12-17,CONDESTABLE,XRD50USS-003,A,0.0,0.0,0.0,COINCIDE OK
2023-12-17|CONDESTABLE|XRD50USS-003|B,2023-12-17,CONDESTABLE,XRD50USS-003,B,0.0,0.0,0.0,COINCIDE OK
2023-12-17|SAN CRISTOBAL|XRD80U-012|A,2023-12-17,SAN CRISTOBAL,XRD80U-012,A,0.0,0.0,0.0,COINCIDE OK
2023-12-17|SAN CRISTOBAL|XRD80U-012|B,2023-12-17,SAN CRISTOBAL,XRD80U-012,B,0.0,0.0,0.0,COINCIDE OK
2023-12-18|CHUNGAR|XRD90U-001|A,2023-12-18,CHUNGAR,XRD90U-001,A,0.0,0.0,0.0,COINCIDE OK
2023-12-18|CHUNGAR|XRD90U-001|B,2023-12-18,CHUNGAR,XRD90U-001,B,0.0,0.0,0.0,COINCIDE OK
2023-12-18|CONDESTABLE|XRD50USS-003|A,2023-12-18,CONDESTABLE,XRD50USS-003,A,0.0,0.0,0.0,COINCIDE OK
2023-12-18|CONDESTABLE|XRD50USS-003|B,2023-12-18,CONDESTABLE,XRD50USS-003,B,0.0,0.0,0.0,COINCIDE OK
2023-12-18|SAN CRISTOBAL|XRD80U-012|A,2023-12-18,SAN CRISTOBAL,XRD80U-012,A,0.0,0.0,0.0,COINCIDE OK
2023-12-18|SAN CRISTOBAL|XRD80U-012|B,2023-12-18,SAN CRISTOBAL,XRD80U-012,B,0.0,0.0,0.0,COINCIDE OK
2023-12-19|CHUNGAR|XRD90U-001|A,2023-12-19,CHUNGAR,XRD90U-001,A,0.0,0.0,0.0,COINCIDE OK
2023-12-19|CHUNGAR|XRD90U-001|B,2023-12-19,CHUNGAR,XRD90U-001,B,0.0,0.0,0.0,COINCIDE OK
2023-12-19|CONDESTABLE|XRD50USS-003|A,2023-12-19,CONDESTABLE,XRD50USS-003,A,0.0,0.0,0.0,COINCIDE OK
2023-12-19|CONDESTABLE|XRD50USS-003|B,2023-12-19,CONDESTABLE,XRD50USS-003,B,0.0,0.0,0.0,COINCIDE OK
2023-12-19|SAN CRISTOBAL|XRD80U-012|A,2023-12-19,SAN CRISTOBAL,XRD80U-012,A,0.0,0.0,0.0,COINCIDE OK
2023-12-19|SAN CRISTOBAL|XRD80U-012|B,2023-12-19,SAN CRISTOBAL,XRD80U-012,B,0.0,0.0,0.0,COINCIDE OK
2023-12-20|CHUNGAR|XRD90U-001|A,2023-12-20,CHUNGAR,XRD90U-001,A,0.0,0.0,0.0,COINCIDE OK
2023-12-20|CHUNGAR|XRD90U-001|B,2023-12-20,CHUNGAR,XRD90U-001,B,0.0,0.0,0.0,COINCIDE OK
2023-12-20|CONDESTABLE|XRD50USS-003|A,2023-12-20,CONDESTABLE,XRD50USS-003,A,0.0,0.0,0.0,COINCIDE OK
2023-12-20|CONDESTABLE|XRD50USS-003|B,2023-12-20,CONDESTABLE,XRD50USS-003,B,0.0,0.0,0.0,COINCIDE OK
2023-12-20|SAN CRISTOBAL|XRD80U-012|A,2023-12-20,SAN CRISTOBAL,XRD80U-012,A,0.0,0.0,0.0,COINCIDE OK
2023-12-20|SAN CRISTOBAL|XRD80U-012|B,2023-12-20,SAN CRISTOBAL,XRD80U-012,B,0.0,0.0,0.0,COINCIDE OK
2023-12-21|CHUNGAR|XRD90U-001|A,2023-12-21,CHUNGAR,XRD90U-001,A,0.0,0.0,0.0,COINCIDE OK
2023-12-21|CHUNGAR|XRD90U-001|B,2023-12-21,CHUNGAR,XRD90U-001,B,0.0,0.0,0.0,COINCIDE OK
2023-12-21|CONDESTABLE|XRD50USS-003|A,2023-12-21,CONDESTABLE,XRD50USS-003,A,0.0,0.0,0.0,COINCIDE OK
2023-12-21|CONDESTABLE|XRD50USS-003|B,2023-12-21,CONDESTABLE,XRD50USS-003,B,0.0,0.0,0.0,COINCIDE OK
2023-12-21|SAN CRISTOBAL|XRD80U-012|A,2023-12-21,SAN CRISTOBAL,XRD80U-012,A,0.0,0.0,0.0,COINCIDE OK
2023-12-21|SAN CRISTOBAL|XRD80U-012|B,2023-12-21,SAN CRISTOBAL,XRD80U-012,B,0.0,0.0,0.0,COINCIDE OK
2023-12-22|CHUNGAR|XRD90U-001|A,2023-12-22,CHUNGAR,XRD90U-001,A,0.0,0.0,0.0,COINCIDE OK
2023-12-22|CHUNGAR|XRD90U-001|B,2023-12-22,CHUNGAR,XRD90U-001,B,0.0,0.0,0.0,COINCIDE OK
2023-12-22|CONDESTABLE|XRD50USS-003|A,2023-12-22,CONDESTABLE,XRD50USS-003,A,0.0,0.0,0.0,COINCIDE OK
2023-12-22|CONDESTABLE|XRD50USS-003|B,2023-12-22,CONDESTABLE,XRD50USS-003,B,0.0,0.0,0.0,COINCIDE OK
2023-12-22|SAN CRISTOBAL|XRD80U-012|A,2023-12-22,SAN CRISTOBAL,XRD80U-012,A,0.0,0.0,0.0,COINCIDE OK
2023-12-22|SAN CRISTOBAL|XRD80U-012|B,2023-12-22,SAN CRISTOBAL,XRD80U-012,B,0.0,0.0,0.0,COINCIDE OK
2023-12-23|CHUNGAR|XRD90U-001|A,2023-12-23,CHUNGAR,XRD90U-001,A,0.0,0.0,0.0,COINCIDE OK
2023-12-23|CHUNGAR|XRD90U-001|B,2023-12-23,CHUNGAR,XRD90U-001,B,0.0,0.0,0.0,COINCIDE OK
2023-12-23|CONDESTABLE|XRD50USS-003|A,2023-12-23,CONDESTABLE,XRD50USS-003,A,0.0,0.0,0.0,COINCIDE OK
2023-12-23|CONDESTABLE|XRD50USS-003|B,2023-12-23,CONDESTABLE,XRD50USS-003,B,0.0,0.0,0.0,COINCIDE OK
2023-12-23|SAN CRISTOBAL|XRD80U-012|A,2023-12-23,SAN CRISTOBAL,XRD80U-012,A,0.0,0.0,0.0,COINCIDE OK
2023-12-23|SAN CRISTOBAL|XRD80U-012|B,2023-12-23,SAN CRISTOBAL,XRD80U-012,B,0.0,0.0,0.0,COINCIDE OK
2023-12-24|CHUNGAR|XRD90U-001|A,2023-12-24,CHUNGAR,XRD90U-001,A,0.0,0.0,0.0,COINCIDE OK
2023-12-24|CHUNGAR|XRD90U-001|B,2023-12-24,CHUNGAR,XRD90U-001,B,0.0,0.0,0.0,COINCIDE OK
2023-12-24|CONDESTABLE|XRD50USS-003|A,2023-12-24,CONDESTABLE,XRD50USS-003,A,0.0,0.0,0.0,COINCIDE OK
2023-12-24|CONDESTABLE|XRD50USS-003|B,2023-12-24,CONDESTABLE,XRD50USS-003,B,0.0,0.0,0.0,COINCIDE OK
2023-12-24|SAN CRISTOBAL|XRD80U-012|A,2023-12-24,SAN CRISTOBAL,XRD80U-012,A,0.0,0.0,0.0,COINCIDE OK
2023-12-24|SAN CRISTOBAL|XRD80U-012|B,2023-12-24,SAN CRISTOBAL,XRD80U-012,B,0.0,0.0,0.0,COINCIDE OK
2023-12-25|CHUNGAR|XRD90U-001|A,2023-12-25,CHUNGAR,XRD90U-001,A,0.0,0.0,0.0,COINCIDE OK
2023-12-25|CHUNGAR|XRD90U-001|B,2023-12-25,CHUNGAR,XRD90U-001,B,0.0,0.0,0.0,COINCIDE OK
2023-12-25|CONDESTABLE|XRD50USS-003|A,2023-12-25,CONDESTABLE,XRD50USS-003,A,0.0,0.0,0.0,COINCIDE OK
2023-12-25|CONDESTABLE|XRD50USS-003|B,2023-12-25,CONDESTABLE,XRD50USS-003,B,0.0,0.0,0.0,COINCIDE OK
2023-12-25|SAN CRISTOBAL|XRD80U-012|A,2023-12-25,SAN CRISTOBAL,XRD80U-012,A,0.0,0.0,0.0,COINCIDE OK
2023-12-25|SAN CRISTOBAL|XRD80U-012|B,2023-12-25,SAN CRISTOBAL,XRD80U-012,B,0.0,0.0,0.0,COINCIDE OK
2023-12-26|CHUNGAR|XRD90U-001|A,2023-12-26,CHUNGAR,XRD90U-001,A,0.0,0.0,0.0,COINCIDE OK
2023-12-26|CHUNGAR|XRD90U-001|B,2023-12-26,CHUNGAR,XRD90U-001,B,0.0,0.0,0.0,COINCIDE OK
2023-12-26|CONDESTABLE|XRD50USS-003|A,2023-12-26,CONDESTABLE,XRD50USS-003,A,0.0,0.0,0.0,COINCIDE OK
2023-12-26|CONDESTABLE|XRD50USS-003|B,2023-12-26,CONDESTABLE,XRD50USS-003,B,0.0,0.0,0.0,COINCIDE OK
2023-12-26|SAN CRISTOBAL|XRD80U-012|A,2023-12-26,SAN CRISTOBAL,XRD80U-012,A,0.0,0.0,0.0,COINCIDE OK
2023-12-26|SAN CRISTOBAL|XRD80U-012|B,2023-12-26,SAN CRISTOBAL,XRD80U-012,B,0.0,0.0,0.0,COINCIDE OK
2024-01-04|SAN CRISTOBAL|CT20ST-001|A,2024-01-04,SAN CRISTOBAL,CT20ST-001,A,0.0,0.0,0.0,COINCIDE OK
2024-01-05|SAN CRISTOBAL|CT20ST-001|A,2024-01-05,SAN CRISTOBAL,CT20ST-001,A,0.0,0.0,0.0,COINCIDE OK
2024-01-05|SAN CRISTOBAL|CT20ST-001|B,2024-01-05,SAN CRISTOBAL,CT20ST-001,B,0.0,0.0,0.0,COINCIDE OK
2024-01-06|CHUNGAR|XRD80USS-001|A,2024-01-06,CHUNGAR,XRD80USS-001,A,0.0,0.0,0.0,COINCIDE OK
2024-01-06|SAN CRISTOBAL|CT20ST-001|A,2024-01-06,SAN CRISTOBAL,CT20ST-001,A,0.0,0.0,0.0,COINCIDE OK
2024-01-06|SAN CRISTOBAL|CT20ST-001|B,2024-01-06,SAN CRISTOBAL,CT20ST-001,B,0.0,0.0,0.0,COINCIDE OK
2024-01-07|CHUNGAR|XRD80USS-001|A,2024-01-07,CHUNGAR,XRD80USS-001,A,0.0,0.0,0.0,COINCIDE OK
2024-01-07|CHUNGAR|XRD80USS-001|B,2024-01-07,CHUNGAR,XRD80USS-001,B,0.0,0.0,0.0,COINCIDE OK
2024-01-07|SAN CRISTOBAL|CT20ST-001|A,2024-01-07,SAN CRISTOBAL,CT20ST-001,A,0.0,0.0,0.0,COINCIDE OK
2024-01-07|SAN CRISTOBAL|CT20ST-001|B,2024-01-07,SAN CRISTOBAL,CT20ST-001,B,0.0,0.0,0.0,COINCIDE OK
2024-01-08|CHUNGAR|XRD80USS-001|A,2024-01-08,CHUNGAR,XRD80USS-001,A,0.0,0.0,0.0,COINCIDE OK
2024-01-08|CHUNGAR|XRD80USS-001|B,2024-01-08,CHUNGAR,XRD80USS-001,B,0.0,0.0,0.0,COINCIDE OK
2024-01-08|SAN CRISTOBAL|CT20ST-001|A,2024-01-08,SAN CRISTOBAL,CT20ST-001,A,0.0,0.0,0.0,COINCIDE OK
2024-01-08|SAN CRISTOBAL|CT20ST-001|B,2024-01-08,SAN CRISTOBAL,CT20ST-001,B,0.0,0.0,0.0,COINCIDE OK
2024-01-09|CHUNGAR|XRD80USS-001|A,2024-01-09,CHUNGAR,XRD80USS-001,A,0.0,0.0,0.0,COINCIDE OK
2024-01-09|CHUNGAR|XRD80USS-001|B,2024-01-09,CHUNGAR,XRD80USS-001,B,0.0,0.0,0.0,COINCIDE OK
2024-01-09|SAN CRISTOBAL|CT20ST-001|A,2024-01-09,SAN CRISTOBAL,CT20ST-001,A,0.0,0.0,0.0,COINCIDE OK
2024-01-09|SAN CRISTOBAL|CT20ST-001|B,2024-01-09,SAN CRISTOBAL,CT20ST-001,B,0.0,0.0,0.0,COINCIDE OK
2024-01-10|CHUNGAR|XRD80USS-001|A,2024-01-10,CHUNGAR,XRD80USS-001,A,0.0,0.0,0.0,COINCIDE OK
2024-01-10|CHUNGAR|XRD80USS-001|B,2024-01-10,CHUNGAR,XRD80USS-001,B,0.0,0.0,0.0,COINCIDE OK
2024-01-10|SAN CRISTOBAL|CT20ST-001|A,2024-01-10,SAN CRISTOBAL,CT20ST-001,A,0.0,0.0,0.0,COINCIDE OK
2024-01-10|SAN CRISTOBAL|CT20ST-001|B,2024-01-10,SAN CRISTOBAL,CT20ST-001,B,0.0,0.0,0.0,COINCIDE OK
2024-01-11|CHUNGAR|XRD80USS-001|A,2024-01-11,CHUNGAR,XRD80USS-001,A,0.0,0.0,0.0,COINCIDE OK
2024-01-11|CHUNGAR|XRD80USS-001|B,2024-01-11,CHUNGAR,XRD80USS-001,B,0.0,0.0,0.0,COINCIDE OK
2024-01-11|SAN CRISTOBAL|CT20ST-001|A,2024-01-11,SAN CRISTOBAL,CT20ST-001,A,0.0,0.0,0.0,COINCIDE OK
2024-01-11|SAN CRISTOBAL|CT20ST-001|B,2024-01-11,SAN CRISTOBAL,CT20ST-001,B,0.0,0.0,0.0,COINCIDE OK
2024-01-12|CHUNGAR|XRD80USS-001|A,2024-01-12,CHUNGAR,XRD80USS-001,A,0.0,0.0,0.0,COINCIDE OK
2024-01-12|CHUNGAR|XRD80USS-001|B,2024-01-12,CHUNGAR,XRD80USS-001,B,0.0,0.0,0.0,COINCIDE OK
2024-01-12|SAN CRISTOBAL|CT20ST-001|A,2024-01-12,SAN CRISTOBAL,CT20ST-001,A,0.0,0.0,0.0,COINCIDE OK
2024-01-12|SAN CRISTOBAL|CT20ST-001|B,2024-01-12,SAN CRISTOBAL,CT20ST-001,B,0.0,0.0,0.0,COINCIDE OK
2024-01-13|CHUNGAR|XRD80USS-001|A,2024-01-13,CHUNGAR,XRD80USS-001,A,0.0,0.0,0.0,COINCIDE OK
2024-01-13|CHUNGAR|XRD80USS-001|B,2024-01-13,CHUNGAR,XRD80USS-001,B,0.0,0.0,0.0,COINCIDE OK
2024-01-13|SAN CRISTOBAL|CT20ST-001|A,2024-01-13,SAN CRISTOBAL,CT20ST-001,A,0.0,0.0,0.0,COINCIDE OK
2024-01-13|SAN CRISTOBAL|CT20ST-001|B,2024-01-13,SAN CRISTOBAL,CT20ST-001,B,0.0,0.0,0.0,COINCIDE OK
2024-01-14|CHUNGAR|XRD80USS-001|A,2024-01-14,CHUNGAR,XRD80USS-001,A,0.0,0.0,0.0,COINCIDE OK
2024-01-14|CHUNGAR|XRD80USS-001|B,2024-01-14,CHUNGAR,XRD80USS-001,B,0.0,0.0,0.0,COINCIDE OK
2024-01-14|SAN CRISTOBAL|CT20ST-001|A,2024-01-14,SAN CRISTOBAL,CT20ST-001,A,0.0,0.0,0.0,COINCIDE OK
2024-01-14|SAN CRISTOBAL|CT20ST-001|B,2024-01-14,SAN CRISTOBAL,CT20ST-001,B,0.0,0.0,0.0,COINCIDE OK
2024-01-15|CHUNGAR|CS140ST-001|A,2024-01-15,CHUNGAR,CS140ST-001,A,0.0,0.0,0.0,COINCIDE OK
2024-01-15|CHUNGAR|XRD80USS-001|A,2024-01-15,CHUNGAR,XRD80USS-001,A,0.0,0.0,0.0,COINCIDE OK
2024-01-15|CHUNGAR|XRD80USS-001|B,2024-01-15,CHUNGAR,XRD80USS-001,B,0.0,0.0,0.0,COINCIDE OK
2024-01-15|SAN CRISTOBAL|CT20ST-001|A,2024-01-15,SAN CRISTOBAL,CT20ST-001,A,0.0,0.0,0.0,COINCIDE OK
2024-01-15|SAN CRISTOBAL|CT20ST-001|B,2024-01-15,SAN CRISTOBAL,CT20ST-001,B,0.0,0.0,0.0,COINCIDE OK
2024-01-16|CHUNGAR|CS140ST-001|A,2024-01-16,CHUNGAR,CS140ST-001,A,0.0,0.0,0.0,COINCIDE OK
2024-01-16|CHUNGAR|CS140ST-001|B,2024-01-16,CHUNGAR,CS140ST-001,B,0.0,0.0,0.0,COINCIDE OK
2024-01-16|CHUNGAR|XRD80USS-001|A,2024-01-16,CHUNGAR,XRD80USS-001,A,0.0,0.0,0.0,COINCIDE OK
2024-01-16|CHUNGAR|XRD80USS-001|B,2024-01-16,CHUNGAR,XRD80USS-001,B,0.0,0.0,0.0,COINCIDE OK
2024-01-16|SAN CRISTOBAL|CT20ST-001|A,2024-01-16,SAN CRISTOBAL,CT20ST-001,A,0.0,0.0,0.0,COINCIDE OK
2024-01-16|SAN CRISTOBAL|CT20ST-001|B,2024-01-16,SAN CRISTOBAL,CT20ST-001,B,0.0,0.0,0.0,COINCIDE OK
2024-01-17|CHUNGAR|CS140ST-001|A,2024-01-17,CHUNGAR,CS140ST-001,A,0.0,0.0,0.0,COINCIDE OK
2024-01-17|CHUNGAR|CS140ST-001|B,2024-01-17,CHUNGAR,CS140ST-001,B,0.0,0.0,0.0,COINCIDE OK
2024-01-17|CHUNGAR|XRD80USS-001|A,2024-01-17,CHUNGAR,XRD80USS-001,A,0.0,0.0,0.0,COINCIDE OK
2024-01-17|CHUNGAR|XRD80USS-001|B,2024-01-17,CHUNGAR,XRD80USS-001,B,0.0,0.0,0.0,COINCIDE OK
2024-01-17|SAN CRISTOBAL|CT20ST-001|A,2024-01-17,SAN CRISTOBAL,CT20ST-001,A,0.0,0.0,0.0,COINCIDE OK
2024-01-17|SAN CRISTOBAL|CT20ST-001|B,2024-01-17,SAN CRISTOBAL,CT20ST-001,B,0.0,0.0,0.0,COINCIDE OK
2024-01-18|CHUNGAR|CS140ST-001|A,2024-01-18,CHUNGAR,CS140ST-001,A,0.0,0.0,0.0,COINCIDE OK
2024-01-18|CHUNGAR|CS140ST-001|B,2024-01-18,CHUNGAR,CS140ST-001,B,0.0,0.0,0.0,COINCIDE OK
2024-01-18|CHUNGAR|XRD80USS-001|A,2024-01-18,CHUNGAR,XRD80USS-001,A,0.0,0.0,0.0,COINCIDE OK
2024-01-18|CHUNGAR|XRD80USS-001|B,2024-01-18,CHUNGAR,XRD80USS-001,B,0.0,0.0,0.0,COINCIDE OK
2024-01-18|SAN CRISTOBAL|CT20ST-001|A,2024-01-18,SAN CRISTOBAL,CT20ST-001,A,0.0,0.0,0.0,COINCIDE OK
2024-01-18|SAN CRISTOBAL|CT20ST-001|B,2024-01-18,SAN CRISTOBAL,CT20ST-001,B,0.0,0.0,0.0,COINCIDE OK
2024-01-19|CHUNGAR|CS140ST-001|A,2024-01-19,CHUNGAR,CS140ST-001,A,0.0,0.0,0.0,COINCIDE OK
2024-01-19|CHUNGAR|CS140ST-001|B,2024-01-19,CHUNGAR,CS140ST-001,B,0.0,0.0,0.0,COINCIDE OK
2024-01-19|CHUNGAR|XRD80USS-001|A,2024-01-19,CHUNGAR,XRD80USS-001,A,0.0,0.0,0.0,COINCIDE OK
2024-01-19|CHUNGAR|XRD80USS-001|B,2024-01-19,CHUNGAR,XRD80USS-001,B,0.0,0.0,0.0,COINCIDE OK
2024-01-19|SAN CRISTOBAL|CT20ST-001|A,2024-01-19,SAN CRISTOBAL,CT20ST-001,A,0.0,0.0,0.0,COINCIDE OK
2024-01-19|SAN CRISTOBAL|CT20ST-001|B,2024-01-19,SAN CRISTOBAL,CT20ST-001,B,0.0,0.0,0.0,COINCIDE OK
2024-01-20|CHUNGAR|CS140ST-001|A,2024-01-20,CHUNGAR,CS140ST-001,A,0.0,0.0,0.0,COINCIDE OK
2024-01-20|CHUNGAR|CS140ST-001|B,2024-01-20,CHUNGAR,CS140ST-001,B,0.0,0.0,0.0,COINCIDE OK
2024-01-20|CHUNGAR|XRD80USS-001|A,2024-01-20,CHUNGAR,XRD80USS-001,A,0.0,0.0,0.0,COINCIDE OK
2024-01-20|CHUNGAR|XRD80USS-001|B,2024-01-20,CHUNGAR,XRD80USS-001,B,0.0,0.0,0.0,COINCIDE OK
2024-01-20|SAN CRISTOBAL|CT20ST-001|A,2024-01-20,SAN CRISTOBAL,CT20ST-001,A,0.0,0.0,0.0,COINCIDE OK
2024-01-20|SAN CRISTOBAL|CT20ST-001|B,2024-01-20,SAN CRISTOBAL,CT20ST-001,B,0.0,0.0,0.0,COINCIDE OK
2024-01-21|CHUNGAR|CS140ST-001|A,2024-01-21,CHUNGAR,CS140ST-001,A,0.0,0.0,0.0,COINCIDE OK
2024-01-21|CHUNGAR|CS140ST-001|B,2024-01-21,CHUNGAR,CS140ST-001,B,0.0,0.0,0.0,COINCIDE OK
2024-01-21|CHUNGAR|XRD80USS-001|A,2024-01-21,CHUNGAR,XRD80USS-001,A,0.0,0.0,0.0,COINCIDE OK
2024-01-21|CHUNGAR|XRD80USS-001|B,2024-01-21,CHUNGAR,XRD80USS-001,B,0.0,0.0,0.0,COINCIDE OK
2024-01-21|SAN CRISTOBAL|CT20ST-001|A,2024-01-21,SAN CRISTOBAL,CT20ST-001,A,0.0,0.0,0.0,COINCIDE OK
2024-01-21|SAN CRISTOBAL|CT20ST-001|B,2024-01-21,SAN CRISTOBAL,CT20ST-001,B,0.0,0.0,0.0,COINCIDE OK
2024-01-22|CHUNGAR|CS140ST-001|A,2024-01-22,CHUNGAR,CS140ST-001,A,0.0,0.0,0.0,COINCIDE OK
2024-01-22|CHUNGAR|CS140ST-001|B,2024-01-22,CHUNGAR,CS140ST-001,B,0.0,0.0,0.0,COINCIDE OK
2024-01-22|CHUNGAR|XRD80USS-001|A,2024-01-22,CHUNGAR,XRD80USS-001,A,0.0,0.0,0.0,COINCIDE OK
2024-01-22|CHUNGAR|XRD80USS-001|B,2024-01-22,CHUNGAR,XRD80USS-001,B,0.0,0.0,0.0,COINCIDE OK
2024-01-22|SAN CRISTOBAL|CT20ST-001|A,2024-01-22,SAN CRISTOBAL,CT20ST-001,A,0.0,0.0,0.0,COINCIDE OK
2024-01-22|SAN CRISTOBAL|CT20ST-001|B,2024-01-22,SAN CRISTOBAL,CT20ST-001,B,0.0,0.0,0.0,COINCIDE OK
2024-01-23|CHUNGAR|CS140ST-001|A,2024-01-23,CHUNGAR,CS140ST-001,A,0.0,0.0,0.0,COINCIDE OK
2024-01-23|CHUNGAR|CS140ST-001|B,2024-01-23,CHUNGAR,CS140ST-001,B,0.0,0.0,0.0,COINCIDE OK
2024-01-23|CHUNGAR|XRD80USS-001|A,2024-01-23,CHUNGAR,XRD80USS-001,A,0.0,0.0,0.0,COINCIDE OK
2024-01-23|CHUNGAR|XRD80USS-001|B,2024-01-23,CHUNGAR,XRD80USS-001,B,0.0,0.0,0.0,COINCIDE OK
2024-01-23|SAN CRISTOBAL|CT20ST-001|A,2024-01-23,SAN CRISTOBAL,CT20ST-001,A,0.0,0.0,0.0,COINCIDE OK
2024-01-23|SAN CRISTOBAL|CT20ST-001|B,2024-01-23,SAN CRISTOBAL,CT20ST-001,B,0.0,0.0,0.0,COINCIDE OK
2024-01-24|CHUNGAR|CS140ST-001|A,2024-01-24,CHUNGAR,CS140ST-001,A,0.0,0.0,0.0,COINCIDE OK
2024-01-24|CHUNGAR|CS140ST-001|B,2024-01-24,CHUNGAR,CS140ST-001,B,0.0,0.0,0.0,COINCIDE OK
2024-01-24|CHUNGAR|XRD80USS-001|A,2024-01-24,CHUNGAR,XRD80USS-001,A,0.0,0.0,0.0,COINCIDE OK
2024-01-24|CHUNGAR|XRD80USS-001|B,2024-01-24,CHUNGAR,XRD80USS-001,B,0.0,0.0,0.0,COINCIDE OK
2024-01-24|SAN CRISTOBAL|CT20ST-001|A,2024-01-24,SAN CRISTOBAL,CT20ST-001,A,0.0,0.0,0.0,COINCIDE OK
2024-01-24|SAN CRISTOBAL|CT20ST-001|B,2024-01-24,SAN CRISTOBAL,CT20ST-001,B,0.0,0.0,0.0,COINCIDE OK
2024-01-25|CHUNGAR|CS140ST-001|A,2024-01-25,CHUNGAR,CS140ST-001,A,0.0,0.0,0.0,COINCIDE OK
2024-01-25|CHUNGAR|CS140ST-001|B,2024-01-25,CHUNGAR,CS140ST-001,B,0.0,0.0,0.0,COINCIDE OK
2024-01-25|CHUNGAR|XRD80USS-001|A,2024-01-25,CHUNGAR,XRD80USS-001,A,0.0,0.0,0.0,COINCIDE OK
2024-01-25|CHUNGAR|XRD80USS-001|B,2024-01-25,CHUNGAR,XRD80USS-001,B,0.0,0.0,0.0,COINCIDE OK
2024-01-25|SAN CRISTOBAL|CT20ST-001|A,2024-01-25,SAN CRISTOBAL,CT20ST-001,A,0.0,0.0,0.0,COINCIDE OK
2024-01-25|SAN CRISTOBAL|CT20ST-001|B,2024-01-25,SAN CRISTOBAL,CT20ST-001,B,0.0,0.0,0.0,COINCIDE OK
2024-01-26|CHUNGAR|CS140ST-001|A,2024-01-26,CHUNGAR,CS140ST-001,A,0.0,0.0,0.0,COINCIDE OK
2024-01-26|CHUNGAR|CS140ST-001|B,2024-01-26,CHUNGAR,CS140ST-001,B,0.0,0.0,0.0,COINCIDE OK
2024-01-26|CHUNGAR|XRD80USS-001|A,2024-01-26,CHUNGAR,XRD80USS-001,A,0.0,0.0,0.0,COINCIDE OK
2024-01-26|CHUNGAR|XRD80USS-001|B,2024-01-26,CHUNGAR,XRD80USS-001,B,0.0,0.0,0.0,COINCIDE OK
2024-01-26|SAN CRISTOBAL|CT20ST-001|A,2024-01-26,SAN CRISTOBAL,CT20ST-001,A,0.0,0.0,0.0,COINCIDE OK
2024-01-26|SAN CRISTOBAL|CT20ST-001|B,2024-01-26,SAN CRISTOBAL,CT20ST-001,B,0.0,0.0,0.0,COINCIDE OK
2024-01-27|CHUNGAR|CS140ST-001|A,2024-01-27,CHUNGAR,CS140ST-001,A,0.0,0.0,0.0,COINCIDE OK
2024-01-27|CHUNGAR|CS140ST-001|B,2024-01-27,CHUNGAR,CS140ST-001,B,0.0,0.0,0.0,COINCIDE OK
2024-01-27|CHUNGAR|XRD80USS-001|A,2024-01-27,CHUNGAR,XRD80USS-001,A,0.0,0.0,0.0,COINCIDE OK
2024-01-27|CHUNGAR|XRD80USS-001|B,2024-01-27,CHUNGAR,XRD80USS-001,B,0.0,0.0,0.0,COINCIDE OK
2024-01-27|SAN CRISTOBAL|CT20ST-001|A,2024-01-27,SAN CRISTOBAL,CT20ST-001,A,0.0,0.0,0.0,COINCIDE OK
2024-01-27|SAN CRISTOBAL|CT20ST-001|B,2024-01-27,SAN CRISTOBAL,CT20ST-001,B,0.0,0.0,0.0,COINCIDE OK
2024-01-28|CHUNGAR|CS140ST-001|A,2024-01-28,CHUNGAR,CS140ST-001,A,0.0,0.0,0.0,COINCIDE OK
2024-01-28|CHUNGAR|CS140ST-001|B,2024-01-28,CHUNGAR,CS140ST-001,B,0.0,0.0,0.0,COINCIDE OK
2024-01-28|CHUNGAR|XRD80USS-001|A,2024-01-28,CHUNGAR,XRD80USS-001,A,0.0,0.0,0.0,COINCIDE OK
2024-01-28|CHUNGAR|XRD80USS-001|B,2024-01-28,CHUNGAR,XRD80USS-001,B,0.0,0.0,0.0,COINCIDE OK
2024-01-28|SAN CRISTOBAL|CT20ST-001|A,2024-01-28,SAN CRISTOBAL,CT20ST-001,A,0.0,0.0,0.0,COINCIDE OK
2024-01-28|SAN CRISTOBAL|CT20ST-001|B,2024-01-28,SAN CRISTOBAL,CT20ST-001,B,0.0,0.0,0.0,COINCIDE OK
2024-01-29|CHUNGAR|CS140ST-001|A,2024-01-29,CHUNGAR,CS140ST-001,A,0.0,0.0,0.0,COINCIDE OK
2024-01-29|CHUNGAR|CS140ST-001|B,2024-01-29,CHUNGAR,CS140ST-001,B,0.0,0.0,0.0,COINCIDE OK
2024-01-29|CHUNGAR|XRD80USS-001|A,2024-01-29,CHUNGAR,XRD80USS-001,A,0.0,0.0,0.0,COINCIDE OK
2024-01-29|CHUNGAR|XRD80USS-001|B,2024-01-29,CHUNGAR,XRD80USS-001,B,0.0,0.0,0.0,COINCIDE OK
2024-01-29|SAN CRISTOBAL|CT20ST-001|A,2024-01-29,SAN CRISTOBAL,CT20ST-001,A,0.0,0.0,0.0,COINCIDE OK
2024-01-29|SAN CRISTOBAL|CT20ST-001|B,2024-01-29,SAN CRISTOBAL,CT20ST-001,B,0.0,0.0,0.0,COINCIDE OK
2024-01-30|CHUNGAR|CS140ST-001|A,2024-01-30,CHUNGAR,CS140ST-001,A,0.0,0.0,0.0,COINCIDE OK
2024-01-30|CHUNGAR|CS140ST-001|B,2024-01-30,CHUNGAR,CS140ST-001,B,0.0,0.0,0.0,COINCIDE OK
2024-01-30|CHUNGAR|XRD80USS-001|A,2024-01-30,CHUNGAR,XRD80USS-001,A,0.0,0.0,0.0,COINCIDE OK
2024-01-30|CHUNGAR|XRD80USS-001|B,2024-01-30,CHUNGAR,XRD80USS-001,B,0.0,0.0,0.0,COINCIDE OK
2024-01-30|SAN CRISTOBAL|CT20ST-001|A,2024-01-30,SAN CRISTOBAL,CT20ST-001,A,0.0,0.0,0.0,COINCIDE OK
2024-01-30|SAN CRISTOBAL|CT20ST-001|B,2024-01-30,SAN CRISTOBAL,CT20ST-001,B,0.0,0.0,0.0,COINCIDE OK
2024-01-31|CHUNGAR|CS140ST-001|A,2024-01-31,CHUNGAR,CS140ST-001,A,0.0,0.0,0.0,COINCIDE OK
2024-01-31|CHUNGAR|CS140ST-001|B,2024-01-31,CHUNGAR,CS140ST-001,B,0.0,0.0,0.0,COINCIDE OK
2024-01-31|CHUNGAR|XRD80USS-001|A,2024-01-31,CHUNGAR,XRD80USS-001,A,0.0,0.0,0.0,COINCIDE OK
2024-01-31|CHUNGAR|XRD80USS-001|B,2024-01-31,CHUNGAR,XRD80USS-001,B,0.0,0.0,0.0,COINCIDE OK
2024-01-31|SAN CRISTOBAL|CT20ST-001|A,2024-01-31,SAN CRISTOBAL,CT20ST-001,A,0.0,0.0,0.0,COINCIDE OK
2024-01-31|SAN CRISTOBAL|CT20ST-001|B,2024-01-31,SAN CRISTOBAL,CT20ST-001,B,0.0,0.0,0.0,COINCIDE OK
2024-02-01|CHUNGAR|CS140ST-001|A,2024-02-01,CHUNGAR,CS140ST-001,A,0.0,0.0,0.0,COINCIDE OK
2024-02-01|CHUNGAR|CS140ST-001|B,2024-02-01,CHUNGAR,CS140ST-001,B,0.0,0.0,0.0,COINCIDE OK
2024-02-01|CHUNGAR|XRD80USS-001|A,2024-02-01,CHUNGAR,XRD80USS-001,A,0.0,0.0,0.0,COINCIDE OK
2024-02-01|CHUNGAR|XRD80USS-001|B,2024-02-01,CHUNGAR,XRD80USS-001,B,0.0,0.0,0.0,COINCIDE OK
2024-02-01|SAN CRISTOBAL|CT20ST-001|A,2024-02-01,SAN CRISTOBAL,CT20ST-001,A,0.0,0.0,0.0,COINCIDE OK
2024-02-01|SAN CRISTOBAL|CT20ST-001|B,2024-02-01,SAN CRISTOBAL,CT20ST-001,B,0.0,0.0,0.0,COINCIDE OK
2024-02-02|CHUNGAR|CS140ST-001|A,2024-02-02,CHUNGAR,CS140ST-001,A,0.0,0.0,0.0,COINCIDE OK
2024-02-02|CHUNGAR|CS140ST-001|B,2024-02-02,CHUNGAR,CS140ST-001,B,0.0,0.0,0.0,COINCIDE OK
2024-02-02|CHUNGAR|XRD80USS-001|A,2024-02-02,CHUNGAR,XRD80USS-001,A,0.0,0.0,0.0,COINCIDE OK
2024-02-02|CHUNGAR|XRD80USS-001|B,2024-02-02,CHUNGAR,XRD80USS-001,B,0.0,0.0,0.0,COINCIDE OK
2024-02-02|SAN CRISTOBAL|CT20ST-001|A,2024-02-02,SAN CRISTOBAL,CT20ST-001,A,0.0,0.0,0.0,COINCIDE OK
2024-02-02|SAN CRISTOBAL|CT20ST-001|B,2024-02-02,SAN CRISTOBAL,CT20ST-001,B,0.0,0.0,0.0,COINCIDE OK
2024-02-03|CHUNGAR|CS140ST-001|A,2024-02-03,CHUNGAR,CS140ST-001,A,0.0,0.0,0.0,COINCIDE OK
2024-02-03|CHUNGAR|CS140ST-001|B,2024-02-03,CHUNGAR,CS140ST-001,B,0.0,0.0,0.0,COINCIDE OK
2024-02-03|CHUNGAR|XRD80USS-001|A,2024-02-03,CHUNGAR,XRD80USS-001,A,0.0,0.0,0.0,COINCIDE OK
2024-02-03|CHUNGAR|XRD80USS-001|B,2024-02-03,CHUNGAR,XRD80USS-001,B,0.0,0.0,0.0,COINCIDE OK
2024-02-03|SAN CRISTOBAL|CT20ST-001|A,2024-02-03,SAN CRISTOBAL,CT20ST-001,A,0.0,0.0,0.0,COINCIDE OK
2024-02-03|SAN CRISTOBAL|CT20ST-001|B,2024-02-03,SAN CRISTOBAL,CT20ST-001,B,0.0,0.0,0.0,COINCIDE OK
2024-02-04|CHUNGAR|CS140ST-001|A,2024-02-04,CHUNGAR,CS140ST-001,A,0.0,0.0,0.0,COINCIDE OK
2024-02-04|CHUNGAR|CS140ST-001|B,2024-02-04,CHUNGAR,CS140ST-001,B,0.0,0.0,0.0,COINCIDE OK
2024-02-04|CHUNGAR|XRD80USS-001|A,2024-02-04,CHUNGAR,XRD80USS-001,A,0.0,0.0,0.0,COINCIDE OK
2024-02-04|CHUNGAR|XRD80USS-001|B,2024-02-04,CHUNGAR,XRD80USS-001,B,0.0,0.0,0.0,COINCIDE OK
2024-02-05|CHUNGAR|CS140ST-001|A,2024-02-05,CHUNGAR,CS140ST-001,A,0.0,0.0,0.0,COINCIDE OK
2024-02-05|CHUNGAR|CS140ST-001|B,2024-02-05,CHUNGAR,CS140ST-001,B,0.0,0.0,0.0,COINCIDE OK
2024-02-05|CHUNGAR|XRD80USS-001|A,2024-02-05,CHUNGAR,XRD80USS-001,A,0.0,0.0,0.0,COINCIDE OK
2024-02-05|CHUNGAR|XRD80USS-001|B,2024-02-05,CHUNGAR,XRD80USS-001,B,0.0,0.0,0.0,COINCIDE OK
2024-02-06|CHUNGAR|CS140ST-001|A,2024-02-06,CHUNGAR,CS140ST-001,A,0.0,0.0,0.0,COINCIDE OK
2024-02-06|CHUNGAR|CS140ST-001|B,2024-02-06,CHUNGAR,CS140ST-001,B,0.0,0.0,0.0,COINCIDE OK
2024-02-07|CHUNGAR|CS140ST-001|A,2024-02-07,CHUNGAR,CS140ST-001,A,0.0,0.0,0.0,COINCIDE OK
2024-02-07|CHUNGAR|CS140ST-001|B,2024-02-07,CHUNGAR,CS140ST-001,B,0.0,0.0,0.0,COINCIDE OK
2024-02-08|CHUNGAR|CS140ST-001|A,2024-02-08,CHUNGAR,CS140ST-001,A,0.0,0.0,0.0,COINCIDE OK
2024-02-08|CHUNGAR|CS140ST-001|B,2024-02-08,CHUNGAR,CS140ST-001,B,0.0,0.0,0.0,COINCIDE OK
2024-02-09|CHUNGAR|CS140ST-001|A,2024-02-09,CHUNGAR,CS140ST-001,A,0.0,0.0,0.0,COINCIDE OK
2024-02-09|CHUNGAR|CS140ST-001|B,2024-02-09,CHUNGAR,CS140ST-001,B,0.0,0.0,0.0,COINCIDE OK
2024-02-10|CHUNGAR|CS140ST-001|A,2024-02-10,CHUNGAR,CS140ST-001,A,0.0,0.0,0.0,COINCIDE OK
2024-02-10|CHUNGAR|CS140ST-001|B,2024-02-10,CHUNGAR,CS140ST-001,B,0.0,0.0,0.0,COINCIDE OK
2024-02-11|CHUNGAR|CS140ST-001|A,2024-02-11,CHUNGAR,CS140ST-001,A,0.0,0.0,0.0,COINCIDE OK
2024-02-11|CHUNGAR|CS140ST-001|B,2024-02-11,CHUNGAR,CS140ST-001,B,0.0,0.0,0.0,COINCIDE OK
2024-02-12|CHUNGAR|CS140ST-001|A,2024-02-12,CHUNGAR,CS140ST-001,A,0.0,0.0,0.0,COINCIDE OK
2024-02-12|CHUNGAR|CS140ST-001|B,2024-02-12,CHUNGAR,CS140ST-001,B,0.0,0.0,0.0,COINCIDE OK
2024-02-13|CHUNGAR|CS140ST-001|A,2024-02-13,CHUNGAR,CS140ST-001,A,0.0,0.0,0.0,COINCIDE OK
2024-02-13|CHUNGAR|CS140ST-001|B,2024-02-13,CHUNGAR,CS140ST-001,B,0.0,0.0,0.0,COINCIDE OK
2024-02-14|CHUNGAR|CS140ST-001|A,2024-02-14,CHUNGAR,CS140ST-001,A,0.0,0.0,0.0,COINCIDE OK
2024-02-14|CHUNGAR|CS140ST-001|B,2024-02-14,CHUNGAR,CS140ST-001,B,0.0,0.0,0.0,COINCIDE OK
2024-02-26|SAN CRISTOBAL|XRD90U-002|A,2024-02-26,SAN CRISTOBAL,XRD90U-002,A,0.0,0.0,0.0,COINCIDE OK
2024-02-27|SAN CRISTOBAL|XRD90U-002|A,2024-02-27,SAN CRISTOBAL,XRD90U-002,A,0.0,0.0,0.0,COINCIDE OK
2024-02-27|SAN CRISTOBAL|XRD90U-002|B,2024-02-27,SAN CRISTOBAL,XRD90U-002,B,0.0,0.0,0.0,COINCIDE OK
2024-02-28|SAN CRISTOBAL|XRD90U-002|A,2024-02-28,SAN CRISTOBAL,XRD90U-002,A,0.0,0.0,0.0,COINCIDE OK
2024-02-28|SAN CRISTOBAL|XRD90U-002|B,2024-02-28,SAN CRISTOBAL,XRD90U-002,B,0.0,0.0,0.0,COINCIDE OK
2024-02-29|SAN CRISTOBAL|XRD90U-002|A,2024-02-29,SAN CRISTOBAL,XRD90U-002,A,0.0,0.0,0.0,COINCIDE OK
2024-02-29|SAN CRISTOBAL|XRD90U-002|B,2024-02-29,SAN CRISTOBAL,XRD90U-002,B,0.0,0.0,0.0,COINCIDE OK
2024-03-01|SAN CRISTOBAL|XRD90U-002|A,2024-03-01,SAN CRISTOBAL,XRD90U-002,A,0.0,0.0,0.0,COINCIDE OK
2024-03-01|SAN CRISTOBAL|XRD90U-002|B,2024-03-01,SAN CRISTOBAL,XRD90U-002,B,0.0,0.0,0.0,COINCIDE OK
2024-03-02|SAN CRISTOBAL|XRD90U-002|A,2024-03-02,SAN CRISTOBAL,XRD90U-002,A,0.0,0.0,0.0,COINCIDE OK
2024-03-02|SAN CRISTOBAL|XRD90U-002|B,2024-03-02,SAN CRISTOBAL,XRD90U-002,B,0.0,0.0,0.0,COINCIDE OK
2024-03-03|SAN CRISTOBAL|XRD90U-002|A,2024-03-03,SAN CRISTOBAL,XRD90U-002,A,0.0,0.0,0.0,COINCIDE OK
2024-03-03|SAN CRISTOBAL|XRD90U-002|B,2024-03-03,SAN CRISTOBAL,XRD90U-002,B,0.0,0.0,0.0,COINCIDE OK
2024-03-04|SAN CRISTOBAL|XRD90U-002|A,2024-03-04,SAN CRISTOBAL,XRD90U-002,A,0.0,0.0,0.0,COINCIDE OK
2024-03-04|SAN CRISTOBAL|XRD90U-002|B,2024-03-04,SAN CRISTOBAL,XRD90U-002,B,0.0,0.0,0.0,COINCIDE OK
2024-03-05|SAN CRISTOBAL|XRD90U-002|A,2024-03-05,SAN CRISTOBAL,XRD90U-002,A,0.0,0.0,0.0,COINCIDE OK
2024-03-05|SAN CRISTOBAL|XRD90U-002|B,2024-03-05,SAN CRISTOBAL,XRD90U-002,B,0.0,0.0,0.0,COINCIDE OK
2024-03-06|SAN CRISTOBAL|XRD90U-002|A,2024-03-06,SAN CRISTOBAL,XRD90U-002,A,0.0,0.0,0.0,COINCIDE OK
2024-03-06|SAN CRISTOBAL|XRD90U-002|B,2024-03-06,SAN CRISTOBAL,XRD90U-002,B,0.0,0.0,0.0,COINCIDE OK
2024-03-07|SAN CRISTOBAL|XRD90U-002|A,2024-03-07,SAN CRISTOBAL,XRD90U-002,A,0.0,0.0,0.0,COINCIDE OK
2024-03-07|SAN CRISTOBAL|XRD90U-002|B,2024-03-07,SAN CRISTOBAL,XRD90U-002,B,0.0,0.0,0.0,COINCIDE OK
2024-03-08|SAN CRISTOBAL|XRD90U-002|A,2024-03-08,SAN CRISTOBAL,XRD90U-002,A,0.0,0.0,0.0,COINCIDE OK
2024-03-08|SAN CRISTOBAL|XRD90U-002|B,2024-03-08,SAN CRISTOBAL,XRD90U-002,B,0.0,0.0,0.0,COINCIDE OK
2024-03-09|SAN CRISTOBAL|XRD90U-002|A,2024-03-09,SAN CRISTOBAL,XRD90U-002,A,0.0,0.0,0.0,COINCIDE OK
2024-03-09|SAN CRISTOBAL|XRD90U-002|B,2024-03-09,SAN CRISTOBAL,XRD90U-002,B,0.0,0.0,0.0,COINCIDE OK
2024-03-10|SAN CRISTOBAL|XRD90U-002|A,2024-03-10,SAN CRISTOBAL,XRD90U-002,A,0.0,0.0,0.0,COINCIDE OK
2024-03-10|SAN CRISTOBAL|XRD90U-002|B,2024-03-10,SAN CRISTOBAL,XRD90U-002,B,0.0,0.0,0.0,COINCIDE OK
2024-03-11|SAN CRISTOBAL|XRD90U-002|A,2024-03-11,SAN CRISTOBAL,XRD90U-002,A,0.0,0.0,0.0,COINCIDE OK
2024-03-11|SAN CRISTOBAL|XRD90U-002|B,2024-03-11,SAN CRISTOBAL,XRD90U-002,B,0.0,0.0,0.0,COINCIDE OK
2024-03-12|SAN CRISTOBAL|XRD90U-002|A,2024-03-12,SAN CRISTOBAL,XRD90U-002,A,0.0,0.0,0.0,COINCIDE OK
2024-03-12|SAN CRISTOBAL|XRD90U-002|B,2024-03-12,SAN CRISTOBAL,XRD90U-002,B,0.0,0.0,0.0,COINCIDE OK
2024-03-13|SAN CRISTOBAL|XRD90U-002|A,2024-03-13,SAN CRISTOBAL,XRD90U-002,A,0.0,0.0,0.0,COINCIDE OK
2024-03-13|SAN CRISTOBAL|XRD90U-002|B,2024-03-13,SAN CRISTOBAL,XRD90U-002,B,0.0,0.0,0.0,COINCIDE OK
2024-03-14|SAN CRISTOBAL|XRD90U-002|A,2024-03-14,SAN CRISTOBAL,XRD90U-002,A,0.0,0.0,0.0,COINCIDE OK
2024-03-14|SAN CRISTOBAL|XRD90U-002|B,2024-03-14,SAN CRISTOBAL,XRD90U-002,B,0.0,0.0,0.0,COINCIDE OK
2024-03-15|SAN CRISTOBAL|XRD90U-002|A,2024-03-15,SAN CRISTOBAL,XRD90U-002,A,0.0,0.0,0.0,COINCIDE OK
2024-03-15|SAN CRISTOBAL|XRD90U-002|B,2024-03-15,SAN CRISTOBAL,XRD90U-002,B,0.0,0.0,0.0,COINCIDE OK
2024-03-16|SAN CRISTOBAL|XRD90U-002|A,2024-03-16,SAN CRISTOBAL,XRD90U-002,A,0.0,0.0,0.0,COINCIDE OK
2024-03-16|SAN CRISTOBAL|XRD90U-002|B,2024-03-16,SAN CRISTOBAL,XRD90U-002,B,0.0,0.0,0.0,COINCIDE OK
2024-03-17|SAN CRISTOBAL|XRD90U-002|A,2024-03-17,SAN CRISTOBAL,XRD90U-002,A,0.0,0.0,0.0,COINCIDE OK
2024-03-17|SAN CRISTOBAL|XRD90U-002|B,2024-03-17,SAN CRISTOBAL,XRD90U-002,B,0.0,0.0,0.0,COINCIDE OK
2024-03-18|SAN CRISTOBAL|XRD90U-002|A,2024-03-18,SAN CRISTOBAL,XRD90U-002,A,0.0,0.0,0.0,COINCIDE OK
2024-03-18|SAN CRISTOBAL|XRD90U-002|B,2024-03-18,SAN CRISTOBAL,XRD90U-002,B,0.0,0.0,0.0,COINCIDE OK
2024-03-19|SAN CRISTOBAL|XRD90U-002|A,2024-03-19,SAN CRISTOBAL,XRD90U-002,A,0.0,0.0,0.0,COINCIDE OK
2024-03-19|SAN CRISTOBAL|XRD90U-002|B,2024-03-19,SAN CRISTOBAL,XRD90U-002,B,0.0,0.0,0.0,COINCIDE OK
2024-03-20|SAN CRISTOBAL|XRD90U-002|A,2024-03-20,SAN CRISTOBAL,XRD90U-002,A,0.0,0.0,0.0,COINCIDE OK
2024-03-20|SAN CRISTOBAL|XRD90U-002|B,2024-03-20,SAN CRISTOBAL,XRD90U-002,B,0.0,0.0,0.0,COINCIDE OK
2024-03-21|SAN CRISTOBAL|XRD90U-002|A,2024-03-21,SAN CRISTOBAL,XRD90U-002,A,0.0,0.0,0.0,COINCIDE OK
2024-03-21|SAN CRISTOBAL|XRD90U-002|B,2024-03-21,SAN CRISTOBAL,XRD90U-002,B,0.0,0.0,0.0,COINCIDE OK
2024-03-22|SAN CRISTOBAL|XRD90U-002|A,2024-03-22,SAN CRISTOBAL,XRD90U-002,A,0.0,0.0,0.0,COINCIDE OK
2024-03-22|SAN CRISTOBAL|XRD90U-002|B,2024-03-22,SAN CRISTOBAL,XRD90U-002,B,0.0,0.0,0.0,COINCIDE OK
2024-03-23|SAN CRISTOBAL|XRD90U-002|A,2024-03-23,SAN CRISTOBAL,XRD90U-002,A,0.0,0.0,0.0,COINCIDE OK
2024-03-23|SAN CRISTOBAL|XRD90U-002|B,2024-03-23,SAN CRISTOBAL,XRD90U-002,B,0.0,0.0,0.0,COINCIDE OK
2024-03-24|SAN CRISTOBAL|XRD90U-002|A,2024-03-24,SAN CRISTOBAL,XRD90U-002,A,0.0,0.0,0.0,COINCIDE OK
2024-03-24|SAN CRISTOBAL|XRD90U-002|B,2024-03-24,SAN CRISTOBAL,XRD90U-002,B,0.0,0.0,0.0,COINCIDE OK
2024-03-25|SAN CRISTOBAL|XRD90U-002|A,2024-03-25,SAN CRISTOBAL,XRD90U-002,A,0.0,0.0,0.0,COINCIDE OK
2024-03-25|SAN CRISTOBAL|XRD90U-002|B,2024-03-25,SAN CRISTOBAL,XRD90U-002,B,0.0,0.0,0.0,COINCIDE OK
2024-03-26|SAN CRISTOBAL|XRD90U-002|A,2024-03-26,SAN CRISTOBAL,XRD90U-002,A,0.0,0.0,0.0,COINCIDE OK
2024-03-26|SAN CRISTOBAL|XRD90U-002|B,2024-03-26,SAN CRISTOBAL,XRD90U-002,B,0.0,0.0,0.0,COINCIDE OK
2025-09-26|CONDESTABLE|LM75UFDR-001|A,2025-09-26,CONDESTABLE,LM75UFDR-001,A,2.9000000000000057,0.0,2.9,SOLO EN DETALLADO
2025-09-26|CONDESTABLE|LM75UFDR-001|B,2025-09-26,CONDESTABLE,LM75UFDR-001,B,12.199999999999989,0.0,12.2,SOLO EN DETALLADO
2025-09-27|CONDESTABLE|LM75UFDR-001|A,2025-09-27,CONDESTABLE,LM75UFDR-001,A,5.5,0.0,5.5,SOLO EN DETALLADO
2025-09-27|CONDESTABLE|LM75UFDR-001|B,2025-09-27,CONDESTABLE,LM75UFDR-001,B,15.1,0.0,15.1,SOLO EN DETALLADO
2025-09-28|CONDESTABLE|LM75UFDR-001|A,2025-09-28,CONDESTABLE,LM75UFDR-001,A,26.3,0.0,26.3,SOLO EN DETALLADO
2025-09-28|CONDESTABLE|LM75UFDR-001|B,2025-09-28,CONDESTABLE,LM75UFDR-001,B,16.9,0.0,16.9,SOLO EN DETALLADO
2025-09-29|CONDESTABLE|LM75UFDR-001|A,2025-09-29,CONDESTABLE,LM75UFDR-001,A,29.5,0.0,29.5,SOLO EN DETALLADO
2025-09-29|CONDESTABLE|LM75UFDR-001|B,2025-09-29,CONDESTABLE,LM75UFDR-001,B,21.200000000000003,0.0,21.2,SOLO EN DETALLADO
2025-09-30|CONDESTABLE|LM75UFDR-001|A,2025-09-30,CONDESTABLE,LM75UFDR-001,A,20.19999999999999,0.0,20.2,SOLO EN DETALLADO
2025-09-30|CONDESTABLE|LM75UFDR-001|B,2025-09-30,CONDESTABLE,LM75UFDR-001,B,7.400000000000006,0.0,7.4,SOLO EN DETALLADO
2025-10-01|CONDESTABLE|LM75UFDR-001|A,2025-10-01,CONDESTABLE,LM75UFDR-001,A,10.200000000000015,0.0,10.2,SOLO EN DETALLADO
2025-10-01|CONDESTABLE|LM75UFDR-001|B,2025-10-01,CONDESTABLE,LM75UFDR-001,B,17.799999999999983,0.0,17.8,SOLO EN DETALLADO
2025-10-02|CONDESTABLE|LM75UFDR-001|A,2025-10-02,CONDESTABLE,LM75UFDR-001,A,10.900000000000006,0.0,10.9,SOLO EN DETALLADO
2025-10-02|CONDESTABLE|LM75UFDR-001|B,2025-10-02,CONDESTABLE,LM75UFDR-001,B,0.0,0.0,0.0,COINCIDE OK
2025-10-03|CONDESTABLE|LM75UFDR-001|A,2025-10-03,CONDESTABLE,LM75UFDR-001,A,0.0,0.0,0.0,COINCIDE OK
2025-10-03|CONDESTABLE|LM75UFDR-001|B,2025-10-03,CONDESTABLE,LM75UFDR-001,B,0.0,0.0,0.0,COINCIDE OK
2025-10-04|CONDESTABLE|LM75UFDR-001|A,2025-10-04,CONDESTABLE,LM75UFDR-001,A,0.0,0.0,0.0,COINCIDE OK
2025-10-04|CONDESTABLE|LM75UFDR-001|B,2025-10-04,CONDESTABLE,LM75UFDR-001,B,0.0,0.0,0.0,COINCIDE OK
2025-10-05|CONDESTABLE|LM75UFDR-001|A,2025-10-05,CONDESTABLE,LM75UFDR-001,A,0.0,0.0,0.0,COINCIDE OK
2025-10-05|CONDESTABLE|LM75UFDR-001|B,2025-10-05,CONDESTABLE,LM75UFDR-001,B,0.0,0.0,0.0,COINCIDE OK
2025-10-06|CONDESTABLE|LM75UFDR-001|A,2025-10-06,CONDESTABLE,LM75UFDR-001,A,0.0,0.0,0.0,COINCIDE OK
2025-10-06|CONDESTABLE|LM75UFDR-001|B,2025-10-06,CONDESTABLE,LM75UFDR-001,B,0.0,0.0,0.0,COINCIDE OK
2025-10-07|CONDESTABLE|LM75UFDR-001|A,2025-10-07,CONDESTABLE,LM75UFDR-001,A,0.0,0.0,0.0,COINCIDE OK
2025-10-07|CONDESTABLE|LM75UFDR-001|B,2025-10-07,CONDESTABLE,LM75UFDR-001,B,0.0,0.0,0.0,COINCIDE OK
2025-10-08|CONDESTABLE|LM75UFDR-001|A,2025-10-08,CONDESTABLE,LM75UFDR-001,A,0.0,0.0,0.0,COINCIDE OK
2025-10-08|CONDESTABLE|LM75UFDR-001|B,2025-10-08,CONDESTABLE,LM75UFDR-001,B,0.0,0.0,0.0,COINCIDE OK
2025-10-09|CONDESTABLE|LM75UFDR-001|A,2025-10-09,CONDESTABLE,LM75UFDR-001,A,0.0,0.0,0.0,COINCIDE OK
2025-10-09|CONDESTABLE|LM75UFDR-001|B,2025-10-09,CONDESTABLE,LM75UFDR-001,B,0.0,0.0,0.0,COINCIDE OK
2025-10-10|CONDESTABLE|LM75UFDR-001|A,2025-10-10,CONDESTABLE,LM75UFDR-001,A,0.0,0.0,0.0,COINCIDE OK
2025-10-10|CONDESTABLE|LM75UFDR-001|B,2025-10-10,CONDESTABLE,LM75UFDR-001,B,0.0,0.0,0.0,COINCIDE OK
2025-10-11|CONDESTABLE|LM75UFDR-001|A,2025-10-11,CONDESTABLE,LM75UFDR-001,A,0.0,0.0,0.0,COINCIDE OK
2025-10-11|CONDESTABLE|LM75UFDR-001|B,2025-10-11,CONDESTABLE,LM75UFDR-001,B,0.0,0.0,0.0,COINCIDE OK
2025-10-12|CONDESTABLE|LM75UFDR-001|A,2025-10-12,CONDESTABLE,LM75UFDR-001,A,0.0,0.0,0.0,COINCIDE OK
2025-10-12|CONDESTABLE|LM75UFDR-001|B,2025-10-12,CONDESTABLE,LM75UFDR-001,B,0.0,0.0,0.0,COINCIDE OK
2025-10-13|CONDESTABLE|LM75UFDR-001|A,2025-10-13,CONDESTABLE,LM75UFDR-001,A,0.0,0.0,0.0,COINCIDE OK
2025-10-13|CONDESTABLE|LM75UFDR-001|B,2025-10-13,CONDESTABLE,LM75UFDR-001,B,0.0,0.0,0.0,COINCIDE OK
2025-10-14|CONDESTABLE|LM75UFDR-001|A,2025-10-14,CONDESTABLE,LM75UFDR-001,A,0.0,0.0,0.0,COINCIDE OK
2025-10-14|CONDESTABLE|LM75UFDR-001|B,2025-10-14,CONDESTABLE,LM75UFDR-001,B,0.0,0.0,0.0,COINCIDE OK
2025-10-15|CONDESTABLE|LM75UFDR-001|A,2025-10-15,CONDESTABLE,LM75UFDR-001,A,0.0,0.0,0.0,COINCIDE OK
2025-10-15|CONDESTABLE|LM75UFDR-001|B,2025-10-15,CONDESTABLE,LM75UFDR-001,B,0.0,0.0,0.0,COINCIDE OK
2025-10-16|CONDESTABLE|LM75UFDR-001|A,2025-10-16,CONDESTABLE,LM75UFDR-001,A,0.0,0.0,0.0,COINCIDE OK
2025-10-16|CONDESTABLE|LM75UFDR-001|B,2025-10-16,CONDESTABLE,LM75UFDR-001,B,0.0,0.0,0.0,COINCIDE OK
2025-10-17|CONDESTABLE|LM75UFDR-001|A,2025-10-17,CONDESTABLE,LM75UFDR-001,A,0.0,0.0,0.0,COINCIDE OK
2025-10-17|CONDESTABLE|LM75UFDR-001|B,2025-10-17,CONDESTABLE,LM75UFDR-001,B,0.0,0.0,0.0,COINCIDE OK
2025-10-18|CONDESTABLE|LM75UFDR-001|A,2025-10-18,CONDESTABLE,LM75UFDR-001,A,0.0,0.0,0.0,COINCIDE OK
2025-10-18|CONDESTABLE|LM75UFDR-001|B,2025-10-18,CONDESTABLE,LM75UFDR-001,B,0.0,0.0,0.0,COINCIDE OK
2025-10-19|CONDESTABLE|LM75UFDR-001|A,2025-10-19,CONDESTABLE,LM75UFDR-001,A,0.0,0.0,0.0,COINCIDE OK
2025-10-19|CONDESTABLE|LM75UFDR-001|B,2025-10-19,CONDESTABLE,LM75UFDR-001,B,0.0,0.0,0.0,COINCIDE OK
2025-10-20|CONDESTABLE|LM75UFDR-001|A,2025-10-20,CONDESTABLE,LM75UFDR-001,A,0.0,0.0,0.0,COINCIDE OK
2025-10-20|CONDESTABLE|LM75UFDR-001|B,2025-10-20,CONDESTABLE,LM75UFDR-001,B,0.0,0.0,0.0,COINCIDE OK
2025-10-21|CONDESTABLE|LM75UFDR-001|A,2025-10-21,CONDESTABLE,LM75UFDR-001,A,0.0,0.0,0.0,COINCIDE OK
2025-10-21|CONDESTABLE|LM75UFDR-001|B,2025-10-21,CONDESTABLE,LM75UFDR-001,B,0.0,0.0,0.0,COINCIDE OK
2025-10-22|CONDESTABLE|LM75UFDR-001|A,2025-10-22,CONDESTABLE,LM75UFDR-001,A,0.0,0.0,0.0,COINCIDE OK
2025-10-22|CONDESTABLE|LM75UFDR-001|B,2025-10-22,CONDESTABLE,LM75UFDR-001,B,0.0,0.0,0.0,COINCIDE OK
2025-10-23|CONDESTABLE|LM75UFDR-001|A,2025-10-23,CONDESTABLE,LM75UFDR-001,A,0.0,0.0,0.0,COINCIDE OK
2025-10-23|CONDESTABLE|LM75UFDR-001|B,2025-10-23,CONDESTABLE,LM75UFDR-001,B,0.0,0.0,0.0,COINCIDE OK
2025-10-24|CONDESTABLE|LM75UFDR-001|A,2025-10-24,CONDESTABLE,LM75UFDR-001,A,0.0,0.0,0.0,COINCIDE OK
2025-10-24|CONDESTABLE|LM75UFDR-001|B,2025-10-24,CONDESTABLE,LM75UFDR-001,B,0.0,0.0,0.0,COINCIDE OK
2025-10-25|CONDESTABLE|LM75UFDR-001|A,2025-10-25,CONDESTABLE,LM75UFDR-001,A,0.0,0.0,0.0,COINCIDE OK
2025-10-25|CONDESTABLE|LM75UFDR-001|B,2025-10-25,CONDESTABLE,LM75UFDR-001,B,0.0,0.0,0.0,COINCIDE OK
2025-10-26|CONDESTABLE|LM75UFDR-001|A,2025-10-26,CONDESTABLE,LM75UFDR-001,A,0.0,0.0,0.0,COINCIDE OK
2025-10-26|CONDESTABLE|LM75UFDR-001|B,2025-10-26,CONDESTABLE,LM75UFDR-001,B,0.0,0.0,0.0,COINCIDE OK
2025-10-26|CUCULI|XRD100ST-001 (2)|A,2025-10-26,CUCULI,XRD100ST-001 (2),A,0.0,0.0,0.0,COINCIDE OK
2025-10-27|CUCULI|XRD100ST-001 (2)|A,2025-10-27,CUCULI,XRD100ST-001 (2),A,0.0,0.0,0.0,COINCIDE OK
2025-10-27|CUCULI|XRD100ST-001 (2)|B,2025-10-27,CUCULI,XRD100ST-001 (2),B,0.0,0.0,0.0,COINCIDE OK
2025-10-28|CUCULI|XRD100ST-001 (2)|A,2025-10-28,CUCULI,XRD100ST-001 (2),A,0.0,0.0,0.0,COINCIDE OK
2025-10-28|CUCULI|XRD100ST-001 (2)|B,2025-10-28,CUCULI,XRD100ST-001 (2),B,0.0,0.0,0.0,COINCIDE OK
2025-10-29|CUCULI|XRD100ST-001 (2)|A,2025-10-29,CUCULI,XRD100ST-001 (2),A,0.0,0.0,0.0,COINCIDE OK
2025-10-29|CUCULI|XRD100ST-001 (2)|B,2025-10-29,CUCULI,XRD100ST-001 (2),B,0.0,0.0,0.0,COINCIDE OK
2025-10-30|CUCULI|XRD100ST-001 (2)|A,2025-10-30,CUCULI,XRD100ST-001 (2),A,0.0,0.0,0.0,COINCIDE OK
2025-10-30|CUCULI|XRD100ST-001 (2)|B,2025-10-30,CUCULI,XRD100ST-001 (2),B,0.0,0.0,0.0,COINCIDE OK
2025-10-31|CUCULI|XRD100ST-001 (2)|A,2025-10-31,CUCULI,XRD100ST-001 (2),A,0.0,0.0,0.0,COINCIDE OK
2025-10-31|CUCULI|XRD100ST-001 (2)|B,2025-10-31,CUCULI,XRD100ST-001 (2),B,0.0,0.0,0.0,COINCIDE OK
2025-11-01|CUCULI|XRD100ST-001 (2)|A,2025-11-01,CUCULI,XRD100ST-001 (2),A,0.0,0.0,0.0,COINCIDE OK
2025-11-01|CUCULI|XRD100ST-001 (2)|B,2025-11-01,CUCULI,XRD100ST-001 (2),B,0.0,0.0,0.0,COINCIDE OK
2025-11-02|CUCULI|XRD100ST-001 (2)|A,2025-11-02,CUCULI,XRD100ST-001 (2),A,0.0,0.0,0.0,COINCIDE OK
2025-11-02|CUCULI|XRD100ST-001 (2)|B,2025-11-02,CUCULI,XRD100ST-001 (2),B,0.0,0.0,0.0,COINCIDE OK
2025-11-03|CUCULI|XRD100ST-001 (2)|A,2025-11-03,CUCULI,XRD100ST-001 (2),A,0.0,0.0,0.0,COINCIDE OK
2025-11-03|CUCULI|XRD100ST-001 (2)|B,2025-11-03,CUCULI,XRD100ST-001 (2),B,0.0,0.0,0.0,COINCIDE OK
2025-11-04|CUCULI|XRD100ST-001 (2)|A,2025-11-04,CUCULI,XRD100ST-001 (2),A,0.0,0.0,0.0,COINCIDE OK
2025-11-04|CUCULI|XRD100ST-001 (2)|B,2025-11-04,CUCULI,XRD100ST-001 (2),B,0.0,0.0,0.0,COINCIDE OK
2025-11-05|CUCULI|XRD100ST-001 (2)|A,2025-11-05,CUCULI,XRD100ST-001 (2),A,0.0,0.0,0.0,COINCIDE OK
2025-11-05|CUCULI|XRD100ST-001 (2)|B,2025-11-05,CUCULI,XRD100ST-001 (2),B,0.0,0.0,0.0,COINCIDE OK
2025-11-06|CUCULI|XRD100ST-001 (2)|A,2025-11-06,CUCULI,XRD100ST-001 (2),A,0.6,0.0,0.6,SOLO EN DETALLADO
2025-11-06|CUCULI|XRD100ST-001 (2)|B,2025-11-06,CUCULI,XRD100ST-001 (2),B,0.0,0.0,0.0,COINCIDE OK
2025-11-07|CUCULI|XRD100ST-001 (2)|A,2025-11-07,CUCULI,XRD100ST-001 (2),A,5.800000000000001,0.0,5.8,SOLO EN DETALLADO
2025-11-07|CUCULI|XRD100ST-001 (2)|B,2025-11-07,CUCULI,XRD100ST-001 (2),B,4.799999999999999,0.0,4.8,SOLO EN DETALLADO
2025-11-08|CUCULI|XRD100ST-001 (2)|A,2025-11-08,CUCULI,XRD100ST-001 (2),A,6.100000000000001,0.0,6.1,SOLO EN DETALLADO
2025-11-08|CUCULI|XRD100ST-001 (2)|B,2025-11-08,CUCULI,XRD100ST-001 (2),B,2.5,0.0,2.5,SOLO EN DETALLADO
2025-11-09|CUCULI|XRD100ST-001 (2)|A,2025-11-09,CUCULI,XRD100ST-001 (2),A,0.0,0.0,0.0,COINCIDE OK
2025-11-09|CUCULI|XRD100ST-001 (2)|B,2025-11-09,CUCULI,XRD100ST-001 (2),B,0.5999999999999979,0.0,0.6,SOLO EN DETALLADO
2025-11-10|CUCULI|XRD100ST-001 (2)|A,2025-11-10,CUCULI,XRD100ST-001 (2),A,10.3,0.0,10.3,SOLO EN DETALLADO
2025-11-10|CUCULI|XRD100ST-001 (2)|B,2025-11-10,CUCULI,XRD100ST-001 (2),B,12.400000000000002,0.0,12.4,SOLO EN DETALLADO
2025-11-11|CUCULI|XRD100ST-001 (2)|A,2025-11-11,CUCULI,XRD100ST-001 (2),A,19.0,0.0,19.0,SOLO EN DETALLADO
2025-11-11|CUCULI|XRD100ST-001 (2)|B,2025-11-11,CUCULI,XRD100ST-001 (2),B,17.699999999999996,0.0,17.7,SOLO EN DETALLADO
2025-11-12|CUCULI|XRD100ST-001 (2)|A,2025-11-12,CUCULI,XRD100ST-001 (2),A,0.0,0.0,0.0,COINCIDE OK
2025-11-12|CUCULI|XRD100ST-001 (2)|B,2025-11-12,CUCULI,XRD100ST-001 (2),B,0.0,0.0,0.0,COINCIDE OK
2025-11-13|CUCULI|XRD100ST-001 (2)|A,2025-11-13,CUCULI,XRD100ST-001 (2),A,0.0,0.0,0.0,COINCIDE OK
2025-11-13|CUCULI|XRD100ST-001 (2)|B,2025-11-13,CUCULI,XRD100ST-001 (2),B,0.0,0.0,0.0,COINCIDE OK
2025-11-14|CUCULI|XRD100ST-001 (2)|A,2025-11-14,CUCULI,XRD100ST-001 (2),A,0.0,0.0,0.0,COINCIDE OK
2025-11-14|CUCULI|XRD100ST-001 (2)|B,2025-11-14,CUCULI,XRD100ST-001 (2),B,0.0,0.0,0.0,COINCIDE OK
2025-11-15|CUCULI|XRD100ST-001 (2)|A,2025-11-15,CUCULI,XRD100ST-001 (2),A,6.6,0.0,6.6,SOLO EN DETALLADO
2025-11-15|CUCULI|XRD100ST-001 (2)|B,2025-11-15,CUCULI,XRD100ST-001 (2),B,8.85,0.0,8.85,SOLO EN DETALLADO
2025-11-16|CUCULI|XRD100ST-001 (2)|A,2025-11-16,CUCULI,XRD100ST-001 (2),A,3.650000000000002,0.0,3.65,SOLO EN DETALLADO
2025-11-16|CUCULI|XRD100ST-001 (2)|B,2025-11-16,CUCULI,XRD100ST-001 (2),B,18.75,0.0,18.75,SOLO EN DETALLADO
2025-11-17|CUCULI|XRD100ST-001 (2)|A,2025-11-17,CUCULI,XRD100ST-001 (2),A,0.0,0.0,0.0,COINCIDE OK
2025-11-17|CUCULI|XRD100ST-001 (2)|B,2025-11-17,CUCULI,XRD100ST-001 (2),B,0.0,0.0,0.0,COINCIDE OK
2025-11-18|CUCULI|XRD100ST-001 (2)|A,2025-11-18,CUCULI,XRD100ST-001 (2),A,0.0,0.0,0.0,COINCIDE OK
2025-11-18|CUCULI|XRD100ST-001 (2)|B,2025-11-18,CUCULI,XRD100ST-001 (2),B,0.0,0.0,0.0,COINCIDE OK
2025-11-19|CUCULI|XRD100ST-001 (2)|A,2025-11-19,CUCULI,XRD100ST-001 (2),A,0.0,0.0,0.0,COINCIDE OK
2025-11-19|CUCULI|XRD100ST-001 (2)|B,2025-11-19,CUCULI,XRD100ST-001 (2),B,0.0,0.0,0.0,COINCIDE OK
2025-11-20|CUCULI|XRD100ST-001 (2)|A,2025-11-20,CUCULI,XRD100ST-001 (2),A,0.0,0.0,0.0,COINCIDE OK
2025-11-20|CUCULI|XRD100ST-001 (2)|B,2025-11-20,CUCULI,XRD100ST-001 (2),B,0.0,0.0,0.0,COINCIDE OK
2025-11-21|CUCULI|XRD100ST-001 (2)|A,2025-11-21,CUCULI,XRD100ST-001 (2),A,0.0,0.0,0.0,COINCIDE OK
2025-11-21|CUCULI|XRD100ST-001 (2)|B,2025-11-21,CUCULI,XRD100ST-001 (2),B,0.0,0.0,0.0,COINCIDE OK
2025-11-22|CUCULI|XRD100ST-001 (2)|A,2025-11-22,CUCULI,XRD100ST-001 (2),A,0.0,0.0,0.0,COINCIDE OK
2025-11-22|CUCULI|XRD100ST-001 (2)|B,2025-11-22,CUCULI,XRD100ST-001 (2),B,0.0,0.0,0.0,COINCIDE OK
2025-11-23|CUCULI|XRD100ST-001 (2)|A,2025-11-23,CUCULI,XRD100ST-001 (2),A,0.0,0.0,0.0,COINCIDE OK
2025-11-23|CUCULI|XRD100ST-001 (2)|B,2025-11-23,CUCULI,XRD100ST-001 (2),B,0.0,0.0,0.0,COINCIDE OK
2025-11-24|CUCULI|XRD100ST-001 (2)|A,2025-11-24,CUCULI,XRD100ST-001 (2),A,0.0,0.0,0.0,COINCIDE OK
2025-11-24|CUCULI|XRD100ST-001 (2)|B,2025-11-24,CUCULI,XRD100ST-001 (2),B,0.0,0.0,0.0,COINCIDE OK
2025-11-25|CUCULI|XRD100ST-001 (2)|A,2025-11-25,CUCULI,XRD100ST-001 (2),A,0.0,0.0,0.0,COINCIDE OK
2025-11-25|CUCULI|XRD100ST-001 (2)|B,2025-11-25,CUCULI,XRD100ST-001 (2),B,0.0,0.0,0.0,COINCIDE OK
2026-01-26|ANDAYCHAGUA|DE710ST-001|A,2026-01-26,ANDAYCHAGUA,DE710ST-001,A,0.0,0.0,0.0,COINCIDE OK
2026-01-26|ANDAYCHAGUA|DE710ST-001|B,2026-01-26,ANDAYCHAGUA,DE710ST-001,B,0.0,0.0,0.0,COINCIDE OK
2026-01-27|ANDAYCHAGUA|DE710ST-001|A,2026-01-27,ANDAYCHAGUA,DE710ST-001,A,0.0,0.0,0.0,COINCIDE OK
2026-01-27|ANDAYCHAGUA|DE710ST-001|B,2026-01-27,ANDAYCHAGUA,DE710ST-001,B,0.0,0.0,0.0,COINCIDE OK
2026-01-28|ANDAYCHAGUA|DE710ST-001|A,2026-01-28,ANDAYCHAGUA,DE710ST-001,A,0.0,0.0,0.0,COINCIDE OK
2026-01-28|ANDAYCHAGUA|DE710ST-001|B,2026-01-28,ANDAYCHAGUA,DE710ST-001,B,0.0,0.0,0.0,COINCIDE OK
2026-01-29|ANDAYCHAGUA|DE710ST-001|A,2026-01-29,ANDAYCHAGUA,DE710ST-001,A,0.0,0.0,0.0,COINCIDE OK
2026-01-29|ANDAYCHAGUA|DE710ST-001|B,2026-01-29,ANDAYCHAGUA,DE710ST-001,B,0.0,0.0,0.0,COINCIDE OK
2026-06-26|AMERICANA|LM110U-001|A,2026-06-26,AMERICANA,LM110U-001,A,0.0,0.0,0.0,COINCIDE OK
2026-06-26|AMERICANA|XRD50U-002|A,2026-06-26,AMERICANA,XRD50U-002,A,35.0,35.0,0.0,COINCIDE OK
2026-06-26|AMERICANA|XRD50U-002|B,2026-06-26,AMERICANA,XRD50U-002,B,3.0,3.0,0.0,COINCIDE OK
2026-06-26|AMERICANA|XRD50USS-001|A,2026-06-26,AMERICANA,XRD50USS-001,A,35.0,35.0,0.0,COINCIDE OK
2026-06-26|AMERICANA|XRD50USS-001|B,2026-06-26,AMERICANA,XRD50USS-001,B,34.99999999999999,35.0,-0.0,COINCIDE OK
2026-06-26|ANDAYCHAGUA|LF90D ST-002|A,2026-06-26,ANDAYCHAGUA,LF90D ST-002,A,18.0,18.0,0.0,COINCIDE OK
2026-06-26|ANDAYCHAGUA|LF90D ST-002|B,2026-06-26,ANDAYCHAGUA,LF90D ST-002,B,21.0,21.0,0.0,COINCIDE OK
2026-06-26|ANDAYCHAGUA|XRD150U-001|A,2026-06-26,ANDAYCHAGUA,XRD150U-001,A,5.049999999999983,5.05,-0.0,COINCIDE OK
2026-06-26|ANDAYCHAGUA|XRD150U-001|B,2026-06-26,ANDAYCHAGUA,XRD150U-001,B,10.400000000000006,10.4,0.0,COINCIDE OK
2026-06-26|ANDAYCHAGUA|XRD80USS-010|A,2026-06-26,ANDAYCHAGUA,XRD80USS-010,A,13.800000000000004,13.8,0.0,COINCIDE OK
2026-06-26|ANDAYCHAGUA|XRD80USS-010|B,2026-06-26,ANDAYCHAGUA,XRD80USS-010,B,3.299999999999997,3.3,-0.0,COINCIDE OK
2026-06-26|CATALINA HUANCA|XRD100U-001|A,2026-06-26,CATALINA HUANCA,XRD100U-001,A,5.899999999999999,5.9,-0.0,COINCIDE OK
2026-06-26|CATALINA HUANCA|XRD100U-001|B,2026-06-26,CATALINA HUANCA,XRD100U-001,B,23.7,23.7,0.0,COINCIDE OK
2026-06-26|CATALINA HUANCA|XRD125UFDR-001|A,2026-06-26,CATALINA HUANCA,XRD125UFDR-001,A,2.5,2.5,0.0,COINCIDE OK
2026-06-26|CATALINA HUANCA|XRD125UFDR-001|B,2026-06-26,CATALINA HUANCA,XRD125UFDR-001,B,9.5,9.5,0.0,COINCIDE OK
2026-06-26|CATALINA HUANCA|XRD50U-003|A,2026-06-26,CATALINA HUANCA,XRD50U-003,A,25.599999999999994,25.6,-0.0,COINCIDE OK
2026-06-26|CATALINA HUANCA|XRD50U-003|B,2026-06-26,CATALINA HUANCA,XRD50U-003,B,0.0,0.0,0.0,COINCIDE OK
2026-06-26|CATALINA HUANCA|XRD50USS-004|A,2026-06-26,CATALINA HUANCA,XRD50USS-004,A,14.1,14.1,0.0,COINCIDE OK
2026-06-26|CATALINA HUANCA|XRD50USS-004|B,2026-06-26,CATALINA HUANCA,XRD50USS-004,B,2.8999999999999986,2.9,-0.0,COINCIDE OK
2026-06-26|CATALINA HUANCA|XRD90U-005|A,2026-06-26,CATALINA HUANCA,XRD90U-005,A,0.0,0.0,0.0,COINCIDE OK
2026-06-26|CATALINA HUANCA|XRD90U-005|B,2026-06-26,CATALINA HUANCA,XRD90U-005,B,0.0,0.0,0.0,COINCIDE OK
2026-06-26|CERRO|XRD150U-002|A,2026-06-26,CERRO,XRD150U-002,A,13.0,13.0,0.0,COINCIDE OK
2026-06-26|CERRO|XRD150U-002|B,2026-06-26,CERRO,XRD150U-002,B,23.60000000000001,23.6,0.0,COINCIDE OK
2026-06-26|CHUNGAR|LM110U-001|A,2026-06-26,CHUNGAR,LM110U-001,A,0.0,0.0,0.0,COINCIDE OK
2026-06-26|CHUNGAR|LM110U-001|B,2026-06-26,CHUNGAR,LM110U-001,B,0.0,0.0,0.0,COINCIDE OK
2026-06-26|CHUNGAR|LM90U-001|A,2026-06-26,CHUNGAR,LM90U-001,A,0.0,0.0,0.0,COINCIDE OK
2026-06-26|CHUNGAR|LM90U-001|B,2026-06-26,CHUNGAR,LM90U-001,B,8.6,8.6,0.0,COINCIDE OK
2026-06-26|CHUNGAR|XRD120U-001|A,2026-06-26,CHUNGAR,XRD120U-001,A,9.100000000000025,9.1,0.0,COINCIDE OK
2026-06-26|CHUNGAR|XRD120U-001|B,2026-06-26,CHUNGAR,XRD120U-001,B,2.7999999999999545,2.8,-0.0,COINCIDE OK
2026-06-26|CHUNGAR|XRD90U-021|A,2026-06-26,CHUNGAR,XRD90U-021,A,20.599999999999994,20.6,-0.0,COINCIDE OK
2026-06-26|CHUNGAR|XRD90U-021|B,2026-06-26,CHUNGAR,XRD90U-021,B,14.200000000000005,14.2,0.0,COINCIDE OK
2026-06-26|CHUNGAR|XRD90USS-003|A,2026-06-26,CHUNGAR,XRD90USS-003,A,18.0,18.0,0.0,COINCIDE OK
2026-06-26|CHUNGAR|XRD90USS-003|B,2026-06-26,CHUNGAR,XRD90USS-003,B,19.0,19.0,0.0,COINCIDE OK
2026-06-26|COBRIZA|XDR100ST-001|A,2026-06-26,COBRIZA,XDR100ST-001,A,0.0,0.0,0.0,COINCIDE OK
2026-06-26|COBRIZA|XLM75UFDR-003|A,2026-06-26,COBRIZA,XLM75UFDR-003,A,31.200000000000003,31.2,0.0,COINCIDE OK
2026-06-26|COBRIZA|XLM75UFDR-003|B,2026-06-26,COBRIZA,XLM75UFDR-003,B,28.60000000000001,28.6,0.0,COINCIDE OK
2026-06-26|COBRIZA|XRD125UFDR-002|A,2026-06-26,COBRIZA,XRD125UFDR-002,A,0.0,0.0,0.0,COINCIDE OK
2026-06-26|COBRIZA|XRD125UFDR-002|B,2026-06-26,COBRIZA,XRD125UFDR-002,B,0.0,0.0,0.0,COINCIDE OK
2026-06-26|COBRIZA|XRD150U-008|A,2026-06-26,COBRIZA,XRD150U-008,A,6.0,6.0,0.0,COINCIDE OK
2026-06-26|COBRIZA|XRD150U-008|B,2026-06-26,COBRIZA,XRD150U-008,B,2.300000000000012,2.3,0.0,COINCIDE OK
2026-06-26|COBRIZA|XRD50UFDR-001|A,2026-06-26,COBRIZA,XRD50UFDR-001,A,9.799999999999995,9.8,-0.0,COINCIDE OK
2026-06-26|COBRIZA|XRD50UFDR-001|B,2026-06-26,COBRIZA,XRD50UFDR-001,B,20.8,20.8,0.0,COINCIDE OK
2026-06-26|COBRIZA|XRD50USS-002|A,2026-06-26,COBRIZA,XRD50USS-002,A,0.0,0.0,0.0,COINCIDE OK
2026-06-26|COBRIZA|XRD50USS-002|B,2026-06-26,COBRIZA,XRD50USS-002,B,0.0,0.0,0.0,COINCIDE OK
2026-06-26|COBRIZA|XRD80USS-006|A,2026-06-26,COBRIZA,XRD80USS-006,A,24.0,24.0,0.0,COINCIDE OK
2026-06-26|COBRIZA|XRD80USS-006|B,2026-06-26,COBRIZA,XRD80USS-006,B,10.400000000000006,10.4,0.0,COINCIDE OK
2026-06-26|COBRIZA|XRD90U-019|A,2026-06-26,COBRIZA,XRD90U-019,A,0.0,0.0,0.0,COINCIDE OK
2026-06-26|COBRIZA|XRD90U-019|B,2026-06-26,COBRIZA,XRD90U-019,B,0.0,0.0,0.0,COINCIDE OK
2026-06-26|COLQUISIRI|XRD80USS-012|A,2026-06-26,COLQUISIRI,XRD80USS-012,A,16.0,16.0,0.0,COINCIDE OK
2026-06-26|COLQUISIRI|XRD80USS-012|B,2026-06-26,COLQUISIRI,XRD80USS-012,B,15.0,15.0,0.0,COINCIDE OK
2026-06-26|CONDESTABLE|XLM75UFDR-002|A,2026-06-26,CONDESTABLE,XLM75UFDR-002,A,9.600000000000009,9.6,0.0,COINCIDE OK
2026-06-26|CONDESTABLE|XLM75UFDR-002|B,2026-06-26,CONDESTABLE,XLM75UFDR-002,B,18.39999999999999,18.4,-0.0,COINCIDE OK
2026-06-26|CONDESTABLE|XLM75UFDR-004|A,2026-06-26,CONDESTABLE,XLM75UFDR-004,A,0.0,0.0,0.0,COINCIDE OK
2026-06-26|CONDESTABLE|XLM75UFDR-004|B,2026-06-26,CONDESTABLE,XLM75UFDR-004,B,0.0,0.0,0.0,COINCIDE OK
2026-06-26|CONDESTABLE|XRD150USS-003|A,2026-06-26,CONDESTABLE,XRD150USS-003,A,0.0,0.0,0.0,COINCIDE OK
2026-06-26|CONDESTABLE|XRD150USS-003|B,2026-06-26,CONDESTABLE,XRD150USS-003,B,0.0,0.0,0.0,COINCIDE OK
2026-06-26|CONDESTABLE|XRD80ITH-001|A,2026-06-26,CONDESTABLE,XRD80ITH-001,A,0.0,0.0,0.0,COINCIDE OK
2026-06-26|CONDESTABLE|XRD80ITH-001|B,2026-06-26,CONDESTABLE,XRD80ITH-001,B,21.0,21.0,0.0,COINCIDE OK
2026-06-26|CUCULII|XRD100ST-001|A,2026-06-26,CUCULI,XRD100ST-001,A,0.0,0.0,0.0,COINCIDE OK
2026-06-26|CUCULII|XRD100ST-001|B,2026-06-26,CUCULI,XRD100ST-001,B,0.0,0.0,0.0,COINCIDE OK
2026-06-26|CUCULI|XRD100ST-001|A,2026-06-26,CUCULI,XRD100ST-001,A,0.0,0.0,0.0,COINCIDE OK
2026-06-26|CUCULI|XRD100ST-001|B,2026-06-26,CUCULI,XRD100ST-001,B,0.0,0.0,0.0,COINCIDE OK
2026-06-26|INMACULADA|XLM75UFDR-001|A,2026-06-26,INMACULADA,XLM75UFDR-001,A,12.0,12.0,0.0,COINCIDE OK
2026-06-26|INMACULADA|XLM75UFDR-001|B,2026-06-26,INMACULADA,XLM75UFDR-001,B,0.0,0.0,0.0,COINCIDE OK
2026-06-26|INMACULADA|XRD150U-003|A,2026-06-26,INMACULADA,XRD150U-003,A,0.0,0.0,0.0,COINCIDE OK
2026-06-26|INMACULADA|XRD150U-003|B,2026-06-26,INMACULADA,XRD150U-003,B,7.5,7.5,0.0,COINCIDE OK
2026-06-26|INMACULADA|XRD250U-001|A,2026-06-26,INMACULADA,XRD250U-001,A,0.0,0.0,0.0,COINCIDE OK
2026-06-26|INMACULADA|XRD250U-001|B,2026-06-26,INMACULADA,XRD250U-001,B,0.0,0.0,0.0,COINCIDE OK
2026-06-26|INMACULADA|XRD80USS-008|A,2026-06-26,INMACULADA,XRD80USS-008,A,16.5,16.5,0.0,COINCIDE OK
2026-06-26|INMACULADA|XRD80USS-008|B,2026-06-26,INMACULADA,XRD80USS-008,B,22.5,22.5,0.0,COINCIDE OK
2026-06-26|INMACULADA|XRD90U-012|A,2026-06-26,INMACULADA,XRD90U-012,A,0.0,0.0,0.0,COINCIDE OK
2026-06-26|INMACULADA|XRD90U-012|B,2026-06-26,INMACULADA,XRD90U-012,B,0.0,0.0,0.0,COINCIDE OK
2026-06-26|INMACULADA|XRD90U-016|A,2026-06-26,INMACULADA,XRD90U-016,A,0.0,0.0,0.0,COINCIDE OK
2026-06-26|INMACULADA|XRD90U-016|B,2026-06-26,INMACULADA,XRD90U-016,B,12.0,12.0,0.0,COINCIDE OK
2026-06-26|LA ESTRELLA|XRD150U-004|A,2026-06-26,LA ESTRELLA,XRD150U-004,A,0.0,0.0,0.0,COINCIDE OK
2026-06-26|LA ESTRELLA|XRD150U-004|B,2026-06-26,LA ESTRELLA,XRD150U-004,B,0.0,0.0,0.0,COINCIDE OK
2026-06-26|LA ESTRELLA|XRD150U-006|A,2026-06-26,LA ESTRELLA,XRD150U-006,A,0.0,0.0,0.0,COINCIDE OK
2026-06-26|LA ESTRELLA|XRD150U-006|B,2026-06-26,LA ESTRELLA,XRD150U-006,B,0.0,0.0,0.0,COINCIDE OK
2026-06-26|MOROCOCHA|XRD150USS-002|A,2026-06-26,MOROCOCHA,XRD150USS-002,A,0.0,0.0,0.0,COINCIDE OK
2026-06-26|MOROCOCHA|XRD150USS-002|B,2026-06-26,MOROCOCHA,XRD150USS-002,B,0.0,0.0,0.0,COINCIDE OK
2026-06-26|MOROCOCHA|XRD80USS-011|A,2026-06-26,MOROCOCHA,XRD80USS-011,A,62.800000000000004,30.0,32.8,REPARTICION DE TURNO (DIA/NOCHE)
2026-06-26|MOROCOCHA|XRD80USS-011|B,2026-06-26,MOROCOCHA,XRD80USS-011,B,0.0,32.8,-32.8,SOLO EN CONTROL INTERNO
2026-06-26|MOROCOCHA|XRD90USS-005|A,2026-06-26,MOROCOCHA,XRD90USS-005,A,1.25,1.25,0.0,COINCIDE OK
2026-06-26|MOROCOCHA|XRD90USS-005|B,2026-06-26,MOROCOCHA,XRD90USS-005,B,0.0,0.0,0.0,COINCIDE OK
2026-06-26|RAURA|XRD150U-005|A,2026-06-26,RAURA,XRD150U-005,A,22.28,21.88,0.4,REPARTICION DE TURNO (DIA/NOCHE)
2026-06-26|RAURA|XRD150U-005|B,2026-06-26,RAURA,XRD150U-005,B,0.0,0.4,-0.4,SOLO EN CONTROL INTERNO
2026-06-26|RAURA|XRD150UBT-001|A,2026-06-26,RAURA,XRD150UBT-001,A,38.45999999999998,21.03,17.43,REPARTICION DE TURNO (DIA/NOCHE)
2026-06-26|RAURA|XRD150UBT-001|B,2026-06-26,RAURA,XRD150UBT-001,B,0.0,17.43,-17.43,SOLO EN CONTROL INTERNO
2026-06-26|RAURA|XRD90USS-001|A,2026-06-26,RAURA,XRD90USS-001,A,41.34000000000001,19.19,22.15,REPARTICION DE TURNO (DIA/NOCHE)
2026-06-26|RAURA|XRD90USS-001|B,2026-06-26,RAURA,XRD90USS-001,B,0.0,22.15,-22.15,SOLO EN CONTROL INTERNO
2026-06-26|RAURA|XRD90USS-004|A,2026-06-26,RAURA,XRD90USS-004,A,28.96,28.96,0.0,COINCIDE OK
2026-06-26|RAURA|XRD90USS-004|B,2026-06-26,RAURA,XRD90USS-004,B,0.0,0.0,0.0,COINCIDE OK
2026-06-26|SAN CRISTOBAL|DE710ST-001|A,2026-06-26,SAN CRISTOBAL,DE710ST-001,A,9.299999999999985,9.3,-0.0,COINCIDE OK
2026-06-26|SAN CRISTOBAL|DE710ST-001|B,2026-06-26,SAN CRISTOBAL,DE710ST-001,B,16.0,16.0,0.0,COINCIDE OK
2026-06-26|SAN CRISTOBAL|XRD90U-004|A,2026-06-26,SAN CRISTOBAL,XRD90U-004,A,0.0,0.0,0.0,COINCIDE OK
2026-06-26|SAN CRISTOBAL|XRD90U-004|B,2026-06-26,SAN CRISTOBAL,XRD90U-004,B,0.0,0.0,0.0,COINCIDE OK
2026-06-26|SAN CRISTOBAL|XRD90U-010|A,2026-06-26,SAN CRISTOBAL,XRD90U-010,A,0.0,0.0,0.0,COINCIDE OK
2026-06-26|SAN CRISTOBAL|XRD90U-010|B,2026-06-26,SAN CRISTOBAL,XRD90U-010,B,7.950000000000045,7.95,0.0,COINCIDE OK
2026-06-26|SAN CRISTOBAL|XRD90U-023|A,2026-06-26,SAN CRISTOBAL,XRD90U-023,A,3.550000000000012,3.55,0.0,COINCIDE OK
2026-06-26|SAN CRISTOBAL|XRD90U-023|B,2026-06-26,SAN CRISTOBAL,XRD90U-023,B,0.0,0.0,0.0,COINCIDE OK
2026-06-26|TICLIO|XRD150U-007|A,2026-06-26,TICLIO,XRD150U-007,A,23.200000000000003,23.2,0.0,COINCIDE OK
2026-06-26|TICLIO|XRD150U-007|B,2026-06-26,TICLIO,XRD150U-007,B,30.599999999999994,30.6,-0.0,COINCIDE OK
2026-06-26|YAULIYACU|XDR50USS-00T|A,2026-06-26,YAULIYACU,XDR50USS-00T,A,35.4,35.4,0.0,COINCIDE OK
2026-06-26|YAULIYACU|XDR50USS-00T|B,2026-06-26,YAULIYACU,XDR50USS-00T,B,30.450000000000003,30.45,0.0,COINCIDE OK
2026-06-26|YAULIYACU|XRD125USS-001|A,2026-06-26,YAULIYACU,XRD125USS-001,A,6.649999999999999,6.65,-0.0,COINCIDE OK
2026-06-26|YAULIYACU|XRD125USS-001|B,2026-06-26,YAULIYACU,XRD125USS-001,B,6.1000000000000085,6.1,0.0,COINCIDE OK
2026-06-26|YAULIYACU|XRD50USS-003|A,2026-06-26,YAULIYACU,XRD50USS-003,A,10.199999999999989,10.2,-0.0,COINCIDE OK
2026-06-26|YAULIYACU|XRD50USS-003|B,2026-06-26,YAULIYACU,XRD50USS-003,B,0.0,0.0,0.0,COINCIDE OK
2026-06-27|AMERICANA|LM110U-001|A,2026-06-27,AMERICANA,LM110U-001,A,0.0,0.0,0.0,COINCIDE OK
2026-06-27|AMERICANA|LM110U-001|B,2026-06-27,AMERICANA,LM110U-001,B,0.0,0.0,0.0,COINCIDE OK
2026-06-27|AMERICANA|XRD50U-002|A,2026-06-27,AMERICANA,XRD50U-002,A,0.0,0.0,0.0,COINCIDE OK
2026-06-27|AMERICANA|XRD50U-002|B,2026-06-27,AMERICANA,XRD50U-002,B,35.0,35.0,0.0,COINCIDE OK
2026-06-27|AMERICANA|XRD50USS-001|A,2026-06-27,AMERICANA,XRD50USS-001,A,24.90000000000001,24.9,0.0,COINCIDE OK
2026-06-27|AMERICANA|XRD50USS-001|B,2026-06-27,AMERICANA,XRD50USS-001,B,0.0,0.0,0.0,COINCIDE OK
2026-06-27|ANDAYCHAGUA|LF90D ST-002|A,2026-06-27,ANDAYCHAGUA,LF90D ST-002,A,11.899999999999975,11.9,-0.0,COINCIDE OK
2026-06-27|ANDAYCHAGUA|LF90D ST-002|B,2026-06-27,ANDAYCHAGUA,LF90D ST-002,B,0.0,0.0,0.0,COINCIDE OK
2026-06-27|ANDAYCHAGUA|XRD150U-001|A,2026-06-27,ANDAYCHAGUA,XRD150U-001,A,0.6000000000000227,0.6,0.0,COINCIDE OK
2026-06-27|ANDAYCHAGUA|XRD150U-001|B,2026-06-27,ANDAYCHAGUA,XRD150U-001,B,9.049999999999956,9.05,-0.0,COINCIDE OK
2026-06-27|ANDAYCHAGUA|XRD80USS-010|A,2026-06-27,ANDAYCHAGUA,XRD80USS-010,A,0.0,0.0,0.0,COINCIDE OK
2026-06-27|ANDAYCHAGUA|XRD80USS-010|B,2026-06-27,ANDAYCHAGUA,XRD80USS-010,B,14.8,14.8,0.0,COINCIDE OK
2026-06-27|CATALINA HUANCA|XRD100U-001|A,2026-06-27,CATALINA HUANCA,XRD100U-001,A,28.000000000000007,28.0,0.0,COINCIDE OK
2026-06-27|CATALINA HUANCA|XRD100U-001|B,2026-06-27,CATALINA HUANCA,XRD100U-001,B,2.3999999999999915,2.4,-0.0,COINCIDE OK
2026-06-27|CATALINA HUANCA|XRD125UFDR-001|A,2026-06-27,CATALINA HUANCA,XRD125UFDR-001,A,8.5,8.5,0.0,COINCIDE OK
2026-06-27|CATALINA HUANCA|XRD125UFDR-001|B,2026-06-27,CATALINA HUANCA,XRD125UFDR-001,B,15.5,15.5,0.0,COINCIDE OK
2026-06-27|CATALINA HUANCA|XRD50U-003|A,2026-06-27,CATALINA HUANCA,XRD50U-003,A,25.599999999999994,25.6,-0.0,COINCIDE OK
2026-06-27|CATALINA HUANCA|XRD50U-003|B,2026-06-27,CATALINA HUANCA,XRD50U-003,B,12.5,12.5,0.0,COINCIDE OK
2026-06-27|CATALINA HUANCA|XRD50USS-004|A,2026-06-27,CATALINA HUANCA,XRD50USS-004,A,11.3,11.3,0.0,COINCIDE OK
2026-06-27|CATALINA HUANCA|XRD50USS-004|B,2026-06-27,CATALINA HUANCA,XRD50USS-004,B,20.2,20.2,0.0,COINCIDE OK
2026-06-27|CATALINA HUANCA|XRD90U-005|A,2026-06-27,CATALINA HUANCA,XRD90U-005,A,4.4,4.4,0.0,COINCIDE OK
2026-06-27|CATALINA HUANCA|XRD90U-005|B,2026-06-27,CATALINA HUANCA,XRD90U-005,B,42.6,42.6,0.0,COINCIDE OK
2026-06-27|CERRO|XRD150U-002|A,2026-06-27,CERRO,XRD150U-002,A,8.5,8.5,0.0,COINCIDE OK
2026-06-27|CERRO|XRD150U-002|B,2026-06-27,CERRO,XRD150U-002,B,24.19999999999999,24.2,-0.0,COINCIDE OK
2026-06-27|CHUNGAR|LM110U-001|A,2026-06-27,CHUNGAR,LM110U-001,A,0.0,0.0,0.0,COINCIDE OK
2026-06-27|CHUNGAR|LM110U-001|B,2026-06-27,CHUNGAR,LM110U-001,B,0.0,0.0,0.0,COINCIDE OK
2026-06-27|CHUNGAR|LM90U-001|A,2026-06-27,CHUNGAR,LM90U-001,A,31.6,31.6,0.0,COINCIDE OK
2026-06-27|CHUNGAR|LM90U-001|B,2026-06-27,CHUNGAR,LM90U-001,B,0.0,0.0,0.0,COINCIDE OK
2026-06-27|CHUNGAR|XRD120U-001|A,2026-06-27,CHUNGAR,XRD120U-001,A,1.5,1.5,0.0,COINCIDE OK
2026-06-27|CHUNGAR|XRD120U-001|B,2026-06-27,CHUNGAR,XRD120U-001,B,0.0,0.0,0.0,COINCIDE OK
2026-06-27|CHUNGAR|XRD90U-021|A,2026-06-27,CHUNGAR,XRD90U-021,A,0.0,0.0,0.0,COINCIDE OK
2026-06-27|CHUNGAR|XRD90U-021|B,2026-06-27,CHUNGAR,XRD90U-021,B,0.0,0.0,0.0,COINCIDE OK
2026-06-27|CHUNGAR|XRD90USS-003|A,2026-06-27,CHUNGAR,XRD90USS-003,A,15.5,15.5,0.0,COINCIDE OK
2026-06-27|CHUNGAR|XRD90USS-003|B,2026-06-27,CHUNGAR,XRD90USS-003,B,19.05000000000001,19.05,0.0,COINCIDE OK
2026-06-27|COBRIZA|XDR100ST-001|A,2026-06-27,COBRIZA,XDR100ST-001,A,0.0,0.0,0.0,COINCIDE OK
2026-06-27|COBRIZA|XDR100ST-001|B,2026-06-27,COBRIZA,XDR100ST-001,B,0.0,0.0,0.0,COINCIDE OK
2026-06-27|COBRIZA|XLM75UFDR-003|A,2026-06-27,COBRIZA,XLM75UFDR-003,A,9.599999999999994,9.6,-0.0,COINCIDE OK
2026-06-27|COBRIZA|XLM75UFDR-003|B,2026-06-27,COBRIZA,XLM75UFDR-003,B,11.799999999999985,11.8,-0.0,COINCIDE OK
2026-06-27|COBRIZA|XRD125UFDR-002|A,2026-06-27,COBRIZA,XRD125UFDR-002,A,3.9,3.9,0.0,COINCIDE OK
2026-06-27|COBRIZA|XRD125UFDR-002|B,2026-06-27,COBRIZA,XRD125UFDR-002,B,21.4,21.4,0.0,COINCIDE OK
2026-06-27|COBRIZA|XRD150U-008|A,2026-06-27,COBRIZA,XRD150U-008,A,12.0,12.0,0.0,COINCIDE OK
2026-06-27|COBRIZA|XRD150U-008|B,2026-06-27,COBRIZA,XRD150U-008,B,16.5,16.5,0.0,COINCIDE OK
2026-06-27|COBRIZA|XRD50UFDR-001|A,2026-06-27,COBRIZA,XRD50UFDR-001,A,0.0,0.0,0.0,COINCIDE OK
2026-06-27|COBRIZA|XRD50UFDR-001|B,2026-06-27,COBRIZA,XRD50UFDR-001,B,16.5,16.5,0.0,COINCIDE OK
2026-06-27|COBRIZA|XRD50USS-002|A,2026-06-27,COBRIZA,XRD50USS-002,A,0.0,0.0,0.0,COINCIDE OK
2026-06-27|COBRIZA|XRD50USS-002|B,2026-06-27,COBRIZA,XRD50USS-002,B,0.0,0.0,0.0,COINCIDE OK
2026-06-27|COBRIZA|XRD80USS-006|A,2026-06-27,COBRIZA,XRD80USS-006,A,16.099999999999994,16.1,-0.0,COINCIDE OK
2026-06-27|COBRIZA|XRD80USS-006|B,2026-06-27,COBRIZA,XRD80USS-006,B,15.200000000000005,15.2,0.0,COINCIDE OK
2026-06-27|COBRIZA|XRD90U-019|A,2026-06-27,COBRIZA,XRD90U-019,A,0.0,0.0,0.0,COINCIDE OK
2026-06-27|COBRIZA|XRD90U-019|B,2026-06-27,COBRIZA,XRD90U-019,B,0.0,0.0,0.0,COINCIDE OK
2026-06-27|COLQUISIRI|XRD80USS-012|A,2026-06-27,COLQUISIRI,XRD80USS-012,A,12.0,12.0,0.0,COINCIDE OK
2026-06-27|COLQUISIRI|XRD80USS-012|B,2026-06-27,COLQUISIRI,XRD80USS-012,B,2.5,2.5,0.0,COINCIDE OK
2026-06-27|CONDESTABLE|XLM75UFDR-002|A,2026-06-27,CONDESTABLE,XLM75UFDR-002,A,20.5,20.5,0.0,COINCIDE OK
2026-06-27|CONDESTABLE|XLM75UFDR-002|B,2026-06-27,CONDESTABLE,XLM75UFDR-002,B,15.5,15.5,0.0,COINCIDE OK
2026-06-27|CONDESTABLE|XLM75UFDR-004|A,2026-06-27,CONDESTABLE,XLM75UFDR-004,A,7.0,0.0,7.0,SOLO EN DETALLADO
2026-06-27|CONDESTABLE|XLM75UFDR-004|B,2026-06-27,CONDESTABLE,XLM75UFDR-004,B,0.0,7.0,-7.0,SOLO EN CONTROL INTERNO
2026-06-27|CONDESTABLE|XRD150USS-003|A,2026-06-27,CONDESTABLE,XRD150USS-003,A,0.0,0.0,0.0,COINCIDE OK
2026-06-27|CONDESTABLE|XRD150USS-003|B,2026-06-27,CONDESTABLE,XRD150USS-003,B,0.0,0.0,0.0,COINCIDE OK
2026-06-27|CONDESTABLE|XRD80ITH-001|A,2026-06-27,CONDESTABLE,XRD80ITH-001,A,0.0,0.0,0.0,COINCIDE OK
2026-06-27|CONDESTABLE|XRD80ITH-001|B,2026-06-27,CONDESTABLE,XRD80ITH-001,B,0.0,0.0,0.0,COINCIDE OK
2026-06-27|CUCULII|XRD100ST-001|A,2026-06-27,CUCULI,XRD100ST-001,A,0.0,0.0,0.0,COINCIDE OK
2026-06-27|CUCULII|XRD100ST-001|B,2026-06-27,CUCULI,XRD100ST-001,B,0.0,0.0,0.0,COINCIDE OK
2026-06-27|CUCULI|XRD100ST-001|A,2026-06-27,CUCULI,XRD100ST-001,A,0.0,0.0,0.0,COINCIDE OK
2026-06-27|CUCULI|XRD100ST-001|B,2026-06-27,CUCULI,XRD100ST-001,B,0.0,0.0,0.0,COINCIDE OK
2026-06-27|INMACULADA|XLM75UFDR-001|A,2026-06-27,INMACULADA,XLM75UFDR-001,A,0.0,0.0,0.0,COINCIDE OK
2026-06-27|INMACULADA|XLM75UFDR-001|B,2026-06-27,INMACULADA,XLM75UFDR-001,B,0.0,0.0,0.0,COINCIDE OK
2026-06-27|INMACULADA|XRD150U-003|A,2026-06-27,INMACULADA,XRD150U-003,A,10.599999999999994,10.6,-0.0,COINCIDE OK
2026-06-27|INMACULADA|XRD150U-003|B,2026-06-27,INMACULADA,XRD150U-003,B,11.300000000000011,11.3,0.0,COINCIDE OK
2026-06-27|INMACULADA|XRD250U-001|A,2026-06-27,INMACULADA,XRD250U-001,A,0.0,0.0,0.0,COINCIDE OK
2026-06-27|INMACULADA|XRD250U-001|B,2026-06-27,INMACULADA,XRD250U-001,B,0.0,0.0,0.0,COINCIDE OK
2026-06-27|INMACULADA|XRD80USS-008|A,2026-06-27,INMACULADA,XRD80USS-008,A,19.5,19.5,0.0,COINCIDE OK
2026-06-27|INMACULADA|XRD80USS-008|B,2026-06-27,INMACULADA,XRD80USS-008,B,10.200000000000005,10.2,0.0,COINCIDE OK
2026-06-27|INMACULADA|XRD90U-012|A,2026-06-27,INMACULADA,XRD90U-012,A,0.0,0.0,0.0,COINCIDE OK
2026-06-27|INMACULADA|XRD90U-012|B,2026-06-27,INMACULADA,XRD90U-012,B,0.0,0.0,0.0,COINCIDE OK
2026-06-27|INMACULADA|XRD90U-016|A,2026-06-27,INMACULADA,XRD90U-016,A,0.0,0.0,0.0,COINCIDE OK
2026-06-27|INMACULADA|XRD90U-016|B,2026-06-27,INMACULADA,XRD90U-016,B,0.0,0.0,0.0,COINCIDE OK
2026-06-27|LA ESTRELLA|XRD150U-004|A,2026-06-27,LA ESTRELLA,XRD150U-004,A,0.0,0.0,0.0,COINCIDE OK
2026-06-27|LA ESTRELLA|XRD150U-004|B,2026-06-27,LA ESTRELLA,XRD150U-004,B,0.0,0.0,0.0,COINCIDE OK
2026-06-27|LA ESTRELLA|XRD150U-006|A,2026-06-27,LA ESTRELLA,XRD150U-006,A,0.0,0.0,0.0,COINCIDE OK
2026-06-27|LA ESTRELLA|XRD150U-006|B,2026-06-27,LA ESTRELLA,XRD150U-006,B,0.0,0.0,0.0,COINCIDE OK
2026-06-27|MOROCOCHA|XRD150USS-002|A,2026-06-27,MOROCOCHA,XRD150USS-002,A,0.0,0.0,0.0,COINCIDE OK
2026-06-27|MOROCOCHA|XRD150USS-002|B,2026-06-27,MOROCOCHA,XRD150USS-002,B,0.0,0.0,0.0,COINCIDE OK
2026-06-27|MOROCOCHA|XRD80USS-011|A,2026-06-27,MOROCOCHA,XRD80USS-011,A,64.7,26.7,38.0,REPARTICION DE TURNO (DIA/NOCHE)
2026-06-27|MOROCOCHA|XRD80USS-011|B,2026-06-27,MOROCOCHA,XRD80USS-011,B,0.0,38.0,-38.0,SOLO EN CONTROL INTERNO
2026-06-27|MOROCOCHA|XRD90USS-005|A,2026-06-27,MOROCOCHA,XRD90USS-005,A,18.200000000000017,18.2,0.0,COINCIDE OK
2026-06-27|MOROCOCHA|XRD90USS-005|B,2026-06-27,MOROCOCHA,XRD90USS-005,B,18.799999999999983,18.8,-0.0,COINCIDE OK
2026-06-27|RAURA|XRD150U-005|A,2026-06-27,RAURA,XRD150U-005,A,11.600000000000025,10.47,1.13,REPARTICION DE TURNO (DIA/NOCHE)
2026-06-27|RAURA|XRD150U-005|B,2026-06-27,RAURA,XRD150U-005,B,0.0,1.13,-1.13,SOLO EN CONTROL INTERNO
2026-06-27|RAURA|XRD150UBT-001|A,2026-06-27,RAURA,XRD150UBT-001,A,33.69999999999999,9.7,24.0,REPARTICION DE TURNO (DIA/NOCHE)
2026-06-27|RAURA|XRD150UBT-001|B,2026-06-27,RAURA,XRD150UBT-001,B,0.0,24.0,-24.0,SOLO EN CONTROL INTERNO
2026-06-27|RAURA|XRD90USS-001|A,2026-06-27,RAURA,XRD90USS-001,A,5.819999999999993,5.82,-0.0,COINCIDE OK
2026-06-27|RAURA|XRD90USS-001|B,2026-06-27,RAURA,XRD90USS-001,B,0.0,0.0,0.0,COINCIDE OK
2026-06-27|RAURA|XRD90USS-004|A,2026-06-27,RAURA,XRD90USS-004,A,0.0,0.0,0.0,COINCIDE OK
2026-06-27|RAURA|XRD90USS-004|B,2026-06-27,RAURA,XRD90USS-004,B,0.0,0.0,0.0,COINCIDE OK
2026-06-27|SAN CRISTOBAL|DE710ST-001|A,2026-06-27,SAN CRISTOBAL,DE710ST-001,A,1.4000000000000057,1.4,0.0,COINCIDE OK
2026-06-27|SAN CRISTOBAL|DE710ST-001|B,2026-06-27,SAN CRISTOBAL,DE710ST-001,B,2.1999999999999886,2.2,-0.0,COINCIDE OK
2026-06-27|SAN CRISTOBAL|XRD90U-004|A,2026-06-27,SAN CRISTOBAL,XRD90U-004,A,28.3,28.3,0.0,COINCIDE OK
2026-06-27|SAN CRISTOBAL|XRD90U-004|B,2026-06-27,SAN CRISTOBAL,XRD90U-004,B,29.2,29.2,0.0,COINCIDE OK
2026-06-27|SAN CRISTOBAL|XRD90U-010|A,2026-06-27,SAN CRISTOBAL,XRD90U-010,A,0.0,0.0,0.0,COINCIDE OK
2026-06-27|SAN CRISTOBAL|XRD90U-010|B,2026-06-27,SAN CRISTOBAL,XRD90U-010,B,0.0,0.0,0.0,COINCIDE OK
2026-06-27|SAN CRISTOBAL|XRD90U-023|A,2026-06-27,SAN CRISTOBAL,XRD90U-023,A,0.0,0.0,0.0,COINCIDE OK
2026-06-27|SAN CRISTOBAL|XRD90U-023|B,2026-06-27,SAN CRISTOBAL,XRD90U-023,B,9.5,9.5,0.0,COINCIDE OK
2026-06-27|TICLIO|XRD150U-007|A,2026-06-27,TICLIO,XRD150U-007,A,19.40000000000001,19.4,0.0,COINCIDE OK
2026-06-27|TICLIO|XRD150U-007|B,2026-06-27,TICLIO,XRD150U-007,B,0.0,0.0,0.0,COINCIDE OK
2026-06-27|YAULIYACU|XDR50USS-00T|A,2026-06-27,YAULIYACU,XDR50USS-00T,A,2.9,2.9,0.0,COINCIDE OK
2026-06-27|YAULIYACU|XDR50USS-00T|B,2026-06-27,YAULIYACU,XDR50USS-00T,B,37.8,37.8,0.0,COINCIDE OK
2026-06-27|YAULIYACU|XRD125USS-001|A,2026-06-27,YAULIYACU,XRD125USS-001,A,14.149999999999991,14.15,-0.0,COINCIDE OK
2026-06-27|YAULIYACU|XRD125USS-001|B,2026-06-27,YAULIYACU,XRD125USS-001,B,12.200000000000005,12.2,0.0,COINCIDE OK
2026-06-27|YAULIYACU|XRD50USS-003|A,2026-06-27,YAULIYACU,XRD50USS-003,A,31.55,31.55,0.0,COINCIDE OK
2026-06-27|YAULIYACU|XRD50USS-003|B,2026-06-27,YAULIYACU,XRD50USS-003,B,33.25,33.25,0.0,COINCIDE OK
2026-06-28|AMERICANA|LM110U-001|A,2026-06-28,AMERICANA,LM110U-001,A,0.0,0.0,0.0,COINCIDE OK
2026-06-28|AMERICANA|LM110U-001|B,2026-06-28,AMERICANA,LM110U-001,B,0.0,0.0,0.0,COINCIDE OK
2026-06-28|AMERICANA|XRD50U-002|A,2026-06-28,AMERICANA,XRD50U-002,A,14.5,14.5,0.0,COINCIDE OK
2026-06-28|AMERICANA|XRD50U-002|B,2026-06-28,AMERICANA,XRD50U-002,B,34.099999999999994,34.1,-0.0,COINCIDE OK
2026-06-28|AMERICANA|XRD50USS-001|A,2026-06-28,AMERICANA,XRD50USS-001,A,35.0,35.0,0.0,COINCIDE OK
2026-06-28|AMERICANA|XRD50USS-001|B,2026-06-28,AMERICANA,XRD50USS-001,B,35.0,35.0,0.0,COINCIDE OK
2026-06-28|ANDAYCHAGUA|LF90D ST-002|A,2026-06-28,ANDAYCHAGUA,LF90D ST-002,A,0.0,0.0,0.0,COINCIDE OK
2026-06-28|ANDAYCHAGUA|LF90D ST-002|B,2026-06-28,ANDAYCHAGUA,LF90D ST-002,B,17.600000000000023,17.6,0.0,COINCIDE OK
2026-06-28|ANDAYCHAGUA|XRD150U-001|A,2026-06-28,ANDAYCHAGUA,XRD150U-001,A,9.300000000000011,9.3,0.0,COINCIDE OK
2026-06-28|ANDAYCHAGUA|XRD150U-001|B,2026-06-28,ANDAYCHAGUA,XRD150U-001,B,8.949999999999989,8.95,-0.0,COINCIDE OK
2026-06-28|ANDAYCHAGUA|XRD80USS-010|A,2026-06-28,ANDAYCHAGUA,XRD80USS-010,A,0.0,0.0,0.0,COINCIDE OK
2026-06-28|ANDAYCHAGUA|XRD80USS-010|B,2026-06-28,ANDAYCHAGUA,XRD80USS-010,B,25.0,25.0,0.0,COINCIDE OK
2026-06-28|CATALINA HUANCA|XRD100U-001|A,2026-06-28,CATALINA HUANCA,XRD100U-001,A,21.200000000000003,21.2,0.0,COINCIDE OK
2026-06-28|CATALINA HUANCA|XRD100U-001|B,2026-06-28,CATALINA HUANCA,XRD100U-001,B,0.0,0.0,0.0,COINCIDE OK
2026-06-28|CATALINA HUANCA|XRD125UFDR-001|A,2026-06-28,CATALINA HUANCA,XRD125UFDR-001,A,0.0,0.0,0.0,COINCIDE OK
2026-06-28|CATALINA HUANCA|XRD125UFDR-001|B,2026-06-28,CATALINA HUANCA,XRD125UFDR-001,B,0.0,0.0,0.0,COINCIDE OK
2026-06-28|CATALINA HUANCA|XRD50U-003|A,2026-06-28,CATALINA HUANCA,XRD50U-003,A,0.0,0.0,0.0,COINCIDE OK
2026-06-28|CATALINA HUANCA|XRD50U-003|B,2026-06-28,CATALINA HUANCA,XRD50U-003,B,4.6,4.6,0.0,COINCIDE OK
2026-06-28|CATALINA HUANCA|XRD50USS-004|A,2026-06-28,CATALINA HUANCA,XRD50USS-004,A,18.3,18.3,0.0,COINCIDE OK
2026-06-28|CATALINA HUANCA|XRD50USS-004|B,2026-06-28,CATALINA HUANCA,XRD50USS-004,B,19.40000000000001,19.4,0.0,COINCIDE OK
2026-06-28|CATALINA HUANCA|XRD90U-005|A,2026-06-28,CATALINA HUANCA,XRD90U-005,A,25.799999999999997,25.8,-0.0,COINCIDE OK
2026-06-28|CATALINA HUANCA|XRD90U-005|B,2026-06-28,CATALINA HUANCA,XRD90U-005,B,20.200000000000003,20.2,0.0,COINCIDE OK
2026-06-28|CERRO|XRD150U-002|A,2026-06-28,CERRO,XRD150U-002,A,13.800000000000011,13.8,0.0,COINCIDE OK
2026-06-28|CERRO|XRD150U-002|B,2026-06-28,CERRO,XRD150U-002,B,0.0,0.0,0.0,COINCIDE OK
2026-06-28|CHUNGAR|LM110U-001|A,2026-06-28,CHUNGAR,LM110U-001,A,0.0,0.0,0.0,COINCIDE OK
2026-06-28|CHUNGAR|LM110U-001|B,2026-06-28,CHUNGAR,LM110U-001,B,0.0,0.0,0.0,COINCIDE OK
2026-06-28|CHUNGAR|LM90U-001|A,2026-06-28,CHUNGAR,LM90U-001,A,0.0,0.0,0.0,COINCIDE OK
2026-06-28|CHUNGAR|LM90U-001|B,2026-06-28,CHUNGAR,LM90U-001,B,0.0,0.0,0.0,COINCIDE OK
2026-06-28|CHUNGAR|XRD120U-001|A,2026-06-28,CHUNGAR,XRD120U-001,A,0.5500000000000682,0.55,0.0,COINCIDE OK
2026-06-28|CHUNGAR|XRD120U-001|B,2026-06-28,CHUNGAR,XRD120U-001,B,7.199999999999932,7.2,-0.0,COINCIDE OK
2026-06-28|CHUNGAR|XRD90U-021|A,2026-06-28,CHUNGAR,XRD90U-021,A,0.0,0.0,0.0,COINCIDE OK
2026-06-28|CHUNGAR|XRD90U-021|B,2026-06-28,CHUNGAR,XRD90U-021,B,11.5,11.5,0.0,COINCIDE OK
2026-06-28|CHUNGAR|XRD90USS-003|A,2026-06-28,CHUNGAR,XRD90USS-003,A,12.449999999999989,12.45,-0.0,COINCIDE OK
2026-06-28|CHUNGAR|XRD90USS-003|B,2026-06-28,CHUNGAR,XRD90USS-003,B,15.599999999999994,15.6,-0.0,COINCIDE OK
2026-06-28|COBRIZA|XDR100ST-001|A,2026-06-28,COBRIZA,XDR100ST-001,A,0.0,0.0,0.0,COINCIDE OK
2026-06-28|COBRIZA|XDR100ST-001|B,2026-06-28,COBRIZA,XDR100ST-001,B,0.0,0.0,0.0,COINCIDE OK
2026-06-28|COBRIZA|XLM75UFDR-003|A,2026-06-28,COBRIZA,XLM75UFDR-003,A,21.80000000000001,21.8,0.0,COINCIDE OK
2026-06-28|COBRIZA|XLM75UFDR-003|B,2026-06-28,COBRIZA,XLM75UFDR-003,B,28.5,28.5,0.0,COINCIDE OK
2026-06-28|COBRIZA|XRD125UFDR-002|A,2026-06-28,COBRIZA,XRD125UFDR-002,A,27.5,27.5,0.0,COINCIDE OK
2026-06-28|COBRIZA|XRD125UFDR-002|B,2026-06-28,COBRIZA,XRD125UFDR-002,B,28.0,28.0,0.0,COINCIDE OK
2026-06-28|COBRIZA|XRD150U-008|A,2026-06-28,COBRIZA,XRD150U-008,A,10.5,10.5,0.0,COINCIDE OK
2026-06-28|COBRIZA|XRD150U-008|B,2026-06-28,COBRIZA,XRD150U-008,B,11.0,11.0,0.0,COINCIDE OK
2026-06-28|COBRIZA|XRD50UFDR-001|A,2026-06-28,COBRIZA,XRD50UFDR-001,A,4.399999999999999,4.4,-0.0,COINCIDE OK
2026-06-28|COBRIZA|XRD50UFDR-001|B,2026-06-28,COBRIZA,XRD50UFDR-001,B,26.300000000000004,26.3,0.0,COINCIDE OK
2026-06-28|COBRIZA|XRD50USS-002|A,2026-06-28,COBRIZA,XRD50USS-002,A,0.0,0.0,0.0,COINCIDE OK
2026-06-28|COBRIZA|XRD50USS-002|B,2026-06-28,COBRIZA,XRD50USS-002,B,0.0,0.0,0.0,COINCIDE OK
2026-06-28|COBRIZA|XRD80USS-006|A,2026-06-28,COBRIZA,XRD80USS-006,A,18.700000000000003,18.7,0.0,COINCIDE OK
2026-06-28|COBRIZA|XRD80USS-006|B,2026-06-28,COBRIZA,XRD80USS-006,B,18.099999999999994,18.1,-0.0,COINCIDE OK
2026-06-28|COBRIZA|XRD90U-019|A,2026-06-28,COBRIZA,XRD90U-019,A,0.0,0.0,0.0,COINCIDE OK
2026-06-28|COBRIZA|XRD90U-019|B,2026-06-28,COBRIZA,XRD90U-019,B,0.0,0.0,0.0,COINCIDE OK
2026-06-28|COLQUISIRI|XRD80USS-012|A,2026-06-28,COLQUISIRI,XRD80USS-012,A,4.099999999999994,4.1,-0.0,COINCIDE OK
2026-06-28|COLQUISIRI|XRD80USS-012|B,2026-06-28,COLQUISIRI,XRD80USS-012,B,4.300000000000011,4.3,0.0,COINCIDE OK
2026-06-28|CONDESTABLE|XLM75UFDR-002|A,2026-06-28,CONDESTABLE,XLM75UFDR-002,A,19.0,19.0,0.0,COINCIDE OK
2026-06-28|CONDESTABLE|XLM75UFDR-002|B,2026-06-28,CONDESTABLE,XLM75UFDR-002,B,12.900000000000006,12.9,0.0,COINCIDE OK
2026-06-28|CONDESTABLE|XLM75UFDR-004|A,2026-06-28,CONDESTABLE,XLM75UFDR-004,A,3.9,3.9,0.0,COINCIDE OK
2026-06-28|CONDESTABLE|XLM75UFDR-004|B,2026-06-28,CONDESTABLE,XLM75UFDR-004,B,29.6,29.6,0.0,COINCIDE OK
2026-06-28|CONDESTABLE|XRD150USS-003|A,2026-06-28,CONDESTABLE,XRD150USS-003,A,0.0,0.0,0.0,COINCIDE OK
2026-06-28|CONDESTABLE|XRD150USS-003|B,2026-06-28,CONDESTABLE,XRD150USS-003,B,0.0,0.0,0.0,COINCIDE OK
2026-06-28|CONDESTABLE|XRD80ITH-001|A,2026-06-28,CONDESTABLE,XRD80ITH-001,A,0.0,0.0,0.0,COINCIDE OK
2026-06-28|CONDESTABLE|XRD80ITH-001|B,2026-06-28,CONDESTABLE,XRD80ITH-001,B,0.0,0.0,0.0,COINCIDE OK
2026-06-28|CUCULII|XRD100ST-001|A,2026-06-28,CUCULI,XRD100ST-001,A,0.0,3.7,-3.7,SOLO EN CONTROL INTERNO
2026-06-28|CUCULII|XRD100ST-001|B,2026-06-28,CUCULI,XRD100ST-001,B,0.0,7.0,-7.0,SOLO EN CONTROL INTERNO
2026-06-28|CUCULI|XRD100ST-001|A,2026-06-28,CUCULI,XRD100ST-001,A,3.7,0.0,3.7,SOLO EN DETALLADO
2026-06-28|CUCULI|XRD100ST-001|B,2026-06-28,CUCULI,XRD100ST-001,B,6.999999999999999,0.0,7.0,SOLO EN DETALLADO
2026-06-28|INMACULADA|XLM75UFDR-001|A,2026-06-28,INMACULADA,XLM75UFDR-001,A,0.0,0.0,0.0,COINCIDE OK
2026-06-28|INMACULADA|XLM75UFDR-001|B,2026-06-28,INMACULADA,XLM75UFDR-001,B,15.0,15.0,0.0,COINCIDE OK
2026-06-28|INMACULADA|XRD150U-003|A,2026-06-28,INMACULADA,XRD150U-003,A,4.299999999999983,4.3,-0.0,COINCIDE OK
2026-06-28|INMACULADA|XRD150U-003|B,2026-06-28,INMACULADA,XRD150U-003,B,8.0,8.0,0.0,COINCIDE OK
2026-06-28|INMACULADA|XRD250U-001|A,2026-06-28,INMACULADA,XRD250U-001,A,0.0,0.0,0.0,COINCIDE OK
2026-06-28|INMACULADA|XRD250U-001|B,2026-06-28,INMACULADA,XRD250U-001,B,0.0,0.0,0.0,COINCIDE OK
2026-06-28|INMACULADA|XRD80USS-008|A,2026-06-28,INMACULADA,XRD80USS-008,A,0.0,0.0,0.0,COINCIDE OK
2026-06-28|INMACULADA|XRD80USS-008|B,2026-06-28,INMACULADA,XRD80USS-008,B,0.0,0.0,0.0,COINCIDE OK
2026-06-28|INMACULADA|XRD90U-012|A,2026-06-28,INMACULADA,XRD90U-012,A,0.0,0.0,0.0,COINCIDE OK
2026-06-28|INMACULADA|XRD90U-012|B,2026-06-28,INMACULADA,XRD90U-012,B,0.0,0.0,0.0,COINCIDE OK
2026-06-28|INMACULADA|XRD90U-016|A,2026-06-28,INMACULADA,XRD90U-016,A,17.1,17.1,0.0,COINCIDE OK
2026-06-28|INMACULADA|XRD90U-016|B,2026-06-28,INMACULADA,XRD90U-016,B,27.5,27.5,0.0,COINCIDE OK
2026-06-28|LA ESTRELLA|XRD150U-004|A,2026-06-28,LA ESTRELLA,XRD150U-004,A,0.0,0.0,0.0,COINCIDE OK
2026-06-28|LA ESTRELLA|XRD150U-004|B,2026-06-28,LA ESTRELLA,XRD150U-004,B,0.0,0.0,0.0,COINCIDE OK
2026-06-28|LA ESTRELLA|XRD150U-006|A,2026-06-28,LA ESTRELLA,XRD150U-006,A,0.0,0.0,0.0,COINCIDE OK
2026-06-28|LA ESTRELLA|XRD150U-006|B,2026-06-28,LA ESTRELLA,XRD150U-006,B,0.0,0.0,0.0,COINCIDE OK
2026-06-28|MOROCOCHA|XRD150USS-002|A,2026-06-28,MOROCOCHA,XRD150USS-002,A,0.0,0.0,0.0,COINCIDE OK
2026-06-28|MOROCOCHA|XRD150USS-002|B,2026-06-28,MOROCOCHA,XRD150USS-002,B,0.0,0.0,0.0,COINCIDE OK
2026-06-28|MOROCOCHA|XRD80USS-011|A,2026-06-28,MOROCOCHA,XRD80USS-011,A,39.44999999999999,25.7,13.75,REPARTICION DE TURNO (DIA/NOCHE)
2026-06-28|MOROCOCHA|XRD80USS-011|B,2026-06-28,MOROCOCHA,XRD80USS-011,B,0.0,13.75,-13.75,SOLO EN CONTROL INTERNO
2026-06-28|MOROCOCHA|XRD90USS-005|A,2026-06-28,MOROCOCHA,XRD90USS-005,A,17.0,17.0,0.0,COINCIDE OK
2026-06-28|MOROCOCHA|XRD90USS-005|B,2026-06-28,MOROCOCHA,XRD90USS-005,B,12.699999999999989,12.7,-0.0,COINCIDE OK
2026-06-28|RAURA|XRD150U-005|A,2026-06-28,RAURA,XRD150U-005,A,16.129999999999995,13.29,2.84,REPARTICION DE TURNO (DIA/NOCHE)
2026-06-28|RAURA|XRD150U-005|B,2026-06-28,RAURA,XRD150U-005,B,0.0,2.84,-2.84,SOLO EN CONTROL INTERNO
2026-06-28|RAURA|XRD150UBT-001|A,2026-06-28,RAURA,XRD150UBT-001,A,29.420000000000016,17.11,12.31,REPARTICION DE TURNO (DIA/NOCHE)
2026-06-28|RAURA|XRD150UBT-001|B,2026-06-28,RAURA,XRD150UBT-001,B,0.0,12.31,-12.31,SOLO EN CONTROL INTERNO
2026-06-28|RAURA|XRD90USS-001|A,2026-06-28,RAURA,XRD90USS-001,A,44.82,22.28,22.54,REPARTICION DE TURNO (DIA/NOCHE)
2026-06-28|RAURA|XRD90USS-001|B,2026-06-28,RAURA,XRD90USS-001,B,0.0,22.54,-22.54,SOLO EN CONTROL INTERNO
2026-06-28|RAURA|XRD90USS-004|A,2026-06-28,RAURA,XRD90USS-004,A,26.46,0.0,26.46,SOLO EN DETALLADO
2026-06-28|RAURA|XRD90USS-004|B,2026-06-28,RAURA,XRD90USS-004,B,0.0,26.46,-26.46,SOLO EN CONTROL INTERNO
2026-06-28|SAN CRISTOBAL|DE710ST-001|A,2026-06-28,SAN CRISTOBAL,DE710ST-001,A,9.400000000000006,9.4,0.0,COINCIDE OK
2026-06-28|SAN CRISTOBAL|DE710ST-001|B,2026-06-28,SAN CRISTOBAL,DE710ST-001,B,4.599999999999994,4.6,-0.0,COINCIDE OK
2026-06-28|SAN CRISTOBAL|XRD90U-004|A,2026-06-28,SAN CRISTOBAL,XRD90U-004,A,25.90000000000001,25.9,0.0,COINCIDE OK
2026-06-28|SAN CRISTOBAL|XRD90U-004|B,2026-06-28,SAN CRISTOBAL,XRD90U-004,B,31.94999999999999,31.95,-0.0,COINCIDE OK
2026-06-28|SAN CRISTOBAL|XRD90U-010|A,2026-06-28,SAN CRISTOBAL,XRD90U-010,A,0.0,0.0,0.0,COINCIDE OK
2026-06-28|SAN CRISTOBAL|XRD90U-010|B,2026-06-28,SAN CRISTOBAL,XRD90U-010,B,0.0,0.0,0.0,COINCIDE OK
2026-06-28|SAN CRISTOBAL|XRD90U-023|A,2026-06-28,SAN CRISTOBAL,XRD90U-023,A,17.600000000000023,17.6,0.0,COINCIDE OK
2026-06-28|SAN CRISTOBAL|XRD90U-023|B,2026-06-28,SAN CRISTOBAL,XRD90U-023,B,0.0,0.0,0.0,COINCIDE OK
2026-06-28|TICLIO|XRD150U-007|A,2026-06-28,TICLIO,XRD150U-007,A,14.4,14.4,0.0,COINCIDE OK
2026-06-28|TICLIO|XRD150U-007|B,2026-06-28,TICLIO,XRD150U-007,B,3.35,3.35,0.0,COINCIDE OK
2026-06-28|YAULIYACU|XDR50USS-00T|A,2026-06-28,YAULIYACU,XDR50USS-00T,A,42.2,42.2,0.0,COINCIDE OK
2026-06-28|YAULIYACU|XDR50USS-00T|B,2026-06-28,YAULIYACU,XDR50USS-00T,B,29.39999999999999,29.4,-0.0,COINCIDE OK
2026-06-28|YAULIYACU|XRD125USS-001|A,2026-06-28,YAULIYACU,XRD125USS-001,A,3.450000000000003,3.45,0.0,COINCIDE OK
2026-06-28|YAULIYACU|XRD125USS-001|B,2026-06-28,YAULIYACU,XRD125USS-001,B,0.2999999999999971,0.3,-0.0,COINCIDE OK
2026-06-28|YAULIYACU|XRD50USS-003|A,2026-06-28,YAULIYACU,XRD50USS-003,A,30.25,30.25,0.0,COINCIDE OK
2026-06-28|YAULIYACU|XRD50USS-003|B,2026-06-28,YAULIYACU,XRD50USS-003,B,21.15000000000001,21.15,0.0,COINCIDE OK
2026-06-29|AMERICANA|LM110U-001|A,2026-06-29,AMERICANA,LM110U-001,A,0.0,0.0,0.0,COINCIDE OK
2026-06-29|AMERICANA|LM110U-001|B,2026-06-29,AMERICANA,LM110U-001,B,0.0,0.0,0.0,COINCIDE OK
2026-06-29|AMERICANA|XRD50U-002|A,2026-06-29,AMERICANA,XRD50U-002,A,6.400000000000006,6.4,0.0,COINCIDE OK
2026-06-29|AMERICANA|XRD50U-002|B,2026-06-29,AMERICANA,XRD50U-002,B,23.8,23.8,0.0,COINCIDE OK
2026-06-29|AMERICANA|XRD50USS-001|A,2026-06-29,AMERICANA,XRD50USS-001,A,15.799999999999995,15.8,-0.0,COINCIDE OK
2026-06-29|AMERICANA|XRD50USS-001|B,2026-06-29,AMERICANA,XRD50USS-001,B,14.200000000000005,14.2,0.0,COINCIDE OK
2026-06-29|ANDAYCHAGUA|LF90D ST-002|A,2026-06-29,ANDAYCHAGUA,LF90D ST-002,A,27.09999999999997,27.1,-0.0,COINCIDE OK
2026-06-29|ANDAYCHAGUA|LF90D ST-002|B,2026-06-29,ANDAYCHAGUA,LF90D ST-002,B,6.100000000000023,6.1,0.0,COINCIDE OK
2026-06-29|ANDAYCHAGUA|XRD150U-001|A,2026-06-29,ANDAYCHAGUA,XRD150U-001,A,0.0,0.0,0.0,COINCIDE OK
2026-06-29|ANDAYCHAGUA|XRD150U-001|B,2026-06-29,ANDAYCHAGUA,XRD150U-001,B,8.6,8.6,0.0,COINCIDE OK
2026-06-29|ANDAYCHAGUA|XRD80USS-010|A,2026-06-29,ANDAYCHAGUA,XRD80USS-010,A,31.0,31.0,0.0,COINCIDE OK
2026-06-29|ANDAYCHAGUA|XRD80USS-010|B,2026-06-29,ANDAYCHAGUA,XRD80USS-010,B,3.25,3.25,0.0,COINCIDE OK
2026-06-29|CATALINA HUANCA|XRD100U-001|A,2026-06-29,CATALINA HUANCA,XRD100U-001,A,11.0,11.0,0.0,COINCIDE OK
2026-06-29|CATALINA HUANCA|XRD100U-001|B,2026-06-29,CATALINA HUANCA,XRD100U-001,B,0.0,0.0,0.0,COINCIDE OK
2026-06-29|CATALINA HUANCA|XRD125UFDR-001|A,2026-06-29,CATALINA HUANCA,XRD125UFDR-001,A,8.2,2.7,5.5,REPARTICION DE TURNO (DIA/NOCHE)
2026-06-29|CATALINA HUANCA|XRD125UFDR-001|B,2026-06-29,CATALINA HUANCA,XRD125UFDR-001,B,12.1,17.6,-5.5,REPARTICION DE TURNO (DIA/NOCHE)
2026-06-29|CATALINA HUANCA|XRD50U-003|A,2026-06-29,CATALINA HUANCA,XRD50U-003,A,31.0,31.0,0.0,COINCIDE OK
2026-06-29|CATALINA HUANCA|XRD50U-003|B,2026-06-29,CATALINA HUANCA,XRD50U-003,B,36.1,36.1,0.0,COINCIDE OK
2026-06-29|CATALINA HUANCA|XRD50USS-004|A,2026-06-29,CATALINA HUANCA,XRD50USS-004,A,17.39999999999999,17.4,-0.0,COINCIDE OK
2026-06-29|CATALINA HUANCA|XRD50USS-004|B,2026-06-29,CATALINA HUANCA,XRD50USS-004,B,4.7,4.7,0.0,COINCIDE OK
2026-06-29|CATALINA HUANCA|XRD90U-005|A,2026-06-29,CATALINA HUANCA,XRD90U-005,A,0.0,0.0,0.0,COINCIDE OK
2026-06-29|CATALINA HUANCA|XRD90U-005|B,2026-06-29,CATALINA HUANCA,XRD90U-005,B,40.5,40.5,0.0,COINCIDE OK
2026-06-29|CERRO|XRD150U-002|A,2026-06-29,CERRO,XRD150U-002,A,0.0,0.0,0.0,COINCIDE OK
2026-06-29|CERRO|XRD150U-002|B,2026-06-29,CERRO,XRD150U-002,B,17.299999999999983,17.3,-0.0,COINCIDE OK
2026-06-29|CHUNGAR|LM110U-001|A,2026-06-29,CHUNGAR,LM110U-001,A,0.0,0.0,0.0,COINCIDE OK
2026-06-29|CHUNGAR|LM110U-001|B,2026-06-29,CHUNGAR,LM110U-001,B,0.0,0.0,0.0,COINCIDE OK
2026-06-29|CHUNGAR|LM90U-001|A,2026-06-29,CHUNGAR,LM90U-001,A,0.0,0.0,0.0,COINCIDE OK
2026-06-29|CHUNGAR|LM90U-001|B,2026-06-29,CHUNGAR,LM90U-001,B,0.0,0.0,0.0,COINCIDE OK
2026-06-29|CHUNGAR|XRD120U-001|A,2026-06-29,CHUNGAR,XRD120U-001,A,10.649999999999975,10.65,-0.0,COINCIDE OK
2026-06-29|CHUNGAR|XRD120U-001|B,2026-06-29,CHUNGAR,XRD120U-001,B,24.0,24.0,0.0,COINCIDE OK
2026-06-29|CHUNGAR|XRD90U-021|A,2026-06-29,CHUNGAR,XRD90U-021,A,17.75,17.75,0.0,COINCIDE OK
2026-06-29|CHUNGAR|XRD90U-021|B,2026-06-29,CHUNGAR,XRD90U-021,B,21.05,21.05,0.0,COINCIDE OK
2026-06-29|CHUNGAR|XRD90USS-003|A,2026-06-29,CHUNGAR,XRD90USS-003,A,4.300000000000011,4.3,0.0,COINCIDE OK
2026-06-29|CHUNGAR|XRD90USS-003|B,2026-06-29,CHUNGAR,XRD90USS-003,B,4.099999999999994,4.1,-0.0,COINCIDE OK
2026-06-29|COBRIZA|XDR100ST-001|A,2026-06-29,COBRIZA,XDR100ST-001,A,0.0,0.0,0.0,COINCIDE OK
2026-06-29|COBRIZA|XDR100ST-001|B,2026-06-29,COBRIZA,XDR100ST-001,B,0.0,0.0,0.0,COINCIDE OK
2026-06-29|COBRIZA|XLM75UFDR-003|A,2026-06-29,COBRIZA,XLM75UFDR-003,A,30.700000000000003,30.7,0.0,COINCIDE OK
2026-06-29|COBRIZA|XLM75UFDR-003|B,2026-06-29,COBRIZA,XLM75UFDR-003,B,14.299999999999995,14.3,-0.0,COINCIDE OK
2026-06-29|COBRIZA|XRD125UFDR-002|A,2026-06-29,COBRIZA,XRD125UFDR-002,A,25.3,25.3,0.0,COINCIDE OK
2026-06-29|COBRIZA|XRD125UFDR-002|B,2026-06-29,COBRIZA,XRD125UFDR-002,B,8.700000000000003,8.7,0.0,COINCIDE OK
2026-06-29|COBRIZA|XRD150U-008|A,2026-06-29,COBRIZA,XRD150U-008,A,13.0,13.0,0.0,COINCIDE OK
2026-06-29|COBRIZA|XRD150U-008|B,2026-06-29,COBRIZA,XRD150U-008,B,15.0,15.0,0.0,COINCIDE OK
2026-06-29|COBRIZA|XRD50UFDR-001|A,2026-06-29,COBRIZA,XRD50UFDR-001,A,0.0,0.0,0.0,COINCIDE OK
2026-06-29|COBRIZA|XRD50UFDR-001|B,2026-06-29,COBRIZA,XRD50UFDR-001,B,24.0,24.0,0.0,COINCIDE OK
2026-06-29|COBRIZA|XRD50USS-002|A,2026-06-29,COBRIZA,XRD50USS-002,A,0.0,0.0,0.0,COINCIDE OK
2026-06-29|COBRIZA|XRD50USS-002|B,2026-06-29,COBRIZA,XRD50USS-002,B,0.0,0.0,0.0,COINCIDE OK
2026-06-29|COBRIZA|XRD80USS-006|A,2026-06-29,COBRIZA,XRD80USS-006,A,35.400000000000006,35.4,0.0,COINCIDE OK
2026-06-29|COBRIZA|XRD80USS-006|B,2026-06-29,COBRIZA,XRD80USS-006,B,24.599999999999994,24.6,-0.0,COINCIDE OK
2026-06-29|COBRIZA|XRD90U-019|A,2026-06-29,COBRIZA,XRD90U-019,A,0.0,0.0,0.0,COINCIDE OK
2026-06-29|COBRIZA|XRD90U-019|B,2026-06-29,COBRIZA,XRD90U-019,B,0.0,0.0,0.0,COINCIDE OK
2026-06-29|COLQUISIRI|XRD80USS-012|A,2026-06-29,COLQUISIRI,XRD80USS-012,A,5.099999999999966,5.1,-0.0,COINCIDE OK
2026-06-29|COLQUISIRI|XRD80USS-012|B,2026-06-29,COLQUISIRI,XRD80USS-012,B,6.2000000000000455,6.2,0.0,COINCIDE OK
2026-06-29|CONDESTABLE|XLM75UFDR-002|A,2026-06-29,CONDESTABLE,XLM75UFDR-002,A,11.300000000000011,11.3,0.0,COINCIDE OK
2026-06-29|CONDESTABLE|XLM75UFDR-002|B,2026-06-29,CONDESTABLE,XLM75UFDR-002,B,10.0,10.0,0.0,COINCIDE OK
2026-06-29|CONDESTABLE|XLM75UFDR-004|A,2026-06-29,CONDESTABLE,XLM75UFDR-004,A,22.4,22.4,0.0,COINCIDE OK
2026-06-29|CONDESTABLE|XLM75UFDR-004|B,2026-06-29,CONDESTABLE,XLM75UFDR-004,B,9.4,9.4,0.0,COINCIDE OK
2026-06-29|CONDESTABLE|XRD150USS-003|A,2026-06-29,CONDESTABLE,XRD150USS-003,A,0.0,0.0,0.0,COINCIDE OK
2026-06-29|CONDESTABLE|XRD150USS-003|B,2026-06-29,CONDESTABLE,XRD150USS-003,B,0.0,0.0,0.0,COINCIDE OK
2026-06-29|CONDESTABLE|XRD80ITH-001|A,2026-06-29,CONDESTABLE,XRD80ITH-001,A,27.0,27.0,0.0,COINCIDE OK
2026-06-29|CONDESTABLE|XRD80ITH-001|B,2026-06-29,CONDESTABLE,XRD80ITH-001,B,30.099999999999994,30.1,-0.0,COINCIDE OK
2026-06-29|CUCULII|XRD100ST-001|A,2026-06-29,CUCULI,XRD100ST-001,A,0.0,12.2,-12.2,SOLO EN CONTROL INTERNO
2026-06-29|CUCULII|XRD100ST-001|B,2026-06-29,CUCULI,XRD100ST-001,B,0.0,11.2,-11.2,SOLO EN CONTROL INTERNO
2026-06-29|CUCULI|XRD100ST-001|A,2026-06-29,CUCULI,XRD100ST-001,A,12.2,0.0,12.2,SOLO EN DETALLADO
2026-06-29|CUCULI|XRD100ST-001|B,2026-06-29,CUCULI,XRD100ST-001,B,11.200000000000005,0.0,11.2,SOLO EN DETALLADO
2026-06-29|INMACULADA|XLM75UFDR-001|A,2026-06-29,INMACULADA,XLM75UFDR-001,A,20.3,20.3,0.0,COINCIDE OK
2026-06-29|INMACULADA|XLM75UFDR-001|B,2026-06-29,INMACULADA,XLM75UFDR-001,B,18.5,18.5,0.0,COINCIDE OK
2026-06-29|INMACULADA|XRD150U-003|A,2026-06-29,INMACULADA,XRD150U-003,A,0.3000000000000113,0.3,0.0,COINCIDE OK
2026-06-29|INMACULADA|XRD150U-003|B,2026-06-29,INMACULADA,XRD150U-003,B,7.199999999999989,7.2,-0.0,COINCIDE OK
2026-06-29|INMACULADA|XRD150USS-004|A,2026-06-29,INMACULADA,XRD150USS-004,A,0.0,0.0,0.0,COINCIDE OK
2026-06-29|INMACULADA|XRD150USS-004|B,2026-06-29,INMACULADA,XRD150USS-004,B,0.0,0.0,0.0,COINCIDE OK
2026-06-29|INMACULADA|XRD250U-001|A,2026-06-29,INMACULADA,XRD250U-001,A,0.0,0.0,0.0,COINCIDE OK
2026-06-29|INMACULADA|XRD250U-001|B,2026-06-29,INMACULADA,XRD250U-001,B,0.0,0.0,0.0,COINCIDE OK
2026-06-29|INMACULADA|XRD80USS-008|A,2026-06-29,INMACULADA,XRD80USS-008,A,0.0,0.0,0.0,COINCIDE OK
2026-06-29|INMACULADA|XRD80USS-008|B,2026-06-29,INMACULADA,XRD80USS-008,B,0.0,0.0,0.0,COINCIDE OK
2026-06-29|INMACULADA|XRD90U-012|A,2026-06-29,INMACULADA,XRD90U-012,A,0.0,0.0,0.0,COINCIDE OK
2026-06-29|INMACULADA|XRD90U-012|B,2026-06-29,INMACULADA,XRD90U-012,B,0.0,0.0,0.0,COINCIDE OK
2026-06-29|INMACULADA|XRD90U-016|A,2026-06-29,INMACULADA,XRD90U-016,A,26.7,26.7,0.0,COINCIDE OK
2026-06-29|INMACULADA|XRD90U-016|B,2026-06-29,INMACULADA,XRD90U-016,B,22.5,22.5,0.0,COINCIDE OK
2026-06-29|LA ESTRELLA|XRD150U-004|A,2026-06-29,LA ESTRELLA,XRD150U-004,A,0.0,0.0,0.0,COINCIDE OK
2026-06-29|LA ESTRELLA|XRD150U-004|B,2026-06-29,LA ESTRELLA,XRD150U-004,B,0.0,0.0,0.0,COINCIDE OK
2026-06-29|LA ESTRELLA|XRD150U-006|A,2026-06-29,LA ESTRELLA,XRD150U-006,A,0.0,0.0,0.0,COINCIDE OK
2026-06-29|LA ESTRELLA|XRD150U-006|B,2026-06-29,LA ESTRELLA,XRD150U-006,B,0.0,0.0,0.0,COINCIDE OK
2026-06-29|MOROCOCHA|XRD150USS-002|A,2026-06-29,MOROCOCHA,XRD150USS-002,A,0.0,0.0,0.0,COINCIDE OK
2026-06-29|MOROCOCHA|XRD150USS-002|B,2026-06-29,MOROCOCHA,XRD150USS-002,B,0.0,0.0,0.0,COINCIDE OK
2026-06-29|MOROCOCHA|XRD80USS-011|A,2026-06-29,MOROCOCHA,XRD80USS-011,A,63.20000000000002,31.4,31.8,REPARTICION DE TURNO (DIA/NOCHE)
2026-06-29|MOROCOCHA|XRD80USS-011|B,2026-06-29,MOROCOCHA,XRD80USS-011,B,0.0,31.8,-31.8,SOLO EN CONTROL INTERNO
2026-06-29|MOROCOCHA|XRD90USS-005|A,2026-06-29,MOROCOCHA,XRD90USS-005,A,0.0,0.0,0.0,COINCIDE OK
2026-06-29|MOROCOCHA|XRD90USS-005|B,2026-06-29,MOROCOCHA,XRD90USS-005,B,0.0,0.0,0.0,COINCIDE OK
2026-06-29|RAURA|XRD150U-005|A,2026-06-29,RAURA,XRD150U-005,A,6.1699999999999875,2.1,4.07,REPARTICION DE TURNO (DIA/NOCHE)
2026-06-29|RAURA|XRD150U-005|B,2026-06-29,RAURA,XRD150U-005,B,0.0,4.07,-4.07,SOLO EN CONTROL INTERNO
2026-06-29|RAURA|XRD150UBT-001|A,2026-06-29,RAURA,XRD150UBT-001,A,24.620000000000005,6.2,18.42,REPARTICION DE TURNO (DIA/NOCHE)
2026-06-29|RAURA|XRD150UBT-001|B,2026-06-29,RAURA,XRD150UBT-001,B,0.0,18.42,-18.42,SOLO EN CONTROL INTERNO
2026-06-29|RAURA|XRD90USS-001|A,2026-06-29,RAURA,XRD90USS-001,A,32.35000000000001,21.12,11.23,REPARTICION DE TURNO (DIA/NOCHE)
2026-06-29|RAURA|XRD90USS-001|B,2026-06-29,RAURA,XRD90USS-001,B,0.0,11.23,-11.23,SOLO EN CONTROL INTERNO
2026-06-29|RAURA|XRD90USS-004|A,2026-06-29,RAURA,XRD90USS-004,A,24.25,24.25,0.0,COINCIDE OK
2026-06-29|RAURA|XRD90USS-004|B,2026-06-29,RAURA,XRD90USS-004,B,0.0,0.0,0.0,COINCIDE OK
2026-06-29|SAN CRISTOBAL|DE710ST-001|A,2026-06-29,SAN CRISTOBAL,DE710ST-001,A,17.700000000000017,17.7,0.0,COINCIDE OK
2026-06-29|SAN CRISTOBAL|DE710ST-001|B,2026-06-29,SAN CRISTOBAL,DE710ST-001,B,18.0,18.0,0.0,COINCIDE OK
2026-06-29|SAN CRISTOBAL|XRD90U-004|A,2026-06-29,SAN CRISTOBAL,XRD90U-004,A,34.45000000000002,34.45,0.0,COINCIDE OK
2026-06-29|SAN CRISTOBAL|XRD90U-004|B,2026-06-29,SAN CRISTOBAL,XRD90U-004,B,27.75,27.75,0.0,COINCIDE OK
2026-06-29|SAN CRISTOBAL|XRD90U-010|A,2026-06-29,SAN CRISTOBAL,XRD90U-010,A,0.0,0.0,0.0,COINCIDE OK
2026-06-29|SAN CRISTOBAL|XRD90U-010|B,2026-06-29,SAN CRISTOBAL,XRD90U-010,B,0.0,0.0,0.0,COINCIDE OK
2026-06-29|SAN CRISTOBAL|XRD90U-023|A,2026-06-29,SAN CRISTOBAL,XRD90U-023,A,12.6,12.6,0.0,COINCIDE OK
2026-06-29|SAN CRISTOBAL|XRD90U-023|B,2026-06-29,SAN CRISTOBAL,XRD90U-023,B,36.2,36.2,0.0,COINCIDE OK
2026-06-29|TICLIO|XRD150U-007|A,2026-06-29,TICLIO,XRD150U-007,A,7.600000000000001,7.6,0.0,COINCIDE OK
2026-06-29|TICLIO|XRD150U-007|B,2026-06-29,TICLIO,XRD150U-007,B,0.0,0.0,0.0,COINCIDE OK
2026-06-29|YAULIYACU|XDR50USS-00T|A,2026-06-29,YAULIYACU,XDR50USS-00T,A,22.10000000000001,22.1,0.0,COINCIDE OK
2026-06-29|YAULIYACU|XDR50USS-00T|B,2026-06-29,YAULIYACU,XDR50USS-00T,B,27.599999999999994,27.6,-0.0,COINCIDE OK
2026-06-29|YAULIYACU|XRD125USS-001|A,2026-06-29,YAULIYACU,XRD125USS-001,A,11.349999999999994,11.35,-0.0,COINCIDE OK
2026-06-29|YAULIYACU|XRD125USS-001|B,2026-06-29,YAULIYACU,XRD125USS-001,B,17.85000000000001,17.85,0.0,COINCIDE OK
2026-06-29|YAULIYACU|XRD50USS-003|A,2026-06-29,YAULIYACU,XRD50USS-003,A,30.200000000000003,30.2,0.0,COINCIDE OK
2026-06-29|YAULIYACU|XRD50USS-003|B,2026-06-29,YAULIYACU,XRD50USS-003,B,31.549999999999983,31.55,-0.0,COINCIDE OK
2026-06-30|AMERICANA|LM110U-001|A,2026-06-30,AMERICANA,LM110U-001,A,0.0,0.0,0.0,COINCIDE OK
2026-06-30|AMERICANA|LM110U-001|B,2026-06-30,AMERICANA,LM110U-001,B,0.0,0.0,0.0,COINCIDE OK
2026-06-30|AMERICANA|XRD50U-002|A,2026-06-30,AMERICANA,XRD50U-002,A,35.0,35.0,0.0,COINCIDE OK
2026-06-30|AMERICANA|XRD50U-002|B,2026-06-30,AMERICANA,XRD50U-002,B,21.200000000000003,21.2,0.0,COINCIDE OK
2026-06-30|AMERICANA|XRD50USS-001|A,2026-06-30,AMERICANA,XRD50USS-001,A,0.0,0.0,0.0,COINCIDE OK
2026-06-30|AMERICANA|XRD50USS-001|B,2026-06-30,AMERICANA,XRD50USS-001,B,0.0,0.0,0.0,COINCIDE OK
2026-06-30|ANDAYCHAGUA|LF90D ST-002|A,2026-06-30,ANDAYCHAGUA,LF90D ST-002,A,6.399999999999977,6.4,-0.0,COINCIDE OK
2026-06-30|ANDAYCHAGUA|LF90D ST-002|B,2026-06-30,ANDAYCHAGUA,LF90D ST-002,B,10.600000000000025,10.6,0.0,COINCIDE OK
2026-06-30|ANDAYCHAGUA|XRD150U-001|A,2026-06-30,ANDAYCHAGUA,XRD150U-001,A,15.3,15.3,0.0,COINCIDE OK
2026-06-30|ANDAYCHAGUA|XRD150U-001|B,2026-06-30,ANDAYCHAGUA,XRD150U-001,B,18.6,18.6,0.0,COINCIDE OK
2026-06-30|ANDAYCHAGUA|XRD80USS-010|A,2026-06-30,ANDAYCHAGUA,XRD80USS-010,A,5.65,5.65,0.0,COINCIDE OK
2026-06-30|ANDAYCHAGUA|XRD80USS-010|B,2026-06-30,ANDAYCHAGUA,XRD80USS-010,B,29.15,29.15,0.0,COINCIDE OK
2026-06-30|CATALINA HUANCA|XRD100U-001|A,2026-06-30,CATALINA HUANCA,XRD100U-001,A,17.900000000000006,17.9,0.0,COINCIDE OK
2026-06-30|CATALINA HUANCA|XRD100U-001|B,2026-06-30,CATALINA HUANCA,XRD100U-001,B,4.599999999999994,4.6,-0.0,COINCIDE OK
2026-06-30|CATALINA HUANCA|XRD125UFDR-001|A,2026-06-30,CATALINA HUANCA,XRD125UFDR-001,A,21.2,21.2,0.0,COINCIDE OK
2026-06-30|CATALINA HUANCA|XRD125UFDR-001|B,2026-06-30,CATALINA HUANCA,XRD125UFDR-001,B,16.200000000000003,16.2,0.0,COINCIDE OK
2026-06-30|CATALINA HUANCA|XRD50U-003|A,2026-06-30,CATALINA HUANCA,XRD50U-003,A,22.8,22.8,0.0,COINCIDE OK
2026-06-30|CATALINA HUANCA|XRD50U-003|B,2026-06-30,CATALINA HUANCA,XRD50U-003,B,45.0,45.0,0.0,COINCIDE OK
2026-06-30|CATALINA HUANCA|XRD50USS-004|A,2026-06-30,CATALINA HUANCA,XRD50USS-004,A,18.9,18.9,0.0,COINCIDE OK
2026-06-30|CATALINA HUANCA|XRD50USS-004|B,2026-06-30,CATALINA HUANCA,XRD50USS-004,B,21.2,21.2,0.0,COINCIDE OK
2026-06-30|CATALINA HUANCA|XRD90U-005|A,2026-06-30,CATALINA HUANCA,XRD90U-005,A,37.3,37.3,0.0,COINCIDE OK
2026-06-30|CATALINA HUANCA|XRD90U-005|B,2026-06-30,CATALINA HUANCA,XRD90U-005,B,22.200000000000003,22.2,0.0,COINCIDE OK
2026-06-30|CERRO|XRD150U-002|A,2026-06-30,CERRO,XRD150U-002,A,14.0,14.0,0.0,COINCIDE OK
2026-06-30|CERRO|XRD150U-002|B,2026-06-30,CERRO,XRD150U-002,B,14.850000000000025,14.85,0.0,COINCIDE OK
2026-06-30|CHUNGAR|LM110U-001|A,2026-06-30,CHUNGAR,LM110U-001,A,0.0,0.0,0.0,COINCIDE OK
2026-06-30|CHUNGAR|LM110U-001|B,2026-06-30,CHUNGAR,LM110U-001,B,0.0,0.0,0.0,COINCIDE OK
2026-06-30|CHUNGAR|LM90U-001|A,2026-06-30,CHUNGAR,LM90U-001,A,0.0,0.0,0.0,COINCIDE OK
2026-06-30|CHUNGAR|LM90U-001|B,2026-06-30,CHUNGAR,LM90U-001,B,0.0,0.0,0.0,COINCIDE OK
2026-06-30|CHUNGAR|XRD120U-001|A,2026-06-30,CHUNGAR,XRD120U-001,A,21.600000000000023,21.6,0.0,COINCIDE OK
2026-06-30|CHUNGAR|XRD120U-001|B,2026-06-30,CHUNGAR,XRD120U-001,B,26.200000000000045,26.2,0.0,COINCIDE OK
2026-06-30|CHUNGAR|XRD90U-021|A,2026-06-30,CHUNGAR,XRD90U-021,A,29.10000000000001,29.1,0.0,COINCIDE OK
2026-06-30|CHUNGAR|XRD90U-021|B,2026-06-30,CHUNGAR,XRD90U-021,B,24.099999999999994,24.1,-0.0,COINCIDE OK
2026-06-30|CHUNGAR|XRD90USS-003|A,2026-06-30,CHUNGAR,XRD90USS-003,A,6.150000000000006,6.15,0.0,COINCIDE OK
2026-06-30|CHUNGAR|XRD90USS-003|B,2026-06-30,CHUNGAR,XRD90USS-003,B,21.75,21.75,0.0,COINCIDE OK
2026-06-30|COBRIZA|XDR100ST-001|A,2026-06-30,COBRIZA,XDR100ST-001,A,0.0,0.0,0.0,COINCIDE OK
2026-06-30|COBRIZA|XDR100ST-001|B,2026-06-30,COBRIZA,XDR100ST-001,B,0.0,0.0,0.0,COINCIDE OK
2026-06-30|COBRIZA|XLM75UFDR-003|A,2026-06-30,COBRIZA,XLM75UFDR-003,A,4.5,4.5,0.0,COINCIDE OK
2026-06-30|COBRIZA|XLM75UFDR-003|B,2026-06-30,COBRIZA,XLM75UFDR-003,B,5.5,5.5,0.0,COINCIDE OK
2026-06-30|COBRIZA|XRD125UFDR-002|A,2026-06-30,COBRIZA,XRD125UFDR-002,A,0.0,0.0,0.0,COINCIDE OK
2026-06-30|COBRIZA|XRD125UFDR-002|B,2026-06-30,COBRIZA,XRD125UFDR-002,B,0.0,0.0,0.0,COINCIDE OK
2026-06-30|COBRIZA|XRD150U-008|A,2026-06-30,COBRIZA,XRD150U-008,A,13.5,13.5,0.0,COINCIDE OK
2026-06-30|COBRIZA|XRD150U-008|B,2026-06-30,COBRIZA,XRD150U-008,B,9.0,9.0,0.0,COINCIDE OK
2026-06-30|COBRIZA|XRD50UFDR-001|A,2026-06-30,COBRIZA,XRD50UFDR-001,A,4.5,4.5,0.0,COINCIDE OK
2026-06-30|COBRIZA|XRD50UFDR-001|B,2026-06-30,COBRIZA,XRD50UFDR-001,B,18.0,18.0,0.0,COINCIDE OK
2026-06-30|COBRIZA|XRD50USS-002|A,2026-06-30,COBRIZA,XRD50USS-002,A,0.0,0.0,0.0,COINCIDE OK
2026-06-30|COBRIZA|XRD50USS-002|B,2026-06-30,COBRIZA,XRD50USS-002,B,0.0,0.0,0.0,COINCIDE OK
2026-06-30|COBRIZA|XRD80USS-006|A,2026-06-30,COBRIZA,XRD80USS-006,A,15.5,15.5,0.0,COINCIDE OK
2026-06-30|COBRIZA|XRD80USS-006|B,2026-06-30,COBRIZA,XRD80USS-006,B,0.0,0.0,0.0,COINCIDE OK
2026-06-30|COBRIZA|XRD90U-019|A,2026-06-30,COBRIZA,XRD90U-019,A,0.0,0.0,0.0,COINCIDE OK
2026-06-30|COBRIZA|XRD90U-019|B,2026-06-30,COBRIZA,XRD90U-019,B,0.0,0.0,0.0,COINCIDE OK
2026-06-30|COLQUISIRI|XRD80USS-012|A,2026-06-30,COLQUISIRI,XRD80USS-012,A,0.6999999999999886,0.7,-0.0,COINCIDE OK
2026-06-30|COLQUISIRI|XRD80USS-012|B,2026-06-30,COLQUISIRI,XRD80USS-012,B,0.0,0.0,0.0,COINCIDE OK
2026-06-30|CONDESTABLE|XLM75UFDR-002|A,2026-06-30,CONDESTABLE,XLM75UFDR-002,A,19.799999999999983,19.8,-0.0,COINCIDE OK
2026-06-30|CONDESTABLE|XLM75UFDR-002|B,2026-06-30,CONDESTABLE,XLM75UFDR-002,B,10.400000000000006,10.4,0.0,COINCIDE OK
2026-06-30|CONDESTABLE|XLM75UFDR-004|A,2026-06-30,CONDESTABLE,XLM75UFDR-004,A,27.700000000000003,27.7,0.0,COINCIDE OK
2026-06-30|CONDESTABLE|XLM75UFDR-004|B,2026-06-30,CONDESTABLE,XLM75UFDR-004,B,4.6,4.6,0.0,COINCIDE OK
2026-06-30|CONDESTABLE|XRD150USS-003|A,2026-06-30,CONDESTABLE,XRD150USS-003,A,0.0,0.0,0.0,COINCIDE OK
2026-06-30|CONDESTABLE|XRD150USS-003|B,2026-06-30,CONDESTABLE,XRD150USS-003,B,0.0,0.0,0.0,COINCIDE OK
2026-06-30|CONDESTABLE|XRD80ITH-001|A,2026-06-30,CONDESTABLE,XRD80ITH-001,A,53.0,33.5,19.5,REPARTICION DE TURNO (DIA/NOCHE)
2026-06-30|CONDESTABLE|XRD80ITH-001|B,2026-06-30,CONDESTABLE,XRD80ITH-001,B,11.099999999999994,30.6,-19.5,REPARTICION DE TURNO (DIA/NOCHE)
2026-06-30|CUCULII|XRD100ST-001|A,2026-06-30,CUCULI,XRD100ST-001,A,0.0,24.8,-24.8,SOLO EN CONTROL INTERNO
2026-06-30|CUCULII|XRD100ST-001|B,2026-06-30,CUCULI,XRD100ST-001,B,0.0,30.0,-30.0,SOLO EN CONTROL INTERNO
2026-06-30|CUCULI|XRD100ST-001|A,2026-06-30,CUCULI,XRD100ST-001,A,24.8,0.0,24.8,SOLO EN DETALLADO
2026-06-30|CUCULI|XRD100ST-001|B,2026-06-30,CUCULI,XRD100ST-001,B,30.000000000000007,0.0,30.0,SOLO EN DETALLADO
2026-06-30|INMACULADA|XLM75UFDR-001|A,2026-06-30,INMACULADA,XLM75UFDR-001,A,10.200000000000005,10.2,0.0,COINCIDE OK
2026-06-30|INMACULADA|XLM75UFDR-001|B,2026-06-30,INMACULADA,XLM75UFDR-001,B,11.0,11.0,0.0,COINCIDE OK
2026-06-30|INMACULADA|XRD150U-003|A,2026-06-30,INMACULADA,XRD150U-003,A,0.0,0.0,0.0,COINCIDE OK
2026-06-30|INMACULADA|XRD150U-003|B,2026-06-30,INMACULADA,XRD150U-003,B,0.0,0.0,0.0,COINCIDE OK
2026-06-30|INMACULADA|XRD150USS-004|A,2026-06-30,INMACULADA,XRD150USS-004,A,0.0,0.0,0.0,COINCIDE OK
2026-06-30|INMACULADA|XRD150USS-004|B,2026-06-30,INMACULADA,XRD150USS-004,B,0.0,0.0,0.0,COINCIDE OK
2026-06-30|INMACULADA|XRD250U-001|A,2026-06-30,INMACULADA,XRD250U-001,A,0.0,0.0,0.0,COINCIDE OK
2026-06-30|INMACULADA|XRD250U-001|B,2026-06-30,INMACULADA,XRD250U-001,B,0.0,0.0,0.0,COINCIDE OK
2026-06-30|INMACULADA|XRD80USS-008|A,2026-06-30,INMACULADA,XRD80USS-008,A,0.0,0.0,0.0,COINCIDE OK
2026-06-30|INMACULADA|XRD80USS-008|B,2026-06-30,INMACULADA,XRD80USS-008,B,0.0,0.0,0.0,COINCIDE OK
2026-06-30|INMACULADA|XRD90U-012|A,2026-06-30,INMACULADA,XRD90U-012,A,0.0,0.0,0.0,COINCIDE OK
2026-06-30|INMACULADA|XRD90U-012|B,2026-06-30,INMACULADA,XRD90U-012,B,0.0,0.0,0.0,COINCIDE OK
2026-06-30|INMACULADA|XRD90U-016|A,2026-06-30,INMACULADA,XRD90U-016,A,11.100000000000009,11.1,0.0,COINCIDE OK
2026-06-30|INMACULADA|XRD90U-016|B,2026-06-30,INMACULADA,XRD90U-016,B,23.599999999999994,23.6,-0.0,COINCIDE OK
2026-06-30|LA ESTRELLA|XRD150U-004|A,2026-06-30,LA ESTRELLA,XRD150U-004,A,0.0,0.0,0.0,COINCIDE OK
2026-06-30|LA ESTRELLA|XRD150U-004|B,2026-06-30,LA ESTRELLA,XRD150U-004,B,0.0,0.0,0.0,COINCIDE OK
2026-06-30|LA ESTRELLA|XRD150U-006|A,2026-06-30,LA ESTRELLA,XRD150U-006,A,0.0,0.0,0.0,COINCIDE OK
2026-06-30|LA ESTRELLA|XRD150U-006|B,2026-06-30,LA ESTRELLA,XRD150U-006,B,0.0,0.0,0.0,COINCIDE OK
2026-06-30|MOROCOCHA|XRD150USS-002|A,2026-06-30,MOROCOCHA,XRD150USS-002,A,0.0,0.0,0.0,COINCIDE OK
2026-06-30|MOROCOCHA|XRD150USS-002|B,2026-06-30,MOROCOCHA,XRD150USS-002,B,0.0,0.0,0.0,COINCIDE OK
2026-06-30|MOROCOCHA|XRD80USS-011|A,2026-06-30,MOROCOCHA,XRD80USS-011,A,30.899999999999977,24.75,6.15,REPARTICION DE TURNO (DIA/NOCHE)
2026-06-30|MOROCOCHA|XRD80USS-011|B,2026-06-30,MOROCOCHA,XRD80USS-011,B,0.0,6.15,-6.15,SOLO EN CONTROL INTERNO
2026-06-30|MOROCOCHA|XRD90USS-005|A,2026-06-30,MOROCOCHA,XRD90USS-005,A,0.0,0.0,0.0,COINCIDE OK
2026-06-30|MOROCOCHA|XRD90USS-005|B,2026-06-30,MOROCOCHA,XRD90USS-005,B,0.0,0.0,0.0,COINCIDE OK
2026-06-30|RAURA|XRD150U-005|A,2026-06-30,RAURA,XRD150U-005,A,0.0,0.0,0.0,COINCIDE OK
2026-06-30|RAURA|XRD150U-005|B,2026-06-30,RAURA,XRD150U-005,B,0.0,0.0,0.0,COINCIDE OK
2026-06-30|RAURA|XRD150UBT-001|A,2026-06-30,RAURA,XRD150UBT-001,A,1.5500000000000114,1.55,0.0,COINCIDE OK
2026-06-30|RAURA|XRD150UBT-001|B,2026-06-30,RAURA,XRD150UBT-001,B,13.609999999999957,13.61,-0.0,COINCIDE OK
2026-06-30|RAURA|XRD90USS-001|A,2026-06-30,RAURA,XRD90USS-001,A,7.459999999999994,7.46,-0.0,COINCIDE OK
2026-06-30|RAURA|XRD90USS-001|B,2026-06-30,RAURA,XRD90USS-001,B,13.189999999999998,13.19,-0.0,COINCIDE OK
2026-06-30|RAURA|XRD90USS-004|A,2026-06-30,RAURA,XRD90USS-004,A,12.079999999999998,12.08,-0.0,COINCIDE OK
2026-06-30|RAURA|XRD90USS-004|B,2026-06-30,RAURA,XRD90USS-004,B,22.130000000000003,22.13,0.0,COINCIDE OK
2026-06-30|SAN CRISTOBAL|DE710ST-001|A,2026-06-30,SAN CRISTOBAL,DE710ST-001,A,0.0,0.0,0.0,COINCIDE OK
2026-06-30|SAN CRISTOBAL|DE710ST-001|B,2026-06-30,SAN CRISTOBAL,DE710ST-001,B,0.0,0.0,0.0,COINCIDE OK
2026-06-30|SAN CRISTOBAL|XRD90U-004|A,2026-06-30,SAN CRISTOBAL,XRD90U-004,A,35.14999999999998,20.4,14.75,REPARTICION DE TURNO (DIA/NOCHE)
2026-06-30|SAN CRISTOBAL|XRD90U-004|B,2026-06-30,SAN CRISTOBAL,XRD90U-004,B,0.0,14.75,-14.75,SOLO EN CONTROL INTERNO
2026-06-30|SAN CRISTOBAL|XRD90U-010|A,2026-06-30,SAN CRISTOBAL,XRD90U-010,A,0.0,0.0,0.0,COINCIDE OK
2026-06-30|SAN CRISTOBAL|XRD90U-010|B,2026-06-30,SAN CRISTOBAL,XRD90U-010,B,0.0,0.0,0.0,COINCIDE OK
2026-06-30|SAN CRISTOBAL|XRD90U-023|A,2026-06-30,SAN CRISTOBAL,XRD90U-023,A,72.91,34.7,38.21,REPARTICION DE TURNO (DIA/NOCHE)
2026-06-30|SAN CRISTOBAL|XRD90U-023|B,2026-06-30,SAN CRISTOBAL,XRD90U-023,B,0.0,38.25,-38.25,SOLO EN CONTROL INTERNO
2026-06-30|TICLIO|XRD150U-007|A,2026-06-30,TICLIO,XRD150U-007,A,0.0,0.0,0.0,COINCIDE OK
2026-06-30|TICLIO|XRD150U-007|B,2026-06-30,TICLIO,XRD150U-007,B,0.0,0.0,0.0,COINCIDE OK
2026-06-30|YAULIYACU|XDR50USS-00T|A,2026-06-30,YAULIYACU,XDR50USS-00T,A,12.099999999999994,12.1,-0.0,COINCIDE OK
2026-06-30|YAULIYACU|XDR50USS-00T|B,2026-06-30,YAULIYACU,XDR50USS-00T,B,0.0,0.0,0.0,COINCIDE OK
2026-06-30|YAULIYACU|XRD125USS-001|A,2026-06-30,YAULIYACU,XRD125USS-001,A,3.75,3.75,0.0,COINCIDE OK
2026-06-30|YAULIYACU|XRD125USS-001|B,2026-06-30,YAULIYACU,XRD125USS-001,B,1.0499999999999972,1.05,-0.0,COINCIDE OK
2026-06-30|YAULIYACU|XRD50USS-003|A,2026-06-30,YAULIYACU,XRD50USS-003,A,22.55000000000001,22.55,0.0,COINCIDE OK
2026-06-30|YAULIYACU|XRD50USS-003|B,2026-06-30,YAULIYACU,XRD50USS-003,B,0.0,0.0,0.0,COINCIDE OK
2026-07-01|AMERICANA|LM110U-001|A,2026-07-01,AMERICANA,LM110U-001,A,0.0,0.0,0.0,COINCIDE OK
2026-07-01|AMERICANA|LM110U-001|B,2026-07-01,AMERICANA,LM110U-001,B,0.0,0.0,0.0,COINCIDE OK
2026-07-01|AMERICANA|XRD50U-002|A,2026-07-01,AMERICANA,XRD50U-002,A,0.0,0.0,0.0,COINCIDE OK
2026-07-01|AMERICANA|XRD50U-002|B,2026-07-01,AMERICANA,XRD50U-002,B,0.0,0.0,0.0,COINCIDE OK
2026-07-01|AMERICANA|XRD50USS-001|A,2026-07-01,AMERICANA,XRD50USS-001,A,7.9,7.9,0.0,COINCIDE OK
2026-07-01|AMERICANA|XRD50USS-001|B,2026-07-01,AMERICANA,XRD50USS-001,B,35.0,35.0,0.0,COINCIDE OK
2026-07-01|ANDAYCHAGUA|LF90D ST-002|A,2026-07-01,ANDAYCHAGUA,LF90D ST-002,A,0.6,0.6,0.0,COINCIDE OK
2026-07-01|ANDAYCHAGUA|LF90D ST-002|B,2026-07-01,ANDAYCHAGUA,LF90D ST-002,B,13.45,13.45,0.0,COINCIDE OK
2026-07-01|ANDAYCHAGUA|XRD150U-001|A,2026-07-01,ANDAYCHAGUA,XRD150U-001,A,14.950000000000005,14.95,0.0,COINCIDE OK
2026-07-01|ANDAYCHAGUA|XRD150U-001|B,2026-07-01,ANDAYCHAGUA,XRD150U-001,B,20.099999999999994,20.1,-0.0,COINCIDE OK
2026-07-01|ANDAYCHAGUA|XRD80USS-010|A,2026-07-01,ANDAYCHAGUA,XRD80USS-010,A,32.900000000000006,32.9,0.0,COINCIDE OK
2026-07-01|ANDAYCHAGUA|XRD80USS-010|B,2026-07-01,ANDAYCHAGUA,XRD80USS-010,B,7.5,7.5,0.0,COINCIDE OK
2026-07-01|CATALINA HUANCA|XRD100U-001|A,2026-07-01,CATALINA HUANCA,XRD100U-001,A,16.0,16.0,0.0,COINCIDE OK
2026-07-01|CATALINA HUANCA|XRD100U-001|B,2026-07-01,CATALINA HUANCA,XRD100U-001,B,0.0,0.0,0.0,COINCIDE OK
2026-07-01|CATALINA HUANCA|XRD125UFDR-001|A,2026-07-01,CATALINA HUANCA,XRD125UFDR-001,A,14.399999999999991,14.4,-0.0,COINCIDE OK
2026-07-01|CATALINA HUANCA|XRD125UFDR-001|B,2026-07-01,CATALINA HUANCA,XRD125UFDR-001,B,14.0,14.0,0.0,COINCIDE OK
2026-07-01|CATALINA HUANCA|XRD50U-003|A,2026-07-01,CATALINA HUANCA,XRD50U-003,A,30.0,30.0,0.0,COINCIDE OK
2026-07-01|CATALINA HUANCA|XRD50U-003|B,2026-07-01,CATALINA HUANCA,XRD50U-003,B,20.5,20.5,0.0,COINCIDE OK
2026-07-01|CATALINA HUANCA|XRD50USS-004|A,2026-07-01,CATALINA HUANCA,XRD50USS-004,A,13.0,13.0,0.0,COINCIDE OK
2026-07-01|CATALINA HUANCA|XRD50USS-004|B,2026-07-01,CATALINA HUANCA,XRD50USS-004,B,15.600000000000009,15.6,0.0,COINCIDE OK
2026-07-01|CATALINA HUANCA|XRD90U-005|A,2026-07-01,CATALINA HUANCA,XRD90U-005,A,0.0,0.0,0.0,COINCIDE OK
2026-07-01|CATALINA HUANCA|XRD90U-005|B,2026-07-01,CATALINA HUANCA,XRD90U-005,B,0.0,0.0,0.0,COINCIDE OK
2026-07-01|CERRO|XRD150U-002|A,2026-07-01,CERRO,XRD150U-002,A,16.94999999999999,16.95,-0.0,COINCIDE OK
2026-07-01|CERRO|XRD150U-002|B,2026-07-01,CERRO,XRD150U-002,B,9.300000000000011,9.3,0.0,COINCIDE OK
2026-07-01|CHUNGAR|LM110U-001|A,2026-07-01,CHUNGAR,LM110U-001,A,0.0,0.0,0.0,COINCIDE OK
2026-07-01|CHUNGAR|LM110U-001|B,2026-07-01,CHUNGAR,LM110U-001,B,0.0,0.0,0.0,COINCIDE OK
2026-07-01|CHUNGAR|LM90U-001|A,2026-07-01,CHUNGAR,LM90U-001,A,0.0,0.0,0.0,COINCIDE OK
2026-07-01|CHUNGAR|LM90U-001|B,2026-07-01,CHUNGAR,LM90U-001,B,0.0,0.0,0.0,COINCIDE OK
2026-07-01|CHUNGAR|XRD120U-001|A,2026-07-01,CHUNGAR,XRD120U-001,A,0.0,0.0,0.0,COINCIDE OK
2026-07-01|CHUNGAR|XRD120U-001|B,2026-07-01,CHUNGAR,XRD120U-001,B,3.75,3.75,0.0,COINCIDE OK
2026-07-01|CHUNGAR|XRD90U-021|A,2026-07-01,CHUNGAR,XRD90U-021,A,25.40000000000001,25.4,0.0,COINCIDE OK
2026-07-01|CHUNGAR|XRD90U-021|B,2026-07-01,CHUNGAR,XRD90U-021,B,22.40000000000001,22.4,0.0,COINCIDE OK
2026-07-01|CHUNGAR|XRD90USS-003|A,2026-07-01,CHUNGAR,XRD90USS-003,A,0.0,0.0,0.0,COINCIDE OK
2026-07-01|CHUNGAR|XRD90USS-003|B,2026-07-01,CHUNGAR,XRD90USS-003,B,0.0,0.0,0.0,COINCIDE OK
2026-07-01|COBRIZA|XDR100ST-001|A,2026-07-01,COBRIZA,XDR100ST-001,A,0.0,0.0,0.0,COINCIDE OK
2026-07-01|COBRIZA|XDR100ST-001|B,2026-07-01,COBRIZA,XDR100ST-001,B,0.0,0.0,0.0,COINCIDE OK
2026-07-01|COBRIZA|XLM75UFDR-003|A,2026-07-01,COBRIZA,XLM75UFDR-003,A,10.700000000000005,10.7,0.0,COINCIDE OK
2026-07-01|COBRIZA|XLM75UFDR-003|B,2026-07-01,COBRIZA,XLM75UFDR-003,B,6.799999999999997,6.8,-0.0,COINCIDE OK
2026-07-01|COBRIZA|XRD125UFDR-002|A,2026-07-01,COBRIZA,XRD125UFDR-002,A,0.0,0.0,0.0,COINCIDE OK
2026-07-01|COBRIZA|XRD125UFDR-002|B,2026-07-01,COBRIZA,XRD125UFDR-002,B,8.3,8.3,0.0,COINCIDE OK
2026-07-01|COBRIZA|XRD150U-008|A,2026-07-01,COBRIZA,XRD150U-008,A,0.0,0.0,0.0,COINCIDE OK
2026-07-01|COBRIZA|XRD150U-008|B,2026-07-01,COBRIZA,XRD150U-008,B,0.0,0.0,0.0,COINCIDE OK
2026-07-01|COBRIZA|XRD50UFDR-001|A,2026-07-01,COBRIZA,XRD50UFDR-001,A,22.5,22.5,0.0,COINCIDE OK
2026-07-01|COBRIZA|XRD50UFDR-001|B,2026-07-01,COBRIZA,XRD50UFDR-001,B,10.5,10.5,0.0,COINCIDE OK
2026-07-01|COBRIZA|XRD50USS-002|A,2026-07-01,COBRIZA,XRD50USS-002,A,0.0,0.0,0.0,COINCIDE OK
2026-07-01|COBRIZA|XRD50USS-002|B,2026-07-01,COBRIZA,XRD50USS-002,B,0.0,0.0,0.0,COINCIDE OK
2026-07-01|COBRIZA|XRD80USS-006|A,2026-07-01,COBRIZA,XRD80USS-006,A,11.3,11.3,0.0,COINCIDE OK
2026-07-01|COBRIZA|XRD80USS-006|B,2026-07-01,COBRIZA,XRD80USS-006,B,53.0,53.0,0.0,COINCIDE OK
2026-07-01|COBRIZA|XRD90U-019|A,2026-07-01,COBRIZA,XRD90U-019,A,0.0,0.0,0.0,COINCIDE OK
2026-07-01|COBRIZA|XRD90U-019|B,2026-07-01,COBRIZA,XRD90U-019,B,0.0,0.0,0.0,COINCIDE OK
2026-07-01|COLQUISIRI|XRD80USS-012|A,2026-07-01,COLQUISIRI,XRD80USS-012,A,0.0,0.0,0.0,COINCIDE OK
2026-07-01|COLQUISIRI|XRD80USS-012|B,2026-07-01,COLQUISIRI,XRD80USS-012,B,0.0,0.0,0.0,COINCIDE OK
2026-07-01|CONDESTABLE|XLM75UFDR-002|A,2026-07-01,CONDESTABLE,XLM75UFDR-002,A,0.0,0.0,0.0,COINCIDE OK
2026-07-01|CONDESTABLE|XLM75UFDR-002|B,2026-07-01,CONDESTABLE,XLM75UFDR-002,B,0.0,0.0,0.0,COINCIDE OK
2026-07-01|CONDESTABLE|XLM75UFDR-004|A,2026-07-01,CONDESTABLE,XLM75UFDR-004,A,18.3,18.3,0.0,COINCIDE OK
2026-07-01|CONDESTABLE|XLM75UFDR-004|B,2026-07-01,CONDESTABLE,XLM75UFDR-004,B,15.9,15.9,0.0,COINCIDE OK
2026-07-01|CONDESTABLE|XRD150USS-003|A,2026-07-01,CONDESTABLE,XRD150USS-003,A,0.0,0.0,0.0,COINCIDE OK
2026-07-01|CONDESTABLE|XRD150USS-003|B,2026-07-01,CONDESTABLE,XRD150USS-003,B,0.0,0.0,0.0,COINCIDE OK
2026-07-01|CONDESTABLE|XRD80ITH-001|A,2026-07-01,CONDESTABLE,XRD80ITH-001,A,53.099999999999994,33.0,20.1,REPARTICION DE TURNO (DIA/NOCHE)
2026-07-01|CONDESTABLE|XRD80ITH-001|B,2026-07-01,CONDESTABLE,XRD80ITH-001,B,3.0,23.1,-20.1,REPARTICION DE TURNO (DIA/NOCHE)
2026-07-01|CUCULII|XRD100ST-001|A,2026-07-01,CUCULI,XRD100ST-001,A,0.0,27.1,-27.1,SOLO EN CONTROL INTERNO
2026-07-01|CUCULII|XRD100ST-001|B,2026-07-01,CUCULI,XRD100ST-001,B,0.0,20.9,-20.9,SOLO EN CONTROL INTERNO
2026-07-01|CUCULI|XRD100ST-001|A,2026-07-01,CUCULI,XRD100ST-001,A,27.099999999999994,0.0,27.1,SOLO EN DETALLADO
2026-07-01|CUCULI|XRD100ST-001|B,2026-07-01,CUCULI,XRD100ST-001,B,20.90000000000001,0.0,20.9,SOLO EN DETALLADO
2026-07-01|INMACULADA|XLM75UFDR-001|A,2026-07-01,INMACULADA,XLM75UFDR-001,A,19.8,19.8,0.0,COINCIDE OK
2026-07-01|INMACULADA|XLM75UFDR-001|B,2026-07-01,INMACULADA,XLM75UFDR-001,B,23.2,23.2,0.0,COINCIDE OK
2026-07-01|INMACULADA|XRD150U-003|A,2026-07-01,INMACULADA,XRD150U-003,A,0.0,0.0,0.0,COINCIDE OK
2026-07-01|INMACULADA|XRD150U-003|B,2026-07-01,INMACULADA,XRD150U-003,B,0.0,0.0,0.0,COINCIDE OK
2026-07-01|INMACULADA|XRD150USS-004|A,2026-07-01,INMACULADA,XRD150USS-004,A,0.0,0.0,0.0,COINCIDE OK
2026-07-01|INMACULADA|XRD150USS-004|B,2026-07-01,INMACULADA,XRD150USS-004,B,0.0,0.0,0.0,COINCIDE OK
2026-07-01|INMACULADA|XRD250U-001|A,2026-07-01,INMACULADA,XRD250U-001,A,0.0,0.0,0.0,COINCIDE OK
2026-07-01|INMACULADA|XRD250U-001|B,2026-07-01,INMACULADA,XRD250U-001,B,0.0,0.0,0.0,COINCIDE OK
2026-07-01|INMACULADA|XRD80USS-008|A,2026-07-01,INMACULADA,XRD80USS-008,A,0.0,0.0,0.0,COINCIDE OK
2026-07-01|INMACULADA|XRD80USS-008|B,2026-07-01,INMACULADA,XRD80USS-008,B,18.0,18.0,0.0,COINCIDE OK
2026-07-01|INMACULADA|XRD90U-012|A,2026-07-01,INMACULADA,XRD90U-012,A,0.0,0.0,0.0,COINCIDE OK
2026-07-01|INMACULADA|XRD90U-012|B,2026-07-01,INMACULADA,XRD90U-012,B,0.0,0.0,0.0,COINCIDE OK
2026-07-01|INMACULADA|XRD90U-016|A,2026-07-01,INMACULADA,XRD90U-016,A,15.099999999999994,15.1,-0.0,COINCIDE OK
2026-07-01|INMACULADA|XRD90U-016|B,2026-07-01,INMACULADA,XRD90U-016,B,8.0,8.0,0.0,COINCIDE OK
2026-07-01|LA ESTRELLA|XRD150U-004|A,2026-07-01,LA ESTRELLA,XRD150U-004,A,0.0,0.0,0.0,COINCIDE OK
2026-07-01|LA ESTRELLA|XRD150U-004|B,2026-07-01,LA ESTRELLA,XRD150U-004,B,0.0,0.0,0.0,COINCIDE OK
2026-07-01|LA ESTRELLA|XRD150U-006|A,2026-07-01,LA ESTRELLA,XRD150U-006,A,0.0,0.0,0.0,COINCIDE OK
2026-07-01|LA ESTRELLA|XRD150U-006|B,2026-07-01,LA ESTRELLA,XRD150U-006,B,0.0,0.0,0.0,COINCIDE OK
2026-07-01|MOROCOCHA|XRD150USS-002|A,2026-07-01,MOROCOCHA,XRD150USS-002,A,0.0,0.0,0.0,COINCIDE OK
2026-07-01|MOROCOCHA|XRD150USS-002|B,2026-07-01,MOROCOCHA,XRD150USS-002,B,0.0,0.0,0.0,COINCIDE OK
2026-07-01|MOROCOCHA|XRD80USS-011|A,2026-07-01,MOROCOCHA,XRD80USS-011,A,19.30000000000001,19.3,0.0,COINCIDE OK
2026-07-01|MOROCOCHA|XRD80USS-011|B,2026-07-01,MOROCOCHA,XRD80USS-011,B,0.0,0.0,0.0,COINCIDE OK
2026-07-01|MOROCOCHA|XRD90USS-005|A,2026-07-01,MOROCOCHA,XRD90USS-005,A,0.0,0.0,0.0,COINCIDE OK
2026-07-01|MOROCOCHA|XRD90USS-005|B,2026-07-01,MOROCOCHA,XRD90USS-005,B,0.0,0.0,0.0,COINCIDE OK
2026-07-01|RAURA|XRD150U-005|A,2026-07-01,RAURA,XRD150U-005,A,0.0,0.0,0.0,COINCIDE OK
2026-07-01|RAURA|XRD150U-005|B,2026-07-01,RAURA,XRD150U-005,B,0.0,0.0,0.0,COINCIDE OK
2026-07-01|RAURA|XRD150UBT-001|A,2026-07-01,RAURA,XRD150UBT-001,A,0.0,0.0,0.0,COINCIDE OK
2026-07-01|RAURA|XRD150UBT-001|B,2026-07-01,RAURA,XRD150UBT-001,B,0.0,0.0,0.0,COINCIDE OK
2026-07-01|RAURA|XRD90USS-001|A,2026-07-01,RAURA,XRD90USS-001,A,11.47,11.47,0.0,COINCIDE OK
2026-07-01|RAURA|XRD90USS-001|B,2026-07-01,RAURA,XRD90USS-001,B,23.58,23.58,0.0,COINCIDE OK
2026-07-01|RAURA|XRD90USS-004|A,2026-07-01,RAURA,XRD90USS-004,A,9.049999999999994,9.05,-0.0,COINCIDE OK
2026-07-01|RAURA|XRD90USS-004|B,2026-07-01,RAURA,XRD90USS-004,B,28.700000000000003,28.7,0.0,COINCIDE OK
2026-07-01|SAN CRISTOBAL|DE710ST-001|A,2026-07-01,SAN CRISTOBAL,DE710ST-001,A,30.5,6.7,23.8,REPARTICION DE TURNO (DIA/NOCHE)
2026-07-01|SAN CRISTOBAL|DE710ST-001|B,2026-07-01,SAN CRISTOBAL,DE710ST-001,B,0.0,23.8,-23.8,SOLO EN CONTROL INTERNO
2026-07-01|SAN CRISTOBAL|XRD90U-004|A,2026-07-01,SAN CRISTOBAL,XRD90U-004,A,27.30000000000001,8.5,18.8,REPARTICION DE TURNO (DIA/NOCHE)
2026-07-01|SAN CRISTOBAL|XRD90U-004|B,2026-07-01,SAN CRISTOBAL,XRD90U-004,B,0.0,18.8,-18.8,SOLO EN CONTROL INTERNO
2026-07-01|SAN CRISTOBAL|XRD90U-010|A,2026-07-01,SAN CRISTOBAL,XRD90U-010,A,36.0,0.0,36.0,SOLO EN DETALLADO
2026-07-01|SAN CRISTOBAL|XRD90U-010|B,2026-07-01,SAN CRISTOBAL,XRD90U-010,B,0.0,36.0,-36.0,SOLO EN CONTROL INTERNO
2026-07-01|SAN CRISTOBAL|XRD90U-023|A,2026-07-01,SAN CRISTOBAL,XRD90U-023,A,63.290000000000006,33.35,29.94,REPARTICION DE TURNO (DIA/NOCHE)
2026-07-01|SAN CRISTOBAL|XRD90U-023|B,2026-07-01,SAN CRISTOBAL,XRD90U-023,B,0.0,29.9,-29.9,SOLO EN CONTROL INTERNO
2026-07-01|TICLIO|XRD150U-007|A,2026-07-01,TICLIO,XRD150U-007,A,0.0,0.0,0.0,COINCIDE OK
2026-07-01|TICLIO|XRD150U-007|B,2026-07-01,TICLIO,XRD150U-007,B,0.0,0.0,0.0,COINCIDE OK
2026-07-01|YAULIYACU|XDR50USS-00T|A,2026-07-01,YAULIYACU,XDR50USS-00T,A,19.45,19.45,0.0,COINCIDE OK
2026-07-01|YAULIYACU|XDR50USS-00T|B,2026-07-01,YAULIYACU,XDR50USS-00T,B,32.849999999999994,32.85,-0.0,COINCIDE OK
2026-07-01|YAULIYACU|XRD125USS-001|A,2026-07-01,YAULIYACU,XRD125USS-001,A,0.0,0.0,0.0,COINCIDE OK
2026-07-01|YAULIYACU|XRD125USS-001|B,2026-07-01,YAULIYACU,XRD125USS-001,B,0.0,0.0,0.0,COINCIDE OK
2026-07-01|YAULIYACU|XRD50USS-003|A,2026-07-01,YAULIYACU,XRD50USS-003,A,28.5,28.5,0.0,COINCIDE OK
2026-07-01|YAULIYACU|XRD50USS-003|B,2026-07-01,YAULIYACU,XRD50USS-003,B,35.75,35.75,0.0,COINCIDE OK
2026-07-02|AMERICANA|LM110U-001|A,2026-07-02,AMERICANA,LM110U-001,A,0.0,0.0,0.0,COINCIDE OK
2026-07-02|AMERICANA|LM110U-001|B,2026-07-02,AMERICANA,LM110U-001,B,0.0,0.0,0.0,COINCIDE OK
2026-07-02|AMERICANA|XRD50U-002|A,2026-07-02,AMERICANA,XRD50U-002,A,28.9,28.9,0.0,COINCIDE OK
2026-07-02|AMERICANA|XRD50U-002|B,2026-07-02,AMERICANA,XRD50U-002,B,35.0,35.0,0.0,COINCIDE OK
2026-07-02|AMERICANA|XRD50USS-001|A,2026-07-02,AMERICANA,XRD50USS-001,A,35.00000000000001,35.0,0.0,COINCIDE OK
2026-07-02|AMERICANA|XRD50USS-001|B,2026-07-02,AMERICANA,XRD50USS-001,B,35.0,35.0,0.0,COINCIDE OK
2026-07-02|ANDAYCHAGUA|LF90D ST-002|A,2026-07-02,ANDAYCHAGUA,LF90D ST-002,A,30.15,30.15,0.0,COINCIDE OK
2026-07-02|ANDAYCHAGUA|LF90D ST-002|B,2026-07-02,ANDAYCHAGUA,LF90D ST-002,B,30.0,30.0,0.0,COINCIDE OK
2026-07-02|ANDAYCHAGUA|XRD150U-001|A,2026-07-02,ANDAYCHAGUA,XRD150U-001,A,15.450000000000005,15.45,0.0,COINCIDE OK
2026-07-02|ANDAYCHAGUA|XRD150U-001|B,2026-07-02,ANDAYCHAGUA,XRD150U-001,B,16.0,16.0,0.0,COINCIDE OK
2026-07-02|ANDAYCHAGUA|XRD80USS-010|A,2026-07-02,ANDAYCHAGUA,XRD80USS-010,A,0.0,0.0,0.0,COINCIDE OK
2026-07-02|ANDAYCHAGUA|XRD80USS-010|B,2026-07-02,ANDAYCHAGUA,XRD80USS-010,B,0.0,0.0,0.0,COINCIDE OK
2026-07-02|CATALINA HUANCA|XRD100U-001|A,2026-07-02,CATALINA HUANCA,XRD100U-001,A,23.30000000000001,23.3,0.0,COINCIDE OK
2026-07-02|CATALINA HUANCA|XRD100U-001|B,2026-07-02,CATALINA HUANCA,XRD100U-001,B,25.099999999999994,25.1,-0.0,COINCIDE OK
2026-07-02|CATALINA HUANCA|XRD125UFDR-001|A,2026-07-02,CATALINA HUANCA,XRD125UFDR-001,A,7.600000000000008,7.6,0.0,COINCIDE OK
2026-07-02|CATALINA HUANCA|XRD125UFDR-001|B,2026-07-02,CATALINA HUANCA,XRD125UFDR-001,B,18.599999999999994,18.6,-0.0,COINCIDE OK
2026-07-02|CATALINA HUANCA|XRD50U-003|A,2026-07-02,CATALINA HUANCA,XRD50U-003,A,0.0,0.0,0.0,COINCIDE OK
2026-07-02|CATALINA HUANCA|XRD50U-003|B,2026-07-02,CATALINA HUANCA,XRD50U-003,B,2.9,2.9,0.0,COINCIDE OK
2026-07-02|CATALINA HUANCA|XRD50USS-004|A,2026-07-02,CATALINA HUANCA,XRD50USS-004,A,15.0,15.0,0.0,COINCIDE OK
2026-07-02|CATALINA HUANCA|XRD50USS-004|B,2026-07-02,CATALINA HUANCA,XRD50USS-004,B,15.599999999999994,15.6,-0.0,COINCIDE OK
2026-07-02|CATALINA HUANCA|XRD90U-005|A,2026-07-02,CATALINA HUANCA,XRD90U-005,A,0.0,0.0,0.0,COINCIDE OK
2026-07-02|CATALINA HUANCA|XRD90U-005|B,2026-07-02,CATALINA HUANCA,XRD90U-005,B,0.0,0.0,0.0,COINCIDE OK
2026-07-02|CERRO|XRD150U-002|A,2026-07-02,CERRO,XRD150U-002,A,0.0,0.0,0.0,COINCIDE OK
2026-07-02|CERRO|XRD150U-002|B,2026-07-02,CERRO,XRD150U-002,B,13.5,13.5,0.0,COINCIDE OK
2026-07-02|CHUNGAR|LM110U-001|A,2026-07-02,CHUNGAR,LM110U-001,A,0.0,0.0,0.0,COINCIDE OK
2026-07-02|CHUNGAR|LM110U-001|B,2026-07-02,CHUNGAR,LM110U-001,B,0.0,0.0,0.0,COINCIDE OK
2026-07-02|CHUNGAR|LM90U-001|A,2026-07-02,CHUNGAR,LM90U-001,A,0.0,0.0,0.0,COINCIDE OK
2026-07-02|CHUNGAR|LM90U-001|B,2026-07-02,CHUNGAR,LM90U-001,B,0.0,0.0,0.0,COINCIDE OK
2026-07-02|CHUNGAR|XRD120U-001|A,2026-07-02,CHUNGAR,XRD120U-001,A,21.25,21.25,0.0,COINCIDE OK
2026-07-02|CHUNGAR|XRD120U-001|B,2026-07-02,CHUNGAR,XRD120U-001,B,18.299999999999955,18.3,-0.0,COINCIDE OK
2026-07-02|CHUNGAR|XRD90U-021|A,2026-07-02,CHUNGAR,XRD90U-021,A,0.3999999999999772,0.4,-0.0,COINCIDE OK
2026-07-02|CHUNGAR|XRD90U-021|B,2026-07-02,CHUNGAR,XRD90U-021,B,0.4000000000000057,0.4,0.0,COINCIDE OK
2026-07-02|CHUNGAR|XRD90USS-003|A,2026-07-02,CHUNGAR,XRD90USS-003,A,0.0,0.0,0.0,COINCIDE OK
2026-07-02|CHUNGAR|XRD90USS-003|B,2026-07-02,CHUNGAR,XRD90USS-003,B,13.3,13.3,0.0,COINCIDE OK
2026-07-02|COBRIZA|XDR100ST-001|A,2026-07-02,COBRIZA,XDR100ST-001,A,0.0,0.0,0.0,COINCIDE OK
2026-07-02|COBRIZA|XDR100ST-001|B,2026-07-02,COBRIZA,XDR100ST-001,B,0.0,0.0,0.0,COINCIDE OK
2026-07-02|COBRIZA|XLM75UFDR-003|A,2026-07-02,COBRIZA,XLM75UFDR-003,A,16.5,16.5,0.0,COINCIDE OK
2026-07-02|COBRIZA|XLM75UFDR-003|B,2026-07-02,COBRIZA,XLM75UFDR-003,B,4.0,4.0,0.0,COINCIDE OK
2026-07-02|COBRIZA|XRD125UFDR-002|A,2026-07-02,COBRIZA,XRD125UFDR-002,A,33.0,33.0,0.0,COINCIDE OK
2026-07-02|COBRIZA|XRD125UFDR-002|B,2026-07-02,COBRIZA,XRD125UFDR-002,B,21.700000000000003,21.7,0.0,COINCIDE OK
2026-07-02|COBRIZA|XRD150U-008|A,2026-07-02,COBRIZA,XRD150U-008,A,0.0,0.0,0.0,COINCIDE OK
2026-07-02|COBRIZA|XRD150U-008|B,2026-07-02,COBRIZA,XRD150U-008,B,0.0,0.0,0.0,COINCIDE OK
2026-07-02|COBRIZA|XRD50UFDR-001|A,2026-07-02,COBRIZA,XRD50UFDR-001,A,10.599999999999994,10.6,-0.0,COINCIDE OK
2026-07-02|COBRIZA|XRD50UFDR-001|B,2026-07-02,COBRIZA,XRD50UFDR-001,B,0.0,0.0,0.0,COINCIDE OK
2026-07-02|COBRIZA|XRD50USS-002|A,2026-07-02,COBRIZA,XRD50USS-002,A,0.0,0.0,0.0,COINCIDE OK
2026-07-02|COBRIZA|XRD50USS-002|B,2026-07-02,COBRIZA,XRD50USS-002,B,0.0,0.0,0.0,COINCIDE OK
2026-07-02|COBRIZA|XRD80USS-006|A,2026-07-02,COBRIZA,XRD80USS-006,A,5.299999999999997,5.3,-0.0,COINCIDE OK
2026-07-02|COBRIZA|XRD80USS-006|B,2026-07-02,COBRIZA,XRD80USS-006,B,2.0,2.0,0.0,COINCIDE OK
2026-07-02|COBRIZA|XRD90U-019|A,2026-07-02,COBRIZA,XRD90U-019,A,0.0,0.0,0.0,COINCIDE OK
2026-07-02|COBRIZA|XRD90U-019|B,2026-07-02,COBRIZA,XRD90U-019,B,0.0,0.0,0.0,COINCIDE OK
2026-07-02|COLQUISIRI|XRD80USS-012|A,2026-07-02,COLQUISIRI,XRD80USS-012,A,0.0,0.0,0.0,COINCIDE OK
2026-07-02|COLQUISIRI|XRD80USS-012|B,2026-07-02,COLQUISIRI,XRD80USS-012,B,0.0,0.0,0.0,COINCIDE OK
2026-07-02|CONDESTABLE|XLM75UFDR-002|A,2026-07-02,CONDESTABLE,XLM75UFDR-002,A,13.8,13.8,0.0,COINCIDE OK
2026-07-02|CONDESTABLE|XLM75UFDR-002|B,2026-07-02,CONDESTABLE,XLM75UFDR-002,B,12.3,12.3,0.0,COINCIDE OK
2026-07-02|CONDESTABLE|XLM75UFDR-004|A,2026-07-02,CONDESTABLE,XLM75UFDR-004,A,21.6,21.6,0.0,COINCIDE OK
2026-07-02|CONDESTABLE|XLM75UFDR-004|B,2026-07-02,CONDESTABLE,XLM75UFDR-004,B,27.500000000000007,27.5,0.0,COINCIDE OK
2026-07-02|CONDESTABLE|XRD150USS-003|A,2026-07-02,CONDESTABLE,XRD150USS-003,A,0.0,0.0,0.0,COINCIDE OK
2026-07-02|CONDESTABLE|XRD150USS-003|B,2026-07-02,CONDESTABLE,XRD150USS-003,B,0.0,0.0,0.0,COINCIDE OK
2026-07-02|CONDESTABLE|XRD80ITH-001|A,2026-07-02,CONDESTABLE,XRD80ITH-001,A,34.5,34.5,0.0,COINCIDE OK
2026-07-02|CONDESTABLE|XRD80ITH-001|B,2026-07-02,CONDESTABLE,XRD80ITH-001,B,35.099999999999994,35.1,-0.0,COINCIDE OK
2026-07-02|CUCULII|XRD100ST-001|A,2026-07-02,CUCULI,XRD100ST-001,A,0.0,15.1,-15.1,SOLO EN CONTROL INTERNO
2026-07-02|CUCULII|XRD100ST-001|B,2026-07-02,CUCULI,XRD100ST-001,B,0.0,18.0,-18.0,SOLO EN CONTROL INTERNO
2026-07-02|CUCULI|XRD100ST-001|A,2026-07-02,CUCULI,XRD100ST-001,A,15.099999999999994,0.0,15.1,SOLO EN DETALLADO
2026-07-02|CUCULI|XRD100ST-001|B,2026-07-02,CUCULI,XRD100ST-001,B,18.0,0.0,18.0,SOLO EN DETALLADO
2026-07-02|INMACULADA|XLM75UFDR-001|A,2026-07-02,INMACULADA,XLM75UFDR-001,A,14.0,14.0,0.0,COINCIDE OK
2026-07-02|INMACULADA|XLM75UFDR-001|B,2026-07-02,INMACULADA,XLM75UFDR-001,B,0.0,0.0,0.0,COINCIDE OK
2026-07-02|INMACULADA|XRD150U-003|A,2026-07-02,INMACULADA,XRD150U-003,A,0.0,0.0,0.0,COINCIDE OK
2026-07-02|INMACULADA|XRD150U-003|B,2026-07-02,INMACULADA,XRD150U-003,B,0.0,0.0,0.0,COINCIDE OK
2026-07-02|INMACULADA|XRD150USS-004|A,2026-07-02,INMACULADA,XRD150USS-004,A,0.0,0.0,0.0,COINCIDE OK
2026-07-02|INMACULADA|XRD150USS-004|B,2026-07-02,INMACULADA,XRD150USS-004,B,0.0,0.0,0.0,COINCIDE OK
2026-07-02|INMACULADA|XRD250U-001|A,2026-07-02,INMACULADA,XRD250U-001,A,0.0,0.0,0.0,COINCIDE OK
2026-07-02|INMACULADA|XRD250U-001|B,2026-07-02,INMACULADA,XRD250U-001,B,6.0,6.0,0.0,COINCIDE OK
2026-07-02|INMACULADA|XRD80USS-008|A,2026-07-02,INMACULADA,XRD80USS-008,A,12.0,12.0,0.0,COINCIDE OK
2026-07-02|INMACULADA|XRD80USS-008|B,2026-07-02,INMACULADA,XRD80USS-008,B,18.5,18.5,0.0,COINCIDE OK
2026-07-02|INMACULADA|XRD90U-012|A,2026-07-02,INMACULADA,XRD90U-012,A,0.0,0.0,0.0,COINCIDE OK
2026-07-02|INMACULADA|XRD90U-012|B,2026-07-02,INMACULADA,XRD90U-012,B,0.0,0.0,0.0,COINCIDE OK
2026-07-02|INMACULADA|XRD90U-016|A,2026-07-02,INMACULADA,XRD90U-016,A,11.0,11.0,0.0,COINCIDE OK
2026-07-02|INMACULADA|XRD90U-016|B,2026-07-02,INMACULADA,XRD90U-016,B,18.30000000000001,18.3,0.0,COINCIDE OK
2026-07-02|LA ESTRELLA|XRD150U-004|A,2026-07-02,LA ESTRELLA,XRD150U-004,A,0.0,0.0,0.0,COINCIDE OK
2026-07-02|LA ESTRELLA|XRD150U-004|B,2026-07-02,LA ESTRELLA,XRD150U-004,B,0.0,0.0,0.0,COINCIDE OK
2026-07-02|LA ESTRELLA|XRD150U-006|A,2026-07-02,LA ESTRELLA,XRD150U-006,A,0.0,0.0,0.0,COINCIDE OK
2026-07-02|LA ESTRELLA|XRD150U-006|B,2026-07-02,LA ESTRELLA,XRD150U-006,B,0.0,0.0,0.0,COINCIDE OK
2026-07-02|MOROCOCHA|XRD150USS-002|A,2026-07-02,MOROCOCHA,XRD150USS-002,A,0.0,0.0,0.0,COINCIDE OK
2026-07-02|MOROCOCHA|XRD150USS-002|B,2026-07-02,MOROCOCHA,XRD150USS-002,B,0.0,0.0,0.0,COINCIDE OK
2026-07-02|MOROCOCHA|XRD80USS-011|A,2026-07-02,MOROCOCHA,XRD80USS-011,A,60.199999999999996,18.15,42.05,REPARTICION DE TURNO (DIA/NOCHE)
2026-07-02|MOROCOCHA|XRD80USS-011|B,2026-07-02,MOROCOCHA,XRD80USS-011,B,0.0,42.05,-42.05,SOLO EN CONTROL INTERNO
2026-07-02|MOROCOCHA|XRD90USS-005|A,2026-07-02,MOROCOCHA,XRD90USS-005,A,0.0,0.0,0.0,COINCIDE OK
2026-07-02|MOROCOCHA|XRD90USS-005|B,2026-07-02,MOROCOCHA,XRD90USS-005,B,0.0,0.0,0.0,COINCIDE OK
2026-07-02|RAURA|XRD150U-005|A,2026-07-02,RAURA,XRD150U-005,A,2.7600000000000198,2.76,0.0,COINCIDE OK
2026-07-02|RAURA|XRD150U-005|B,2026-07-02,RAURA,XRD150U-005,B,20.269999999999985,20.27,-0.0,COINCIDE OK
2026-07-02|RAURA|XRD150UBT-001|A,2026-07-02,RAURA,XRD150UBT-001,A,0.0,0.0,0.0,COINCIDE OK
2026-07-02|RAURA|XRD150UBT-001|B,2026-07-02,RAURA,XRD150UBT-001,B,0.0,0.0,0.0,COINCIDE OK
2026-07-02|RAURA|XRD90USS-001|A,2026-07-02,RAURA,XRD90USS-001,A,21.050000000000004,21.05,0.0,COINCIDE OK
2026-07-02|RAURA|XRD90USS-001|B,2026-07-02,RAURA,XRD90USS-001,B,28.54,28.54,0.0,COINCIDE OK
2026-07-02|RAURA|XRD90USS-004|A,2026-07-02,RAURA,XRD90USS-004,A,16.759999999999998,16.76,-0.0,COINCIDE OK
2026-07-02|RAURA|XRD90USS-004|B,2026-07-02,RAURA,XRD90USS-004,B,24.67,24.67,0.0,COINCIDE OK
2026-07-02|SAN CRISTOBAL|DE710ST-001|A,2026-07-02,SAN CRISTOBAL,DE710ST-001,A,18.6,11.5,7.1,REPARTICION DE TURNO (DIA/NOCHE)
2026-07-02|SAN CRISTOBAL|DE710ST-001|B,2026-07-02,SAN CRISTOBAL,DE710ST-001,B,0.0,7.1,-7.1,SOLO EN CONTROL INTERNO
2026-07-02|SAN CRISTOBAL|XRD90U-004|A,2026-07-02,SAN CRISTOBAL,XRD90U-004,A,10.0,10.0,0.0,COINCIDE OK
2026-07-02|SAN CRISTOBAL|XRD90U-004|B,2026-07-02,SAN CRISTOBAL,XRD90U-004,B,0.0,0.0,0.0,COINCIDE OK
2026-07-02|SAN CRISTOBAL|XRD90U-010|A,2026-07-02,SAN CRISTOBAL,XRD90U-010,A,58.849999999999994,32.9,25.95,REPARTICION DE TURNO (DIA/NOCHE)
2026-07-02|SAN CRISTOBAL|XRD90U-010|B,2026-07-02,SAN CRISTOBAL,XRD90U-010,B,0.0,25.95,-25.95,SOLO EN CONTROL INTERNO
2026-07-02|SAN CRISTOBAL|XRD90U-023|A,2026-07-02,SAN CRISTOBAL,XRD90U-023,A,39.19999999999999,24.85,14.35,REPARTICION DE TURNO (DIA/NOCHE)
2026-07-02|SAN CRISTOBAL|XRD90U-023|B,2026-07-02,SAN CRISTOBAL,XRD90U-023,B,0.0,14.35,-14.35,SOLO EN CONTROL INTERNO
2026-07-02|TICLIO|XRD150U-007|A,2026-07-02,TICLIO,XRD150U-007,A,0.0,0.0,0.0,COINCIDE OK
2026-07-02|TICLIO|XRD150U-007|B,2026-07-02,TICLIO,XRD150U-007,B,20.05,20.05,0.0,COINCIDE OK
2026-07-02|YAULIYACU|XDR50USS-00T|A,2026-07-02,YAULIYACU,XDR50USS-00T,A,37.75,37.75,0.0,COINCIDE OK
2026-07-02|YAULIYACU|XDR50USS-00T|B,2026-07-02,YAULIYACU,XDR50USS-00T,B,12.650000000000006,12.65,0.0,COINCIDE OK
2026-07-02|YAULIYACU|XRD125USS-001|A,2026-07-02,YAULIYACU,XRD125USS-001,A,0.0,0.0,0.0,COINCIDE OK
2026-07-02|YAULIYACU|XRD125USS-001|B,2026-07-02,YAULIYACU,XRD125USS-001,B,0.0,0.0,0.0,COINCIDE OK
2026-07-02|YAULIYACU|XRD50USS-003|A,2026-07-02,YAULIYACU,XRD50USS-003,A,30.15000000000001,30.15,0.0,COINCIDE OK
2026-07-02|YAULIYACU|XRD50USS-003|B,2026-07-02,YAULIYACU,XRD50USS-003,B,42.29999999999998,42.3,-0.0,COINCIDE OK
2026-07-03|AMERICANA|LM110U-001|A,2026-07-03,AMERICANA,LM110U-001,A,0.0,0.0,0.0,COINCIDE OK
2026-07-03|AMERICANA|LM110U-001|B,2026-07-03,AMERICANA,LM110U-001,B,0.0,0.0,0.0,COINCIDE OK
2026-07-03|AMERICANA|XRD50U-002|A,2026-07-03,AMERICANA,XRD50U-002,A,35.00000000000001,35.0,0.0,COINCIDE OK
2026-07-03|AMERICANA|XRD50U-002|B,2026-07-03,AMERICANA,XRD50U-002,B,35.0,35.0,0.0,COINCIDE OK
2026-07-03|AMERICANA|XRD50USS-001|A,2026-07-03,AMERICANA,XRD50USS-001,A,25.19999999999999,25.2,-0.0,COINCIDE OK
2026-07-03|AMERICANA|XRD50USS-001|B,2026-07-03,AMERICANA,XRD50USS-001,B,24.80000000000001,24.8,0.0,COINCIDE OK
2026-07-03|ANDAYCHAGUA|LF90D ST-002|A,2026-07-03,ANDAYCHAGUA,LF90D ST-002,A,39.0,39.0,0.0,COINCIDE OK
2026-07-03|ANDAYCHAGUA|LF90D ST-002|B,2026-07-03,ANDAYCHAGUA,LF90D ST-002,B,31.499999999999982,31.5,-0.0,COINCIDE OK
2026-07-03|ANDAYCHAGUA|XRD150U-001|A,2026-07-03,ANDAYCHAGUA,XRD150U-001,A,18.5,18.5,0.0,COINCIDE OK
2026-07-03|ANDAYCHAGUA|XRD150U-001|B,2026-07-03,ANDAYCHAGUA,XRD150U-001,B,6.0,6.0,0.0,COINCIDE OK
2026-07-03|ANDAYCHAGUA|XRD80USS-010|A,2026-07-03,ANDAYCHAGUA,XRD80USS-010,A,0.0,0.0,0.0,COINCIDE OK
2026-07-03|ANDAYCHAGUA|XRD80USS-010|B,2026-07-03,ANDAYCHAGUA,XRD80USS-010,B,0.0,0.0,0.0,COINCIDE OK
2026-07-03|CATALINA HUANCA|XRD100U-001|A,2026-07-03,CATALINA HUANCA,XRD100U-001,A,27.0,27.0,0.0,COINCIDE OK
2026-07-03|CATALINA HUANCA|XRD100U-001|B,2026-07-03,CATALINA HUANCA,XRD100U-001,B,24.0,24.0,0.0,COINCIDE OK
2026-07-03|CATALINA HUANCA|XRD125UFDR-001|A,2026-07-03,CATALINA HUANCA,XRD125UFDR-001,A,17.60000000000001,17.6,0.0,COINCIDE OK
2026-07-03|CATALINA HUANCA|XRD125UFDR-001|B,2026-07-03,CATALINA HUANCA,XRD125UFDR-001,B,25.90000000000001,25.9,0.0,COINCIDE OK
2026-07-03|CATALINA HUANCA|XRD50U-003|A,2026-07-03,CATALINA HUANCA,XRD50U-003,A,32.2,32.2,0.0,COINCIDE OK
2026-07-03|CATALINA HUANCA|XRD50U-003|B,2026-07-03,CATALINA HUANCA,XRD50U-003,B,13.9,13.9,0.0,COINCIDE OK
2026-07-03|CATALINA HUANCA|XRD50USS-004|A,2026-07-03,CATALINA HUANCA,XRD50USS-004,A,0.0,0.0,0.0,COINCIDE OK
2026-07-03|CATALINA HUANCA|XRD50USS-004|B,2026-07-03,CATALINA HUANCA,XRD50USS-004,B,11.6,11.6,0.0,COINCIDE OK
2026-07-03|CATALINA HUANCA|XRD90U-005|A,2026-07-03,CATALINA HUANCA,XRD90U-005,A,0.0,0.0,0.0,COINCIDE OK
2026-07-03|CATALINA HUANCA|XRD90U-005|B,2026-07-03,CATALINA HUANCA,XRD90U-005,B,0.0,0.0,0.0,COINCIDE OK
2026-07-03|CERRO|XRD150U-002|A,2026-07-03,CERRO,XRD150U-002,A,9.7,9.7,0.0,COINCIDE OK
2026-07-03|CERRO|XRD150U-002|B,2026-07-03,CERRO,XRD150U-002,B,9.2,9.2,0.0,COINCIDE OK
2026-07-03|CHUNGAR|LM110U-001|A,2026-07-03,CHUNGAR,LM110U-001,A,0.0,0.0,0.0,COINCIDE OK
2026-07-03|CHUNGAR|LM110U-001|B,2026-07-03,CHUNGAR,LM110U-001,B,0.0,0.0,0.0,COINCIDE OK
2026-07-03|CHUNGAR|LM90U-001|A,2026-07-03,CHUNGAR,LM90U-001,A,0.0,0.0,0.0,COINCIDE OK
2026-07-03|CHUNGAR|LM90U-001|B,2026-07-03,CHUNGAR,LM90U-001,B,0.0,0.0,0.0,COINCIDE OK
2026-07-03|CHUNGAR|XRD120U-001|A,2026-07-03,CHUNGAR,XRD120U-001,A,24.050000000000068,24.05,0.0,COINCIDE OK
2026-07-03|CHUNGAR|XRD120U-001|B,2026-07-03,CHUNGAR,XRD120U-001,B,21.34999999999991,21.35,-0.0,COINCIDE OK
2026-07-03|CHUNGAR|XRD90U-021|A,2026-07-03,CHUNGAR,XRD90U-021,A,0.5999999999999943,0.6,-0.0,COINCIDE OK
2026-07-03|CHUNGAR|XRD90U-021|B,2026-07-03,CHUNGAR,XRD90U-021,B,5.900000000000006,5.9,0.0,COINCIDE OK
2026-07-03|CHUNGAR|XRD90USS-003|A,2026-07-03,CHUNGAR,XRD90USS-003,A,27.7,27.7,0.0,COINCIDE OK
2026-07-03|CHUNGAR|XRD90USS-003|B,2026-07-03,CHUNGAR,XRD90USS-003,B,28.5,28.5,0.0,COINCIDE OK
2026-07-03|COBRIZA|XDR100ST-001|A,2026-07-03,COBRIZA,XDR100ST-001,A,0.0,0.0,0.0,COINCIDE OK
2026-07-03|COBRIZA|XDR100ST-001|B,2026-07-03,COBRIZA,XDR100ST-001,B,0.0,0.0,0.0,COINCIDE OK
2026-07-03|COBRIZA|XLM75UFDR-003|A,2026-07-03,COBRIZA,XLM75UFDR-003,A,23.5,23.5,0.0,COINCIDE OK
2026-07-03|COBRIZA|XLM75UFDR-003|B,2026-07-03,COBRIZA,XLM75UFDR-003,B,30.0,30.0,0.0,COINCIDE OK
2026-07-03|COBRIZA|XRD125UFDR-002|A,2026-07-03,COBRIZA,XRD125UFDR-002,A,25.8,25.8,0.0,COINCIDE OK
2026-07-03|COBRIZA|XRD125UFDR-002|B,2026-07-03,COBRIZA,XRD125UFDR-002,B,24.700000000000003,24.7,0.0,COINCIDE OK
2026-07-03|COBRIZA|XRD150U-008|A,2026-07-03,COBRIZA,XRD150U-008,A,0.0,0.0,0.0,COINCIDE OK
2026-07-03|COBRIZA|XRD150U-008|B,2026-07-03,COBRIZA,XRD150U-008,B,0.0,0.0,0.0,COINCIDE OK
2026-07-03|COBRIZA|XRD50UFDR-001|A,2026-07-03,COBRIZA,XRD50UFDR-001,A,0.0,0.0,0.0,COINCIDE OK
2026-07-03|COBRIZA|XRD50UFDR-001|B,2026-07-03,COBRIZA,XRD50UFDR-001,B,32.4,32.4,0.0,COINCIDE OK
2026-07-03|COBRIZA|XRD50USS-002|A,2026-07-03,COBRIZA,XRD50USS-002,A,0.0,0.0,0.0,COINCIDE OK
2026-07-03|COBRIZA|XRD50USS-002|B,2026-07-03,COBRIZA,XRD50USS-002,B,0.0,0.0,0.0,COINCIDE OK
2026-07-03|COBRIZA|XRD80USS-006|A,2026-07-03,COBRIZA,XRD80USS-006,A,13.700000000000005,13.7,0.0,COINCIDE OK
2026-07-03|COBRIZA|XRD80USS-006|B,2026-07-03,COBRIZA,XRD80USS-006,B,6.1000000000000085,6.1,0.0,COINCIDE OK
2026-07-03|COBRIZA|XRD90U-019|A,2026-07-03,COBRIZA,XRD90U-019,A,0.0,0.0,0.0,COINCIDE OK
2026-07-03|COBRIZA|XRD90U-019|B,2026-07-03,COBRIZA,XRD90U-019,B,0.0,0.0,0.0,COINCIDE OK
2026-07-03|COLQUISIRI|XRD80USS-012|A,2026-07-03,COLQUISIRI,XRD80USS-012,A,16.4,16.4,0.0,COINCIDE OK
2026-07-03|COLQUISIRI|XRD80USS-012|B,2026-07-03,COLQUISIRI,XRD80USS-012,B,38.0,38.0,0.0,COINCIDE OK
2026-07-03|CONDESTABLE|XLM75UFDR-002|A,2026-07-03,CONDESTABLE,XLM75UFDR-002,A,17.6,17.6,0.0,COINCIDE OK
2026-07-03|CONDESTABLE|XLM75UFDR-002|B,2026-07-03,CONDESTABLE,XLM75UFDR-002,B,27.89999999999999,27.9,-0.0,COINCIDE OK
2026-07-03|CONDESTABLE|XLM75UFDR-004|A,2026-07-03,CONDESTABLE,XLM75UFDR-004,A,7.5,7.5,0.0,COINCIDE OK
2026-07-03|CONDESTABLE|XLM75UFDR-004|B,2026-07-03,CONDESTABLE,XLM75UFDR-004,B,1.5,1.5,0.0,COINCIDE OK
2026-07-03|CONDESTABLE|XRD150USS-003|A,2026-07-03,CONDESTABLE,XRD150USS-003,A,0.0,0.0,0.0,COINCIDE OK
2026-07-03|CONDESTABLE|XRD150USS-003|B,2026-07-03,CONDESTABLE,XRD150USS-003,B,0.0,0.0,0.0,COINCIDE OK
2026-07-03|CONDESTABLE|XRD80ITH-001|A,2026-07-03,CONDESTABLE,XRD80ITH-001,A,0.0,0.0,0.0,COINCIDE OK
2026-07-03|CONDESTABLE|XRD80ITH-001|B,2026-07-03,CONDESTABLE,XRD80ITH-001,B,0.0,0.0,0.0,COINCIDE OK
2026-07-03|CUCULII|XRD100ST-001|A,2026-07-03,CUCULI,XRD100ST-001,A,0.0,21.0,-21.0,SOLO EN CONTROL INTERNO
2026-07-03|CUCULII|XRD100ST-001|B,2026-07-03,CUCULI,XRD100ST-001,B,0.0,0.0,0.0,COINCIDE OK
2026-07-03|CUCULI|XRD100ST-001|A,2026-07-03,CUCULI,XRD100ST-001,A,21.0,0.0,21.0,SOLO EN DETALLADO
2026-07-03|CUCULI|XRD100ST-001|B,2026-07-03,CUCULI,XRD100ST-001,B,0.0,0.0,0.0,COINCIDE OK
2026-07-03|INMACULADA|XLM75UFDR-001|A,2026-07-03,INMACULADA,XLM75UFDR-001,A,33.0,3.0,30.0,REPARTICION DE TURNO (DIA/NOCHE)
2026-07-03|INMACULADA|XLM75UFDR-001|B,2026-07-03,INMACULADA,XLM75UFDR-001,B,0.0,30.0,-30.0,SOLO EN CONTROL INTERNO
2026-07-03|INMACULADA|XRD150U-003|A,2026-07-03,INMACULADA,XRD150U-003,A,0.0,0.0,0.0,COINCIDE OK
2026-07-03|INMACULADA|XRD150U-003|B,2026-07-03,INMACULADA,XRD150U-003,B,0.0,0.0,0.0,COINCIDE OK
2026-07-03|INMACULADA|XRD150USS-004|A,2026-07-03,INMACULADA,XRD150USS-004,A,0.0,0.0,0.0,COINCIDE OK
2026-07-03|INMACULADA|XRD150USS-004|B,2026-07-03,INMACULADA,XRD150USS-004,B,0.0,0.0,0.0,COINCIDE OK
2026-07-03|INMACULADA|XRD250U-001|A,2026-07-03,INMACULADA,XRD250U-001,A,10.9,0.0,10.9,SOLO EN DETALLADO
2026-07-03|INMACULADA|XRD250U-001|B,2026-07-03,INMACULADA,XRD250U-001,B,0.0,10.9,-10.9,SOLO EN CONTROL INTERNO
2026-07-03|INMACULADA|XRD80USS-008|A,2026-07-03,INMACULADA,XRD80USS-008,A,12.5,7.0,5.5,REPARTICION DE TURNO (DIA/NOCHE)
2026-07-03|INMACULADA|XRD80USS-008|B,2026-07-03,INMACULADA,XRD80USS-008,B,0.0,5.5,-5.5,SOLO EN CONTROL INTERNO
2026-07-03|INMACULADA|XRD90U-012|A,2026-07-03,INMACULADA,XRD90U-012,A,0.0,0.0,0.0,COINCIDE OK
2026-07-03|INMACULADA|XRD90U-012|B,2026-07-03,INMACULADA,XRD90U-012,B,0.0,0.0,0.0,COINCIDE OK
2026-07-03|INMACULADA|XRD90U-016|A,2026-07-03,INMACULADA,XRD90U-016,A,23.5,3.4,20.1,REPARTICION DE TURNO (DIA/NOCHE)
2026-07-03|INMACULADA|XRD90U-016|B,2026-07-03,INMACULADA,XRD90U-016,B,0.0,20.1,-20.1,SOLO EN CONTROL INTERNO
2026-07-03|LA ESTRELLA|XRD150U-004|A,2026-07-03,LA ESTRELLA,XRD150U-004,A,0.0,0.0,0.0,COINCIDE OK
2026-07-03|LA ESTRELLA|XRD150U-004|B,2026-07-03,LA ESTRELLA,XRD150U-004,B,0.0,0.0,0.0,COINCIDE OK
2026-07-03|LA ESTRELLA|XRD150U-006|A,2026-07-03,LA ESTRELLA,XRD150U-006,A,0.0,0.0,0.0,COINCIDE OK
2026-07-03|LA ESTRELLA|XRD150U-006|B,2026-07-03,LA ESTRELLA,XRD150U-006,B,0.0,0.0,0.0,COINCIDE OK
2026-07-03|MOROCOCHA|XRD150USS-002|A,2026-07-03,MOROCOCHA,XRD150USS-002,A,0.0,0.0,0.0,COINCIDE OK
2026-07-03|MOROCOCHA|XRD150USS-002|B,2026-07-03,MOROCOCHA,XRD150USS-002,B,0.0,0.0,0.0,COINCIDE OK
2026-07-03|MOROCOCHA|XRD80USS-011|A,2026-07-03,MOROCOCHA,XRD80USS-011,A,27.05,27.05,0.0,COINCIDE OK
2026-07-03|MOROCOCHA|XRD80USS-011|B,2026-07-03,MOROCOCHA,XRD80USS-011,B,36.1,36.1,0.0,COINCIDE OK
2026-07-03|MOROCOCHA|XRD90USS-005|A,2026-07-03,MOROCOCHA,XRD90USS-005,A,0.0,0.0,0.0,COINCIDE OK
2026-07-03|MOROCOCHA|XRD90USS-005|B,2026-07-03,MOROCOCHA,XRD90USS-005,B,0.0,0.0,0.0,COINCIDE OK
2026-07-03|RAURA|XRD150U-005|A,2026-07-03,RAURA,XRD150U-005,A,21.340000000000003,21.34,0.0,COINCIDE OK
2026-07-03|RAURA|XRD150U-005|B,2026-07-03,RAURA,XRD150U-005,B,16.410000000000025,16.41,0.0,COINCIDE OK
2026-07-03|RAURA|XRD150UBT-001|A,2026-07-03,RAURA,XRD150UBT-001,A,0.0,0.0,0.0,COINCIDE OK
2026-07-03|RAURA|XRD150UBT-001|B,2026-07-03,RAURA,XRD150UBT-001,B,0.0,0.0,0.0,COINCIDE OK
2026-07-03|RAURA|XRD90USS-001|A,2026-07-03,RAURA,XRD90USS-001,A,12.969999999999997,12.97,-0.0,COINCIDE OK
2026-07-03|RAURA|XRD90USS-001|B,2026-07-03,RAURA,XRD90USS-001,B,21.340000000000003,21.34,0.0,COINCIDE OK
2026-07-03|RAURA|XRD90USS-004|A,2026-07-03,RAURA,XRD90USS-004,A,9.72,9.72,0.0,COINCIDE OK
2026-07-03|RAURA|XRD90USS-004|B,2026-07-03,RAURA,XRD90USS-004,B,31.28,31.28,0.0,COINCIDE OK
2026-07-03|SAN CRISTOBAL|DE710ST-001|A,2026-07-03,SAN CRISTOBAL,DE710ST-001,A,28.1,6.5,21.6,REPARTICION DE TURNO (DIA/NOCHE)
2026-07-03|SAN CRISTOBAL|DE710ST-001|B,2026-07-03,SAN CRISTOBAL,DE710ST-001,B,0.0,21.6,-21.6,SOLO EN CONTROL INTERNO
2026-07-03|SAN CRISTOBAL|XRD90U-004|A,2026-07-03,SAN CRISTOBAL,XRD90U-004,A,70.6,36.0,34.6,REPARTICION DE TURNO (DIA/NOCHE)
2026-07-03|SAN CRISTOBAL|XRD90U-004|B,2026-07-03,SAN CRISTOBAL,XRD90U-004,B,0.0,34.6,-34.6,SOLO EN CONTROL INTERNO
2026-07-03|SAN CRISTOBAL|XRD90U-010|A,2026-07-03,SAN CRISTOBAL,XRD90U-010,A,51.05000000000001,25.25,25.8,REPARTICION DE TURNO (DIA/NOCHE)
2026-07-03|SAN CRISTOBAL|XRD90U-010|B,2026-07-03,SAN CRISTOBAL,XRD90U-010,B,0.0,25.8,-25.8,SOLO EN CONTROL INTERNO
2026-07-03|SAN CRISTOBAL|XRD90U-023|A,2026-07-03,SAN CRISTOBAL,XRD90U-023,A,13.200000000000017,4.2,9.0,REPARTICION DE TURNO (DIA/NOCHE)
2026-07-03|SAN CRISTOBAL|XRD90U-023|B,2026-07-03,SAN CRISTOBAL,XRD90U-023,B,0.0,9.0,-9.0,SOLO EN CONTROL INTERNO
2026-07-03|TICLIO|XRD150U-007|A,2026-07-03,TICLIO,XRD150U-007,A,25.500000000000007,25.5,0.0,COINCIDE OK
2026-07-03|TICLIO|XRD150U-007|B,2026-07-03,TICLIO,XRD150U-007,B,14.549999999999995,14.55,-0.0,COINCIDE OK
2026-07-03|YAULIYACU|XDR50USS-00T|A,2026-07-03,YAULIYACU,XDR50USS-00T,A,23.3,23.3,0.0,COINCIDE OK
2026-07-03|YAULIYACU|XDR50USS-00T|B,2026-07-03,YAULIYACU,XDR50USS-00T,B,0.0,0.0,0.0,COINCIDE OK
2026-07-03|YAULIYACU|XRD125USS-001|A,2026-07-03,YAULIYACU,XRD125USS-001,A,10.300000000000011,10.3,0.0,COINCIDE OK
2026-07-03|YAULIYACU|XRD125USS-001|B,2026-07-03,YAULIYACU,XRD125USS-001,B,0.0,0.0,0.0,COINCIDE OK
2026-07-03|YAULIYACU|XRD50USS-003|A,2026-07-03,YAULIYACU,XRD50USS-003,A,15.650000000000006,15.65,0.0,COINCIDE OK
2026-07-03|YAULIYACU|XRD50USS-003|B,2026-07-03,YAULIYACU,XRD50USS-003,B,23.450000000000017,23.45,0.0,COINCIDE OK
2026-07-04|AMERICANA|LM110U-001|A,2026-07-04,AMERICANA,LM110U-001,A,0.0,0.0,0.0,COINCIDE OK
2026-07-04|AMERICANA|LM110U-001|B,2026-07-04,AMERICANA,LM110U-001,B,0.0,0.0,0.0,COINCIDE OK
2026-07-04|AMERICANA|XRD50U-002|A,2026-07-04,AMERICANA,XRD50U-002,A,28.0,28.0,0.0,COINCIDE OK
2026-07-04|AMERICANA|XRD50U-002|B,2026-07-04,AMERICANA,XRD50U-002,B,35.0,35.0,0.0,COINCIDE OK
2026-07-04|AMERICANA|XRD50USS-001|A,2026-07-04,AMERICANA,XRD50USS-001,A,35.0,35.0,0.0,COINCIDE OK
2026-07-04|AMERICANA|XRD50USS-001|B,2026-07-04,AMERICANA,XRD50USS-001,B,35.0,35.0,0.0,COINCIDE OK
2026-07-04|ANDAYCHAGUA|LF90D ST-002|A,2026-07-04,ANDAYCHAGUA,LF90D ST-002,A,36.900000000000006,36.9,0.0,COINCIDE OK
2026-07-04|ANDAYCHAGUA|LF90D ST-002|B,2026-07-04,ANDAYCHAGUA,LF90D ST-002,B,2.25,2.25,0.0,COINCIDE OK
2026-07-04|ANDAYCHAGUA|XRD150U-001|A,2026-07-04,ANDAYCHAGUA,XRD150U-001,A,23.30000000000001,23.3,0.0,COINCIDE OK
2026-07-04|ANDAYCHAGUA|XRD150U-001|B,2026-07-04,ANDAYCHAGUA,XRD150U-001,B,18.649999999999977,18.65,-0.0,COINCIDE OK
2026-07-04|ANDAYCHAGUA|XRD80USS-010|A,2026-07-04,ANDAYCHAGUA,XRD80USS-010,A,0.0,0.0,0.0,COINCIDE OK
2026-07-04|ANDAYCHAGUA|XRD80USS-010|B,2026-07-04,ANDAYCHAGUA,XRD80USS-010,B,1.5,1.5,0.0,COINCIDE OK
2026-07-04|CATALINA HUANCA|XRD100U-001|A,2026-07-04,CATALINA HUANCA,XRD100U-001,A,9.0,9.0,0.0,COINCIDE OK
2026-07-04|CATALINA HUANCA|XRD100U-001|B,2026-07-04,CATALINA HUANCA,XRD100U-001,B,17.99999999999997,18.0,-0.0,COINCIDE OK
2026-07-04|CATALINA HUANCA|XRD125UFDR-001|A,2026-07-04,CATALINA HUANCA,XRD125UFDR-001,A,4.399999999999977,4.4,-0.0,COINCIDE OK
2026-07-04|CATALINA HUANCA|XRD125UFDR-001|B,2026-07-04,CATALINA HUANCA,XRD125UFDR-001,B,0.0,0.0,0.0,COINCIDE OK
2026-07-04|CATALINA HUANCA|XRD50U-003|A,2026-07-04,CATALINA HUANCA,XRD50U-003,A,33.900000000000006,33.9,0.0,COINCIDE OK
2026-07-04|CATALINA HUANCA|XRD50U-003|B,2026-07-04,CATALINA HUANCA,XRD50U-003,B,30.39999999999999,30.4,-0.0,COINCIDE OK
2026-07-04|CATALINA HUANCA|XRD50USS-004|A,2026-07-04,CATALINA HUANCA,XRD50USS-004,A,19.8,19.8,0.0,COINCIDE OK
2026-07-04|CATALINA HUANCA|XRD50USS-004|B,2026-07-04,CATALINA HUANCA,XRD50USS-004,B,22.6,22.6,0.0,COINCIDE OK
2026-07-04|CATALINA HUANCA|XRD90U-005|A,2026-07-04,CATALINA HUANCA,XRD90U-005,A,2.5,2.5,0.0,COINCIDE OK
2026-07-04|CATALINA HUANCA|XRD90U-005|B,2026-07-04,CATALINA HUANCA,XRD90U-005,B,36.0,36.0,0.0,COINCIDE OK
2026-07-04|CERRO|XRD150U-002|A,2026-07-04,CERRO,XRD150U-002,A,2.8000000000000043,2.8,0.0,COINCIDE OK
2026-07-04|CERRO|XRD150U-002|B,2026-07-04,CERRO,XRD150U-002,B,3.3999999999999986,3.4,-0.0,COINCIDE OK
2026-07-04|CHUNGAR|LM110U-001|A,2026-07-04,CHUNGAR,LM110U-001,A,0.0,0.0,0.0,COINCIDE OK
2026-07-04|CHUNGAR|LM110U-001|B,2026-07-04,CHUNGAR,LM110U-001,B,0.0,0.0,0.0,COINCIDE OK
2026-07-04|CHUNGAR|LM90U-001|A,2026-07-04,CHUNGAR,LM90U-001,A,0.0,0.0,0.0,COINCIDE OK
2026-07-04|CHUNGAR|LM90U-001|B,2026-07-04,CHUNGAR,LM90U-001,B,0.0,0.0,0.0,COINCIDE OK
2026-07-04|CHUNGAR|XRD120U-001|A,2026-07-04,CHUNGAR,XRD120U-001,A,18.0,18.0,0.0,COINCIDE OK
2026-07-04|CHUNGAR|XRD120U-001|B,2026-07-04,CHUNGAR,XRD120U-001,B,21.0,21.0,0.0,COINCIDE OK
2026-07-04|CHUNGAR|XRD90U-021|A,2026-07-04,CHUNGAR,XRD90U-021,A,0.0,0.0,0.0,COINCIDE OK
2026-07-04|CHUNGAR|XRD90U-021|B,2026-07-04,CHUNGAR,XRD90U-021,B,0.0,0.0,0.0,COINCIDE OK
2026-07-04|CHUNGAR|XRD90USS-003|A,2026-07-04,CHUNGAR,XRD90USS-003,A,17.900000000000006,17.9,0.0,COINCIDE OK
2026-07-04|CHUNGAR|XRD90USS-003|B,2026-07-04,CHUNGAR,XRD90USS-003,B,15.849999999999994,15.85,-0.0,COINCIDE OK
2026-07-04|COBRIZA|XDR100ST-001|A,2026-07-04,COBRIZA,XDR100ST-001,A,0.0,0.0,0.0,COINCIDE OK
2026-07-04|COBRIZA|XDR100ST-001|B,2026-07-04,COBRIZA,XDR100ST-001,B,0.0,0.0,0.0,COINCIDE OK
2026-07-04|COBRIZA|XLM75UFDR-003|A,2026-07-04,COBRIZA,XLM75UFDR-003,A,28.5,28.5,0.0,COINCIDE OK
2026-07-04|COBRIZA|XLM75UFDR-003|B,2026-07-04,COBRIZA,XLM75UFDR-003,B,26.599999999999994,26.6,-0.0,COINCIDE OK
2026-07-04|COBRIZA|XRD125UFDR-002|A,2026-07-04,COBRIZA,XRD125UFDR-002,A,22.0,22.0,0.0,COINCIDE OK
2026-07-04|COBRIZA|XRD125UFDR-002|B,2026-07-04,COBRIZA,XRD125UFDR-002,B,11.099999999999994,11.1,-0.0,COINCIDE OK
2026-07-04|COBRIZA|XRD150U-008|A,2026-07-04,COBRIZA,XRD150U-008,A,0.0,0.0,0.0,COINCIDE OK
2026-07-04|COBRIZA|XRD150U-008|B,2026-07-04,COBRIZA,XRD150U-008,B,0.0,0.0,0.0,COINCIDE OK
2026-07-04|COBRIZA|XRD50UFDR-001|A,2026-07-04,COBRIZA,XRD50UFDR-001,A,36.7,36.7,0.0,COINCIDE OK
2026-07-04|COBRIZA|XRD50UFDR-001|B,2026-07-04,COBRIZA,XRD50UFDR-001,B,23.8,23.8,0.0,COINCIDE OK
2026-07-04|COBRIZA|XRD50USS-002|A,2026-07-04,COBRIZA,XRD50USS-002,A,0.0,0.0,0.0,COINCIDE OK
2026-07-04|COBRIZA|XRD50USS-002|B,2026-07-04,COBRIZA,XRD50USS-002,B,0.0,0.0,0.0,COINCIDE OK
2026-07-04|COBRIZA|XRD80USS-006|A,2026-07-04,COBRIZA,XRD80USS-006,A,10.599999999999994,10.6,-0.0,COINCIDE OK
2026-07-04|COBRIZA|XRD80USS-006|B,2026-07-04,COBRIZA,XRD80USS-006,B,13.099999999999994,13.1,-0.0,COINCIDE OK
2026-07-04|COBRIZA|XRD90U-019|A,2026-07-04,COBRIZA,XRD90U-019,A,0.0,0.0,0.0,COINCIDE OK
2026-07-04|COBRIZA|XRD90U-019|B,2026-07-04,COBRIZA,XRD90U-019,B,0.0,0.0,0.0,COINCIDE OK
2026-07-04|COLQUISIRI|XRD80USS-012|A,2026-07-04,COLQUISIRI,XRD80USS-012,A,39.2,39.2,0.0,COINCIDE OK
2026-07-04|COLQUISIRI|XRD80USS-012|B,2026-07-04,COLQUISIRI,XRD80USS-012,B,23.0,23.0,0.0,COINCIDE OK
2026-07-04|CONDESTABLE|XLM75UFDR-002|A,2026-07-04,CONDESTABLE,XLM75UFDR-002,A,24.30000000000001,24.3,0.0,COINCIDE OK
2026-07-04|CONDESTABLE|XLM75UFDR-002|B,2026-07-04,CONDESTABLE,XLM75UFDR-002,B,14.899999999999991,14.9,-0.0,COINCIDE OK
2026-07-04|CONDESTABLE|XLM75UFDR-004|A,2026-07-04,CONDESTABLE,XLM75UFDR-004,A,23.2,23.2,0.0,COINCIDE OK
2026-07-04|CONDESTABLE|XLM75UFDR-004|B,2026-07-04,CONDESTABLE,XLM75UFDR-004,B,18.7,18.7,0.0,COINCIDE OK
2026-07-04|CONDESTABLE|XRD150USS-003|A,2026-07-04,CONDESTABLE,XRD150USS-003,A,0.0,0.0,0.0,COINCIDE OK
2026-07-04|CONDESTABLE|XRD150USS-003|B,2026-07-04,CONDESTABLE,XRD150USS-003,B,0.0,0.0,0.0,COINCIDE OK
2026-07-04|CONDESTABLE|XRD80ITH-001|A,2026-07-04,CONDESTABLE,XRD80ITH-001,A,0.0,0.0,0.0,COINCIDE OK
2026-07-04|CONDESTABLE|XRD80ITH-001|B,2026-07-04,CONDESTABLE,XRD80ITH-001,B,40.0,40.0,0.0,COINCIDE OK
2026-07-04|CUCULII|XRD100ST-001|A,2026-07-04,CUCULI,XRD100ST-001,A,0.0,0.0,0.0,COINCIDE OK
2026-07-04|CUCULII|XRD100ST-001|B,2026-07-04,CUCULI,XRD100ST-001,B,0.0,8.2,-8.2,SOLO EN CONTROL INTERNO
2026-07-04|CUCULI|XRD100ST-001|A,2026-07-04,CUCULI,XRD100ST-001,A,0.0,0.0,0.0,COINCIDE OK
2026-07-04|CUCULI|XRD100ST-001|B,2026-07-04,CUCULI,XRD100ST-001,B,8.2,0.0,8.2,SOLO EN DETALLADO
2026-07-04|INMACULADA|XLM75UFDR-001|A,2026-07-04,INMACULADA,XLM75UFDR-001,A,24.0,10.5,13.5,REPARTICION DE TURNO (DIA/NOCHE)
2026-07-04|INMACULADA|XLM75UFDR-001|B,2026-07-04,INMACULADA,XLM75UFDR-001,B,0.0,13.5,-13.5,SOLO EN CONTROL INTERNO
2026-07-04|INMACULADA|XRD150U-003|A,2026-07-04,INMACULADA,XRD150U-003,A,0.0,0.0,0.0,COINCIDE OK
2026-07-04|INMACULADA|XRD150U-003|B,2026-07-04,INMACULADA,XRD150U-003,B,0.0,0.0,0.0,COINCIDE OK
2026-07-04|INMACULADA|XRD150USS-004|A,2026-07-04,INMACULADA,XRD150USS-004,A,0.0,0.0,0.0,COINCIDE OK
2026-07-04|INMACULADA|XRD150USS-004|B,2026-07-04,INMACULADA,XRD150USS-004,B,0.0,0.0,0.0,COINCIDE OK
2026-07-04|INMACULADA|XRD250U-001|A,2026-07-04,INMACULADA,XRD250U-001,A,31.1,15.6,15.5,REPARTICION DE TURNO (DIA/NOCHE)
2026-07-04|INMACULADA|XRD250U-001|B,2026-07-04,INMACULADA,XRD250U-001,B,0.0,15.5,-15.5,SOLO EN CONTROL INTERNO
2026-07-04|INMACULADA|XRD80USS-008|A,2026-07-04,INMACULADA,XRD80USS-008,A,43.5,4.0,39.5,REPARTICION DE TURNO (DIA/NOCHE)
2026-07-04|INMACULADA|XRD80USS-008|B,2026-07-04,INMACULADA,XRD80USS-008,B,0.0,39.5,-39.5,SOLO EN CONTROL INTERNO
2026-07-04|INMACULADA|XRD90U-012|A,2026-07-04,INMACULADA,XRD90U-012,A,0.0,0.0,0.0,COINCIDE OK
2026-07-04|INMACULADA|XRD90U-012|B,2026-07-04,INMACULADA,XRD90U-012,B,0.0,0.0,0.0,COINCIDE OK
2026-07-04|INMACULADA|XRD90U-016|A,2026-07-04,INMACULADA,XRD90U-016,A,15.599999999999994,15.6,-0.0,COINCIDE OK
2026-07-04|INMACULADA|XRD90U-016|B,2026-07-04,INMACULADA,XRD90U-016,B,0.0,0.0,0.0,COINCIDE OK
2026-07-04|LA ESTRELLA|XRD150U-004|A,2026-07-04,LA ESTRELLA,XRD150U-004,A,0.0,0.0,0.0,COINCIDE OK
2026-07-04|LA ESTRELLA|XRD150U-004|B,2026-07-04,LA ESTRELLA,XRD150U-004,B,0.0,0.0,0.0,COINCIDE OK
2026-07-04|LA ESTRELLA|XRD150U-006|A,2026-07-04,LA ESTRELLA,XRD150U-006,A,0.0,0.0,0.0,COINCIDE OK
2026-07-04|LA ESTRELLA|XRD150U-006|B,2026-07-04,LA ESTRELLA,XRD150U-006,B,0.0,0.0,0.0,COINCIDE OK
2026-07-04|MOROCOCHA|XRD150USS-002|A,2026-07-04,MOROCOCHA,XRD150USS-002,A,0.0,0.0,0.0,COINCIDE OK
2026-07-04|MOROCOCHA|XRD150USS-002|B,2026-07-04,MOROCOCHA,XRD150USS-002,B,0.0,0.0,0.0,COINCIDE OK
2026-07-04|MOROCOCHA|XRD80USS-011|A,2026-07-04,MOROCOCHA,XRD80USS-011,A,26.15000000000001,26.15,0.0,COINCIDE OK
2026-07-04|MOROCOCHA|XRD80USS-011|B,2026-07-04,MOROCOCHA,XRD80USS-011,B,31.099999999999994,31.1,-0.0,COINCIDE OK
2026-07-04|MOROCOCHA|XRD90USS-005|A,2026-07-04,MOROCOCHA,XRD90USS-005,A,0.0,0.0,0.0,COINCIDE OK
2026-07-04|MOROCOCHA|XRD90USS-005|B,2026-07-04,MOROCOCHA,XRD90USS-005,B,0.0,0.0,0.0,COINCIDE OK
2026-07-04|RAURA|XRD150U-005|A,2026-07-04,RAURA,XRD150U-005,A,7.279999999999973,7.28,-0.0,COINCIDE OK
2026-07-04|RAURA|XRD150U-005|B,2026-07-04,RAURA,XRD150U-005,B,16.670000000000016,16.67,0.0,COINCIDE OK
2026-07-04|RAURA|XRD150UBT-001|A,2026-07-04,RAURA,XRD150UBT-001,A,0.0,0.0,0.0,COINCIDE OK
2026-07-04|RAURA|XRD150UBT-001|B,2026-07-04,RAURA,XRD150UBT-001,B,0.0,0.0,0.0,COINCIDE OK
2026-07-04|RAURA|XRD90USS-001|A,2026-07-04,RAURA,XRD90USS-001,A,13.349999999999998,13.35,-0.0,COINCIDE OK
2026-07-04|RAURA|XRD90USS-001|B,2026-07-04,RAURA,XRD90USS-001,B,15.840000000000003,15.84,0.0,COINCIDE OK
2026-07-04|RAURA|XRD90USS-004|A,2026-07-04,RAURA,XRD90USS-004,A,0.0,0.0,0.0,COINCIDE OK
2026-07-04|RAURA|XRD90USS-004|B,2026-07-04,RAURA,XRD90USS-004,B,29.239999999999995,29.24,-0.0,COINCIDE OK
2026-07-04|SAN CRISTOBAL|DE710ST-001|A,2026-07-04,SAN CRISTOBAL,DE710ST-001,A,34.099999999999994,9.4,24.7,REPARTICION DE TURNO (DIA/NOCHE)
2026-07-04|SAN CRISTOBAL|DE710ST-001|B,2026-07-04,SAN CRISTOBAL,DE710ST-001,B,0.0,24.7,-24.7,SOLO EN CONTROL INTERNO
2026-07-04|SAN CRISTOBAL|XRD90U-004|A,2026-07-04,SAN CRISTOBAL,XRD90U-004,A,69.4,35.4,34.0,REPARTICION DE TURNO (DIA/NOCHE)
2026-07-04|SAN CRISTOBAL|XRD90U-004|B,2026-07-04,SAN CRISTOBAL,XRD90U-004,B,0.0,34.0,-34.0,SOLO EN CONTROL INTERNO
2026-07-04|SAN CRISTOBAL|XRD90U-010|A,2026-07-04,SAN CRISTOBAL,XRD90U-010,A,43.19999999999999,17.25,25.95,REPARTICION DE TURNO (DIA/NOCHE)
2026-07-04|SAN CRISTOBAL|XRD90U-010|B,2026-07-04,SAN CRISTOBAL,XRD90U-010,B,0.0,25.95,-25.95,SOLO EN CONTROL INTERNO
2026-07-04|SAN CRISTOBAL|XRD90U-023|A,2026-07-04,SAN CRISTOBAL,XRD90U-023,A,5.449999999999989,3.4,2.05,REPARTICION DE TURNO (DIA/NOCHE)
2026-07-04|SAN CRISTOBAL|XRD90U-023|B,2026-07-04,SAN CRISTOBAL,XRD90U-023,B,0.0,2.05,-2.05,SOLO EN CONTROL INTERNO
2026-07-04|TICLIO|XRD150U-007|A,2026-07-04,TICLIO,XRD150U-007,A,25.55,25.55,0.0,COINCIDE OK
2026-07-04|TICLIO|XRD150U-007|B,2026-07-04,TICLIO,XRD150U-007,B,31.44999999999999,31.45,-0.0,COINCIDE OK
2026-07-04|YAULIYACU|XDR50USS-00T|A,2026-07-04,YAULIYACU,XDR50USS-00T,A,19.55,19.55,0.0,COINCIDE OK
2026-07-04|YAULIYACU|XDR50USS-00T|B,2026-07-04,YAULIYACU,XDR50USS-00T,B,30.75,30.75,0.0,COINCIDE OK
2026-07-04|YAULIYACU|XRD125USS-001|A,2026-07-04,YAULIYACU,XRD125USS-001,A,6.25,6.25,0.0,COINCIDE OK
2026-07-04|YAULIYACU|XRD125USS-001|B,2026-07-04,YAULIYACU,XRD125USS-001,B,0.0,0.0,0.0,COINCIDE OK
2026-07-04|YAULIYACU|XRD50USS-003|A,2026-07-04,YAULIYACU,XRD50USS-003,A,7.25,7.25,0.0,COINCIDE OK
2026-07-04|YAULIYACU|XRD50USS-003|B,2026-07-04,YAULIYACU,XRD50USS-003,B,7.5,7.5,0.0,COINCIDE OK
2026-07-05|AMERICANA|LM110U-001|A,2026-07-05,AMERICANA,LM110U-001,A,0.0,0.0,0.0,COINCIDE OK
2026-07-05|AMERICANA|LM110U-001|B,2026-07-05,AMERICANA,LM110U-001,B,0.0,0.0,0.0,COINCIDE OK
2026-07-05|AMERICANA|XRD50U-002|A,2026-07-05,AMERICANA,XRD50U-002,A,3.0999999999999943,3.1,-0.0,COINCIDE OK
2026-07-05|AMERICANA|XRD50U-002|B,2026-07-05,AMERICANA,XRD50U-002,B,7.5,7.5,0.0,COINCIDE OK
2026-07-05|AMERICANA|XRD50USS-001|A,2026-07-05,AMERICANA,XRD50USS-001,A,17.099999999999994,17.1,-0.0,COINCIDE OK
2026-07-05|AMERICANA|XRD50USS-001|B,2026-07-05,AMERICANA,XRD50USS-001,B,0.0,0.0,0.0,COINCIDE OK
2026-07-05|ANDAYCHAGUA|LF90D ST-002|A,2026-07-05,ANDAYCHAGUA,LF90D ST-002,A,25.15000000000001,25.15,0.0,COINCIDE OK
2026-07-05|ANDAYCHAGUA|LF90D ST-002|B,2026-07-05,ANDAYCHAGUA,LF90D ST-002,B,0.0,0.0,0.0,COINCIDE OK
2026-07-05|ANDAYCHAGUA|XRD150U-001|A,2026-07-05,ANDAYCHAGUA,XRD150U-001,A,17.850000000000023,17.85,0.0,COINCIDE OK
2026-07-05|ANDAYCHAGUA|XRD150U-001|B,2026-07-05,ANDAYCHAGUA,XRD150U-001,B,14.449999999999989,14.45,-0.0,COINCIDE OK
2026-07-05|ANDAYCHAGUA|XRD80USS-010|A,2026-07-05,ANDAYCHAGUA,XRD80USS-010,A,6.5,6.5,0.0,COINCIDE OK
2026-07-05|ANDAYCHAGUA|XRD80USS-010|B,2026-07-05,ANDAYCHAGUA,XRD80USS-010,B,17.0,17.0,0.0,COINCIDE OK
2026-07-05|CATALINA HUANCA|XRD100U-001|A,2026-07-05,CATALINA HUANCA,XRD100U-001,A,0.0,0.0,0.0,COINCIDE OK
2026-07-05|CATALINA HUANCA|XRD100U-001|B,2026-07-05,CATALINA HUANCA,XRD100U-001,B,0.0,0.0,0.0,COINCIDE OK
2026-07-05|CATALINA HUANCA|XRD125UFDR-001|A,2026-07-05,CATALINA HUANCA,XRD125UFDR-001,A,0.0,0.0,0.0,COINCIDE OK
2026-07-05|CATALINA HUANCA|XRD125UFDR-001|B,2026-07-05,CATALINA HUANCA,XRD125UFDR-001,B,17.8,17.8,0.0,COINCIDE OK
2026-07-05|CATALINA HUANCA|XRD50U-003|A,2026-07-05,CATALINA HUANCA,XRD50U-003,A,0.0,0.0,0.0,COINCIDE OK
2026-07-05|CATALINA HUANCA|XRD50U-003|B,2026-07-05,CATALINA HUANCA,XRD50U-003,B,26.3,26.3,0.0,COINCIDE OK
2026-07-05|CATALINA HUANCA|XRD50USS-004|A,2026-07-05,CATALINA HUANCA,XRD50USS-004,A,19.0,19.0,0.0,COINCIDE OK
2026-07-05|CATALINA HUANCA|XRD50USS-004|B,2026-07-05,CATALINA HUANCA,XRD50USS-004,B,17.0,17.0,0.0,COINCIDE OK
2026-07-05|CATALINA HUANCA|XRD90U-005|A,2026-07-05,CATALINA HUANCA,XRD90U-005,A,38.5,38.5,0.0,COINCIDE OK
2026-07-05|CATALINA HUANCA|XRD90U-005|B,2026-07-05,CATALINA HUANCA,XRD90U-005,B,27.5,27.5,0.0,COINCIDE OK
2026-07-05|CERRO|XRD150U-002|A,2026-07-05,CERRO,XRD150U-002,A,1.2999999999999972,1.3,-0.0,COINCIDE OK
2026-07-05|CERRO|XRD150U-002|B,2026-07-05,CERRO,XRD150U-002,B,0.0,0.0,0.0,COINCIDE OK
2026-07-05|CHUNGAR|LM110U-001|A,2026-07-05,CHUNGAR,LM110U-001,A,0.0,0.0,0.0,COINCIDE OK
2026-07-05|CHUNGAR|LM110U-001|B,2026-07-05,CHUNGAR,LM110U-001,B,0.0,1.5,-1.5,SOLO EN CONTROL INTERNO
2026-07-05|CHUNGAR|LM90U-001|A,2026-07-05,CHUNGAR,LM90U-001,A,0.0,0.0,0.0,COINCIDE OK
2026-07-05|CHUNGAR|LM90U-001|B,2026-07-05,CHUNGAR,LM90U-001,B,0.0,0.0,0.0,COINCIDE OK
2026-07-05|CHUNGAR|XRD120U-001|A,2026-07-05,CHUNGAR,XRD120U-001,A,21.200000000000045,21.2,0.0,COINCIDE OK
2026-07-05|CHUNGAR|XRD120U-001|B,2026-07-05,CHUNGAR,XRD120U-001,B,8.399999999999977,8.4,-0.0,COINCIDE OK
2026-07-05|CHUNGAR|XRD90U-021|A,2026-07-05,CHUNGAR,XRD90U-021,A,0.0,0.0,0.0,COINCIDE OK
2026-07-05|CHUNGAR|XRD90U-021|B,2026-07-05,CHUNGAR,XRD90U-021,B,8.05,8.05,0.0,COINCIDE OK
2026-07-05|CHUNGAR|XRD90USS-003|A,2026-07-05,CHUNGAR,XRD90USS-003,A,7.950000000000003,7.95,0.0,COINCIDE OK
2026-07-05|CHUNGAR|XRD90USS-003|B,2026-07-05,CHUNGAR,XRD90USS-003,B,0.0,0.0,0.0,COINCIDE OK
2026-07-05|COBRIZA|XDR100ST-001|A,2026-07-05,COBRIZA,XDR100ST-001,A,0.0,0.0,0.0,COINCIDE OK
2026-07-05|COBRIZA|XDR100ST-001|B,2026-07-05,COBRIZA,XDR100ST-001,B,0.0,0.0,0.0,COINCIDE OK
2026-07-05|COBRIZA|XLM75UFDR-003|A,2026-07-05,COBRIZA,XLM75UFDR-003,A,15.400000000000006,15.4,0.0,COINCIDE OK
2026-07-05|COBRIZA|XLM75UFDR-003|B,2026-07-05,COBRIZA,XLM75UFDR-003,B,8.8,8.8,0.0,COINCIDE OK
2026-07-05|COBRIZA|XRD125UFDR-002|A,2026-07-05,COBRIZA,XRD125UFDR-002,A,14.599999999999994,14.6,-0.0,COINCIDE OK
2026-07-05|COBRIZA|XRD125UFDR-002|B,2026-07-05,COBRIZA,XRD125UFDR-002,B,24.700000000000017,24.7,0.0,COINCIDE OK
2026-07-05|COBRIZA|XRD150U-008|A,2026-07-05,COBRIZA,XRD150U-008,A,0.0,0.0,0.0,COINCIDE OK
2026-07-05|COBRIZA|XRD150U-008|B,2026-07-05,COBRIZA,XRD150U-008,B,0.0,0.0,0.0,COINCIDE OK
2026-07-05|COBRIZA|XRD50UFDR-001|A,2026-07-05,COBRIZA,XRD50UFDR-001,A,18.200000000000003,18.2,0.0,COINCIDE OK
2026-07-05|COBRIZA|XRD50UFDR-001|B,2026-07-05,COBRIZA,XRD50UFDR-001,B,1.5999999999999943,1.6,-0.0,COINCIDE OK
2026-07-05|COBRIZA|XRD50USS-002|A,2026-07-05,COBRIZA,XRD50USS-002,A,0.0,0.0,0.0,COINCIDE OK
2026-07-05|COBRIZA|XRD50USS-002|B,2026-07-05,COBRIZA,XRD50USS-002,B,0.0,0.0,0.0,COINCIDE OK
2026-07-05|COBRIZA|XRD80USS-006|A,2026-07-05,COBRIZA,XRD80USS-006,A,0.0,0.0,0.0,COINCIDE OK
2026-07-05|COBRIZA|XRD80USS-006|B,2026-07-05,COBRIZA,XRD80USS-006,B,27.30000000000001,27.3,0.0,COINCIDE OK
2026-07-05|COBRIZA|XRD90U-019|A,2026-07-05,COBRIZA,XRD90U-019,A,0.0,0.0,0.0,COINCIDE OK
2026-07-05|COBRIZA|XRD90U-019|B,2026-07-05,COBRIZA,XRD90U-019,B,0.0,0.0,0.0,COINCIDE OK
2026-07-05|COLQUISIRI|XRD80USS-012|A,2026-07-05,COLQUISIRI,XRD80USS-012,A,38.80000000000001,38.8,0.0,COINCIDE OK
2026-07-05|COLQUISIRI|XRD80USS-012|B,2026-07-05,COLQUISIRI,XRD80USS-012,B,16.900000000000006,16.9,0.0,COINCIDE OK
2026-07-05|CONDESTABLE|XLM75UFDR-002|A,2026-07-05,CONDESTABLE,XLM75UFDR-002,A,15.200000000000005,15.2,0.0,COINCIDE OK
2026-07-05|CONDESTABLE|XLM75UFDR-002|B,2026-07-05,CONDESTABLE,XLM75UFDR-002,B,20.5,20.5,0.0,COINCIDE OK
2026-07-05|CONDESTABLE|XLM75UFDR-004|A,2026-07-05,CONDESTABLE,XLM75UFDR-004,A,10.5,10.5,0.0,COINCIDE OK
2026-07-05|CONDESTABLE|XLM75UFDR-004|B,2026-07-05,CONDESTABLE,XLM75UFDR-004,B,27.6,27.6,0.0,COINCIDE OK
2026-07-05|CONDESTABLE|XRD150USS-003|A,2026-07-05,CONDESTABLE,XRD150USS-003,A,0.0,0.0,0.0,COINCIDE OK
2026-07-05|CONDESTABLE|XRD150USS-003|B,2026-07-05,CONDESTABLE,XRD150USS-003,B,0.0,0.0,0.0,COINCIDE OK
2026-07-05|CONDESTABLE|XRD80ITH-001|A,2026-07-05,CONDESTABLE,XRD80ITH-001,A,32.599999999999994,32.0,0.6,REPARTICION DE TURNO (DIA/NOCHE)
2026-07-05|CONDESTABLE|XRD80ITH-001|B,2026-07-05,CONDESTABLE,XRD80ITH-001,B,28.5,29.1,-0.6,REPARTICION DE TURNO (DIA/NOCHE)
2026-07-05|CUCULII|XRD100ST-001|A,2026-07-05,CUCULI,XRD100ST-001,A,0.0,11.2,-11.2,SOLO EN CONTROL INTERNO
2026-07-05|CUCULII|XRD100ST-001|B,2026-07-05,CUCULI,XRD100ST-001,B,0.0,0.0,0.0,COINCIDE OK
2026-07-05|CUCULI|XRD100ST-001|A,2026-07-05,CUCULI,XRD100ST-001,A,11.2,0.0,11.2,SOLO EN DETALLADO
2026-07-05|CUCULI|XRD100ST-001|B,2026-07-05,CUCULI,XRD100ST-001,B,0.0,0.0,0.0,COINCIDE OK
2026-07-05|INMACULADA|XLM75UFDR-001|A,2026-07-05,INMACULADA,XLM75UFDR-001,A,26.5,9.0,17.5,REPARTICION DE TURNO (DIA/NOCHE)
2026-07-05|INMACULADA|XLM75UFDR-001|B,2026-07-05,INMACULADA,XLM75UFDR-001,B,0.0,17.5,-17.5,SOLO EN CONTROL INTERNO
2026-07-05|INMACULADA|XRD150U-003|A,2026-07-05,INMACULADA,XRD150U-003,A,0.0,0.0,0.0,COINCIDE OK
2026-07-05|INMACULADA|XRD150U-003|B,2026-07-05,INMACULADA,XRD150U-003,B,0.0,0.0,0.0,COINCIDE OK
2026-07-05|INMACULADA|XRD150USS-004|A,2026-07-05,INMACULADA,XRD150USS-004,A,0.0,0.0,0.0,COINCIDE OK
2026-07-05|INMACULADA|XRD150USS-004|B,2026-07-05,INMACULADA,XRD150USS-004,B,0.0,0.0,0.0,COINCIDE OK
2026-07-05|INMACULADA|XRD250U-001|A,2026-07-05,INMACULADA,XRD250U-001,A,35.0,14.6,20.4,REPARTICION DE TURNO (DIA/NOCHE)
2026-07-05|INMACULADA|XRD250U-001|B,2026-07-05,INMACULADA,XRD250U-001,B,0.0,20.4,-20.4,SOLO EN CONTROL INTERNO
2026-07-05|INMACULADA|XRD80USS-008|A,2026-07-05,INMACULADA,XRD80USS-008,A,28.5,18.6,9.9,REPARTICION DE TURNO (DIA/NOCHE)
2026-07-05|INMACULADA|XRD80USS-008|B,2026-07-05,INMACULADA,XRD80USS-008,B,0.0,9.9,-9.9,SOLO EN CONTROL INTERNO
2026-07-05|INMACULADA|XRD90U-012|A,2026-07-05,INMACULADA,XRD90U-012,A,0.0,0.0,0.0,COINCIDE OK
2026-07-05|INMACULADA|XRD90U-012|B,2026-07-05,INMACULADA,XRD90U-012,B,0.0,0.0,0.0,COINCIDE OK
2026-07-05|INMACULADA|XRD90U-016|A,2026-07-05,INMACULADA,XRD90U-016,A,27.1,0.0,27.1,SOLO EN DETALLADO
2026-07-05|INMACULADA|XRD90U-016|B,2026-07-05,INMACULADA,XRD90U-016,B,0.0,27.1,-27.1,SOLO EN CONTROL INTERNO
2026-07-05|LA ESTRELLA|XRD150U-004|A,2026-07-05,LA ESTRELLA,XRD150U-004,A,0.0,0.0,0.0,COINCIDE OK
2026-07-05|LA ESTRELLA|XRD150U-004|B,2026-07-05,LA ESTRELLA,XRD150U-004,B,0.0,0.0,0.0,COINCIDE OK
2026-07-05|LA ESTRELLA|XRD150U-006|A,2026-07-05,LA ESTRELLA,XRD150U-006,A,0.0,0.0,0.0,COINCIDE OK
2026-07-05|LA ESTRELLA|XRD150U-006|B,2026-07-05,LA ESTRELLA,XRD150U-006,B,0.0,0.0,0.0,COINCIDE OK
2026-07-05|MOROCOCHA|XRD150USS-002|A,2026-07-05,MOROCOCHA,XRD150USS-002,A,9.0,9.0,0.0,COINCIDE OK
2026-07-05|MOROCOCHA|XRD150USS-002|B,2026-07-05,MOROCOCHA,XRD150USS-002,B,17.5,17.5,0.0,COINCIDE OK
2026-07-05|MOROCOCHA|XRD80USS-011|A,2026-07-05,MOROCOCHA,XRD80USS-011,A,0.0,0.0,0.0,COINCIDE OK
2026-07-05|MOROCOCHA|XRD80USS-011|B,2026-07-05,MOROCOCHA,XRD80USS-011,B,29.450000000000017,29.45,0.0,COINCIDE OK
2026-07-05|MOROCOCHA|XRD90USS-005|A,2026-07-05,MOROCOCHA,XRD90USS-005,A,0.0,0.0,0.0,COINCIDE OK
2026-07-05|MOROCOCHA|XRD90USS-005|B,2026-07-05,MOROCOCHA,XRD90USS-005,B,0.0,0.0,0.0,COINCIDE OK
2026-07-05|RAURA|XRD150U-005|A,2026-07-05,RAURA,XRD150U-005,A,0.0,0.0,0.0,COINCIDE OK
2026-07-05|RAURA|XRD150U-005|B,2026-07-05,RAURA,XRD150U-005,B,0.0,0.0,0.0,COINCIDE OK
2026-07-05|RAURA|XRD150UBT-001|A,2026-07-05,RAURA,XRD150UBT-001,A,0.0,0.0,0.0,COINCIDE OK
2026-07-05|RAURA|XRD150UBT-001|B,2026-07-05,RAURA,XRD150UBT-001,B,5.69,5.69,0.0,COINCIDE OK
2026-07-05|RAURA|XRD90USS-001|A,2026-07-05,RAURA,XRD90USS-001,A,12.11,12.11,0.0,COINCIDE OK
2026-07-05|RAURA|XRD90USS-001|B,2026-07-05,RAURA,XRD90USS-001,B,12.450000000000005,12.45,0.0,COINCIDE OK
2026-07-05|RAURA|XRD90USS-004|A,2026-07-05,RAURA,XRD90USS-004,A,0.0,0.0,0.0,COINCIDE OK
2026-07-05|RAURA|XRD90USS-004|B,2026-07-05,RAURA,XRD90USS-004,B,0.0,0.0,0.0,COINCIDE OK
2026-07-05|SAN CRISTOBAL|DE710ST-001|A,2026-07-05,SAN CRISTOBAL,DE710ST-001,A,18.200000000000003,0.0,18.2,SOLO EN DETALLADO
2026-07-05|SAN CRISTOBAL|DE710ST-001|B,2026-07-05,SAN CRISTOBAL,DE710ST-001,B,0.0,18.2,-18.2,SOLO EN CONTROL INTERNO
2026-07-05|SAN CRISTOBAL|XRD90U-004|A,2026-07-05,SAN CRISTOBAL,XRD90U-004,A,52.19999999999999,29.45,22.75,REPARTICION DE TURNO (DIA/NOCHE)
2026-07-05|SAN CRISTOBAL|XRD90U-004|B,2026-07-05,SAN CRISTOBAL,XRD90U-004,B,0.0,22.75,-22.75,SOLO EN CONTROL INTERNO
2026-07-05|SAN CRISTOBAL|XRD90U-010|A,2026-07-05,SAN CRISTOBAL,XRD90U-010,A,46.0,25.95,20.05,REPARTICION DE TURNO (DIA/NOCHE)
2026-07-05|SAN CRISTOBAL|XRD90U-010|B,2026-07-05,SAN CRISTOBAL,XRD90U-010,B,0.0,20.05,-20.05,SOLO EN CONTROL INTERNO
2026-07-05|SAN CRISTOBAL|XRD90U-023|A,2026-07-05,SAN CRISTOBAL,XRD90U-023,A,5.349999999999994,5.35,-0.0,COINCIDE OK
2026-07-05|SAN CRISTOBAL|XRD90U-023|B,2026-07-05,SAN CRISTOBAL,XRD90U-023,B,0.0,0.0,0.0,COINCIDE OK
2026-07-05|TICLIO|XRD150U-007|A,2026-07-05,TICLIO,XRD150U-007,A,14.150000000000006,14.15,0.0,COINCIDE OK
2026-07-05|TICLIO|XRD150U-007|B,2026-07-05,TICLIO,XRD150U-007,B,12.800000000000011,12.8,0.0,COINCIDE OK
2026-07-05|YAULIYACU|XDR50USS-00T|A,2026-07-05,YAULIYACU,XDR50USS-00T,A,30.35000000000001,30.35,0.0,COINCIDE OK
2026-07-05|YAULIYACU|XDR50USS-00T|B,2026-07-05,YAULIYACU,XDR50USS-00T,B,21.05,21.05,0.0,COINCIDE OK
2026-07-05|YAULIYACU|XRD125USS-001|A,2026-07-05,YAULIYACU,XRD125USS-001,A,12.25,12.25,0.0,COINCIDE OK
2026-07-05|YAULIYACU|XRD125USS-001|B,2026-07-05,YAULIYACU,XRD125USS-001,B,0.0,0.0,0.0,COINCIDE OK
2026-07-05|YAULIYACU|XRD50USS-003|A,2026-07-05,YAULIYACU,XRD50USS-003,A,30.5,30.5,0.0,COINCIDE OK
2026-07-05|YAULIYACU|XRD50USS-003|B,2026-07-05,YAULIYACU,XRD50USS-003,B,32.7,32.7,0.0,COINCIDE OK
2026-07-06|AMERICANA|LM110U-001|A,2026-07-06,AMERICANA,LM110U-001,A,0.0,0.0,0.0,COINCIDE OK
2026-07-06|AMERICANA|LM110U-001|B,2026-07-06,AMERICANA,LM110U-001,B,0.0,0.0,0.0,COINCIDE OK
2026-07-06|AMERICANA|XRD50U-002|A,2026-07-06,AMERICANA,XRD50U-002,A,35.0,35.0,0.0,COINCIDE OK
2026-07-06|AMERICANA|XRD50U-002|B,2026-07-06,AMERICANA,XRD50U-002,B,35.0,35.0,0.0,COINCIDE OK
2026-07-06|AMERICANA|XRD50USS-001|A,2026-07-06,AMERICANA,XRD50USS-001,A,8.2,8.2,0.0,COINCIDE OK
2026-07-06|AMERICANA|XRD50USS-001|B,2026-07-06,AMERICANA,XRD50USS-001,B,35.0,35.0,0.0,COINCIDE OK
2026-07-06|ANDAYCHAGUA|LF90D ST-002|A,2026-07-06,ANDAYCHAGUA,LF90D ST-002,A,0.0,0.0,0.0,COINCIDE OK
2026-07-06|ANDAYCHAGUA|LF90D ST-002|B,2026-07-06,ANDAYCHAGUA,LF90D ST-002,B,0.0,0.0,0.0,COINCIDE OK
2026-07-06|ANDAYCHAGUA|XRD150U-001|A,2026-07-06,ANDAYCHAGUA,XRD150U-001,A,8.550000000000011,8.55,0.0,COINCIDE OK
2026-07-06|ANDAYCHAGUA|XRD150U-001|B,2026-07-06,ANDAYCHAGUA,XRD150U-001,B,16.5,16.5,0.0,COINCIDE OK
2026-07-06|ANDAYCHAGUA|XRD80USS-010|A,2026-07-06,ANDAYCHAGUA,XRD80USS-010,A,13.799999999999995,13.8,-0.0,COINCIDE OK
2026-07-06|ANDAYCHAGUA|XRD80USS-010|B,2026-07-06,ANDAYCHAGUA,XRD80USS-010,B,14.5,14.5,0.0,COINCIDE OK
2026-07-06|CATALINA HUANCA|XRD100U-001|A,2026-07-06,CATALINA HUANCA,XRD100U-001,A,0.0,0.0,0.0,COINCIDE OK
2026-07-06|CATALINA HUANCA|XRD100U-001|B,2026-07-06,CATALINA HUANCA,XRD100U-001,B,12.0,12.0,0.0,COINCIDE OK
2026-07-06|CATALINA HUANCA|XRD125UFDR-001|A,2026-07-06,CATALINA HUANCA,XRD125UFDR-001,A,15.2,15.2,0.0,COINCIDE OK
2026-07-06|CATALINA HUANCA|XRD125UFDR-001|B,2026-07-06,CATALINA HUANCA,XRD125UFDR-001,B,25.200000000000003,25.2,0.0,COINCIDE OK
2026-07-06|CATALINA HUANCA|XRD50U-003|A,2026-07-06,CATALINA HUANCA,XRD50U-003,A,26.1,26.1,0.0,COINCIDE OK
2026-07-06|CATALINA HUANCA|XRD50U-003|B,2026-07-06,CATALINA HUANCA,XRD50U-003,B,25.4,25.4,0.0,COINCIDE OK
2026-07-06|CATALINA HUANCA|XRD50USS-004|A,2026-07-06,CATALINA HUANCA,XRD50USS-004,A,13.700000000000005,13.7,0.0,COINCIDE OK
2026-07-06|CATALINA HUANCA|XRD50USS-004|B,2026-07-06,CATALINA HUANCA,XRD50USS-004,B,10.799999999999995,10.8,-0.0,COINCIDE OK
2026-07-06|CATALINA HUANCA|XRD90U-005|A,2026-07-06,CATALINA HUANCA,XRD90U-005,A,30.0,30.0,0.0,COINCIDE OK
2026-07-06|CATALINA HUANCA|XRD90U-005|B,2026-07-06,CATALINA HUANCA,XRD90U-005,B,31.5,31.5,0.0,COINCIDE OK
2026-07-06|CERRO|XRD150U-002|A,2026-07-06,CERRO,XRD150U-002,A,0.0,0.0,0.0,COINCIDE OK
2026-07-06|CERRO|XRD150U-002|B,2026-07-06,CERRO,XRD150U-002,B,0.0,0.0,0.0,COINCIDE OK
2026-07-06|CHUNGAR|LM110U-001|A,2026-07-06,CHUNGAR,LM110U-001,A,0.0,0.0,0.0,COINCIDE OK
2026-07-06|CHUNGAR|LM110U-001|B,2026-07-06,CHUNGAR,LM110U-001,B,1.5,0.0,1.5,SOLO EN DETALLADO
2026-07-06|CHUNGAR|LM90U-001|A,2026-07-06,CHUNGAR,LM90U-001,A,0.0,0.0,0.0,COINCIDE OK
2026-07-06|CHUNGAR|LM90U-001|B,2026-07-06,CHUNGAR,LM90U-001,B,0.0,0.0,0.0,COINCIDE OK
2026-07-06|CHUNGAR|XRD120U-001|A,2026-07-06,CHUNGAR,XRD120U-001,A,0.0,0.0,0.0,COINCIDE OK
2026-07-06|CHUNGAR|XRD120U-001|B,2026-07-06,CHUNGAR,XRD120U-001,B,0.0,0.0,0.0,COINCIDE OK
2026-07-06|CHUNGAR|XRD90U-021|A,2026-07-06,CHUNGAR,XRD90U-021,A,9.95,9.95,0.0,COINCIDE OK
2026-07-06|CHUNGAR|XRD90U-021|B,2026-07-06,CHUNGAR,XRD90U-021,B,13.3,13.3,0.0,COINCIDE OK
2026-07-06|CHUNGAR|XRD90USS-003|A,2026-07-06,CHUNGAR,XRD90USS-003,A,0.0,0.0,0.0,COINCIDE OK
2026-07-06|CHUNGAR|XRD90USS-003|B,2026-07-06,CHUNGAR,XRD90USS-003,B,7.6,7.6,0.0,COINCIDE OK
2026-07-06|COBRIZA|XDR100ST-001|A,2026-07-06,COBRIZA,XDR100ST-001,A,0.0,0.0,0.0,COINCIDE OK
2026-07-06|COBRIZA|XDR100ST-001|B,2026-07-06,COBRIZA,XDR100ST-001,B,0.0,0.0,0.0,COINCIDE OK
2026-07-06|COBRIZA|XLM75UFDR-003|A,2026-07-06,COBRIZA,XLM75UFDR-003,A,18.2,18.2,0.0,COINCIDE OK
2026-07-06|COBRIZA|XLM75UFDR-003|B,2026-07-06,COBRIZA,XLM75UFDR-003,B,13.9,13.9,0.0,COINCIDE OK
2026-07-06|COBRIZA|XRD125UFDR-002|A,2026-07-06,COBRIZA,XRD125UFDR-002,A,18.69999999999999,18.7,-0.0,COINCIDE OK
2026-07-06|COBRIZA|XRD125UFDR-002|B,2026-07-06,COBRIZA,XRD125UFDR-002,B,7.599999999999994,7.6,-0.0,COINCIDE OK
2026-07-06|COBRIZA|XRD150U-008|A,2026-07-06,COBRIZA,XRD150U-008,A,0.0,0.0,0.0,COINCIDE OK
2026-07-06|COBRIZA|XRD150U-008|B,2026-07-06,COBRIZA,XRD150U-008,B,6.199999999999989,6.2,-0.0,COINCIDE OK
2026-07-06|COBRIZA|XRD50UFDR-001|A,2026-07-06,COBRIZA,XRD50UFDR-001,A,17.40000000000001,17.4,0.0,COINCIDE OK
2026-07-06|COBRIZA|XRD50UFDR-001|B,2026-07-06,COBRIZA,XRD50UFDR-001,B,0.0,0.0,0.0,COINCIDE OK
2026-07-06|COBRIZA|XRD50USS-002|A,2026-07-06,COBRIZA,XRD50USS-002,A,0.0,0.0,0.0,COINCIDE OK
2026-07-06|COBRIZA|XRD50USS-002|B,2026-07-06,COBRIZA,XRD50USS-002,B,0.0,0.0,0.0,COINCIDE OK
2026-07-06|COBRIZA|XRD80USS-006|A,2026-07-06,COBRIZA,XRD80USS-006,A,22.5,22.5,0.0,COINCIDE OK
2026-07-06|COBRIZA|XRD80USS-006|B,2026-07-06,COBRIZA,XRD80USS-006,B,0.0,0.0,0.0,COINCIDE OK
2026-07-06|COBRIZA|XRD90U-019|A,2026-07-06,COBRIZA,XRD90U-019,A,0.0,0.0,0.0,COINCIDE OK
2026-07-06|COBRIZA|XRD90U-019|B,2026-07-06,COBRIZA,XRD90U-019,B,0.0,0.0,0.0,COINCIDE OK
2026-07-06|COLQUISIRI|XRD80USS-012|A,2026-07-06,COLQUISIRI,XRD80USS-012,A,36.5,36.5,0.0,COINCIDE OK
2026-07-06|COLQUISIRI|XRD80USS-012|B,2026-07-06,COLQUISIRI,XRD80USS-012,B,35.69999999999999,35.7,-0.0,COINCIDE OK
2026-07-06|CONDESTABLE|XLM75UFDR-002|A,2026-07-06,CONDESTABLE,XLM75UFDR-002,A,16.69999999999999,16.7,-0.0,COINCIDE OK
2026-07-06|CONDESTABLE|XLM75UFDR-002|B,2026-07-06,CONDESTABLE,XLM75UFDR-002,B,18.0,18.0,0.0,COINCIDE OK
2026-07-06|CONDESTABLE|XLM75UFDR-004|A,2026-07-06,CONDESTABLE,XLM75UFDR-004,A,19.8,19.8,0.0,COINCIDE OK
2026-07-06|CONDESTABLE|XLM75UFDR-004|B,2026-07-06,CONDESTABLE,XLM75UFDR-004,B,20.200000000000003,20.2,0.0,COINCIDE OK
2026-07-06|CONDESTABLE|XRD150USS-003|A,2026-07-06,CONDESTABLE,XRD150USS-003,A,0.0,0.0,0.0,COINCIDE OK
2026-07-06|CONDESTABLE|XRD150USS-003|B,2026-07-06,CONDESTABLE,XRD150USS-003,B,0.0,0.0,0.0,COINCIDE OK
2026-07-06|CONDESTABLE|XRD80ITH-001|A,2026-07-06,CONDESTABLE,XRD80ITH-001,A,34.5,34.5,0.0,COINCIDE OK
2026-07-06|CONDESTABLE|XRD80ITH-001|B,2026-07-06,CONDESTABLE,XRD80ITH-001,B,27.599999999999994,27.6,-0.0,COINCIDE OK
2026-07-06|CUCULII|XRD100ST-001|A,2026-07-06,CUCULI,XRD100ST-001,A,0.0,12.1,-12.1,SOLO EN CONTROL INTERNO
2026-07-06|CUCULII|XRD100ST-001|B,2026-07-06,CUCULI,XRD100ST-001,B,0.0,12.5,-12.5,SOLO EN CONTROL INTERNO
2026-07-06|CUCULI|XRD100ST-001|A,2026-07-06,CUCULI,XRD100ST-001,A,12.1,0.0,12.1,SOLO EN DETALLADO
2026-07-06|CUCULI|XRD100ST-001|B,2026-07-06,CUCULI,XRD100ST-001,B,12.5,0.0,12.5,SOLO EN DETALLADO
2026-07-06|INMACULADA|XLM75UFDR-001|A,2026-07-06,INMACULADA,XLM75UFDR-001,A,32.0,18.5,13.5,REPARTICION DE TURNO (DIA/NOCHE)
2026-07-06|INMACULADA|XLM75UFDR-001|B,2026-07-06,INMACULADA,XLM75UFDR-001,B,0.0,13.5,-13.5,SOLO EN CONTROL INTERNO
2026-07-06|INMACULADA|XRD150U-003|A,2026-07-06,INMACULADA,XRD150U-003,A,16.5,12.0,4.5,REPARTICION DE TURNO (DIA/NOCHE)
2026-07-06|INMACULADA|XRD150U-003|B,2026-07-06,INMACULADA,XRD150U-003,B,0.0,4.5,-4.5,SOLO EN CONTROL INTERNO
2026-07-06|INMACULADA|XRD150USS-004|A,2026-07-06,INMACULADA,XRD150USS-004,A,0.0,0.0,0.0,COINCIDE OK
2026-07-06|INMACULADA|XRD150USS-004|B,2026-07-06,INMACULADA,XRD150USS-004,B,0.0,0.0,0.0,COINCIDE OK
2026-07-06|INMACULADA|XRD250U-001|A,2026-07-06,INMACULADA,XRD250U-001,A,22.0,13.9,8.1,REPARTICION DE TURNO (DIA/NOCHE)
2026-07-06|INMACULADA|XRD250U-001|B,2026-07-06,INMACULADA,XRD250U-001,B,0.0,8.1,-8.1,SOLO EN CONTROL INTERNO
2026-07-06|INMACULADA|XRD80USS-008|A,2026-07-06,INMACULADA,XRD80USS-008,A,52.5,10.5,42.0,REPARTICION DE TURNO (DIA/NOCHE)
2026-07-06|INMACULADA|XRD80USS-008|B,2026-07-06,INMACULADA,XRD80USS-008,B,0.0,42.0,-42.0,SOLO EN CONTROL INTERNO
2026-07-06|INMACULADA|XRD90U-012|A,2026-07-06,INMACULADA,XRD90U-012,A,31.5,15.0,16.5,REPARTICION DE TURNO (DIA/NOCHE)
2026-07-06|INMACULADA|XRD90U-012|B,2026-07-06,INMACULADA,XRD90U-012,B,0.0,16.5,-16.5,SOLO EN CONTROL INTERNO
2026-07-06|INMACULADA|XRD90U-016|A,2026-07-06,INMACULADA,XRD90U-016,A,66.4,31.4,35.0,REPARTICION DE TURNO (DIA/NOCHE)
2026-07-06|INMACULADA|XRD90U-016|B,2026-07-06,INMACULADA,XRD90U-016,B,0.0,35.0,-35.0,SOLO EN CONTROL INTERNO
2026-07-06|LA ESTRELLA|XRD150U-004|A,2026-07-06,LA ESTRELLA,XRD150U-004,A,0.0,0.0,0.0,COINCIDE OK
2026-07-06|LA ESTRELLA|XRD150U-004|B,2026-07-06,LA ESTRELLA,XRD150U-004,B,0.0,0.0,0.0,COINCIDE OK
2026-07-06|LA ESTRELLA|XRD150U-006|A,2026-07-06,LA ESTRELLA,XRD150U-006,A,0.0,0.0,0.0,COINCIDE OK
2026-07-06|LA ESTRELLA|XRD150U-006|B,2026-07-06,LA ESTRELLA,XRD150U-006,B,0.0,0.0,0.0,COINCIDE OK
2026-07-06|MOROCOCHA|XRD150USS-002|A,2026-07-06,MOROCOCHA,XRD150USS-002,A,8.5,8.5,0.0,COINCIDE OK
2026-07-06|MOROCOCHA|XRD150USS-002|B,2026-07-06,MOROCOCHA,XRD150USS-002,B,19.8,19.8,0.0,COINCIDE OK
2026-07-06|MOROCOCHA|XRD80USS-011|A,2026-07-06,MOROCOCHA,XRD80USS-011,A,4.25,4.25,0.0,COINCIDE OK
2026-07-06|MOROCOCHA|XRD80USS-011|B,2026-07-06,MOROCOCHA,XRD80USS-011,B,17.69999999999999,17.7,-0.0,COINCIDE OK
2026-07-06|MOROCOCHA|XRD90USS-005|A,2026-07-06,MOROCOCHA,XRD90USS-005,A,0.0,0.0,0.0,COINCIDE OK
2026-07-06|MOROCOCHA|XRD90USS-005|B,2026-07-06,MOROCOCHA,XRD90USS-005,B,0.0,0.0,0.0,COINCIDE OK
2026-07-06|RAURA|XRD150U-005|A,2026-07-06,RAURA,XRD150U-005,A,20.57,20.57,0.0,COINCIDE OK
2026-07-06|RAURA|XRD150U-005|B,2026-07-06,RAURA,XRD150U-005,B,17.520000000000003,17.52,0.0,COINCIDE OK
2026-07-06|RAURA|XRD150UBT-001|A,2026-07-06,RAURA,XRD150UBT-001,A,19.96,19.96,0.0,COINCIDE OK
2026-07-06|RAURA|XRD150UBT-001|B,2026-07-06,RAURA,XRD150UBT-001,B,27.11,27.11,0.0,COINCIDE OK
2026-07-06|RAURA|XRD90USS-001|A,2026-07-06,RAURA,XRD90USS-001,A,5.939999999999998,5.94,-0.0,COINCIDE OK
2026-07-06|RAURA|XRD90USS-001|B,2026-07-06,RAURA,XRD90USS-001,B,0.0,0.0,0.0,COINCIDE OK
2026-07-06|RAURA|XRD90USS-004|A,2026-07-06,RAURA,XRD90USS-004,A,0.0,0.0,0.0,COINCIDE OK
2026-07-06|RAURA|XRD90USS-004|B,2026-07-06,RAURA,XRD90USS-004,B,29.41,29.41,0.0,COINCIDE OK
2026-07-06|SAN CRISTOBAL|DE710ST-001|A,2026-07-06,SAN CRISTOBAL,DE710ST-001,A,22.80000000000001,0.0,22.8,SOLO EN DETALLADO
2026-07-06|SAN CRISTOBAL|DE710ST-001|B,2026-07-06,SAN CRISTOBAL,DE710ST-001,B,0.0,22.8,-22.8,SOLO EN CONTROL INTERNO
2026-07-06|SAN CRISTOBAL|XRD90U-004|A,2026-07-06,SAN CRISTOBAL,XRD90U-004,A,13.80000000000001,9.2,4.6,REPARTICION DE TURNO (DIA/NOCHE)
2026-07-06|SAN CRISTOBAL|XRD90U-004|B,2026-07-06,SAN CRISTOBAL,XRD90U-004,B,0.0,4.6,-4.6,SOLO EN CONTROL INTERNO
2026-07-06|SAN CRISTOBAL|XRD90U-010|A,2026-07-06,SAN CRISTOBAL,XRD90U-010,A,37.400000000000006,21.2,16.2,REPARTICION DE TURNO (DIA/NOCHE)
2026-07-06|SAN CRISTOBAL|XRD90U-010|B,2026-07-06,SAN CRISTOBAL,XRD90U-010,B,0.0,16.2,-16.2,SOLO EN CONTROL INTERNO
2026-07-06|SAN CRISTOBAL|XRD90U-023|A,2026-07-06,SAN CRISTOBAL,XRD90U-023,A,4.600000000000023,1.4,3.2,REPARTICION DE TURNO (DIA/NOCHE)
2026-07-06|SAN CRISTOBAL|XRD90U-023|B,2026-07-06,SAN CRISTOBAL,XRD90U-023,B,0.0,3.2,-3.2,SOLO EN CONTROL INTERNO
2026-07-06|TICLIO|XRD150U-007|A,2026-07-06,TICLIO,XRD150U-007,A,19.599999999999994,19.6,-0.0,COINCIDE OK
2026-07-06|TICLIO|XRD150U-007|B,2026-07-06,TICLIO,XRD150U-007,B,12.449999999999989,12.45,-0.0,COINCIDE OK
2026-07-06|YAULIYACU|XDR50USS-00T|A,2026-07-06,YAULIYACU,XDR50USS-00T,A,15.149999999999991,15.15,-0.0,COINCIDE OK
2026-07-06|YAULIYACU|XDR50USS-00T|B,2026-07-06,YAULIYACU,XDR50USS-00T,B,13.650000000000006,13.65,0.0,COINCIDE OK
2026-07-06|YAULIYACU|XRD125USS-001|A,2026-07-06,YAULIYACU,XRD125USS-001,A,0.0,0.0,0.0,COINCIDE OK
2026-07-06|YAULIYACU|XRD125USS-001|B,2026-07-06,YAULIYACU,XRD125USS-001,B,0.0,0.0,0.0,COINCIDE OK
2026-07-06|YAULIYACU|XRD50USS-003|A,2026-07-06,YAULIYACU,XRD50USS-003,A,30.25,30.25,0.0,COINCIDE OK
2026-07-06|YAULIYACU|XRD50USS-003|B,2026-07-06,YAULIYACU,XRD50USS-003,B,27.0,27.0,0.0,COINCIDE OK
2026-07-07|AMERICANA|LM110U-001|A,2026-07-07,AMERICANA,LM110U-001,A,0.0,0.0,0.0,COINCIDE OK
2026-07-07|AMERICANA|LM110U-001|B,2026-07-07,AMERICANA,LM110U-001,B,0.0,0.0,0.0,COINCIDE OK
2026-07-07|AMERICANA|XRD50U-002|A,2026-07-07,AMERICANA,XRD50U-002,A,32.5,32.5,0.0,COINCIDE OK
2026-07-07|AMERICANA|XRD50U-002|B,2026-07-07,AMERICANA,XRD50U-002,B,30.0,30.0,0.0,COINCIDE OK
2026-07-07|AMERICANA|XRD50USS-001|A,2026-07-07,AMERICANA,XRD50USS-001,A,35.0,35.0,0.0,COINCIDE OK
2026-07-07|AMERICANA|XRD50USS-001|B,2026-07-07,AMERICANA,XRD50USS-001,B,35.0,35.0,0.0,COINCIDE OK
2026-07-07|ANDAYCHAGUA|LF90D ST-002|A,2026-07-07,ANDAYCHAGUA,LF90D ST-002,A,14.5,14.5,0.0,COINCIDE OK
2026-07-07|ANDAYCHAGUA|LF90D ST-002|B,2026-07-07,ANDAYCHAGUA,LF90D ST-002,B,21.80000000000001,21.8,0.0,COINCIDE OK
2026-07-07|ANDAYCHAGUA|XRD150U-001|A,2026-07-07,ANDAYCHAGUA,XRD150U-001,A,12.299999999999985,12.3,-0.0,COINCIDE OK
2026-07-07|ANDAYCHAGUA|XRD150U-001|B,2026-07-07,ANDAYCHAGUA,XRD150U-001,B,3.5,3.5,0.0,COINCIDE OK
2026-07-07|ANDAYCHAGUA|XRD80USS-010|A,2026-07-07,ANDAYCHAGUA,XRD80USS-010,A,17.5,17.5,0.0,COINCIDE OK
2026-07-07|ANDAYCHAGUA|XRD80USS-010|B,2026-07-07,ANDAYCHAGUA,XRD80USS-010,B,12.0,12.0,0.0,COINCIDE OK
2026-07-07|CATALINA HUANCA|XRD100U-001|A,2026-07-07,CATALINA HUANCA,XRD100U-001,A,19.4,19.4,0.0,COINCIDE OK
2026-07-07|CATALINA HUANCA|XRD100U-001|B,2026-07-07,CATALINA HUANCA,XRD100U-001,B,22.200000000000003,22.2,0.0,COINCIDE OK
2026-07-07|CATALINA HUANCA|XRD125UFDR-001|A,2026-07-07,CATALINA HUANCA,XRD125UFDR-001,A,21.0,21.0,0.0,COINCIDE OK
2026-07-07|CATALINA HUANCA|XRD125UFDR-001|B,2026-07-07,CATALINA HUANCA,XRD125UFDR-001,B,18.0,18.0,0.0,COINCIDE OK
2026-07-07|CATALINA HUANCA|XRD50U-003|A,2026-07-07,CATALINA HUANCA,XRD50U-003,A,18.5,18.5,0.0,COINCIDE OK
2026-07-07|CATALINA HUANCA|XRD50U-003|B,2026-07-07,CATALINA HUANCA,XRD50U-003,B,13.700000000000005,13.7,0.0,COINCIDE OK
2026-07-07|CATALINA HUANCA|XRD50USS-004|A,2026-07-07,CATALINA HUANCA,XRD50USS-004,A,14.400000000000006,14.4,0.0,COINCIDE OK
2026-07-07|CATALINA HUANCA|XRD50USS-004|B,2026-07-07,CATALINA HUANCA,XRD50USS-004,B,11.0,11.0,0.0,COINCIDE OK
2026-07-07|CATALINA HUANCA|XRD90U-005|A,2026-07-07,CATALINA HUANCA,XRD90U-005,A,30.0,30.0,0.0,COINCIDE OK
2026-07-07|CATALINA HUANCA|XRD90U-005|B,2026-07-07,CATALINA HUANCA,XRD90U-005,B,27.0,27.0,0.0,COINCIDE OK
2026-07-07|CERRO|XRD150U-002|A,2026-07-07,CERRO,XRD150U-002,A,10.2,10.2,0.0,COINCIDE OK
2026-07-07|CERRO|XRD150U-002|B,2026-07-07,CERRO,XRD150U-002,B,6.600000000000001,6.6,0.0,COINCIDE OK
2026-07-07|CHUNGAR|LM110U-001|A,2026-07-07,CHUNGAR,LM110U-001,A,4.4,4.4,0.0,COINCIDE OK
2026-07-07|CHUNGAR|LM110U-001|B,2026-07-07,CHUNGAR,LM110U-001,B,14.7,14.7,0.0,COINCIDE OK
2026-07-07|CHUNGAR|LM90U-001|A,2026-07-07,CHUNGAR,LM90U-001,A,0.0,0.0,0.0,COINCIDE OK
2026-07-07|CHUNGAR|LM90U-001|B,2026-07-07,CHUNGAR,LM90U-001,B,0.0,0.0,0.0,COINCIDE OK
2026-07-07|CHUNGAR|XRD120U-001|A,2026-07-07,CHUNGAR,XRD120U-001,A,0.0,0.0,0.0,COINCIDE OK
2026-07-07|CHUNGAR|XRD120U-001|B,2026-07-07,CHUNGAR,XRD120U-001,B,0.0,0.0,0.0,COINCIDE OK
2026-07-07|CHUNGAR|XRD90U-021|A,2026-07-07,CHUNGAR,XRD90U-021,A,25.2,25.2,0.0,COINCIDE OK
2026-07-07|CHUNGAR|XRD90U-021|B,2026-07-07,CHUNGAR,XRD90U-021,B,21.75,21.75,0.0,COINCIDE OK
2026-07-07|CHUNGAR|XRD90USS-003|A,2026-07-07,CHUNGAR,XRD90USS-003,A,20.25,20.25,0.0,COINCIDE OK
2026-07-07|CHUNGAR|XRD90USS-003|B,2026-07-07,CHUNGAR,XRD90USS-003,B,0.75,0.75,0.0,COINCIDE OK
2026-07-07|COBRIZA|XDR100ST-001|A,2026-07-07,COBRIZA,XDR100ST-001,A,0.0,0.0,0.0,COINCIDE OK
2026-07-07|COBRIZA|XDR100ST-001|B,2026-07-07,COBRIZA,XDR100ST-001,B,0.0,0.0,0.0,COINCIDE OK
2026-07-07|COBRIZA|XLM75UFDR-003|A,2026-07-07,COBRIZA,XLM75UFDR-003,A,15.5,15.5,0.0,COINCIDE OK
2026-07-07|COBRIZA|XLM75UFDR-003|B,2026-07-07,COBRIZA,XLM75UFDR-003,B,9.6,9.6,0.0,COINCIDE OK
2026-07-07|COBRIZA|XRD125UFDR-002|A,2026-07-07,COBRIZA,XRD125UFDR-002,A,4.1,4.1,0.0,COINCIDE OK
2026-07-07|COBRIZA|XRD125UFDR-002|B,2026-07-07,COBRIZA,XRD125UFDR-002,B,18.1,18.1,0.0,COINCIDE OK
2026-07-07|COBRIZA|XRD150U-008|A,2026-07-07,COBRIZA,XRD150U-008,A,2.5,2.5,0.0,COINCIDE OK
2026-07-07|COBRIZA|XRD150U-008|B,2026-07-07,COBRIZA,XRD150U-008,B,0.0,0.0,0.0,COINCIDE OK
2026-07-07|COBRIZA|XRD50UFDR-001|A,2026-07-07,COBRIZA,XRD50UFDR-001,A,11.9,11.9,0.0,COINCIDE OK
2026-07-07|COBRIZA|XRD50UFDR-001|B,2026-07-07,COBRIZA,XRD50UFDR-001,B,0.0,0.0,0.0,COINCIDE OK
2026-07-07|COBRIZA|XRD50USS-002|A,2026-07-07,COBRIZA,XRD50USS-002,A,0.0,0.0,0.0,COINCIDE OK
2026-07-07|COBRIZA|XRD50USS-002|B,2026-07-07,COBRIZA,XRD50USS-002,B,0.0,0.0,0.0,COINCIDE OK
2026-07-07|COBRIZA|XRD80USS-006|A,2026-07-07,COBRIZA,XRD80USS-006,A,0.0,0.0,0.0,COINCIDE OK
2026-07-07|COBRIZA|XRD80USS-006|B,2026-07-07,COBRIZA,XRD80USS-006,B,0.0,0.0,0.0,COINCIDE OK
2026-07-07|COBRIZA|XRD90U-019|A,2026-07-07,COBRIZA,XRD90U-019,A,0.0,0.0,0.0,COINCIDE OK
2026-07-07|COBRIZA|XRD90U-019|B,2026-07-07,COBRIZA,XRD90U-019,B,0.0,0.0,0.0,COINCIDE OK
2026-07-07|COLQUISIRI|XRD80USS-012|A,2026-07-07,COLQUISIRI,XRD80USS-012,A,27.69999999999999,27.7,-0.0,COINCIDE OK
2026-07-07|COLQUISIRI|XRD80USS-012|B,2026-07-07,COLQUISIRI,XRD80USS-012,B,29.80000000000001,29.8,0.0,COINCIDE OK
2026-07-07|CONDESTABLE|XLM75UFDR-002|A,2026-07-07,CONDESTABLE,XLM75UFDR-002,A,7.200000000000017,7.2,0.0,COINCIDE OK
2026-07-07|CONDESTABLE|XLM75UFDR-002|B,2026-07-07,CONDESTABLE,XLM75UFDR-002,B,17.099999999999994,17.1,-0.0,COINCIDE OK
2026-07-07|CONDESTABLE|XLM75UFDR-004|A,2026-07-07,CONDESTABLE,XLM75UFDR-004,A,0.0,0.0,0.0,COINCIDE OK
2026-07-07|CONDESTABLE|XLM75UFDR-004|B,2026-07-07,CONDESTABLE,XLM75UFDR-004,B,0.0,0.0,0.0,COINCIDE OK
2026-07-07|CONDESTABLE|XRD150USS-003|A,2026-07-07,CONDESTABLE,XRD150USS-003,A,0.0,0.0,0.0,COINCIDE OK
2026-07-07|CONDESTABLE|XRD150USS-003|B,2026-07-07,CONDESTABLE,XRD150USS-003,B,0.0,0.0,0.0,COINCIDE OK
2026-07-07|CONDESTABLE|XRD80ITH-001|A,2026-07-07,CONDESTABLE,XRD80ITH-001,A,35.0,35.0,0.0,COINCIDE OK
2026-07-07|CONDESTABLE|XRD80ITH-001|B,2026-07-07,CONDESTABLE,XRD80ITH-001,B,30.099999999999994,30.1,-0.0,COINCIDE OK
2026-07-07|CUCULII|XRD100ST-001|A,2026-07-07,CUCULI,XRD100ST-001,A,0.0,32.8,-32.8,SOLO EN CONTROL INTERNO
2026-07-07|CUCULII|XRD100ST-001|B,2026-07-07,CUCULI,XRD100ST-001,B,0.0,33.3,-33.3,SOLO EN CONTROL INTERNO
2026-07-07|CUCULI|XRD100ST-001|A,2026-07-07,CUCULI,XRD100ST-001,A,32.8,0.0,32.8,SOLO EN DETALLADO
2026-07-07|CUCULI|XRD100ST-001|B,2026-07-07,CUCULI,XRD100ST-001,B,33.3,0.0,33.3,SOLO EN DETALLADO
2026-07-07|INMACULADA|XLM75UFDR-001|A,2026-07-07,INMACULADA,XLM75UFDR-001,A,37.5,10.5,27.0,REPARTICION DE TURNO (DIA/NOCHE)
2026-07-07|INMACULADA|XLM75UFDR-001|B,2026-07-07,INMACULADA,XLM75UFDR-001,B,0.0,27.0,-27.0,SOLO EN CONTROL INTERNO
2026-07-07|INMACULADA|XRD150U-003|A,2026-07-07,INMACULADA,XRD150U-003,A,37.5,30.0,7.5,REPARTICION DE TURNO (DIA/NOCHE)
2026-07-07|INMACULADA|XRD150U-003|B,2026-07-07,INMACULADA,XRD150U-003,B,0.0,7.5,-7.5,SOLO EN CONTROL INTERNO
2026-07-07|INMACULADA|XRD150USS-004|A,2026-07-07,INMACULADA,XRD150USS-004,A,0.0,0.0,0.0,COINCIDE OK
2026-07-07|INMACULADA|XRD150USS-004|B,2026-07-07,INMACULADA,XRD150USS-004,B,0.0,0.0,0.0,COINCIDE OK
2026-07-07|INMACULADA|XRD250U-001|A,2026-07-07,INMACULADA,XRD250U-001,A,20.700000000000003,11.6,9.1,REPARTICION DE TURNO (DIA/NOCHE)
2026-07-07|INMACULADA|XRD250U-001|B,2026-07-07,INMACULADA,XRD250U-001,B,0.0,9.1,-9.1,SOLO EN CONTROL INTERNO
2026-07-07|INMACULADA|XRD80USS-008|A,2026-07-07,INMACULADA,XRD80USS-008,A,33.0,10.5,22.5,REPARTICION DE TURNO (DIA/NOCHE)
2026-07-07|INMACULADA|XRD80USS-008|B,2026-07-07,INMACULADA,XRD80USS-008,B,0.0,22.5,-22.5,SOLO EN CONTROL INTERNO
2026-07-07|INMACULADA|XRD90U-012|A,2026-07-07,INMACULADA,XRD90U-012,A,39.0,21.0,18.0,REPARTICION DE TURNO (DIA/NOCHE)
2026-07-07|INMACULADA|XRD90U-012|B,2026-07-07,INMACULADA,XRD90U-012,B,0.0,18.0,-18.0,SOLO EN CONTROL INTERNO
2026-07-07|INMACULADA|XRD90U-016|A,2026-07-07,INMACULADA,XRD90U-016,A,33.5,15.5,18.0,REPARTICION DE TURNO (DIA/NOCHE)
2026-07-07|INMACULADA|XRD90U-016|B,2026-07-07,INMACULADA,XRD90U-016,B,0.0,18.0,-18.0,SOLO EN CONTROL INTERNO
2026-07-07|LA ESTRELLA|XRD150U-004|A,2026-07-07,LA ESTRELLA,XRD150U-004,A,1.7999999999999543,1.8,-0.0,COINCIDE OK
2026-07-07|LA ESTRELLA|XRD150U-004|B,2026-07-07,LA ESTRELLA,XRD150U-004,B,0.0,0.0,0.0,COINCIDE OK
2026-07-07|LA ESTRELLA|XRD150U-006|A,2026-07-07,LA ESTRELLA,XRD150U-006,A,22.7,22.7,0.0,COINCIDE OK
2026-07-07|LA ESTRELLA|XRD150U-006|B,2026-07-07,LA ESTRELLA,XRD150U-006,B,0.0,0.0,0.0,COINCIDE OK
2026-07-07|MOROCOCHA|XRD150USS-002|A,2026-07-07,MOROCOCHA,XRD150USS-002,A,26.3,26.3,0.0,COINCIDE OK
2026-07-07|MOROCOCHA|XRD150USS-002|B,2026-07-07,MOROCOCHA,XRD150USS-002,B,29.85000000000001,29.85,0.0,COINCIDE OK
2026-07-07|MOROCOCHA|XRD80USS-011|A,2026-07-07,MOROCOCHA,XRD80USS-011,A,0.0,0.0,0.0,COINCIDE OK
2026-07-07|MOROCOCHA|XRD80USS-011|B,2026-07-07,MOROCOCHA,XRD80USS-011,B,29.2,29.2,0.0,COINCIDE OK
2026-07-07|MOROCOCHA|XRD90USS-005|A,2026-07-07,MOROCOCHA,XRD90USS-005,A,0.0,0.0,0.0,COINCIDE OK
2026-07-07|MOROCOCHA|XRD90USS-005|B,2026-07-07,MOROCOCHA,XRD90USS-005,B,0.0,0.0,0.0,COINCIDE OK
2026-07-07|RAURA|XRD150U-005|A,2026-07-07,RAURA,XRD150U-005,A,17.019999999999996,17.02,-0.0,COINCIDE OK
2026-07-07|RAURA|XRD150U-005|B,2026-07-07,RAURA,XRD150U-005,B,14.299999999999995,14.3,-0.0,COINCIDE OK
2026-07-07|RAURA|XRD150UBT-001|A,2026-07-07,RAURA,XRD150UBT-001,A,0.0,0.0,0.0,COINCIDE OK
2026-07-07|RAURA|XRD150UBT-001|B,2026-07-07,RAURA,XRD150UBT-001,B,20.37,20.37,0.0,COINCIDE OK
2026-07-07|RAURA|XRD90USS-001|A,2026-07-07,RAURA,XRD90USS-001,A,0.0,0.0,0.0,COINCIDE OK
2026-07-07|RAURA|XRD90USS-001|B,2026-07-07,RAURA,XRD90USS-001,B,0.0,0.0,0.0,COINCIDE OK
2026-07-07|RAURA|XRD90USS-004|A,2026-07-07,RAURA,XRD90USS-004,A,17.930000000000003,17.93,0.0,COINCIDE OK
2026-07-07|RAURA|XRD90USS-004|B,2026-07-07,RAURA,XRD90USS-004,B,9.699999999999996,9.7,-0.0,COINCIDE OK
2026-07-07|SAN CRISTOBAL|DE710ST-001|A,2026-07-07,SAN CRISTOBAL,DE710ST-001,A,19.0,19.0,0.0,COINCIDE OK
2026-07-07|SAN CRISTOBAL|DE710ST-001|B,2026-07-07,SAN CRISTOBAL,DE710ST-001,B,18.0,18.0,0.0,COINCIDE OK
2026-07-07|SAN CRISTOBAL|XRD90U-004|A,2026-07-07,SAN CRISTOBAL,XRD90U-004,A,9.400000000000006,9.4,0.0,COINCIDE OK
2026-07-07|SAN CRISTOBAL|XRD90U-004|B,2026-07-07,SAN CRISTOBAL,XRD90U-004,B,27.19999999999999,27.2,-0.0,COINCIDE OK
2026-07-07|SAN CRISTOBAL|XRD90U-010|A,2026-07-07,SAN CRISTOBAL,XRD90U-010,A,16.899999999999977,16.9,-0.0,COINCIDE OK
2026-07-07|SAN CRISTOBAL|XRD90U-010|B,2026-07-07,SAN CRISTOBAL,XRD90U-010,B,15.150000000000034,15.15,0.0,COINCIDE OK
2026-07-07|SAN CRISTOBAL|XRD90U-023|A,2026-07-07,SAN CRISTOBAL,XRD90U-023,A,7.550000000000011,3.05,4.5,REPARTICION DE TURNO (DIA/NOCHE)
2026-07-07|SAN CRISTOBAL|XRD90U-023|B,2026-07-07,SAN CRISTOBAL,XRD90U-023,B,0.0,4.5,-4.5,SOLO EN CONTROL INTERNO
2026-07-07|TICLIO|XRD150U-007|A,2026-07-07,TICLIO,XRD150U-007,A,20.05000000000001,20.05,0.0,COINCIDE OK
2026-07-07|TICLIO|XRD150U-007|B,2026-07-07,TICLIO,XRD150U-007,B,14.050000000000011,14.05,0.0,COINCIDE OK
2026-07-07|YAULIYACU|XDR50USS-00T|A,2026-07-07,YAULIYACU,XDR50USS-00T,A,22.849999999999994,22.85,-0.0,COINCIDE OK
2026-07-07|YAULIYACU|XDR50USS-00T|B,2026-07-07,YAULIYACU,XDR50USS-00T,B,16.0,16.0,0.0,COINCIDE OK
2026-07-07|YAULIYACU|XRD125USS-001|A,2026-07-07,YAULIYACU,XRD125USS-001,A,10.549999999999985,10.55,-0.0,COINCIDE OK
2026-07-07|YAULIYACU|XRD125USS-001|B,2026-07-07,YAULIYACU,XRD125USS-001,B,0.0,0.0,0.0,COINCIDE OK
2026-07-07|YAULIYACU|XRD50USS-003|A,2026-07-07,YAULIYACU,XRD50USS-003,A,13.249999999999986,13.25,-0.0,COINCIDE OK
2026-07-07|YAULIYACU|XRD50USS-003|B,2026-07-07,YAULIYACU,XRD50USS-003,B,22.65000000000001,22.65,0.0,COINCIDE OK
2026-07-08|AMERICANA|LM110U-001|A,2026-07-08,AMERICANA,LM110U-001,A,0.0,0.0,0.0,COINCIDE OK
2026-07-08|AMERICANA|LM110U-001|B,2026-07-08,AMERICANA,LM110U-001,B,0.0,0.0,0.0,COINCIDE OK
2026-07-08|AMERICANA|XRD50U-002|A,2026-07-08,AMERICANA,XRD50U-002,A,0.0,0.0,0.0,COINCIDE OK
2026-07-08|AMERICANA|XRD50U-002|B,2026-07-08,AMERICANA,XRD50U-002,B,35.0,35.0,0.0,COINCIDE OK
2026-07-08|AMERICANA|XRD50USS-001|A,2026-07-08,AMERICANA,XRD50USS-001,A,30.999999999999982,31.0,-0.0,COINCIDE OK
2026-07-08|AMERICANA|XRD50USS-001|B,2026-07-08,AMERICANA,XRD50USS-001,B,2.1000000000000227,2.1,0.0,COINCIDE OK
2026-07-08|ANDAYCHAGUA|LF90D ST-002|A,2026-07-08,ANDAYCHAGUA,LF90D ST-002,A,20.80000000000001,20.8,0.0,COINCIDE OK
2026-07-08|ANDAYCHAGUA|LF90D ST-002|B,2026-07-08,ANDAYCHAGUA,LF90D ST-002,B,23.799999999999955,23.8,-0.0,COINCIDE OK
2026-07-08|ANDAYCHAGUA|XRD150U-001|A,2026-07-08,ANDAYCHAGUA,XRD150U-001,A,0.5999999999999943,0.6,-0.0,COINCIDE OK
2026-07-08|ANDAYCHAGUA|XRD150U-001|B,2026-07-08,ANDAYCHAGUA,XRD150U-001,B,10.25,10.25,0.0,COINCIDE OK
2026-07-08|ANDAYCHAGUA|XRD80USS-010|A,2026-07-08,ANDAYCHAGUA,XRD80USS-010,A,12.0,12.0,0.0,COINCIDE OK
2026-07-08|ANDAYCHAGUA|XRD80USS-010|B,2026-07-08,ANDAYCHAGUA,XRD80USS-010,B,17.60000000000001,17.6,0.0,COINCIDE OK
2026-07-08|CATALINA HUANCA|XRD100U-001|A,2026-07-08,CATALINA HUANCA,XRD100U-001,A,15.800000000000004,15.8,0.0,COINCIDE OK
2026-07-08|CATALINA HUANCA|XRD100U-001|B,2026-07-08,CATALINA HUANCA,XRD100U-001,B,16.299999999999997,16.3,-0.0,COINCIDE OK
2026-07-08|CATALINA HUANCA|XRD125UFDR-001|A,2026-07-08,CATALINA HUANCA,XRD125UFDR-001,A,0.0,0.0,0.0,COINCIDE OK
2026-07-08|CATALINA HUANCA|XRD125UFDR-001|B,2026-07-08,CATALINA HUANCA,XRD125UFDR-001,B,22.39999999999999,22.4,-0.0,COINCIDE OK
2026-07-08|CATALINA HUANCA|XRD50U-003|A,2026-07-08,CATALINA HUANCA,XRD50U-003,A,16.6,16.6,0.0,COINCIDE OK
2026-07-08|CATALINA HUANCA|XRD50U-003|B,2026-07-08,CATALINA HUANCA,XRD50U-003,B,40.4,40.4,0.0,COINCIDE OK
2026-07-08|CATALINA HUANCA|XRD50USS-004|A,2026-07-08,CATALINA HUANCA,XRD50USS-004,A,0.0,0.0,0.0,COINCIDE OK
2026-07-08|CATALINA HUANCA|XRD50USS-004|B,2026-07-08,CATALINA HUANCA,XRD50USS-004,B,0.0,0.0,0.0,COINCIDE OK
2026-07-08|CATALINA HUANCA|XRD90U-005|A,2026-07-08,CATALINA HUANCA,XRD90U-005,A,21.0,21.0,0.0,COINCIDE OK
2026-07-08|CATALINA HUANCA|XRD90U-005|B,2026-07-08,CATALINA HUANCA,XRD90U-005,B,21.0,21.0,0.0,COINCIDE OK
2026-07-08|CERRO|XRD150U-002|A,2026-07-08,CERRO,XRD150U-002,A,0.0,0.0,0.0,COINCIDE OK
2026-07-08|CERRO|XRD150U-002|B,2026-07-08,CERRO,XRD150U-002,B,1.0,1.0,0.0,COINCIDE OK
2026-07-08|CHUNGAR|LM110U-001|A,2026-07-08,CHUNGAR,LM110U-001,A,7.199999999999999,7.2,-0.0,COINCIDE OK
2026-07-08|CHUNGAR|LM110U-001|B,2026-07-08,CHUNGAR,LM110U-001,B,13.499999999999996,13.5,-0.0,COINCIDE OK
2026-07-08|CHUNGAR|LM90U-001|A,2026-07-08,CHUNGAR,LM90U-001,A,0.0,0.0,0.0,COINCIDE OK
2026-07-08|CHUNGAR|LM90U-001|B,2026-07-08,CHUNGAR,LM90U-001,B,0.0,0.0,0.0,COINCIDE OK
2026-07-08|CHUNGAR|XRD120U-001|A,2026-07-08,CHUNGAR,XRD120U-001,A,0.0,0.0,0.0,COINCIDE OK
2026-07-08|CHUNGAR|XRD120U-001|B,2026-07-08,CHUNGAR,XRD120U-001,B,0.0,0.0,0.0,COINCIDE OK
2026-07-08|CHUNGAR|XRD90U-021|A,2026-07-08,CHUNGAR,XRD90U-021,A,8.549999999999997,10.35,-1.8,REPARTICION DE TURNO (DIA/NOCHE)
2026-07-08|CHUNGAR|XRD90U-021|B,2026-07-08,CHUNGAR,XRD90U-021,B,21.25,19.45,1.8,REPARTICION DE TURNO (DIA/NOCHE)
2026-07-08|CHUNGAR|XRD90USS-003|A,2026-07-08,CHUNGAR,XRD90USS-003,A,24.15,24.15,0.0,COINCIDE OK
2026-07-08|CHUNGAR|XRD90USS-003|B,2026-07-08,CHUNGAR,XRD90USS-003,B,1.5499999999999972,1.55,-0.0,COINCIDE OK
2026-07-08|COBRIZA|XDR100ST-001|A,2026-07-08,COBRIZA,XDR100ST-001,A,0.0,0.0,0.0,COINCIDE OK
2026-07-08|COBRIZA|XDR100ST-001|B,2026-07-08,COBRIZA,XDR100ST-001,B,0.0,0.0,0.0,COINCIDE OK
2026-07-08|COBRIZA|XLM75UFDR-003|A,2026-07-08,COBRIZA,XLM75UFDR-003,A,9.400000000000006,9.4,0.0,COINCIDE OK
2026-07-08|COBRIZA|XLM75UFDR-003|B,2026-07-08,COBRIZA,XLM75UFDR-003,B,17.799999999999997,17.8,-0.0,COINCIDE OK
2026-07-08|COBRIZA|XRD125UFDR-002|A,2026-07-08,COBRIZA,XRD125UFDR-002,A,0.0,0.0,0.0,COINCIDE OK
2026-07-08|COBRIZA|XRD125UFDR-002|B,2026-07-08,COBRIZA,XRD125UFDR-002,B,51.0,51.0,0.0,COINCIDE OK
2026-07-08|COBRIZA|XRD150U-008|A,2026-07-08,COBRIZA,XRD150U-008,A,0.0,0.0,0.0,COINCIDE OK
2026-07-08|COBRIZA|XRD150U-008|B,2026-07-08,COBRIZA,XRD150U-008,B,24.7,24.7,0.0,COINCIDE OK
2026-07-08|COBRIZA|XRD50UFDR-001|A,2026-07-08,COBRIZA,XRD50UFDR-001,A,15.000000000000004,15.0,0.0,COINCIDE OK
2026-07-08|COBRIZA|XRD50UFDR-001|B,2026-07-08,COBRIZA,XRD50UFDR-001,B,30.0,30.0,0.0,COINCIDE OK
2026-07-08|COBRIZA|XRD50USS-002|A,2026-07-08,COBRIZA,XRD50USS-002,A,0.0,0.0,0.0,COINCIDE OK
2026-07-08|COBRIZA|XRD50USS-002|B,2026-07-08,COBRIZA,XRD50USS-002,B,0.0,0.0,0.0,COINCIDE OK
2026-07-08|COBRIZA|XRD80USS-006|A,2026-07-08,COBRIZA,XRD80USS-006,A,0.0,0.0,0.0,COINCIDE OK
2026-07-08|COBRIZA|XRD80USS-006|B,2026-07-08,COBRIZA,XRD80USS-006,B,0.0,0.0,0.0,COINCIDE OK
2026-07-08|COBRIZA|XRD90U-019|A,2026-07-08,COBRIZA,XRD90U-019,A,0.0,0.0,0.0,COINCIDE OK
2026-07-08|COBRIZA|XRD90U-019|B,2026-07-08,COBRIZA,XRD90U-019,B,0.0,0.0,0.0,COINCIDE OK
2026-07-08|COLQUISIRI|XRD80USS-012|A,2026-07-08,COLQUISIRI,XRD80USS-012,A,23.0,23.0,0.0,COINCIDE OK
2026-07-08|COLQUISIRI|XRD80USS-012|B,2026-07-08,COLQUISIRI,XRD80USS-012,B,31.30000000000001,31.3,0.0,COINCIDE OK
2026-07-08|CONDESTABLE|XLM75UFDR-002|A,2026-07-08,CONDESTABLE,XLM75UFDR-002,A,17.19999999999999,17.2,-0.0,COINCIDE OK
2026-07-08|CONDESTABLE|XLM75UFDR-002|B,2026-07-08,CONDESTABLE,XLM75UFDR-002,B,8.5,8.5,0.0,COINCIDE OK
2026-07-08|CONDESTABLE|XLM75UFDR-004|A,2026-07-08,CONDESTABLE,XLM75UFDR-004,A,0.0,0.0,0.0,COINCIDE OK
2026-07-08|CONDESTABLE|XLM75UFDR-004|B,2026-07-08,CONDESTABLE,XLM75UFDR-004,B,0.0,0.0,0.0,COINCIDE OK
2026-07-08|CONDESTABLE|XRD150USS-003|A,2026-07-08,CONDESTABLE,XRD150USS-003,A,0.0,0.0,0.0,COINCIDE OK
2026-07-08|CONDESTABLE|XRD150USS-003|B,2026-07-08,CONDESTABLE,XRD150USS-003,B,0.0,0.0,0.0,COINCIDE OK
2026-07-08|CONDESTABLE|XRD80ITH-001|A,2026-07-08,CONDESTABLE,XRD80ITH-001,A,35.0,35.0,0.0,COINCIDE OK
2026-07-08|CONDESTABLE|XRD80ITH-001|B,2026-07-08,CONDESTABLE,XRD80ITH-001,B,30.099999999999994,30.1,-0.0,COINCIDE OK
2026-07-08|CUCULII|XRD100ST-001|A,2026-07-08,CUCULI,XRD100ST-001,A,0.0,30.0,-30.0,SOLO EN CONTROL INTERNO
2026-07-08|CUCULII|XRD100ST-001|B,2026-07-08,CUCULI,XRD100ST-001,B,0.0,15.0,-15.0,SOLO EN CONTROL INTERNO
2026-07-08|CUCULI|XRD100ST-001|A,2026-07-08,CUCULI,XRD100ST-001,A,30.0,0.0,30.0,SOLO EN DETALLADO
2026-07-08|CUCULI|XRD100ST-001|B,2026-07-08,CUCULI,XRD100ST-001,B,15.0,0.0,15.0,SOLO EN DETALLADO
2026-07-08|INMACULADA|XLM75UFDR-001|A,2026-07-08,INMACULADA,XLM75UFDR-001,A,37.2,19.5,17.7,REPARTICION DE TURNO (DIA/NOCHE)
2026-07-08|INMACULADA|XLM75UFDR-001|B,2026-07-08,INMACULADA,XLM75UFDR-001,B,0.0,17.7,-17.7,SOLO EN CONTROL INTERNO
2026-07-08|INMACULADA|XRD150U-003|A,2026-07-08,INMACULADA,XRD150U-003,A,46.5,24.0,22.5,REPARTICION DE TURNO (DIA/NOCHE)
2026-07-08|INMACULADA|XRD150U-003|B,2026-07-08,INMACULADA,XRD150U-003,B,0.0,22.5,-22.5,SOLO EN CONTROL INTERNO
2026-07-08|INMACULADA|XRD150USS-004|A,2026-07-08,INMACULADA,XRD150USS-004,A,0.0,0.0,0.0,COINCIDE OK
2026-07-08|INMACULADA|XRD150USS-004|B,2026-07-08,INMACULADA,XRD150USS-004,B,0.0,0.0,0.0,COINCIDE OK
2026-07-08|INMACULADA|XRD250U-001|A,2026-07-08,INMACULADA,XRD250U-001,A,19.200000000000003,16.5,2.7,REPARTICION DE TURNO (DIA/NOCHE)
2026-07-08|INMACULADA|XRD250U-001|B,2026-07-08,INMACULADA,XRD250U-001,B,0.0,2.7,-2.7,SOLO EN CONTROL INTERNO
2026-07-08|INMACULADA|XRD80USS-008|A,2026-07-08,INMACULADA,XRD80USS-008,A,42.0,27.0,15.0,REPARTICION DE TURNO (DIA/NOCHE)
2026-07-08|INMACULADA|XRD80USS-008|B,2026-07-08,INMACULADA,XRD80USS-008,B,0.0,15.0,-15.0,SOLO EN CONTROL INTERNO
2026-07-08|INMACULADA|XRD90U-012|A,2026-07-08,INMACULADA,XRD90U-012,A,45.0,23.0,22.0,REPARTICION DE TURNO (DIA/NOCHE)
2026-07-08|INMACULADA|XRD90U-012|B,2026-07-08,INMACULADA,XRD90U-012,B,0.0,22.0,-22.0,SOLO EN CONTROL INTERNO
2026-07-08|INMACULADA|XRD90U-016|A,2026-07-08,INMACULADA,XRD90U-016,A,28.599999999999994,1.6,27.0,REPARTICION DE TURNO (DIA/NOCHE)
2026-07-08|INMACULADA|XRD90U-016|B,2026-07-08,INMACULADA,XRD90U-016,B,0.0,27.0,-27.0,SOLO EN CONTROL INTERNO
2026-07-08|LA ESTRELLA|XRD150U-004|A,2026-07-08,LA ESTRELLA,XRD150U-004,A,3.0,3.0,0.0,COINCIDE OK
2026-07-08|LA ESTRELLA|XRD150U-004|B,2026-07-08,LA ESTRELLA,XRD150U-004,B,0.0,0.0,0.0,COINCIDE OK
2026-07-08|LA ESTRELLA|XRD150U-006|A,2026-07-08,LA ESTRELLA,XRD150U-006,A,44.0,44.0,0.0,COINCIDE OK
2026-07-08|LA ESTRELLA|XRD150U-006|B,2026-07-08,LA ESTRELLA,XRD150U-006,B,0.0,0.0,0.0,COINCIDE OK
2026-07-08|MOROCOCHA|XRD150USS-002|A,2026-07-08,MOROCOCHA,XRD150USS-002,A,18.200000000000003,18.2,0.0,COINCIDE OK
2026-07-08|MOROCOCHA|XRD150USS-002|B,2026-07-08,MOROCOCHA,XRD150USS-002,B,13.650000000000006,13.65,0.0,COINCIDE OK
2026-07-08|MOROCOCHA|XRD80USS-011|A,2026-07-08,MOROCOCHA,XRD80USS-011,A,24.8,24.8,0.0,COINCIDE OK
2026-07-08|MOROCOCHA|XRD80USS-011|B,2026-07-08,MOROCOCHA,XRD80USS-011,B,30.200000000000003,30.2,0.0,COINCIDE OK
2026-07-08|MOROCOCHA|XRD90USS-005|A,2026-07-08,MOROCOCHA,XRD90USS-005,A,0.0,0.0,0.0,COINCIDE OK
2026-07-08|MOROCOCHA|XRD90USS-005|B,2026-07-08,MOROCOCHA,XRD90USS-005,B,0.0,0.0,0.0,COINCIDE OK
2026-07-08|RAURA|XRD150U-005|A,2026-07-08,RAURA,XRD150U-005,A,21.090000000000003,21.09,0.0,COINCIDE OK
2026-07-08|RAURA|XRD150U-005|B,2026-07-08,RAURA,XRD150U-005,B,19.950000000000003,19.95,0.0,COINCIDE OK
2026-07-08|RAURA|XRD150UBT-001|A,2026-07-08,RAURA,XRD150UBT-001,A,24.33,24.33,0.0,COINCIDE OK
2026-07-08|RAURA|XRD150UBT-001|B,2026-07-08,RAURA,XRD150UBT-001,B,25.81,25.81,0.0,COINCIDE OK
2026-07-08|RAURA|XRD90USS-001|A,2026-07-08,RAURA,XRD90USS-001,A,0.0,0.0,0.0,COINCIDE OK
2026-07-08|RAURA|XRD90USS-001|B,2026-07-08,RAURA,XRD90USS-001,B,11.05,11.05,0.0,COINCIDE OK
2026-07-08|RAURA|XRD90USS-004|A,2026-07-08,RAURA,XRD90USS-004,A,3.8400000000000034,3.84,0.0,COINCIDE OK
2026-07-08|RAURA|XRD90USS-004|B,2026-07-08,RAURA,XRD90USS-004,B,7.770000000000003,7.77,0.0,COINCIDE OK
2026-07-08|SAN CRISTOBAL|DE710ST-001|A,2026-07-08,SAN CRISTOBAL,DE710ST-001,A,1.5,1.5,0.0,COINCIDE OK
2026-07-08|SAN CRISTOBAL|DE710ST-001|B,2026-07-08,SAN CRISTOBAL,DE710ST-001,B,0.0,0.0,0.0,COINCIDE OK
2026-07-08|SAN CRISTOBAL|XRD90U-004|A,2026-07-08,SAN CRISTOBAL,XRD90U-004,A,23.599999999999994,23.6,-0.0,COINCIDE OK
2026-07-08|SAN CRISTOBAL|XRD90U-004|B,2026-07-08,SAN CRISTOBAL,XRD90U-004,B,14.449999999999989,14.45,-0.0,COINCIDE OK
2026-07-08|SAN CRISTOBAL|XRD90U-010|A,2026-07-08,SAN CRISTOBAL,XRD90U-010,A,21.0,21.0,0.0,COINCIDE OK
2026-07-08|SAN CRISTOBAL|XRD90U-010|B,2026-07-08,SAN CRISTOBAL,XRD90U-010,B,15.149999999999975,15.15,-0.0,COINCIDE OK
2026-07-08|SAN CRISTOBAL|XRD90U-023|A,2026-07-08,SAN CRISTOBAL,XRD90U-023,A,6.449999999999989,6.45,-0.0,COINCIDE OK
2026-07-08|SAN CRISTOBAL|XRD90U-023|B,2026-07-08,SAN CRISTOBAL,XRD90U-023,B,3.4499999999999886,3.45,-0.0,COINCIDE OK
2026-07-08|TICLIO|XRD150U-007|A,2026-07-08,TICLIO,XRD150U-007,A,6.5,6.5,0.0,COINCIDE OK
2026-07-08|TICLIO|XRD150U-007|B,2026-07-08,TICLIO,XRD150U-007,B,7.599999999999994,7.6,-0.0,COINCIDE OK
2026-07-08|YAULIYACU|XDR50USS-00T|A,2026-07-08,YAULIYACU,XDR50USS-00T,A,14.950000000000015,14.95,0.0,COINCIDE OK
2026-07-08|YAULIYACU|XDR50USS-00T|B,2026-07-08,YAULIYACU,XDR50USS-00T,B,0.0,0.0,0.0,COINCIDE OK
2026-07-08|YAULIYACU|XRD125USS-001|A,2026-07-08,YAULIYACU,XRD125USS-001,A,5.599999999999994,3.2,2.4,REPARTICION DE TURNO (DIA/NOCHE)
2026-07-08|YAULIYACU|XRD125USS-001|B,2026-07-08,YAULIYACU,XRD125USS-001,B,0.0,2.4,-2.4,SOLO EN CONTROL INTERNO
2026-07-08|YAULIYACU|XRD50USS-003|A,2026-07-08,YAULIYACU,XRD50USS-003,A,32.6,0.0,32.6,SOLO EN DETALLADO
2026-07-08|YAULIYACU|XRD50USS-003|B,2026-07-08,YAULIYACU,XRD50USS-003,B,0.0,32.6,-32.6,SOLO EN CONTROL INTERNO
2026-07-09|AMERICANA|LM110U-001|A,2026-07-09,AMERICANA,LM110U-001,A,0.0,0.0,0.0,COINCIDE OK
2026-07-09|AMERICANA|LM110U-001|B,2026-07-09,AMERICANA,LM110U-001,B,0.0,0.0,0.0,COINCIDE OK
2026-07-09|AMERICANA|XRD50U-002|A,2026-07-09,AMERICANA,XRD50U-002,A,35.0,35.0,0.0,COINCIDE OK
2026-07-09|AMERICANA|XRD50U-002|B,2026-07-09,AMERICANA,XRD50U-002,B,35.0,35.0,0.0,COINCIDE OK
2026-07-09|AMERICANA|XRD50USS-001|A,2026-07-09,AMERICANA,XRD50USS-001,A,4.5,4.5,0.0,COINCIDE OK
2026-07-09|AMERICANA|XRD50USS-001|B,2026-07-09,AMERICANA,XRD50USS-001,B,0.0,0.0,0.0,COINCIDE OK
2026-07-09|ANDAYCHAGUA|LF90D ST-002|A,2026-07-09,ANDAYCHAGUA,LF90D ST-002,A,29.5,29.5,0.0,COINCIDE OK
2026-07-09|ANDAYCHAGUA|LF90D ST-002|B,2026-07-09,ANDAYCHAGUA,LF90D ST-002,B,17.400000000000034,17.4,0.0,COINCIDE OK
2026-07-09|ANDAYCHAGUA|XRD150U-001|A,2026-07-09,ANDAYCHAGUA,XRD150U-001,A,16.94999999999999,16.95,-0.0,COINCIDE OK
2026-07-09|ANDAYCHAGUA|XRD150U-001|B,2026-07-09,ANDAYCHAGUA,XRD150U-001,B,13.400000000000034,13.4,0.0,COINCIDE OK
2026-07-09|ANDAYCHAGUA|XRD80USS-010|A,2026-07-09,ANDAYCHAGUA,XRD80USS-010,A,9.899999999999991,9.9,-0.0,COINCIDE OK
2026-07-09|ANDAYCHAGUA|XRD80USS-010|B,2026-07-09,ANDAYCHAGUA,XRD80USS-010,B,0.0,0.0,0.0,COINCIDE OK
2026-07-09|CATALINA HUANCA|XRD100U-001|A,2026-07-09,CATALINA HUANCA,XRD100U-001,A,25.200000000000003,25.2,0.0,COINCIDE OK
2026-07-09|CATALINA HUANCA|XRD100U-001|B,2026-07-09,CATALINA HUANCA,XRD100U-001,B,28.5,28.5,0.0,COINCIDE OK
2026-07-09|CATALINA HUANCA|XRD125UFDR-001|A,2026-07-09,CATALINA HUANCA,XRD125UFDR-001,A,20.099999999999994,20.1,-0.0,COINCIDE OK
2026-07-09|CATALINA HUANCA|XRD125UFDR-001|B,2026-07-09,CATALINA HUANCA,XRD125UFDR-001,B,17.80000000000001,17.8,0.0,COINCIDE OK
2026-07-09|CATALINA HUANCA|XRD50U-003|A,2026-07-09,CATALINA HUANCA,XRD50U-003,A,9.5,9.5,0.0,COINCIDE OK
2026-07-09|CATALINA HUANCA|XRD50U-003|B,2026-07-09,CATALINA HUANCA,XRD50U-003,B,0.0,0.0,0.0,COINCIDE OK
2026-07-09|CATALINA HUANCA|XRD50USS-004|A,2026-07-09,CATALINA HUANCA,XRD50USS-004,A,4.0,4.0,0.0,COINCIDE OK
2026-07-09|CATALINA HUANCA|XRD50USS-004|B,2026-07-09,CATALINA HUANCA,XRD50USS-004,B,23.8,23.8,0.0,COINCIDE OK
2026-07-09|CATALINA HUANCA|XRD90U-005|A,2026-07-09,CATALINA HUANCA,XRD90U-005,A,20.0,20.0,0.0,COINCIDE OK
2026-07-09|CATALINA HUANCA|XRD90U-005|B,2026-07-09,CATALINA HUANCA,XRD90U-005,B,20.5,20.5,0.0,COINCIDE OK
2026-07-09|CERRO|XRD150U-002|A,2026-07-09,CERRO,XRD150U-002,A,9.0,9.0,0.0,COINCIDE OK
2026-07-09|CERRO|XRD150U-002|B,2026-07-09,CERRO,XRD150U-002,B,12.099999999999998,12.1,-0.0,COINCIDE OK
2026-07-09|CHUNGAR|LM110U-001|A,2026-07-09,CHUNGAR,LM110U-001,A,14.800000000000004,14.8,0.0,COINCIDE OK
2026-07-09|CHUNGAR|LM110U-001|B,2026-07-09,CHUNGAR,LM110U-001,B,0.0,0.0,0.0,COINCIDE OK
2026-07-09|CHUNGAR|LM90U-001|A,2026-07-09,CHUNGAR,LM90U-001,A,16.5,4.5,12.0,REPARTICION DE TURNO (DIA/NOCHE)
2026-07-09|CHUNGAR|LM90U-001|B,2026-07-09,CHUNGAR,LM90U-001,B,0.0,12.0,-12.0,SOLO EN CONTROL INTERNO
2026-07-09|CHUNGAR|XRD120U-001|A,2026-07-09,CHUNGAR,XRD120U-001,A,0.0,0.0,0.0,COINCIDE OK
2026-07-09|CHUNGAR|XRD120U-001|B,2026-07-09,CHUNGAR,XRD120U-001,B,0.0,0.0,0.0,COINCIDE OK
2026-07-09|CHUNGAR|XRD90U-021|A,2026-07-09,CHUNGAR,XRD90U-021,A,28.75000000000001,20.75,8.0,REPARTICION DE TURNO (DIA/NOCHE)
2026-07-09|CHUNGAR|XRD90U-021|B,2026-07-09,CHUNGAR,XRD90U-021,B,0.0,8.0,-8.0,SOLO EN CONTROL INTERNO
2026-07-09|CHUNGAR|XRD90USS-003|A,2026-07-09,CHUNGAR,XRD90USS-003,A,39.8,17.65,22.15,REPARTICION DE TURNO (DIA/NOCHE)
2026-07-09|CHUNGAR|XRD90USS-003|B,2026-07-09,CHUNGAR,XRD90USS-003,B,0.0,22.15,-22.15,SOLO EN CONTROL INTERNO
2026-07-09|COBRIZA|XDR100ST-001|A,2026-07-09,COBRIZA,XDR100ST-001,A,0.0,0.0,0.0,COINCIDE OK
2026-07-09|COBRIZA|XDR100ST-001|B,2026-07-09,COBRIZA,XDR100ST-001,B,0.0,0.0,0.0,COINCIDE OK
2026-07-09|COBRIZA|XLM75UFDR-003|A,2026-07-09,COBRIZA,XLM75UFDR-003,A,31.3,31.3,0.0,COINCIDE OK
2026-07-09|COBRIZA|XLM75UFDR-003|B,2026-07-09,COBRIZA,XLM75UFDR-003,B,18.0,18.0,0.0,COINCIDE OK
2026-07-09|COBRIZA|XRD125UFDR-002|A,2026-07-09,COBRIZA,XRD125UFDR-002,A,28.8,28.8,0.0,COINCIDE OK
2026-07-09|COBRIZA|XRD125UFDR-002|B,2026-07-09,COBRIZA,XRD125UFDR-002,B,29.19999999999999,29.2,-0.0,COINCIDE OK
2026-07-09|COBRIZA|XRD150U-008|A,2026-07-09,COBRIZA,XRD150U-008,A,36.2,36.2,0.0,COINCIDE OK
2026-07-09|COBRIZA|XRD150U-008|B,2026-07-09,COBRIZA,XRD150U-008,B,42.6,42.6,0.0,COINCIDE OK
2026-07-09|COBRIZA|XRD50UFDR-001|A,2026-07-09,COBRIZA,XRD50UFDR-001,A,36.0,36.0,0.0,COINCIDE OK
2026-07-09|COBRIZA|XRD50UFDR-001|B,2026-07-09,COBRIZA,XRD50UFDR-001,B,30.1,30.1,0.0,COINCIDE OK
2026-07-09|COBRIZA|XRD50USS-002|A,2026-07-09,COBRIZA,XRD50USS-002,A,0.0,0.0,0.0,COINCIDE OK
2026-07-09|COBRIZA|XRD50USS-002|B,2026-07-09,COBRIZA,XRD50USS-002,B,0.0,0.0,0.0,COINCIDE OK
2026-07-09|COBRIZA|XRD80USS-006|A,2026-07-09,COBRIZA,XRD80USS-006,A,2.0,2.0,0.0,COINCIDE OK
2026-07-09|COBRIZA|XRD80USS-006|B,2026-07-09,COBRIZA,XRD80USS-006,B,35.4,35.4,0.0,COINCIDE OK
2026-07-09|COBRIZA|XRD90U-019|A,2026-07-09,COBRIZA,XRD90U-019,A,0.0,0.0,0.0,COINCIDE OK
2026-07-09|COBRIZA|XRD90U-019|B,2026-07-09,COBRIZA,XRD90U-019,B,0.0,0.0,0.0,COINCIDE OK
2026-07-09|COLQUISIRI|XRD80USS-012|A,2026-07-09,COLQUISIRI,XRD80USS-012,A,20.0,20.0,0.0,COINCIDE OK
2026-07-09|COLQUISIRI|XRD80USS-012|B,2026-07-09,COLQUISIRI,XRD80USS-012,B,21.09999999999997,21.1,-0.0,COINCIDE OK
2026-07-09|CONDESTABLE|XLM75UFDR-002|A,2026-07-09,CONDESTABLE,XLM75UFDR-002,A,10.5,10.5,0.0,COINCIDE OK
2026-07-09|CONDESTABLE|XLM75UFDR-002|B,2026-07-09,CONDESTABLE,XLM75UFDR-002,B,13.800000000000011,13.8,0.0,COINCIDE OK
2026-07-09|CONDESTABLE|XLM75UFDR-004|A,2026-07-09,CONDESTABLE,XLM75UFDR-004,A,0.0,0.0,0.0,COINCIDE OK
2026-07-09|CONDESTABLE|XLM75UFDR-004|B,2026-07-09,CONDESTABLE,XLM75UFDR-004,B,0.0,0.0,0.0,COINCIDE OK
2026-07-09|CONDESTABLE|XRD150USS-003|A,2026-07-09,CONDESTABLE,XRD150USS-003,A,0.0,0.0,0.0,COINCIDE OK
2026-07-09|CONDESTABLE|XRD150USS-003|B,2026-07-09,CONDESTABLE,XRD150USS-003,B,0.0,0.0,0.0,COINCIDE OK
2026-07-09|CONDESTABLE|XRD80ITH-001|A,2026-07-09,CONDESTABLE,XRD80ITH-001,A,36.0,36.0,0.0,COINCIDE OK
2026-07-09|CONDESTABLE|XRD80ITH-001|B,2026-07-09,CONDESTABLE,XRD80ITH-001,B,33.599999999999994,33.6,-0.0,COINCIDE OK
2026-07-09|CUCULII|XRD100ST-001|A,2026-07-09,CUCULI,XRD100ST-001,A,0.0,0.0,0.0,COINCIDE OK
2026-07-09|CUCULII|XRD100ST-001|B,2026-07-09,CUCULI,XRD100ST-001,B,0.0,15.0,-15.0,SOLO EN CONTROL INTERNO
2026-07-09|CUCULI|XRD100ST-001|A,2026-07-09,CUCULI,XRD100ST-001,A,15.0,0.0,15.0,SOLO EN DETALLADO
2026-07-09|INMACULADA|XLM75UFDR-001|A,2026-07-09,INMACULADA,XLM75UFDR-001,A,25.8,4.8,21.0,REPARTICION DE TURNO (DIA/NOCHE)
2026-07-09|INMACULADA|XLM75UFDR-001|B,2026-07-09,INMACULADA,XLM75UFDR-001,B,0.0,21.0,-21.0,SOLO EN CONTROL INTERNO
2026-07-09|INMACULADA|XRD150U-003|A,2026-07-09,INMACULADA,XRD150U-003,A,37.5,15.0,22.5,REPARTICION DE TURNO (DIA/NOCHE)
2026-07-09|INMACULADA|XRD150U-003|B,2026-07-09,INMACULADA,XRD150U-003,B,0.0,22.5,-22.5,SOLO EN CONTROL INTERNO
2026-07-09|INMACULADA|XRD150USS-004|A,2026-07-09,INMACULADA,XRD150USS-004,A,0.0,0.0,0.0,COINCIDE OK
2026-07-09|INMACULADA|XRD150USS-004|B,2026-07-09,INMACULADA,XRD150USS-004,B,0.0,0.0,0.0,COINCIDE OK
2026-07-09|INMACULADA|XRD250U-001|A,2026-07-09,INMACULADA,XRD250U-001,A,0.0,0.0,0.0,COINCIDE OK
2026-07-09|INMACULADA|XRD250U-001|B,2026-07-09,INMACULADA,XRD250U-001,B,0.0,0.0,0.0,COINCIDE OK
2026-07-09|INMACULADA|XRD80USS-008|A,2026-07-09,INMACULADA,XRD80USS-008,A,40.5,12.0,28.5,REPARTICION DE TURNO (DIA/NOCHE)
2026-07-09|INMACULADA|XRD80USS-008|B,2026-07-09,INMACULADA,XRD80USS-008,B,0.0,28.5,-28.5,SOLO EN CONTROL INTERNO
2026-07-09|INMACULADA|XRD90U-012|A,2026-07-09,INMACULADA,XRD90U-012,A,27.0,8.0,19.0,REPARTICION DE TURNO (DIA/NOCHE)
2026-07-09|INMACULADA|XRD90U-012|B,2026-07-09,INMACULADA,XRD90U-012,B,0.0,19.0,-19.0,SOLO EN CONTROL INTERNO
2026-07-09|INMACULADA|XRD90U-016|A,2026-07-09,INMACULADA,XRD90U-016,A,23.0,11.4,11.6,REPARTICION DE TURNO (DIA/NOCHE)
2026-07-09|INMACULADA|XRD90U-016|B,2026-07-09,INMACULADA,XRD90U-016,B,0.0,11.6,-11.6,SOLO EN CONTROL INTERNO
2026-07-09|LA ESTRELLA|XRD150U-004|A,2026-07-09,LA ESTRELLA,XRD150U-004,A,6.300000000000011,6.3,0.0,COINCIDE OK
2026-07-09|LA ESTRELLA|XRD150U-004|B,2026-07-09,LA ESTRELLA,XRD150U-004,B,0.0,0.0,0.0,COINCIDE OK
2026-07-09|LA ESTRELLA|XRD150U-006|A,2026-07-09,LA ESTRELLA,XRD150U-006,A,13.899999999999991,13.9,-0.0,COINCIDE OK
2026-07-09|LA ESTRELLA|XRD150U-006|B,2026-07-09,LA ESTRELLA,XRD150U-006,B,0.0,0.0,0.0,COINCIDE OK
2026-07-09|MOROCOCHA|XRD150USS-002|A,2026-07-09,MOROCOCHA,XRD150USS-002,A,24.549999999999983,24.55,-0.0,COINCIDE OK
2026-07-09|MOROCOCHA|XRD150USS-002|B,2026-07-09,MOROCOCHA,XRD150USS-002,B,0.0,0.0,0.0,COINCIDE OK
2026-07-09|MOROCOCHA|XRD80USS-011|A,2026-07-09,MOROCOCHA,XRD80USS-011,A,27.25,27.25,0.0,COINCIDE OK
2026-07-09|MOROCOCHA|XRD80USS-011|B,2026-07-09,MOROCOCHA,XRD80USS-011,B,27.10000000000001,27.1,0.0,COINCIDE OK
2026-07-09|MOROCOCHA|XRD90USS-005|A,2026-07-09,MOROCOCHA,XRD90USS-005,A,0.0,0.0,0.0,COINCIDE OK
2026-07-09|MOROCOCHA|XRD90USS-005|B,2026-07-09,MOROCOCHA,XRD90USS-005,B,0.0,0.0,0.0,COINCIDE OK
2026-07-09|RAURA|XRD150U-005|A,2026-07-09,RAURA,XRD150U-005,A,7.3799999999999955,7.38,-0.0,COINCIDE OK
2026-07-09|RAURA|XRD150U-005|B,2026-07-09,RAURA,XRD150U-005,B,0.0,0.0,0.0,COINCIDE OK
2026-07-09|RAURA|XRD150UBT-001|A,2026-07-09,RAURA,XRD150UBT-001,A,16.280000000000015,16.28,0.0,COINCIDE OK
2026-07-09|RAURA|XRD150UBT-001|B,2026-07-09,RAURA,XRD150UBT-001,B,0.0,0.0,0.0,COINCIDE OK
2026-07-09|RAURA|XRD90USS-001|A,2026-07-09,RAURA,XRD90USS-001,A,6.009999999999998,6.01,-0.0,COINCIDE OK
2026-07-09|RAURA|XRD90USS-001|B,2026-07-09,RAURA,XRD90USS-001,B,0.0,0.0,0.0,COINCIDE OK
2026-07-09|RAURA|XRD90USS-004|A,2026-07-09,RAURA,XRD90USS-004,A,0.0,0.0,0.0,COINCIDE OK
2026-07-09|RAURA|XRD90USS-004|B,2026-07-09,RAURA,XRD90USS-004,B,0.0,0.0,0.0,COINCIDE OK
2026-07-09|SAN CRISTOBAL|DE710ST-001|A,2026-07-09,SAN CRISTOBAL,DE710ST-001,A,6.4,6.4,0.0,COINCIDE OK
2026-07-09|SAN CRISTOBAL|DE710ST-001|B,2026-07-09,SAN CRISTOBAL,DE710ST-001,B,21.0,21.0,0.0,COINCIDE OK
2026-07-09|SAN CRISTOBAL|XRD90U-004|A,2026-07-09,SAN CRISTOBAL,XRD90U-004,A,1.900000000000034,1.9,0.0,COINCIDE OK
2026-07-09|SAN CRISTOBAL|XRD90U-004|B,2026-07-09,SAN CRISTOBAL,XRD90U-004,B,1.1499999999999773,1.15,-0.0,COINCIDE OK
2026-07-09|SAN CRISTOBAL|XRD90U-010|A,2026-07-09,SAN CRISTOBAL,XRD90U-010,A,15.100000000000025,15.1,0.0,COINCIDE OK
2026-07-09|SAN CRISTOBAL|XRD90U-010|B,2026-07-09,SAN CRISTOBAL,XRD90U-010,B,5.849999999999966,5.85,-0.0,COINCIDE OK
2026-07-09|SAN CRISTOBAL|XRD90U-023|A,2026-07-09,SAN CRISTOBAL,XRD90U-023,A,6.949999999999989,6.95,-0.0,COINCIDE OK
2026-07-09|SAN CRISTOBAL|XRD90U-023|B,2026-07-09,SAN CRISTOBAL,XRD90U-023,B,8.400000000000034,8.4,0.0,COINCIDE OK
2026-07-09|TAMBOJASA|DE710T-002|A,2026-07-09,TAMBOJASA,DE710T-002,A,0.0,0.0,0.0,COINCIDE OK
2026-07-09|TAMBOJASA|DE710T-002|B,2026-07-09,TAMBOJASA,DE710T-002,B,0.0,0.0,0.0,COINCIDE OK
2026-07-09|TICLIO|XRD150U-007|A,2026-07-09,TICLIO,XRD150U-007,A,13.099999999999994,13.1,-0.0,COINCIDE OK
2026-07-09|TICLIO|XRD150U-007|B,2026-07-09,TICLIO,XRD150U-007,B,0.3999999999999772,0.4,-0.0,COINCIDE OK
2026-07-09|YAULIYACU|XDR50USS-00T|A,2026-07-09,YAULIYACU,XDR50USS-00T,A,0.0,0.0,0.0,COINCIDE OK
2026-07-09|YAULIYACU|XDR50USS-00T|B,2026-07-09,YAULIYACU,XDR50USS-00T,B,0.0,0.0,0.0,COINCIDE OK
2026-07-09|YAULIYACU|XRD125USS-001|A,2026-07-09,YAULIYACU,XRD125USS-001,A,0.0,0.0,0.0,COINCIDE OK
2026-07-09|YAULIYACU|XRD125USS-001|B,2026-07-09,YAULIYACU,XRD125USS-001,B,0.0,0.0,0.0,COINCIDE OK
2026-07-09|YAULIYACU|XRD50USS-003|A,2026-07-09,YAULIYACU,XRD50USS-003,A,69.15,37.75,31.4,REPARTICION DE TURNO (DIA/NOCHE)
2026-07-09|YAULIYACU|XRD50USS-003|B,2026-07-09,YAULIYACU,XRD50USS-003,B,0.0,31.4,-31.4,SOLO EN CONTROL INTERNO
2026-07-09|YAURICOCHA|XRD150USS-001|A,2026-07-09,YAURICOCHA,XRD150USS-001,A,0.0,0.0,0.0,COINCIDE OK
2026-07-09|YAURICOCHA|XRD150USS-001|B,2026-07-09,YAURICOCHA,XRD150USS-001,B,0.0,0.0,0.0,COINCIDE OK
2026-07-10|AMERICANA|LM110U-001|A,2026-07-10,AMERICANA,LM110U-001,A,0.0,0.0,0.0,COINCIDE OK
2026-07-10|AMERICANA|LM110U-001|B,2026-07-10,AMERICANA,LM110U-001,B,0.0,0.0,0.0,COINCIDE OK
2026-07-10|AMERICANA|XRD50U-002|A,2026-07-10,AMERICANA,XRD50U-002,A,15.0,15.0,0.0,COINCIDE OK
2026-07-10|AMERICANA|XRD50U-002|B,2026-07-10,AMERICANA,XRD50U-002,B,0.0,0.0,0.0,COINCIDE OK
2026-07-10|AMERICANA|XRD50USS-001|A,2026-07-10,AMERICANA,XRD50USS-001,A,31.3,0.0,31.3,SOLO EN DETALLADO
2026-07-10|AMERICANA|XRD50USS-001|B,2026-07-10,AMERICANA,XRD50USS-001,B,0.0,31.3,-31.3,SOLO EN CONTROL INTERNO
2026-07-10|ANDAYCHAGUA|LF90D ST-002|A,2026-07-10,ANDAYCHAGUA,LF90D ST-002,A,15.5,15.5,0.0,COINCIDE OK
2026-07-10|ANDAYCHAGUA|LF90D ST-002|B,2026-07-10,ANDAYCHAGUA,LF90D ST-002,B,11.550000000000011,11.55,0.0,COINCIDE OK
2026-07-10|ANDAYCHAGUA|XRD150U-001|A,2026-07-10,ANDAYCHAGUA,XRD150U-001,A,12.0,12.0,0.0,COINCIDE OK
2026-07-10|ANDAYCHAGUA|XRD150U-001|B,2026-07-10,ANDAYCHAGUA,XRD150U-001,B,13.899999999999975,13.9,-0.0,COINCIDE OK
2026-07-10|ANDAYCHAGUA|XRD80USS-010|A,2026-07-10,ANDAYCHAGUA,XRD80USS-010,A,0.0,0.0,0.0,COINCIDE OK
2026-07-10|ANDAYCHAGUA|XRD80USS-010|B,2026-07-10,ANDAYCHAGUA,XRD80USS-010,B,7.0,7.0,0.0,COINCIDE OK
2026-07-10|CATALINA HUANCA|XRD100U-001|A,2026-07-10,CATALINA HUANCA,XRD100U-001,A,25.299999999999983,25.3,-0.0,COINCIDE OK
2026-07-10|CATALINA HUANCA|XRD100U-001|B,2026-07-10,CATALINA HUANCA,XRD100U-001,B,18.200000000000017,18.2,0.0,COINCIDE OK
2026-07-10|CATALINA HUANCA|XRD125UFDR-001|A,2026-07-10,CATALINA HUANCA,XRD125UFDR-001,A,17.30000000000001,17.3,0.0,COINCIDE OK
2026-07-10|CATALINA HUANCA|XRD125UFDR-001|B,2026-07-10,CATALINA HUANCA,XRD125UFDR-001,B,10.5,10.5,0.0,COINCIDE OK
2026-07-10|CATALINA HUANCA|XRD50U-003|A,2026-07-10,CATALINA HUANCA,XRD50U-003,A,0.0,0.0,0.0,COINCIDE OK
2026-07-10|CATALINA HUANCA|XRD50U-003|B,2026-07-10,CATALINA HUANCA,XRD50U-003,B,0.0,0.0,0.0,COINCIDE OK
2026-07-10|CATALINA HUANCA|XRD50USS-004|A,2026-07-10,CATALINA HUANCA,XRD50USS-004,A,8.7,8.7,0.0,COINCIDE OK
2026-07-10|CATALINA HUANCA|XRD50USS-004|B,2026-07-10,CATALINA HUANCA,XRD50USS-004,B,18.6,18.6,0.0,COINCIDE OK
2026-07-10|CATALINA HUANCA|XRD90U-005|A,2026-07-10,CATALINA HUANCA,XRD90U-005,A,16.5,16.5,0.0,COINCIDE OK
2026-07-10|CATALINA HUANCA|XRD90U-005|B,2026-07-10,CATALINA HUANCA,XRD90U-005,B,0.0,0.0,0.0,COINCIDE OK
2026-07-10|CERRO|XRD150U-002|A,2026-07-10,CERRO,XRD150U-002,A,4.899999999999999,4.9,-0.0,COINCIDE OK
2026-07-10|CERRO|XRD150U-002|B,2026-07-10,CERRO,XRD150U-002,B,11.400000000000006,11.4,0.0,COINCIDE OK
2026-07-10|CHUNGAR|LM110U-001|A,2026-07-10,CHUNGAR,LM110U-001,A,22.9,16.1,6.8,REPARTICION DE TURNO (DIA/NOCHE)
2026-07-10|CHUNGAR|LM110U-001|B,2026-07-10,CHUNGAR,LM110U-001,B,0.0,6.8,-6.8,SOLO EN CONTROL INTERNO
2026-07-10|CHUNGAR|LM90U-001|A,2026-07-10,CHUNGAR,LM90U-001,A,21.0,7.5,13.5,REPARTICION DE TURNO (DIA/NOCHE)
2026-07-10|CHUNGAR|LM90U-001|B,2026-07-10,CHUNGAR,LM90U-001,B,0.0,13.5,-13.5,SOLO EN CONTROL INTERNO
2026-07-10|CHUNGAR|XRD120U-001|A,2026-07-10,CHUNGAR,XRD120U-001,A,0.0,0.0,0.0,COINCIDE OK
2026-07-10|CHUNGAR|XRD120U-001|B,2026-07-10,CHUNGAR,XRD120U-001,B,0.0,0.0,0.0,COINCIDE OK
2026-07-10|CHUNGAR|XRD90U-021|A,2026-07-10,CHUNGAR,XRD90U-021,A,15.899999999999977,2.8,13.1,REPARTICION DE TURNO (DIA/NOCHE)
2026-07-10|CHUNGAR|XRD90U-021|B,2026-07-10,CHUNGAR,XRD90U-021,B,0.0,13.1,-13.1,SOLO EN CONTROL INTERNO
2026-07-10|CHUNGAR|XRD90USS-003|A,2026-07-10,CHUNGAR,XRD90USS-003,A,16.05000000000001,14.1,1.95,REPARTICION DE TURNO (DIA/NOCHE)
2026-07-10|CHUNGAR|XRD90USS-003|B,2026-07-10,CHUNGAR,XRD90USS-003,B,0.0,1.95,-1.95,SOLO EN CONTROL INTERNO
2026-07-10|COBRIZA|XDR100ST-001|A,2026-07-10,COBRIZA,XDR100ST-001,A,0.0,0.0,0.0,COINCIDE OK
2026-07-10|COBRIZA|XDR100ST-001|B,2026-07-10,COBRIZA,XDR100ST-001,B,0.0,0.0,0.0,COINCIDE OK
2026-07-10|COBRIZA|XLM75UFDR-003|A,2026-07-10,COBRIZA,XLM75UFDR-003,A,16.80000000000001,16.8,0.0,COINCIDE OK
2026-07-10|COBRIZA|XLM75UFDR-003|B,2026-07-10,COBRIZA,XLM75UFDR-003,B,27.19999999999999,27.2,-0.0,COINCIDE OK
2026-07-10|COBRIZA|XRD125UFDR-002|A,2026-07-10,COBRIZA,XRD125UFDR-002,A,21.5,21.5,0.0,COINCIDE OK
2026-07-10|COBRIZA|XRD125UFDR-002|B,2026-07-10,COBRIZA,XRD125UFDR-002,B,7.9,7.9,0.0,COINCIDE OK
2026-07-10|COBRIZA|XRD150U-008|A,2026-07-10,COBRIZA,XRD150U-008,A,35.69999999999999,35.7,-0.0,COINCIDE OK
2026-07-10|COBRIZA|XRD150U-008|B,2026-07-10,COBRIZA,XRD150U-008,B,39.80000000000001,39.8,0.0,COINCIDE OK
2026-07-10|COBRIZA|XRD50UFDR-001|A,2026-07-10,COBRIZA,XRD50UFDR-001,A,41.6,41.6,0.0,COINCIDE OK
2026-07-10|COBRIZA|XRD50UFDR-001|B,2026-07-10,COBRIZA,XRD50UFDR-001,B,25.0,25.0,0.0,COINCIDE OK
2026-07-10|COBRIZA|XRD50USS-002|A,2026-07-10,COBRIZA,XRD50USS-002,A,0.0,0.0,0.0,COINCIDE OK
2026-07-10|COBRIZA|XRD50USS-002|B,2026-07-10,COBRIZA,XRD50USS-002,B,0.0,0.0,0.0,COINCIDE OK
2026-07-10|COBRIZA|XRD80USS-006|A,2026-07-10,COBRIZA,XRD80USS-006,A,30.000000000000007,30.0,0.0,COINCIDE OK
2026-07-10|COBRIZA|XRD80USS-006|B,2026-07-10,COBRIZA,XRD80USS-006,B,14.799999999999995,14.8,-0.0,COINCIDE OK
2026-07-10|COBRIZA|XRD90U-019|A,2026-07-10,COBRIZA,XRD90U-019,A,0.0,0.0,0.0,COINCIDE OK
2026-07-10|COBRIZA|XRD90U-019|B,2026-07-10,COBRIZA,XRD90U-019,B,0.0,0.0,0.0,COINCIDE OK
2026-07-10|COLQUISIRI|XRD80USS-012|A,2026-07-10,COLQUISIRI,XRD80USS-012,A,13.600000000000025,13.6,0.0,COINCIDE OK
2026-07-10|COLQUISIRI|XRD80USS-012|B,2026-07-10,COLQUISIRI,XRD80USS-012,B,21.0,21.0,0.0,COINCIDE OK
2026-07-10|CONDESTABLE|XLM75UFDR-002|A,2026-07-10,CONDESTABLE,XLM75UFDR-002,A,13.199999999999989,13.2,-0.0,COINCIDE OK
2026-07-10|CONDESTABLE|XLM75UFDR-002|B,2026-07-10,CONDESTABLE,XLM75UFDR-002,B,13.5,13.5,0.0,COINCIDE OK
2026-07-10|CONDESTABLE|XLM75UFDR-004|A,2026-07-10,CONDESTABLE,XLM75UFDR-004,A,0.0,0.0,0.0,COINCIDE OK
2026-07-10|CONDESTABLE|XLM75UFDR-004|B,2026-07-10,CONDESTABLE,XLM75UFDR-004,B,4.5,4.5,0.0,COINCIDE OK
2026-07-10|CONDESTABLE|XRD150USS-003|A,2026-07-10,CONDESTABLE,XRD150USS-003,A,0.0,0.0,0.0,COINCIDE OK
2026-07-10|CONDESTABLE|XRD150USS-003|B,2026-07-10,CONDESTABLE,XRD150USS-003,B,0.0,0.0,0.0,COINCIDE OK
2026-07-10|CONDESTABLE|XRD80ITH-001|A,2026-07-10,CONDESTABLE,XRD80ITH-001,A,30.0,30.0,0.0,COINCIDE OK
2026-07-10|CONDESTABLE|XRD80ITH-001|B,2026-07-10,CONDESTABLE,XRD80ITH-001,B,33.0,33.0,0.0,COINCIDE OK
2026-07-10|CUCULII|XRD100ST-001|A,2026-07-10,CUCULI,XRD100ST-001,A,0.0,21.0,-21.0,SOLO EN CONTROL INTERNO
2026-07-10|CUCULII|XRD100ST-001|B,2026-07-10,CUCULI,XRD100ST-001,B,0.0,28.3,-28.3,SOLO EN CONTROL INTERNO
2026-07-10|CUCULI|XRD100ST-001|A,2026-07-10,CUCULI,XRD100ST-001,A,49.30000000000001,0.0,49.3,SOLO EN DETALLADO
2026-07-10|INMACULADA|XLM75UFDR-001|A,2026-07-10,INMACULADA,XLM75UFDR-001,A,12.0,12.0,0.0,COINCIDE OK
2026-07-10|INMACULADA|XLM75UFDR-001|B,2026-07-10,INMACULADA,XLM75UFDR-001,B,18.0,18.0,0.0,COINCIDE OK
2026-07-10|INMACULADA|XRD150U-003|A,2026-07-10,INMACULADA,XRD150U-003,A,4.5,4.5,0.0,COINCIDE OK
2026-07-10|INMACULADA|XRD150U-003|B,2026-07-10,INMACULADA,XRD150U-003,B,1.5,1.5,0.0,COINCIDE OK
2026-07-10|INMACULADA|XRD150USS-004|A,2026-07-10,INMACULADA,XRD150USS-004,A,0.0,0.0,0.0,COINCIDE OK
2026-07-10|INMACULADA|XRD150USS-004|B,2026-07-10,INMACULADA,XRD150USS-004,B,0.0,0.0,0.0,COINCIDE OK
2026-07-10|INMACULADA|XRD250U-001|A,2026-07-10,INMACULADA,XRD250U-001,A,0.0,0.0,0.0,COINCIDE OK
2026-07-10|INMACULADA|XRD250U-001|B,2026-07-10,INMACULADA,XRD250U-001,B,0.0,0.0,0.0,COINCIDE OK
2026-07-10|INMACULADA|XRD80USS-008|A,2026-07-10,INMACULADA,XRD80USS-008,A,6.0,6.0,0.0,COINCIDE OK
2026-07-10|INMACULADA|XRD80USS-008|B,2026-07-10,INMACULADA,XRD80USS-008,B,16.5,16.5,0.0,COINCIDE OK
2026-07-10|INMACULADA|XRD90U-012|A,2026-07-10,INMACULADA,XRD90U-012,A,1.0,1.0,0.0,COINCIDE OK
2026-07-10|INMACULADA|XRD90U-012|B,2026-07-10,INMACULADA,XRD90U-012,B,4.199999999999989,4.2,-0.0,COINCIDE OK
2026-07-10|INMACULADA|XRD90U-016|A,2026-07-10,INMACULADA,XRD90U-016,A,2.9000000000000057,2.9,0.0,COINCIDE OK
2026-07-10|INMACULADA|XRD90U-016|B,2026-07-10,INMACULADA,XRD90U-016,B,23.0,23.0,0.0,COINCIDE OK
2026-07-10|LA ESTRELLA|XRD150U-004|A,2026-07-10,LA ESTRELLA,XRD150U-004,A,20.30000000000001,7.2,13.1,REPARTICION DE TURNO (DIA/NOCHE)
2026-07-10|LA ESTRELLA|XRD150U-004|B,2026-07-10,LA ESTRELLA,XRD150U-004,B,0.0,13.1,-13.1,SOLO EN CONTROL INTERNO
2026-07-10|LA ESTRELLA|XRD150U-006|A,2026-07-10,LA ESTRELLA,XRD150U-006,A,68.2,31.5,36.7,REPARTICION DE TURNO (DIA/NOCHE)
2026-07-10|LA ESTRELLA|XRD150U-006|B,2026-07-10,LA ESTRELLA,XRD150U-006,B,0.0,36.7,-36.7,SOLO EN CONTROL INTERNO
2026-07-10|MOROCOCHA|XRD150USS-002|A,2026-07-10,MOROCOCHA,XRD150USS-002,A,0.0,0.0,0.0,COINCIDE OK
2026-07-10|MOROCOCHA|XRD150USS-002|B,2026-07-10,MOROCOCHA,XRD150USS-002,B,25.8,25.8,0.0,COINCIDE OK
2026-07-10|MOROCOCHA|XRD80USS-011|A,2026-07-10,MOROCOCHA,XRD80USS-011,A,32.94999999999999,32.95,-0.0,COINCIDE OK
2026-07-10|MOROCOCHA|XRD80USS-011|B,2026-07-10,MOROCOCHA,XRD80USS-011,B,28.65000000000001,28.65,0.0,COINCIDE OK
2026-07-10|MOROCOCHA|XRD90USS-005|A,2026-07-10,MOROCOCHA,XRD90USS-005,A,0.0,0.0,0.0,COINCIDE OK
2026-07-10|MOROCOCHA|XRD90USS-005|B,2026-07-10,MOROCOCHA,XRD90USS-005,B,0.0,0.0,0.0,COINCIDE OK
2026-07-10|RAURA|XRD150U-005|A,2026-07-10,RAURA,XRD150U-005,A,0.0,0.0,0.0,COINCIDE OK
2026-07-10|RAURA|XRD150U-005|B,2026-07-10,RAURA,XRD150U-005,B,0.0,0.0,0.0,COINCIDE OK
2026-07-10|RAURA|XRD150UBT-001|A,2026-07-10,RAURA,XRD150UBT-001,A,0.0,0.0,0.0,COINCIDE OK
2026-07-10|RAURA|XRD150UBT-001|B,2026-07-10,RAURA,XRD150UBT-001,B,0.0,0.0,0.0,COINCIDE OK
2026-07-10|RAURA|XRD90USS-001|A,2026-07-10,RAURA,XRD90USS-001,A,0.0,0.0,0.0,COINCIDE OK
2026-07-10|RAURA|XRD90USS-001|B,2026-07-10,RAURA,XRD90USS-001,B,0.0,0.0,0.0,COINCIDE OK
2026-07-10|RAURA|XRD90USS-004|A,2026-07-10,RAURA,XRD90USS-004,A,0.0,0.0,0.0,COINCIDE OK
2026-07-10|RAURA|XRD90USS-004|B,2026-07-10,RAURA,XRD90USS-004,B,0.0,0.0,0.0,COINCIDE OK
2026-07-10|SAN CRISTOBAL|DE710ST-001|A,2026-07-10,SAN CRISTOBAL,DE710ST-001,A,18.0,18.0,0.0,COINCIDE OK
2026-07-10|SAN CRISTOBAL|DE710ST-001|B,2026-07-10,SAN CRISTOBAL,DE710ST-001,B,0.0,0.0,0.0,COINCIDE OK
2026-07-10|SAN CRISTOBAL|XRD90U-004|A,2026-07-10,SAN CRISTOBAL,XRD90U-004,A,0.0,0.0,0.0,COINCIDE OK
2026-07-10|SAN CRISTOBAL|XRD90U-004|B,2026-07-10,SAN CRISTOBAL,XRD90U-004,B,0.0,0.0,0.0,COINCIDE OK
2026-07-10|SAN CRISTOBAL|XRD90U-010|A,2026-07-10,SAN CRISTOBAL,XRD90U-010,A,7.900000000000034,7.9,0.0,COINCIDE OK
2026-07-10|SAN CRISTOBAL|XRD90U-010|B,2026-07-10,SAN CRISTOBAL,XRD90U-010,B,8.899999999999977,8.9,-0.0,COINCIDE OK
2026-07-10|SAN CRISTOBAL|XRD90U-023|A,2026-07-10,SAN CRISTOBAL,XRD90U-023,A,4.449999999999989,4.45,-0.0,COINCIDE OK
2026-07-10|SAN CRISTOBAL|XRD90U-023|B,2026-07-10,SAN CRISTOBAL,XRD90U-023,B,10.050000000000011,10.05,0.0,COINCIDE OK
2026-07-10|TAMBOJASA|DE710T-002|A,2026-07-10,TAMBOJASA,DE710T-002,A,0.0,0.0,0.0,COINCIDE OK
2026-07-10|TAMBOJASA|DE710T-002|B,2026-07-10,TAMBOJASA,DE710T-002,B,0.0,0.0,0.0,COINCIDE OK
2026-07-10|TICLIO|XRD150U-007|A,2026-07-10,TICLIO,XRD150U-007,A,14.450000000000044,14.45,0.0,COINCIDE OK
2026-07-10|TICLIO|XRD150U-007|B,2026-07-10,TICLIO,XRD150U-007,B,11.75,11.75,0.0,COINCIDE OK
2026-07-10|YAULIYACU|XDR50USS-00T|A,2026-07-10,YAULIYACU,XDR50USS-00T,A,0.0,0.0,0.0,COINCIDE OK
2026-07-10|YAULIYACU|XDR50USS-00T|B,2026-07-10,YAULIYACU,XDR50USS-00T,B,0.0,0.0,0.0,COINCIDE OK
2026-07-10|YAULIYACU|XRD125USS-001|A,2026-07-10,YAULIYACU,XRD125USS-001,A,0.0,0.0,0.0,COINCIDE OK
2026-07-10|YAULIYACU|XRD125USS-001|B,2026-07-10,YAULIYACU,XRD125USS-001,B,0.0,0.0,0.0,COINCIDE OK
2026-07-10|YAULIYACU|XRD50USS-003|A,2026-07-10,YAULIYACU,XRD50USS-003,A,46.55000000000001,25.75,20.8,REPARTICION DE TURNO (DIA/NOCHE)
2026-07-10|YAULIYACU|XRD50USS-003|B,2026-07-10,YAULIYACU,XRD50USS-003,B,0.0,20.8,-20.8,SOLO EN CONTROL INTERNO
2026-07-10|YAURICOCHA|XRD150USS-001|A,2026-07-10,YAURICOCHA,XRD150USS-001,A,0.0,0.0,0.0,COINCIDE OK
2026-07-10|YAURICOCHA|XRD150USS-001|B,2026-07-10,YAURICOCHA,XRD150USS-001,B,0.0,0.0,0.0,COINCIDE OK
2026-07-11|AMERICANA|LM110U-001|A,2026-07-11,AMERICANA,LM110U-001,A,0.0,0.0,0.0,COINCIDE OK
2026-07-11|AMERICANA|LM110U-001|B,2026-07-11,AMERICANA,LM110U-001,B,0.0,0.0,0.0,COINCIDE OK
2026-07-11|AMERICANA|XRD50U-002|A,2026-07-11,AMERICANA,XRD50U-002,A,35.0,0.0,35.0,SOLO EN DETALLADO
2026-07-11|AMERICANA|XRD50U-002|B,2026-07-11,AMERICANA,XRD50U-002,B,0.0,35.0,-35.0,SOLO EN CONTROL INTERNO
2026-07-11|AMERICANA|XRD50USS-001|A,2026-07-11,AMERICANA,XRD50USS-001,A,70.0,35.0,35.0,REPARTICION DE TURNO (DIA/NOCHE)
2026-07-11|AMERICANA|XRD50USS-001|B,2026-07-11,AMERICANA,XRD50USS-001,B,0.0,35.0,-35.0,SOLO EN CONTROL INTERNO
2026-07-11|ANDAYCHAGUA|LF90D ST-002|A,2026-07-11,ANDAYCHAGUA,LF90D ST-002,A,4.199999999999989,4.2,-0.0,COINCIDE OK
2026-07-11|ANDAYCHAGUA|LF90D ST-002|B,2026-07-11,ANDAYCHAGUA,LF90D ST-002,B,28.649999999999977,28.65,-0.0,COINCIDE OK
2026-07-11|ANDAYCHAGUA|XRD150U-001|A,2026-07-11,ANDAYCHAGUA,XRD150U-001,A,8.300000000000011,8.3,0.0,COINCIDE OK
2026-07-11|ANDAYCHAGUA|XRD150U-001|B,2026-07-11,ANDAYCHAGUA,XRD150U-001,B,6.949999999999989,6.95,-0.0,COINCIDE OK
2026-07-11|ANDAYCHAGUA|XRD80USS-010|A,2026-07-11,ANDAYCHAGUA,XRD80USS-010,A,24.4,24.4,0.0,COINCIDE OK
2026-07-11|ANDAYCHAGUA|XRD80USS-010|B,2026-07-11,ANDAYCHAGUA,XRD80USS-010,B,12.6,12.6,0.0,COINCIDE OK
2026-07-11|CATALINA HUANCA|XRD100U-001|A,2026-07-11,CATALINA HUANCA,XRD100U-001,A,14.5,14.5,0.0,COINCIDE OK
2026-07-11|CATALINA HUANCA|XRD100U-001|B,2026-07-11,CATALINA HUANCA,XRD100U-001,B,27.5,27.5,0.0,COINCIDE OK
2026-07-11|CATALINA HUANCA|XRD125UFDR-001|A,2026-07-11,CATALINA HUANCA,XRD125UFDR-001,A,14.899999999999975,14.9,-0.0,COINCIDE OK
2026-07-11|CATALINA HUANCA|XRD125UFDR-001|B,2026-07-11,CATALINA HUANCA,XRD125UFDR-001,B,0.0,0.0,0.0,COINCIDE OK
2026-07-11|CATALINA HUANCA|XRD50U-003|A,2026-07-11,CATALINA HUANCA,XRD50U-003,A,0.0,0.0,0.0,COINCIDE OK
2026-07-11|CATALINA HUANCA|XRD50U-003|B,2026-07-11,CATALINA HUANCA,XRD50U-003,B,21.3,21.3,0.0,COINCIDE OK
2026-07-11|CATALINA HUANCA|XRD50USS-004|A,2026-07-11,CATALINA HUANCA,XRD50USS-004,A,0.0,0.0,0.0,COINCIDE OK
2026-07-11|CATALINA HUANCA|XRD50USS-004|B,2026-07-11,CATALINA HUANCA,XRD50USS-004,B,0.0,0.0,0.0,COINCIDE OK
2026-07-11|CATALINA HUANCA|XRD90U-005|A,2026-07-11,CATALINA HUANCA,XRD90U-005,A,31.0,31.0,0.0,COINCIDE OK
2026-07-11|CATALINA HUANCA|XRD90U-005|B,2026-07-11,CATALINA HUANCA,XRD90U-005,B,0.0,0.0,0.0,COINCIDE OK
2026-07-11|CERRO|XRD150U-002|A,2026-07-11,CERRO,XRD150U-002,A,20.700000000000003,20.7,0.0,COINCIDE OK
2026-07-11|CERRO|XRD150U-002|B,2026-07-11,CERRO,XRD150U-002,B,21.89999999999999,21.9,-0.0,COINCIDE OK
2026-07-11|CHUNGAR|LM110U-001|A,2026-07-11,CHUNGAR,LM110U-001,A,19.25,14.85,4.4,REPARTICION DE TURNO (DIA/NOCHE)
2026-07-11|CHUNGAR|LM110U-001|B,2026-07-11,CHUNGAR,LM110U-001,B,0.0,4.4,-4.4,SOLO EN CONTROL INTERNO
2026-07-11|CHUNGAR|LM90U-001|A,2026-07-11,CHUNGAR,LM90U-001,A,58.5,28.5,30.0,REPARTICION DE TURNO (DIA/NOCHE)
2026-07-11|CHUNGAR|LM90U-001|B,2026-07-11,CHUNGAR,LM90U-001,B,0.0,30.0,-30.0,SOLO EN CONTROL INTERNO
2026-07-11|CHUNGAR|XRD120U-001|A,2026-07-11,CHUNGAR,XRD120U-001,A,0.0,0.0,0.0,COINCIDE OK
2026-07-11|CHUNGAR|XRD120U-001|B,2026-07-11,CHUNGAR,XRD120U-001,B,0.0,0.0,0.0,COINCIDE OK
2026-07-11|CHUNGAR|XRD90U-021|A,2026-07-11,CHUNGAR,XRD90U-021,A,3.1000000000000227,3.1,0.0,COINCIDE OK
2026-07-11|CHUNGAR|XRD90U-021|B,2026-07-11,CHUNGAR,XRD90U-021,B,0.0,0.0,0.0,COINCIDE OK
2026-07-11|CHUNGAR|XRD90USS-003|A,2026-07-11,CHUNGAR,XRD90USS-003,A,14.199999999999989,2.85,11.35,REPARTICION DE TURNO (DIA/NOCHE)
2026-07-11|CHUNGAR|XRD90USS-003|B,2026-07-11,CHUNGAR,XRD90USS-003,B,0.0,11.35,-11.35,SOLO EN CONTROL INTERNO
2026-07-11|COBRIZA|XDR100ST-001|A,2026-07-11,COBRIZA,XDR100ST-001,A,0.0,0.0,0.0,COINCIDE OK
2026-07-11|COBRIZA|XDR100ST-001|B,2026-07-11,COBRIZA,XDR100ST-001,B,0.0,0.0,0.0,COINCIDE OK
2026-07-11|COBRIZA|XLM75UFDR-003|A,2026-07-11,COBRIZA,XLM75UFDR-003,A,12.6,12.6,0.0,COINCIDE OK
2026-07-11|COBRIZA|XLM75UFDR-003|B,2026-07-11,COBRIZA,XLM75UFDR-003,B,19.4,19.4,0.0,COINCIDE OK
2026-07-11|COBRIZA|XRD125UFDR-002|A,2026-07-11,COBRIZA,XRD125UFDR-002,A,38.0,38.0,0.0,COINCIDE OK
2026-07-11|COBRIZA|XRD125UFDR-002|B,2026-07-11,COBRIZA,XRD125UFDR-002,B,39.00000000000001,39.0,0.0,COINCIDE OK
2026-07-11|COBRIZA|XRD150U-008|A,2026-07-11,COBRIZA,XRD150U-008,A,18.19999999999999,18.2,-0.0,COINCIDE OK
2026-07-11|COBRIZA|XRD150U-008|B,2026-07-11,COBRIZA,XRD150U-008,B,23.700000000000017,23.7,0.0,COINCIDE OK
2026-07-11|COBRIZA|XRD50UFDR-001|A,2026-07-11,COBRIZA,XRD50UFDR-001,A,23.6,23.6,0.0,COINCIDE OK
2026-07-11|COBRIZA|XRD50UFDR-001|B,2026-07-11,COBRIZA,XRD50UFDR-001,B,21.0,21.0,0.0,COINCIDE OK
2026-07-11|COBRIZA|XRD50USS-002|A,2026-07-11,COBRIZA,XRD50USS-002,A,0.0,0.0,0.0,COINCIDE OK
2026-07-11|COBRIZA|XRD50USS-002|B,2026-07-11,COBRIZA,XRD50USS-002,B,0.0,0.0,0.0,COINCIDE OK
2026-07-11|COBRIZA|XRD80USS-006|A,2026-07-11,COBRIZA,XRD80USS-006,A,10.0,10.0,0.0,COINCIDE OK
2026-07-11|COBRIZA|XRD80USS-006|B,2026-07-11,COBRIZA,XRD80USS-006,B,23.3,23.3,0.0,COINCIDE OK
2026-07-11|COBRIZA|XRD90U-019|A,2026-07-11,COBRIZA,XRD90U-019,A,0.0,0.0,0.0,COINCIDE OK
2026-07-11|COBRIZA|XRD90U-019|B,2026-07-11,COBRIZA,XRD90U-019,B,0.0,0.0,0.0,COINCIDE OK
2026-07-11|COLQUISIRI|XRD80USS-012|A,2026-07-11,COLQUISIRI,XRD80USS-012,A,21.0,21.0,0.0,COINCIDE OK
2026-07-11|COLQUISIRI|XRD80USS-012|B,2026-07-11,COLQUISIRI,XRD80USS-012,B,20.600000000000023,20.6,0.0,COINCIDE OK
2026-07-11|CONDESTABLE|XLM75UFDR-002|A,2026-07-11,CONDESTABLE,XLM75UFDR-002,A,0.0,0.0,0.0,COINCIDE OK
2026-07-11|CONDESTABLE|XLM75UFDR-002|B,2026-07-11,CONDESTABLE,XLM75UFDR-002,B,0.0,0.0,0.0,COINCIDE OK
2026-07-11|CONDESTABLE|XLM75UFDR-004|A,2026-07-11,CONDESTABLE,XLM75UFDR-004,A,9.8,9.8,0.0,COINCIDE OK
2026-07-11|CONDESTABLE|XLM75UFDR-004|B,2026-07-11,CONDESTABLE,XLM75UFDR-004,B,6.699999999999999,6.7,-0.0,COINCIDE OK
2026-07-11|CONDESTABLE|XRD150USS-003|A,2026-07-11,CONDESTABLE,XRD150USS-003,A,0.0,0.0,0.0,COINCIDE OK
2026-07-11|CONDESTABLE|XRD150USS-003|B,2026-07-11,CONDESTABLE,XRD150USS-003,B,0.0,0.0,0.0,COINCIDE OK
2026-07-11|CONDESTABLE|XRD80ITH-001|A,2026-07-11,CONDESTABLE,XRD80ITH-001,A,0.0,0.0,0.0,COINCIDE OK
2026-07-11|CONDESTABLE|XRD80ITH-001|B,2026-07-11,CONDESTABLE,XRD80ITH-001,B,0.0,0.0,0.0,COINCIDE OK
2026-07-11|CUCULII|XRD100ST-001|A,2026-07-11,CUCULI,XRD100ST-001,A,0.0,0.0,0.0,COINCIDE OK
2026-07-11|CUCULII|XRD100ST-001|B,2026-07-11,CUCULI,XRD100ST-001,B,0.0,0.0,0.0,COINCIDE OK
2026-07-11|CUCULI|XRD100ST-001|A,2026-07-11,CUCULI,XRD100ST-001,A,0.0,0.0,0.0,COINCIDE OK
2026-07-11|INMACULADA|XLM75UFDR-001|A,2026-07-11,INMACULADA,XLM75UFDR-001,A,15.0,15.0,0.0,COINCIDE OK
2026-07-11|INMACULADA|XLM75UFDR-001|B,2026-07-11,INMACULADA,XLM75UFDR-001,B,0.0,0.0,0.0,COINCIDE OK
2026-07-11|INMACULADA|XRD150U-003|A,2026-07-11,INMACULADA,XRD150U-003,A,9.0,9.0,0.0,COINCIDE OK
2026-07-11|INMACULADA|XRD150U-003|B,2026-07-11,INMACULADA,XRD150U-003,B,14.300000000000011,14.3,0.0,COINCIDE OK
2026-07-11|INMACULADA|XRD150USS-004|A,2026-07-11,INMACULADA,XRD150USS-004,A,0.0,0.0,0.0,COINCIDE OK
2026-07-11|INMACULADA|XRD150USS-004|B,2026-07-11,INMACULADA,XRD150USS-004,B,0.0,0.0,0.0,COINCIDE OK
2026-07-11|INMACULADA|XRD250U-001|A,2026-07-11,INMACULADA,XRD250U-001,A,0.0,0.0,0.0,COINCIDE OK
2026-07-11|INMACULADA|XRD250U-001|B,2026-07-11,INMACULADA,XRD250U-001,B,0.0,0.0,0.0,COINCIDE OK
2026-07-11|INMACULADA|XRD80USS-008|A,2026-07-11,INMACULADA,XRD80USS-008,A,12.0,12.0,0.0,COINCIDE OK
2026-07-11|INMACULADA|XRD80USS-008|B,2026-07-11,INMACULADA,XRD80USS-008,B,0.0,0.0,0.0,COINCIDE OK
2026-07-11|INMACULADA|XRD90U-012|A,2026-07-11,INMACULADA,XRD90U-012,A,10.0,10.0,0.0,COINCIDE OK
2026-07-11|INMACULADA|XRD90U-012|B,2026-07-11,INMACULADA,XRD90U-012,B,3.450000000000017,3.45,0.0,COINCIDE OK
2026-07-11|INMACULADA|XRD90U-016|A,2026-07-11,INMACULADA,XRD90U-016,A,18.0,18.0,0.0,COINCIDE OK
2026-07-11|INMACULADA|XRD90U-016|B,2026-07-11,INMACULADA,XRD90U-016,B,2.800000000000012,2.8,0.0,COINCIDE OK
2026-07-11|LA ESTRELLA|XRD150U-004|A,2026-07-11,LA ESTRELLA,XRD150U-004,A,27.5,14.0,13.5,REPARTICION DE TURNO (DIA/NOCHE)
2026-07-11|LA ESTRELLA|XRD150U-004|B,2026-07-11,LA ESTRELLA,XRD150U-004,B,0.0,13.5,-13.5,SOLO EN CONTROL INTERNO
2026-07-11|LA ESTRELLA|XRD150U-006|A,2026-07-11,LA ESTRELLA,XRD150U-006,A,15.699999999999994,12.6,3.1,REPARTICION DE TURNO (DIA/NOCHE)
2026-07-11|LA ESTRELLA|XRD150U-006|B,2026-07-11,LA ESTRELLA,XRD150U-006,B,0.0,3.1,-3.1,SOLO EN CONTROL INTERNO
2026-07-11|MOROCOCHA|XRD150USS-002|A,2026-07-11,MOROCOCHA,XRD150USS-002,A,0.0,0.0,0.0,COINCIDE OK
2026-07-11|MOROCOCHA|XRD150USS-002|B,2026-07-11,MOROCOCHA,XRD150USS-002,B,4.0,4.0,0.0,COINCIDE OK
2026-07-11|MOROCOCHA|XRD80USS-011|A,2026-07-11,MOROCOCHA,XRD80USS-011,A,0.0,0.0,0.0,COINCIDE OK
2026-07-11|MOROCOCHA|XRD80USS-011|B,2026-07-11,MOROCOCHA,XRD80USS-011,B,13.849999999999994,13.85,-0.0,COINCIDE OK
2026-07-11|MOROCOCHA|XRD90USS-005|A,2026-07-11,MOROCOCHA,XRD90USS-005,A,0.0,0.0,0.0,COINCIDE OK
2026-07-11|MOROCOCHA|XRD90USS-005|B,2026-07-11,MOROCOCHA,XRD90USS-005,B,0.0,0.0,0.0,COINCIDE OK
2026-07-11|RAURA|XRD150U-005|A,2026-07-11,RAURA,XRD150U-005,A,0.0,0.0,0.0,COINCIDE OK
2026-07-11|RAURA|XRD150U-005|B,2026-07-11,RAURA,XRD150U-005,B,0.0,0.0,0.0,COINCIDE OK
2026-07-11|RAURA|XRD150UBT-001|A,2026-07-11,RAURA,XRD150UBT-001,A,0.0,0.0,0.0,COINCIDE OK
2026-07-11|RAURA|XRD150UBT-001|B,2026-07-11,RAURA,XRD150UBT-001,B,0.0,0.0,0.0,COINCIDE OK
2026-07-11|RAURA|XRD90USS-001|A,2026-07-11,RAURA,XRD90USS-001,A,0.0,0.0,0.0,COINCIDE OK
2026-07-11|RAURA|XRD90USS-001|B,2026-07-11,RAURA,XRD90USS-001,B,0.0,0.0,0.0,COINCIDE OK
2026-07-11|RAURA|XRD90USS-004|A,2026-07-11,RAURA,XRD90USS-004,A,0.0,0.0,0.0,COINCIDE OK
2026-07-11|RAURA|XRD90USS-004|B,2026-07-11,RAURA,XRD90USS-004,B,0.0,0.0,0.0,COINCIDE OK
2026-07-11|SAN CRISTOBAL|DE710ST-001|A,2026-07-11,SAN CRISTOBAL,DE710ST-001,A,22.500000000000007,22.5,0.0,COINCIDE OK
2026-07-11|SAN CRISTOBAL|DE710ST-001|B,2026-07-11,SAN CRISTOBAL,DE710ST-001,B,18.55,18.55,0.0,COINCIDE OK
2026-07-11|SAN CRISTOBAL|XRD90U-004|A,2026-07-11,SAN CRISTOBAL,XRD90U-004,A,0.0,0.0,0.0,COINCIDE OK
2026-07-11|SAN CRISTOBAL|XRD90U-004|B,2026-07-11,SAN CRISTOBAL,XRD90U-004,B,0.0,0.0,0.0,COINCIDE OK
2026-07-11|SAN CRISTOBAL|XRD90U-010|A,2026-07-11,SAN CRISTOBAL,XRD90U-010,A,6.350000000000023,6.35,0.0,COINCIDE OK
2026-07-11|SAN CRISTOBAL|XRD90U-010|B,2026-07-11,SAN CRISTOBAL,XRD90U-010,B,0.0,0.0,0.0,COINCIDE OK
2026-07-11|SAN CRISTOBAL|XRD90U-023|A,2026-07-11,SAN CRISTOBAL,XRD90U-023,A,18.0,18.0,0.0,COINCIDE OK
2026-07-11|SAN CRISTOBAL|XRD90U-023|B,2026-07-11,SAN CRISTOBAL,XRD90U-023,B,14.899999999999975,14.9,-0.0,COINCIDE OK
2026-07-11|TAMBOJASA|DE710T-002|A,2026-07-11,TAMBOJASA,DE710T-002,A,0.0,0.0,0.0,COINCIDE OK
2026-07-11|TAMBOJASA|DE710T-002|B,2026-07-11,TAMBOJASA,DE710T-002,B,0.0,0.0,0.0,COINCIDE OK
2026-07-11|TICLIO|XRD150U-007|A,2026-07-11,TICLIO,XRD150U-007,A,3.9499999999999886,3.95,-0.0,COINCIDE OK
2026-07-11|TICLIO|XRD150U-007|B,2026-07-11,TICLIO,XRD150U-007,B,1.3000000000000114,0.0,1.3,SOLO EN DETALLADO
2026-07-11|YAULIYACU|XDR50USS-00T|A,2026-07-11,YAULIYACU,XDR50USS-00T,A,20.9,0.0,20.9,SOLO EN DETALLADO
2026-07-11|YAULIYACU|XDR50USS-00T|B,2026-07-11,YAULIYACU,XDR50USS-00T,B,0.0,20.9,-20.9,SOLO EN CONTROL INTERNO
2026-07-11|YAULIYACU|XRD125USS-001|A,2026-07-11,YAULIYACU,XRD125USS-001,A,0.0,0.0,0.0,COINCIDE OK
2026-07-11|YAULIYACU|XRD125USS-001|B,2026-07-11,YAULIYACU,XRD125USS-001,B,0.0,0.0,0.0,COINCIDE OK
2026-07-11|YAULIYACU|XRD50USS-003|A,2026-07-11,YAULIYACU,XRD50USS-003,A,44.9,9.6,35.3,REPARTICION DE TURNO (DIA/NOCHE)
2026-07-11|YAULIYACU|XRD50USS-003|B,2026-07-11,YAULIYACU,XRD50USS-003,B,0.0,35.3,-35.3,SOLO EN CONTROL INTERNO
2026-07-11|YAURICOCHA|XRD150USS-001|A,2026-07-11,YAURICOCHA,XRD150USS-001,A,0.0,0.0,0.0,COINCIDE OK
2026-07-11|YAURICOCHA|XRD150USS-001|B,2026-07-11,YAURICOCHA,XRD150USS-001,B,0.0,0.0,0.0,COINCIDE OK
2026-07-12|AMERICANA|LM110U-001|A,2026-07-12,AMERICANA,LM110U-001,A,0.0,0.0,0.0,COINCIDE OK
2026-07-12|AMERICANA|LM110U-001|B,2026-07-12,AMERICANA,LM110U-001,B,0.0,0.0,0.0,COINCIDE OK
2026-07-12|AMERICANA|XRD50U-002|A,2026-07-12,AMERICANA,XRD50U-002,A,65.0,35.0,30.0,REPARTICION DE TURNO (DIA/NOCHE)
2026-07-12|AMERICANA|XRD50U-002|B,2026-07-12,AMERICANA,XRD50U-002,B,0.0,30.0,-30.0,SOLO EN CONTROL INTERNO
2026-07-12|AMERICANA|XRD50USS-001|A,2026-07-12,AMERICANA,XRD50USS-001,A,38.7,35.0,3.7,REPARTICION DE TURNO (DIA/NOCHE)
2026-07-12|AMERICANA|XRD50USS-001|B,2026-07-12,AMERICANA,XRD50USS-001,B,0.0,3.7,-3.7,SOLO EN CONTROL INTERNO
2026-07-12|ANDAYCHAGUA|LF90D ST-002|A,2026-07-12,ANDAYCHAGUA,LF90D ST-002,A,30.600000000000023,30.6,0.0,COINCIDE OK
2026-07-12|ANDAYCHAGUA|LF90D ST-002|B,2026-07-12,ANDAYCHAGUA,LF90D ST-002,B,30.34999999999997,30.35,-0.0,COINCIDE OK
2026-07-12|ANDAYCHAGUA|XRD150U-001|A,2026-07-12,ANDAYCHAGUA,XRD150U-001,A,10.699999999999989,10.7,-0.0,COINCIDE OK
2026-07-12|ANDAYCHAGUA|XRD150U-001|B,2026-07-12,ANDAYCHAGUA,XRD150U-001,B,11.200000000000044,11.2,0.0,COINCIDE OK
2026-07-12|ANDAYCHAGUA|XRD80USS-010|A,2026-07-12,ANDAYCHAGUA,XRD80USS-010,A,23.05,23.05,0.0,COINCIDE OK
2026-07-12|ANDAYCHAGUA|XRD80USS-010|B,2026-07-12,ANDAYCHAGUA,XRD80USS-010,B,3.25,3.25,0.0,COINCIDE OK
2026-07-12|CATALINA HUANCA|XRD100U-001|A,2026-07-12,CATALINA HUANCA,XRD100U-001,A,11.799999999999985,11.8,-0.0,COINCIDE OK
2026-07-12|CATALINA HUANCA|XRD100U-001|B,2026-07-12,CATALINA HUANCA,XRD100U-001,B,15.300000000000011,15.3,0.0,COINCIDE OK
2026-07-12|CATALINA HUANCA|XRD125UFDR-001|A,2026-07-12,CATALINA HUANCA,XRD125UFDR-001,A,22.3,22.3,0.0,COINCIDE OK
2026-07-12|CATALINA HUANCA|XRD125UFDR-001|B,2026-07-12,CATALINA HUANCA,XRD125UFDR-001,B,8.899999999999999,8.9,-0.0,COINCIDE OK
2026-07-12|CATALINA HUANCA|XRD50U-003|A,2026-07-12,CATALINA HUANCA,XRD50U-003,A,31.1,31.1,0.0,COINCIDE OK
2026-07-12|CATALINA HUANCA|XRD50U-003|B,2026-07-12,CATALINA HUANCA,XRD50U-003,B,42.00000000000001,42.0,0.0,COINCIDE OK
2026-07-12|CATALINA HUANCA|XRD50USS-004|A,2026-07-12,CATALINA HUANCA,XRD50USS-004,A,8.8,8.8,0.0,COINCIDE OK
2026-07-12|CATALINA HUANCA|XRD50USS-004|B,2026-07-12,CATALINA HUANCA,XRD50USS-004,B,20.3,20.3,0.0,COINCIDE OK
2026-07-12|CATALINA HUANCA|XRD90U-005|A,2026-07-12,CATALINA HUANCA,XRD90U-005,A,27.0,27.0,0.0,COINCIDE OK
2026-07-12|CATALINA HUANCA|XRD90U-005|B,2026-07-12,CATALINA HUANCA,XRD90U-005,B,25.40000000000001,25.4,0.0,COINCIDE OK
2026-07-12|CERRO|XRD150U-002|A,2026-07-12,CERRO,XRD150U-002,A,15.200000000000005,0.0,15.2,SOLO EN DETALLADO
2026-07-12|CERRO|XRD150U-002|B,2026-07-12,CERRO,XRD150U-002,B,0.0,15.2,-15.2,SOLO EN CONTROL INTERNO
2026-07-12|CHUNGAR|LM110U-001|A,2026-07-12,CHUNGAR,LM110U-001,A,5.950000000000003,0.0,5.95,SOLO EN DETALLADO
2026-07-12|CHUNGAR|LM110U-001|B,2026-07-12,CHUNGAR,LM110U-001,B,0.0,5.95,-5.95,SOLO EN CONTROL INTERNO
2026-07-12|CHUNGAR|LM90U-001|A,2026-07-12,CHUNGAR,LM90U-001,A,39.0,24.0,15.0,REPARTICION DE TURNO (DIA/NOCHE)
2026-07-12|CHUNGAR|LM90U-001|B,2026-07-12,CHUNGAR,LM90U-001,B,0.0,15.0,-15.0,SOLO EN CONTROL INTERNO
2026-07-12|CHUNGAR|XRD120U-001|A,2026-07-12,CHUNGAR,XRD120U-001,A,0.0,0.0,0.0,COINCIDE OK
2026-07-12|CHUNGAR|XRD120U-001|B,2026-07-12,CHUNGAR,XRD120U-001,B,0.0,0.0,0.0,COINCIDE OK
2026-07-12|CHUNGAR|XRD90U-021|A,2026-07-12,CHUNGAR,XRD90U-021,A,22.5,5.9,16.6,REPARTICION DE TURNO (DIA/NOCHE)
2026-07-12|CHUNGAR|XRD90U-021|B,2026-07-12,CHUNGAR,XRD90U-021,B,0.0,16.6,-16.6,SOLO EN CONTROL INTERNO
2026-07-12|CHUNGAR|XRD90USS-003|A,2026-07-12,CHUNGAR,XRD90USS-003,A,29.849999999999994,14.6,15.25,REPARTICION DE TURNO (DIA/NOCHE)
2026-07-12|CHUNGAR|XRD90USS-003|B,2026-07-12,CHUNGAR,XRD90USS-003,B,0.0,15.25,-15.25,SOLO EN CONTROL INTERNO
2026-07-12|COBRIZA|XDR100ST-001|A,2026-07-12,COBRIZA,XDR100ST-001,A,0.0,0.0,0.0,COINCIDE OK
2026-07-12|COBRIZA|XDR100ST-001|B,2026-07-12,COBRIZA,XDR100ST-001,B,0.0,0.0,0.0,COINCIDE OK
2026-07-12|COBRIZA|XLM75UFDR-003|A,2026-07-12,COBRIZA,XLM75UFDR-003,A,12.799999999999995,12.8,-0.0,COINCIDE OK
2026-07-12|COBRIZA|XLM75UFDR-003|B,2026-07-12,COBRIZA,XLM75UFDR-003,B,17.5,17.5,0.0,COINCIDE OK
2026-07-12|COBRIZA|XRD125UFDR-002|A,2026-07-12,COBRIZA,XRD125UFDR-002,A,30.099999999999994,30.1,-0.0,COINCIDE OK
2026-07-12|COBRIZA|XRD125UFDR-002|B,2026-07-12,COBRIZA,XRD125UFDR-002,B,21.099999999999994,21.1,-0.0,COINCIDE OK
2026-07-12|COBRIZA|XRD150U-008|A,2026-07-12,COBRIZA,XRD150U-008,A,22.5,22.5,0.0,COINCIDE OK
2026-07-12|COBRIZA|XRD150U-008|B,2026-07-12,COBRIZA,XRD150U-008,B,17.299999999999983,17.3,-0.0,COINCIDE OK
2026-07-12|COBRIZA|XRD50UFDR-001|A,2026-07-12,COBRIZA,XRD50UFDR-001,A,17.5,17.5,0.0,COINCIDE OK
2026-07-12|COBRIZA|XRD50UFDR-001|B,2026-07-12,COBRIZA,XRD50UFDR-001,B,24.3,24.3,0.0,COINCIDE OK
2026-07-12|COBRIZA|XRD50USS-002|A,2026-07-12,COBRIZA,XRD50USS-002,A,0.0,0.0,0.0,COINCIDE OK
2026-07-12|COBRIZA|XRD50USS-002|B,2026-07-12,COBRIZA,XRD50USS-002,B,0.0,0.0,0.0,COINCIDE OK
2026-07-12|COBRIZA|XRD80USS-006|A,2026-07-12,COBRIZA,XRD80USS-006,A,36.0,36.0,0.0,COINCIDE OK
2026-07-12|COBRIZA|XRD80USS-006|B,2026-07-12,COBRIZA,XRD80USS-006,B,28.599999999999994,28.6,-0.0,COINCIDE OK
2026-07-12|COBRIZA|XRD90U-019|A,2026-07-12,COBRIZA,XRD90U-019,A,0.0,0.0,0.0,COINCIDE OK
2026-07-12|COBRIZA|XRD90U-019|B,2026-07-12,COBRIZA,XRD90U-019,B,0.0,0.0,0.0,COINCIDE OK
2026-07-12|COLQUISIRI|XRD80USS-012|A,2026-07-12,COLQUISIRI,XRD80USS-012,A,16.799999999999955,16.8,-0.0,COINCIDE OK
2026-07-12|COLQUISIRI|XRD80USS-012|B,2026-07-12,COLQUISIRI,XRD80USS-012,B,9.600000000000025,9.6,0.0,COINCIDE OK
2026-07-12|CONDESTABLE|XLM75UFDR-002|A,2026-07-12,CONDESTABLE,XLM75UFDR-002,A,12.6,12.6,0.0,COINCIDE OK
2026-07-12|CONDESTABLE|XLM75UFDR-002|B,2026-07-12,CONDESTABLE,XLM75UFDR-002,B,26.6,26.6,0.0,COINCIDE OK
2026-07-12|CONDESTABLE|XLM75UFDR-004|A,2026-07-12,CONDESTABLE,XLM75UFDR-004,A,11.200000000000005,11.2,0.0,COINCIDE OK
2026-07-12|CONDESTABLE|XLM75UFDR-004|B,2026-07-12,CONDESTABLE,XLM75UFDR-004,B,17.199999999999996,17.2,-0.0,COINCIDE OK
2026-07-12|CONDESTABLE|XRD150USS-003|A,2026-07-12,CONDESTABLE,XRD150USS-003,A,0.0,0.0,0.0,COINCIDE OK
2026-07-12|CONDESTABLE|XRD150USS-003|B,2026-07-12,CONDESTABLE,XRD150USS-003,B,0.0,0.0,0.0,COINCIDE OK
2026-07-12|CONDESTABLE|XRD80ITH-001|A,2026-07-12,CONDESTABLE,XRD80ITH-001,A,0.0,0.0,0.0,COINCIDE OK
2026-07-12|CONDESTABLE|XRD80ITH-001|B,2026-07-12,CONDESTABLE,XRD80ITH-001,B,0.0,0.0,0.0,COINCIDE OK
2026-07-12|CUCULII|XRD100ST-001|A,2026-07-12,CUCULI,XRD100ST-001,A,0.0,7.1,-7.1,SOLO EN CONTROL INTERNO
2026-07-12|CUCULII|XRD100ST-001|B,2026-07-12,CUCULI,XRD100ST-001,B,0.0,10.0,-10.0,SOLO EN CONTROL INTERNO
2026-07-12|CUCULI|XRD100ST-001|A,2026-07-12,CUCULI,XRD100ST-001,A,17.1,0.0,17.1,SOLO EN DETALLADO
2026-07-12|INMACULADA|XLM75UFDR-001|A,2026-07-12,INMACULADA,XLM75UFDR-001,A,0.0,0.0,0.0,COINCIDE OK
2026-07-12|INMACULADA|XLM75UFDR-001|B,2026-07-12,INMACULADA,XLM75UFDR-001,B,0.0,0.0,0.0,COINCIDE OK
2026-07-12|INMACULADA|XRD150U-003|A,2026-07-12,INMACULADA,XRD150U-003,A,15.699999999999989,15.7,-0.0,COINCIDE OK
2026-07-12|INMACULADA|XRD150U-003|B,2026-07-12,INMACULADA,XRD150U-003,B,3.0,3.0,0.0,COINCIDE OK
2026-07-12|INMACULADA|XRD150USS-004|A,2026-07-12,INMACULADA,XRD150USS-004,A,0.0,0.0,0.0,COINCIDE OK
2026-07-12|INMACULADA|XRD150USS-004|B,2026-07-12,INMACULADA,XRD150USS-004,B,0.0,0.0,0.0,COINCIDE OK
2026-07-12|INMACULADA|XRD250U-001|A,2026-07-12,INMACULADA,XRD250U-001,A,0.0,0.0,0.0,COINCIDE OK
2026-07-12|INMACULADA|XRD250U-001|B,2026-07-12,INMACULADA,XRD250U-001,B,0.0,0.0,0.0,COINCIDE OK
2026-07-12|INMACULADA|XRD80USS-008|A,2026-07-12,INMACULADA,XRD80USS-008,A,25.5,25.5,0.0,COINCIDE OK
2026-07-12|INMACULADA|XRD80USS-008|B,2026-07-12,INMACULADA,XRD80USS-008,B,34.0,34.0,0.0,COINCIDE OK
2026-07-12|INMACULADA|XRD90U-012|A,2026-07-12,INMACULADA,XRD90U-012,A,0.0,0.0,0.0,COINCIDE OK
2026-07-12|INMACULADA|XRD90U-012|B,2026-07-12,INMACULADA,XRD90U-012,B,0.0,0.0,0.0,COINCIDE OK
2026-07-12|INMACULADA|XRD90U-016|A,2026-07-12,INMACULADA,XRD90U-016,A,3.1999999999999886,3.2,-0.0,COINCIDE OK
2026-07-12|INMACULADA|XRD90U-016|B,2026-07-12,INMACULADA,XRD90U-016,B,0.0,0.0,0.0,COINCIDE OK
2026-07-12|LA ESTRELLA|XRD150U-004|A,2026-07-12,LA ESTRELLA,XRD150U-004,A,15.5,8.8,6.7,REPARTICION DE TURNO (DIA/NOCHE)
2026-07-12|LA ESTRELLA|XRD150U-004|B,2026-07-12,LA ESTRELLA,XRD150U-004,B,0.0,6.7,-6.7,SOLO EN CONTROL INTERNO
2026-07-12|LA ESTRELLA|XRD150U-006|A,2026-07-12,LA ESTRELLA,XRD150U-006,A,83.80000000000001,38.9,44.9,REPARTICION DE TURNO (DIA/NOCHE)
2026-07-12|LA ESTRELLA|XRD150U-006|B,2026-07-12,LA ESTRELLA,XRD150U-006,B,0.0,44.9,-44.9,SOLO EN CONTROL INTERNO
2026-07-12|MOROCOCHA|XRD150USS-002|A,2026-07-12,MOROCOCHA,XRD150USS-002,A,36.0,36.0,0.0,COINCIDE OK
2026-07-12|MOROCOCHA|XRD150USS-002|B,2026-07-12,MOROCOCHA,XRD150USS-002,B,33.0,33.0,0.0,COINCIDE OK
2026-07-12|MOROCOCHA|XRD80USS-011|A,2026-07-12,MOROCOCHA,XRD80USS-011,A,0.0,0.0,0.0,COINCIDE OK
2026-07-12|MOROCOCHA|XRD80USS-011|B,2026-07-12,MOROCOCHA,XRD80USS-011,B,17.599999999999994,17.6,-0.0,COINCIDE OK
2026-07-12|MOROCOCHA|XRD90USS-005|A,2026-07-12,MOROCOCHA,XRD90USS-005,A,0.0,0.0,0.0,COINCIDE OK
2026-07-12|MOROCOCHA|XRD90USS-005|B,2026-07-12,MOROCOCHA,XRD90USS-005,B,0.0,0.0,0.0,COINCIDE OK
2026-07-12|RAURA|XRD150U-005|A,2026-07-12,RAURA,XRD150U-005,A,1.9500000000000028,1.95,0.0,COINCIDE OK
2026-07-12|RAURA|XRD150U-005|B,2026-07-12,RAURA,XRD150U-005,B,17.039999999999992,17.04,-0.0,COINCIDE OK
2026-07-12|RAURA|XRD150UBT-001|A,2026-07-12,RAURA,XRD150UBT-001,A,7.659999999999997,7.66,-0.0,COINCIDE OK
2026-07-12|RAURA|XRD150UBT-001|B,2026-07-12,RAURA,XRD150UBT-001,B,18.019999999999985,18.02,-0.0,COINCIDE OK
2026-07-12|RAURA|XRD90USS-001|A,2026-07-12,RAURA,XRD90USS-001,A,5.77,5.77,0.0,COINCIDE OK
2026-07-12|RAURA|XRD90USS-001|B,2026-07-12,RAURA,XRD90USS-001,B,12.420000000000002,12.42,0.0,COINCIDE OK
2026-07-12|RAURA|XRD90USS-004|A,2026-07-12,RAURA,XRD90USS-004,A,0.0,0.0,0.0,COINCIDE OK
2026-07-12|RAURA|XRD90USS-004|B,2026-07-12,RAURA,XRD90USS-004,B,16.32,16.32,0.0,COINCIDE OK
2026-07-12|SAN CRISTOBAL|DE710ST-001|A,2026-07-12,SAN CRISTOBAL,DE710ST-001,A,22.450000000000003,22.45,0.0,COINCIDE OK
2026-07-12|SAN CRISTOBAL|DE710ST-001|B,2026-07-12,SAN CRISTOBAL,DE710ST-001,B,15.399999999999991,15.4,-0.0,COINCIDE OK
2026-07-12|SAN CRISTOBAL|XRD90U-004|A,2026-07-12,SAN CRISTOBAL,XRD90U-004,A,0.0,0.0,0.0,COINCIDE OK
2026-07-12|SAN CRISTOBAL|XRD90U-004|B,2026-07-12,SAN CRISTOBAL,XRD90U-004,B,0.0,0.0,0.0,COINCIDE OK
2026-07-12|SAN CRISTOBAL|XRD90U-010|A,2026-07-12,SAN CRISTOBAL,XRD90U-010,A,5.649999999999977,5.65,-0.0,COINCIDE OK
2026-07-12|SAN CRISTOBAL|XRD90U-010|B,2026-07-12,SAN CRISTOBAL,XRD90U-010,B,0.0,0.0,0.0,COINCIDE OK
2026-07-12|SAN CRISTOBAL|XRD90U-023|A,2026-07-12,SAN CRISTOBAL,XRD90U-023,A,0.0,0.0,0.0,COINCIDE OK
2026-07-12|SAN CRISTOBAL|XRD90U-023|B,2026-07-12,SAN CRISTOBAL,XRD90U-023,B,0.0,0.0,0.0,COINCIDE OK
2026-07-12|TAMBOJASA|DE710T-002|A,2026-07-12,TAMBOJASA,DE710T-002,A,0.0,0.0,0.0,COINCIDE OK
2026-07-12|TAMBOJASA|DE710T-002|B,2026-07-12,TAMBOJASA,DE710T-002,B,0.0,0.0,0.0,COINCIDE OK
2026-07-12|TICLIO|XRD150U-007|A,2026-07-12,TICLIO,XRD150U-007,A,0.0,0.0,0.0,COINCIDE OK
2026-07-12|TICLIO|XRD150U-007|B,2026-07-12,TICLIO,XRD150U-007,B,0.0,1.3,-1.3,SOLO EN CONTROL INTERNO
2026-07-12|YAULIYACU|XDR50USS-00T|A,2026-07-12,YAULIYACU,XDR50USS-00T,A,66.30000000000001,35.1,31.2,REPARTICION DE TURNO (DIA/NOCHE)
2026-07-12|YAULIYACU|XDR50USS-00T|B,2026-07-12,YAULIYACU,XDR50USS-00T,B,0.0,31.2,-31.2,SOLO EN CONTROL INTERNO
2026-07-12|YAULIYACU|XRD125USS-001|A,2026-07-12,YAULIYACU,XRD125USS-001,A,0.0,0.0,0.0,COINCIDE OK
2026-07-12|YAULIYACU|XRD125USS-001|B,2026-07-12,YAULIYACU,XRD125USS-001,B,0.0,0.0,0.0,COINCIDE OK
2026-07-12|YAULIYACU|XRD50USS-003|A,2026-07-12,YAULIYACU,XRD50USS-003,A,59.10000000000001,31.55,27.55,REPARTICION DE TURNO (DIA/NOCHE)
2026-07-12|YAULIYACU|XRD50USS-003|B,2026-07-12,YAULIYACU,XRD50USS-003,B,0.0,27.55,-27.55,SOLO EN CONTROL INTERNO
2026-07-12|YAURICOCHA|XRD150USS-001|A,2026-07-12,YAURICOCHA,XRD150USS-001,A,0.0,0.0,0.0,COINCIDE OK
2026-07-12|YAURICOCHA|XRD150USS-001|B,2026-07-12,YAURICOCHA,XRD150USS-001,B,0.0,0.0,0.0,COINCIDE OK
2026-07-13|AMERICANA|LM110U-001|A,2026-07-13,AMERICANA,LM110U-001,A,0.0,0.0,0.0,COINCIDE OK
2026-07-13|AMERICANA|LM110U-001|B,2026-07-13,AMERICANA,LM110U-001,B,0.0,0.0,0.0,COINCIDE OK
2026-07-13|AMERICANA|XRD50U-002|A,2026-07-13,AMERICANA,XRD50U-002,A,0.0,0.0,0.0,COINCIDE OK
2026-07-13|AMERICANA|XRD50U-002|B,2026-07-13,AMERICANA,XRD50U-002,B,0.0,0.0,0.0,COINCIDE OK
2026-07-13|AMERICANA|XRD50USS-001|A,2026-07-13,AMERICANA,XRD50USS-001,A,50.0,35.0,15.0,REPARTICION DE TURNO (DIA/NOCHE)
2026-07-13|AMERICANA|XRD50USS-001|B,2026-07-13,AMERICANA,XRD50USS-001,B,0.0,15.0,-15.0,SOLO EN CONTROL INTERNO
2026-07-13|ANDAYCHAGUA|LF90D ST-002|A,2026-07-13,ANDAYCHAGUA,LF90D ST-002,A,26.950000000000045,26.95,0.0,COINCIDE OK
2026-07-13|ANDAYCHAGUA|LF90D ST-002|B,2026-07-13,ANDAYCHAGUA,LF90D ST-002,B,27.25,27.25,0.0,COINCIDE OK
2026-07-13|ANDAYCHAGUA|XRD150U-001|A,2026-07-13,ANDAYCHAGUA,XRD150U-001,A,16.649999999999977,16.65,-0.0,COINCIDE OK
2026-07-13|ANDAYCHAGUA|XRD150U-001|B,2026-07-13,ANDAYCHAGUA,XRD150U-001,B,18.350000000000023,18.35,0.0,COINCIDE OK
2026-07-13|ANDAYCHAGUA|XRD80USS-010|A,2026-07-13,ANDAYCHAGUA,XRD80USS-010,A,0.0,0.0,0.0,COINCIDE OK
2026-07-13|ANDAYCHAGUA|XRD80USS-010|B,2026-07-13,ANDAYCHAGUA,XRD80USS-010,B,6.3,6.3,0.0,COINCIDE OK
2026-07-13|CATALINA HUANCA|XRD100U-001|A,2026-07-13,CATALINA HUANCA,XRD100U-001,A,8.699999999999989,8.7,-0.0,COINCIDE OK
2026-07-13|CATALINA HUANCA|XRD100U-001|B,2026-07-13,CATALINA HUANCA,XRD100U-001,B,0.0,0.0,0.0,COINCIDE OK
2026-07-13|CATALINA HUANCA|XRD125UFDR-001|A,2026-07-13,CATALINA HUANCA,XRD125UFDR-001,A,10.599999999999998,10.6,-0.0,COINCIDE OK
2026-07-13|CATALINA HUANCA|XRD125UFDR-001|B,2026-07-13,CATALINA HUANCA,XRD125UFDR-001,B,33.2,33.2,0.0,COINCIDE OK
2026-07-13|CATALINA HUANCA|XRD50U-003|A,2026-07-13,CATALINA HUANCA,XRD50U-003,A,25.5,25.5,0.0,COINCIDE OK
2026-07-13|CATALINA HUANCA|XRD50U-003|B,2026-07-13,CATALINA HUANCA,XRD50U-003,B,36.1,36.1,0.0,COINCIDE OK
2026-07-13|CATALINA HUANCA|XRD50USS-004|A,2026-07-13,CATALINA HUANCA,XRD50USS-004,A,20.8,20.8,0.0,COINCIDE OK
2026-07-13|CATALINA HUANCA|XRD50USS-004|B,2026-07-13,CATALINA HUANCA,XRD50USS-004,B,20.300000000000004,20.3,0.0,COINCIDE OK
2026-07-13|CATALINA HUANCA|XRD90U-005|A,2026-07-13,CATALINA HUANCA,XRD90U-005,A,13.599999999999994,13.6,-0.0,COINCIDE OK
2026-07-13|CATALINA HUANCA|XRD90U-005|B,2026-07-13,CATALINA HUANCA,XRD90U-005,B,12.200000000000005,12.2,0.0,COINCIDE OK
2026-07-13|CERRO|XRD150U-002|A,2026-07-13,CERRO,XRD150U-002,A,28.30000000000001,14.3,14.0,REPARTICION DE TURNO (DIA/NOCHE)
2026-07-13|CERRO|XRD150U-002|B,2026-07-13,CERRO,XRD150U-002,B,0.0,14.0,-14.0,SOLO EN CONTROL INTERNO
2026-07-13|CHUNGAR|LM110U-001|A,2026-07-13,CHUNGAR,LM110U-001,A,25.749999999999986,16.5,9.25,REPARTICION DE TURNO (DIA/NOCHE)
2026-07-13|CHUNGAR|LM110U-001|B,2026-07-13,CHUNGAR,LM110U-001,B,0.0,9.25,-9.25,SOLO EN CONTROL INTERNO
2026-07-13|CHUNGAR|LM90U-001|A,2026-07-13,CHUNGAR,LM90U-001,A,36.0,13.5,22.5,REPARTICION DE TURNO (DIA/NOCHE)
2026-07-13|CHUNGAR|LM90U-001|B,2026-07-13,CHUNGAR,LM90U-001,B,0.0,22.5,-22.5,SOLO EN CONTROL INTERNO
2026-07-13|CHUNGAR|XRD120U-001|A,2026-07-13,CHUNGAR,XRD120U-001,A,0.0,0.0,0.0,COINCIDE OK
2026-07-13|CHUNGAR|XRD120U-001|B,2026-07-13,CHUNGAR,XRD120U-001,B,0.0,0.0,0.0,COINCIDE OK
2026-07-13|CHUNGAR|XRD90U-021|A,2026-07-13,CHUNGAR,XRD90U-021,A,34.25,20.5,13.75,REPARTICION DE TURNO (DIA/NOCHE)
2026-07-13|CHUNGAR|XRD90U-021|B,2026-07-13,CHUNGAR,XRD90U-021,B,0.0,13.75,-13.75,SOLO EN CONTROL INTERNO
2026-07-13|CHUNGAR|XRD90USS-003|A,2026-07-13,CHUNGAR,XRD90USS-003,A,15.900000000000006,15.0,0.9,REPARTICION DE TURNO (DIA/NOCHE)
2026-07-13|CHUNGAR|XRD90USS-003|B,2026-07-13,CHUNGAR,XRD90USS-003,B,0.0,0.9,-0.9,SOLO EN CONTROL INTERNO
2026-07-13|COBRIZA|XDR100ST-001|A,2026-07-13,COBRIZA,XDR100ST-001,A,0.0,0.0,0.0,COINCIDE OK
2026-07-13|COBRIZA|XDR100ST-001|B,2026-07-13,COBRIZA,XDR100ST-001,B,0.0,0.0,0.0,COINCIDE OK
2026-07-13|COBRIZA|XLM75UFDR-003|A,2026-07-13,COBRIZA,XLM75UFDR-003,A,16.299999999999997,16.3,-0.0,COINCIDE OK
2026-07-13|COBRIZA|XLM75UFDR-003|B,2026-07-13,COBRIZA,XLM75UFDR-003,B,34.10000000000001,34.1,0.0,COINCIDE OK
2026-07-13|COBRIZA|XRD125UFDR-002|A,2026-07-13,COBRIZA,XRD125UFDR-002,A,20.700000000000017,20.7,0.0,COINCIDE OK
2026-07-13|COBRIZA|XRD125UFDR-002|B,2026-07-13,COBRIZA,XRD125UFDR-002,B,13.399999999999975,13.4,-0.0,COINCIDE OK
2026-07-13|COBRIZA|XRD150U-008|A,2026-07-13,COBRIZA,XRD150U-008,A,18.30000000000001,18.3,0.0,COINCIDE OK
2026-07-13|COBRIZA|XRD150U-008|B,2026-07-13,COBRIZA,XRD150U-008,B,10.199999999999989,10.2,-0.0,COINCIDE OK
2026-07-13|COBRIZA|XRD50UFDR-001|A,2026-07-13,COBRIZA,XRD50UFDR-001,A,35.5,35.5,0.0,COINCIDE OK
2026-07-13|COBRIZA|XRD50UFDR-001|B,2026-07-13,COBRIZA,XRD50UFDR-001,B,38.8,38.8,0.0,COINCIDE OK
2026-07-13|COBRIZA|XRD50USS-002|A,2026-07-13,COBRIZA,XRD50USS-002,A,0.0,0.0,0.0,COINCIDE OK
2026-07-13|COBRIZA|XRD50USS-002|B,2026-07-13,COBRIZA,XRD50USS-002,B,0.0,0.0,0.0,COINCIDE OK
2026-07-13|COBRIZA|XRD80USS-006|A,2026-07-13,COBRIZA,XRD80USS-006,A,0.0,0.0,0.0,COINCIDE OK
2026-07-13|COBRIZA|XRD80USS-006|B,2026-07-13,COBRIZA,XRD80USS-006,B,0.0,0.0,0.0,COINCIDE OK
2026-07-13|COBRIZA|XRD90U-019|A,2026-07-13,COBRIZA,XRD90U-019,A,0.0,0.0,0.0,COINCIDE OK
2026-07-13|COBRIZA|XRD90U-019|B,2026-07-13,COBRIZA,XRD90U-019,B,0.0,0.0,0.0,COINCIDE OK
2026-07-13|COLQUISIRI|XRD80USS-012|A,2026-07-13,COLQUISIRI,XRD80USS-012,A,0.0,0.0,0.0,COINCIDE OK
2026-07-13|COLQUISIRI|XRD80USS-012|B,2026-07-13,COLQUISIRI,XRD80USS-012,B,0.0,0.0,0.0,COINCIDE OK
2026-07-13|CONDESTABLE|XLM75UFDR-002|A,2026-07-13,CONDESTABLE,XLM75UFDR-002,A,31.3,31.3,0.0,COINCIDE OK
2026-07-13|CONDESTABLE|XLM75UFDR-002|B,2026-07-13,CONDESTABLE,XLM75UFDR-002,B,31.0,31.0,0.0,COINCIDE OK
2026-07-13|CONDESTABLE|XLM75UFDR-004|A,2026-07-13,CONDESTABLE,XLM75UFDR-004,A,15.4,15.4,0.0,COINCIDE OK
2026-07-13|CONDESTABLE|XLM75UFDR-004|B,2026-07-13,CONDESTABLE,XLM75UFDR-004,B,18.700000000000003,18.7,0.0,COINCIDE OK
2026-07-13|CONDESTABLE|XRD150USS-003|A,2026-07-13,CONDESTABLE,XRD150USS-003,A,0.0,0.0,0.0,COINCIDE OK
2026-07-13|CONDESTABLE|XRD150USS-003|B,2026-07-13,CONDESTABLE,XRD150USS-003,B,0.0,0.0,0.0,COINCIDE OK
2026-07-13|CONDESTABLE|XRD80ITH-001|A,2026-07-13,CONDESTABLE,XRD80ITH-001,A,26.099999999999994,26.1,-0.0,COINCIDE OK
2026-07-13|CONDESTABLE|XRD80ITH-001|B,2026-07-13,CONDESTABLE,XRD80ITH-001,B,35.0,35.0,0.0,COINCIDE OK
2026-07-13|CUCULII|XRD100ST-001|A,2026-07-13,CUCULI,XRD100ST-001,A,0.0,7.7,-7.7,SOLO EN CONTROL INTERNO
2026-07-13|CUCULII|XRD100ST-001|B,2026-07-13,CUCULI,XRD100ST-001,B,0.0,9.4,-9.4,SOLO EN CONTROL INTERNO
2026-07-13|CUCULI|XRD100ST-001|A,2026-07-13,CUCULI,XRD100ST-001,A,17.1,0.0,17.1,SOLO EN DETALLADO
2026-07-13|INMACULADA|XLM75UFDR-001|A,2026-07-13,INMACULADA,XLM75UFDR-001,A,25.4,25.4,0.0,COINCIDE OK
2026-07-13|INMACULADA|XLM75UFDR-001|B,2026-07-13,INMACULADA,XLM75UFDR-001,B,24.9,24.9,0.0,COINCIDE OK
2026-07-13|INMACULADA|XRD150U-003|A,2026-07-13,INMACULADA,XRD150U-003,A,0.0,0.0,0.0,COINCIDE OK
2026-07-13|INMACULADA|XRD150U-003|B,2026-07-13,INMACULADA,XRD150U-003,B,0.0,0.0,0.0,COINCIDE OK
2026-07-13|INMACULADA|XRD150USS-004|A,2026-07-13,INMACULADA,XRD150USS-004,A,0.0,0.0,0.0,COINCIDE OK
2026-07-13|INMACULADA|XRD150USS-004|B,2026-07-13,INMACULADA,XRD150USS-004,B,0.0,0.0,0.0,COINCIDE OK
2026-07-13|INMACULADA|XRD250U-001|A,2026-07-13,INMACULADA,XRD250U-001,A,0.0,0.0,0.0,COINCIDE OK
2026-07-13|INMACULADA|XRD250U-001|B,2026-07-13,INMACULADA,XRD250U-001,B,0.0,0.0,0.0,COINCIDE OK
2026-07-13|INMACULADA|XRD80USS-008|A,2026-07-13,INMACULADA,XRD80USS-008,A,14.5,14.5,0.0,COINCIDE OK
2026-07-13|INMACULADA|XRD80USS-008|B,2026-07-13,INMACULADA,XRD80USS-008,B,0.0,0.0,0.0,COINCIDE OK
2026-07-13|INMACULADA|XRD90U-012|A,2026-07-13,INMACULADA,XRD90U-012,A,15.0,15.0,0.0,COINCIDE OK
2026-07-13|INMACULADA|XRD90U-012|B,2026-07-13,INMACULADA,XRD90U-012,B,25.5,25.5,0.0,COINCIDE OK
2026-07-13|INMACULADA|XRD90U-016|A,2026-07-13,INMACULADA,XRD90U-016,A,3.9,3.9,0.0,COINCIDE OK
2026-07-13|INMACULADA|XRD90U-016|B,2026-07-13,INMACULADA,XRD90U-016,B,30.300000000000004,30.3,0.0,COINCIDE OK
2026-07-13|LA ESTRELLA|XRD150U-004|A,2026-07-13,LA ESTRELLA,XRD150U-004,A,10.899999999999977,6.4,4.5,REPARTICION DE TURNO (DIA/NOCHE)
2026-07-13|LA ESTRELLA|XRD150U-004|B,2026-07-13,LA ESTRELLA,XRD150U-004,B,0.0,4.5,-4.5,SOLO EN CONTROL INTERNO
2026-07-13|LA ESTRELLA|XRD150U-006|A,2026-07-13,LA ESTRELLA,XRD150U-006,A,42.599999999999994,18.0,24.6,REPARTICION DE TURNO (DIA/NOCHE)
2026-07-13|LA ESTRELLA|XRD150U-006|B,2026-07-13,LA ESTRELLA,XRD150U-006,B,0.0,24.6,-24.6,SOLO EN CONTROL INTERNO
2026-07-13|MOROCOCHA|XRD150USS-002|A,2026-07-13,MOROCOCHA,XRD150USS-002,A,30.0,30.0,0.0,COINCIDE OK
2026-07-13|MOROCOCHA|XRD150USS-002|B,2026-07-13,MOROCOCHA,XRD150USS-002,B,18.0,18.0,0.0,COINCIDE OK
2026-07-13|MOROCOCHA|XRD80USS-011|A,2026-07-13,MOROCOCHA,XRD80USS-011,A,0.0,0.0,0.0,COINCIDE OK
2026-07-13|MOROCOCHA|XRD80USS-011|B,2026-07-13,MOROCOCHA,XRD80USS-011,B,28.25000000000003,28.25,0.0,COINCIDE OK
2026-07-13|MOROCOCHA|XRD90USS-005|A,2026-07-13,MOROCOCHA,XRD90USS-005,A,0.0,0.0,0.0,COINCIDE OK
2026-07-13|MOROCOCHA|XRD90USS-005|B,2026-07-13,MOROCOCHA,XRD90USS-005,B,0.0,0.0,0.0,COINCIDE OK
2026-07-13|RAURA|XRD150U-005|A,2026-07-13,RAURA,XRD150U-005,A,7.409999999999997,7.41,-0.0,COINCIDE OK
2026-07-13|RAURA|XRD150U-005|B,2026-07-13,RAURA,XRD150U-005,B,21.670000000000016,21.67,0.0,COINCIDE OK
2026-07-13|RAURA|XRD150UBT-001|A,2026-07-13,RAURA,XRD150UBT-001,A,16.57000000000002,16.57,0.0,COINCIDE OK
2026-07-13|RAURA|XRD150UBT-001|B,2026-07-13,RAURA,XRD150UBT-001,B,12.53,12.53,0.0,COINCIDE OK
2026-07-13|RAURA|XRD90USS-001|A,2026-07-13,RAURA,XRD90USS-001,A,3.3599999999999994,3.36,-0.0,COINCIDE OK
2026-07-13|RAURA|XRD90USS-001|B,2026-07-13,RAURA,XRD90USS-001,B,3.789999999999999,3.79,-0.0,COINCIDE OK
2026-07-13|RAURA|XRD90USS-004|A,2026-07-13,RAURA,XRD90USS-004,A,0.0,0.0,0.0,COINCIDE OK
2026-07-13|RAURA|XRD90USS-004|B,2026-07-13,RAURA,XRD90USS-004,B,24.18,24.18,0.0,COINCIDE OK
2026-07-13|SAN CRISTOBAL|DE710ST-001|A,2026-07-13,SAN CRISTOBAL,DE710ST-001,A,19.60000000000001,19.6,0.0,COINCIDE OK
2026-07-13|SAN CRISTOBAL|DE710ST-001|B,2026-07-13,SAN CRISTOBAL,DE710ST-001,B,18.5,18.5,0.0,COINCIDE OK
2026-07-13|SAN CRISTOBAL|XRD90U-004|A,2026-07-13,SAN CRISTOBAL,XRD90U-004,A,1.3500000000000227,1.35,0.0,COINCIDE OK
2026-07-13|SAN CRISTOBAL|XRD90U-004|B,2026-07-13,SAN CRISTOBAL,XRD90U-004,B,6.099999999999966,6.1,-0.0,COINCIDE OK
2026-07-13|SAN CRISTOBAL|XRD90U-010|A,2026-07-13,SAN CRISTOBAL,XRD90U-010,A,3.25,3.25,0.0,COINCIDE OK
2026-07-13|SAN CRISTOBAL|XRD90U-010|B,2026-07-13,SAN CRISTOBAL,XRD90U-010,B,1.1999999999999886,1.2,-0.0,COINCIDE OK
2026-07-13|SAN CRISTOBAL|XRD90U-023|A,2026-07-13,SAN CRISTOBAL,XRD90U-023,A,0.0,0.0,0.0,COINCIDE OK
2026-07-13|SAN CRISTOBAL|XRD90U-023|B,2026-07-13,SAN CRISTOBAL,XRD90U-023,B,0.0,0.0,0.0,COINCIDE OK
2026-07-13|TAMBOJASA|DE710T-002|A,2026-07-13,TAMBOJASA,DE710T-002,A,4.8,4.8,0.0,COINCIDE OK
2026-07-13|TAMBOJASA|DE710T-002|B,2026-07-13,TAMBOJASA,DE710T-002,B,6.8,6.8,0.0,COINCIDE OK
2026-07-13|TICLIO|XRD150U-007|A,2026-07-13,TICLIO,XRD150U-007,A,0.0,0.0,0.0,COINCIDE OK
2026-07-13|TICLIO|XRD150U-007|B,2026-07-13,TICLIO,XRD150U-007,B,0.0,0.0,0.0,COINCIDE OK
2026-07-13|YAULIYACU|XDR50USS-00T|A,2026-07-13,YAULIYACU,XDR50USS-00T,A,16.599999999999994,16.6,-0.0,COINCIDE OK
2026-07-13|YAULIYACU|XDR50USS-00T|B,2026-07-13,YAULIYACU,XDR50USS-00T,B,0.0,0.0,0.0,COINCIDE OK
2026-07-13|YAULIYACU|XRD125USS-001|A,2026-07-13,YAULIYACU,XRD125USS-001,A,0.0,0.0,0.0,COINCIDE OK
2026-07-13|YAULIYACU|XRD125USS-001|B,2026-07-13,YAULIYACU,XRD125USS-001,B,0.0,0.0,0.0,COINCIDE OK
2026-07-13|YAULIYACU|XRD50USS-003|A,2026-07-13,YAULIYACU,XRD50USS-003,A,20.549999999999997,17.4,3.15,REPARTICION DE TURNO (DIA/NOCHE)
2026-07-13|YAULIYACU|XRD50USS-003|B,2026-07-13,YAULIYACU,XRD50USS-003,B,0.0,3.15,-3.15,SOLO EN CONTROL INTERNO
2026-07-13|YAURICOCHA|XRD150USS-001|A,2026-07-13,YAURICOCHA,XRD150USS-001,A,0.0,0.0,0.0,COINCIDE OK
2026-07-13|YAURICOCHA|XRD150USS-001|B,2026-07-13,YAURICOCHA,XRD150USS-001,B,0.0,0.0,0.0,COINCIDE OK
2026-07-14|AMERICANA|LM110U-001|A,2026-07-14,AMERICANA,LM110U-001,A,0.0,0.0,0.0,COINCIDE OK
2026-07-14|AMERICANA|LM110U-001|B,2026-07-14,AMERICANA,LM110U-001,B,0.0,0.0,0.0,COINCIDE OK
2026-07-14|AMERICANA|XRD50U-002|A,2026-07-14,AMERICANA,XRD50U-002,A,0.0,0.0,0.0,COINCIDE OK
2026-07-14|AMERICANA|XRD50U-002|B,2026-07-14,AMERICANA,XRD50U-002,B,0.0,0.0,0.0,COINCIDE OK
2026-07-14|AMERICANA|XRD50USS-001|A,2026-07-14,AMERICANA,XRD50USS-001,A,35.0,0.0,35.0,SOLO EN DETALLADO
2026-07-14|AMERICANA|XRD50USS-001|B,2026-07-14,AMERICANA,XRD50USS-001,B,0.0,35.0,-35.0,SOLO EN CONTROL INTERNO
2026-07-14|ANDAYCHAGUA|LF90D ST-002|A,2026-07-14,ANDAYCHAGUA,LF90D ST-002,A,9.299999999999956,9.3,-0.0,COINCIDE OK
2026-07-14|ANDAYCHAGUA|LF90D ST-002|B,2026-07-14,ANDAYCHAGUA,LF90D ST-002,B,20.950000000000045,20.95,0.0,COINCIDE OK
2026-07-14|ANDAYCHAGUA|XRD150U-001|A,2026-07-14,ANDAYCHAGUA,XRD150U-001,A,12.949999999999989,12.95,-0.0,COINCIDE OK
2026-07-14|ANDAYCHAGUA|XRD150U-001|B,2026-07-14,ANDAYCHAGUA,XRD150U-001,B,11.099999999999966,11.1,-0.0,COINCIDE OK
2026-07-14|ANDAYCHAGUA|XRD80USS-010|A,2026-07-14,ANDAYCHAGUA,XRD80USS-010,A,26.9,26.9,0.0,COINCIDE OK
2026-07-14|ANDAYCHAGUA|XRD80USS-010|B,2026-07-14,ANDAYCHAGUA,XRD80USS-010,B,22.2,22.2,0.0,COINCIDE OK
2026-07-14|CATALINA HUANCA|XRD100U-001|A,2026-07-14,CATALINA HUANCA,XRD100U-001,A,3.9,3.9,0.0,COINCIDE OK
2026-07-14|CATALINA HUANCA|XRD100U-001|B,2026-07-14,CATALINA HUANCA,XRD100U-001,B,25.4,25.4,0.0,COINCIDE OK
2026-07-14|CATALINA HUANCA|XRD125UFDR-001|A,2026-07-14,CATALINA HUANCA,XRD125UFDR-001,A,20.200000000000003,20.2,0.0,COINCIDE OK
2026-07-14|CATALINA HUANCA|XRD125UFDR-001|B,2026-07-14,CATALINA HUANCA,XRD125UFDR-001,B,11.200000000000005,11.2,0.0,COINCIDE OK
2026-07-14|CATALINA HUANCA|XRD50U-003|A,2026-07-14,CATALINA HUANCA,XRD50U-003,A,30.0,30.0,0.0,COINCIDE OK
2026-07-14|CATALINA HUANCA|XRD50U-003|B,2026-07-14,CATALINA HUANCA,XRD50U-003,B,14.699999999999989,14.7,-0.0,COINCIDE OK
2026-07-14|CATALINA HUANCA|XRD50USS-004|A,2026-07-14,CATALINA HUANCA,XRD50USS-004,A,18.5,18.5,0.0,COINCIDE OK
2026-07-14|CATALINA HUANCA|XRD50USS-004|B,2026-07-14,CATALINA HUANCA,XRD50USS-004,B,13.299999999999995,13.3,-0.0,COINCIDE OK
2026-07-14|CATALINA HUANCA|XRD90U-005|A,2026-07-14,CATALINA HUANCA,XRD90U-005,A,0.0,0.0,0.0,COINCIDE OK
2026-07-14|CATALINA HUANCA|XRD90U-005|B,2026-07-14,CATALINA HUANCA,XRD90U-005,B,20.0,20.0,0.0,COINCIDE OK
2026-07-14|CERRO|XRD150U-002|A,2026-07-14,CERRO,XRD150U-002,A,16.5,16.5,0.0,COINCIDE OK
2026-07-14|CERRO|XRD150U-002|B,2026-07-14,CERRO,XRD150U-002,B,0.0,0.0,0.0,COINCIDE OK
2026-07-14|CHUNGAR|LM110U-001|A,2026-07-14,CHUNGAR,LM110U-001,A,22.350000000000023,13.05,9.3,REPARTICION DE TURNO (DIA/NOCHE)
2026-07-14|CHUNGAR|LM110U-001|B,2026-07-14,CHUNGAR,LM110U-001,B,0.0,9.3,-9.3,SOLO EN CONTROL INTERNO
2026-07-14|CHUNGAR|LM90U-001|A,2026-07-14,CHUNGAR,LM90U-001,A,5.849999999999994,5.85,-0.0,COINCIDE OK
2026-07-14|CHUNGAR|LM90U-001|B,2026-07-14,CHUNGAR,LM90U-001,B,0.0,0.0,0.0,COINCIDE OK
2026-07-14|CHUNGAR|XRD120U-001|A,2026-07-14,CHUNGAR,XRD120U-001,A,3.6,0.0,3.6,SOLO EN DETALLADO
2026-07-14|CHUNGAR|XRD120U-001|B,2026-07-14,CHUNGAR,XRD120U-001,B,0.0,3.6,-3.6,SOLO EN CONTROL INTERNO
2026-07-14|CHUNGAR|XRD90U-021|A,2026-07-14,CHUNGAR,XRD90U-021,A,12.599999999999994,5.15,7.45,REPARTICION DE TURNO (DIA/NOCHE)
2026-07-14|CHUNGAR|XRD90U-021|B,2026-07-14,CHUNGAR,XRD90U-021,B,0.0,7.45,-7.45,SOLO EN CONTROL INTERNO
2026-07-14|CHUNGAR|XRD90USS-003|A,2026-07-14,CHUNGAR,XRD90USS-003,A,0.0,0.0,0.0,COINCIDE OK
2026-07-14|CHUNGAR|XRD90USS-003|B,2026-07-14,CHUNGAR,XRD90USS-003,B,0.0,0.0,0.0,COINCIDE OK
2026-07-14|COBRIZA|XDR100ST-001|A,2026-07-14,COBRIZA,XDR100ST-001,A,0.0,0.0,0.0,COINCIDE OK
2026-07-14|COBRIZA|XDR100ST-001|B,2026-07-14,COBRIZA,XDR100ST-001,B,0.0,0.0,0.0,COINCIDE OK
2026-07-14|COBRIZA|XLM75UFDR-003|A,2026-07-14,COBRIZA,XLM75UFDR-003,A,28.999999999999982,29.0,-0.0,COINCIDE OK
2026-07-14|COBRIZA|XLM75UFDR-003|B,2026-07-14,COBRIZA,XLM75UFDR-003,B,0.0,0.0,0.0,COINCIDE OK
2026-07-14|COBRIZA|XRD125UFDR-002|A,2026-07-14,COBRIZA,XRD125UFDR-002,A,8.5,8.5,0.0,COINCIDE OK
2026-07-14|COBRIZA|XRD125UFDR-002|B,2026-07-14,COBRIZA,XRD125UFDR-002,B,18.5,18.5,0.0,COINCIDE OK
2026-07-14|COBRIZA|XRD150U-008|A,2026-07-14,COBRIZA,XRD150U-008,A,1.0,1.0,0.0,COINCIDE OK
2026-07-14|COBRIZA|XRD150U-008|B,2026-07-14,COBRIZA,XRD150U-008,B,2.0,2.0,0.0,COINCIDE OK
2026-07-14|COBRIZA|XRD50UFDR-001|A,2026-07-14,COBRIZA,XRD50UFDR-001,A,17.299999999999997,17.3,-0.0,COINCIDE OK
2026-07-14|COBRIZA|XRD50UFDR-001|B,2026-07-14,COBRIZA,XRD50UFDR-001,B,21.0,21.0,0.0,COINCIDE OK
2026-07-14|COBRIZA|XRD50USS-002|A,2026-07-14,COBRIZA,XRD50USS-002,A,0.0,0.0,0.0,COINCIDE OK
2026-07-14|COBRIZA|XRD50USS-002|B,2026-07-14,COBRIZA,XRD50USS-002,B,0.0,0.0,0.0,COINCIDE OK
2026-07-14|COBRIZA|XRD80USS-006|A,2026-07-14,COBRIZA,XRD80USS-006,A,20.0,20.0,0.0,COINCIDE OK
2026-07-14|COBRIZA|XRD80USS-006|B,2026-07-14,COBRIZA,XRD80USS-006,B,29.5,29.5,0.0,COINCIDE OK
2026-07-14|COBRIZA|XRD90U-019|A,2026-07-14,COBRIZA,XRD90U-019,A,0.0,0.0,0.0,COINCIDE OK
2026-07-14|COBRIZA|XRD90U-019|B,2026-07-14,COBRIZA,XRD90U-019,B,0.0,0.0,0.0,COINCIDE OK
2026-07-14|COLQUISIRI|XRD80USS-012|A,2026-07-14,COLQUISIRI,XRD80USS-012,A,17.5,17.5,0.0,COINCIDE OK
2026-07-14|COLQUISIRI|XRD80USS-012|B,2026-07-14,COLQUISIRI,XRD80USS-012,B,36.5,36.5,0.0,COINCIDE OK
2026-07-14|CONDESTABLE|XLM75UFDR-002|A,2026-07-14,CONDESTABLE,XLM75UFDR-002,A,23.0,23.0,0.0,COINCIDE OK
2026-07-14|CONDESTABLE|XLM75UFDR-002|B,2026-07-14,CONDESTABLE,XLM75UFDR-002,B,24.19999999999999,24.2,-0.0,COINCIDE OK
2026-07-14|CONDESTABLE|XLM75UFDR-004|A,2026-07-14,CONDESTABLE,XLM75UFDR-004,A,14.0,14.0,0.0,COINCIDE OK
2026-07-14|CONDESTABLE|XLM75UFDR-004|B,2026-07-14,CONDESTABLE,XLM75UFDR-004,B,18.5,18.5,0.0,COINCIDE OK
2026-07-14|CONDESTABLE|XRD150USS-003|A,2026-07-14,CONDESTABLE,XRD150USS-003,A,0.0,0.0,0.0,COINCIDE OK
2026-07-14|CONDESTABLE|XRD150USS-003|B,2026-07-14,CONDESTABLE,XRD150USS-003,B,0.0,0.0,0.0,COINCIDE OK
2026-07-14|CONDESTABLE|XRD80ITH-001|A,2026-07-14,CONDESTABLE,XRD80ITH-001,A,34.599999999999994,34.6,-0.0,COINCIDE OK
2026-07-14|CONDESTABLE|XRD80ITH-001|B,2026-07-14,CONDESTABLE,XRD80ITH-001,B,36.0,36.0,0.0,COINCIDE OK
2026-07-14|CUCULII|XRD100ST-001|A,2026-07-14,CUCULI,XRD100ST-001,A,0.0,12.6,-12.6,SOLO EN CONTROL INTERNO
2026-07-14|CUCULII|XRD100ST-001|B,2026-07-14,CUCULI,XRD100ST-001,B,0.0,26.7,-26.7,SOLO EN CONTROL INTERNO
2026-07-14|CUCULI|XRD100ST-001|A,2026-07-14,CUCULI,XRD100ST-001,A,39.3,0.0,39.3,SOLO EN DETALLADO
2026-07-14|INMACULADA|XLM75UFDR-001|A,2026-07-14,INMACULADA,XLM75UFDR-001,A,9.700000000000005,9.7,0.0,COINCIDE OK
2026-07-14|INMACULADA|XLM75UFDR-001|B,2026-07-14,INMACULADA,XLM75UFDR-001,B,6.0,6.0,0.0,COINCIDE OK
2026-07-14|INMACULADA|XRD150U-003|A,2026-07-14,INMACULADA,XRD150U-003,A,0.0,0.0,0.0,COINCIDE OK
2026-07-14|INMACULADA|XRD150U-003|B,2026-07-14,INMACULADA,XRD150U-003,B,0.0,0.0,0.0,COINCIDE OK
2026-07-14|INMACULADA|XRD150USS-004|A,2026-07-14,INMACULADA,XRD150USS-004,A,0.0,0.0,0.0,COINCIDE OK
2026-07-14|INMACULADA|XRD150USS-004|B,2026-07-14,INMACULADA,XRD150USS-004,B,0.0,0.0,0.0,COINCIDE OK
2026-07-14|INMACULADA|XRD250U-001|A,2026-07-14,INMACULADA,XRD250U-001,A,0.0,0.0,0.0,COINCIDE OK
2026-07-14|INMACULADA|XRD250U-001|B,2026-07-14,INMACULADA,XRD250U-001,B,4.400000000000006,4.4,0.0,COINCIDE OK
2026-07-14|INMACULADA|XRD80USS-008|A,2026-07-14,INMACULADA,XRD80USS-008,A,19.599999999999994,19.6,-0.0,COINCIDE OK
2026-07-14|INMACULADA|XRD80USS-008|B,2026-07-14,INMACULADA,XRD80USS-008,B,0.0,0.0,0.0,COINCIDE OK
2026-07-14|INMACULADA|XRD90U-012|A,2026-07-14,INMACULADA,XRD90U-012,A,22.5,22.5,0.0,COINCIDE OK
2026-07-14|INMACULADA|XRD90U-012|B,2026-07-14,INMACULADA,XRD90U-012,B,10.5,10.5,0.0,COINCIDE OK
2026-07-14|INMACULADA|XRD90U-016|A,2026-07-14,INMACULADA,XRD90U-016,A,23.8,23.8,0.0,COINCIDE OK
2026-07-14|INMACULADA|XRD90U-016|B,2026-07-14,INMACULADA,XRD90U-016,B,18.200000000000003,18.2,0.0,COINCIDE OK
2026-07-14|LA ESTRELLA|XRD150U-004|A,2026-07-14,LA ESTRELLA,XRD150U-004,A,0.0,0.0,0.0,COINCIDE OK
2026-07-14|LA ESTRELLA|XRD150U-004|B,2026-07-14,LA ESTRELLA,XRD150U-004,B,0.0,0.0,0.0,COINCIDE OK
2026-07-14|LA ESTRELLA|XRD150U-006|A,2026-07-14,LA ESTRELLA,XRD150U-006,A,41.5,11.4,30.1,REPARTICION DE TURNO (DIA/NOCHE)
2026-07-14|LA ESTRELLA|XRD150U-006|B,2026-07-14,LA ESTRELLA,XRD150U-006,B,0.0,30.1,-30.1,SOLO EN CONTROL INTERNO
2026-07-14|MOROCOCHA|XRD150USS-002|A,2026-07-14,MOROCOCHA,XRD150USS-002,A,32.0,32.0,0.0,COINCIDE OK
2026-07-14|MOROCOCHA|XRD150USS-002|B,2026-07-14,MOROCOCHA,XRD150USS-002,B,30.69999999999999,30.7,-0.0,COINCIDE OK
2026-07-14|MOROCOCHA|XRD80USS-011|A,2026-07-14,MOROCOCHA,XRD80USS-011,A,0.0,0.0,0.0,COINCIDE OK
2026-07-14|MOROCOCHA|XRD80USS-011|B,2026-07-14,MOROCOCHA,XRD80USS-011,B,27.34999999999997,27.35,-0.0,COINCIDE OK
2026-07-14|MOROCOCHA|XRD90USS-005|A,2026-07-14,MOROCOCHA,XRD90USS-005,A,0.0,0.0,0.0,COINCIDE OK
2026-07-14|MOROCOCHA|XRD90USS-005|B,2026-07-14,MOROCOCHA,XRD90USS-005,B,0.0,0.0,0.0,COINCIDE OK
2026-07-14|RAURA|XRD150U-005|A,2026-07-14,RAURA,XRD150U-005,A,37.66,20.37,17.29,REPARTICION DE TURNO (DIA/NOCHE)
2026-07-14|RAURA|XRD150U-005|B,2026-07-14,RAURA,XRD150U-005,B,0.0,17.29,-17.29,SOLO EN CONTROL INTERNO
2026-07-14|RAURA|XRD150UBT-001|A,2026-07-14,RAURA,XRD150UBT-001,A,24.159999999999997,6.2,17.96,REPARTICION DE TURNO (DIA/NOCHE)
2026-07-14|RAURA|XRD150UBT-001|B,2026-07-14,RAURA,XRD150UBT-001,B,0.0,17.96,-17.96,SOLO EN CONTROL INTERNO
2026-07-14|RAURA|XRD90USS-001|A,2026-07-14,RAURA,XRD90USS-001,A,9.579999999999998,0.0,9.58,SOLO EN DETALLADO
2026-07-14|RAURA|XRD90USS-001|B,2026-07-14,RAURA,XRD90USS-001,B,0.0,9.58,-9.58,SOLO EN CONTROL INTERNO
2026-07-14|RAURA|XRD90USS-004|A,2026-07-14,RAURA,XRD90USS-004,A,26.86,7.03,19.83,REPARTICION DE TURNO (DIA/NOCHE)
2026-07-14|RAURA|XRD90USS-004|B,2026-07-14,RAURA,XRD90USS-004,B,0.0,19.83,-19.83,SOLO EN CONTROL INTERNO
2026-07-14|SAN CRISTOBAL|DE710ST-001|A,2026-07-14,SAN CRISTOBAL,DE710ST-001,A,19.099999999999994,19.1,-0.0,COINCIDE OK
2026-07-14|SAN CRISTOBAL|DE710ST-001|B,2026-07-14,SAN CRISTOBAL,DE710ST-001,B,0.0,0.0,0.0,COINCIDE OK
2026-07-14|SAN CRISTOBAL|XRD90U-004|A,2026-07-14,SAN CRISTOBAL,XRD90U-004,A,0.0,0.0,0.0,COINCIDE OK
2026-07-14|SAN CRISTOBAL|XRD90U-004|B,2026-07-14,SAN CRISTOBAL,XRD90U-004,B,11.600000000000025,11.6,0.0,COINCIDE OK
2026-07-14|SAN CRISTOBAL|XRD90U-010|A,2026-07-14,SAN CRISTOBAL,XRD90U-010,A,10.200000000000044,10.2,0.0,COINCIDE OK
2026-07-14|SAN CRISTOBAL|XRD90U-010|B,2026-07-14,SAN CRISTOBAL,XRD90U-010,B,6.649999999999977,6.65,-0.0,COINCIDE OK
2026-07-14|SAN CRISTOBAL|XRD90U-023|A,2026-07-14,SAN CRISTOBAL,XRD90U-023,A,0.0,0.0,0.0,COINCIDE OK
2026-07-14|SAN CRISTOBAL|XRD90U-023|B,2026-07-14,SAN CRISTOBAL,XRD90U-023,B,0.0,0.0,0.0,COINCIDE OK
2026-07-14|TAMBOJASA|DE710T-002|A,2026-07-14,TAMBOJASA,DE710T-002,A,8.1,8.1,0.0,COINCIDE OK
2026-07-14|TAMBOJASA|DE710T-002|B,2026-07-14,TAMBOJASA,DE710T-002,B,3.3000000000000007,3.3,0.0,COINCIDE OK
2026-07-14|TICLIO|XRD150U-007|A,2026-07-14,TICLIO,XRD150U-007,A,0.0,0.0,0.0,COINCIDE OK
2026-07-14|TICLIO|XRD150U-007|B,2026-07-14,TICLIO,XRD150U-007,B,0.0,0.0,0.0,COINCIDE OK
2026-07-14|YAULIYACU|XDR50USS-00T|A,2026-07-14,YAULIYACU,XDR50USS-00T,A,7.950000000000003,2.75,5.2,REPARTICION DE TURNO (DIA/NOCHE)
2026-07-14|YAULIYACU|XDR50USS-00T|B,2026-07-14,YAULIYACU,XDR50USS-00T,B,0.0,5.2,-5.2,SOLO EN CONTROL INTERNO
2026-07-14|YAULIYACU|XRD125USS-001|A,2026-07-14,YAULIYACU,XRD125USS-001,A,0.0,0.0,0.0,COINCIDE OK
2026-07-14|YAULIYACU|XRD125USS-001|B,2026-07-14,YAULIYACU,XRD125USS-001,B,0.0,0.0,0.0,COINCIDE OK
2026-07-14|YAULIYACU|XRD50USS-003|A,2026-07-14,YAULIYACU,XRD50USS-003,A,53.75,23.25,30.5,REPARTICION DE TURNO (DIA/NOCHE)
2026-07-14|YAULIYACU|XRD50USS-003|B,2026-07-14,YAULIYACU,XRD50USS-003,B,0.0,30.5,-30.5,SOLO EN CONTROL INTERNO
2026-07-14|YAURICOCHA|XRD150USS-001|A,2026-07-14,YAURICOCHA,XRD150USS-001,A,0.0,0.0,0.0,COINCIDE OK
2026-07-14|YAURICOCHA|XRD150USS-001|B,2026-07-14,YAURICOCHA,XRD150USS-001,B,0.0,0.0,0.0,COINCIDE OK
2026-07-15|AMERICANA|LM110U-001|A,2026-07-15,AMERICANA,LM110U-001,A,0.0,0.0,0.0,COINCIDE OK
2026-07-15|AMERICANA|LM110U-001|B,2026-07-15,AMERICANA,LM110U-001,B,0.0,0.0,0.0,COINCIDE OK
2026-07-15|AMERICANA|XRD50U-002|A,2026-07-15,AMERICANA,XRD50U-002,A,22.4,0.0,22.4,SOLO EN DETALLADO
2026-07-15|AMERICANA|XRD50U-002|B,2026-07-15,AMERICANA,XRD50U-002,B,0.0,22.4,-22.4,SOLO EN CONTROL INTERNO
2026-07-15|AMERICANA|XRD50USS-001|A,2026-07-15,AMERICANA,XRD50USS-001,A,70.0,35.0,35.0,REPARTICION DE TURNO (DIA/NOCHE)
2026-07-15|AMERICANA|XRD50USS-001|B,2026-07-15,AMERICANA,XRD50USS-001,B,0.0,35.0,-35.0,SOLO EN CONTROL INTERNO
2026-07-15|ANDAYCHAGUA|LF90D ST-002|A,2026-07-15,ANDAYCHAGUA,LF90D ST-002,A,9.0,9.0,0.0,COINCIDE OK
2026-07-15|ANDAYCHAGUA|LF90D ST-002|B,2026-07-15,ANDAYCHAGUA,LF90D ST-002,B,0.0,0.0,0.0,COINCIDE OK
2026-07-15|ANDAYCHAGUA|XRD150U-001|A,2026-07-15,ANDAYCHAGUA,XRD150U-001,A,12.0,12.0,0.0,COINCIDE OK
2026-07-15|ANDAYCHAGUA|XRD150U-001|B,2026-07-15,ANDAYCHAGUA,XRD150U-001,B,15.100000000000025,15.1,0.0,COINCIDE OK
2026-07-15|ANDAYCHAGUA|XRD80USS-010|A,2026-07-15,ANDAYCHAGUA,XRD80USS-010,A,17.800000000000004,17.8,0.0,COINCIDE OK
2026-07-15|ANDAYCHAGUA|XRD80USS-010|B,2026-07-15,ANDAYCHAGUA,XRD80USS-010,B,0.0,0.0,0.0,COINCIDE OK
2026-07-15|CATALINA HUANCA|XRD100U-001|A,2026-07-15,CATALINA HUANCA,XRD100U-001,A,8.099999999999998,8.1,-0.0,COINCIDE OK
2026-07-15|CATALINA HUANCA|XRD100U-001|B,2026-07-15,CATALINA HUANCA,XRD100U-001,B,22.5,22.5,0.0,COINCIDE OK
2026-07-15|CATALINA HUANCA|XRD125UFDR-001|A,2026-07-15,CATALINA HUANCA,XRD125UFDR-001,A,21.0,21.0,0.0,COINCIDE OK
2026-07-15|CATALINA HUANCA|XRD125UFDR-001|B,2026-07-15,CATALINA HUANCA,XRD125UFDR-001,B,0.0,0.0,0.0,COINCIDE OK
2026-07-15|CATALINA HUANCA|XRD50U-003|A,2026-07-15,CATALINA HUANCA,XRD50U-003,A,14.900000000000006,14.9,0.0,COINCIDE OK
2026-07-15|CATALINA HUANCA|XRD50U-003|B,2026-07-15,CATALINA HUANCA,XRD50U-003,B,5.0,5.0,0.0,COINCIDE OK
2026-07-15|CATALINA HUANCA|XRD50USS-004|A,2026-07-15,CATALINA HUANCA,XRD50USS-004,A,7.099999999999994,7.1,-0.0,COINCIDE OK
2026-07-15|CATALINA HUANCA|XRD50USS-004|B,2026-07-15,CATALINA HUANCA,XRD50USS-004,B,0.0,0.0,0.0,COINCIDE OK
2026-07-15|CATALINA HUANCA|XRD90U-005|A,2026-07-15,CATALINA HUANCA,XRD90U-005,A,33.6,33.6,0.0,COINCIDE OK
2026-07-15|CATALINA HUANCA|XRD90U-005|B,2026-07-15,CATALINA HUANCA,XRD90U-005,B,30.499999999999996,30.5,-0.0,COINCIDE OK
2026-07-15|CERRO|XRD150U-002|A,2026-07-15,CERRO,XRD150U-002,A,10.1,0.0,10.1,SOLO EN DETALLADO
2026-07-15|CERRO|XRD150U-002|B,2026-07-15,CERRO,XRD150U-002,B,0.0,10.1,-10.1,SOLO EN CONTROL INTERNO
2026-07-15|CHUNGAR|LM110U-001|A,2026-07-15,CHUNGAR,LM110U-001,A,10.799999999999985,10.8,-0.0,COINCIDE OK
2026-07-15|CHUNGAR|LM110U-001|B,2026-07-15,CHUNGAR,LM110U-001,B,7.0,7.0,0.0,COINCIDE OK
2026-07-15|CHUNGAR|LM90U-001|A,2026-07-15,CHUNGAR,LM90U-001,A,13.050000000000011,3.15,9.9,REPARTICION DE TURNO (DIA/NOCHE)
2026-07-15|CHUNGAR|LM90U-001|B,2026-07-15,CHUNGAR,LM90U-001,B,0.0,9.9,-9.9,SOLO EN CONTROL INTERNO
2026-07-15|CHUNGAR|XRD120U-001|A,2026-07-15,CHUNGAR,XRD120U-001,A,24.599999999999998,18.4,6.2,REPARTICION DE TURNO (DIA/NOCHE)
2026-07-15|CHUNGAR|XRD120U-001|B,2026-07-15,CHUNGAR,XRD120U-001,B,0.0,6.2,-6.2,SOLO EN CONTROL INTERNO
2026-07-15|CHUNGAR|XRD90U-021|A,2026-07-15,CHUNGAR,XRD90U-021,A,2.550000000000012,2.55,0.0,COINCIDE OK
2026-07-15|CHUNGAR|XRD90U-021|B,2026-07-15,CHUNGAR,XRD90U-021,B,0.0,0.0,0.0,COINCIDE OK
2026-07-15|CHUNGAR|XRD90USS-003|A,2026-07-15,CHUNGAR,XRD90USS-003,A,0.0,0.0,0.0,COINCIDE OK
2026-07-15|CHUNGAR|XRD90USS-003|B,2026-07-15,CHUNGAR,XRD90USS-003,B,0.0,0.0,0.0,COINCIDE OK
2026-07-15|COBRIZA|XDR100ST-001|A,2026-07-15,COBRIZA,XDR100ST-001,A,0.0,0.0,0.0,COINCIDE OK
2026-07-15|COBRIZA|XDR100ST-001|B,2026-07-15,COBRIZA,XDR100ST-001,B,0.0,0.0,0.0,COINCIDE OK
2026-07-15|COBRIZA|XLM75UFDR-003|A,2026-07-15,COBRIZA,XLM75UFDR-003,A,20.0,20.0,0.0,COINCIDE OK
2026-07-15|COBRIZA|XLM75UFDR-003|B,2026-07-15,COBRIZA,XLM75UFDR-003,B,10.3,10.3,0.0,COINCIDE OK
2026-07-15|COBRIZA|XRD125UFDR-002|A,2026-07-15,COBRIZA,XRD125UFDR-002,A,28.4,28.4,0.0,COINCIDE OK
2026-07-15|COBRIZA|XRD125UFDR-002|B,2026-07-15,COBRIZA,XRD125UFDR-002,B,35.4,35.4,0.0,COINCIDE OK
2026-07-15|COBRIZA|XRD150U-008|A,2026-07-15,COBRIZA,XRD150U-008,A,6.300000000000011,6.3,0.0,COINCIDE OK
2026-07-15|COBRIZA|XRD150U-008|B,2026-07-15,COBRIZA,XRD150U-008,B,2.3999999999999773,2.4,-0.0,COINCIDE OK
2026-07-15|COBRIZA|XRD50UFDR-001|A,2026-07-15,COBRIZA,XRD50UFDR-001,A,0.0,0.0,0.0,COINCIDE OK
2026-07-15|COBRIZA|XRD50UFDR-001|B,2026-07-15,COBRIZA,XRD50UFDR-001,B,15.4,15.4,0.0,COINCIDE OK
2026-07-15|COBRIZA|XRD50USS-002|A,2026-07-15,COBRIZA,XRD50USS-002,A,0.0,0.0,0.0,COINCIDE OK
2026-07-15|COBRIZA|XRD50USS-002|B,2026-07-15,COBRIZA,XRD50USS-002,B,0.0,0.0,0.0,COINCIDE OK
2026-07-15|COBRIZA|XRD80USS-006|A,2026-07-15,COBRIZA,XRD80USS-006,A,13.200000000000005,13.2,0.0,COINCIDE OK
2026-07-15|COBRIZA|XRD80USS-006|B,2026-07-15,COBRIZA,XRD80USS-006,B,15.5,15.5,0.0,COINCIDE OK
2026-07-15|COBRIZA|XRD90U-019|A,2026-07-15,COBRIZA,XRD90U-019,A,0.0,0.0,0.0,COINCIDE OK
2026-07-15|COBRIZA|XRD90U-019|B,2026-07-15,COBRIZA,XRD90U-019,B,0.0,0.0,0.0,COINCIDE OK
2026-07-15|COLQUISIRI|XRD80USS-012|A,2026-07-15,COLQUISIRI,XRD80USS-012,A,27.8,27.8,0.0,COINCIDE OK
2026-07-15|COLQUISIRI|XRD80USS-012|B,2026-07-15,COLQUISIRI,XRD80USS-012,B,21.40000000000001,21.4,0.0,COINCIDE OK
2026-07-15|CONDESTABLE|XLM75UFDR-002|A,2026-07-15,CONDESTABLE,XLM75UFDR-002,A,13.400000000000006,13.4,0.0,COINCIDE OK
2026-07-15|CONDESTABLE|XLM75UFDR-002|B,2026-07-15,CONDESTABLE,XLM75UFDR-002,B,0.0,0.0,0.0,COINCIDE OK
2026-07-15|CONDESTABLE|XLM75UFDR-004|A,2026-07-15,CONDESTABLE,XLM75UFDR-004,A,4.700000000000003,4.7,0.0,COINCIDE OK
2026-07-15|CONDESTABLE|XLM75UFDR-004|B,2026-07-15,CONDESTABLE,XLM75UFDR-004,B,12.600000000000009,12.6,0.0,COINCIDE OK
2026-07-15|CONDESTABLE|XRD150USS-003|A,2026-07-15,CONDESTABLE,XRD150USS-003,A,0.0,0.0,0.0,COINCIDE OK
2026-07-15|CONDESTABLE|XRD150USS-003|B,2026-07-15,CONDESTABLE,XRD150USS-003,B,0.0,0.0,0.0,COINCIDE OK
2026-07-15|CONDESTABLE|XRD80ITH-001|A,2026-07-15,CONDESTABLE,XRD80ITH-001,A,35.099999999999994,35.1,-0.0,COINCIDE OK
2026-07-15|CONDESTABLE|XRD80ITH-001|B,2026-07-15,CONDESTABLE,XRD80ITH-001,B,36.0,36.0,0.0,COINCIDE OK
2026-07-15|CUCULII|XRD100ST-001|A,2026-07-15,CUCULI,XRD100ST-001,A,0.0,20.3,-20.3,SOLO EN CONTROL INTERNO
2026-07-15|CUCULII|XRD100ST-001|B,2026-07-15,CUCULI,XRD100ST-001,B,0.0,31.0,-31.0,SOLO EN CONTROL INTERNO
2026-07-15|CUCULI|XRD100ST-001|A,2026-07-15,CUCULI,XRD100ST-001,A,51.3,0.0,51.3,SOLO EN DETALLADO
2026-07-15|INMACULADA|XLM75UFDR-001|A,2026-07-15,INMACULADA,XLM75UFDR-001,A,28.5,28.5,0.0,COINCIDE OK
2026-07-15|INMACULADA|XLM75UFDR-001|B,2026-07-15,INMACULADA,XLM75UFDR-001,B,26.5,26.5,0.0,COINCIDE OK
2026-07-15|INMACULADA|XRD150U-003|A,2026-07-15,INMACULADA,XRD150U-003,A,3.4000000000000057,3.4,0.0,COINCIDE OK
2026-07-15|INMACULADA|XRD150U-003|B,2026-07-15,INMACULADA,XRD150U-003,B,2.5999999999999943,2.6,-0.0,COINCIDE OK
2026-07-15|INMACULADA|XRD150USS-004|A,2026-07-15,INMACULADA,XRD150USS-004,A,0.0,0.0,0.0,COINCIDE OK
2026-07-15|INMACULADA|XRD150USS-004|B,2026-07-15,INMACULADA,XRD150USS-004,B,0.0,0.0,0.0,COINCIDE OK
2026-07-15|INMACULADA|XRD250U-001|A,2026-07-15,INMACULADA,XRD250U-001,A,13.099999999999994,13.1,-0.0,COINCIDE OK
2026-07-15|INMACULADA|XRD250U-001|B,2026-07-15,INMACULADA,XRD250U-001,B,19.299999999999983,19.3,-0.0,COINCIDE OK
2026-07-15|INMACULADA|XRD80USS-008|A,2026-07-15,INMACULADA,XRD80USS-008,A,1.4000000000000057,1.4,0.0,COINCIDE OK
2026-07-15|INMACULADA|XRD80USS-008|B,2026-07-15,INMACULADA,XRD80USS-008,B,5.0,5.0,0.0,COINCIDE OK
2026-07-15|INMACULADA|XRD90U-012|A,2026-07-15,INMACULADA,XRD90U-012,A,12.5,12.5,0.0,COINCIDE OK
2026-07-15|INMACULADA|XRD90U-012|B,2026-07-15,INMACULADA,XRD90U-012,B,13.0,13.0,0.0,COINCIDE OK
2026-07-15|INMACULADA|XRD90U-016|A,2026-07-15,INMACULADA,XRD90U-016,A,24.5,24.5,0.0,COINCIDE OK
2026-07-15|INMACULADA|XRD90U-016|B,2026-07-15,INMACULADA,XRD90U-016,B,18.8,18.8,0.0,COINCIDE OK
2026-07-15|LA ESTRELLA|XRD150U-004|A,2026-07-15,LA ESTRELLA,XRD150U-004,A,3.5,0.0,3.5,SOLO EN DETALLADO
2026-07-15|LA ESTRELLA|XRD150U-004|B,2026-07-15,LA ESTRELLA,XRD150U-004,B,0.0,3.5,-3.5,SOLO EN CONTROL INTERNO
2026-07-15|LA ESTRELLA|XRD150U-006|A,2026-07-15,LA ESTRELLA,XRD150U-006,A,75.7,40.0,35.7,REPARTICION DE TURNO (DIA/NOCHE)
2026-07-15|LA ESTRELLA|XRD150U-006|B,2026-07-15,LA ESTRELLA,XRD150U-006,B,0.0,35.7,-35.7,SOLO EN CONTROL INTERNO
2026-07-15|MOROCOCHA|XRD150USS-002|A,2026-07-15,MOROCOCHA,XRD150USS-002,A,3.0,3.0,0.0,COINCIDE OK
2026-07-15|MOROCOCHA|XRD150USS-002|B,2026-07-15,MOROCOCHA,XRD150USS-002,B,18.25,18.25,0.0,COINCIDE OK
2026-07-15|MOROCOCHA|XRD80USS-011|A,2026-07-15,MOROCOCHA,XRD80USS-011,A,0.0,0.0,0.0,COINCIDE OK
2026-07-15|MOROCOCHA|XRD80USS-011|B,2026-07-15,MOROCOCHA,XRD80USS-011,B,21.25,21.25,0.0,COINCIDE OK
2026-07-15|MOROCOCHA|XRD90USS-005|A,2026-07-15,MOROCOCHA,XRD90USS-005,A,0.0,0.0,0.0,COINCIDE OK
2026-07-15|MOROCOCHA|XRD90USS-005|B,2026-07-15,MOROCOCHA,XRD90USS-005,B,0.0,0.0,0.0,COINCIDE OK
2026-07-15|RAURA|XRD150U-005|A,2026-07-15,RAURA,XRD150U-005,A,7.389999999999986,3.44,3.95,REPARTICION DE TURNO (DIA/NOCHE)
2026-07-15|RAURA|XRD150U-005|B,2026-07-15,RAURA,XRD150U-005,B,0.0,3.95,-3.95,SOLO EN CONTROL INTERNO
2026-07-15|RAURA|XRD150UBT-001|A,2026-07-15,RAURA,XRD150UBT-001,A,42.40999999999997,18.37,24.04,REPARTICION DE TURNO (DIA/NOCHE)
2026-07-15|RAURA|XRD150UBT-001|B,2026-07-15,RAURA,XRD150UBT-001,B,0.0,24.04,-24.04,SOLO EN CONTROL INTERNO
2026-07-15|RAURA|XRD90USS-001|A,2026-07-15,RAURA,XRD90USS-001,A,21.25,12.0,9.25,REPARTICION DE TURNO (DIA/NOCHE)
2026-07-15|RAURA|XRD90USS-001|B,2026-07-15,RAURA,XRD90USS-001,B,0.0,9.25,-9.25,SOLO EN CONTROL INTERNO
2026-07-15|RAURA|XRD90USS-004|A,2026-07-15,RAURA,XRD90USS-004,A,14.900000000000006,14.9,0.0,COINCIDE OK
2026-07-15|RAURA|XRD90USS-004|B,2026-07-15,RAURA,XRD90USS-004,B,0.0,0.0,0.0,COINCIDE OK
2026-07-15|SAN CRISTOBAL|DE710ST-001|A,2026-07-15,SAN CRISTOBAL,DE710ST-001,A,6.0,6.0,0.0,COINCIDE OK
2026-07-15|SAN CRISTOBAL|DE710ST-001|B,2026-07-15,SAN CRISTOBAL,DE710ST-001,B,25.7,25.7,0.0,COINCIDE OK
2026-07-15|SAN CRISTOBAL|XRD90U-004|A,2026-07-15,SAN CRISTOBAL,XRD90U-004,A,0.0,0.0,0.0,COINCIDE OK
2026-07-15|SAN CRISTOBAL|XRD90U-004|B,2026-07-15,SAN CRISTOBAL,XRD90U-004,B,12.15,12.15,0.0,COINCIDE OK
2026-07-15|SAN CRISTOBAL|XRD90U-010|A,2026-07-15,SAN CRISTOBAL,XRD90U-010,A,4.699999999999989,4.7,-0.0,COINCIDE OK
2026-07-15|SAN CRISTOBAL|XRD90U-010|B,2026-07-15,SAN CRISTOBAL,XRD90U-010,B,0.0,0.0,0.0,COINCIDE OK
2026-07-15|SAN CRISTOBAL|XRD90U-023|A,2026-07-15,SAN CRISTOBAL,XRD90U-023,A,0.0,0.0,0.0,COINCIDE OK
2026-07-15|SAN CRISTOBAL|XRD90U-023|B,2026-07-15,SAN CRISTOBAL,XRD90U-023,B,0.0,0.0,0.0,COINCIDE OK
2026-07-15|TAMBOJASA|DE710T-002|A,2026-07-15,TAMBOJASA,DE710T-002,A,4.25,4.25,0.0,COINCIDE OK
2026-07-15|TAMBOJASA|DE710T-002|B,2026-07-15,TAMBOJASA,DE710T-002,B,9.75,9.75,0.0,COINCIDE OK
2026-07-15|TICLIO|XRD150U-007|A,2026-07-15,TICLIO,XRD150U-007,A,0.0,0.0,0.0,COINCIDE OK
2026-07-15|TICLIO|XRD150U-007|B,2026-07-15,TICLIO,XRD150U-007,B,0.0,0.0,0.0,COINCIDE OK
2026-07-15|YAULIYACU|XDR50USS-00T|A,2026-07-15,YAULIYACU,XDR50USS-00T,A,0.0,0.0,0.0,COINCIDE OK
2026-07-15|YAULIYACU|XDR50USS-00T|B,2026-07-15,YAULIYACU,XDR50USS-00T,B,0.0,0.0,0.0,COINCIDE OK
2026-07-15|YAULIYACU|XRD125USS-001|A,2026-07-15,YAULIYACU,XRD125USS-001,A,0.0,0.0,0.0,COINCIDE OK
2026-07-15|YAULIYACU|XRD125USS-001|B,2026-07-15,YAULIYACU,XRD125USS-001,B,0.0,0.0,0.0,COINCIDE OK
2026-07-15|YAULIYACU|XRD50USS-003|A,2026-07-15,YAULIYACU,XRD50USS-003,A,24.599999999999994,24.6,-0.0,COINCIDE OK
2026-07-15|YAULIYACU|XRD50USS-003|B,2026-07-15,YAULIYACU,XRD50USS-003,B,25.40000000000001,25.4,0.0,COINCIDE OK
2026-07-15|YAURICOCHA|XRD150USS-001|A,2026-07-15,YAURICOCHA,XRD150USS-001,A,0.0,0.0,0.0,COINCIDE OK
2026-07-15|YAURICOCHA|XRD150USS-001|B,2026-07-15,YAURICOCHA,XRD150USS-001,B,0.0,0.0,0.0,COINCIDE OK
2026-07-16|AMERICANA|LM110U-001|A,2026-07-16,AMERICANA,LM110U-001,A,0.0,0.0,0.0,COINCIDE OK
2026-07-16|AMERICANA|LM110U-001|B,2026-07-16,AMERICANA,LM110U-001,B,0.0,0.0,0.0,COINCIDE OK
2026-07-16|AMERICANA|XRD50U-002|A,2026-07-16,AMERICANA,XRD50U-002,A,67.6,35.0,32.6,REPARTICION DE TURNO (DIA/NOCHE)
2026-07-16|AMERICANA|XRD50U-002|B,2026-07-16,AMERICANA,XRD50U-002,B,0.0,32.6,-32.6,SOLO EN CONTROL INTERNO
2026-07-16|AMERICANA|XRD50USS-001|A,2026-07-16,AMERICANA,XRD50USS-001,A,35.0,21.6,13.4,REPARTICION DE TURNO (DIA/NOCHE)
2026-07-16|AMERICANA|XRD50USS-001|B,2026-07-16,AMERICANA,XRD50USS-001,B,0.0,13.4,-13.4,SOLO EN CONTROL INTERNO
2026-07-16|ANDAYCHAGUA|LF90D ST-002|A,2026-07-16,ANDAYCHAGUA,LF90D ST-002,A,5.3,5.3,0.0,COINCIDE OK
2026-07-16|ANDAYCHAGUA|LF90D ST-002|B,2026-07-16,ANDAYCHAGUA,LF90D ST-002,B,27.1,27.1,0.0,COINCIDE OK
2026-07-16|ANDAYCHAGUA|XRD150U-001|A,2026-07-16,ANDAYCHAGUA,XRD150U-001,A,11.300000000000011,11.3,0.0,COINCIDE OK
2026-07-16|ANDAYCHAGUA|XRD150U-001|B,2026-07-16,ANDAYCHAGUA,XRD150U-001,B,0.0,0.0,0.0,COINCIDE OK
2026-07-16|ANDAYCHAGUA|XRD80USS-010|A,2026-07-16,ANDAYCHAGUA,XRD80USS-010,A,25.0,25.0,0.0,COINCIDE OK
2026-07-16|ANDAYCHAGUA|XRD80USS-010|B,2026-07-16,ANDAYCHAGUA,XRD80USS-010,B,20.200000000000003,20.2,0.0,COINCIDE OK
2026-07-16|CATALINA HUANCA|XRD100U-001|A,2026-07-16,CATALINA HUANCA,XRD100U-001,A,20.7,20.7,0.0,COINCIDE OK
2026-07-16|CATALINA HUANCA|XRD100U-001|B,2026-07-16,CATALINA HUANCA,XRD100U-001,B,18.80000000000001,18.8,0.0,COINCIDE OK
2026-07-16|CATALINA HUANCA|XRD125UFDR-001|A,2026-07-16,CATALINA HUANCA,XRD125UFDR-001,A,16.0,16.0,0.0,COINCIDE OK
2026-07-16|CATALINA HUANCA|XRD125UFDR-001|B,2026-07-16,CATALINA HUANCA,XRD125UFDR-001,B,0.0,0.0,0.0,COINCIDE OK
2026-07-16|CATALINA HUANCA|XRD50U-003|A,2026-07-16,CATALINA HUANCA,XRD50U-003,A,0.0,0.0,0.0,COINCIDE OK
2026-07-16|CATALINA HUANCA|XRD50U-003|B,2026-07-16,CATALINA HUANCA,XRD50U-003,B,10.3,10.3,0.0,COINCIDE OK
2026-07-16|CATALINA HUANCA|XRD50USS-004|A,2026-07-16,CATALINA HUANCA,XRD50USS-004,A,0.0,0.0,0.0,COINCIDE OK
2026-07-16|CATALINA HUANCA|XRD50USS-004|B,2026-07-16,CATALINA HUANCA,XRD50USS-004,B,0.0,0.0,0.0,COINCIDE OK
2026-07-16|CATALINA HUANCA|XRD90U-005|A,2026-07-16,CATALINA HUANCA,XRD90U-005,A,19.5,19.5,0.0,COINCIDE OK
2026-07-16|CATALINA HUANCA|XRD90U-005|B,2026-07-16,CATALINA HUANCA,XRD90U-005,B,16.400000000000006,16.4,0.0,COINCIDE OK
2026-07-16|CERRO|XRD150U-002|A,2026-07-16,CERRO,XRD150U-002,A,41.949999999999996,30.5,11.45,REPARTICION DE TURNO (DIA/NOCHE)
2026-07-16|CERRO|XRD150U-002|B,2026-07-16,CERRO,XRD150U-002,B,0.0,11.45,-11.45,SOLO EN CONTROL INTERNO
2026-07-16|CHUNGAR|LM110U-001|A,2026-07-16,CHUNGAR,LM110U-001,A,5.300000000000011,5.3,0.0,COINCIDE OK
2026-07-16|CHUNGAR|LM110U-001|B,2026-07-16,CHUNGAR,LM110U-001,B,0.0,0.0,0.0,COINCIDE OK
2026-07-16|CHUNGAR|LM90U-001|A,2026-07-16,CHUNGAR,LM90U-001,A,0.5999999999999943,0.6,-0.0,COINCIDE OK
2026-07-16|CHUNGAR|LM90U-001|B,2026-07-16,CHUNGAR,LM90U-001,B,0.0,0.0,0.0,COINCIDE OK
2026-07-16|CHUNGAR|XRD120U-001|A,2026-07-16,CHUNGAR,XRD120U-001,A,0.0,0.0,0.0,COINCIDE OK
2026-07-16|CHUNGAR|XRD120U-001|B,2026-07-16,CHUNGAR,XRD120U-001,B,0.0,0.0,0.0,COINCIDE OK
2026-07-16|CHUNGAR|XRD90U-021|A,2026-07-16,CHUNGAR,XRD90U-021,A,0.0,0.0,0.0,COINCIDE OK
2026-07-16|CHUNGAR|XRD90U-021|B,2026-07-16,CHUNGAR,XRD90U-021,B,0.0,0.0,0.0,COINCIDE OK
2026-07-16|CHUNGAR|XRD90USS-003|A,2026-07-16,CHUNGAR,XRD90USS-003,A,0.0,0.0,0.0,COINCIDE OK
2026-07-16|CHUNGAR|XRD90USS-003|B,2026-07-16,CHUNGAR,XRD90USS-003,B,0.0,0.0,0.0,COINCIDE OK
2026-07-16|COBRIZA|XDR100ST-001|A,2026-07-16,COBRIZA,XDR100ST-001,A,0.0,0.0,0.0,COINCIDE OK
2026-07-16|COBRIZA|XDR100ST-001|B,2026-07-16,COBRIZA,XDR100ST-001,B,0.0,0.0,0.0,COINCIDE OK
2026-07-16|COBRIZA|XLM75UFDR-003|A,2026-07-16,COBRIZA,XLM75UFDR-003,A,17.499999999999996,17.5,-0.0,COINCIDE OK
2026-07-16|COBRIZA|XLM75UFDR-003|B,2026-07-16,COBRIZA,XLM75UFDR-003,B,13.700000000000005,13.7,0.0,COINCIDE OK
2026-07-16|COBRIZA|XRD125UFDR-002|A,2026-07-16,COBRIZA,XRD125UFDR-002,A,24.700000000000003,24.7,0.0,COINCIDE OK
2026-07-16|COBRIZA|XRD125UFDR-002|B,2026-07-16,COBRIZA,XRD125UFDR-002,B,31.19999999999999,31.2,-0.0,COINCIDE OK
2026-07-16|COBRIZA|XRD150U-008|A,2026-07-16,COBRIZA,XRD150U-008,A,1.1000000000000227,1.1,0.0,COINCIDE OK
2026-07-16|COBRIZA|XRD150U-008|B,2026-07-16,COBRIZA,XRD150U-008,B,0.0,0.0,0.0,COINCIDE OK
2026-07-16|COBRIZA|XRD50UFDR-001|A,2026-07-16,COBRIZA,XRD50UFDR-001,A,0.0,0.0,0.0,COINCIDE OK
2026-07-16|COBRIZA|XRD50UFDR-001|B,2026-07-16,COBRIZA,XRD50UFDR-001,B,20.700000000000003,20.7,0.0,COINCIDE OK
2026-07-16|COBRIZA|XRD50USS-002|A,2026-07-16,COBRIZA,XRD50USS-002,A,0.0,0.0,0.0,COINCIDE OK
2026-07-16|COBRIZA|XRD50USS-002|B,2026-07-16,COBRIZA,XRD50USS-002,B,0.0,0.0,0.0,COINCIDE OK
2026-07-16|COBRIZA|XRD80USS-006|A,2026-07-16,COBRIZA,XRD80USS-006,A,11.5,11.5,0.0,COINCIDE OK
2026-07-16|COBRIZA|XRD80USS-006|B,2026-07-16,COBRIZA,XRD80USS-006,B,39.99999999999999,40.0,-0.0,COINCIDE OK
2026-07-16|COBRIZA|XRD90U-019|A,2026-07-16,COBRIZA,XRD90U-019,A,0.0,0.0,0.0,COINCIDE OK
2026-07-16|COBRIZA|XRD90U-019|B,2026-07-16,COBRIZA,XRD90U-019,B,0.0,0.0,0.0,COINCIDE OK
2026-07-16|COLQUISIRI|XRD80USS-012|A,2026-07-16,COLQUISIRI,XRD80USS-012,A,31.700000000000003,31.7,0.0,COINCIDE OK
2026-07-16|COLQUISIRI|XRD80USS-012|B,2026-07-16,COLQUISIRI,XRD80USS-012,B,30.099999999999994,30.1,-0.0,COINCIDE OK
2026-07-16|CONDESTABLE|XLM75UFDR-002|A,2026-07-16,CONDESTABLE,XLM75UFDR-002,A,18.3,18.3,0.0,COINCIDE OK
2026-07-16|CONDESTABLE|XLM75UFDR-002|B,2026-07-16,CONDESTABLE,XLM75UFDR-002,B,27.0,27.0,0.0,COINCIDE OK
2026-07-16|CONDESTABLE|XLM75UFDR-004|A,2026-07-16,CONDESTABLE,XLM75UFDR-004,A,8.0,8.0,0.0,COINCIDE OK
2026-07-16|CONDESTABLE|XLM75UFDR-004|B,2026-07-16,CONDESTABLE,XLM75UFDR-004,B,6.199999999999989,6.2,-0.0,COINCIDE OK
2026-07-16|CONDESTABLE|XRD150USS-003|A,2026-07-16,CONDESTABLE,XRD150USS-003,A,0.0,0.0,0.0,COINCIDE OK
2026-07-16|CONDESTABLE|XRD150USS-003|B,2026-07-16,CONDESTABLE,XRD150USS-003,B,0.0,0.0,0.0,COINCIDE OK
2026-07-16|CONDESTABLE|XRD80ITH-001|A,2026-07-16,CONDESTABLE,XRD80ITH-001,A,32.099999999999994,32.1,-0.0,COINCIDE OK
2026-07-16|CONDESTABLE|XRD80ITH-001|B,2026-07-16,CONDESTABLE,XRD80ITH-001,B,35.0,35.0,0.0,COINCIDE OK
2026-07-16|CUCULII|XRD100ST-001|A,2026-07-16,CUCULI,XRD100ST-001,A,0.0,30.0,-30.0,SOLO EN CONTROL INTERNO
2026-07-16|CUCULII|XRD100ST-001|B,2026-07-16,CUCULI,XRD100ST-001,B,0.0,12.0,-12.0,SOLO EN CONTROL INTERNO
2026-07-16|CUCULI|XRD100ST-001|A,2026-07-16,CUCULI,XRD100ST-001,A,30.00000000000001,0.0,30.0,SOLO EN DETALLADO
2026-07-16|CUCULI|XRD100ST-001|B,2026-07-16,CUCULI,XRD100ST-001,B,12.0,0.0,12.0,SOLO EN DETALLADO
2026-07-16|INMACULADA|XLM75UFDR-001|A,2026-07-16,INMACULADA,XLM75UFDR-001,A,8.0,8.0,0.0,COINCIDE OK
2026-07-16|INMACULADA|XLM75UFDR-001|B,2026-07-16,INMACULADA,XLM75UFDR-001,B,24.0,24.0,0.0,COINCIDE OK
2026-07-16|INMACULADA|XRD150U-003|A,2026-07-16,INMACULADA,XRD150U-003,A,4.199999999999989,4.2,-0.0,COINCIDE OK
2026-07-16|INMACULADA|XRD150U-003|B,2026-07-16,INMACULADA,XRD150U-003,B,2.800000000000012,2.8,0.0,COINCIDE OK
2026-07-16|INMACULADA|XRD150USS-004|A,2026-07-16,INMACULADA,XRD150USS-004,A,0.0,0.0,0.0,COINCIDE OK
2026-07-16|INMACULADA|XRD150USS-004|B,2026-07-16,INMACULADA,XRD150USS-004,B,0.0,0.0,0.0,COINCIDE OK
2026-07-16|INMACULADA|XRD250U-001|A,2026-07-16,INMACULADA,XRD250U-001,A,10.300000000000011,10.3,0.0,COINCIDE OK
2026-07-16|INMACULADA|XRD250U-001|B,2026-07-16,INMACULADA,XRD250U-001,B,9.0,9.0,0.0,COINCIDE OK
2026-07-16|INMACULADA|XRD80USS-008|A,2026-07-16,INMACULADA,XRD80USS-008,A,0.0,0.0,0.0,COINCIDE OK
2026-07-16|INMACULADA|XRD80USS-008|B,2026-07-16,INMACULADA,XRD80USS-008,B,0.0,0.0,0.0,COINCIDE OK
2026-07-16|INMACULADA|XRD90U-012|A,2026-07-16,INMACULADA,XRD90U-012,A,10.599999999999994,10.6,-0.0,COINCIDE OK
2026-07-16|INMACULADA|XRD90U-012|B,2026-07-16,INMACULADA,XRD90U-012,B,16.400000000000006,16.4,0.0,COINCIDE OK
2026-07-16|INMACULADA|XRD90U-016|A,2026-07-16,INMACULADA,XRD90U-016,A,18.80000000000001,18.8,0.0,COINCIDE OK
2026-07-16|INMACULADA|XRD90U-016|B,2026-07-16,INMACULADA,XRD90U-016,B,17.69999999999999,17.7,-0.0,COINCIDE OK
2026-07-16|LA ESTRELLA|XRD150U-004|A,2026-07-16,LA ESTRELLA,XRD150U-004,A,0.0,0.0,0.0,COINCIDE OK
2026-07-16|LA ESTRELLA|XRD150U-004|B,2026-07-16,LA ESTRELLA,XRD150U-004,B,0.0,0.0,0.0,COINCIDE OK
2026-07-16|LA ESTRELLA|XRD150U-006|A,2026-07-16,LA ESTRELLA,XRD150U-006,A,17.999999999999986,18.0,-0.0,COINCIDE OK
2026-07-16|LA ESTRELLA|XRD150U-006|B,2026-07-16,LA ESTRELLA,XRD150U-006,B,15.400000000000006,15.4,0.0,COINCIDE OK
2026-07-16|MOROCOCHA|XRD150USS-002|A,2026-07-16,MOROCOCHA,XRD150USS-002,A,0.0,0.0,0.0,COINCIDE OK
2026-07-16|MOROCOCHA|XRD150USS-002|B,2026-07-16,MOROCOCHA,XRD150USS-002,B,2.8,2.8,0.0,COINCIDE OK
2026-07-16|MOROCOCHA|XRD80USS-011|A,2026-07-16,MOROCOCHA,XRD80USS-011,A,0.0,0.0,0.0,COINCIDE OK
2026-07-16|MOROCOCHA|XRD80USS-011|B,2026-07-16,MOROCOCHA,XRD80USS-011,B,0.0,0.0,0.0,COINCIDE OK
2026-07-16|MOROCOCHA|XRD90USS-005|A,2026-07-16,MOROCOCHA,XRD90USS-005,A,0.0,0.0,0.0,COINCIDE OK
2026-07-16|MOROCOCHA|XRD90USS-005|B,2026-07-16,MOROCOCHA,XRD90USS-005,B,0.0,0.0,0.0,COINCIDE OK
2026-07-16|RAURA|XRD150U-005|A,2026-07-16,RAURA,XRD150U-005,A,37.43000000000001,10.17,27.26,REPARTICION DE TURNO (DIA/NOCHE)
2026-07-16|RAURA|XRD150U-005|B,2026-07-16,RAURA,XRD150U-005,B,0.0,27.26,-27.26,SOLO EN CONTROL INTERNO
2026-07-16|RAURA|XRD150UBT-001|A,2026-07-16,RAURA,XRD150UBT-001,A,33.02000000000004,23.95,9.07,REPARTICION DE TURNO (DIA/NOCHE)
2026-07-16|RAURA|XRD150UBT-001|B,2026-07-16,RAURA,XRD150UBT-001,B,0.0,9.07,-9.07,SOLO EN CONTROL INTERNO
2026-07-16|RAURA|XRD90USS-001|A,2026-07-16,RAURA,XRD90USS-001,A,31.08,16.88,14.2,REPARTICION DE TURNO (DIA/NOCHE)
2026-07-16|RAURA|XRD90USS-001|B,2026-07-16,RAURA,XRD90USS-001,B,0.0,14.2,-14.2,SOLO EN CONTROL INTERNO
2026-07-16|RAURA|XRD90USS-004|A,2026-07-16,RAURA,XRD90USS-004,A,0.0,0.0,0.0,COINCIDE OK
2026-07-16|RAURA|XRD90USS-004|B,2026-07-16,RAURA,XRD90USS-004,B,0.0,0.0,0.0,COINCIDE OK
2026-07-16|SAN CRISTOBAL|DE710ST-001|A,2026-07-16,SAN CRISTOBAL,DE710ST-001,A,16.599999999999998,16.6,-0.0,COINCIDE OK
2026-07-16|SAN CRISTOBAL|DE710ST-001|B,2026-07-16,SAN CRISTOBAL,DE710ST-001,B,11.1,11.1,0.0,COINCIDE OK
2026-07-16|SAN CRISTOBAL|XRD90U-004|A,2026-07-16,SAN CRISTOBAL,XRD90U-004,A,36.35,36.35,0.0,COINCIDE OK
2026-07-16|SAN CRISTOBAL|XRD90U-004|B,2026-07-16,SAN CRISTOBAL,XRD90U-004,B,36.75,36.75,0.0,COINCIDE OK
2026-07-16|SAN CRISTOBAL|XRD90U-010|A,2026-07-16,SAN CRISTOBAL,XRD90U-010,A,0.0,0.0,0.0,COINCIDE OK
2026-07-16|SAN CRISTOBAL|XRD90U-010|B,2026-07-16,SAN CRISTOBAL,XRD90U-010,B,0.0,0.0,0.0,COINCIDE OK
2026-07-16|SAN CRISTOBAL|XRD90U-023|A,2026-07-16,SAN CRISTOBAL,XRD90U-023,A,0.0,0.0,0.0,COINCIDE OK
2026-07-16|SAN CRISTOBAL|XRD90U-023|B,2026-07-16,SAN CRISTOBAL,XRD90U-023,B,0.0,0.0,0.0,COINCIDE OK
2026-07-16|TAMBOJASA|DE710T-002|A,2026-07-16,TAMBOJASA,DE710T-002,A,2.1000000000000014,2.1,0.0,COINCIDE OK
2026-07-16|TAMBOJASA|DE710T-002|B,2026-07-16,TAMBOJASA,DE710T-002,B,9.449999999999996,9.45,-0.0,COINCIDE OK
2026-07-16|TICLIO|XRD150U-007|A,2026-07-16,TICLIO,XRD150U-007,A,0.0,0.0,0.0,COINCIDE OK
2026-07-16|TICLIO|XRD150U-007|B,2026-07-16,TICLIO,XRD150U-007,B,0.0,0.0,0.0,COINCIDE OK
2026-07-16|YAULIYACU|XDR50USS-00T|A,2026-07-16,YAULIYACU,XDR50USS-00T,A,0.0,0.0,0.0,COINCIDE OK
2026-07-16|YAULIYACU|XDR50USS-00T|B,2026-07-16,YAULIYACU,XDR50USS-00T,B,10.35,10.35,0.0,COINCIDE OK
2026-07-16|YAULIYACU|XRD125USS-001|A,2026-07-16,YAULIYACU,XRD125USS-001,A,0.0,0.0,0.0,COINCIDE OK
2026-07-16|YAULIYACU|XRD125USS-001|B,2026-07-16,YAULIYACU,XRD125USS-001,B,0.0,0.0,0.0,COINCIDE OK
2026-07-16|YAULIYACU|XRD50USS-003|A,2026-07-16,YAULIYACU,XRD50USS-003,A,10.049999999999995,10.05,-0.0,COINCIDE OK
2026-07-16|YAULIYACU|XRD50USS-003|B,2026-07-16,YAULIYACU,XRD50USS-003,B,0.0,0.0,0.0,COINCIDE OK
2026-07-16|YAURICOCHA|XRD150USS-001|A,2026-07-16,YAURICOCHA,XRD150USS-001,A,0.0,0.0,0.0,COINCIDE OK
2026-07-16|YAURICOCHA|XRD150USS-001|B,2026-07-16,YAURICOCHA,XRD150USS-001,B,0.0,0.0,0.0,COINCIDE OK
2026-07-17|AMERICANA|LM110U-001|A,2026-07-17,AMERICANA,LM110U-001,A,0.0,0.0,0.0,COINCIDE OK
2026-07-17|AMERICANA|LM110U-001|B,2026-07-17,AMERICANA,LM110U-001,B,0.0,0.0,0.0,COINCIDE OK
2026-07-17|AMERICANA|XRD50U-002|A,2026-07-17,AMERICANA,XRD50U-002,A,0.0,0.0,0.0,COINCIDE OK
2026-07-17|AMERICANA|XRD50U-002|B,2026-07-17,AMERICANA,XRD50U-002,B,35.0,35.0,0.0,COINCIDE OK
2026-07-17|AMERICANA|XRD50USS-001|A,2026-07-17,AMERICANA,XRD50USS-001,A,3.0,3.0,0.0,COINCIDE OK
2026-07-17|AMERICANA|XRD50USS-001|B,2026-07-17,AMERICANA,XRD50USS-001,B,4.5,4.5,0.0,COINCIDE OK
2026-07-17|ANDAYCHAGUA|LF90D ST-002|A,2026-07-17,ANDAYCHAGUA,LF90D ST-002,A,29.700000000000003,29.7,0.0,COINCIDE OK
2026-07-17|ANDAYCHAGUA|LF90D ST-002|B,2026-07-17,ANDAYCHAGUA,LF90D ST-002,B,24.7,24.7,0.0,COINCIDE OK
2026-07-17|ANDAYCHAGUA|XRD150U-001|A,2026-07-17,ANDAYCHAGUA,XRD150U-001,A,7.4,7.4,0.0,COINCIDE OK
2026-07-17|ANDAYCHAGUA|XRD150U-001|B,2026-07-17,ANDAYCHAGUA,XRD150U-001,B,27.5,27.5,0.0,COINCIDE OK
2026-07-17|ANDAYCHAGUA|XRD80USS-010|A,2026-07-17,ANDAYCHAGUA,XRD80USS-010,A,0.0,0.0,0.0,COINCIDE OK
2026-07-17|ANDAYCHAGUA|XRD80USS-010|B,2026-07-17,ANDAYCHAGUA,XRD80USS-010,B,7.299999999999997,7.3,-0.0,COINCIDE OK
2026-07-17|CATALINA HUANCA|XRD100U-001|A,2026-07-17,CATALINA HUANCA,XRD100U-001,A,17.099999999999994,17.1,-0.0,COINCIDE OK
2026-07-17|CATALINA HUANCA|XRD100U-001|B,2026-07-17,CATALINA HUANCA,XRD100U-001,B,30.40000000000001,30.4,0.0,COINCIDE OK
2026-07-17|CATALINA HUANCA|XRD125UFDR-001|A,2026-07-17,CATALINA HUANCA,XRD125UFDR-001,A,8.7,8.7,0.0,COINCIDE OK
2026-07-17|CATALINA HUANCA|XRD125UFDR-001|B,2026-07-17,CATALINA HUANCA,XRD125UFDR-001,B,16.400000000000002,16.4,0.0,COINCIDE OK
2026-07-17|CATALINA HUANCA|XRD50U-003|A,2026-07-17,CATALINA HUANCA,XRD50U-003,A,28.5,28.5,0.0,COINCIDE OK
2026-07-17|CATALINA HUANCA|XRD50U-003|B,2026-07-17,CATALINA HUANCA,XRD50U-003,B,39.7,39.7,0.0,COINCIDE OK
2026-07-17|CATALINA HUANCA|XRD50USS-004|A,2026-07-17,CATALINA HUANCA,XRD50USS-004,A,0.0,0.0,0.0,COINCIDE OK
2026-07-17|CATALINA HUANCA|XRD50USS-004|B,2026-07-17,CATALINA HUANCA,XRD50USS-004,B,12.0,12.0,0.0,COINCIDE OK
2026-07-17|CATALINA HUANCA|XRD90U-005|A,2026-07-17,CATALINA HUANCA,XRD90U-005,A,16.5,16.5,0.0,COINCIDE OK
2026-07-17|CATALINA HUANCA|XRD90U-005|B,2026-07-17,CATALINA HUANCA,XRD90U-005,B,50.8,50.8,0.0,COINCIDE OK
2026-07-17|CERRO|XRD150U-002|A,2026-07-17,CERRO,XRD150U-002,A,5.350000000000001,5.35,0.0,COINCIDE OK
2026-07-17|CERRO|XRD150U-002|B,2026-07-17,CERRO,XRD150U-002,B,28.95,28.95,0.0,COINCIDE OK
2026-07-17|CHUNGAR|LM110U-001|A,2026-07-17,CHUNGAR,LM110U-001,A,11.199999999999989,11.2,-0.0,COINCIDE OK
2026-07-17|CHUNGAR|LM110U-001|B,2026-07-17,CHUNGAR,LM110U-001,B,0.0,0.0,0.0,COINCIDE OK
2026-07-17|CHUNGAR|LM90U-001|A,2026-07-17,CHUNGAR,LM90U-001,A,10.199999999999989,10.2,-0.0,COINCIDE OK
2026-07-17|CHUNGAR|LM90U-001|B,2026-07-17,CHUNGAR,LM90U-001,B,0.0,0.0,0.0,COINCIDE OK
2026-07-17|CHUNGAR|XRD120U-001|A,2026-07-17,CHUNGAR,XRD120U-001,A,3.5500000000000007,3.55,0.0,COINCIDE OK
2026-07-17|CHUNGAR|XRD120U-001|B,2026-07-17,CHUNGAR,XRD120U-001,B,0.0,0.0,0.0,COINCIDE OK
2026-07-17|CHUNGAR|XRD90U-021|A,2026-07-17,CHUNGAR,XRD90U-021,A,0.0,0.0,0.0,COINCIDE OK
2026-07-17|CHUNGAR|XRD90U-021|B,2026-07-17,CHUNGAR,XRD90U-021,B,4.899999999999992,4.9,-0.0,COINCIDE OK
2026-07-17|CHUNGAR|XRD90USS-003|A,2026-07-17,CHUNGAR,XRD90USS-003,A,0.0,0.0,0.0,COINCIDE OK
2026-07-17|CHUNGAR|XRD90USS-003|B,2026-07-17,CHUNGAR,XRD90USS-003,B,0.0,0.0,0.0,COINCIDE OK
2026-07-17|COBRIZA|XDR100ST-001|A,2026-07-17,COBRIZA,XDR100ST-001,A,0.0,0.0,0.0,COINCIDE OK
2026-07-17|COBRIZA|XDR100ST-001|B,2026-07-17,COBRIZA,XDR100ST-001,B,0.0,0.0,0.0,COINCIDE OK
2026-07-17|COBRIZA|XLM75UFDR-003|A,2026-07-17,COBRIZA,XLM75UFDR-003,A,22.099999999999994,22.1,-0.0,COINCIDE OK
2026-07-17|COBRIZA|XLM75UFDR-003|B,2026-07-17,COBRIZA,XLM75UFDR-003,B,30.40000000000001,30.4,0.0,COINCIDE OK
2026-07-17|COBRIZA|XRD125UFDR-002|A,2026-07-17,COBRIZA,XRD125UFDR-002,A,19.30000000000001,19.3,0.0,COINCIDE OK
2026-07-17|COBRIZA|XRD125UFDR-002|B,2026-07-17,COBRIZA,XRD125UFDR-002,B,6.8,6.8,0.0,COINCIDE OK
2026-07-17|COBRIZA|XRD150U-008|A,2026-07-17,COBRIZA,XRD150U-008,A,3.0,3.0,0.0,COINCIDE OK
2026-07-17|COBRIZA|XRD150U-008|B,2026-07-17,COBRIZA,XRD150U-008,B,1.5,1.5,0.0,COINCIDE OK
2026-07-17|COBRIZA|XRD50UFDR-001|A,2026-07-17,COBRIZA,XRD50UFDR-001,A,0.0,0.0,0.0,COINCIDE OK
2026-07-17|COBRIZA|XRD50UFDR-001|B,2026-07-17,COBRIZA,XRD50UFDR-001,B,22.5,22.5,0.0,COINCIDE OK
2026-07-17|COBRIZA|XRD50USS-002|A,2026-07-17,COBRIZA,XRD50USS-002,A,0.0,0.0,0.0,COINCIDE OK
2026-07-17|COBRIZA|XRD50USS-002|B,2026-07-17,COBRIZA,XRD50USS-002,B,0.0,0.0,0.0,COINCIDE OK
2026-07-17|COBRIZA|XRD80USS-006|A,2026-07-17,COBRIZA,XRD80USS-006,A,19.40000000000001,19.4,0.0,COINCIDE OK
2026-07-17|COBRIZA|XRD80USS-006|B,2026-07-17,COBRIZA,XRD80USS-006,B,6.599999999999994,6.6,-0.0,COINCIDE OK
2026-07-17|COBRIZA|XRD90U-019|A,2026-07-17,COBRIZA,XRD90U-019,A,0.0,0.0,0.0,COINCIDE OK
2026-07-17|COBRIZA|XRD90U-019|B,2026-07-17,COBRIZA,XRD90U-019,B,0.0,0.0,0.0,COINCIDE OK
2026-07-17|COLQUISIRI|XRD80USS-012|A,2026-07-17,COLQUISIRI,XRD80USS-012,A,35.0,35.0,0.0,COINCIDE OK
2026-07-17|COLQUISIRI|XRD80USS-012|B,2026-07-17,COLQUISIRI,XRD80USS-012,B,21.099999999999994,21.1,-0.0,COINCIDE OK
2026-07-17|CONDESTABLE|XLM75UFDR-002|A,2026-07-17,CONDESTABLE,XLM75UFDR-002,A,24.60000000000001,24.6,0.0,COINCIDE OK
2026-07-17|CONDESTABLE|XLM75UFDR-002|B,2026-07-17,CONDESTABLE,XLM75UFDR-002,B,19.599999999999994,19.6,-0.0,COINCIDE OK
2026-07-17|CONDESTABLE|XLM75UFDR-004|A,2026-07-17,CONDESTABLE,XLM75UFDR-004,A,9.0,9.0,0.0,COINCIDE OK
2026-07-17|CONDESTABLE|XLM75UFDR-004|B,2026-07-17,CONDESTABLE,XLM75UFDR-004,B,12.900000000000006,12.9,0.0,COINCIDE OK
2026-07-17|CONDESTABLE|XRD150USS-003|A,2026-07-17,CONDESTABLE,XRD150USS-003,A,0.0,0.0,0.0,COINCIDE OK
2026-07-17|CONDESTABLE|XRD150USS-003|B,2026-07-17,CONDESTABLE,XRD150USS-003,B,0.0,0.0,0.0,COINCIDE OK
2026-07-17|CONDESTABLE|XRD80ITH-001|A,2026-07-17,CONDESTABLE,XRD80ITH-001,A,30.099999999999994,30.1,-0.0,COINCIDE OK
2026-07-17|CONDESTABLE|XRD80ITH-001|B,2026-07-17,CONDESTABLE,XRD80ITH-001,B,25.5,25.5,0.0,COINCIDE OK
2026-07-17|CUCULII|XRD100ST-001|A,2026-07-17,CUCULI,XRD100ST-001,A,0.0,0.0,0.0,COINCIDE OK
2026-07-17|CUCULII|XRD100ST-001|B,2026-07-17,CUCULI,XRD100ST-001,B,0.0,9.9,-9.9,SOLO EN CONTROL INTERNO
2026-07-17|CUCULI|XRD100ST-001|A,2026-07-17,CUCULI,XRD100ST-001,A,0.0,0.0,0.0,COINCIDE OK
2026-07-17|CUCULI|XRD100ST-001|B,2026-07-17,CUCULI,XRD100ST-001,B,9.9,0.0,9.9,SOLO EN DETALLADO
2026-07-17|INMACULADA|XLM75UFDR-001|A,2026-07-17,INMACULADA,XLM75UFDR-001,A,2.0,2.0,0.0,COINCIDE OK
2026-07-17|INMACULADA|XLM75UFDR-001|B,2026-07-17,INMACULADA,XLM75UFDR-001,B,22.0,22.0,0.0,COINCIDE OK
2026-07-17|INMACULADA|XRD150U-003|A,2026-07-17,INMACULADA,XRD150U-003,A,1.5,1.5,0.0,COINCIDE OK
2026-07-17|INMACULADA|XRD150U-003|B,2026-07-17,INMACULADA,XRD150U-003,B,5.199999999999989,5.2,-0.0,COINCIDE OK
2026-07-17|INMACULADA|XRD150USS-004|A,2026-07-17,INMACULADA,XRD150USS-004,A,0.0,0.0,0.0,COINCIDE OK
2026-07-17|INMACULADA|XRD150USS-004|B,2026-07-17,INMACULADA,XRD150USS-004,B,0.0,0.0,0.0,COINCIDE OK
2026-07-17|INMACULADA|XRD250U-001|A,2026-07-17,INMACULADA,XRD250U-001,A,6.0,6.0,0.0,COINCIDE OK
2026-07-17|INMACULADA|XRD250U-001|B,2026-07-17,INMACULADA,XRD250U-001,B,12.0,12.0,0.0,COINCIDE OK
2026-07-17|INMACULADA|XRD80USS-008|A,2026-07-17,INMACULADA,XRD80USS-008,A,0.0,0.0,0.0,COINCIDE OK
2026-07-17|INMACULADA|XRD80USS-008|B,2026-07-17,INMACULADA,XRD80USS-008,B,0.0,0.0,0.0,COINCIDE OK
2026-07-17|INMACULADA|XRD90U-012|A,2026-07-17,INMACULADA,XRD90U-012,A,3.0,3.0,0.0,COINCIDE OK
2026-07-17|INMACULADA|XRD90U-012|B,2026-07-17,INMACULADA,XRD90U-012,B,16.19999999999999,16.2,-0.0,COINCIDE OK
2026-07-17|INMACULADA|XRD90U-016|A,2026-07-17,INMACULADA,XRD90U-016,A,2.4000000000000057,2.4,0.0,COINCIDE OK
2026-07-17|INMACULADA|XRD90U-016|B,2026-07-17,INMACULADA,XRD90U-016,B,17.5,17.5,0.0,COINCIDE OK
2026-07-17|LA ESTRELLA|XRD150U-004|A,2026-07-17,LA ESTRELLA,XRD150U-004,A,0.0,0.0,0.0,COINCIDE OK
2026-07-17|LA ESTRELLA|XRD150U-004|B,2026-07-17,LA ESTRELLA,XRD150U-004,B,0.0,0.0,0.0,COINCIDE OK
2026-07-17|LA ESTRELLA|XRD150U-006|A,2026-07-17,LA ESTRELLA,XRD150U-006,A,3.2,3.2,0.0,COINCIDE OK
2026-07-17|LA ESTRELLA|XRD150U-006|B,2026-07-17,LA ESTRELLA,XRD150U-006,B,66.5,66.5,0.0,COINCIDE OK
2026-07-17|MOROCOCHA|XRD150USS-002|A,2026-07-17,MOROCOCHA,XRD150USS-002,A,46.7,46.7,0.0,COINCIDE OK
2026-07-17|MOROCOCHA|XRD150USS-002|B,2026-07-17,MOROCOCHA,XRD150USS-002,B,0.0,0.0,0.0,COINCIDE OK
2026-07-17|MOROCOCHA|XRD80USS-011|A,2026-07-17,MOROCOCHA,XRD80USS-011,A,0.0,0.0,0.0,COINCIDE OK
2026-07-17|MOROCOCHA|XRD80USS-011|B,2026-07-17,MOROCOCHA,XRD80USS-011,B,0.0,0.0,0.0,COINCIDE OK
2026-07-17|MOROCOCHA|XRD90USS-005|A,2026-07-17,MOROCOCHA,XRD90USS-005,A,0.0,0.0,0.0,COINCIDE OK
2026-07-17|MOROCOCHA|XRD90USS-005|B,2026-07-17,MOROCOCHA,XRD90USS-005,B,0.0,0.0,0.0,COINCIDE OK
2026-07-17|RAURA|XRD150U-005|A,2026-07-17,RAURA,XRD150U-005,A,41.44999999999999,17.86,23.59,REPARTICION DE TURNO (DIA/NOCHE)
2026-07-17|RAURA|XRD150U-005|B,2026-07-17,RAURA,XRD150U-005,B,0.0,23.59,-23.59,SOLO EN CONTROL INTERNO
2026-07-17|RAURA|XRD150UBT-001|A,2026-07-17,RAURA,XRD150UBT-001,A,7.409999999999991,3.01,4.4,REPARTICION DE TURNO (DIA/NOCHE)
2026-07-17|RAURA|XRD150UBT-001|B,2026-07-17,RAURA,XRD150UBT-001,B,0.0,4.4,-4.4,SOLO EN CONTROL INTERNO
2026-07-17|RAURA|XRD90USS-001|A,2026-07-17,RAURA,XRD90USS-001,A,29.160000000000004,10.95,18.21,REPARTICION DE TURNO (DIA/NOCHE)
2026-07-17|RAURA|XRD90USS-001|B,2026-07-17,RAURA,XRD90USS-001,B,0.0,18.21,-18.21,SOLO EN CONTROL INTERNO
2026-07-17|RAURA|XRD90USS-004|A,2026-07-17,RAURA,XRD90USS-004,A,13.93,0.0,13.93,SOLO EN DETALLADO
2026-07-17|RAURA|XRD90USS-004|B,2026-07-17,RAURA,XRD90USS-004,B,0.0,13.93,-13.93,SOLO EN CONTROL INTERNO
2026-07-17|SAN CRISTOBAL|DE710ST-001|A,2026-07-17,SAN CRISTOBAL,DE710ST-001,A,17.800000000000004,17.8,0.0,COINCIDE OK
2026-07-17|SAN CRISTOBAL|DE710ST-001|B,2026-07-17,SAN CRISTOBAL,DE710ST-001,B,26.89999999999999,26.9,-0.0,COINCIDE OK
2026-07-17|SAN CRISTOBAL|XRD90U-004|A,2026-07-17,SAN CRISTOBAL,XRD90U-004,A,33.650000000000006,33.65,0.0,COINCIDE OK
2026-07-17|SAN CRISTOBAL|XRD90U-004|B,2026-07-17,SAN CRISTOBAL,XRD90U-004,B,36.650000000000006,36.65,0.0,COINCIDE OK
2026-07-17|SAN CRISTOBAL|XRD90U-010|A,2026-07-17,SAN CRISTOBAL,XRD90U-010,A,0.0,0.0,0.0,COINCIDE OK
2026-07-17|SAN CRISTOBAL|XRD90U-010|B,2026-07-17,SAN CRISTOBAL,XRD90U-010,B,0.0,0.0,0.0,COINCIDE OK
2026-07-17|SAN CRISTOBAL|XRD90U-023|A,2026-07-17,SAN CRISTOBAL,XRD90U-023,A,0.0,0.0,0.0,COINCIDE OK
2026-07-17|SAN CRISTOBAL|XRD90U-023|B,2026-07-17,SAN CRISTOBAL,XRD90U-023,B,0.0,0.0,0.0,COINCIDE OK
2026-07-17|TAMBOJASA|DE710T-002|A,2026-07-17,TAMBOJASA,DE710T-002,A,17.299999999999997,17.3,-0.0,COINCIDE OK
2026-07-17|TAMBOJASA|DE710T-002|B,2026-07-17,TAMBOJASA,DE710T-002,B,0.0,0.0,0.0,COINCIDE OK
2026-07-17|TICLIO|XRD150U-007|A,2026-07-17,TICLIO,XRD150U-007,A,0.0,0.0,0.0,COINCIDE OK
2026-07-17|TICLIO|XRD150U-007|B,2026-07-17,TICLIO,XRD150U-007,B,0.0,0.0,0.0,COINCIDE OK
2026-07-17|YAULIYACU|XDR50USS-00T|A,2026-07-17,YAULIYACU,XDR50USS-00T,A,30.2,30.2,0.0,COINCIDE OK
2026-07-17|YAULIYACU|XDR50USS-00T|B,2026-07-17,YAULIYACU,XDR50USS-00T,B,33.10000000000001,33.1,0.0,COINCIDE OK
2026-07-17|YAULIYACU|XRD125USS-001|A,2026-07-17,YAULIYACU,XRD125USS-001,A,5.25,0.0,5.25,SOLO EN DETALLADO
2026-07-17|YAULIYACU|XRD125USS-001|B,2026-07-17,YAULIYACU,XRD125USS-001,B,10.85,0.0,10.85,SOLO EN DETALLADO
2026-07-17|YAULIYACU|XRD50USS-003|A,2026-07-17,YAULIYACU,XRD50USS-003,A,36.3,36.3,0.0,COINCIDE OK
2026-07-17|YAULIYACU|XRD50USS-003|B,2026-07-17,YAULIYACU,XRD50USS-003,B,34.7,34.7,0.0,COINCIDE OK
2026-07-17|YAURICOCHA|XRD150USS-001|A,2026-07-17,YAURICOCHA,XRD150USS-001,A,0.0,0.0,0.0,COINCIDE OK
2026-07-17|YAURICOCHA|XRD150USS-001|B,2026-07-17,YAURICOCHA,XRD150USS-001,B,0.0,0.0,0.0,COINCIDE OK
2026-07-18|AMERICANA|LM110U-001|A,2026-07-18,AMERICANA,LM110U-001,A,0.0,0.0,0.0,COINCIDE OK
2026-07-18|AMERICANA|LM110U-001|B,2026-07-18,AMERICANA,LM110U-001,B,0.0,0.0,0.0,COINCIDE OK
2026-07-18|AMERICANA|XRD50U-002|A,2026-07-18,AMERICANA,XRD50U-002,A,35.0,35.0,0.0,COINCIDE OK
2026-07-18|AMERICANA|XRD50U-002|B,2026-07-18,AMERICANA,XRD50U-002,B,30.0,30.0,0.0,COINCIDE OK
2026-07-18|AMERICANA|XRD50USS-001|A,2026-07-18,AMERICANA,XRD50USS-001,A,0.0,0.0,0.0,COINCIDE OK
2026-07-18|AMERICANA|XRD50USS-001|B,2026-07-18,AMERICANA,XRD50USS-001,B,35.0,35.0,0.0,COINCIDE OK
2026-07-18|ANDAYCHAGUA|LF90D ST-002|A,2026-07-18,ANDAYCHAGUA,LF90D ST-002,A,36.0,36.0,0.0,COINCIDE OK
2026-07-18|ANDAYCHAGUA|LF90D ST-002|B,2026-07-18,ANDAYCHAGUA,LF90D ST-002,B,32.3,32.3,0.0,COINCIDE OK
2026-07-18|ANDAYCHAGUA|XRD150U-001|A,2026-07-18,ANDAYCHAGUA,XRD150U-001,A,12.9,12.9,0.0,COINCIDE OK
2026-07-18|ANDAYCHAGUA|XRD150U-001|B,2026-07-18,ANDAYCHAGUA,XRD150U-001,B,21.35000000000001,21.35,0.0,COINCIDE OK
2026-07-18|ANDAYCHAGUA|XRD80USS-010|A,2026-07-18,ANDAYCHAGUA,XRD80USS-010,A,7.149999999999999,7.15,-0.0,COINCIDE OK
2026-07-18|ANDAYCHAGUA|XRD80USS-010|B,2026-07-18,ANDAYCHAGUA,XRD80USS-010,B,14.9,14.9,0.0,COINCIDE OK
2026-07-18|CATALINA HUANCA|XRD100U-001|A,2026-07-18,CATALINA HUANCA,XRD100U-001,A,30.0,30.0,0.0,COINCIDE OK
2026-07-18|CATALINA HUANCA|XRD100U-001|B,2026-07-18,CATALINA HUANCA,XRD100U-001,B,22.5,22.5,0.0,COINCIDE OK
2026-07-18|CATALINA HUANCA|XRD125UFDR-001|A,2026-07-18,CATALINA HUANCA,XRD125UFDR-001,A,10.6,10.6,0.0,COINCIDE OK
2026-07-18|CATALINA HUANCA|XRD125UFDR-001|B,2026-07-18,CATALINA HUANCA,XRD125UFDR-001,B,5.899999999999999,5.9,-0.0,COINCIDE OK
2026-07-18|CATALINA HUANCA|XRD50U-003|A,2026-07-18,CATALINA HUANCA,XRD50U-003,A,30.90000000000001,30.9,0.0,COINCIDE OK
2026-07-18|CATALINA HUANCA|XRD50U-003|B,2026-07-18,CATALINA HUANCA,XRD50U-003,B,32.400000000000006,32.4,0.0,COINCIDE OK
2026-07-18|CATALINA HUANCA|XRD50USS-004|A,2026-07-18,CATALINA HUANCA,XRD50USS-004,A,21.700000000000003,21.7,0.0,COINCIDE OK
2026-07-18|CATALINA HUANCA|XRD50USS-004|B,2026-07-18,CATALINA HUANCA,XRD50USS-004,B,27.599999999999994,27.6,-0.0,COINCIDE OK
2026-07-18|CATALINA HUANCA|XRD90U-005|A,2026-07-18,CATALINA HUANCA,XRD90U-005,A,31.900000000000006,31.9,0.0,COINCIDE OK
2026-07-18|CATALINA HUANCA|XRD90U-005|B,2026-07-18,CATALINA HUANCA,XRD90U-005,B,41.60000000000001,41.6,0.0,COINCIDE OK
2026-07-18|CERRO|XRD150U-002|A,2026-07-18,CERRO,XRD150U-002,A,22.05000000000001,22.05,0.0,COINCIDE OK
2026-07-18|CERRO|XRD150U-002|B,2026-07-18,CERRO,XRD150U-002,B,20.65000000000001,20.65,0.0,COINCIDE OK
2026-07-18|CHUNGAR|LM110U-001|A,2026-07-18,CHUNGAR,LM110U-001,A,12.0,12.0,0.0,COINCIDE OK
2026-07-18|CHUNGAR|LM110U-001|B,2026-07-18,CHUNGAR,LM110U-001,B,13.099999999999994,13.1,-0.0,COINCIDE OK
2026-07-18|CHUNGAR|LM90U-001|A,2026-07-18,CHUNGAR,LM90U-001,A,0.0,0.0,0.0,COINCIDE OK
2026-07-18|CHUNGAR|LM90U-001|B,2026-07-18,CHUNGAR,LM90U-001,B,0.0,0.0,0.0,COINCIDE OK
2026-07-18|CHUNGAR|XRD120U-001|A,2026-07-18,CHUNGAR,XRD120U-001,A,0.0,0.0,0.0,COINCIDE OK
2026-07-18|CHUNGAR|XRD120U-001|B,2026-07-18,CHUNGAR,XRD120U-001,B,0.0,0.0,0.0,COINCIDE OK
2026-07-18|CHUNGAR|XRD90U-021|A,2026-07-18,CHUNGAR,XRD90U-021,A,19.0,19.0,0.0,COINCIDE OK
2026-07-18|CHUNGAR|XRD90U-021|B,2026-07-18,CHUNGAR,XRD90U-021,B,20.700000000000003,20.7,0.0,COINCIDE OK
2026-07-18|CHUNGAR|XRD90USS-003|A,2026-07-18,CHUNGAR,XRD90USS-003,A,0.0,0.0,0.0,COINCIDE OK
2026-07-18|CHUNGAR|XRD90USS-003|B,2026-07-18,CHUNGAR,XRD90USS-003,B,0.0,0.0,0.0,COINCIDE OK
2026-07-18|COBRIZA|XDR100ST-001|A,2026-07-18,COBRIZA,XDR100ST-001,A,0.0,0.0,0.0,COINCIDE OK
2026-07-18|COBRIZA|XDR100ST-001|B,2026-07-18,COBRIZA,XDR100ST-001,B,0.0,0.0,0.0,COINCIDE OK
2026-07-18|COBRIZA|XLM75UFDR-003|A,2026-07-18,COBRIZA,XLM75UFDR-003,A,5.200000000000003,5.2,0.0,COINCIDE OK
2026-07-18|COBRIZA|XLM75UFDR-003|B,2026-07-18,COBRIZA,XLM75UFDR-003,B,25.8,25.8,0.0,COINCIDE OK
2026-07-18|COBRIZA|XRD125UFDR-002|A,2026-07-18,COBRIZA,XRD125UFDR-002,A,27.1,27.1,0.0,COINCIDE OK
2026-07-18|COBRIZA|XRD125UFDR-002|B,2026-07-18,COBRIZA,XRD125UFDR-002,B,29.6,29.6,0.0,COINCIDE OK
2026-07-18|COBRIZA|XRD150U-008|A,2026-07-18,COBRIZA,XRD150U-008,A,4.5,4.5,0.0,COINCIDE OK
2026-07-18|COBRIZA|XRD150U-008|B,2026-07-18,COBRIZA,XRD150U-008,B,7.0,7.0,0.0,COINCIDE OK
2026-07-18|COBRIZA|XRD50UFDR-001|A,2026-07-18,COBRIZA,XRD50UFDR-001,A,0.0,0.0,0.0,COINCIDE OK
2026-07-18|COBRIZA|XRD50UFDR-001|B,2026-07-18,COBRIZA,XRD50UFDR-001,B,32.099999999999994,32.1,-0.0,COINCIDE OK
2026-07-18|COBRIZA|XRD50USS-002|A,2026-07-18,COBRIZA,XRD50USS-002,A,0.0,0.0,0.0,COINCIDE OK
2026-07-18|COBRIZA|XRD50USS-002|B,2026-07-18,COBRIZA,XRD50USS-002,B,0.0,0.0,0.0,COINCIDE OK
2026-07-18|COBRIZA|XRD80USS-006|A,2026-07-18,COBRIZA,XRD80USS-006,A,0.0,0.0,0.0,COINCIDE OK
2026-07-18|COBRIZA|XRD80USS-006|B,2026-07-18,COBRIZA,XRD80USS-006,B,0.0,0.0,0.0,COINCIDE OK
2026-07-18|COBRIZA|XRD90U-019|A,2026-07-18,COBRIZA,XRD90U-019,A,0.0,0.0,0.0,COINCIDE OK
2026-07-18|COBRIZA|XRD90U-019|B,2026-07-18,COBRIZA,XRD90U-019,B,0.0,0.0,0.0,COINCIDE OK
2026-07-18|COLQUISIRI|XRD80USS-012|A,2026-07-18,COLQUISIRI,XRD80USS-012,A,27.30000000000001,27.3,0.0,COINCIDE OK
2026-07-18|COLQUISIRI|XRD80USS-012|B,2026-07-18,COLQUISIRI,XRD80USS-012,B,19.799999999999983,19.8,-0.0,COINCIDE OK
2026-07-18|CONDESTABLE|XLM75UFDR-002|A,2026-07-18,CONDESTABLE,XLM75UFDR-002,A,20.0,20.0,0.0,COINCIDE OK
2026-07-18|CONDESTABLE|XLM75UFDR-002|B,2026-07-18,CONDESTABLE,XLM75UFDR-002,B,10.5,10.5,0.0,COINCIDE OK
2026-07-18|CONDESTABLE|XLM75UFDR-004|A,2026-07-18,CONDESTABLE,XLM75UFDR-004,A,15.0,15.0,0.0,COINCIDE OK
2026-07-18|CONDESTABLE|XLM75UFDR-004|B,2026-07-18,CONDESTABLE,XLM75UFDR-004,B,8.0,8.0,0.0,COINCIDE OK
2026-07-18|CONDESTABLE|XRD150USS-003|A,2026-07-18,CONDESTABLE,XRD150USS-003,A,0.0,0.0,0.0,COINCIDE OK
2026-07-18|CONDESTABLE|XRD150USS-003|B,2026-07-18,CONDESTABLE,XRD150USS-003,B,0.0,0.0,0.0,COINCIDE OK
2026-07-18|CONDESTABLE|XRD80ITH-001|A,2026-07-18,CONDESTABLE,XRD80ITH-001,A,0.0,0.0,0.0,COINCIDE OK
2026-07-18|CONDESTABLE|XRD80ITH-001|B,2026-07-18,CONDESTABLE,XRD80ITH-001,B,0.0,0.0,0.0,COINCIDE OK
2026-07-18|CUCULII|XRD100ST-001|A,2026-07-18,CUCULI,XRD100ST-001,A,0.0,6.8,-6.8,SOLO EN CONTROL INTERNO
2026-07-18|CUCULII|XRD100ST-001|B,2026-07-18,CUCULI,XRD100ST-001,B,0.0,3.4,-3.4,SOLO EN CONTROL INTERNO
2026-07-18|CUCULI|XRD100ST-001|A,2026-07-18,CUCULI,XRD100ST-001,A,6.799999999999999,0.0,6.8,SOLO EN DETALLADO
2026-07-18|CUCULI|XRD100ST-001|B,2026-07-18,CUCULI,XRD100ST-001,B,3.400000000000002,0.0,3.4,SOLO EN DETALLADO
2026-07-18|INMACULADA|XLM75UFDR-001|A,2026-07-18,INMACULADA,XLM75UFDR-001,A,6.9,6.9,0.0,COINCIDE OK
2026-07-18|INMACULADA|XLM75UFDR-001|B,2026-07-18,INMACULADA,XLM75UFDR-001,B,12.0,12.0,0.0,COINCIDE OK
2026-07-18|INMACULADA|XRD150U-003|A,2026-07-18,INMACULADA,XRD150U-003,A,0.0,0.0,0.0,COINCIDE OK
2026-07-18|INMACULADA|XRD150U-003|B,2026-07-18,INMACULADA,XRD150U-003,B,0.0,0.0,0.0,COINCIDE OK
2026-07-18|INMACULADA|XRD150USS-004|A,2026-07-18,INMACULADA,XRD150USS-004,A,0.0,0.0,0.0,COINCIDE OK
2026-07-18|INMACULADA|XRD150USS-004|B,2026-07-18,INMACULADA,XRD150USS-004,B,0.0,0.0,0.0,COINCIDE OK
2026-07-18|INMACULADA|XRD250U-001|A,2026-07-18,INMACULADA,XRD250U-001,A,6.0,6.0,0.0,COINCIDE OK
2026-07-18|INMACULADA|XRD250U-001|B,2026-07-18,INMACULADA,XRD250U-001,B,10.5,10.5,0.0,COINCIDE OK
2026-07-18|INMACULADA|XRD80USS-008|A,2026-07-18,INMACULADA,XRD80USS-008,A,0.0,0.0,0.0,COINCIDE OK
2026-07-18|INMACULADA|XRD80USS-008|B,2026-07-18,INMACULADA,XRD80USS-008,B,15.0,15.0,0.0,COINCIDE OK
2026-07-18|INMACULADA|XRD90U-012|A,2026-07-18,INMACULADA,XRD90U-012,A,4.0,4.0,0.0,COINCIDE OK
2026-07-18|INMACULADA|XRD90U-012|B,2026-07-18,INMACULADA,XRD90U-012,B,12.200000000000015,12.2,0.0,COINCIDE OK
2026-07-18|INMACULADA|XRD90U-016|A,2026-07-18,INMACULADA,XRD90U-016,A,15.900000000000006,15.9,0.0,COINCIDE OK
2026-07-18|INMACULADA|XRD90U-016|B,2026-07-18,INMACULADA,XRD90U-016,B,15.199999999999989,15.2,-0.0,COINCIDE OK
2026-07-18|LA ESTRELLA|XRD150U-004|A,2026-07-18,LA ESTRELLA,XRD150U-004,A,0.0,0.0,0.0,COINCIDE OK
2026-07-18|LA ESTRELLA|XRD150U-004|B,2026-07-18,LA ESTRELLA,XRD150U-004,B,0.0,0.0,0.0,COINCIDE OK
2026-07-18|LA ESTRELLA|XRD150U-006|A,2026-07-18,LA ESTRELLA,XRD150U-006,A,41.7,41.7,0.0,COINCIDE OK
2026-07-18|LA ESTRELLA|XRD150U-006|B,2026-07-18,LA ESTRELLA,XRD150U-006,B,42.0,42.0,0.0,COINCIDE OK
2026-07-18|MOROCOCHA|XRD150USS-002|A,2026-07-18,MOROCOCHA,XRD150USS-002,A,15.349999999999993,15.35,-0.0,COINCIDE OK
2026-07-18|MOROCOCHA|XRD150USS-002|B,2026-07-18,MOROCOCHA,XRD150USS-002,B,0.0,0.0,0.0,COINCIDE OK
2026-07-18|MOROCOCHA|XRD80USS-011|A,2026-07-18,MOROCOCHA,XRD80USS-011,A,0.0,0.0,0.0,COINCIDE OK
2026-07-18|MOROCOCHA|XRD80USS-011|B,2026-07-18,MOROCOCHA,XRD80USS-011,B,0.0,0.0,0.0,COINCIDE OK
2026-07-18|MOROCOCHA|XRD90USS-005|A,2026-07-18,MOROCOCHA,XRD90USS-005,A,0.0,0.0,0.0,COINCIDE OK
2026-07-18|MOROCOCHA|XRD90USS-005|B,2026-07-18,MOROCOCHA,XRD90USS-005,B,0.0,0.0,0.0,COINCIDE OK
2026-07-18|RAURA|XRD150U-005|A,2026-07-18,RAURA,XRD150U-005,A,20.620000000000005,20.62,0.0,COINCIDE OK
2026-07-18|RAURA|XRD150U-005|B,2026-07-18,RAURA,XRD150U-005,B,0.0,0.0,0.0,COINCIDE OK
2026-07-18|RAURA|XRD150UBT-001|A,2026-07-18,RAURA,XRD150UBT-001,A,40.50999999999999,23.47,17.04,REPARTICION DE TURNO (DIA/NOCHE)
2026-07-18|RAURA|XRD150UBT-001|B,2026-07-18,RAURA,XRD150UBT-001,B,0.0,17.04,-17.04,SOLO EN CONTROL INTERNO
2026-07-18|RAURA|XRD90USS-001|A,2026-07-18,RAURA,XRD90USS-001,A,5.82,0.0,5.82,SOLO EN DETALLADO
2026-07-18|RAURA|XRD90USS-001|B,2026-07-18,RAURA,XRD90USS-001,B,0.0,5.82,-5.82,SOLO EN CONTROL INTERNO
2026-07-18|RAURA|XRD90USS-004|A,2026-07-18,RAURA,XRD90USS-004,A,43.25,17.75,25.5,REPARTICION DE TURNO (DIA/NOCHE)
2026-07-18|RAURA|XRD90USS-004|B,2026-07-18,RAURA,XRD90USS-004,B,0.0,25.5,-25.5,SOLO EN CONTROL INTERNO
2026-07-18|SAN CRISTOBAL|DE710ST-001|A,2026-07-18,SAN CRISTOBAL,DE710ST-001,A,18.0,18.0,0.0,COINCIDE OK
2026-07-18|SAN CRISTOBAL|DE710ST-001|B,2026-07-18,SAN CRISTOBAL,DE710ST-001,B,17.099999999999994,17.1,-0.0,COINCIDE OK
2026-07-18|SAN CRISTOBAL|XRD90U-004|A,2026-07-18,SAN CRISTOBAL,XRD90U-004,A,23.649999999999977,23.65,-0.0,COINCIDE OK
2026-07-18|SAN CRISTOBAL|XRD90U-004|B,2026-07-18,SAN CRISTOBAL,XRD90U-004,B,15.450000000000015,15.45,0.0,COINCIDE OK
2026-07-18|SAN CRISTOBAL|XRD90U-010|A,2026-07-18,SAN CRISTOBAL,XRD90U-010,A,0.0,0.0,0.0,COINCIDE OK
2026-07-18|SAN CRISTOBAL|XRD90U-010|B,2026-07-18,SAN CRISTOBAL,XRD90U-010,B,0.0,0.0,0.0,COINCIDE OK
2026-07-18|SAN CRISTOBAL|XRD90U-023|A,2026-07-18,SAN CRISTOBAL,XRD90U-023,A,0.0,0.0,0.0,COINCIDE OK
2026-07-18|SAN CRISTOBAL|XRD90U-023|B,2026-07-18,SAN CRISTOBAL,XRD90U-023,B,0.0,0.0,0.0,COINCIDE OK
2026-07-18|TAMBOJASA|DE710T-002|A,2026-07-18,TAMBOJASA,DE710T-002,A,5.950000000000003,5.95,0.0,COINCIDE OK
2026-07-18|TAMBOJASA|DE710T-002|B,2026-07-18,TAMBOJASA,DE710T-002,B,0.0,0.0,0.0,COINCIDE OK
2026-07-18|TICLIO|XRD150U-007|A,2026-07-18,TICLIO,XRD150U-007,A,0.0,0.0,0.0,COINCIDE OK
2026-07-18|TICLIO|XRD150U-007|B,2026-07-18,TICLIO,XRD150U-007,B,0.0,0.0,0.0,COINCIDE OK
2026-07-18|YAULIYACU|XDR50USS-00T|A,2026-07-18,YAULIYACU,XDR50USS-00T,A,11.5,11.5,0.0,COINCIDE OK
2026-07-18|YAULIYACU|XDR50USS-00T|B,2026-07-18,YAULIYACU,XDR50USS-00T,B,10.349999999999994,10.35,-0.0,COINCIDE OK
2026-07-18|YAULIYACU|XRD125USS-001|A,2026-07-18,YAULIYACU,XRD125USS-001,A,21.3,0.0,21.3,SOLO EN DETALLADO
2026-07-18|YAULIYACU|XRD125USS-001|B,2026-07-18,YAULIYACU,XRD125USS-001,B,22.700000000000003,0.0,22.7,SOLO EN DETALLADO
2026-07-18|YAULIYACU|XRD50USS-003|A,2026-07-18,YAULIYACU,XRD50USS-003,A,27.90000000000001,27.9,0.0,COINCIDE OK
2026-07-18|YAULIYACU|XRD50USS-003|B,2026-07-18,YAULIYACU,XRD50USS-003,B,21.69999999999999,21.7,-0.0,COINCIDE OK
2026-07-18|YAURICOCHA|XRD150USS-001|A,2026-07-18,YAURICOCHA,XRD150USS-001,A,0.0,0.0,0.0,COINCIDE OK
2026-07-18|YAURICOCHA|XRD150USS-001|B,2026-07-18,YAURICOCHA,XRD150USS-001,B,0.0,0.0,0.0,COINCIDE OK
2026-07-19|AMERICANA|LM110U-001|A,2026-07-19,AMERICANA,LM110U-001,A,0.0,0.0,0.0,COINCIDE OK
2026-07-19|AMERICANA|LM110U-001|B,2026-07-19,AMERICANA,LM110U-001,B,0.0,0.0,0.0,COINCIDE OK
2026-07-19|AMERICANA|XRD50U-002|A,2026-07-19,AMERICANA,XRD50U-002,A,0.0,0.0,0.0,COINCIDE OK
2026-07-19|AMERICANA|XRD50U-002|B,2026-07-19,AMERICANA,XRD50U-002,B,20.0,20.0,0.0,COINCIDE OK
2026-07-19|AMERICANA|XRD50USS-001|A,2026-07-19,AMERICANA,XRD50USS-001,A,0.0,0.0,0.0,COINCIDE OK
2026-07-19|AMERICANA|XRD50USS-001|B,2026-07-19,AMERICANA,XRD50USS-001,B,35.0,35.0,0.0,COINCIDE OK
2026-07-19|ANDAYCHAGUA|LF90D ST-002|A,2026-07-19,ANDAYCHAGUA,LF90D ST-002,A,32.0,32.0,0.0,COINCIDE OK
2026-07-19|ANDAYCHAGUA|LF90D ST-002|B,2026-07-19,ANDAYCHAGUA,LF90D ST-002,B,19.75,19.75,0.0,COINCIDE OK
2026-07-19|ANDAYCHAGUA|XRD150U-001|A,2026-07-19,ANDAYCHAGUA,XRD150U-001,A,21.0,21.0,0.0,COINCIDE OK
2026-07-19|ANDAYCHAGUA|XRD150U-001|B,2026-07-19,ANDAYCHAGUA,XRD150U-001,B,9.349999999999994,9.35,-0.0,COINCIDE OK
2026-07-19|ANDAYCHAGUA|XRD80USS-010|A,2026-07-19,ANDAYCHAGUA,XRD80USS-010,A,0.0,0.0,0.0,COINCIDE OK
2026-07-19|ANDAYCHAGUA|XRD80USS-010|B,2026-07-19,ANDAYCHAGUA,XRD80USS-010,B,0.0,0.0,0.0,COINCIDE OK
2026-07-19|CATALINA HUANCA|XRD100U-001|A,2026-07-19,CATALINA HUANCA,XRD100U-001,A,27.0,27.0,0.0,COINCIDE OK
2026-07-19|CATALINA HUANCA|XRD100U-001|B,2026-07-19,CATALINA HUANCA,XRD100U-001,B,25.40000000000001,25.4,0.0,COINCIDE OK
2026-07-19|CATALINA HUANCA|XRD125UFDR-001|A,2026-07-19,CATALINA HUANCA,XRD125UFDR-001,A,12.0,12.0,0.0,COINCIDE OK
2026-07-19|CATALINA HUANCA|XRD125UFDR-001|B,2026-07-19,CATALINA HUANCA,XRD125UFDR-001,B,7.399999999999999,7.4,-0.0,COINCIDE OK
2026-07-19|CATALINA HUANCA|XRD50U-003|A,2026-07-19,CATALINA HUANCA,XRD50U-003,A,28.899999999999977,28.9,-0.0,COINCIDE OK
2026-07-19|CATALINA HUANCA|XRD50U-003|B,2026-07-19,CATALINA HUANCA,XRD50U-003,B,32.0,32.0,0.0,COINCIDE OK
2026-07-19|CATALINA HUANCA|XRD50USS-004|A,2026-07-19,CATALINA HUANCA,XRD50USS-004,A,18.8,18.8,0.0,COINCIDE OK
2026-07-19|CATALINA HUANCA|XRD50USS-004|B,2026-07-19,CATALINA HUANCA,XRD50USS-004,B,24.10000000000001,24.1,0.0,COINCIDE OK
2026-07-19|CATALINA HUANCA|XRD90U-005|A,2026-07-19,CATALINA HUANCA,XRD90U-005,A,20.599999999999994,20.6,-0.0,COINCIDE OK
2026-07-19|CATALINA HUANCA|XRD90U-005|B,2026-07-19,CATALINA HUANCA,XRD90U-005,B,0.0,0.0,0.0,COINCIDE OK
2026-07-19|CERRO|XRD150U-002|A,2026-07-19,CERRO,XRD150U-002,A,17.649999999999977,17.65,-0.0,COINCIDE OK
2026-07-19|CERRO|XRD150U-002|B,2026-07-19,CERRO,XRD150U-002,B,18.0,18.0,0.0,COINCIDE OK
2026-07-19|CHUNGAR|LM110U-001|A,2026-07-19,CHUNGAR,LM110U-001,A,12.0,12.0,0.0,COINCIDE OK
2026-07-19|CHUNGAR|LM110U-001|B,2026-07-19,CHUNGAR,LM110U-001,B,10.050000000000011,10.05,0.0,COINCIDE OK
2026-07-19|CHUNGAR|LM90U-001|A,2026-07-19,CHUNGAR,LM90U-001,A,0.0,0.0,0.0,COINCIDE OK
2026-07-19|CHUNGAR|LM90U-001|B,2026-07-19,CHUNGAR,LM90U-001,B,0.0,0.0,0.0,COINCIDE OK
2026-07-19|CHUNGAR|XRD120U-001|A,2026-07-19,CHUNGAR,XRD120U-001,A,4.450000000000003,4.45,0.0,COINCIDE OK
2026-07-19|CHUNGAR|XRD120U-001|B,2026-07-19,CHUNGAR,XRD120U-001,B,0.0,0.0,0.0,COINCIDE OK
2026-07-19|CHUNGAR|XRD90U-021|A,2026-07-19,CHUNGAR,XRD90U-021,A,10.700000000000005,10.7,0.0,COINCIDE OK
2026-07-19|CHUNGAR|XRD90U-021|B,2026-07-19,CHUNGAR,XRD90U-021,B,12.549999999999995,12.55,-0.0,COINCIDE OK
2026-07-19|CHUNGAR|XRD90USS-003|A,2026-07-19,CHUNGAR,XRD90USS-003,A,9.0,9.0,0.0,COINCIDE OK
2026-07-19|CHUNGAR|XRD90USS-003|B,2026-07-19,CHUNGAR,XRD90USS-003,B,42.0,42.0,0.0,COINCIDE OK
2026-07-19|COBRIZA|XDR100ST-001|A,2026-07-19,COBRIZA,XDR100ST-001,A,0.0,0.0,0.0,COINCIDE OK
2026-07-19|COBRIZA|XDR100ST-001|B,2026-07-19,COBRIZA,XDR100ST-001,B,0.0,0.0,0.0,COINCIDE OK
2026-07-19|COBRIZA|XLM75UFDR-003|A,2026-07-19,COBRIZA,XLM75UFDR-003,A,22.5,22.5,0.0,COINCIDE OK
2026-07-19|COBRIZA|XLM75UFDR-003|B,2026-07-19,COBRIZA,XLM75UFDR-003,B,14.400000000000006,14.4,0.0,COINCIDE OK
2026-07-19|COBRIZA|XRD125UFDR-002|A,2026-07-19,COBRIZA,XRD125UFDR-002,A,31.700000000000003,31.7,0.0,COINCIDE OK
2026-07-19|COBRIZA|XRD125UFDR-002|B,2026-07-19,COBRIZA,XRD125UFDR-002,B,22.3,22.3,0.0,COINCIDE OK
2026-07-19|COBRIZA|XRD150U-008|A,2026-07-19,COBRIZA,XRD150U-008,A,13.100000000000025,13.1,0.0,COINCIDE OK
2026-07-19|COBRIZA|XRD150U-008|B,2026-07-19,COBRIZA,XRD150U-008,B,12.0,12.0,0.0,COINCIDE OK
2026-07-19|COBRIZA|XRD50UFDR-001|A,2026-07-19,COBRIZA,XRD50UFDR-001,A,0.0,0.0,0.0,COINCIDE OK
2026-07-19|COBRIZA|XRD50UFDR-001|B,2026-07-19,COBRIZA,XRD50UFDR-001,B,17.900000000000006,17.9,0.0,COINCIDE OK
2026-07-19|COBRIZA|XRD50USS-002|A,2026-07-19,COBRIZA,XRD50USS-002,A,0.0,0.0,0.0,COINCIDE OK
2026-07-19|COBRIZA|XRD50USS-002|B,2026-07-19,COBRIZA,XRD50USS-002,B,0.0,0.0,0.0,COINCIDE OK
2026-07-19|COBRIZA|XRD80USS-006|A,2026-07-19,COBRIZA,XRD80USS-006,A,12.0,12.0,0.0,COINCIDE OK
2026-07-19|COBRIZA|XRD80USS-006|B,2026-07-19,COBRIZA,XRD80USS-006,B,3.0,3.0,0.0,COINCIDE OK
2026-07-19|COBRIZA|XRD90U-019|A,2026-07-19,COBRIZA,XRD90U-019,A,0.0,0.0,0.0,COINCIDE OK
2026-07-19|COBRIZA|XRD90U-019|B,2026-07-19,COBRIZA,XRD90U-019,B,0.0,0.0,0.0,COINCIDE OK
2026-07-19|COLQUISIRI|XRD80USS-012|A,2026-07-19,COLQUISIRI,XRD80USS-012,A,15.0,15.0,0.0,COINCIDE OK
2026-07-19|COLQUISIRI|XRD80USS-012|B,2026-07-19,COLQUISIRI,XRD80USS-012,B,32.0,32.0,0.0,COINCIDE OK
2026-07-19|CONDESTABLE|XLM75UFDR-002|A,2026-07-19,CONDESTABLE,XLM75UFDR-002,A,9.3,9.3,0.0,COINCIDE OK
2026-07-19|CONDESTABLE|XLM75UFDR-002|B,2026-07-19,CONDESTABLE,XLM75UFDR-002,B,22.1,22.1,0.0,COINCIDE OK
2026-07-19|CONDESTABLE|XLM75UFDR-004|A,2026-07-19,CONDESTABLE,XLM75UFDR-004,A,6.0,6.0,0.0,COINCIDE OK
2026-07-19|CONDESTABLE|XLM75UFDR-004|B,2026-07-19,CONDESTABLE,XLM75UFDR-004,B,5.5,5.5,0.0,COINCIDE OK
2026-07-19|CONDESTABLE|XRD150USS-003|A,2026-07-19,CONDESTABLE,XRD150USS-003,A,0.0,0.0,0.0,COINCIDE OK
2026-07-19|CONDESTABLE|XRD150USS-003|B,2026-07-19,CONDESTABLE,XRD150USS-003,B,0.0,0.0,0.0,COINCIDE OK
2026-07-19|CONDESTABLE|XRD80ITH-001|A,2026-07-19,CONDESTABLE,XRD80ITH-001,A,0.0,0.0,0.0,COINCIDE OK
2026-07-19|CONDESTABLE|XRD80ITH-001|B,2026-07-19,CONDESTABLE,XRD80ITH-001,B,0.0,0.0,0.0,COINCIDE OK
2026-07-19|CUCULII|XRD100ST-001|A,2026-07-19,CUCULI,XRD100ST-001,A,0.0,0.0,0.0,COINCIDE OK
2026-07-19|CUCULII|XRD100ST-001|B,2026-07-19,CUCULI,XRD100ST-001,B,0.0,0.0,0.0,COINCIDE OK
2026-07-19|CUCULI|XRD100ST-001|A,2026-07-19,CUCULI,XRD100ST-001,A,0.0,0.0,0.0,COINCIDE OK
2026-07-19|CUCULI|XRD100ST-001|B,2026-07-19,CUCULI,XRD100ST-001,B,0.0,0.0,0.0,COINCIDE OK
2026-07-19|INMACULADA|XLM75UFDR-001|A,2026-07-19,INMACULADA,XLM75UFDR-001,A,25.5,25.5,0.0,COINCIDE OK
2026-07-19|INMACULADA|XLM75UFDR-001|B,2026-07-19,INMACULADA,XLM75UFDR-001,B,14.0,14.0,0.0,COINCIDE OK
2026-07-19|INMACULADA|XRD150U-003|A,2026-07-19,INMACULADA,XRD150U-003,A,0.0,0.0,0.0,COINCIDE OK
2026-07-19|INMACULADA|XRD150U-003|B,2026-07-19,INMACULADA,XRD150U-003,B,0.0,0.0,0.0,COINCIDE OK
2026-07-19|INMACULADA|XRD150USS-004|A,2026-07-19,INMACULADA,XRD150USS-004,A,0.0,0.0,0.0,COINCIDE OK
2026-07-19|INMACULADA|XRD150USS-004|B,2026-07-19,INMACULADA,XRD150USS-004,B,0.0,0.0,0.0,COINCIDE OK
2026-07-19|INMACULADA|XRD250U-001|A,2026-07-19,INMACULADA,XRD250U-001,A,12.199999999999989,12.2,-0.0,COINCIDE OK
2026-07-19|INMACULADA|XRD250U-001|B,2026-07-19,INMACULADA,XRD250U-001,B,0.0,0.0,0.0,COINCIDE OK
2026-07-19|INMACULADA|XRD80USS-008|A,2026-07-19,INMACULADA,XRD80USS-008,A,22.5,22.5,0.0,COINCIDE OK
2026-07-19|INMACULADA|XRD80USS-008|B,2026-07-19,INMACULADA,XRD80USS-008,B,25.5,25.5,0.0,COINCIDE OK
2026-07-19|INMACULADA|XRD90U-012|A,2026-07-19,INMACULADA,XRD90U-012,A,5.799999999999983,5.8,-0.0,COINCIDE OK
2026-07-19|INMACULADA|XRD90U-012|B,2026-07-19,INMACULADA,XRD90U-012,B,10.600000000000025,10.6,0.0,COINCIDE OK
2026-07-19|INMACULADA|XRD90U-016|A,2026-07-19,INMACULADA,XRD90U-016,A,5.400000000000006,5.4,0.0,COINCIDE OK
2026-07-19|INMACULADA|XRD90U-016|B,2026-07-19,INMACULADA,XRD90U-016,B,0.0,0.0,0.0,COINCIDE OK
2026-07-19|LA ESTRELLA|XRD150U-004|A,2026-07-19,LA ESTRELLA,XRD150U-004,A,0.0,0.0,0.0,COINCIDE OK
2026-07-19|LA ESTRELLA|XRD150U-004|B,2026-07-19,LA ESTRELLA,XRD150U-004,B,6.7,6.7,0.0,COINCIDE OK
2026-07-19|LA ESTRELLA|XRD150U-006|A,2026-07-19,LA ESTRELLA,XRD150U-006,A,11.0,11.0,0.0,COINCIDE OK
2026-07-19|LA ESTRELLA|XRD150U-006|B,2026-07-19,LA ESTRELLA,XRD150U-006,B,15.900000000000006,15.9,0.0,COINCIDE OK
2026-07-19|MOROCOCHA|XRD150USS-002|A,2026-07-19,MOROCOCHA,XRD150USS-002,A,0.0,0.0,0.0,COINCIDE OK
2026-07-19|MOROCOCHA|XRD150USS-002|B,2026-07-19,MOROCOCHA,XRD150USS-002,B,0.0,0.0,0.0,COINCIDE OK
2026-07-19|MOROCOCHA|XRD80USS-011|A,2026-07-19,MOROCOCHA,XRD80USS-011,A,0.0,0.0,0.0,COINCIDE OK
2026-07-19|MOROCOCHA|XRD80USS-011|B,2026-07-19,MOROCOCHA,XRD80USS-011,B,0.0,0.0,0.0,COINCIDE OK
2026-07-19|MOROCOCHA|XRD90USS-005|A,2026-07-19,MOROCOCHA,XRD90USS-005,A,0.0,0.0,0.0,COINCIDE OK
2026-07-19|MOROCOCHA|XRD90USS-005|B,2026-07-19,MOROCOCHA,XRD90USS-005,B,0.0,0.0,0.0,COINCIDE OK
2026-07-19|RAURA|XRD150U-005|A,2026-07-19,RAURA,XRD150U-005,A,16.79,0.0,16.79,SOLO EN DETALLADO
2026-07-19|RAURA|XRD150U-005|B,2026-07-19,RAURA,XRD150U-005,B,0.0,16.79,-16.79,SOLO EN CONTROL INTERNO
2026-07-19|RAURA|XRD150UBT-001|A,2026-07-19,RAURA,XRD150UBT-001,A,51.02000000000001,20.97,30.05,REPARTICION DE TURNO (DIA/NOCHE)
2026-07-19|RAURA|XRD150UBT-001|B,2026-07-19,RAURA,XRD150UBT-001,B,0.0,30.05,-30.05,SOLO EN CONTROL INTERNO
2026-07-19|RAURA|XRD90USS-001|A,2026-07-19,RAURA,XRD90USS-001,A,39.33,17.41,21.92,REPARTICION DE TURNO (DIA/NOCHE)
2026-07-19|RAURA|XRD90USS-001|B,2026-07-19,RAURA,XRD90USS-001,B,0.0,21.92,-21.92,SOLO EN CONTROL INTERNO
2026-07-19|RAURA|XRD90USS-004|A,2026-07-19,RAURA,XRD90USS-004,A,40.440000000000005,19.78,20.66,REPARTICION DE TURNO (DIA/NOCHE)
2026-07-19|RAURA|XRD90USS-004|B,2026-07-19,RAURA,XRD90USS-004,B,0.0,20.66,-20.66,SOLO EN CONTROL INTERNO
2026-07-19|SAN CRISTOBAL|DE710ST-001|A,2026-07-19,SAN CRISTOBAL,DE710ST-001,A,1.4000000000000057,1.4,0.0,COINCIDE OK
2026-07-19|SAN CRISTOBAL|DE710ST-001|B,2026-07-19,SAN CRISTOBAL,DE710ST-001,B,0.0,0.0,0.0,COINCIDE OK
2026-07-19|SAN CRISTOBAL|XRD90U-004|A,2026-07-19,SAN CRISTOBAL,XRD90U-004,A,2.799999999999983,2.8,-0.0,COINCIDE OK
2026-07-19|SAN CRISTOBAL|XRD90U-004|B,2026-07-19,SAN CRISTOBAL,XRD90U-004,B,9.75,9.75,0.0,COINCIDE OK
2026-07-19|SAN CRISTOBAL|XRD90U-010|A,2026-07-19,SAN CRISTOBAL,XRD90U-010,A,0.0,0.0,0.0,COINCIDE OK
2026-07-19|SAN CRISTOBAL|XRD90U-010|B,2026-07-19,SAN CRISTOBAL,XRD90U-010,B,0.0,0.0,0.0,COINCIDE OK
2026-07-19|SAN CRISTOBAL|XRD90U-023|A,2026-07-19,SAN CRISTOBAL,XRD90U-023,A,0.0,0.0,0.0,COINCIDE OK
2026-07-19|SAN CRISTOBAL|XRD90U-023|B,2026-07-19,SAN CRISTOBAL,XRD90U-023,B,0.0,0.0,0.0,COINCIDE OK
2026-07-19|TAMBOJASA|DE710T-002|A,2026-07-19,TAMBOJASA,DE710T-002,A,13.600000000000009,13.6,0.0,COINCIDE OK
2026-07-19|TAMBOJASA|DE710T-002|B,2026-07-19,TAMBOJASA,DE710T-002,B,18.0,18.0,0.0,COINCIDE OK
2026-07-19|TAMBOJASA|XRD150U-009|A,2026-07-19,TAMBOJASA,XRD150U-009,A,0.0,0.0,0.0,COINCIDE OK
2026-07-19|TAMBOJASA|XRD150U-009|B,2026-07-19,TAMBOJASA,XRD150U-009,B,0.0,0.0,0.0,COINCIDE OK
2026-07-19|TICLIO|XRD150U-007|A,2026-07-19,TICLIO,XRD150U-007,A,0.0,0.0,0.0,COINCIDE OK
2026-07-19|TICLIO|XRD150U-007|B,2026-07-19,TICLIO,XRD150U-007,B,0.0,0.0,0.0,COINCIDE OK
2026-07-19|YAULIYACU|XDR50USS-00T|A,2026-07-19,YAULIYACU,XDR50USS-00T,A,0.0,0.0,0.0,COINCIDE OK
2026-07-19|YAULIYACU|XDR50USS-00T|B,2026-07-19,YAULIYACU,XDR50USS-00T,B,0.0,0.0,0.0,COINCIDE OK
2026-07-19|YAULIYACU|XRD125USS-001|A,2026-07-19,YAULIYACU,XRD125USS-001,A,0.0,0.0,0.0,COINCIDE OK
2026-07-19|YAULIYACU|XRD125USS-001|B,2026-07-19,YAULIYACU,XRD125USS-001,B,6.100000000000001,0.0,6.1,SOLO EN DETALLADO
2026-07-19|YAULIYACU|XRD50USS-003|A,2026-07-19,YAULIYACU,XRD50USS-003,A,0.0,0.0,0.0,COINCIDE OK
2026-07-19|YAULIYACU|XRD50USS-003|B,2026-07-19,YAULIYACU,XRD50USS-003,B,0.0,0.0,0.0,COINCIDE OK
2026-07-19|YAURICOCHA|XRD150USS-001|A,2026-07-19,YAURICOCHA,XRD150USS-001,A,0.0,0.0,0.0,COINCIDE OK
2026-07-19|YAURICOCHA|XRD150USS-001|B,2026-07-19,YAURICOCHA,XRD150USS-001,B,0.0,0.0,0.0,COINCIDE OK
2026-07-20|AMERICANA|LM110U-001|A,2026-07-20,AMERICANA,LM110U-001,A,0.0,0.0,0.0,COINCIDE OK
2026-07-20|AMERICANA|LM110U-001|B,2026-07-20,AMERICANA,LM110U-001,B,0.0,0.0,0.0,COINCIDE OK
2026-07-20|AMERICANA|XRD50U-002|A,2026-07-20,AMERICANA,XRD50U-002,A,0.0,0.0,0.0,COINCIDE OK
2026-07-20|AMERICANA|XRD50U-002|B,2026-07-20,AMERICANA,XRD50U-002,B,16.0,16.0,0.0,COINCIDE OK
2026-07-20|AMERICANA|XRD50USS-001|A,2026-07-20,AMERICANA,XRD50USS-001,A,15.0,15.0,0.0,COINCIDE OK
2026-07-20|AMERICANA|XRD50USS-001|B,2026-07-20,AMERICANA,XRD50USS-001,B,0.0,0.0,0.0,COINCIDE OK
2026-07-20|ANDAYCHAGUA|LF90D ST-002|A,2026-07-20,ANDAYCHAGUA,LF90D ST-002,A,0.0,0.0,0.0,COINCIDE OK
2026-07-20|ANDAYCHAGUA|LF90D ST-002|B,2026-07-20,ANDAYCHAGUA,LF90D ST-002,B,0.0,0.0,0.0,COINCIDE OK
2026-07-20|ANDAYCHAGUA|XRD150U-001|A,2026-07-20,ANDAYCHAGUA,XRD150U-001,A,8.950000000000003,8.95,0.0,COINCIDE OK
2026-07-20|ANDAYCHAGUA|XRD150U-001|B,2026-07-20,ANDAYCHAGUA,XRD150U-001,B,18.3,18.3,0.0,COINCIDE OK
2026-07-20|ANDAYCHAGUA|XRD80USS-010|A,2026-07-20,ANDAYCHAGUA,XRD80USS-010,A,3.6,3.6,0.0,COINCIDE OK
2026-07-20|ANDAYCHAGUA|XRD80USS-010|B,2026-07-20,ANDAYCHAGUA,XRD80USS-010,B,0.0,0.0,0.0,COINCIDE OK
2026-07-20|CATALINA HUANCA|XRD100U-001|A,2026-07-20,CATALINA HUANCA,XRD100U-001,A,18.09999999999997,18.1,-0.0,COINCIDE OK
2026-07-20|CATALINA HUANCA|XRD100U-001|B,2026-07-20,CATALINA HUANCA,XRD100U-001,B,18.0,18.0,0.0,COINCIDE OK
2026-07-20|CATALINA HUANCA|XRD125UFDR-001|A,2026-07-20,CATALINA HUANCA,XRD125UFDR-001,A,1.1000000000000014,1.1,0.0,COINCIDE OK
2026-07-20|CATALINA HUANCA|XRD125UFDR-001|B,2026-07-20,CATALINA HUANCA,XRD125UFDR-001,B,0.0,0.0,0.0,COINCIDE OK
2026-07-20|CATALINA HUANCA|XRD50U-003|A,2026-07-20,CATALINA HUANCA,XRD50U-003,A,0.0,0.0,0.0,COINCIDE OK
2026-07-20|CATALINA HUANCA|XRD50U-003|B,2026-07-20,CATALINA HUANCA,XRD50U-003,B,8.8,8.8,0.0,COINCIDE OK
2026-07-20|CATALINA HUANCA|XRD50USS-004|A,2026-07-20,CATALINA HUANCA,XRD50USS-004,A,0.0,0.0,0.0,COINCIDE OK
2026-07-20|CATALINA HUANCA|XRD50USS-004|B,2026-07-20,CATALINA HUANCA,XRD50USS-004,B,37.5,37.5,0.0,COINCIDE OK
2026-07-20|CATALINA HUANCA|XRD90U-005|A,2026-07-20,CATALINA HUANCA,XRD90U-005,A,18.3,18.3,0.0,COINCIDE OK
2026-07-20|CATALINA HUANCA|XRD90U-005|B,2026-07-20,CATALINA HUANCA,XRD90U-005,B,44.5,44.5,0.0,COINCIDE OK
2026-07-20|CERRO|XRD150U-002|A,2026-07-20,CERRO,XRD150U-002,A,15.800000000000011,15.8,0.0,COINCIDE OK
2026-07-20|CERRO|XRD150U-002|B,2026-07-20,CERRO,XRD150U-002,B,1.1,1.1,0.0,COINCIDE OK
2026-07-20|CHUNGAR|LM110U-001|A,2026-07-20,CHUNGAR,LM110U-001,A,3.050000000000012,3.05,0.0,COINCIDE OK
2026-07-20|CHUNGAR|LM110U-001|B,2026-07-20,CHUNGAR,LM110U-001,B,0.0,0.0,0.0,COINCIDE OK
2026-07-20|CHUNGAR|LM90U-001|A,2026-07-20,CHUNGAR,LM90U-001,A,0.0,0.0,0.0,COINCIDE OK
2026-07-20|CHUNGAR|LM90U-001|B,2026-07-20,CHUNGAR,LM90U-001,B,0.0,0.0,0.0,COINCIDE OK
2026-07-20|CHUNGAR|XRD120U-001|A,2026-07-20,CHUNGAR,XRD120U-001,A,0.0,0.0,0.0,COINCIDE OK
2026-07-20|CHUNGAR|XRD120U-001|B,2026-07-20,CHUNGAR,XRD120U-001,B,4.899999999999999,4.9,-0.0,COINCIDE OK
2026-07-20|CHUNGAR|XRD90U-021|A,2026-07-20,CHUNGAR,XRD90U-021,A,12.849999999999994,12.85,-0.0,COINCIDE OK
2026-07-20|CHUNGAR|XRD90U-021|B,2026-07-20,CHUNGAR,XRD90U-021,B,13.599999999999994,13.6,-0.0,COINCIDE OK
2026-07-20|CHUNGAR|XRD90USS-003|A,2026-07-20,CHUNGAR,XRD90USS-003,A,24.0,24.0,0.0,COINCIDE OK
2026-07-20|CHUNGAR|XRD90USS-003|B,2026-07-20,CHUNGAR,XRD90USS-003,B,15.0,15.0,0.0,COINCIDE OK
2026-07-20|COBRIZA|XDR100ST-001|A,2026-07-20,COBRIZA,XDR100ST-001,A,0.0,0.0,0.0,COINCIDE OK
2026-07-20|COBRIZA|XDR100ST-001|B,2026-07-20,COBRIZA,XDR100ST-001,B,0.0,0.0,0.0,COINCIDE OK
2026-07-20|COBRIZA|XLM75UFDR-003|A,2026-07-20,COBRIZA,XLM75UFDR-003,A,15.299999999999995,15.3,-0.0,COINCIDE OK
2026-07-20|COBRIZA|XLM75UFDR-003|B,2026-07-20,COBRIZA,XLM75UFDR-003,B,9.799999999999995,9.8,-0.0,COINCIDE OK
2026-07-20|COBRIZA|XRD125UFDR-002|A,2026-07-20,COBRIZA,XRD125UFDR-002,A,20.599999999999994,20.6,-0.0,COINCIDE OK
2026-07-20|COBRIZA|XRD125UFDR-002|B,2026-07-20,COBRIZA,XRD125UFDR-002,B,2.9000000000000057,2.9,0.0,COINCIDE OK
2026-07-20|COBRIZA|XRD150U-008|A,2026-07-20,COBRIZA,XRD150U-008,A,12.399999999999975,12.4,-0.0,COINCIDE OK
2026-07-20|COBRIZA|XRD150U-008|B,2026-07-20,COBRIZA,XRD150U-008,B,10.5,10.5,0.0,COINCIDE OK
2026-07-20|COBRIZA|XRD50UFDR-001|A,2026-07-20,COBRIZA,XRD50UFDR-001,A,0.0,0.0,0.0,COINCIDE OK
2026-07-20|COBRIZA|XRD50UFDR-001|B,2026-07-20,COBRIZA,XRD50UFDR-001,B,14.099999999999994,14.1,-0.0,COINCIDE OK
2026-07-20|COBRIZA|XRD50USS-002|A,2026-07-20,COBRIZA,XRD50USS-002,A,0.0,0.0,0.0,COINCIDE OK
2026-07-20|COBRIZA|XRD50USS-002|B,2026-07-20,COBRIZA,XRD50USS-002,B,0.0,0.0,0.0,COINCIDE OK
2026-07-20|COBRIZA|XRD80USS-006|A,2026-07-20,COBRIZA,XRD80USS-006,A,4.0,4.0,0.0,COINCIDE OK
2026-07-20|COBRIZA|XRD80USS-006|B,2026-07-20,COBRIZA,XRD80USS-006,B,5.0,5.0,0.0,COINCIDE OK
2026-07-20|COBRIZA|XRD90U-019|A,2026-07-20,COBRIZA,XRD90U-019,A,0.0,0.0,0.0,COINCIDE OK
2026-07-20|COBRIZA|XRD90U-019|B,2026-07-20,COBRIZA,XRD90U-019,B,0.0,0.0,0.0,COINCIDE OK
2026-07-20|COLQUISIRI|XRD80USS-012|A,2026-07-20,COLQUISIRI,XRD80USS-012,A,35.0,35.0,0.0,COINCIDE OK
2026-07-20|COLQUISIRI|XRD80USS-012|B,2026-07-20,COLQUISIRI,XRD80USS-012,B,31.3,31.3,0.0,COINCIDE OK
2026-07-20|CONDESTABLE|XLM75UFDR-002|A,2026-07-20,CONDESTABLE,XLM75UFDR-002,A,29.700000000000003,29.7,0.0,COINCIDE OK
2026-07-20|CONDESTABLE|XLM75UFDR-002|B,2026-07-20,CONDESTABLE,XLM75UFDR-002,B,19.499999999999996,19.5,-0.0,COINCIDE OK
2026-07-20|CONDESTABLE|XLM75UFDR-004|A,2026-07-20,CONDESTABLE,XLM75UFDR-004,A,16.0,16.0,0.0,COINCIDE OK
2026-07-20|CONDESTABLE|XLM75UFDR-004|B,2026-07-20,CONDESTABLE,XLM75UFDR-004,B,17.19999999999999,17.2,-0.0,COINCIDE OK
2026-07-20|CONDESTABLE|XRD150USS-003|A,2026-07-20,CONDESTABLE,XRD150USS-003,A,0.0,0.0,0.0,COINCIDE OK
2026-07-20|CONDESTABLE|XRD150USS-003|B,2026-07-20,CONDESTABLE,XRD150USS-003,B,0.0,0.0,0.0,COINCIDE OK
2026-07-20|CONDESTABLE|XRD80ITH-001|A,2026-07-20,CONDESTABLE,XRD80ITH-001,A,33.0,33.0,0.0,COINCIDE OK
2026-07-20|CONDESTABLE|XRD80ITH-001|B,2026-07-20,CONDESTABLE,XRD80ITH-001,B,14.099999999999994,14.1,-0.0,COINCIDE OK
2026-07-20|CUCULII|XRD100ST-001|A,2026-07-20,CUCULI,XRD100ST-001,A,0.0,3.0,-3.0,SOLO EN CONTROL INTERNO
2026-07-20|CUCULII|XRD100ST-001|B,2026-07-20,CUCULI,XRD100ST-001,B,0.0,12.0,-12.0,SOLO EN CONTROL INTERNO
2026-07-20|CUCULI|XRD100ST-001|A,2026-07-20,CUCULI,XRD100ST-001,A,3.0,0.0,3.0,SOLO EN DETALLADO
2026-07-20|CUCULI|XRD100ST-001|B,2026-07-20,CUCULI,XRD100ST-001,B,12.0,0.0,12.0,SOLO EN DETALLADO
2026-07-20|INMACULADA|XLM75UFDR-001|A,2026-07-20,INMACULADA,XLM75UFDR-001,A,13.0,13.0,0.0,COINCIDE OK
2026-07-20|INMACULADA|XLM75UFDR-001|B,2026-07-20,INMACULADA,XLM75UFDR-001,B,24.0,24.0,0.0,COINCIDE OK
2026-07-20|INMACULADA|XRD150U-003|A,2026-07-20,INMACULADA,XRD150U-003,A,0.0,0.0,0.0,COINCIDE OK
2026-07-20|INMACULADA|XRD150U-003|B,2026-07-20,INMACULADA,XRD150U-003,B,0.0,0.0,0.0,COINCIDE OK
2026-07-20|INMACULADA|XRD150USS-004|A,2026-07-20,INMACULADA,XRD150USS-004,A,0.0,0.0,0.0,COINCIDE OK
2026-07-20|INMACULADA|XRD150USS-004|B,2026-07-20,INMACULADA,XRD150USS-004,B,0.0,0.0,0.0,COINCIDE OK
2026-07-20|INMACULADA|XRD250U-001|A,2026-07-20,INMACULADA,XRD250U-001,A,0.0,0.0,0.0,COINCIDE OK
2026-07-20|INMACULADA|XRD250U-001|B,2026-07-20,INMACULADA,XRD250U-001,B,6.400000000000006,6.4,0.0,COINCIDE OK
2026-07-20|INMACULADA|XRD80USS-008|A,2026-07-20,INMACULADA,XRD80USS-008,A,24.0,24.0,0.0,COINCIDE OK
2026-07-20|INMACULADA|XRD80USS-008|B,2026-07-20,INMACULADA,XRD80USS-008,B,24.0,24.0,0.0,COINCIDE OK
2026-07-20|INMACULADA|XRD90U-012|A,2026-07-20,INMACULADA,XRD90U-012,A,12.399999999999975,12.4,-0.0,COINCIDE OK
2026-07-20|INMACULADA|XRD90U-012|B,2026-07-20,INMACULADA,XRD90U-012,B,0.0,0.0,0.0,COINCIDE OK
2026-07-20|INMACULADA|XRD90U-016|A,2026-07-20,INMACULADA,XRD90U-016,A,0.0,0.0,0.0,COINCIDE OK
2026-07-20|INMACULADA|XRD90U-016|B,2026-07-20,INMACULADA,XRD90U-016,B,0.0,0.0,0.0,COINCIDE OK
2026-07-20|LA ESTRELLA|XRD150U-004|A,2026-07-20,LA ESTRELLA,XRD150U-004,A,20.4,20.4,0.0,COINCIDE OK
2026-07-20|LA ESTRELLA|XRD150U-004|B,2026-07-20,LA ESTRELLA,XRD150U-004,B,30.0,30.0,0.0,COINCIDE OK
2026-07-20|LA ESTRELLA|XRD150U-006|A,2026-07-20,LA ESTRELLA,XRD150U-006,A,29.5,29.5,0.0,COINCIDE OK
2026-07-20|LA ESTRELLA|XRD150U-006|B,2026-07-20,LA ESTRELLA,XRD150U-006,B,56.3,56.3,0.0,COINCIDE OK
2026-07-20|MOROCOCHA|XRD150USS-002|A,2026-07-20,MOROCOCHA,XRD150USS-002,A,28.450000000000003,28.45,0.0,COINCIDE OK
2026-07-20|MOROCOCHA|XRD150USS-002|B,2026-07-20,MOROCOCHA,XRD150USS-002,B,0.0,0.0,0.0,COINCIDE OK
2026-07-20|MOROCOCHA|XRD80USS-011|A,2026-07-20,MOROCOCHA,XRD80USS-011,A,66.2,15.1,51.1,REPARTICION DE TURNO (DIA/NOCHE)
2026-07-20|MOROCOCHA|XRD80USS-011|B,2026-07-20,MOROCOCHA,XRD80USS-011,B,0.0,51.1,-51.1,SOLO EN CONTROL INTERNO
2026-07-20|MOROCOCHA|XRD90USS-005|A,2026-07-20,MOROCOCHA,XRD90USS-005,A,0.0,0.0,0.0,COINCIDE OK
2026-07-20|MOROCOCHA|XRD90USS-005|B,2026-07-20,MOROCOCHA,XRD90USS-005,B,0.0,0.0,0.0,COINCIDE OK
2026-07-20|RAURA|XRD150U-005|A,2026-07-20,RAURA,XRD150U-005,A,9.55,8.25,1.3,REPARTICION DE TURNO (DIA/NOCHE)
2026-07-20|RAURA|XRD150U-005|B,2026-07-20,RAURA,XRD150U-005,B,0.0,1.3,-1.3,SOLO EN CONTROL INTERNO
2026-07-20|RAURA|XRD150UBT-001|A,2026-07-20,RAURA,XRD150UBT-001,A,48.20999999999998,21.22,26.99,REPARTICION DE TURNO (DIA/NOCHE)
2026-07-20|RAURA|XRD150UBT-001|B,2026-07-20,RAURA,XRD150UBT-001,B,0.0,26.99,-26.99,SOLO EN CONTROL INTERNO
2026-07-20|RAURA|XRD90USS-001|A,2026-07-20,RAURA,XRD90USS-001,A,15.020000000000003,8.14,6.88,REPARTICION DE TURNO (DIA/NOCHE)
2026-07-20|RAURA|XRD90USS-001|B,2026-07-20,RAURA,XRD90USS-001,B,0.0,6.88,-6.88,SOLO EN CONTROL INTERNO
2026-07-20|RAURA|XRD90USS-004|A,2026-07-20,RAURA,XRD90USS-004,A,45.84,16.74,29.1,REPARTICION DE TURNO (DIA/NOCHE)
2026-07-20|RAURA|XRD90USS-004|B,2026-07-20,RAURA,XRD90USS-004,B,0.0,29.1,-29.1,SOLO EN CONTROL INTERNO
2026-07-20|SAN CRISTOBAL|DE710ST-001|A,2026-07-20,SAN CRISTOBAL,DE710ST-001,A,3.5999999999999943,3.6,-0.0,COINCIDE OK
2026-07-20|SAN CRISTOBAL|DE710ST-001|B,2026-07-20,SAN CRISTOBAL,DE710ST-001,B,9.100000000000025,9.1,0.0,COINCIDE OK
2026-07-20|SAN CRISTOBAL|XRD90U-004|A,2026-07-20,SAN CRISTOBAL,XRD90U-004,A,21.30000000000001,21.3,0.0,COINCIDE OK
2026-07-20|SAN CRISTOBAL|XRD90U-004|B,2026-07-20,SAN CRISTOBAL,XRD90U-004,B,17.5,17.5,0.0,COINCIDE OK
2026-07-20|SAN CRISTOBAL|XRD90U-010|A,2026-07-20,SAN CRISTOBAL,XRD90U-010,A,0.0,0.0,0.0,COINCIDE OK
2026-07-20|SAN CRISTOBAL|XRD90U-010|B,2026-07-20,SAN CRISTOBAL,XRD90U-010,B,0.0,0.0,0.0,COINCIDE OK
2026-07-20|SAN CRISTOBAL|XRD90U-023|A,2026-07-20,SAN CRISTOBAL,XRD90U-023,A,0.0,0.0,0.0,COINCIDE OK
2026-07-20|SAN CRISTOBAL|XRD90U-023|B,2026-07-20,SAN CRISTOBAL,XRD90U-023,B,0.0,0.0,0.0,COINCIDE OK
2026-07-20|TAMBOJASA|DE710T-002|A,2026-07-20,TAMBOJASA,DE710T-002,A,10.399999999999991,10.4,-0.0,COINCIDE OK
2026-07-20|TAMBOJASA|DE710T-002|B,2026-07-20,TAMBOJASA,DE710T-002,B,16.500000000000014,16.5,0.0,COINCIDE OK
2026-07-20|TAMBOJASA|XRD150U-009|A,2026-07-20,TAMBOJASA,XRD150U-009,A,0.0,0.0,0.0,COINCIDE OK
2026-07-20|TAMBOJASA|XRD150U-009|B,2026-07-20,TAMBOJASA,XRD150U-009,B,0.0,0.0,0.0,COINCIDE OK
2026-07-20|TICLIO|XRD150U-007|A,2026-07-20,TICLIO,XRD150U-007,A,0.0,0.0,0.0,COINCIDE OK
2026-07-20|TICLIO|XRD150U-007|B,2026-07-20,TICLIO,XRD150U-007,B,0.0,0.0,0.0,COINCIDE OK
2026-07-20|YAULIYACU|XDR50USS-00T|A,2026-07-20,YAULIYACU,XDR50USS-00T,A,8.1,8.1,0.0,COINCIDE OK
2026-07-20|YAULIYACU|XDR50USS-00T|B,2026-07-20,YAULIYACU,XDR50USS-00T,B,37.6,37.6,0.0,COINCIDE OK
2026-07-20|YAULIYACU|XRD125USS-001|A,2026-07-20,YAULIYACU,XRD125USS-001,A,4.849999999999994,0.0,4.85,SOLO EN DETALLADO
2026-07-20|YAULIYACU|XRD125USS-001|B,2026-07-20,YAULIYACU,XRD125USS-001,B,13.049999999999995,0.0,13.05,SOLO EN DETALLADO
2026-07-20|YAULIYACU|XRD50USS-003|A,2026-07-20,YAULIYACU,XRD50USS-003,A,3.3,3.3,0.0,COINCIDE OK
2026-07-20|YAULIYACU|XRD50USS-003|B,2026-07-20,YAULIYACU,XRD50USS-003,B,36.05,36.05,0.0,COINCIDE OK
2026-07-20|YAURICOCHA|XRD150USS-001|A,2026-07-20,YAURICOCHA,XRD150USS-001,A,25.5,0.0,25.5,SOLO EN DETALLADO
2026-07-20|YAURICOCHA|XRD150USS-001|B,2026-07-20,YAURICOCHA,XRD150USS-001,B,0.0,25.5,-25.5,SOLO EN CONTROL INTERNO
2026-07-21|AMERICANA|LM110U-001|A,2026-07-21,AMERICANA,LM110U-001,A,0.0,0.0,0.0,COINCIDE OK
2026-07-21|AMERICANA|LM110U-001|B,2026-07-21,AMERICANA,LM110U-001,B,0.0,0.0,0.0,COINCIDE OK
2026-07-21|AMERICANA|XRD50U-002|A,2026-07-21,AMERICANA,XRD50U-002,A,16.700000000000003,16.7,0.0,COINCIDE OK
2026-07-21|AMERICANA|XRD50U-002|B,2026-07-21,AMERICANA,XRD50U-002,B,35.0,35.0,0.0,COINCIDE OK
2026-07-21|AMERICANA|XRD50USS-001|A,2026-07-21,AMERICANA,XRD50USS-001,A,35.0,35.0,0.0,COINCIDE OK
2026-07-21|AMERICANA|XRD50USS-001|B,2026-07-21,AMERICANA,XRD50USS-001,B,35.0,35.0,0.0,COINCIDE OK
2026-07-21|ANDAYCHAGUA|LF90D ST-002|A,2026-07-21,ANDAYCHAGUA,LF90D ST-002,A,0.0,0.0,0.0,COINCIDE OK
2026-07-21|ANDAYCHAGUA|LF90D ST-002|B,2026-07-21,ANDAYCHAGUA,LF90D ST-002,B,0.0,0.0,0.0,COINCIDE OK
2026-07-21|ANDAYCHAGUA|XRD150U-001|A,2026-07-21,ANDAYCHAGUA,XRD150U-001,A,17.650000000000006,17.65,0.0,COINCIDE OK
2026-07-21|ANDAYCHAGUA|XRD150U-001|B,2026-07-21,ANDAYCHAGUA,XRD150U-001,B,24.0,24.0,0.0,COINCIDE OK
2026-07-21|ANDAYCHAGUA|XRD80USS-010|A,2026-07-21,ANDAYCHAGUA,XRD80USS-010,A,0.0,0.0,0.0,COINCIDE OK
2026-07-21|ANDAYCHAGUA|XRD80USS-010|B,2026-07-21,ANDAYCHAGUA,XRD80USS-010,B,0.0,0.0,0.0,COINCIDE OK
2026-07-21|CATALINA HUANCA|XRD100U-001|A,2026-07-21,CATALINA HUANCA,XRD100U-001,A,12.100000000000025,12.1,0.0,COINCIDE OK
2026-07-21|CATALINA HUANCA|XRD100U-001|B,2026-07-21,CATALINA HUANCA,XRD100U-001,B,0.0,0.0,0.0,COINCIDE OK
2026-07-21|CATALINA HUANCA|XRD125UFDR-001|A,2026-07-21,CATALINA HUANCA,XRD125UFDR-001,A,0.0,0.0,0.0,COINCIDE OK
2026-07-21|CATALINA HUANCA|XRD125UFDR-001|B,2026-07-21,CATALINA HUANCA,XRD125UFDR-001,B,16.999999999999993,17.0,-0.0,COINCIDE OK
2026-07-21|CATALINA HUANCA|XRD50U-003|A,2026-07-21,CATALINA HUANCA,XRD50U-003,A,13.3,13.3,0.0,COINCIDE OK
2026-07-21|CATALINA HUANCA|XRD50U-003|B,2026-07-21,CATALINA HUANCA,XRD50U-003,B,40.6,40.6,0.0,COINCIDE OK
2026-07-21|CATALINA HUANCA|XRD50USS-004|A,2026-07-21,CATALINA HUANCA,XRD50USS-004,A,25.0,25.0,0.0,COINCIDE OK
2026-07-21|CATALINA HUANCA|XRD50USS-004|B,2026-07-21,CATALINA HUANCA,XRD50USS-004,B,21.0,21.0,0.0,COINCIDE OK
2026-07-21|CATALINA HUANCA|XRD90U-005|A,2026-07-21,CATALINA HUANCA,XRD90U-005,A,14.600000000000009,14.6,0.0,COINCIDE OK
2026-07-21|CATALINA HUANCA|XRD90U-005|B,2026-07-21,CATALINA HUANCA,XRD90U-005,B,25.5,25.5,0.0,COINCIDE OK
2026-07-21|CERRO|XRD150U-002|A,2026-07-21,CERRO,XRD150U-002,A,11.7,11.7,0.0,COINCIDE OK
2026-07-21|CERRO|XRD150U-002|B,2026-07-21,CERRO,XRD150U-002,B,8.55,8.55,0.0,COINCIDE OK
2026-07-21|CHUNGAR|LM110U-001|A,2026-07-21,CHUNGAR,LM110U-001,A,9.199999999999989,10.0,-0.8,REPARTICION DE TURNO (DIA/NOCHE)
2026-07-21|CHUNGAR|LM110U-001|B,2026-07-21,CHUNGAR,LM110U-001,B,10.0,9.2,0.8,REPARTICION DE TURNO (DIA/NOCHE)
2026-07-21|CHUNGAR|LM90U-001|A,2026-07-21,CHUNGAR,LM90U-001,A,1.6000000000000227,1.6,0.0,COINCIDE OK
2026-07-21|CHUNGAR|LM90U-001|B,2026-07-21,CHUNGAR,LM90U-001,B,13.699999999999989,13.7,-0.0,COINCIDE OK
2026-07-21|CHUNGAR|XRD120U-001|A,2026-07-21,CHUNGAR,XRD120U-001,A,21.6,21.6,0.0,COINCIDE OK
2026-07-21|CHUNGAR|XRD120U-001|B,2026-07-21,CHUNGAR,XRD120U-001,B,0.0,0.0,0.0,COINCIDE OK
2026-07-21|CHUNGAR|XRD90U-021|A,2026-07-21,CHUNGAR,XRD90U-021,A,21.0,21.0,0.0,COINCIDE OK
2026-07-21|CHUNGAR|XRD90U-021|B,2026-07-21,CHUNGAR,XRD90U-021,B,8.900000000000006,8.9,0.0,COINCIDE OK
2026-07-21|CHUNGAR|XRD90USS-003|A,2026-07-21,CHUNGAR,XRD90USS-003,A,0.0,0.0,0.0,COINCIDE OK
2026-07-21|CHUNGAR|XRD90USS-003|B,2026-07-21,CHUNGAR,XRD90USS-003,B,20.4,20.4,0.0,COINCIDE OK
2026-07-21|COBRIZA|XDR100ST-001|A,2026-07-21,COBRIZA,XDR100ST-001,A,0.0,0.0,0.0,COINCIDE OK
2026-07-21|COBRIZA|XDR100ST-001|B,2026-07-21,COBRIZA,XDR100ST-001,B,0.0,0.0,0.0,COINCIDE OK
2026-07-21|COBRIZA|XLM75UFDR-003|A,2026-07-21,COBRIZA,XLM75UFDR-003,A,30.10000000000001,30.1,0.0,COINCIDE OK
2026-07-21|COBRIZA|XLM75UFDR-003|B,2026-07-21,COBRIZA,XLM75UFDR-003,B,19.599999999999994,19.6,-0.0,COINCIDE OK
2026-07-21|COBRIZA|XRD125UFDR-002|A,2026-07-21,COBRIZA,XRD125UFDR-002,A,14.199999999999989,14.2,-0.0,COINCIDE OK
2026-07-21|COBRIZA|XRD125UFDR-002|B,2026-07-21,COBRIZA,XRD125UFDR-002,B,0.0,0.0,0.0,COINCIDE OK
2026-07-21|COBRIZA|XRD150U-008|A,2026-07-21,COBRIZA,XRD150U-008,A,10.0,10.0,0.0,COINCIDE OK
2026-07-21|COBRIZA|XRD150U-008|B,2026-07-21,COBRIZA,XRD150U-008,B,0.0,0.0,0.0,COINCIDE OK
2026-07-21|COBRIZA|XRD50UFDR-001|A,2026-07-21,COBRIZA,XRD50UFDR-001,A,12.300000000000011,12.3,0.0,COINCIDE OK
2026-07-21|COBRIZA|XRD50UFDR-001|B,2026-07-21,COBRIZA,XRD50UFDR-001,B,6.699999999999989,6.7,-0.0,COINCIDE OK
2026-07-21|COBRIZA|XRD50USS-002|A,2026-07-21,COBRIZA,XRD50USS-002,A,0.0,0.0,0.0,COINCIDE OK
2026-07-21|COBRIZA|XRD50USS-002|B,2026-07-21,COBRIZA,XRD50USS-002,B,0.0,0.0,0.0,COINCIDE OK
2026-07-21|COBRIZA|XRD80USS-006|A,2026-07-21,COBRIZA,XRD80USS-006,A,8.299999999999997,8.3,-0.0,COINCIDE OK
2026-07-21|COBRIZA|XRD80USS-006|B,2026-07-21,COBRIZA,XRD80USS-006,B,0.0,0.0,0.0,COINCIDE OK
2026-07-21|COBRIZA|XRD90U-019|A,2026-07-21,COBRIZA,XRD90U-019,A,0.0,0.0,0.0,COINCIDE OK
2026-07-21|COBRIZA|XRD90U-019|B,2026-07-21,COBRIZA,XRD90U-019,B,0.0,0.0,0.0,COINCIDE OK
2026-07-21|COLQUISIRI|XRD80USS-012|A,2026-07-21,COLQUISIRI,XRD80USS-012,A,26.3,26.3,0.0,COINCIDE OK
2026-07-21|COLQUISIRI|XRD80USS-012|B,2026-07-21,COLQUISIRI,XRD80USS-012,B,16.400000000000006,16.4,0.0,COINCIDE OK
2026-07-21|CONDESTABLE|XLM75UFDR-002|A,2026-07-21,CONDESTABLE,XLM75UFDR-002,A,17.400000000000006,17.4,0.0,COINCIDE OK
2026-07-21|CONDESTABLE|XLM75UFDR-002|B,2026-07-21,CONDESTABLE,XLM75UFDR-002,B,17.0,17.0,0.0,COINCIDE OK
2026-07-21|CONDESTABLE|XLM75UFDR-004|A,2026-07-21,CONDESTABLE,XLM75UFDR-004,A,15.099999999999994,15.1,-0.0,COINCIDE OK
2026-07-21|CONDESTABLE|XLM75UFDR-004|B,2026-07-21,CONDESTABLE,XLM75UFDR-004,B,11.800000000000011,11.8,0.0,COINCIDE OK
2026-07-21|CONDESTABLE|XRD150USS-003|A,2026-07-21,CONDESTABLE,XRD150USS-003,A,0.0,0.0,0.0,COINCIDE OK
2026-07-21|CONDESTABLE|XRD150USS-003|B,2026-07-21,CONDESTABLE,XRD150USS-003,B,0.0,0.0,0.0,COINCIDE OK
2026-07-21|CONDESTABLE|XRD80ITH-001|A,2026-07-21,CONDESTABLE,XRD80ITH-001,A,25.5,25.5,0.0,COINCIDE OK
2026-07-21|CONDESTABLE|XRD80ITH-001|B,2026-07-21,CONDESTABLE,XRD80ITH-001,B,30.0,30.0,0.0,COINCIDE OK
2026-07-21|CUCULII|XRD100ST-001|A,2026-07-21,CUCULI,XRD100ST-001,A,0.0,24.0,-24.0,SOLO EN CONTROL INTERNO
2026-07-21|CUCULII|XRD100ST-001|B,2026-07-21,CUCULI,XRD100ST-001,B,0.0,24.0,-24.0,SOLO EN CONTROL INTERNO
2026-07-21|CUCULI|XRD100ST-001|A,2026-07-21,CUCULI,XRD100ST-001,A,24.0,0.0,24.0,SOLO EN DETALLADO
2026-07-21|CUCULI|XRD100ST-001|B,2026-07-21,CUCULI,XRD100ST-001,B,23.999999999999996,0.0,24.0,SOLO EN DETALLADO
2026-07-21|INMACULADA|XLM75UFDR-001|A,2026-07-21,INMACULADA,XLM75UFDR-001,A,23.0,23.0,0.0,COINCIDE OK
2026-07-21|INMACULADA|XLM75UFDR-001|B,2026-07-21,INMACULADA,XLM75UFDR-001,B,13.2,13.2,0.0,COINCIDE OK
2026-07-21|INMACULADA|XRD150U-003|A,2026-07-21,INMACULADA,XRD150U-003,A,0.0,0.0,0.0,COINCIDE OK
2026-07-21|INMACULADA|XRD150U-003|B,2026-07-21,INMACULADA,XRD150U-003,B,0.0,0.0,0.0,COINCIDE OK
2026-07-21|INMACULADA|XRD150USS-004|A,2026-07-21,INMACULADA,XRD150USS-004,A,0.0,0.0,0.0,COINCIDE OK
2026-07-21|INMACULADA|XRD150USS-004|B,2026-07-21,INMACULADA,XRD150USS-004,B,0.0,0.0,0.0,COINCIDE OK
2026-07-21|INMACULADA|XRD250U-001|A,2026-07-21,INMACULADA,XRD250U-001,A,12.900000000000006,12.9,0.0,COINCIDE OK
2026-07-21|INMACULADA|XRD250U-001|B,2026-07-21,INMACULADA,XRD250U-001,B,11.800000000000011,11.8,0.0,COINCIDE OK
2026-07-21|INMACULADA|XRD80USS-008|A,2026-07-21,INMACULADA,XRD80USS-008,A,33.0,33.0,0.0,COINCIDE OK
2026-07-21|INMACULADA|XRD80USS-008|B,2026-07-21,INMACULADA,XRD80USS-008,B,21.0,21.0,0.0,COINCIDE OK
2026-07-21|INMACULADA|XRD90U-012|A,2026-07-21,INMACULADA,XRD90U-012,A,0.0,0.0,0.0,COINCIDE OK
2026-07-21|INMACULADA|XRD90U-012|B,2026-07-21,INMACULADA,XRD90U-012,B,8.5,8.5,0.0,COINCIDE OK
2026-07-21|INMACULADA|XRD90U-016|A,2026-07-21,INMACULADA,XRD90U-016,A,0.0,0.0,0.0,COINCIDE OK
2026-07-21|INMACULADA|XRD90U-016|B,2026-07-21,INMACULADA,XRD90U-016,B,0.0,0.0,0.0,COINCIDE OK
2026-07-21|LA ESTRELLA|XRD150U-004|A,2026-07-21,LA ESTRELLA,XRD150U-004,A,22.6,22.6,0.0,COINCIDE OK
2026-07-21|LA ESTRELLA|XRD150U-004|B,2026-07-21,LA ESTRELLA,XRD150U-004,B,29.200000000000003,29.2,0.0,COINCIDE OK
2026-07-21|LA ESTRELLA|XRD150U-006|A,2026-07-21,LA ESTRELLA,XRD150U-006,A,26.700000000000003,26.7,0.0,COINCIDE OK
2026-07-21|LA ESTRELLA|XRD150U-006|B,2026-07-21,LA ESTRELLA,XRD150U-006,B,4.299999999999997,4.3,-0.0,COINCIDE OK
2026-07-21|MOROCOCHA|XRD150USS-002|A,2026-07-21,MOROCOCHA,XRD150USS-002,A,27.89999999999999,27.9,-0.0,COINCIDE OK
2026-07-21|MOROCOCHA|XRD150USS-002|B,2026-07-21,MOROCOCHA,XRD150USS-002,B,0.0,0.0,0.0,COINCIDE OK
2026-07-21|MOROCOCHA|XRD80USS-011|A,2026-07-21,MOROCOCHA,XRD80USS-011,A,45.8,45.8,0.0,COINCIDE OK
2026-07-21|MOROCOCHA|XRD80USS-011|B,2026-07-21,MOROCOCHA,XRD80USS-011,B,6.9,6.9,0.0,COINCIDE OK
2026-07-21|MOROCOCHA|XRD90USS-005|A,2026-07-21,MOROCOCHA,XRD90USS-005,A,0.0,0.0,0.0,COINCIDE OK
2026-07-21|MOROCOCHA|XRD90USS-005|B,2026-07-21,MOROCOCHA,XRD90USS-005,B,0.0,0.0,0.0,COINCIDE OK
2026-07-21|RAURA|XRD150U-005|A,2026-07-21,RAURA,XRD150U-005,A,1.3000000000000007,1.3,0.0,COINCIDE OK
2026-07-21|RAURA|XRD150U-005|B,2026-07-21,RAURA,XRD150U-005,B,16.119999999999997,16.12,-0.0,COINCIDE OK
2026-07-21|RAURA|XRD150UBT-001|A,2026-07-21,RAURA,XRD150UBT-001,A,24.05000000000001,24.05,0.0,COINCIDE OK
2026-07-21|RAURA|XRD150UBT-001|B,2026-07-21,RAURA,XRD150UBT-001,B,28.180000000000007,28.18,0.0,COINCIDE OK
2026-07-21|RAURA|XRD90USS-001|A,2026-07-21,RAURA,XRD90USS-001,A,3.969999999999999,3.97,-0.0,COINCIDE OK
2026-07-21|RAURA|XRD90USS-001|B,2026-07-21,RAURA,XRD90USS-001,B,21.0,21.0,0.0,COINCIDE OK
2026-07-21|RAURA|XRD90USS-004|A,2026-07-21,RAURA,XRD90USS-004,A,14.969999999999999,14.97,-0.0,COINCIDE OK
2026-07-21|RAURA|XRD90USS-004|B,2026-07-21,RAURA,XRD90USS-004,B,14.340000000000003,14.34,0.0,COINCIDE OK
2026-07-21|SAN CRISTOBAL|DE710ST-001|A,2026-07-21,SAN CRISTOBAL,DE710ST-001,A,0.0,0.0,0.0,COINCIDE OK
2026-07-21|SAN CRISTOBAL|DE710ST-001|B,2026-07-21,SAN CRISTOBAL,DE710ST-001,B,0.0,0.0,0.0,COINCIDE OK
2026-07-21|SAN CRISTOBAL|XRD90U-004|A,2026-07-21,SAN CRISTOBAL,XRD90U-004,A,31.30000000000001,22.5,8.8,REPARTICION DE TURNO (DIA/NOCHE)
2026-07-21|SAN CRISTOBAL|XRD90U-004|B,2026-07-21,SAN CRISTOBAL,XRD90U-004,B,0.0,8.8,-8.8,SOLO EN CONTROL INTERNO
2026-07-21|SAN CRISTOBAL|XRD90U-010|A,2026-07-21,SAN CRISTOBAL,XRD90U-010,A,0.0,0.0,0.0,COINCIDE OK
2026-07-21|SAN CRISTOBAL|XRD90U-010|B,2026-07-21,SAN CRISTOBAL,XRD90U-010,B,0.0,0.0,0.0,COINCIDE OK
2026-07-21|SAN CRISTOBAL|XRD90U-023|A,2026-07-21,SAN CRISTOBAL,XRD90U-023,A,0.0,0.0,0.0,COINCIDE OK
2026-07-21|SAN CRISTOBAL|XRD90U-023|B,2026-07-21,SAN CRISTOBAL,XRD90U-023,B,0.0,0.0,0.0,COINCIDE OK
2026-07-21|TAMBOJASA|DE710T-002|A,2026-07-21,TAMBOJASA,DE710T-002,A,9.099999999999994,9.1,-0.0,COINCIDE OK
2026-07-21|TAMBOJASA|DE710T-002|B,2026-07-21,TAMBOJASA,DE710T-002,B,8.549999999999983,8.55,-0.0,COINCIDE OK
2026-07-21|TAMBOJASA|XRD150U-009|A,2026-07-21,TAMBOJASA,XRD150U-009,A,0.0,0.0,0.0,COINCIDE OK
2026-07-21|TAMBOJASA|XRD150U-009|B,2026-07-21,TAMBOJASA,XRD150U-009,B,0.0,0.0,0.0,COINCIDE OK
2026-07-21|TICLIO|XRD150U-007|A,2026-07-21,TICLIO,XRD150U-007,A,0.0,0.0,0.0,COINCIDE OK
2026-07-21|TICLIO|XRD150U-007|B,2026-07-21,TICLIO,XRD150U-007,B,0.0,0.0,0.0,COINCIDE OK
2026-07-21|YAULIYACU|XDR50USS-00T|A,2026-07-21,YAULIYACU,XDR50USS-00T,A,11.9,11.9,0.0,COINCIDE OK
2026-07-21|YAULIYACU|XDR50USS-00T|B,2026-07-21,YAULIYACU,XDR50USS-00T,B,12.9,12.9,0.0,COINCIDE OK
2026-07-21|YAULIYACU|XRD125USS-001|A,2026-07-21,YAULIYACU,XRD125USS-001,A,13.300000000000011,0.0,13.3,SOLO EN DETALLADO
2026-07-21|YAULIYACU|XRD125USS-001|B,2026-07-21,YAULIYACU,XRD125USS-001,B,17.799999999999997,0.0,17.8,SOLO EN DETALLADO
2026-07-21|YAULIYACU|XRD50USS-003|A,2026-07-21,YAULIYACU,XRD50USS-003,A,39.7,39.7,0.0,COINCIDE OK
2026-07-21|YAULIYACU|XRD50USS-003|B,2026-07-21,YAULIYACU,XRD50USS-003,B,16.700000000000003,16.7,0.0,COINCIDE OK
2026-07-21|YAURICOCHA|XRD150USS-001|A,2026-07-21,YAURICOCHA,XRD150USS-001,A,55.3,28.3,27.0,REPARTICION DE TURNO (DIA/NOCHE)
2026-07-21|YAURICOCHA|XRD150USS-001|B,2026-07-21,YAURICOCHA,XRD150USS-001,B,0.0,27.0,-27.0,SOLO EN CONTROL INTERNO
2026-07-22|AMERICANA|LM110U-001|A,2026-07-22,AMERICANA,LM110U-001,A,0.0,0.0,0.0,COINCIDE OK
2026-07-22|AMERICANA|LM110U-001|B,2026-07-22,AMERICANA,LM110U-001,B,0.0,0.0,0.0,COINCIDE OK
2026-07-22|AMERICANA|XRD50U-002|A,2026-07-22,AMERICANA,XRD50U-002,A,29.599999999999994,29.6,-0.0,COINCIDE OK
2026-07-22|AMERICANA|XRD50U-002|B,2026-07-22,AMERICANA,XRD50U-002,B,35.000000000000014,35.0,0.0,COINCIDE OK
2026-07-22|AMERICANA|XRD50USS-001|A,2026-07-22,AMERICANA,XRD50USS-001,A,35.0,35.0,0.0,COINCIDE OK
2026-07-22|AMERICANA|XRD50USS-001|B,2026-07-22,AMERICANA,XRD50USS-001,B,35.0,35.0,0.0,COINCIDE OK
2026-07-22|ANDAYCHAGUA|LF90D ST-002|A,2026-07-22,ANDAYCHAGUA,LF90D ST-002,A,0.0,0.0,0.0,COINCIDE OK
2026-07-22|ANDAYCHAGUA|LF90D ST-002|B,2026-07-22,ANDAYCHAGUA,LF90D ST-002,B,0.8499999999999943,0.85,-0.0,COINCIDE OK
2026-07-22|ANDAYCHAGUA|XRD150U-001|A,2026-07-22,ANDAYCHAGUA,XRD150U-001,A,19.599999999999994,19.6,-0.0,COINCIDE OK
2026-07-22|ANDAYCHAGUA|XRD150U-001|B,2026-07-22,ANDAYCHAGUA,XRD150U-001,B,9.150000000000006,9.15,0.0,COINCIDE OK
2026-07-22|ANDAYCHAGUA|XRD80USS-010|A,2026-07-22,ANDAYCHAGUA,XRD80USS-010,A,0.0,0.0,0.0,COINCIDE OK
2026-07-22|ANDAYCHAGUA|XRD80USS-010|B,2026-07-22,ANDAYCHAGUA,XRD80USS-010,B,4.65,4.65,0.0,COINCIDE OK
2026-07-22|CATALINA HUANCA|XRD100U-001|A,2026-07-22,CATALINA HUANCA,XRD100U-001,A,0.0,0.0,0.0,COINCIDE OK
2026-07-22|CATALINA HUANCA|XRD100U-001|B,2026-07-22,CATALINA HUANCA,XRD100U-001,B,0.0,0.0,0.0,COINCIDE OK
2026-07-22|CATALINA HUANCA|XRD125UFDR-001|A,2026-07-22,CATALINA HUANCA,XRD125UFDR-001,A,16.0,16.0,0.0,COINCIDE OK
2026-07-22|CATALINA HUANCA|XRD125UFDR-001|B,2026-07-22,CATALINA HUANCA,XRD125UFDR-001,B,24.40000000000001,24.4,0.0,COINCIDE OK
2026-07-22|CATALINA HUANCA|XRD50U-003|A,2026-07-22,CATALINA HUANCA,XRD50U-003,A,30.39999999999999,30.4,-0.0,COINCIDE OK
2026-07-22|CATALINA HUANCA|XRD50U-003|B,2026-07-22,CATALINA HUANCA,XRD50U-003,B,20.80000000000001,20.8,0.0,COINCIDE OK
2026-07-22|CATALINA HUANCA|XRD50USS-004|A,2026-07-22,CATALINA HUANCA,XRD50USS-004,A,25.0,25.0,0.0,COINCIDE OK
2026-07-22|CATALINA HUANCA|XRD50USS-004|B,2026-07-22,CATALINA HUANCA,XRD50USS-004,B,1.5,1.5,0.0,COINCIDE OK
2026-07-22|CATALINA HUANCA|XRD90U-005|A,2026-07-22,CATALINA HUANCA,XRD90U-005,A,8.0,8.0,0.0,COINCIDE OK
2026-07-22|CATALINA HUANCA|XRD90U-005|B,2026-07-22,CATALINA HUANCA,XRD90U-005,B,12.899999999999991,12.9,-0.0,COINCIDE OK
2026-07-22|CERRO|XRD150U-002|A,2026-07-22,CERRO,XRD150U-002,A,0.0,0.0,0.0,COINCIDE OK
2026-07-22|CERRO|XRD150U-002|B,2026-07-22,CERRO,XRD150U-002,B,10.049999999999995,10.05,-0.0,COINCIDE OK
2026-07-22|CHUNGAR|LM110U-001|A,2026-07-22,CHUNGAR,LM110U-001,A,9.199999999999989,9.2,-0.0,COINCIDE OK
2026-07-22|CHUNGAR|LM110U-001|B,2026-07-22,CHUNGAR,LM110U-001,B,5.25,5.25,0.0,COINCIDE OK
2026-07-22|CHUNGAR|LM90U-001|A,2026-07-22,CHUNGAR,LM90U-001,A,1.5,1.5,0.0,COINCIDE OK
2026-07-22|CHUNGAR|LM90U-001|B,2026-07-22,CHUNGAR,LM90U-001,B,0.0,0.0,0.0,COINCIDE OK
2026-07-22|CHUNGAR|XRD120U-001|A,2026-07-22,CHUNGAR,XRD120U-001,A,14.700000000000005,14.7,0.0,COINCIDE OK
2026-07-22|CHUNGAR|XRD120U-001|B,2026-07-22,CHUNGAR,XRD120U-001,B,0.0,0.0,0.0,COINCIDE OK
2026-07-22|CHUNGAR|XRD90U-021|A,2026-07-22,CHUNGAR,XRD90U-021,A,0.0,0.0,0.0,COINCIDE OK
2026-07-22|CHUNGAR|XRD90U-021|B,2026-07-22,CHUNGAR,XRD90U-021,B,0.0,0.0,0.0,COINCIDE OK
2026-07-22|CHUNGAR|XRD90USS-003|A,2026-07-22,CHUNGAR,XRD90USS-003,A,39.0,39.0,0.0,COINCIDE OK
2026-07-22|CHUNGAR|XRD90USS-003|B,2026-07-22,CHUNGAR,XRD90USS-003,B,32.300000000000004,32.3,0.0,COINCIDE OK
2026-07-22|COBRIZA|XDR100ST-001|A,2026-07-22,COBRIZA,XDR100ST-001,A,0.0,0.0,0.0,COINCIDE OK
2026-07-22|COBRIZA|XDR100ST-001|B,2026-07-22,COBRIZA,XDR100ST-001,B,0.0,0.0,0.0,COINCIDE OK
2026-07-22|COBRIZA|XLM75UFDR-003|A,2026-07-22,COBRIZA,XLM75UFDR-003,A,0.0,0.0,0.0,COINCIDE OK
2026-07-22|COBRIZA|XLM75UFDR-003|B,2026-07-22,COBRIZA,XLM75UFDR-003,B,14.300000000000011,14.3,0.0,COINCIDE OK
2026-07-22|COBRIZA|XRD125UFDR-002|A,2026-07-22,COBRIZA,XRD125UFDR-002,A,0.0,0.0,0.0,COINCIDE OK
2026-07-22|COBRIZA|XRD125UFDR-002|B,2026-07-22,COBRIZA,XRD125UFDR-002,B,0.0,0.0,0.0,COINCIDE OK
2026-07-22|COBRIZA|XRD150U-008|A,2026-07-22,COBRIZA,XRD150U-008,A,9.5,9.5,0.0,COINCIDE OK
2026-07-22|COBRIZA|XRD150U-008|B,2026-07-22,COBRIZA,XRD150U-008,B,1.0,1.0,0.0,COINCIDE OK
2026-07-22|COBRIZA|XRD50UFDR-001|A,2026-07-22,COBRIZA,XRD50UFDR-001,A,4.400000000000006,4.4,0.0,COINCIDE OK
2026-07-22|COBRIZA|XRD50UFDR-001|B,2026-07-22,COBRIZA,XRD50UFDR-001,B,0.0,0.0,0.0,COINCIDE OK
2026-07-22|COBRIZA|XRD50USS-002|A,2026-07-22,COBRIZA,XRD50USS-002,A,0.0,0.0,0.0,COINCIDE OK
2026-07-22|COBRIZA|XRD50USS-002|B,2026-07-22,COBRIZA,XRD50USS-002,B,0.0,0.0,0.0,COINCIDE OK
2026-07-22|COBRIZA|XRD80USS-006|A,2026-07-22,COBRIZA,XRD80USS-006,A,0.0,0.0,0.0,COINCIDE OK
2026-07-22|COBRIZA|XRD80USS-006|B,2026-07-22,COBRIZA,XRD80USS-006,B,0.0,0.0,0.0,COINCIDE OK
2026-07-22|COBRIZA|XRD90U-019|A,2026-07-22,COBRIZA,XRD90U-019,A,0.0,0.0,0.0,COINCIDE OK
2026-07-22|COBRIZA|XRD90U-019|B,2026-07-22,COBRIZA,XRD90U-019,B,0.0,0.0,0.0,COINCIDE OK
2026-07-22|COLQUISIRI|XRD80USS-012|A,2026-07-22,COLQUISIRI,XRD80USS-012,A,0.0,0.0,0.0,COINCIDE OK
2026-07-22|COLQUISIRI|XRD80USS-012|B,2026-07-22,COLQUISIRI,XRD80USS-012,B,4.0,4.0,0.0,COINCIDE OK
2026-07-22|CONDESTABLE|XLM75UFDR-002|A,2026-07-22,CONDESTABLE,XLM75UFDR-002,A,15.0,15.0,0.0,COINCIDE OK
2026-07-22|CONDESTABLE|XLM75UFDR-002|B,2026-07-22,CONDESTABLE,XLM75UFDR-002,B,15.0,15.0,0.0,COINCIDE OK
2026-07-22|CONDESTABLE|XLM75UFDR-004|A,2026-07-22,CONDESTABLE,XLM75UFDR-004,A,7.0,7.0,0.0,COINCIDE OK
2026-07-22|CONDESTABLE|XLM75UFDR-004|B,2026-07-22,CONDESTABLE,XLM75UFDR-004,B,5.0,5.0,0.0,COINCIDE OK
2026-07-22|CONDESTABLE|XRD150USS-003|A,2026-07-22,CONDESTABLE,XRD150USS-003,A,0.0,0.0,0.0,COINCIDE OK
2026-07-22|CONDESTABLE|XRD150USS-003|B,2026-07-22,CONDESTABLE,XRD150USS-003,B,0.0,0.0,0.0,COINCIDE OK
2026-07-22|CONDESTABLE|XRD80ITH-001|A,2026-07-22,CONDESTABLE,XRD80ITH-001,A,21.599999999999994,21.6,-0.0,COINCIDE OK
2026-07-22|CONDESTABLE|XRD80ITH-001|B,2026-07-22,CONDESTABLE,XRD80ITH-001,B,27.0,27.0,0.0,COINCIDE OK
2026-07-22|CUCULII|XRD100ST-001|A,2026-07-22,CUCULI,XRD100ST-001,A,0.0,27.7,-27.7,SOLO EN CONTROL INTERNO
2026-07-22|CUCULII|XRD100ST-001|B,2026-07-22,CUCULI,XRD100ST-001,B,0.0,5.1,-5.1,SOLO EN CONTROL INTERNO
2026-07-22|CUCULI|XRD100ST-001|A,2026-07-22,CUCULI,XRD100ST-001,A,27.700000000000003,0.0,27.7,SOLO EN DETALLADO
2026-07-22|CUCULI|XRD100ST-001|B,2026-07-22,CUCULI,XRD100ST-001,B,5.1000000000000085,0.0,5.1,SOLO EN DETALLADO
2026-07-22|INMACULADA|XLM75UFDR-001|A,2026-07-22,INMACULADA,XLM75UFDR-001,A,21.8,21.8,0.0,COINCIDE OK
2026-07-22|INMACULADA|XLM75UFDR-001|B,2026-07-22,INMACULADA,XLM75UFDR-001,B,23.2,23.2,0.0,COINCIDE OK
2026-07-22|INMACULADA|XRD150U-003|A,2026-07-22,INMACULADA,XRD150U-003,A,0.0,0.0,0.0,COINCIDE OK
2026-07-22|INMACULADA|XRD150U-003|B,2026-07-22,INMACULADA,XRD150U-003,B,0.0,0.0,0.0,COINCIDE OK
2026-07-22|INMACULADA|XRD150USS-004|A,2026-07-22,INMACULADA,XRD150USS-004,A,0.0,0.0,0.0,COINCIDE OK
2026-07-22|INMACULADA|XRD150USS-004|B,2026-07-22,INMACULADA,XRD150USS-004,B,0.0,0.0,0.0,COINCIDE OK
2026-07-22|INMACULADA|XRD250U-001|A,2026-07-22,INMACULADA,XRD250U-001,A,11.0,11.0,0.0,COINCIDE OK
2026-07-22|INMACULADA|XRD250U-001|B,2026-07-22,INMACULADA,XRD250U-001,B,0.0,0.0,0.0,COINCIDE OK
2026-07-22|INMACULADA|XRD80USS-008|A,2026-07-22,INMACULADA,XRD80USS-008,A,18.0,18.0,0.0,COINCIDE OK
2026-07-22|INMACULADA|XRD80USS-008|B,2026-07-22,INMACULADA,XRD80USS-008,B,25.5,25.5,0.0,COINCIDE OK
2026-07-22|INMACULADA|XRD90U-012|A,2026-07-22,INMACULADA,XRD90U-012,A,17.0,17.0,0.0,COINCIDE OK
2026-07-22|INMACULADA|XRD90U-012|B,2026-07-22,INMACULADA,XRD90U-012,B,25.5,25.5,0.0,COINCIDE OK
2026-07-22|INMACULADA|XRD90U-016|A,2026-07-22,INMACULADA,XRD90U-016,A,0.0,0.0,0.0,COINCIDE OK
2026-07-22|INMACULADA|XRD90U-016|B,2026-07-22,INMACULADA,XRD90U-016,B,0.0,0.0,0.0,COINCIDE OK
2026-07-22|LA ESTRELLA|XRD150U-004|A,2026-07-22,LA ESTRELLA,XRD150U-004,A,20.599999999999994,20.6,-0.0,COINCIDE OK
2026-07-22|LA ESTRELLA|XRD150U-004|B,2026-07-22,LA ESTRELLA,XRD150U-004,B,24.40000000000001,24.4,0.0,COINCIDE OK
2026-07-22|LA ESTRELLA|XRD150U-006|A,2026-07-22,LA ESTRELLA,XRD150U-006,A,17.000000000000014,17.0,0.0,COINCIDE OK
2026-07-22|LA ESTRELLA|XRD150U-006|B,2026-07-22,LA ESTRELLA,XRD150U-006,B,37.19999999999999,37.2,-0.0,COINCIDE OK
2026-07-22|MOROCOCHA|XRD150USS-002|A,2026-07-22,MOROCOCHA,XRD150USS-002,A,25.55,25.55,0.0,COINCIDE OK
2026-07-22|MOROCOCHA|XRD150USS-002|B,2026-07-22,MOROCOCHA,XRD150USS-002,B,0.0,0.0,0.0,COINCIDE OK
2026-07-22|MOROCOCHA|XRD80USS-011|A,2026-07-22,MOROCOCHA,XRD80USS-011,A,46.6,0.0,46.6,SOLO EN DETALLADO
2026-07-22|MOROCOCHA|XRD80USS-011|B,2026-07-22,MOROCOCHA,XRD80USS-011,B,0.0,46.6,-46.6,SOLO EN CONTROL INTERNO
2026-07-22|MOROCOCHA|XRD90USS-005|A,2026-07-22,MOROCOCHA,XRD90USS-005,A,0.0,0.0,0.0,COINCIDE OK
2026-07-22|MOROCOCHA|XRD90USS-005|B,2026-07-22,MOROCOCHA,XRD90USS-005,B,0.0,0.0,0.0,COINCIDE OK
2026-07-22|RAURA|XRD150U-005|A,2026-07-22,RAURA,XRD150U-005,A,20.46,20.46,0.0,COINCIDE OK
2026-07-22|RAURA|XRD150U-005|B,2026-07-22,RAURA,XRD150U-005,B,12.700000000000005,12.7,0.0,COINCIDE OK
2026-07-22|RAURA|XRD150UBT-001|A,2026-07-22,RAURA,XRD150UBT-001,A,28.94,28.94,0.0,COINCIDE OK
2026-07-22|RAURA|XRD150UBT-001|B,2026-07-22,RAURA,XRD150UBT-001,B,25.74000000000001,25.74,0.0,COINCIDE OK
2026-07-22|RAURA|XRD90USS-001|A,2026-07-22,RAURA,XRD90USS-001,A,21.55,21.55,0.0,COINCIDE OK
2026-07-22|RAURA|XRD90USS-001|B,2026-07-22,RAURA,XRD90USS-001,B,22.460000000000008,22.46,0.0,COINCIDE OK
2026-07-22|RAURA|XRD90USS-004|A,2026-07-22,RAURA,XRD90USS-004,A,19.26,19.26,0.0,COINCIDE OK
2026-07-22|RAURA|XRD90USS-004|B,2026-07-22,RAURA,XRD90USS-004,B,26.09,26.09,0.0,COINCIDE OK
2026-07-22|SAN CRISTOBAL|DE710ST-001|A,2026-07-22,SAN CRISTOBAL,DE710ST-001,A,0.0,0.0,0.0,COINCIDE OK
2026-07-22|SAN CRISTOBAL|DE710ST-001|B,2026-07-22,SAN CRISTOBAL,DE710ST-001,B,0.0,0.0,0.0,COINCIDE OK
2026-07-22|SAN CRISTOBAL|XRD90U-004|A,2026-07-22,SAN CRISTOBAL,XRD90U-004,A,20.30000000000001,8.9,11.4,REPARTICION DE TURNO (DIA/NOCHE)
2026-07-22|SAN CRISTOBAL|XRD90U-004|B,2026-07-22,SAN CRISTOBAL,XRD90U-004,B,0.0,11.4,-11.4,SOLO EN CONTROL INTERNO
2026-07-22|SAN CRISTOBAL|XRD90U-010|A,2026-07-22,SAN CRISTOBAL,XRD90U-010,A,0.0,0.0,0.0,COINCIDE OK
2026-07-22|SAN CRISTOBAL|XRD90U-010|B,2026-07-22,SAN CRISTOBAL,XRD90U-010,B,0.0,0.0,0.0,COINCIDE OK
2026-07-22|SAN CRISTOBAL|XRD90U-023|A,2026-07-22,SAN CRISTOBAL,XRD90U-023,A,0.0,0.0,0.0,COINCIDE OK
2026-07-22|SAN CRISTOBAL|XRD90U-023|B,2026-07-22,SAN CRISTOBAL,XRD90U-023,B,0.0,0.0,0.0,COINCIDE OK
2026-07-22|TAMBOJASA|DE710T-002|A,2026-07-22,TAMBOJASA,DE710T-002,A,24.350000000000023,24.35,0.0,COINCIDE OK
2026-07-22|TAMBOJASA|DE710T-002|B,2026-07-22,TAMBOJASA,DE710T-002,B,9.0,9.0,0.0,COINCIDE OK
2026-07-22|TAMBOJASA|XRD150U-009|A,2026-07-22,TAMBOJASA,XRD150U-009,A,0.0,0.0,0.0,COINCIDE OK
2026-07-22|TAMBOJASA|XRD150U-009|B,2026-07-22,TAMBOJASA,XRD150U-009,B,0.0,0.0,0.0,COINCIDE OK
2026-07-22|TICLIO|XRD150U-007|A,2026-07-22,TICLIO,XRD150U-007,A,0.0,0.0,0.0,COINCIDE OK
2026-07-22|TICLIO|XRD150U-007|B,2026-07-22,TICLIO,XRD150U-007,B,0.0,0.0,0.0,COINCIDE OK
2026-07-22|YAULIYACU|XDR50USS-00T|A,2026-07-22,YAULIYACU,XDR50USS-00T,A,41.5,41.5,0.0,COINCIDE OK
2026-07-22|YAULIYACU|XDR50USS-00T|B,2026-07-22,YAULIYACU,XDR50USS-00T,B,28.90000000000001,28.9,0.0,COINCIDE OK
2026-07-22|YAULIYACU|XRD125USS-001|A,2026-07-22,YAULIYACU,XRD125USS-001,A,0.0,0.0,0.0,COINCIDE OK
2026-07-22|YAULIYACU|XRD125USS-001|B,2026-07-22,YAULIYACU,XRD125USS-001,B,0.0,0.0,0.0,COINCIDE OK
2026-07-22|YAULIYACU|XRD50USS-003|A,2026-07-22,YAULIYACU,XRD50USS-003,A,30.05,30.05,0.0,COINCIDE OK
2026-07-22|YAULIYACU|XRD50USS-003|B,2026-07-22,YAULIYACU,XRD50USS-003,B,11.100000000000009,11.1,0.0,COINCIDE OK
2026-07-22|YAURICOCHA|XRD150USS-001|A,2026-07-22,YAURICOCHA,XRD150USS-001,A,33.0,18.0,15.0,REPARTICION DE TURNO (DIA/NOCHE)
2026-07-22|YAURICOCHA|XRD150USS-001|B,2026-07-22,YAURICOCHA,XRD150USS-001,B,0.0,15.0,-15.0,SOLO EN CONTROL INTERNO
2026-07-23|AMERICANA|LM110U-001|A,2026-07-23,AMERICANA,LM110U-001,A,0.0,0.0,0.0,COINCIDE OK
2026-07-23|AMERICANA|LM110U-001|B,2026-07-23,AMERICANA,LM110U-001,B,0.0,0.0,0.0,COINCIDE OK
2026-07-23|AMERICANA|XRD50U-002|A,2026-07-23,AMERICANA,XRD50U-002,A,2.6999999999999886,2.7,-0.0,COINCIDE OK
2026-07-23|AMERICANA|XRD50U-002|B,2026-07-23,AMERICANA,XRD50U-002,B,0.0,0.0,0.0,COINCIDE OK
2026-07-23|AMERICANA|XRD50USS-001|A,2026-07-23,AMERICANA,XRD50USS-001,A,35.0,35.0,0.0,COINCIDE OK
2026-07-23|AMERICANA|XRD50USS-001|B,2026-07-23,AMERICANA,XRD50USS-001,B,35.0,35.0,0.0,COINCIDE OK
2026-07-23|ANDAYCHAGUA|LF90D ST-002|A,2026-07-23,ANDAYCHAGUA,LF90D ST-002,A,17.0,17.0,0.0,COINCIDE OK
2026-07-23|ANDAYCHAGUA|LF90D ST-002|B,2026-07-23,ANDAYCHAGUA,LF90D ST-002,B,9.5,9.5,0.0,COINCIDE OK
2026-07-23|ANDAYCHAGUA|XRD150U-001|A,2026-07-23,ANDAYCHAGUA,XRD150U-001,A,0.0,0.0,0.0,COINCIDE OK
2026-07-23|ANDAYCHAGUA|XRD150U-001|B,2026-07-23,ANDAYCHAGUA,XRD150U-001,B,17.55,17.55,0.0,COINCIDE OK
2026-07-23|ANDAYCHAGUA|XRD80USS-010|A,2026-07-23,ANDAYCHAGUA,XRD80USS-010,A,3.8000000000000007,3.8,0.0,COINCIDE OK
2026-07-23|ANDAYCHAGUA|XRD80USS-010|B,2026-07-23,ANDAYCHAGUA,XRD80USS-010,B,23.05,23.05,0.0,COINCIDE OK
2026-07-23|CATALINA HUANCA|XRD100U-001|A,2026-07-23,CATALINA HUANCA,XRD100U-001,A,0.0,0.0,0.0,COINCIDE OK
2026-07-23|CATALINA HUANCA|XRD100U-001|B,2026-07-23,CATALINA HUANCA,XRD100U-001,B,0.0,0.0,0.0,COINCIDE OK
2026-07-23|CATALINA HUANCA|XRD125UFDR-001|A,2026-07-23,CATALINA HUANCA,XRD125UFDR-001,A,19.599999999999994,19.6,-0.0,COINCIDE OK
2026-07-23|CATALINA HUANCA|XRD125UFDR-001|B,2026-07-23,CATALINA HUANCA,XRD125UFDR-001,B,16.900000000000006,16.9,0.0,COINCIDE OK
2026-07-23|CATALINA HUANCA|XRD50U-003|A,2026-07-23,CATALINA HUANCA,XRD50U-003,A,28.599999999999994,28.6,-0.0,COINCIDE OK
2026-07-23|CATALINA HUANCA|XRD50U-003|B,2026-07-23,CATALINA HUANCA,XRD50U-003,B,25.40000000000001,25.4,0.0,COINCIDE OK
2026-07-23|CATALINA HUANCA|XRD50USS-004|A,2026-07-23,CATALINA HUANCA,XRD50USS-004,A,0.0,0.0,0.0,COINCIDE OK
2026-07-23|CATALINA HUANCA|XRD50USS-004|B,2026-07-23,CATALINA HUANCA,XRD50USS-004,B,0.0,0.0,0.0,COINCIDE OK
2026-07-23|CATALINA HUANCA|XRD90U-005|A,2026-07-23,CATALINA HUANCA,XRD90U-005,A,21.50000000000001,21.5,0.0,COINCIDE OK
2026-07-23|CATALINA HUANCA|XRD90U-005|B,2026-07-23,CATALINA HUANCA,XRD90U-005,B,9.0,9.0,0.0,COINCIDE OK
2026-07-23|CERRO|XRD150U-002|A,2026-07-23,CERRO,XRD150U-002,A,13.300000000000004,13.3,0.0,COINCIDE OK
2026-07-23|CERRO|XRD150U-002|B,2026-07-23,CERRO,XRD150U-002,B,0.0,0.0,0.0,COINCIDE OK
2026-07-23|CHUNGAR|LM110U-001|A,2026-07-23,CHUNGAR,LM110U-001,A,0.0,0.0,0.0,COINCIDE OK
2026-07-23|CHUNGAR|LM110U-001|B,2026-07-23,CHUNGAR,LM110U-001,B,0.0,0.0,0.0,COINCIDE OK
2026-07-23|CHUNGAR|LM90U-001|A,2026-07-23,CHUNGAR,LM90U-001,A,0.0,0.0,0.0,COINCIDE OK
2026-07-23|CHUNGAR|LM90U-001|B,2026-07-23,CHUNGAR,LM90U-001,B,0.0,0.0,0.0,COINCIDE OK
2026-07-23|CHUNGAR|XRD120U-001|A,2026-07-23,CHUNGAR,XRD120U-001,A,0.0,0.0,0.0,COINCIDE OK
2026-07-23|CHUNGAR|XRD120U-001|B,2026-07-23,CHUNGAR,XRD120U-001,B,0.0,0.0,0.0,COINCIDE OK
2026-07-23|CHUNGAR|XRD90U-021|A,2026-07-23,CHUNGAR,XRD90U-021,A,0.0,0.0,0.0,COINCIDE OK
2026-07-23|CHUNGAR|XRD90U-021|B,2026-07-23,CHUNGAR,XRD90U-021,B,7.2,7.2,0.0,COINCIDE OK
2026-07-23|CHUNGAR|XRD90USS-003|A,2026-07-23,CHUNGAR,XRD90USS-003,A,10.049999999999995,10.05,-0.0,COINCIDE OK
2026-07-23|CHUNGAR|XRD90USS-003|B,2026-07-23,CHUNGAR,XRD90USS-003,B,23.25,23.25,0.0,COINCIDE OK
2026-07-23|COBRIZA|XDR100ST-001|A,2026-07-23,COBRIZA,XDR100ST-001,A,0.0,0.0,0.0,COINCIDE OK
2026-07-23|COBRIZA|XDR100ST-001|B,2026-07-23,COBRIZA,XDR100ST-001,B,0.0,0.0,0.0,COINCIDE OK
2026-07-23|COBRIZA|XLM75UFDR-003|A,2026-07-23,COBRIZA,XLM75UFDR-003,A,0.0,0.0,0.0,COINCIDE OK
2026-07-23|COBRIZA|XLM75UFDR-003|B,2026-07-23,COBRIZA,XLM75UFDR-003,B,12.899999999999975,12.9,-0.0,COINCIDE OK
2026-07-23|COBRIZA|XRD125UFDR-002|A,2026-07-23,COBRIZA,XRD125UFDR-002,A,5.7,5.7,0.0,COINCIDE OK
2026-07-23|COBRIZA|XRD125UFDR-002|B,2026-07-23,COBRIZA,XRD125UFDR-002,B,17.8,17.8,0.0,COINCIDE OK
2026-07-23|COBRIZA|XRD150U-008|A,2026-07-23,COBRIZA,XRD150U-008,A,0.0,0.0,0.0,COINCIDE OK
2026-07-23|COBRIZA|XRD150U-008|B,2026-07-23,COBRIZA,XRD150U-008,B,2.5,2.5,0.0,COINCIDE OK
2026-07-23|COBRIZA|XRD50UFDR-001|A,2026-07-23,COBRIZA,XRD50UFDR-001,A,2.200000000000003,2.2,0.0,COINCIDE OK
2026-07-23|COBRIZA|XRD50UFDR-001|B,2026-07-23,COBRIZA,XRD50UFDR-001,B,0.0,0.0,0.0,COINCIDE OK
2026-07-23|COBRIZA|XRD50USS-002|A,2026-07-23,COBRIZA,XRD50USS-002,A,0.0,0.0,0.0,COINCIDE OK
2026-07-23|COBRIZA|XRD50USS-002|B,2026-07-23,COBRIZA,XRD50USS-002,B,0.0,0.0,0.0,COINCIDE OK
2026-07-23|COBRIZA|XRD80USS-006|A,2026-07-23,COBRIZA,XRD80USS-006,A,0.0,0.0,0.0,COINCIDE OK
2026-07-23|COBRIZA|XRD80USS-006|B,2026-07-23,COBRIZA,XRD80USS-006,B,0.0,0.0,0.0,COINCIDE OK
2026-07-23|COBRIZA|XRD90U-019|A,2026-07-23,COBRIZA,XRD90U-019,A,0.0,0.0,0.0,COINCIDE OK
2026-07-23|COBRIZA|XRD90U-019|B,2026-07-23,COBRIZA,XRD90U-019,B,0.0,0.0,0.0,COINCIDE OK
2026-07-23|COLQUISIRI|XRD80USS-012|A,2026-07-23,COLQUISIRI,XRD80USS-012,A,16.2,16.2,0.0,COINCIDE OK
2026-07-23|COLQUISIRI|XRD80USS-012|B,2026-07-23,COLQUISIRI,XRD80USS-012,B,42.900000000000006,42.9,0.0,COINCIDE OK
2026-07-23|CONDESTABLE|XLM75UFDR-002|A,2026-07-23,CONDESTABLE,XLM75UFDR-002,A,0.0,0.0,0.0,COINCIDE OK
2026-07-23|CONDESTABLE|XLM75UFDR-002|B,2026-07-23,CONDESTABLE,XLM75UFDR-002,B,7.1,7.1,0.0,COINCIDE OK
2026-07-23|CONDESTABLE|XLM75UFDR-004|A,2026-07-23,CONDESTABLE,XLM75UFDR-004,A,0.0,0.0,0.0,COINCIDE OK
2026-07-23|CONDESTABLE|XLM75UFDR-004|B,2026-07-23,CONDESTABLE,XLM75UFDR-004,B,7.0,7.0,0.0,COINCIDE OK
2026-07-23|CONDESTABLE|XRD150USS-003|A,2026-07-23,CONDESTABLE,XRD150USS-003,A,0.0,0.0,0.0,COINCIDE OK
2026-07-23|CONDESTABLE|XRD150USS-003|B,2026-07-23,CONDESTABLE,XRD150USS-003,B,0.0,0.0,0.0,COINCIDE OK
2026-07-23|CONDESTABLE|XRD80ITH-001|A,2026-07-23,CONDESTABLE,XRD80ITH-001,A,30.0,30.0,0.0,COINCIDE OK
2026-07-23|CONDESTABLE|XRD80ITH-001|B,2026-07-23,CONDESTABLE,XRD80ITH-001,B,7.5,7.5,0.0,COINCIDE OK
2026-07-23|CUCULII|XRD100ST-001|A,2026-07-23,CUCULI,XRD100ST-001,A,0.0,15.2,-15.2,SOLO EN CONTROL INTERNO
2026-07-23|CUCULII|XRD100ST-001|B,2026-07-23,CUCULI,XRD100ST-001,B,0.0,20.0,-20.0,SOLO EN CONTROL INTERNO
2026-07-23|CUCULI|XRD100ST-001|A,2026-07-23,CUCULI,XRD100ST-001,A,15.199999999999989,0.0,15.2,SOLO EN DETALLADO
2026-07-23|CUCULI|XRD100ST-001|B,2026-07-23,CUCULI,XRD100ST-001,B,20.0,0.0,20.0,SOLO EN DETALLADO
2026-07-23|INMACULADA|XLM75UFDR-001|A,2026-07-23,INMACULADA,XLM75UFDR-001,A,6.5,6.5,0.0,COINCIDE OK
2026-07-23|INMACULADA|XLM75UFDR-001|B,2026-07-23,INMACULADA,XLM75UFDR-001,B,7.5,7.5,0.0,COINCIDE OK
2026-07-23|INMACULADA|XRD150U-003|A,2026-07-23,INMACULADA,XRD150U-003,A,0.0,0.0,0.0,COINCIDE OK
2026-07-23|INMACULADA|XRD150U-003|B,2026-07-23,INMACULADA,XRD150U-003,B,0.0,0.0,0.0,COINCIDE OK
2026-07-23|INMACULADA|XRD150USS-004|A,2026-07-23,INMACULADA,XRD150USS-004,A,0.0,0.0,0.0,COINCIDE OK
2026-07-23|INMACULADA|XRD150USS-004|B,2026-07-23,INMACULADA,XRD150USS-004,B,0.0,0.0,0.0,COINCIDE OK
2026-07-23|INMACULADA|XRD250U-001|A,2026-07-23,INMACULADA,XRD250U-001,A,0.0,0.0,0.0,COINCIDE OK
2026-07-23|INMACULADA|XRD250U-001|B,2026-07-23,INMACULADA,XRD250U-001,B,0.0,0.0,0.0,COINCIDE OK
2026-07-23|INMACULADA|XRD80USS-008|A,2026-07-23,INMACULADA,XRD80USS-008,A,27.0,27.0,0.0,COINCIDE OK
2026-07-23|INMACULADA|XRD80USS-008|B,2026-07-23,INMACULADA,XRD80USS-008,B,21.0,21.0,0.0,COINCIDE OK
2026-07-23|INMACULADA|XRD90U-012|A,2026-07-23,INMACULADA,XRD90U-012,A,12.0,12.0,0.0,COINCIDE OK
2026-07-23|INMACULADA|XRD90U-012|B,2026-07-23,INMACULADA,XRD90U-012,B,13.900000000000006,13.9,0.0,COINCIDE OK
2026-07-23|INMACULADA|XRD90U-016|A,2026-07-23,INMACULADA,XRD90U-016,A,0.0,0.0,0.0,COINCIDE OK
2026-07-23|INMACULADA|XRD90U-016|B,2026-07-23,INMACULADA,XRD90U-016,B,3.1,3.1,0.0,COINCIDE OK
2026-07-23|LA ESTRELLA|XRD150U-004|A,2026-07-23,LA ESTRELLA,XRD150U-004,A,11.199999999999989,11.2,-0.0,COINCIDE OK
2026-07-23|LA ESTRELLA|XRD150U-004|B,2026-07-23,LA ESTRELLA,XRD150U-004,B,15.200000000000015,15.2,0.0,COINCIDE OK
2026-07-23|LA ESTRELLA|XRD150U-006|A,2026-07-23,LA ESTRELLA,XRD150U-006,A,0.0,0.0,0.0,COINCIDE OK
2026-07-23|LA ESTRELLA|XRD150U-006|B,2026-07-23,LA ESTRELLA,XRD150U-006,B,8.7,8.7,0.0,COINCIDE OK
2026-07-23|MOROCOCHA|XRD150USS-002|A,2026-07-23,MOROCOCHA,XRD150USS-002,A,26.05000000000001,26.05,0.0,COINCIDE OK
2026-07-23|MOROCOCHA|XRD150USS-002|B,2026-07-23,MOROCOCHA,XRD150USS-002,B,0.0,0.0,0.0,COINCIDE OK
2026-07-23|MOROCOCHA|XRD80USS-011|A,2026-07-23,MOROCOCHA,XRD80USS-011,A,36.2,0.0,36.2,SOLO EN DETALLADO
2026-07-23|MOROCOCHA|XRD80USS-011|B,2026-07-23,MOROCOCHA,XRD80USS-011,B,0.0,36.2,-36.2,SOLO EN CONTROL INTERNO
2026-07-23|MOROCOCHA|XRD90USS-005|A,2026-07-23,MOROCOCHA,XRD90USS-005,A,0.0,0.0,0.0,COINCIDE OK
2026-07-23|MOROCOCHA|XRD90USS-005|B,2026-07-23,MOROCOCHA,XRD90USS-005,B,0.0,0.0,0.0,COINCIDE OK
2026-07-23|RAURA|XRD150U-005|A,2026-07-23,RAURA,XRD150U-005,A,19.03,19.03,0.0,COINCIDE OK
2026-07-23|RAURA|XRD150U-005|B,2026-07-23,RAURA,XRD150U-005,B,26.039999999999992,26.04,-0.0,COINCIDE OK
2026-07-23|RAURA|XRD150UBT-001|A,2026-07-23,RAURA,XRD150UBT-001,A,21.399999999999977,21.4,-0.0,COINCIDE OK
2026-07-23|RAURA|XRD150UBT-001|B,2026-07-23,RAURA,XRD150UBT-001,B,21.02000000000004,21.02,0.0,COINCIDE OK
2026-07-23|RAURA|XRD90USS-001|A,2026-07-23,RAURA,XRD90USS-001,A,14.37,14.37,0.0,COINCIDE OK
2026-07-23|RAURA|XRD90USS-001|B,2026-07-23,RAURA,XRD90USS-001,B,24.940000000000005,24.94,0.0,COINCIDE OK
2026-07-23|RAURA|XRD90USS-004|A,2026-07-23,RAURA,XRD90USS-004,A,21.54,21.54,0.0,COINCIDE OK
2026-07-23|RAURA|XRD90USS-004|B,2026-07-23,RAURA,XRD90USS-004,B,17.569999999999993,17.57,-0.0,COINCIDE OK
2026-07-23|SAN CRISTOBAL|DE710ST-001|A,2026-07-23,SAN CRISTOBAL,DE710ST-001,A,14.399999999999979,1.1,13.3,REPARTICION DE TURNO (DIA/NOCHE)
2026-07-23|SAN CRISTOBAL|DE710ST-001|B,2026-07-23,SAN CRISTOBAL,DE710ST-001,B,0.0,13.3,-13.3,SOLO EN CONTROL INTERNO
2026-07-23|SAN CRISTOBAL|XRD90U-004|A,2026-07-23,SAN CRISTOBAL,XRD90U-004,A,25.94999999999999,15.5,10.45,REPARTICION DE TURNO (DIA/NOCHE)
2026-07-23|SAN CRISTOBAL|XRD90U-004|B,2026-07-23,SAN CRISTOBAL,XRD90U-004,B,0.0,10.45,-10.45,SOLO EN CONTROL INTERNO
2026-07-23|SAN CRISTOBAL|XRD90U-010|A,2026-07-23,SAN CRISTOBAL,XRD90U-010,A,0.0,0.0,0.0,COINCIDE OK
2026-07-23|SAN CRISTOBAL|XRD90U-010|B,2026-07-23,SAN CRISTOBAL,XRD90U-010,B,0.0,0.0,0.0,COINCIDE OK
2026-07-23|SAN CRISTOBAL|XRD90U-023|A,2026-07-23,SAN CRISTOBAL,XRD90U-023,A,0.0,0.0,0.0,COINCIDE OK
2026-07-23|SAN CRISTOBAL|XRD90U-023|B,2026-07-23,SAN CRISTOBAL,XRD90U-023,B,0.0,0.0,0.0,COINCIDE OK
2026-07-23|TAMBOJASA|DE710T-002|A,2026-07-23,TAMBOJASA,DE710T-002,A,24.0,24.0,0.0,COINCIDE OK
2026-07-23|TAMBOJASA|DE710T-002|B,2026-07-23,TAMBOJASA,DE710T-002,B,24.0,24.0,0.0,COINCIDE OK
2026-07-23|TAMBOJASA|XRD150U-009|A,2026-07-23,TAMBOJASA,XRD150U-009,A,0.0,0.0,0.0,COINCIDE OK
2026-07-23|TAMBOJASA|XRD150U-009|B,2026-07-23,TAMBOJASA,XRD150U-009,B,0.0,0.0,0.0,COINCIDE OK
2026-07-23|TICLIO|XRD150U-007|A,2026-07-23,TICLIO,XRD150U-007,A,0.0,0.0,0.0,COINCIDE OK
2026-07-23|TICLIO|XRD150U-007|B,2026-07-23,TICLIO,XRD150U-007,B,30.5,30.5,0.0,COINCIDE OK
2026-07-23|YAULIYACU|XDR50USS-00T|A,2026-07-23,YAULIYACU,XDR50USS-00T,A,0.0,0.0,0.0,COINCIDE OK
2026-07-23|YAULIYACU|XDR50USS-00T|B,2026-07-23,YAULIYACU,XDR50USS-00T,B,0.0,0.0,0.0,COINCIDE OK
2026-07-23|YAULIYACU|XRD125USS-001|A,2026-07-23,YAULIYACU,XRD125USS-001,A,0.0,0.0,0.0,COINCIDE OK
2026-07-23|YAULIYACU|XRD125USS-001|B,2026-07-23,YAULIYACU,XRD125USS-001,B,0.0,0.0,0.0,COINCIDE OK
2026-07-23|YAULIYACU|XRD50USS-003|A,2026-07-23,YAULIYACU,XRD50USS-003,A,0.0,0.0,0.0,COINCIDE OK
2026-07-23|YAULIYACU|XRD50USS-003|B,2026-07-23,YAULIYACU,XRD50USS-003,B,22.1,22.1,0.0,COINCIDE OK
2026-07-23|YAURICOCHA|XRD150USS-001|A,2026-07-23,YAURICOCHA,XRD150USS-001,A,9.0,9.0,0.0,COINCIDE OK
2026-07-23|YAURICOCHA|XRD150USS-001|B,2026-07-23,YAURICOCHA,XRD150USS-001,B,19.50000000000001,19.5,0.0,COINCIDE OK
2026-07-24|AMERICANA|LM110U-001|A,2026-07-24,AMERICANA,LM110U-001,A,0.0,0.0,0.0,COINCIDE OK
2026-07-24|AMERICANA|LM110U-001|B,2026-07-24,AMERICANA,LM110U-001,B,0.0,0.0,0.0,COINCIDE OK
2026-07-24|AMERICANA|XRD50U-002|A,2026-07-24,AMERICANA,XRD50U-002,A,35.0,35.0,0.0,COINCIDE OK
2026-07-24|AMERICANA|XRD50U-002|B,2026-07-24,AMERICANA,XRD50U-002,B,35.0,35.0,0.0,COINCIDE OK
2026-07-24|AMERICANA|XRD50USS-001|A,2026-07-24,AMERICANA,XRD50USS-001,A,18.19999999999999,18.2,-0.0,COINCIDE OK
2026-07-24|AMERICANA|XRD50USS-001|B,2026-07-24,AMERICANA,XRD50USS-001,B,26.30000000000001,26.3,0.0,COINCIDE OK
2026-07-24|ANDAYCHAGUA|LF90D ST-002|A,2026-07-24,ANDAYCHAGUA,LF90D ST-002,A,10.900000000000006,10.9,0.0,COINCIDE OK
2026-07-24|ANDAYCHAGUA|LF90D ST-002|B,2026-07-24,ANDAYCHAGUA,LF90D ST-002,B,16.299999999999983,16.3,-0.0,COINCIDE OK
2026-07-24|ANDAYCHAGUA|XRD150U-001|A,2026-07-24,ANDAYCHAGUA,XRD150U-001,A,0.0,0.0,0.0,COINCIDE OK
2026-07-24|ANDAYCHAGUA|XRD150U-001|B,2026-07-24,ANDAYCHAGUA,XRD150U-001,B,12.9,12.9,0.0,COINCIDE OK
2026-07-24|ANDAYCHAGUA|XRD80USS-010|A,2026-07-24,ANDAYCHAGUA,XRD80USS-010,A,6.299999999999997,6.3,-0.0,COINCIDE OK
2026-07-24|ANDAYCHAGUA|XRD80USS-010|B,2026-07-24,ANDAYCHAGUA,XRD80USS-010,B,9.75,9.75,0.0,COINCIDE OK
2026-07-24|CATALINA HUANCA|XRD100U-001|A,2026-07-24,CATALINA HUANCA,XRD100U-001,A,0.0,0.0,0.0,COINCIDE OK
2026-07-24|CATALINA HUANCA|XRD100U-001|B,2026-07-24,CATALINA HUANCA,XRD100U-001,B,0.0,0.0,0.0,COINCIDE OK
2026-07-24|CATALINA HUANCA|XRD125UFDR-001|A,2026-07-24,CATALINA HUANCA,XRD125UFDR-001,A,0.0,0.0,0.0,COINCIDE OK
2026-07-24|CATALINA HUANCA|XRD125UFDR-001|B,2026-07-24,CATALINA HUANCA,XRD125UFDR-001,B,0.0,0.0,0.0,COINCIDE OK
2026-07-24|CATALINA HUANCA|XRD50U-003|A,2026-07-24,CATALINA HUANCA,XRD50U-003,A,25.099999999999994,25.1,-0.0,COINCIDE OK
2026-07-24|CATALINA HUANCA|XRD50U-003|B,2026-07-24,CATALINA HUANCA,XRD50U-003,B,5.199999999999989,5.2,-0.0,COINCIDE OK
2026-07-24|CATALINA HUANCA|XRD50USS-004|A,2026-07-24,CATALINA HUANCA,XRD50USS-004,A,0.0,0.0,0.0,COINCIDE OK
2026-07-24|CATALINA HUANCA|XRD50USS-004|B,2026-07-24,CATALINA HUANCA,XRD50USS-004,B,0.0,0.0,0.0,COINCIDE OK
2026-07-24|CATALINA HUANCA|XRD90U-005|A,2026-07-24,CATALINA HUANCA,XRD90U-005,A,31.4,31.4,0.0,COINCIDE OK
2026-07-24|CATALINA HUANCA|XRD90U-005|B,2026-07-24,CATALINA HUANCA,XRD90U-005,B,30.000000000000007,30.0,0.0,COINCIDE OK
2026-07-24|CERRO|XRD150U-002|A,2026-07-24,CERRO,XRD150U-002,A,35.7,9.4,26.3,REPARTICION DE TURNO (DIA/NOCHE)
2026-07-24|CERRO|XRD150U-002|B,2026-07-24,CERRO,XRD150U-002,B,0.0,26.3,-26.3,SOLO EN CONTROL INTERNO
2026-07-24|CHUNGAR|LM110U-001|A,2026-07-24,CHUNGAR,LM110U-001,A,0.0,0.0,0.0,COINCIDE OK
2026-07-24|CHUNGAR|LM110U-001|B,2026-07-24,CHUNGAR,LM110U-001,B,25.2,25.2,0.0,COINCIDE OK
2026-07-24|CHUNGAR|LM90U-001|A,2026-07-24,CHUNGAR,LM90U-001,A,0.0,0.0,0.0,COINCIDE OK
2026-07-24|CHUNGAR|LM90U-001|B,2026-07-24,CHUNGAR,LM90U-001,B,0.0,0.0,0.0,COINCIDE OK
2026-07-24|CHUNGAR|XRD120U-001|A,2026-07-24,CHUNGAR,XRD120U-001,A,7.399999999999991,7.4,-0.0,COINCIDE OK
2026-07-24|CHUNGAR|XRD120U-001|B,2026-07-24,CHUNGAR,XRD120U-001,B,11.799999999999995,11.8,-0.0,COINCIDE OK
2026-07-24|CHUNGAR|XRD90U-021|A,2026-07-24,CHUNGAR,XRD90U-021,A,18.0,18.0,0.0,COINCIDE OK
2026-07-24|CHUNGAR|XRD90U-021|B,2026-07-24,CHUNGAR,XRD90U-021,B,25.9,25.9,0.0,COINCIDE OK
2026-07-24|CHUNGAR|XRD90USS-003|A,2026-07-24,CHUNGAR,XRD90USS-003,A,0.0,0.0,0.0,COINCIDE OK
2026-07-24|CHUNGAR|XRD90USS-003|B,2026-07-24,CHUNGAR,XRD90USS-003,B,29.8,29.8,0.0,COINCIDE OK
2026-07-24|COBRIZA|XDR100ST-001|A,2026-07-24,COBRIZA,XDR100ST-001,A,0.0,0.0,0.0,COINCIDE OK
2026-07-24|COBRIZA|XDR100ST-001|B,2026-07-24,COBRIZA,XDR100ST-001,B,0.0,0.0,0.0,COINCIDE OK
2026-07-24|COBRIZA|XLM75UFDR-003|A,2026-07-24,COBRIZA,XLM75UFDR-003,A,13.700000000000015,13.7,0.0,COINCIDE OK
2026-07-24|COBRIZA|XLM75UFDR-003|B,2026-07-24,COBRIZA,XLM75UFDR-003,B,14.400000000000006,14.4,0.0,COINCIDE OK
2026-07-24|COBRIZA|XRD125UFDR-002|A,2026-07-24,COBRIZA,XRD125UFDR-002,A,36.5,36.5,0.0,COINCIDE OK
2026-07-24|COBRIZA|XRD125UFDR-002|B,2026-07-24,COBRIZA,XRD125UFDR-002,B,34.2,34.2,0.0,COINCIDE OK
2026-07-24|COBRIZA|XRD150U-008|A,2026-07-24,COBRIZA,XRD150U-008,A,0.0,0.0,0.0,COINCIDE OK
2026-07-24|COBRIZA|XRD150U-008|B,2026-07-24,COBRIZA,XRD150U-008,B,21.0,21.0,0.0,COINCIDE OK
2026-07-24|COBRIZA|XRD50UFDR-001|A,2026-07-24,COBRIZA,XRD50UFDR-001,A,0.7999999999999972,0.8,-0.0,COINCIDE OK
2026-07-24|COBRIZA|XRD50UFDR-001|B,2026-07-24,COBRIZA,XRD50UFDR-001,B,0.0,0.0,0.0,COINCIDE OK
2026-07-24|COBRIZA|XRD50USS-002|A,2026-07-24,COBRIZA,XRD50USS-002,A,0.0,0.0,0.0,COINCIDE OK
2026-07-24|COBRIZA|XRD50USS-002|B,2026-07-24,COBRIZA,XRD50USS-002,B,0.0,0.0,0.0,COINCIDE OK
2026-07-24|COBRIZA|XRD80USS-006|A,2026-07-24,COBRIZA,XRD80USS-006,A,67.1,67.1,0.0,COINCIDE OK
2026-07-24|COBRIZA|XRD80USS-006|B,2026-07-24,COBRIZA,XRD80USS-006,B,12.200000000000005,12.2,0.0,COINCIDE OK
2026-07-24|COBRIZA|XRD90U-019|A,2026-07-24,COBRIZA,XRD90U-019,A,0.0,0.0,0.0,COINCIDE OK
2026-07-24|COBRIZA|XRD90U-019|B,2026-07-24,COBRIZA,XRD90U-019,B,0.0,0.0,0.0,COINCIDE OK
2026-07-24|COLQUISIRI|XRD80USS-012|A,2026-07-24,COLQUISIRI,XRD80USS-012,A,47.1,47.1,0.0,COINCIDE OK
2026-07-24|COLQUISIRI|XRD80USS-012|B,2026-07-24,COLQUISIRI,XRD80USS-012,B,43.8,43.8,0.0,COINCIDE OK
2026-07-24|CONDESTABLE|XLM75UFDR-002|A,2026-07-24,CONDESTABLE,XLM75UFDR-002,A,14.3,14.3,0.0,COINCIDE OK
2026-07-24|CONDESTABLE|XLM75UFDR-002|B,2026-07-24,CONDESTABLE,XLM75UFDR-002,B,16.1,16.1,0.0,COINCIDE OK
2026-07-24|CONDESTABLE|XLM75UFDR-004|A,2026-07-24,CONDESTABLE,XLM75UFDR-004,A,9.399999999999975,9.4,-0.0,COINCIDE OK
2026-07-24|CONDESTABLE|XLM75UFDR-004|B,2026-07-24,CONDESTABLE,XLM75UFDR-004,B,1.2000000000000457,1.2,0.0,COINCIDE OK
2026-07-24|CONDESTABLE|XRD150USS-003|A,2026-07-24,CONDESTABLE,XRD150USS-003,A,0.0,0.0,0.0,COINCIDE OK
2026-07-24|CONDESTABLE|XRD150USS-003|B,2026-07-24,CONDESTABLE,XRD150USS-003,B,0.0,0.0,0.0,COINCIDE OK
2026-07-24|CONDESTABLE|XRD80ITH-001|A,2026-07-24,CONDESTABLE,XRD80ITH-001,A,12.599999999999994,12.6,-0.0,COINCIDE OK
2026-07-24|CONDESTABLE|XRD80ITH-001|B,2026-07-24,CONDESTABLE,XRD80ITH-001,B,25.5,25.5,0.0,COINCIDE OK
2026-07-24|CUCULII|XRD100ST-001|A,2026-07-24,CUCULI,XRD100ST-001,A,0.0,22.0,-22.0,SOLO EN CONTROL INTERNO
2026-07-24|CUCULII|XRD100ST-001|B,2026-07-24,CUCULI,XRD100ST-001,B,0.0,17.0,-17.0,SOLO EN CONTROL INTERNO
2026-07-24|CUCULI|XRD100ST-001|A,2026-07-24,CUCULI,XRD100ST-001,A,22.0,0.0,22.0,SOLO EN DETALLADO
2026-07-24|CUCULI|XRD100ST-001|B,2026-07-24,CUCULI,XRD100ST-001,B,17.0,0.0,17.0,SOLO EN DETALLADO
2026-07-24|INMACULADA|XLM75UFDR-001|A,2026-07-24,INMACULADA,XLM75UFDR-001,A,0.0,0.0,0.0,COINCIDE OK
2026-07-24|INMACULADA|XLM75UFDR-001|B,2026-07-24,INMACULADA,XLM75UFDR-001,B,0.0,0.0,0.0,COINCIDE OK
2026-07-24|INMACULADA|XRD150U-003|A,2026-07-24,INMACULADA,XRD150U-003,A,0.0,0.0,0.0,COINCIDE OK
2026-07-24|INMACULADA|XRD150U-003|B,2026-07-24,INMACULADA,XRD150U-003,B,0.0,0.0,0.0,COINCIDE OK
2026-07-24|INMACULADA|XRD150USS-004|A,2026-07-24,INMACULADA,XRD150USS-004,A,0.0,0.0,0.0,COINCIDE OK
2026-07-24|INMACULADA|XRD150USS-004|B,2026-07-24,INMACULADA,XRD150USS-004,B,8.3,8.3,0.0,COINCIDE OK
2026-07-24|INMACULADA|XRD250U-001|A,2026-07-24,INMACULADA,XRD250U-001,A,0.0,0.0,0.0,COINCIDE OK
2026-07-24|INMACULADA|XRD250U-001|B,2026-07-24,INMACULADA,XRD250U-001,B,0.0,0.0,0.0,COINCIDE OK
2026-07-24|INMACULADA|XRD80USS-008|A,2026-07-24,INMACULADA,XRD80USS-008,A,0.0,0.0,0.0,COINCIDE OK
2026-07-24|INMACULADA|XRD80USS-008|B,2026-07-24,INMACULADA,XRD80USS-008,B,3.4000000000000057,3.4,0.0,COINCIDE OK
2026-07-24|INMACULADA|XRD90U-012|A,2026-07-24,INMACULADA,XRD90U-012,A,2.5999999999999943,2.6,-0.0,COINCIDE OK
2026-07-24|INMACULADA|XRD90U-012|B,2026-07-24,INMACULADA,XRD90U-012,B,12.599999999999994,12.6,-0.0,COINCIDE OK
2026-07-24|INMACULADA|XRD90U-016|A,2026-07-24,INMACULADA,XRD90U-016,A,3.1,3.1,0.0,COINCIDE OK
2026-07-24|INMACULADA|XRD90U-016|B,2026-07-24,INMACULADA,XRD90U-016,B,16.7,16.7,0.0,COINCIDE OK
2026-07-24|LA ESTRELLA|XRD150U-004|A,2026-07-24,LA ESTRELLA,XRD150U-004,A,12.399999999999975,12.4,-0.0,COINCIDE OK
2026-07-24|LA ESTRELLA|XRD150U-004|B,2026-07-24,LA ESTRELLA,XRD150U-004,B,7.800000000000011,7.8,0.0,COINCIDE OK
2026-07-24|LA ESTRELLA|XRD150U-006|A,2026-07-24,LA ESTRELLA,XRD150U-006,A,39.2,39.2,0.0,COINCIDE OK
2026-07-24|LA ESTRELLA|XRD150U-006|B,2026-07-24,LA ESTRELLA,XRD150U-006,B,51.6,51.6,0.0,COINCIDE OK
2026-07-24|MOROCOCHA|XRD150USS-002|A,2026-07-24,MOROCOCHA,XRD150USS-002,A,25.0,25.0,0.0,COINCIDE OK
2026-07-24|MOROCOCHA|XRD150USS-002|B,2026-07-24,MOROCOCHA,XRD150USS-002,B,28.049999999999983,28.05,-0.0,COINCIDE OK
2026-07-24|MOROCOCHA|XRD80USS-011|A,2026-07-24,MOROCOCHA,XRD80USS-011,A,26.950000000000003,26.95,0.0,COINCIDE OK
2026-07-24|MOROCOCHA|XRD80USS-011|B,2026-07-24,MOROCOCHA,XRD80USS-011,B,0.0,0.0,0.0,COINCIDE OK
2026-07-24|MOROCOCHA|XRD90USS-005|A,2026-07-24,MOROCOCHA,XRD90USS-005,A,0.0,0.0,0.0,COINCIDE OK
2026-07-24|MOROCOCHA|XRD90USS-005|B,2026-07-24,MOROCOCHA,XRD90USS-005,B,0.0,0.0,0.0,COINCIDE OK
2026-07-24|RAURA|XRD150U-005|A,2026-07-24,RAURA,XRD150U-005,A,28.280000000000012,28.28,0.0,COINCIDE OK
2026-07-24|RAURA|XRD150U-005|B,2026-07-24,RAURA,XRD150U-005,B,13.819999999999993,13.82,-0.0,COINCIDE OK
2026-07-24|RAURA|XRD150UBT-001|A,2026-07-24,RAURA,XRD150UBT-001,A,0.0,0.0,0.0,COINCIDE OK
2026-07-24|RAURA|XRD150UBT-001|B,2026-07-24,RAURA,XRD150UBT-001,B,2.63,2.63,0.0,COINCIDE OK
2026-07-24|RAURA|XRD90USS-001|A,2026-07-24,RAURA,XRD90USS-001,A,18.47,18.47,0.0,COINCIDE OK
2026-07-24|RAURA|XRD90USS-001|B,2026-07-24,RAURA,XRD90USS-001,B,12.069999999999991,12.07,-0.0,COINCIDE OK
2026-07-24|RAURA|XRD90USS-004|A,2026-07-24,RAURA,XRD90USS-004,A,1.91,1.91,0.0,COINCIDE OK
2026-07-24|RAURA|XRD90USS-004|B,2026-07-24,RAURA,XRD90USS-004,B,12.33,12.33,0.0,COINCIDE OK
2026-07-24|SAN CRISTOBAL|DE710ST-001|A,2026-07-24,SAN CRISTOBAL,DE710ST-001,A,4.5,4.5,0.0,COINCIDE OK
2026-07-24|SAN CRISTOBAL|DE710ST-001|B,2026-07-24,SAN CRISTOBAL,DE710ST-001,B,0.0,0.0,0.0,COINCIDE OK
2026-07-24|SAN CRISTOBAL|XRD90U-004|A,2026-07-24,SAN CRISTOBAL,XRD90U-004,A,2.5500000000000114,1.55,1.0,REPARTICION DE TURNO (DIA/NOCHE)
2026-07-24|SAN CRISTOBAL|XRD90U-004|B,2026-07-24,SAN CRISTOBAL,XRD90U-004,B,0.0,1.0,-1.0,SOLO EN CONTROL INTERNO
2026-07-24|SAN CRISTOBAL|XRD90U-010|A,2026-07-24,SAN CRISTOBAL,XRD90U-010,A,0.0,0.0,0.0,COINCIDE OK
2026-07-24|SAN CRISTOBAL|XRD90U-010|B,2026-07-24,SAN CRISTOBAL,XRD90U-010,B,0.0,0.0,0.0,COINCIDE OK
2026-07-24|SAN CRISTOBAL|XRD90U-023|A,2026-07-24,SAN CRISTOBAL,XRD90U-023,A,0.0,0.0,0.0,COINCIDE OK
2026-07-24|SAN CRISTOBAL|XRD90U-023|B,2026-07-24,SAN CRISTOBAL,XRD90U-023,B,0.0,0.0,0.0,COINCIDE OK
2026-07-24|TAMBOJASA|DE710T-002|A,2026-07-24,TAMBOJASA,DE710T-002,A,18.0,18.0,0.0,COINCIDE OK
2026-07-24|TAMBOJASA|DE710T-002|B,2026-07-24,TAMBOJASA,DE710T-002,B,4.399999999999977,4.4,-0.0,COINCIDE OK
2026-07-24|TAMBOJASA|XRD150U-009|A,2026-07-24,TAMBOJASA,XRD150U-009,A,0.0,0.0,0.0,COINCIDE OK
2026-07-24|TAMBOJASA|XRD150U-009|B,2026-07-24,TAMBOJASA,XRD150U-009,B,1.0,1.0,0.0,COINCIDE OK
2026-07-24|TICLIO|XRD150U-007|A,2026-07-24,TICLIO,XRD150U-007,A,27.1,27.1,0.0,COINCIDE OK
2026-07-24|TICLIO|XRD150U-007|B,2026-07-24,TICLIO,XRD150U-007,B,31.249999999999996,31.25,-0.0,COINCIDE OK
2026-07-24|YAULIYACU|XDR50USS-00T|A,2026-07-24,YAULIYACU,XDR50USS-00T,A,3.25,3.25,0.0,COINCIDE OK
2026-07-24|YAULIYACU|XDR50USS-00T|B,2026-07-24,YAULIYACU,XDR50USS-00T,B,14.55,14.55,0.0,COINCIDE OK
2026-07-24|YAULIYACU|XRD125USS-001|A,2026-07-24,YAULIYACU,XRD125USS-001,A,0.0,0.0,0.0,COINCIDE OK
2026-07-24|YAULIYACU|XRD125USS-001|B,2026-07-24,YAULIYACU,XRD125USS-001,B,0.0,0.0,0.0,COINCIDE OK
2026-07-24|YAULIYACU|XRD50USS-003|A,2026-07-24,YAULIYACU,XRD50USS-003,A,30.3,30.3,0.0,COINCIDE OK
2026-07-24|YAULIYACU|XRD50USS-003|B,2026-07-24,YAULIYACU,XRD50USS-003,B,32.800000000000004,32.8,0.0,COINCIDE OK
2026-07-24|YAURICOCHA|XRD150USS-001|A,2026-07-24,YAURICOCHA,XRD150USS-001,A,3.0,3.0,0.0,COINCIDE OK
2026-07-24|YAURICOCHA|XRD150USS-001|B,2026-07-24,YAURICOCHA,XRD150USS-001,B,21.0,21.0,0.0,COINCIDE OK
2026-07-25|AMERICANA|LM110U-001|A,2026-07-25,AMERICANA,LM110U-001,A,0.0,0.0,0.0,COINCIDE OK
2026-07-25|AMERICANA|LM110U-001|B,2026-07-25,AMERICANA,LM110U-001,B,0.0,0.0,0.0,COINCIDE OK
2026-07-25|AMERICANA|XRD50U-002|A,2026-07-25,AMERICANA,XRD50U-002,A,30.0,30.0,0.0,COINCIDE OK
2026-07-25|AMERICANA|XRD50U-002|B,2026-07-25,AMERICANA,XRD50U-002,B,0.0,0.0,0.0,COINCIDE OK
2026-07-25|AMERICANA|XRD50USS-001|A,2026-07-25,AMERICANA,XRD50USS-001,A,9.699999999999989,9.7,-0.0,COINCIDE OK
2026-07-25|AMERICANA|XRD50USS-001|B,2026-07-25,AMERICANA,XRD50USS-001,B,15.800000000000011,15.8,0.0,COINCIDE OK
2026-07-25|ANDAYCHAGUA|LF90D ST-002|A,2026-07-25,ANDAYCHAGUA,LF90D ST-002,A,17.0,17.0,0.0,COINCIDE OK
2026-07-25|ANDAYCHAGUA|LF90D ST-002|B,2026-07-25,ANDAYCHAGUA,LF90D ST-002,B,25.650000000000038,25.65,0.0,COINCIDE OK
2026-07-25|ANDAYCHAGUA|XRD150U-001|A,2026-07-25,ANDAYCHAGUA,XRD150U-001,A,15.05,15.05,0.0,COINCIDE OK
2026-07-25|ANDAYCHAGUA|XRD150U-001|B,2026-07-25,ANDAYCHAGUA,XRD150U-001,B,25.599999999999994,25.6,-0.0,COINCIDE OK
2026-07-25|ANDAYCHAGUA|XRD80USS-010|A,2026-07-25,ANDAYCHAGUA,XRD80USS-010,A,7.649999999999999,7.65,-0.0,COINCIDE OK
2026-07-25|ANDAYCHAGUA|XRD80USS-010|B,2026-07-25,ANDAYCHAGUA,XRD80USS-010,B,14.600000000000009,14.6,0.0,COINCIDE OK
2026-07-25|CATALINA HUANCA|XRD100U-001|A,2026-07-25,CATALINA HUANCA,XRD100U-001,A,7.7,7.7,0.0,COINCIDE OK
2026-07-25|CATALINA HUANCA|XRD100U-001|B,2026-07-25,CATALINA HUANCA,XRD100U-001,B,21.1,21.1,0.0,COINCIDE OK
2026-07-25|CATALINA HUANCA|XRD125UFDR-001|A,2026-07-25,CATALINA HUANCA,XRD125UFDR-001,A,7.1,7.1,0.0,COINCIDE OK
2026-07-25|CATALINA HUANCA|XRD125UFDR-001|B,2026-07-25,CATALINA HUANCA,XRD125UFDR-001,B,24.0,24.0,0.0,COINCIDE OK
2026-07-25|CATALINA HUANCA|XRD50U-003|A,2026-07-25,CATALINA HUANCA,XRD50U-003,A,9.5,9.5,0.0,COINCIDE OK
2026-07-25|CATALINA HUANCA|XRD50U-003|B,2026-07-25,CATALINA HUANCA,XRD50U-003,B,7.300000000000011,7.3,0.0,COINCIDE OK
2026-07-25|CATALINA HUANCA|XRD50USS-004|A,2026-07-25,CATALINA HUANCA,XRD50USS-004,A,10.0,10.0,0.0,COINCIDE OK
2026-07-25|CATALINA HUANCA|XRD50USS-004|B,2026-07-25,CATALINA HUANCA,XRD50USS-004,B,24.200000000000003,24.2,0.0,COINCIDE OK
2026-07-25|CATALINA HUANCA|XRD90U-005|A,2026-07-25,CATALINA HUANCA,XRD90U-005,A,21.0,21.0,0.0,COINCIDE OK
2026-07-25|CATALINA HUANCA|XRD90U-005|B,2026-07-25,CATALINA HUANCA,XRD90U-005,B,19.5,19.5,0.0,COINCIDE OK
2026-07-25|CERRO|XRD150U-002|A,2026-07-25,CERRO,XRD150U-002,A,16.0,16.0,0.0,COINCIDE OK
2026-07-25|CERRO|XRD150U-002|B,2026-07-25,CERRO,XRD150U-002,B,30.099999999999994,30.1,-0.0,COINCIDE OK
2026-07-25|CHUNGAR|LM110U-001|A,2026-07-25,CHUNGAR,LM110U-001,A,26.8,26.8,0.0,COINCIDE OK
2026-07-25|CHUNGAR|LM110U-001|B,2026-07-25,CHUNGAR,LM110U-001,B,19.40000000000001,19.4,0.0,COINCIDE OK
2026-07-25|CHUNGAR|LM90U-001|A,2026-07-25,CHUNGAR,LM90U-001,A,0.0,0.0,0.0,COINCIDE OK
2026-07-25|CHUNGAR|LM90U-001|B,2026-07-25,CHUNGAR,LM90U-001,B,0.0,0.0,0.0,COINCIDE OK
2026-07-25|CHUNGAR|XRD120U-001|A,2026-07-25,CHUNGAR,XRD120U-001,A,15.5,15.5,0.0,COINCIDE OK
2026-07-25|CHUNGAR|XRD120U-001|B,2026-07-25,CHUNGAR,XRD120U-001,B,20.90000000000001,20.9,0.0,COINCIDE OK
2026-07-25|CHUNGAR|XRD90U-021|A,2026-07-25,CHUNGAR,XRD90U-021,A,16.499999999999993,16.5,-0.0,COINCIDE OK
2026-07-25|CHUNGAR|XRD90U-021|B,2026-07-25,CHUNGAR,XRD90U-021,B,13.5,13.5,0.0,COINCIDE OK
2026-07-25|CHUNGAR|XRD90USS-003|A,2026-07-25,CHUNGAR,XRD90USS-003,A,42.0,42.0,0.0,COINCIDE OK
2026-07-25|CHUNGAR|XRD90USS-003|B,2026-07-25,CHUNGAR,XRD90USS-003,B,23.700000000000003,23.7,0.0,COINCIDE OK
2026-07-25|COBRIZA|XDR100ST-001|A,2026-07-25,COBRIZA,XDR100ST-001,A,0.0,0.0,0.0,COINCIDE OK
2026-07-25|COBRIZA|XDR100ST-001|B,2026-07-25,COBRIZA,XDR100ST-001,B,0.0,0.0,0.0,COINCIDE OK
2026-07-25|COBRIZA|XLM75UFDR-003|A,2026-07-25,COBRIZA,XLM75UFDR-003,A,24.19999999999999,24.2,-0.0,COINCIDE OK
2026-07-25|COBRIZA|XLM75UFDR-003|B,2026-07-25,COBRIZA,XLM75UFDR-003,B,18.69999999999999,18.7,-0.0,COINCIDE OK
2026-07-25|COBRIZA|XRD125UFDR-002|A,2026-07-25,COBRIZA,XRD125UFDR-002,A,29.0,29.0,0.0,COINCIDE OK
2026-07-25|COBRIZA|XRD125UFDR-002|B,2026-07-25,COBRIZA,XRD125UFDR-002,B,5.799999999999997,5.8,-0.0,COINCIDE OK
2026-07-25|COBRIZA|XRD150U-008|A,2026-07-25,COBRIZA,XRD150U-008,A,26.0,26.0,0.0,COINCIDE OK
2026-07-25|COBRIZA|XRD150U-008|B,2026-07-25,COBRIZA,XRD150U-008,B,17.5,17.5,0.0,COINCIDE OK
2026-07-25|COBRIZA|XRD50UFDR-001|A,2026-07-25,COBRIZA,XRD50UFDR-001,A,0.0,0.0,0.0,COINCIDE OK
2026-07-25|COBRIZA|XRD50UFDR-001|B,2026-07-25,COBRIZA,XRD50UFDR-001,B,0.0,0.0,0.0,COINCIDE OK
2026-07-25|COBRIZA|XRD50USS-002|A,2026-07-25,COBRIZA,XRD50USS-002,A,0.0,0.0,0.0,COINCIDE OK
2026-07-25|COBRIZA|XRD50USS-002|B,2026-07-25,COBRIZA,XRD50USS-002,B,0.0,0.0,0.0,COINCIDE OK
2026-07-25|COBRIZA|XRD80USS-006|A,2026-07-25,COBRIZA,XRD80USS-006,A,16.10000000000001,16.1,0.0,COINCIDE OK
2026-07-25|COBRIZA|XRD80USS-006|B,2026-07-25,COBRIZA,XRD80USS-006,B,31.89999999999999,31.9,-0.0,COINCIDE OK
2026-07-25|COBRIZA|XRD90U-019|A,2026-07-25,COBRIZA,XRD90U-019,A,0.0,0.0,0.0,COINCIDE OK
2026-07-25|COBRIZA|XRD90U-019|B,2026-07-25,COBRIZA,XRD90U-019,B,0.0,0.0,0.0,COINCIDE OK
2026-07-25|COLQUISIRI|XRD80USS-012|A,2026-07-25,COLQUISIRI,XRD80USS-012,A,0.0,0.0,0.0,COINCIDE OK
2026-07-25|COLQUISIRI|XRD80USS-012|B,2026-07-25,COLQUISIRI,XRD80USS-012,B,21.5,21.5,0.0,COINCIDE OK
2026-07-25|CONDESTABLE|XLM75UFDR-002|A,2026-07-25,CONDESTABLE,XLM75UFDR-002,A,22.700000000000003,22.7,0.0,COINCIDE OK
2026-07-25|CONDESTABLE|XLM75UFDR-002|B,2026-07-25,CONDESTABLE,XLM75UFDR-002,B,25.3,25.3,0.0,COINCIDE OK
2026-07-25|CONDESTABLE|XLM75UFDR-004|A,2026-07-25,CONDESTABLE,XLM75UFDR-004,A,0.0,0.0,0.0,COINCIDE OK
2026-07-25|CONDESTABLE|XLM75UFDR-004|B,2026-07-25,CONDESTABLE,XLM75UFDR-004,B,1.5,1.5,0.0,COINCIDE OK
2026-07-25|CONDESTABLE|XRD150USS-003|A,2026-07-25,CONDESTABLE,XRD150USS-003,A,0.0,0.0,0.0,COINCIDE OK
2026-07-25|CONDESTABLE|XRD150USS-003|B,2026-07-25,CONDESTABLE,XRD150USS-003,B,0.0,0.0,0.0,COINCIDE OK
2026-07-25|CONDESTABLE|XRD80ITH-001|A,2026-07-25,CONDESTABLE,XRD80ITH-001,A,0.0,0.0,0.0,COINCIDE OK
2026-07-25|CONDESTABLE|XRD80ITH-001|B,2026-07-25,CONDESTABLE,XRD80ITH-001,B,0.0,0.0,0.0,COINCIDE OK
2026-07-25|CUCULII|XRD100ST-001|A,2026-07-25,CUCULI,XRD100ST-001,A,0.0,21.7,-21.7,SOLO EN CONTROL INTERNO
2026-07-25|CUCULII|XRD100ST-001|B,2026-07-25,CUCULI,XRD100ST-001,B,0.0,15.1,-15.1,SOLO EN CONTROL INTERNO
2026-07-25|CUCULI|XRD100ST-001|A,2026-07-25,CUCULI,XRD100ST-001,A,21.700000000000017,0.0,21.7,SOLO EN DETALLADO
2026-07-25|CUCULI|XRD100ST-001|B,2026-07-25,CUCULI,XRD100ST-001,B,15.099999999999994,0.0,15.1,SOLO EN DETALLADO
2026-07-25|INMACULADA|XLM75UFDR-001|A,2026-07-25,INMACULADA,XLM75UFDR-001,A,25.5,25.5,0.0,COINCIDE OK
2026-07-25|INMACULADA|XLM75UFDR-001|B,2026-07-25,INMACULADA,XLM75UFDR-001,B,21.5,21.5,0.0,COINCIDE OK
2026-07-25|INMACULADA|XRD150U-003|A,2026-07-25,INMACULADA,XRD150U-003,A,0.0,0.0,0.0,COINCIDE OK
2026-07-25|INMACULADA|XRD150U-003|B,2026-07-25,INMACULADA,XRD150U-003,B,0.0,0.0,0.0,COINCIDE OK
2026-07-25|INMACULADA|XRD150USS-004|A,2026-07-25,INMACULADA,XRD150USS-004,A,23.2,23.2,0.0,COINCIDE OK
2026-07-25|INMACULADA|XRD150USS-004|B,2026-07-25,INMACULADA,XRD150USS-004,B,18.0,18.0,0.0,COINCIDE OK
2026-07-25|INMACULADA|XRD250U-001|A,2026-07-25,INMACULADA,XRD250U-001,A,0.0,0.0,0.0,COINCIDE OK
2026-07-25|INMACULADA|XRD250U-001|B,2026-07-25,INMACULADA,XRD250U-001,B,0.0,0.0,0.0,COINCIDE OK
2026-07-25|INMACULADA|XRD80USS-008|A,2026-07-25,INMACULADA,XRD80USS-008,A,16.599999999999994,16.6,-0.0,COINCIDE OK
2026-07-25|INMACULADA|XRD80USS-008|B,2026-07-25,INMACULADA,XRD80USS-008,B,8.0,8.0,0.0,COINCIDE OK
2026-07-25|INMACULADA|XRD90U-012|A,2026-07-25,INMACULADA,XRD90U-012,A,5.700000000000003,5.7,0.0,COINCIDE OK
2026-07-25|INMACULADA|XRD90U-012|B,2026-07-25,INMACULADA,XRD90U-012,B,3.0,3.0,0.0,COINCIDE OK
2026-07-25|INMACULADA|XRD90U-016|A,2026-07-25,INMACULADA,XRD90U-016,A,25.1,25.1,0.0,COINCIDE OK
2026-07-25|INMACULADA|XRD90U-016|B,2026-07-25,INMACULADA,XRD90U-016,B,29.0,29.0,0.0,COINCIDE OK
2026-07-25|LA ESTRELLA|XRD150U-004|A,2026-07-25,LA ESTRELLA,XRD150U-004,A,7.300000000000011,7.3,0.0,COINCIDE OK
2026-07-25|LA ESTRELLA|XRD150U-004|B,2026-07-25,LA ESTRELLA,XRD150U-004,B,12.899999999999975,12.9,-0.0,COINCIDE OK
2026-07-25|LA ESTRELLA|XRD150U-006|A,2026-07-25,LA ESTRELLA,XRD150U-006,A,0.7000000000000028,0.7,0.0,COINCIDE OK
2026-07-25|LA ESTRELLA|XRD150U-006|B,2026-07-25,LA ESTRELLA,XRD150U-006,B,26.200000000000003,26.2,0.0,COINCIDE OK
2026-07-25|MOROCOCHA|XRD150USS-002|A,2026-07-25,MOROCOCHA,XRD150USS-002,A,0.0,0.0,0.0,COINCIDE OK
2026-07-25|MOROCOCHA|XRD150USS-002|B,2026-07-25,MOROCOCHA,XRD150USS-002,B,32.65,32.65,0.0,COINCIDE OK
2026-07-25|MOROCOCHA|XRD80USS-011|A,2026-07-25,MOROCOCHA,XRD80USS-011,A,12.0,12.0,0.0,COINCIDE OK
2026-07-25|MOROCOCHA|XRD80USS-011|B,2026-07-25,MOROCOCHA,XRD80USS-011,B,56.8,56.8,0.0,COINCIDE OK
2026-07-25|MOROCOCHA|XRD90USS-005|A,2026-07-25,MOROCOCHA,XRD90USS-005,A,0.0,0.0,0.0,COINCIDE OK
2026-07-25|MOROCOCHA|XRD90USS-005|B,2026-07-25,MOROCOCHA,XRD90USS-005,B,0.0,0.0,0.0,COINCIDE OK
2026-07-25|RAURA|XRD150U-005|A,2026-07-25,RAURA,XRD150U-005,A,22.99000000000001,22.99,0.0,COINCIDE OK
2026-07-25|RAURA|XRD150U-005|B,2026-07-25,RAURA,XRD150U-005,B,23.75,23.75,0.0,COINCIDE OK
2026-07-25|RAURA|XRD150UBT-001|A,2026-07-25,RAURA,XRD150UBT-001,A,22.58,22.58,0.0,COINCIDE OK
2026-07-25|RAURA|XRD150UBT-001|B,2026-07-25,RAURA,XRD150UBT-001,B,18.2,18.2,0.0,COINCIDE OK
2026-07-25|RAURA|XRD90USS-001|A,2026-07-25,RAURA,XRD90USS-001,A,0.0,0.0,0.0,COINCIDE OK
2026-07-25|RAURA|XRD90USS-001|B,2026-07-25,RAURA,XRD90USS-001,B,0.0,0.0,0.0,COINCIDE OK
2026-07-25|RAURA|XRD90USS-004|A,2026-07-25,RAURA,XRD90USS-004,A,14.38,14.38,0.0,COINCIDE OK
2026-07-25|RAURA|XRD90USS-004|B,2026-07-25,RAURA,XRD90USS-004,B,0.0,0.0,0.0,COINCIDE OK
2026-07-25|SAN CRISTOBAL|DE710ST-001|A,2026-07-25,SAN CRISTOBAL,DE710ST-001,A,18.100000000000023,13.0,5.1,REPARTICION DE TURNO (DIA/NOCHE)
2026-07-25|SAN CRISTOBAL|DE710ST-001|B,2026-07-25,SAN CRISTOBAL,DE710ST-001,B,0.0,5.1,-5.1,SOLO EN CONTROL INTERNO
2026-07-25|SAN CRISTOBAL|XRD90U-004|A,2026-07-25,SAN CRISTOBAL,XRD90U-004,A,17.299999999999955,5.2,12.1,REPARTICION DE TURNO (DIA/NOCHE)
2026-07-25|SAN CRISTOBAL|XRD90U-004|B,2026-07-25,SAN CRISTOBAL,XRD90U-004,B,0.0,12.1,-12.1,SOLO EN CONTROL INTERNO
2026-07-25|SAN CRISTOBAL|XRD90U-010|A,2026-07-25,SAN CRISTOBAL,XRD90U-010,A,0.0,0.0,0.0,COINCIDE OK
2026-07-25|SAN CRISTOBAL|XRD90U-010|B,2026-07-25,SAN CRISTOBAL,XRD90U-010,B,0.0,0.0,0.0,COINCIDE OK
2026-07-25|SAN CRISTOBAL|XRD90U-023|A,2026-07-25,SAN CRISTOBAL,XRD90U-023,A,0.0,0.0,0.0,COINCIDE OK
2026-07-25|SAN CRISTOBAL|XRD90U-023|B,2026-07-25,SAN CRISTOBAL,XRD90U-023,B,0.0,0.0,0.0,COINCIDE OK
2026-07-25|TAMBOJASA|DE710T-002|A,2026-07-25,TAMBOJASA,DE710T-002,A,12.0,12.0,0.0,COINCIDE OK
2026-07-25|TAMBOJASA|DE710T-002|B,2026-07-25,TAMBOJASA,DE710T-002,B,22.55000000000001,22.55,0.0,COINCIDE OK
2026-07-25|TAMBOJASA|XRD150U-009|A,2026-07-25,TAMBOJASA,XRD150U-009,A,0.0,0.0,0.0,COINCIDE OK
2026-07-25|TAMBOJASA|XRD150U-009|B,2026-07-25,TAMBOJASA,XRD150U-009,B,12.3,12.3,0.0,COINCIDE OK
2026-07-25|TICLIO|XRD150U-007|A,2026-07-25,TICLIO,XRD150U-007,A,27.5,27.5,0.0,COINCIDE OK
2026-07-25|TICLIO|XRD150U-007|B,2026-07-25,TICLIO,XRD150U-007,B,0.0,0.0,0.0,COINCIDE OK
2026-07-25|YAULIYACU|XDR50USS-00T|A,2026-07-25,YAULIYACU,XDR50USS-00T,A,22.3,22.3,0.0,COINCIDE OK
2026-07-25|YAULIYACU|XDR50USS-00T|B,2026-07-25,YAULIYACU,XDR50USS-00T,B,8.799999999999997,8.8,-0.0,COINCIDE OK
2026-07-25|YAULIYACU|XRD125USS-001|A,2026-07-25,YAULIYACU,XRD125USS-001,A,8.5,0.0,8.5,SOLO EN DETALLADO
2026-07-25|YAULIYACU|XRD125USS-001|B,2026-07-25,YAULIYACU,XRD125USS-001,B,1.6999999999999993,0.0,1.7,SOLO EN DETALLADO
2026-07-25|YAULIYACU|XRD50USS-003|A,2026-07-25,YAULIYACU,XRD50USS-003,A,31.599999999999994,31.6,-0.0,COINCIDE OK
2026-07-25|YAULIYACU|XRD50USS-003|B,2026-07-25,YAULIYACU,XRD50USS-003,B,40.750000000000014,40.75,0.0,COINCIDE OK
2026-07-25|YAURICOCHA|XRD150USS-001|A,2026-07-25,YAURICOCHA,XRD150USS-001,A,10.399999999999975,10.4,-0.0,COINCIDE OK
2026-07-25|YAURICOCHA|XRD150USS-001|B,2026-07-25,YAURICOCHA,XRD150USS-001,B,12.050000000000011,12.05,0.0,COINCIDE OK
2026-07-26|AMERICANA|LM110U-001|A,2026-07-26,AMERICANA,LM110U-001,A,0.0,0.0,0.0,COINCIDE OK
2026-07-26|AMERICANA|LM110U-001|B,2026-07-26,AMERICANA,LM110U-001,B,0.0,0.0,0.0,COINCIDE OK
2026-07-26|CATALINA HUANCA|XRD100U-001|A,2026-07-26,CATALINA HUANCA,XRD100U-001,A,0.0,0.0,0.0,COINCIDE OK
2026-07-26|CATALINA HUANCA|XRD100U-001|B,2026-07-26,CATALINA HUANCA,XRD100U-001,B,0.0,0.0,0.0,COINCIDE OK
2026-07-26|CATALINA HUANCA|XRD125UFDR-001|A,2026-07-26,CATALINA HUANCA,XRD125UFDR-001,A,0.0,0.0,0.0,COINCIDE OK
2026-07-26|CATALINA HUANCA|XRD125UFDR-001|B,2026-07-26,CATALINA HUANCA,XRD125UFDR-001,B,0.0,0.0,0.0,COINCIDE OK
2026-07-26|CATALINA HUANCA|XRD50U-003|A,2026-07-26,CATALINA HUANCA,XRD50U-003,A,0.0,0.0,0.0,COINCIDE OK
2026-07-26|CATALINA HUANCA|XRD50U-003|B,2026-07-26,CATALINA HUANCA,XRD50U-003,B,0.0,0.0,0.0,COINCIDE OK
2026-07-26|CATALINA HUANCA|XRD50USS-004|A,2026-07-26,CATALINA HUANCA,XRD50USS-004,A,0.0,0.0,0.0,COINCIDE OK
2026-07-26|CATALINA HUANCA|XRD50USS-004|B,2026-07-26,CATALINA HUANCA,XRD50USS-004,B,0.0,0.0,0.0,COINCIDE OK
2026-07-26|CATALINA HUANCA|XRD90U-005|A,2026-07-26,CATALINA HUANCA,XRD90U-005,A,0.0,0.0,0.0,COINCIDE OK
2026-07-26|CATALINA HUANCA|XRD90U-005|B,2026-07-26,CATALINA HUANCA,XRD90U-005,B,0.0,0.0,0.0,COINCIDE OK
2026-07-26|CHUNGAR|LM90U-001|A,2026-07-26,CHUNGAR,LM90U-001,A,0.0,0.0,0.0,COINCIDE OK
2026-07-26|COBRIZA|XDR100ST-001|A,2026-07-26,COBRIZA,XDR100ST-001,A,0.0,0.0,0.0,COINCIDE OK
2026-07-26|COBRIZA|XDR100ST-001|B,2026-07-26,COBRIZA,XDR100ST-001,B,0.0,0.0,0.0,COINCIDE OK
2026-07-26|COBRIZA|XLM75UFDR-003|A,2026-07-26,COBRIZA,XLM75UFDR-003,A,0.0,0.0,0.0,COINCIDE OK
2026-07-26|COBRIZA|XLM75UFDR-003|B,2026-07-26,COBRIZA,XLM75UFDR-003,B,0.0,0.0,0.0,COINCIDE OK
2026-07-26|COBRIZA|XRD125UFDR-002|A,2026-07-26,COBRIZA,XRD125UFDR-002,A,0.0,0.0,0.0,COINCIDE OK
2026-07-26|COBRIZA|XRD125UFDR-002|B,2026-07-26,COBRIZA,XRD125UFDR-002,B,0.0,0.0,0.0,COINCIDE OK
2026-07-26|COBRIZA|XRD150U-008|A,2026-07-26,COBRIZA,XRD150U-008,A,0.0,0.0,0.0,COINCIDE OK
2026-07-26|COBRIZA|XRD150U-008|B,2026-07-26,COBRIZA,XRD150U-008,B,0.0,0.0,0.0,COINCIDE OK
2026-07-26|COBRIZA|XRD50UFDR-001|A,2026-07-26,COBRIZA,XRD50UFDR-001,A,0.0,0.0,0.0,COINCIDE OK
2026-07-26|COBRIZA|XRD50UFDR-001|B,2026-07-26,COBRIZA,XRD50UFDR-001,B,0.0,0.0,0.0,COINCIDE OK
2026-07-26|COBRIZA|XRD50USS-002|A,2026-07-26,COBRIZA,XRD50USS-002,A,0.0,0.0,0.0,COINCIDE OK
2026-07-26|COBRIZA|XRD50USS-002|B,2026-07-26,COBRIZA,XRD50USS-002,B,0.0,0.0,0.0,COINCIDE OK
2026-07-26|COBRIZA|XRD80USS-006|A,2026-07-26,COBRIZA,XRD80USS-006,A,0.0,0.0,0.0,COINCIDE OK
2026-07-26|COBRIZA|XRD80USS-006|B,2026-07-26,COBRIZA,XRD80USS-006,B,0.0,0.0,0.0,COINCIDE OK
2026-07-26|COBRIZA|XRD90U-019|A,2026-07-26,COBRIZA,XRD90U-019,A,0.0,0.0,0.0,COINCIDE OK
2026-07-26|COBRIZA|XRD90U-019|B,2026-07-26,COBRIZA,XRD90U-019,B,0.0,0.0,0.0,COINCIDE OK
2026-07-26|COLQUISIRI|XRD80USS-012|A,2026-07-26,COLQUISIRI,XRD80USS-012,A,0.0,0.0,0.0,COINCIDE OK
2026-07-26|COLQUISIRI|XRD80USS-012|B,2026-07-26,COLQUISIRI,XRD80USS-012,B,0.0,0.0,0.0,COINCIDE OK
2026-07-26|LA ESTRELLA|XRD150U-004|A,2026-07-26,LA ESTRELLA,XRD150U-004,A,0.0,0.0,0.0,COINCIDE OK
2026-07-26|LA ESTRELLA|XRD150U-004|B,2026-07-26,LA ESTRELLA,XRD150U-004,B,0.0,0.0,0.0,COINCIDE OK
2026-07-26|LA ESTRELLA|XRD150U-006|A,2026-07-26,LA ESTRELLA,XRD150U-006,A,0.0,0.0,0.0,COINCIDE OK
2026-07-26|LA ESTRELLA|XRD150U-006|B,2026-07-26,LA ESTRELLA,XRD150U-006,B,0.0,0.0,0.0,COINCIDE OK
2026-07-26|MOROCOCHA|XRD80USS-011|A,2026-07-26,MOROCOCHA,XRD80USS-011,A,0.0,0.0,0.0,COINCIDE OK
2026-07-26|MOROCOCHA|XRD80USS-011|B,2026-07-26,MOROCOCHA,XRD80USS-011,B,0.0,0.0,0.0,COINCIDE OK
2026-07-26|MOROCOCHA|XRD90USS-005|A,2026-07-26,MOROCOCHA,XRD90USS-005,A,0.0,0.0,0.0,COINCIDE OK
2026-07-26|MOROCOCHA|XRD90USS-005|B,2026-07-26,MOROCOCHA,XRD90USS-005,B,0.0,0.0,0.0,COINCIDE OK
2026-07-26|SAN CRISTOBAL|DE710ST-001|A,2026-07-26,SAN CRISTOBAL,DE710ST-001,A,0.0,0.0,0.0,COINCIDE OK
2026-07-26|SAN CRISTOBAL|DE710ST-001|B,2026-07-26,SAN CRISTOBAL,DE710ST-001,B,0.0,0.0,0.0,COINCIDE OK
2026-07-26|SAN CRISTOBAL|XRD90U-004|A,2026-07-26,SAN CRISTOBAL,XRD90U-004,A,0.0,0.0,0.0,COINCIDE OK
2026-07-26|SAN CRISTOBAL|XRD90U-004|B,2026-07-26,SAN CRISTOBAL,XRD90U-004,B,0.0,0.0,0.0,COINCIDE OK
2026-07-26|SAN CRISTOBAL|XRD90U-010|A,2026-07-26,SAN CRISTOBAL,XRD90U-010,A,0.0,0.0,0.0,COINCIDE OK
2026-07-26|SAN CRISTOBAL|XRD90U-010|B,2026-07-26,SAN CRISTOBAL,XRD90U-010,B,0.0,0.0,0.0,COINCIDE OK
2026-07-26|SAN CRISTOBAL|XRD90U-023|A,2026-07-26,SAN CRISTOBAL,XRD90U-023,A,0.0,0.0,0.0,COINCIDE OK
2026-07-26|SAN CRISTOBAL|XRD90U-023|B,2026-07-26,SAN CRISTOBAL,XRD90U-023,B,0.0,0.0,0.0,COINCIDE OK
2026-07-26|TICLIO|XRD150U-007|A,2026-07-26,TICLIO,XRD150U-007,A,0.0,0.0,0.0,COINCIDE OK
2026-07-26|YAULIYACU|XDR50USS-00T|A,2026-07-26,YAULIYACU,XDR50USS-00T,A,0.0,0.0,0.0,COINCIDE OK
2026-07-26|YAULIYACU|XDR50USS-00T|B,2026-07-26,YAULIYACU,XDR50USS-00T,B,0.0,0.0,0.0,COINCIDE OK
2026-07-26|YAULIYACU|XRD125USS-001|A,2026-07-26,YAULIYACU,XRD125USS-001,A,0.0,0.0,0.0,COINCIDE OK
2026-07-26|YAULIYACU|XRD125USS-001|B,2026-07-26,YAULIYACU,XRD125USS-001,B,0.0,0.0,0.0,COINCIDE OK
2026-07-26|YAULIYACU|XRD50USS-003|A,2026-07-26,YAULIYACU,XRD50USS-003,A,0.0,0.0,0.0,COINCIDE OK
2026-07-26|YAULIYACU|XRD50USS-003|B,2026-07-26,YAULIYACU,XRD50USS-003,B,0.0,0.0,0.0,COINCIDE OK
2026-07-27|CATALINA HUANCA|XRD100U-001|A,2026-07-27,CATALINA HUANCA,XRD100U-001,A,0.0,0.0,0.0,COINCIDE OK
2026-07-27|CATALINA HUANCA|XRD100U-001|B,2026-07-27,CATALINA HUANCA,XRD100U-001,B,0.0,0.0,0.0,COINCIDE OK
2026-07-27|CATALINA HUANCA|XRD50U-003|A,2026-07-27,CATALINA HUANCA,XRD50U-003,A,0.0,0.0,0.0,COINCIDE OK
2026-07-27|CATALINA HUANCA|XRD50U-003|B,2026-07-27,CATALINA HUANCA,XRD50U-003,B,0.0,0.0,0.0,COINCIDE OK
2026-07-27|CATALINA HUANCA|XRD50USS-004|A,2026-07-27,CATALINA HUANCA,XRD50USS-004,A,0.0,0.0,0.0,COINCIDE OK
2026-07-27|CATALINA HUANCA|XRD50USS-004|B,2026-07-27,CATALINA HUANCA,XRD50USS-004,B,0.0,0.0,0.0,COINCIDE OK
2026-07-27|CATALINA HUANCA|XRD90U-005|A,2026-07-27,CATALINA HUANCA,XRD90U-005,A,0.0,0.0,0.0,COINCIDE OK
2026-07-27|CATALINA HUANCA|XRD90U-005|B,2026-07-27,CATALINA HUANCA,XRD90U-005,B,0.0,0.0,0.0,COINCIDE OK
